<?xml version="1.0" encoding="utf-8"?>
<COLLADA xmlns="http://www.collada.org/2005/11/COLLADASchema" version="1.4.1" xmlns:xsi="http://www.w3.org/2001/XMLSchema-instance">
  <asset>
    <contributor>
      <author>Blender User</author>
      <authoring_tool>Blender 2.93.6 commit date:2021-11-16, commit time:14:54, hash:c842a90e2fa1</authoring_tool>
    </contributor>
    <created>2023-07-04T12:03:10</created>
    <modified>2023-07-04T12:03:10</modified>
    <unit name="meter" meter="1"/>
    <up_axis>Z_UP</up_axis>
  </asset>
  <library_effects>
    <effect id="ID10_002-effect">
      <profile_COMMON>
        <technique sid="common">
          <lambert>
            <emission>
              <color sid="emission">0 0 0 1</color>
            </emission>
            <diffuse>
              <color sid="diffuse">1 1 1 1</color>
            </diffuse>
            <index_of_refraction>
              <float sid="ior">1.45</float>
            </index_of_refraction>
          </lambert>
        </technique>
      </profile_COMMON>
    </effect>
  </library_effects>
  <library_images/>
  <library_materials>
    <material id="ID10_002-material" name="ID10.002">
      <instance_effect url="#ID10_002-effect"/>
    </material>
  </library_materials>
  <library_geometries>
    <geometry id="ID92_014-mesh" name="ID92.014">
      <mesh>
        <source id="ID92_014-mesh-positions">
          <float_array id="ID92_014-mesh-positions-array" count="8571">0.1104154 0.0006645278 -0.01641868 0.1650891 0.01060304 -0.006480128 0.1289269 0.0009794734 -0.01610379 0.1650891 0.002061375 -0.01502171 0.1470111 0.00146665 -0.01561659 0.1019909 0.0004635849 -0.01661956 0.1099761 0.0006599402 -0.01642323 0.1095308 0.0005861172 -0.01649708 0.1108374 0.0005998545 -0.0164834 0.08696218 0.000608733 -0.01647452 0.07947332 0.0008764135 -0.01620675 0.07200134 0.001274165 -0.01580908 0.06454656 0.001801934 -0.01528115 0.09446807 0.0004711226 -0.01661212 0.05710859 0.002459858 -0.01462339 0.04968773 0.003247784 -0.01383538 0.04228367 0.004165871 -0.0129173 0.03489682 0.00521396 -0.01186921 0.03489682 0.0128065 -0.004276672 0.1650891 0.002061375 -0.01502171 0.1650891 0.002061375 0.002061375 0.1650891 -0.006480128 -0.006480128 0.1650891 0.01060304 -0.006480128 0.1650891 0.01060304 -0.006480128 0.03489682 0.004264912 0.004264912 0.1650891 0.002061375 0.002061375 0.03489682 0.0128065 -0.004276672 0.03489682 0.00521396 -0.01186921 0.03489682 0.004264912 0.004264912 0.03489682 0.0128065 -0.004276672 0.03489682 -0.003327704 -0.003327704 0.09758074 -0.02105335 0.005087238 0.09077692 -0.02122656 0.005405961 0.09315631 -0.00794582 -0.00794582 0.1112099 -0.02050055 0.004625154 0.1043917 -0.02081136 0.004826996 0.1089906 -0.00796078 -0.00796078 0.101376 -0.007995501 -0.007995501 0.09457799 0 -0.01592155 0.1019909 0.0004635849 -0.01661956 0.101376 -0.007995501 -0.007995501 0.09389375 0 -0.01590691 0.09247318 -0.007935819 -0.007935819 0.08866539 -0.007875819 -0.007875819 0.05710859 0.002459858 -0.01462339 0.06454656 0.001801934 -0.01528115 0.06225279 -0.006618129 -0.006618129 0.09446807 0.0004711226 -0.01661212 0.07947332 0.0008764135 -0.01620675 0.08696218 0.000608733 -0.01647452 0.08485976 -0.007786298 -0.007786298 0.07200134 0.001274165 -0.01580908 0.0772549 -0.007518776 -0.007518776 0.07345583 -0.007340695 -0.007340695 0.08105629 -0.007667258 -0.007667258 0.06595265 -0.006894212 -0.006894212 0.06965893 -0.007133174 -0.007133174 0.05487233 -0.005954844 -0.005954844 0.04968773 0.003247784 -0.01383538 0.05855948 -0.006305008 -0.006305008 0.05119182 -0.005567721 -0.005567721 0.04709676 -0.005087798 -0.005087798 0.04228367 0.004165871 -0.0129173 0.043016 -0.004554434 -0.004554434 0.03894933 -0.003967709 -0.003967709 0.03489682 -0.003327704 -0.003327704 0.03489682 0.00521396 -0.01186921 0.1084623 -4.845914e-05 -0.01588204 0.108748 0.0002103933 -0.01613603 0.1082335 -0.0003490224 -0.01558547 0.1091199 0.0004354915 -0.01635427 0.1095308 0.0005861172 -0.01649708 0.1080687 -0.0006678161 -0.0152694 0.1079645 -0.0009901156 -0.01494859 0.1079075 -0.001334761 -0.01460499 0.1079 -0.001649052 -0.01429066 0.1089906 -0.00796078 -0.00796078 0.1079388 -0.002013214 -0.01392593 0.09315631 -0.0079459 -0.0079459 0.157707 0.0006619253 0.251585 0.1108374 0.0005998545 -0.0164834 0.1581365 0.0005889532 0.2515098 0.1113054 0.0004578765 -0.0163306 0.1585499 0.0004449982 0.251436 0.1589338 0.0002339876 0.2513689 0.1117484 0.0002474094 -0.01610955 0.1121344 -4.708327e-06 -0.01584788 0.1592787 -3.832241e-05 0.2513085 0.1124721 -0.0002951954 -0.01554883 0.159574 -0.0003645046 0.251256 0.1598129 -0.0007356597 0.2512132 0.1127573 -0.0006077774 -0.01522867 0.1129925 -0.0009388964 -0.01489122 0.1599888 -0.001141666 0.2511823 0.113182 -0.001289653 -0.0145353 0.1600961 -0.001571371 0.2511635 0.1601324 -0.002013214 0.2511568 0.1133215 -0.001647771 -0.01417346 0.1134116 -0.002013214 -0.01380546 0.1104154 0.0006645278 -0.01641868 0.1572695 0.0006619253 0.2516615 0.1099761 0.0006599402 -0.01642323 0.1568385 0.0005889532 0.2517379 0.1564266 0.0004449982 0.2518103 0.1095308 0.0005861172 -0.01649708 0.1560427 0.0002339876 0.2518789 0.1091199 0.0004354915 -0.01635427 0.108748 0.0002103933 -0.01613603 0.1556978 -3.832241e-05 0.2519393 0.1084623 -4.845914e-05 -0.01588204 0.1082335 -0.0003490224 -0.01558547 0.1554025 -0.0003645046 0.2519917 0.1080687 -0.0006678161 -0.0152694 0.1079645 -0.0009901156 -0.01494859 0.1551635 -0.0007356597 0.2520332 0.1549878 -0.001141666 0.2520642 0.1079075 -0.001334761 -0.01460499 0.1548803 -0.001571371 0.2520829 0.1079 -0.001649052 -0.01429066 0.1548441 -0.002013214 0.2520897 0.1079388 -0.002013214 -0.01392593 0.1134116 -0.002013214 -0.01380546 0.1133215 -0.001647771 -0.01417346 0.1184546 -0.007827099 -0.007827099 0.1517162 -0.006895971 -0.006895971 0.1470111 0.00146665 -0.01561659 0.1144539 -0.0078943 -0.0078943 0.1124721 -0.0002951954 -0.01554883 0.1289269 0.0009794734 -0.01610379 0.1127573 -0.0006077774 -0.01522867 0.113182 -0.001289653 -0.0145353 0.1129925 -0.0009388964 -0.01489122 0.1121344 -4.708327e-06 -0.01584788 0.1117484 0.0002474094 -0.01610955 0.1113054 0.0004578765 -0.0163306 0.1108374 0.0005998545 -0.0164834 0.1650891 -0.006480049 -0.006480049 0.1650891 0.002061375 -0.01502171 0.1425133 -0.007191414 -0.007191414 0.1304982 -0.007547336 -0.007547336 0.1771688 -0.01609188 0.003753948 0.1650717 -0.006480609 -0.006480609 0.1771688 -0.006168926 -0.006168926 0.1569943 -0.01750677 0.00397619 0.1166386 -0.02021463 0.004495873 0.1144539 -0.0078943 -0.0078943 0.1184656 -0.007826859 -0.007826859 0.1368172 -0.01888102 0.004223551 0.1304982 -0.007547336 -0.007547336 0.1442117 -0.007137654 -0.007137654 0.151739 -0.006895252 -0.006895252 0.1771688 0.001423531 0.001423531 0.1771688 -0.007718698 0.008379823 0.1771688 -0.009189989 0.007670537 0.1771688 -0.006217167 0.009064388 0.1771688 -0.01063088 0.006936612 0.1771688 -0.01204153 0.006177967 0.1771688 -0.006168926 -0.006168926 0.1771688 -0.01342194 0.005394681 0.1771688 -0.0147721 0.004586594 0.1771688 -0.01609188 0.003753948 0.2013281 -0.005068038 0.00791526 0.1771688 -0.006217167 0.009064388 0.1771688 0.001423531 0.001423531 0.2013281 0.001423531 0.001423531 0.2013281 0.001423531 0.001423531 0.2013281 -0.00261634 0.008620146 0.2013281 -0.003844268 0.008307263 0.2013281 -0.005068038 0.00791526 0.2013281 -0.0001528295 0.008984868 0.2013281 -0.00138457 0.008852147 0.2013281 0.001077202 0.009009828 0.2013281 0.003522666 0.008691746 0.2013281 0.002303297 0.008916707 0.2013281 0.005932125 0.007802619 0.2013281 0.004732835 0.008323103 0.2013281 0.007117973 0.007117973 0.1650891 0.002061375 0.002061375 0.1771688 0.001423531 0.001423531 0.1650891 -0.006480128 -0.006480128 0.1771688 -0.006168926 -0.006168926 0.03489682 0.004264912 0.004264912 0.01392274 0.001716172 0.001716172 0.01210561 0.002466578 0.002466578 0.004404433 0.007286055 0.007286055 0.005709962 0.006174687 0.006174687 0.007130053 0.005145398 0.005145398 0.03261608 -0.002946342 -0.002946342 0.03489682 -0.003327704 -0.003327704 0.02823852 -0.002147215 -0.002147215 0.03039663 -0.002552898 -0.002552898 0.02403482 -0.001266194 -0.001266194 0.02612524 -0.001721692 -0.001721692 0.01978719 -0.0002027092 -0.0002027092 0.02192665 -0.0007618901 -0.0007618901 0.01580275 0.001027878 0.001027878 0.01775781 0.0003917349 0.0003917349 0.0103356 0.003296504 0.003296504 0.008672385 0.004190191 0.004190191 0.2013281 0.007117973 0.007117973 0.003193783 0.008528465 0.008528465 0.002123376 0.009860634 0.009860634 0.001245095 0.01124896 0.01124896 0.0005372938 0.01270738 0.01270738 0 0.01423602 0.01423602 0.2013281 0.001423531 0.001423531 0 0.010184 0.01828806 0 0.01291266 0.01577787 0 0.01423602 0.01423602 0 0.01156201 0.01712869 0.0772549 -0.007518776 -0.007518776 0.08056012 -0.02132512 0.006026606 0.07731658 -0.02131056 0.006264127 0.04961981 -0.0200455 0.00926855 0.05119182 -0.005567721 -0.005567721 0.05129286 -0.02018967 0.009031747 0.08105629 -0.007667258 -0.007667258 0.08485976 -0.007786298 -0.007786298 0.08407048 -0.02131496 0.005792444 0.0875497 -0.02128007 0.005582281 0.08866539 -0.007875819 -0.007875819 0.09247318 -0.007935819 -0.007935819 0.09008883 -0.02123943 0.00544228 0.07345583 -0.007340695 -0.007340695 0.07486145 -0.02128288 0.006458528 0.07148246 -0.0212224 0.00674581 0.07317159 -0.02125616 0.006599089 0.06979396 -0.02118128 0.006898771 0.06965893 -0.007133174 -0.007133174 0.06810643 -0.02113288 0.007058212 0.06595265 -0.006894212 -0.006894212 0.06641962 -0.02107648 0.007224214 0.06473409 -0.02101231 0.007396856 0.06305032 -0.02093999 0.007576377 0.06225279 -0.006618129 -0.006618129 0.05968285 -0.02077007 0.007956459 0.06136598 -0.02085927 0.007762939 0.05800195 -0.02067222 0.008157021 0.05855948 -0.006305008 -0.006305008 0.05632235 -0.02056535 0.008364784 0.05487233 -0.005954844 -0.005954844 0.05464417 -0.02044952 0.008579904 0.05296767 -0.0203243 0.008802146 0.04461289 -0.01955414 0.01002232 0.04709676 -0.005087798 -0.005087798 0.04627994 -0.01972798 0.009763913 0.04794884 -0.01989174 0.009512632 0.04128535 -0.01917622 0.01056016 0.043016 -0.004554434 -0.004554434 0.04294784 -0.0193703 0.01028784 0.03894933 -0.003967709 -0.003967709 0.03631315 -0.01853078 0.01141801 0.03489682 -0.003327704 -0.003327704 0.03962525 -0.01897166 0.01083944 0.03136383 -0.01778741 0.01233393 0.03039663 -0.002552898 -0.002552898 0.03261608 -0.002946342 -0.002946342 0.0330104 -0.01804685 0.01202217 0.02645244 -0.01690788 0.01332594 0.02612524 -0.001721692 -0.001721692 0.02808413 -0.01722036 0.0129845 0.02823852 -0.002147215 -0.002147215 0.02972149 -0.01751253 0.01265442 0.02192665 -0.0007618901 -0.0007618901 0.02321481 -0.01620435 0.0140509 0.02161184 -0.01580748 0.0144365 0.02482898 -0.01657004 0.01368113 0.02403482 -0.001266194 -0.001266194 0.01845077 -0.01489914 0.01526187 0.01689852 -0.01437883 0.01570371 0.01775781 0.0003917349 0.0003917349 0.01978719 -0.0002027092 -0.0002027092 0.0200227 -0.01537436 0.01483971 0.01240769 -0.01248217 0.01714885 0.01392274 0.001716172 0.001716172 0.01387106 -0.01317682 0.01664725 0.01580275 0.001027878 0.001027878 0.01536931 -0.01380746 0.01616524 0.008672385 0.004190191 0.004190191 0.0103356 0.003296504 0.003296504 0.009617832 -0.01086936 0.01820173 0.01210561 0.002466578 0.002466578 0.01098656 -0.01171593 0.01766877 0.007068694 -0.008915107 0.0192887 0.007130053 0.005145398 0.005145398 0.008307903 -0.009938555 0.01874397 0.004404433 0.007286055 0.007286055 0.003896589 -0.005248199 0.02079031 0.003193783 0.008528465 0.008528465 0.005915164 -0.007792539 0.01981975 0.004854276 -0.006570609 0.02032591 0.005709962 0.006174687 0.006174687 0.001717372 -0.0007544154 0.02166512 0.001245095 0.01124896 0.01124896 0.002123376 0.009860634 0.009860634 0.002326177 -0.002329058 0.02148231 0.003053142 -0.003830829 0.02118303 0.0005372938 0.01270738 0.01270738 0.0005353342 0.004154672 0.02125456 0.0003180877 0.005764524 0.0207592 0.001222676 0.000868049 0.02169855 0.0008314825 0.002511218 0.02156503 0 0.01423602 0.01423602 0.0001624356 0.007313335 0.02009127 6.08474e-05 0.008791826 0.01926118 0 0.010184 0.01828806 0.0346605 -0.01829438 0.01171689 0.03796772 -0.01875661 0.01112544 0.08060773 0 0.08158742 0.07461576 0 0.08460943 0.07532233 0 0.08064532 0.07990116 0 0.08555137 0.09389375 0 -0.01590691 0.09457799 0 -0.01592155 0.08154334 0 0.05721403 0.08881091 0 0.05850924 0.08786883 0 0.06379472 0.07994069 0 0.06238175 0.2044044 0.0002853679 0.2818594 0.2041427 0.0001656447 0.2818594 0.204544 0.0003255677 0.2818594 0.2067634 -0.0006160144 0.2818594 0.2067758 0.0006167352 0.2818594 0.2042689 0.0002353593 0.2818594 0.2040352 6.682309e-05 0.2818594 0.2040352 -6.626152e-05 0.2818594 0.2041414 -0.0001652193 0.2818594 0.2042689 -0.000235056 0.2818594 0.2044044 -0.0002851867 0.2818594 0.204544 -0.0003253422 0.2818594 0.2046849 0.0003615625 0.2818594 0.2046836 -0.0003613316 0.2818594 0.2048259 0.0003935576 0.2818594 0.2049681 0.0004218992 0.2818594 0.2048244 -0.0003934676 0.2818594 0.2049668 -0.0004218844 0.2818594 0.2051104 0.0004470102 0.2818594 0.2051104 -0.0004468599 0.2818594 0.205254 0.0004694006 0.2818594 0.2053976 0.0004895951 0.2818594 0.2052527 -0.0004691737 0.2818594 0.2053963 -0.0004894891 0.2818594 0.2055411 0.0005081119 0.2818594 0.2055399 -0.0005081227 0.2818594 0.2056849 0.0005252503 0.2818594 0.2058285 0.0005410653 0.2818594 0.2056835 -0.0005252731 0.2818594 0.2058285 -0.0005410398 0.2818594 0.2059734 0.0005556025 0.2818594 0.2059721 -0.000555522 0.2818594 0.206173 0.0005738791 0.2818594 0.2061157 -0.000568811 0.2818594 0.2062607 -0.000580994 0.2818594 0.2064668 0.000596746 0.2818594 0.2064841 -0.00059797 0.2818594 0.2070535 0.0006316697 0.2818594 0.2070625 -0.0006320978 0.2818594 0.207338 0.0006442554 0.2818594 0.2073425 -0.000644454 0.2818594 0.207628 0.0006546681 0.2818594 0.2076325 -0.0006547915 0.2818594 0.2079235 0.0006629279 0.2818594 0.2079228 -0.0006628984 0.2818594 0.2082123 0.0006689275 0.2818594 0.2082173 -0.0006690066 0.2818594 0.2085021 0.0006730077 0.2818594 0.2085008 -0.0006729997 0.2818594 0.2087923 0.0006753418 0.2818594 0.208791 -0.0006753404 0.2818594 0.2090108 0.0006759927 0.2818594 0.2090108 -0.0006759941 0.2818594 0.2170663 0.0003229088 0.2782282 0.2171756 -0.0003162301 0.2781188 0.2168974 -0.0003382004 0.2784234 0.2168546 0.0003397036 0.2784596 0.2165966 0.0003597653 0.2787209 0.2166287 -0.0003587278 0.2786929 0.2162099 0.0003884599 0.2790731 0.2160931 -0.0003987585 0.2791806 0.2157196 0.0004237903 0.2794852 0.2156051 -0.0004337333 0.2795877 0.2151309 -0.0004662075 0.2799445 0.2152842 0.0004545935 0.279826 0.2150116 0.0004733479 0.2800273 0.2147795 -0.0004897589 0.2801763 0.2147701 0.000489132 0.2801897 0.2144716 -0.0005094367 0.2803653 0.2141572 0.0005273374 0.2805569 0.2139511 -0.000540515 0.2806549 0.2145312 0.0005043914 0.2803414 0.2137192 0.0005530068 0.2807757 0.2134459 -0.0005685211 0.2809012 0.2133461 0.0005727731 0.2809467 0.2131084 -0.0005860836 0.281046 0.2122655 -0.0006229347 0.2813551 0.2127756 -0.0006018785 0.2811777 0.2124903 0.0006130951 0.2812824 0.2129567 0.0005920335 0.2811107 0.2118871 -0.0006365472 0.2814688 0.2121314 0.0006276592 0.2813963 0.211756 0.0006403496 0.2815038 0.2116402 -0.0006444285 0.2815346 0.2110092 0.0006600073 0.2816723 0.2108805 -0.0006629185 0.2816956 0.2111355 -0.0006576142 0.2816487 0.2113825 0.000650965 0.281595 0.2090108 0.0006759927 0.2818594 0.2092873 -0.0006767041 0.281854 0.2092873 0.0006767054 0.281854 0.2100953 0.0006736734 0.281803 0.2098282 0.0006755444 0.2818258 0.2100953 -0.0006736775 0.281803 0.2103597 -0.0006709501 0.2817735 0.2103597 0.0006709407 0.2817735 0.2098295 -0.0006755458 0.2818258 0.2106214 -0.0006673638 0.2817372 0.2106214 0.0006673477 0.2817372 0.2095596 -0.0006765538 0.2818431 0.2095596 0.0006765551 0.2818431 0.2113892 -0.0006514508 0.281595 0.2090108 -0.0006759941 0.2818594 0.2173959 -0.0002979683 0.2778461 0.217392 0.0002962275 0.2778378 0.2177597 -0.0002665853 0.2773428 0.2176196 0.0002769054 0.2775402 0.2178556 0.0002563055 0.2772145 0.2179608 -0.0002490429 0.2770478 0.2181282 0.0002318347 0.2767968 0.2194011 -0.0001070939 0.273836 0.2195234 -9.269469e-05 0.2733111 0.2195161 9.127452e-05 0.2733515 0.219744 5.901934e-05 0.2714836 0.2197445 -6.09388e-05 0.2714487 0.219594 -8.410026e-05 0.2729405 0.2196138 7.916222e-05 0.272818 0.2182553 -0.0002224448 0.276581 0.2193905 0.0001056887 0.273877 0.2192466 -0.0001241169 0.2743704 0.2197121 -6.74978e-05 0.2720101 0.219711 6.539352e-05 0.2720219 0.2192451 0.0001216939 0.2743749 0.2191147 -0.0001379339 0.2747552 0.2189215 0.0001554763 0.2752545 0.2189514 -0.0001550925 0.2751802 0.2196566 -7.579494e-05 0.2725262 0.2196705 7.158879e-05 0.2724143 0.2184069 0.0002061949 0.2763215 0.2185034 -0.0001991833 0.2761414 0.2185819 0.0001891196 0.2759872 0.2187602 0.0001715624 0.2756202 0.2187352 -0.0001768211 0.2756726 0.2190709 0.0001401123 0.2748764 0.219748 5.5158e-05 0.2709604 0.2197496 -5.81437e-05 0.2710736 0.2197393 -5.629537e-05 0.270653 0.2197272 5.354778e-05 0.2704348 0.2196919 5.397943e-05 0.270024 0.2197161 -5.608559e-05 0.2702857 0.2196919 -5.660166e-05 0.270024 0.2179968 -8.801207e-05 0.253527 0.2188435 6.653733e-05 0.2617747 0.2188435 -7.443289e-05 0.2617747 0.2146037 -9.980949e-05 0.2205307 0.2154518 9.666059e-05 0.2287799 0.2163002 9.214614e-05 0.237029 0.214605 9.916336e-05 0.2205307 0.2171485 8.562069e-05 0.2452781 0.2154518 -0.0001032368 0.2287799 0.2163002 -0.000102414 0.237029 0.2179968 7.708451e-05 0.253527 0.2171485 -9.733906e-05 0.2452781 0.2196919 5.397943e-05 0.270024 0.2196919 -5.660166e-05 0.270024 0.1937513 0.001846654 0.2191054 0.1937513 -0.001847214 0.2191054 0.191855 0.001989134 0.2189764 0.1861627 -0.002400578 0.2185873 0.1842649 0.002531539 0.2184571 0.1861627 0.002400018 0.2185873 0.195648 0.001701452 0.2192355 0.195648 -0.001702092 0.2192355 0.1975445 -0.001554171 0.2193658 0.1975445 0.001553531 0.2193658 0.199441 0.001402891 0.2194945 0.199441 -0.001403529 0.2194945 0.2013375 0.001249535 0.2196248 0.2013375 -0.001250166 0.2196248 0.2032327 -0.001094041 0.2197535 0.2032327 0.001093406 0.2197535 0.2051292 0.000934541 0.2198839 0.2051292 -0.0009351785 0.2198839 0.2070244 0.0007729389 0.2200126 0.2070244 -0.0007735792 0.2200126 0.2089195 -0.0006092417 0.2201429 0.2089195 0.0006086002 0.2201429 0.2108147 0.0004415247 0.2202716 0.2108147 -0.0004421676 0.2202716 0.2127097 0.0002717124 0.220402 0.2127097 -0.0002723567 0.220402 0.2146037 -9.980949e-05 0.2205307 0.214605 9.916336e-05 0.2205307 0.191855 -0.001989695 0.2189764 0.1899571 0.002128815 0.2188464 0.1899571 -0.002129375 0.2188464 0.1880606 0.002265776 0.2187162 0.1880606 -0.002266336 0.2187162 0.1842649 -0.002532098 0.2184571 0.182367 0.00266026 0.2183269 0.182367 -0.00266082 0.2183269 0.1804692 -0.00278682 0.2181981 0.1804692 0.002786341 0.2181981 0.1785713 -0.002910101 0.2180679 0.1785713 0.002909542 0.2180679 0.1766721 0.003030102 0.2179377 0.1766721 -0.003030662 0.2179377 0.1747729 -0.003148503 0.2178088 0.1747729 0.003147944 0.2178088 0.1728751 -0.003263544 0.2176787 0.1728751 0.003263065 0.2176787 0.1709759 0.003375385 0.2175483 0.1709759 -0.003375865 0.2175483 0.1690767 -0.003485466 0.2174183 0.1690767 0.003484986 0.2174183 0.07994069 0 0.06238175 0.07994069 -0.006833891 0.06238175 0.08084693 -0.006888612 0.05729659 0.08845251 -0.007026613 0.01462299 0.09389375 0 -0.01590691 0.08746722 -0.007038533 0.02015086 0.09247318 -0.007935819 -0.007935819 0.08984468 -0.01955014 0.006811811 0.09008883 -0.02123943 0.00544228 0.0896102 -0.0178394 0.008127422 0.0817631 -0.006935012 0.052156 0.08268902 -0.006973092 0.04696011 0.08362495 -0.007002772 0.04170895 0.08457079 -0.007024213 0.03640251 0.08649185 -0.007042052 0.02562339 0.0855264 -0.007037333 0.03104064 0.08917019 -0.01435314 0.01059664 0.08938539 -0.016107 0.009389031 0.08877603 -0.01076592 0.01280866 0.08896459 -0.01257786 0.01175025 0.08860611 -0.008913827 0.01376138 0.0839048 0 0.06308832 0.0839048 -0.006804371 0.06308832 0.08192574 -0.006821971 0.06273551 0.07994069 -0.006833891 0.06238175 0.07994069 0 0.06238175 0.07532233 0 0.08064532 0.07532233 -0.006503329 0.08064532 0.0779761 -0.006538449 0.0811183 0.08060773 -0.006559649 0.08158742 0.08060773 0 0.08158742 0.08786883 0 0.06379464 0.08881091 0 0.05850924 0.08881091 -0.006782131 0.05850924 0.08786883 -0.006753251 0.06379464 0.08154334 0 0.05721403 0.08154334 -0.006886772 0.05721403 0.08397295 -0.006859331 0.05764707 0.08639554 -0.006824452 0.05807884 0.08881091 -0.006782131 0.05850924 0.08881091 0 0.05850924 0.08338367 -0.006963732 0.0468886 0.08154334 0 0.05721403 0.08431847 -0.006990373 0.04164311 0.08621778 -0.007019733 0.03098606 0.0852632 -0.007009013 0.03634228 0.08815658 -0.007017413 0.0201079 0.08718226 -0.007022533 0.02557467 0.09457799 0 -0.01592155 0.08914083 -0.007004293 0.01458602 0.08985308 -0.01435275 0.01058992 0.09315639 -0.00794462 -0.00794462 0.09014812 -0.01667557 0.008934227 0.08245862 -0.006929252 0.05207896 0.0893494 -0.009517191 0.01341578 0.08958684 -0.01196665 0.01208377 0.09077692 -0.02122656 0.005405961 0.09045404 -0.01897085 0.007217494 0.08154334 -0.006886772 0.05721403 0.1069684 -0.006281647 0.01368018 0.1125647 -0.008558464 0.01230841 0.1098243 -0.006143967 0.01354234 0.09145581 -0.006926932 0.01446298 0.08914083 -0.007004293 0.01458602 0.0893494 -0.009517191 0.01341578 0.1048852 -0.01142865 0.01134329 0.1127576 -0.005997645 0.01340234 0.09886427 -0.006643009 0.01408114 0.1014884 -0.006531169 0.01394962 0.1041898 -0.006410687 0.01381594 0.1123423 -0.01105272 0.01104736 0.1120904 -0.01348034 0.009619192 0.09631752 -0.006746291 0.0142105 0.09701306 -0.01172721 0.01171145 0.08958684 -0.01196665 0.01208377 0.08985308 -0.01435275 0.01058992 0.09701306 -0.01683204 0.008340623 0.09384799 -0.006840931 0.01433778 0.1048852 -0.0164082 0.008099661 0.1043917 -0.02081136 0.004826996 0.09014812 -0.01667557 0.008934227 0.09045404 -0.01897085 0.007217494 0.09758074 -0.02105335 0.005087238 0.09077692 -0.02122656 0.005405961 0.1118092 -0.0158414 0.00802374 0.1115178 -0.01818718 0.006371328 0.1112099 -0.02050055 0.004625154 0.1548441 -0.002013214 0.2520897 0.1527094 -0.004212831 0.2399803 0.1499146 -0.004353953 0.2241307 0.1548441 -0.004103231 0.2520897 0.1471137 -0.004492994 0.2082459 0.1450247 -0.004594994 0.1963969 0.1429047 -0.004697235 0.1843799 0.1401234 -0.004829236 0.1686008 0.1380104 -0.004927717 0.1566157 0.1359 -0.005024837 0.1446514 0.1330888 -0.005152039 0.1287071 0.1079388 -0.002013214 -0.01392593 0.1303158 -0.005275 0.1129801 0.1281895 -0.00536764 0.1009216 0.1260622 -0.005459001 0.08885691 0.1232577 -0.005577162 0.07295135 0.1211749 -0.005663242 0.06114022 0.1190718 -0.005748923 0.04921237 0.1169662 -0.005833244 0.03727131 0.1148618 -0.005916204 0.0253365 0.1127576 -0.005997645 0.01340234 0.1120904 -0.01348034 0.009619192 0.1118092 -0.0158414 0.00802374 0.1089906 -0.00796078 -0.00796078 0.1125647 -0.008558464 0.01230841 0.1123423 -0.01105272 0.01104736 0.1112099 -0.02050055 0.004625154 0.1115178 -0.01818718 0.006371328 0.1601324 -0.002013214 0.2511568 0.1588143 -0.004040349 0.2513904 0.1574936 -0.00406747 0.2516226 0.1561702 -0.004088431 0.2518561 0.1548441 -0.002013214 0.2520897 0.1601324 -0.00400715 0.2511568 0.1548441 -0.004103231 0.2520897 0.1548803 -0.001571371 0.2520829 0.1549878 -0.001141666 0.2520642 0.1589338 0.0002339876 0.2513689 0.1592787 -3.832241e-05 0.2513085 0.1556978 -3.832241e-05 0.2519393 0.1551635 -0.0007356597 0.2520332 0.1581365 0.0005889532 0.2515098 0.1585499 0.0004449982 0.251436 0.1564266 0.0004449982 0.2518103 0.1560427 0.0002339876 0.2518789 0.1568385 0.0005889532 0.2517379 0.157707 0.0006619253 0.251585 0.1572695 0.0006619253 0.2516615 0.1554025 -0.0003645046 0.2519917 0.159574 -0.0003645046 0.251256 0.1598129 -0.0007356597 0.2512132 0.1599888 -0.001141666 0.2511823 0.1600961 -0.001571371 0.2511635 0.1179062 -0.009108309 0.01168521 0.1144539 -0.0078943 -0.0078943 0.1177575 -0.01076176 0.01084168 0.1175956 -0.01238489 0.009923435 0.1180418 -0.007424695 0.01245401 0.1181643 -0.005710923 0.01314802 0.1134116 -0.002013214 -0.01380546 0.1174204 -0.01397794 0.008930387 0.1172322 -0.01554059 0.00786254 0.1170419 -0.01711029 0.006783412 0.1168441 -0.0186683 0.005661163 0.1264925 -0.00538076 0.06037973 0.1216633 -0.005572682 0.0329924 0.1306881 -0.005212919 0.08417415 0.1364781 -0.004979797 0.1170109 0.1601324 -0.002013214 0.2511568 0.143433 -0.004697156 0.1564545 0.1496936 -0.004440273 0.191961 0.1552249 -0.004211551 0.2233309 0.1601318 -0.00400715 0.2511568 0.1166386 -0.02021463 0.004495873 0.03796772 -0.01875661 0.01112544 0.03962525 -0.01897166 0.01083944 0.08917019 -0.01435314 0.01059664 0.02972149 -0.01751253 0.01265442 0.03136383 -0.01778741 0.01233393 0.04026558 -0.017405 0.01196849 0.02808413 -0.01722036 0.0129845 0.04026558 -0.01518763 0.01351913 0.0330104 -0.01804685 0.01202217 0.0346605 -0.01829438 0.01171689 0.02645244 -0.01690788 0.01332594 0.03631315 -0.01853078 0.01141801 0.02482898 -0.01657004 0.01368113 0.08938539 -0.016107 0.009389031 0.04627994 -0.01972798 0.009763913 0.04794884 -0.01989174 0.009512632 0.0896102 -0.0178394 0.008127422 0.05129286 -0.02018967 0.009031747 0.06305032 -0.02093999 0.007576377 0.06136598 -0.02085927 0.007762939 0.05800195 -0.02067222 0.008157021 0.05632235 -0.02056535 0.008364784 0.06979396 -0.02118128 0.006898771 0.08984468 -0.01955014 0.006811811 0.06810643 -0.02113288 0.007058212 0.07317159 -0.02125616 0.006599089 0.07486145 -0.02128288 0.006458528 0.07655177 -0.02130288 0.006323887 0.07993364 -0.02132304 0.006071726 0.0867029 -0.02128999 0.005632203 0.08501008 -0.02130704 0.005734363 0.08331775 -0.02131831 0.005841644 0.08162566 -0.02132368 0.005954044 0.08839578 -0.02126743 0.005534842 0.09008883 -0.02123943 0.00544228 0.07824267 -0.02131615 0.006195006 0.07148246 -0.0212224 0.00674581 0.06641962 -0.02107648 0.007224214 0.06473409 -0.02101231 0.007396856 0.05464417 -0.02044952 0.008579904 0.05968285 -0.02077007 0.007956459 0.05296767 -0.0203243 0.008802146 0.04961981 -0.0200455 0.00926855 0.04128535 -0.01917622 0.01056016 0.04294784 -0.0193703 0.01028784 0.04461289 -0.01955414 0.01002232 0.02161184 -0.01580748 0.0144365 0.02321481 -0.01620435 0.0140509 0.04026558 -0.01290794 0.01495947 0.0200227 -0.01537436 0.01483971 0.01689852 -0.01437883 0.01570371 0.01845077 -0.01489914 0.01526187 0.01387106 -0.01317682 0.01664725 0.01536931 -0.01380746 0.01616524 0.04026558 -0.01057792 0.01625212 0.08860611 -0.008913827 0.01376138 0.08291735 -0.007188614 0.01492707 0.08568497 -0.007111653 0.01477339 0.07738194 -0.007316775 0.01524467 0.07461432 -0.007366855 0.01540923 0.06077853 -0.007454136 0.01629747 0.04026558 -0.008209982 0.01735941 0.01240769 -0.01248217 0.01714885 0.01098656 -0.01171593 0.01766877 0.03867388 -0.006804931 0.01801429 0.03591786 -0.00662429 0.01826093 0.007068694 -0.008915107 0.0192887 0.04695451 -0.007193734 0.01732053 0.04419257 -0.007087013 0.01754452 0.003896589 -0.005248199 0.02079031 0.02219064 -0.005144838 0.01962702 0.01992327 -0.004761955 0.0198771 0.004854276 -0.006570609 0.02032591 0.005915164 -0.007792539 0.01981975 0.02903605 -0.006025006 0.01891581 0.002326177 -0.002329058 0.02148231 0.01238481 -0.00277994 0.02077687 0.01196833 -0.00259634 0.02083176 0.003053142 -0.003830829 0.02118303 0.01323994 -0.003093063 0.02067008 0.01280962 -0.002943942 0.02072303 0.001717372 -0.0007544154 0.02166512 0.009478472 -0.0006665545 0.02117728 0.00930639 -0.0002439654 0.02120168 0.1207968 0.006487329 0.01258298 0.1191677 0.005655722 0.01310026 0.1220088 0.005496042 0.01298842 0.001222676 0.000868049 0.02169855 0.01039064 0.001635851 0.021066 0.01075872 0.001904414 0.02101544 0.009464391 0.0006374384 0.02118663 0.009727113 0.001011158 0.02115391 0.1699356 -0.002164416 0.01071904 0.1670619 -0.002396578 0.01086368 0.2013281 -0.00138457 0.008852147 0.0132125 0.003082422 0.02068432 0.0008314825 0.002511218 0.02156503 0.01278282 0.002932262 0.02073919 0.01153753 0.002375538 0.02090695 0.01194329 0.00258138 0.02085087 0.1172322 -0.01554059 0.00786254 0.1771688 -0.01204153 0.006177967 0.1610625 -0.01167977 0.007404695 0.0003180877 0.005764524 0.0207592 0.02488491 0.005538041 0.0192511 0.02725764 0.005834203 0.01898238 0.02016111 0.004808756 0.01980783 0.0005353342 0.004154672 0.02125456 0.01781949 0.004337312 0.02009798 0.1174204 -0.01397794 0.008930387 0.1440624 -0.004104991 0.01197961 0.141186 -0.004299953 0.01211393 0.1610625 -0.003939229 0.01090024 0.0001624356 0.007313335 0.02009127 0.03962014 0.006867892 0.01770893 0.04026558 0.008412383 0.01677948 0.0296355 0.006093806 0.0187207 0.01041168 -0.001657372 0.02104719 0.01078096 -0.001924094 0.02099544 0.07184671 -0.007406936 0.01557763 0.0690794 -0.007436215 0.01575052 0.0663121 -0.007454296 0.01592811 0.0635452 -0.007460536 0.01611028 0.009617832 -0.01086936 0.01820173 0.05801227 -0.007434216 0.01649004 0.05524665 -0.007399496 0.01668828 0.05248168 -0.007348695 0.0168926 0.04971758 -0.007280535 0.01710332 0.008307903 -0.009938555 0.01874397 0.04143239 -0.006958292 0.01777565 0.03362121 -0.006449968 0.01847301 0.03132703 -0.006251246 0.01869125 0.02674907 -0.005767883 0.01914669 0.02446682 -0.005476281 0.01938382 0.01767148 -0.004302032 0.02013662 0.01544195 -0.003747708 0.0204035 0.01156161 -0.002392098 0.02088695 0.01116536 -0.002168015 0.02094183 0.01006344 -0.00136337 0.02109591 0.009744713 -0.001037095 0.02114023 0.00929999 0.0002112496 0.02120519 0.01004376 0.001339892 0.02111272 0.01114224 0.002149936 0.02096207 0.01235889 0.00276666 0.02079463 0.01550155 0.003764108 0.02039367 0.02251848 0.005199879 0.01952622 0.03201744 0.006320927 0.01846646 0.03440282 0.006519089 0.01822005 0.03679092 0.00669197 0.01798149 0.04245199 0.007015732 0.01744692 0.2013281 -0.003844268 0.008307263 0.2013281 -0.00261634 0.008620146 0.04812164 0.007239334 0.0169534 0.04528602 0.007138694 0.01719517 0.05095894 0.007319575 0.01672124 0.05663674 0.007424136 0.01628523 0.05379728 0.007380696 0.01649852 0.06231814 0.007463576 0.01588459 0.05947708 0.007451336 0.01608068 6.08474e-05 0.008791826 0.01926118 0.08053125 0.007449816 0.01468122 0.08053125 0.009447911 0.01325434 0.06800163 0.007447976 0.01551563 0.06515969 0.007462216 0.01569643 0.07084397 0.007421736 0.01534212 0.07368671 0.007383896 0.01517539 0.0850588 0.007130854 0.01456859 0.08221566 0.007208135 0.01471219 0.07652945 0.007335335 0.01501498 0.07937251 0.007276535 0.01486082 0.08790186 0.007045013 0.0144297 0.1207968 0.008247902 0.01145169 0.090745 0.006951092 0.01429522 0.0935879 0.006849651 0.01416451 0.1207968 0.009965195 0.009965195 0.09927354 0.006625809 0.01391338 0.0964308 0.006741091 0.01403738 0.1049586 0.006376848 0.01367266 0.1021161 0.006504289 0.01379186 0.1106429 0.006104526 0.01343986 0.1134848 0.005960125 0.01332546 0.1078008 0.006243487 0.01355538 0.1163264 0.005810444 0.01321234 0.1610625 0.007047892 0.009649033 0.1610625 0.008541585 0.008541585 0.1610625 0.005524762 0.01048472 0.1248497 0.005331559 0.0128765 0.1276903 0.005162598 0.0127645 0.1305305 0.004989158 0.01265202 0.2013281 0.005932125 0.007802619 0.2013281 0.007117973 0.007117973 0.1362106 0.004629555 0.01242457 0.1390493 0.004443713 0.01230897 0.1333706 0.004811476 0.01253881 0.141888 0.004253871 0.01219185 0.1610625 0.003977469 0.01106832 0.2013281 0.004732835 0.008323103 0.1447267 0.00406019 0.01207289 0.1475655 0.003862669 0.01195169 0.1532416 0.003456025 0.01170233 0.156079 0.003246824 0.01157369 0.2013281 0.003522666 0.008691746 0.158915 0.003033623 0.01144201 0.161751 0.002816421 0.01130705 0.1645871 0.002595299 0.01116848 0.2013281 0.002303297 0.008916707 0.1674231 0.002370417 0.01102616 0.1730912 0.001909454 0.01072928 0.1702578 0.002141856 0.01087984 0.1787592 0.001431611 0.01041464 0.1815913 0.00118527 0.01025008 0.1759259 0.001672892 0.01057432 0.1844219 0.0009336605 0.01008024 0.2013281 0.001077202 0.009009828 0.1900833 0.0004191088 0.009723993 0.1872539 0.0006778772 0.009904955 0.1929138 0.0001585419 0.009537192 0.2013281 -0.0001528295 0.008984868 0.1842983 -0.0009417043 0.009978955 0.1771688 -0.01609188 0.003753948 0.1771688 -0.0147721 0.004586594 0.1569943 -0.01750677 0.00397619 0.172808 -0.001928094 0.01057328 0.149815 -0.003702667 0.01170745 0.1469387 -0.003905869 0.01184409 0.1383097 -0.004490754 0.01224721 0.1771688 -0.006217167 0.009064388 0.2013281 -0.005068038 0.00791526 0.1175956 -0.01238489 0.009923435 0.1771688 -0.007718698 0.008379823 0.1177575 -0.01076176 0.01084168 0.1771688 -0.009189989 0.007670537 0.1354334 -0.004677475 0.01237929 0.1179062 -0.009108309 0.01168521 0.1325555 -0.004860037 0.01251025 0.1180418 -0.007424695 0.01245401 0.1296779 -0.005038518 0.0126401 0.1267999 -0.00521276 0.01276882 0.1239217 -0.005382921 0.01289634 0.1610625 -0.005522281 0.01038808 0.1210432 -0.005549002 0.01302274 0.1181643 -0.005710923 0.01314802 0.1771688 -0.01342194 0.005394681 0.1168441 -0.0186683 0.005661163 0.1368172 -0.01888102 0.004223551 0.1756816 -0.001687692 0.0104264 0.1814262 -0.001194515 0.01012928 0.1785539 -0.001443131 0.0102784 0.1526899 -0.003495306 0.01156969 0.1555649 -0.003283784 0.01143073 0.1584399 -0.003068183 0.01129064 0.1613135 -0.002848421 0.01114944 0.1641883 -0.002624579 0.01100712 0.1871694 -0.0006847612 0.009827514 0.1900402 -0.000423687 0.009674953 0.1929113 -0.0001584801 0.009521271 0.04026558 0.010648 0.01505698 0.04026558 0.01281242 0.01281242 0 0.01156201 0.01712869 0 0.010184 0.01828806 0 0.01423602 0.01423602 0 0.01291266 0.01577787 0.1166386 -0.02021463 0.004495873 0.1170419 -0.01711029 0.006783412 0.1771688 -0.01063088 0.006936612 0.08896459 -0.01257786 0.01175025 0.08877603 -0.01076592 0.01280866 0.08845251 -0.007026613 0.01462299 0.08014964 -0.007257174 0.01508411 0.1504041 0.003661308 0.01182833 0.08053125 0.01138881 0.01138881 0.192911 -0.0001584801 0.009521271 0.1929138 0.0001585419 0.009537192 0.1940156 0.0001555273 0.02025879 0.1940158 -0.0001553877 0.02025879 0.07712242 0.006085486 0.1011431 0.07636866 0.005944045 0.1053719 0.07636866 -0.005944045 0.1053719 0.07865323 0.006328048 0.09255414 0.07788387 0.006213487 0.09687049 0.07788387 -0.006213487 0.09687049 0.07712242 -0.006085486 0.1011431 0.07865323 -0.006328048 0.09255414 0.0794302 -0.006429168 0.08819419 0.0794302 0.006429249 0.08819419 0.07680194 0.006388288 0.08772578 0.0794302 0.006429249 0.08819419 0.0794302 -0.006429168 0.08819419 0.07680178 -0.006388209 0.08772578 0.0741448 0.006331407 0.08725209 0.0741448 -0.006331328 0.08725209 0.07461576 0 0.08460943 0.07461576 0.006404048 0.08460943 0.0741448 0.006331407 0.08725209 0.07532233 0 0.08064532 0.07473136 -0.006421008 0.08396136 0.0741448 -0.006331328 0.08725209 0.07532233 -0.006503329 0.08064532 0.0772713 0.006451889 0.08508272 0.07461576 0.006404048 0.08460943 0.07461576 0 0.08460943 0.07990116 0 0.08555137 0.07990116 0.006484608 0.08555137 0.08223981 -0.00670053 0.07243006 0.0839048 0 0.06308832 0.08060773 0 0.08158742 0.07990116 0.006484608 0.08555137 0.07990116 0 0.08555137 0.08068637 0.00656685 0.08114646 0.08306823 -0.006757091 0.06778219 0.08147917 0.00663989 0.07669761 0.08227999 0.006703891 0.07220495 0.08308847 0.00675877 0.0676685 0.0839048 0.006804531 0.06308832 0.0839048 -0.006804371 0.06308832 0.08060773 -0.006559649 0.08158742 0.08141958 -0.006634691 0.0770317 0.106425 -0.006271967 0.06710194 0.1060843 0.006286047 0.06704114 0.1037904 -0.006361088 0.06663233 0.08669961 0.006766771 0.0635864 0.0839048 0.006804531 0.06308832 0.0839048 0 0.06308832 0.08786883 0 0.06379464 0.1090542 -0.006176046 0.06757051 0.108828 0.006186447 0.06753011 0.08948803 0.006721251 0.0640832 0.0950456 0.00660709 0.06507377 0.09226998 0.00666797 0.06457904 0.1005777 0.006461968 0.06605977 0.09781497 0.00653837 0.0655673 0.1033341 0.006377888 0.06655098 0.1142962 0.005964124 0.06850483 0.1115652 0.006079166 0.06801804 0.1116779 -0.006073405 0.06803812 0.1142962 -0.005963965 0.06850483 0.09850498 -0.00651893 0.06569041 0.1011504 -0.006443409 0.06616186 0.09319782 -0.006649651 0.06474456 0.095854 -0.00658765 0.06521792 0.08786883 -0.006753251 0.06379464 0.09053604 -0.006704851 0.06427008 0.1132773 -0.006000926 0.07422104 0.1122705 0.006031405 0.07987028 0.1132773 0.006001085 0.07422104 0.1112756 0.006055086 0.08545273 0.1122705 -0.006031246 0.07987028 0.1142962 -0.005963965 0.06850483 0.1142962 0.005964124 0.06850483 0.1112756 -0.006054926 0.08545265 0.1102926 -0.006071965 0.09096797 0.1102926 0.006072126 0.09096797 0.1129381 0.005982924 0.09143941 0.1102926 0.006072126 0.09096797 0.1102926 -0.006071965 0.09096797 0.1129381 -0.005982765 0.09143941 0.1155782 0.005887244 0.09191005 0.1155782 -0.005887084 0.09191005 0.115107 0.005899404 0.09455279 0.1155782 0.005887244 0.09191005 0.1155782 -0.005887084 0.09191005 0.115107 -0.005899244 0.09455279 0.1124671 0.005991885 0.09408223 0.115107 0.005899404 0.09455279 0.115107 -0.005899244 0.09455279 0.1124671 -0.005991725 0.09408223 0.1098216 0.006077645 0.09361071 0.1098216 -0.006077566 0.09361071 0.1090459 -0.006082925 0.09796298 0.1082771 0.006083085 0.1022768 0.1090459 0.006083006 0.09796298 0.1075151 0.006077726 0.1065519 0.1082771 -0.006082925 0.1022768 0.1098216 -0.006077566 0.09361071 0.1098216 0.006077645 0.09361071 0.1075151 -0.006077645 0.1065519 0.1067601 -0.006067006 0.1107884 0.1067601 0.006067086 0.1107884 0.09312375 0.006221326 0.1083581 0.09312375 -0.006221326 0.1083581 0.09056324 0.006217007 0.1079018 0.0905634 -0.006216927 0.1079018 0.08805851 0.006200847 0.1074554 0.09573985 0.006213967 0.1088244 0.09573985 -0.006213887 0.1088244 0.09841147 -0.006194846 0.1093005 0.09841147 0.006194846 0.1093005 0.1011388 0.006164046 0.1097866 0.1011388 -0.006163967 0.1097866 0.1039217 0.006121406 0.1102825 0.1039217 -0.006121325 0.1102825 0.1067601 -0.006067006 0.1107884 0.1067601 0.006067086 0.1107884 0.08805859 -0.006200767 0.1074554 0.08560936 0.006173006 0.1070189 0.08560936 -0.006172926 0.1070189 0.08321575 -0.006133326 0.1065922 0.08321575 0.006133406 0.1065922 0.08087774 -0.006081966 0.1061756 0.08087774 0.006081966 0.1061756 0.07859539 0.006018926 0.1057688 0.07859547 -0.006018845 0.1057688 0.07636866 -0.005944045 0.1053719 0.07636866 0.005944045 0.1053719 0.1529412 0.004086671 0.1237973 0.1555645 -0.00398955 0.139018 0.1495194 -0.004212512 0.1039438 0.1596925 0.003836428 0.1629699 0.1609775 -0.003788508 0.1704256 0.1656779 0.003612747 0.1976978 0.1657504 -0.003610347 0.1981183 0.1690767 -0.003485466 0.2174183 0.1690767 0.003484986 0.2174183 0.1467848 0.004313073 0.08807659 0.1438018 -0.004421953 0.07076806 0.1428628 0.004456433 0.06531737 0.1388212 -0.004603314 0.04186232 0.1385815 0.004612194 0.0404715 0.1339716 0.004778916 0.01372474 0.1339716 -0.004778836 0.01372474 0.1272838 -0.005184999 0.01274722 0.1243124 -0.00536124 0.01287906 0.135018 -0.005038438 0.1087295 0.1411753 -0.004757396 0.125667 0.1321558 0.004888357 0.01258746 0.1645871 0.002595299 0.01116848 0.161751 0.002816421 0.01130705 0.1611327 0.002903621 0.01668036 0.1640414 -0.00268186 0.01699701 0.1584399 -0.003068183 0.01129064 0.1613135 -0.002848421 0.01114944 0.1565617 -0.003242824 0.01618308 0.1641883 -0.002624579 0.01100712 0.1670619 -0.002396578 0.01086368 0.1718562 -0.002065376 0.01784734 0.1699356 -0.002164416 0.01071904 0.1756816 -0.001687692 0.0104264 0.172808 -0.001928094 0.01057328 0.176193 -0.001710013 0.01831933 0.1785539 -0.001443131 0.0102784 0.1791175 -0.001460491 0.01753125 0.1809815 -0.00130863 0.01884038 0.1814262 -0.001194515 0.01012928 0.1871694 -0.0006847612 0.009827514 0.1869768 -0.000788762 0.01949278 0.1842983 -0.0009417043 0.009978955 0.1900402 -0.000423687 0.009674953 0.194016 -0.0001564655 0.02025879 0.1934629 -0.0001569339 0.01489003 0.1236457 -0.005493961 0.04423545 0.1295909 -0.005200359 0.05607882 0.1758306 -0.003009862 0.2657759 0.1875975 -0.001969694 0.2730238 0.1866943 -0.001991455 0.2729942 0.1555649 -0.003283784 0.01143073 0.1505916 -0.003672268 0.01553331 0.1526899 -0.003495306 0.01156969 0.149815 -0.003702667 0.01170745 0.1469387 -0.003905869 0.01184409 0.1445454 -0.004089871 0.01487546 0.1440624 -0.004104991 0.01197961 0.1385584 -0.004486674 0.01422394 0.141186 -0.004299953 0.01211393 0.1383097 -0.004490754 0.01224721 0.1339716 -0.004778995 0.01372474 0.1354334 -0.004677475 0.01237929 0.1301043 -0.005013317 0.0126209 0.1325555 -0.004860037 0.01251025 0.1290608 -0.005278199 0.07494576 0.1146748 -0.005950045 0.06158551 0.09624472 -0.006747891 0.01421418 0.09899266 -0.00663701 0.01407466 0.1131318 -0.006005166 0.07503753 0.1142962 -0.005963405 0.06850483 0.1358639 -0.004960117 0.09362743 0.1333839 -0.005104438 0.09946323 0.1190277 -0.005693562 0.1226639 0.1214077 -0.005615722 0.1226637 0.08677794 -0.004562914 0.1611868 0.08872259 -0.004758755 0.1606196 0.1035723 -0.003836668 0.2082734 0.1156712 -0.005622042 0.1494915 0.1134315 -0.005650443 0.1494848 0.113788 -0.00530212 0.1766194 0.1116881 -0.005280359 0.1765943 0.1723691 -0.003097063 0.2657691 0.1735247 -0.003072183 0.2657719 0.1844647 -0.002038575 0.2728847 0.1072866 -0.006074766 0.1078338 0.1082311 -0.006082446 0.102535 0.1199964 -0.005587802 0.1415915 0.1558133 -0.004167871 0.2411527 0.1533298 -0.004233312 0.2338421 0.1559912 -0.00413627 0.2334849 0.1596613 -0.004028429 0.2417206 0.1632821 -0.00391203 0.2496638 0.1740989 -0.003379545 0.2577 0.1709979 -0.003567066 0.2496975 0.176268 -0.003272504 0.2577134 0.1630436 -0.003887709 0.2417286 0.1663401 -0.003786828 0.2496787 0.1993565 -0.00150393 0.2734251 0.1907879 -0.002299377 0.2658068 0.1919422 -0.002227536 0.2658095 0.188482 -0.002436658 0.2658028 0.1966506 -0.001636732 0.2733338 0.1873318 -0.002501938 0.2658001 0.218029 -0.0001842152 0.265839 0.2194275 -0.0001040589 0.2737297 0.2193591 -0.0001117929 0.2739888 0.2194893 -9.681467e-05 0.2734667 0.2195443 -9.010064e-05 0.2732035 0.219594 -8.410026e-05 0.2729405 0.2196919 -5.660166e-05 0.270024 0.2196705 -7.378193e-05 0.272409 0.2196356 -7.866078e-05 0.2726748 0.2197 -6.946384e-05 0.2721406 0.2197215 -6.570652e-05 0.271872 0.2197496 -5.81437e-05 0.2710736 0.219747 -6.003189e-05 0.2713366 0.2197376 -6.252111e-05 0.2716009 0.2197443 -5.685667e-05 0.2708105 0.2197161 -5.608559e-05 0.2702857 0.2197335 -5.617055e-05 0.2705474 0.2191147 -0.0001379339 0.2747552 0.219018 -0.0001480956 0.2750102 0.218041 -0.0002283504 0.2738424 0.2192034 -0.0001287304 0.2745015 0.2098618 -0.0007228472 0.2418072 0.2086041 -0.0009079415 0.2498133 0.207274 -0.0009461214 0.2418064 0.211977 -0.0004966121 0.2378033 0.207923 -0.0008162701 0.2337943 0.2158781 -0.000103244 0.2329247 0.2129064 -0.0002539338 0.2204154 0.2146037 -9.980949e-05 0.2205307 0.2147057 -0.0004333668 0.2578282 0.2161902 -0.0003519122 0.265839 0.218696 -0.0001807054 0.2757551 0.218916 -0.0001587164 0.2752637 0.2184558 -0.0002036904 0.2762289 0.2185779 -0.0001920724 0.2759954 0.2134924 -0.0004742177 0.249818 0.2181872 -0.0002286698 0.2766918 0.2163821 -0.0003708706 0.2738291 0.2180478 -0.0002412837 0.2769134 0.2137554 -0.0005695707 0.2658377 0.2109201 -0.0007735228 0.257828 0.2119408 -0.0007271596 0.2658363 0.2151245 -0.000474066 0.2738156 0.2172223 -0.0003124559 0.2780637 0.2138172 -0.0005773513 0.2735822 0.2107369 -0.0008294128 0.2658363 0.206375 -0.001163495 0.2578016 0.2095369 -0.0009298353 0.265835 0.2038326 -0.001233962 0.241803 0.204344 -0.001118027 0.2337889 0.2121403 -0.0007045424 0.2736475 0.2083423 -0.001028601 0.2658337 0.2004013 -0.001511851 0.2417996 0.2007644 -0.001408569 0.2337814 0.2028374 -0.00145641 0.2577952 0.205964 -0.001221089 0.265831 0.2071505 -0.001125703 0.2658323 0.1969781 -0.001780253 0.2417951 0.1971834 -0.001689372 0.2337727 0.2108563 -0.0007975479 0.2737432 0.2047789 -0.0013147 0.2658295 0.2000926 -0.001677372 0.257795 0.2091195 -0.0009189931 0.2737042 0.2035991 -0.00140649 0.2658283 0.202422 -0.001496491 0.2658269 0.2082458 -0.0009779541 0.2736841 0.1935629 -0.002038575 0.2417909 0.1936005 -0.001960175 0.2337634 0.2073693 -0.001035767 0.2736612 0.2012476 -0.001584732 0.2658256 0.1901543 -0.002286976 0.241785 0.1900168 -0.002220656 0.2337513 0.1989068 -0.001756093 0.2658216 0.2000759 -0.001671213 0.2658229 0.2056057 -0.001148029 0.2736143 0.2064888 -0.001092453 0.2736385 0.1977418 -0.001839213 0.2658202 0.2047198 -0.001202479 0.2735902 0.1867533 -0.002525778 0.2417788 0.1864325 -0.002471058 0.2337385 0.2038313 -0.00125578 0.2735633 0.1965781 -0.001920574 0.2658174 0.1889886 -0.002501778 0.2577595 0.1856769 -0.00268658 0.2497529 0.1917571 -0.002307137 0.2577721 0.1879116 -0.002532579 0.2497714 0.1862772 -0.00268418 0.2577501 0.1832895 -0.002846581 0.2497524 0.1833562 -0.002754741 0.2417729 0.1799645 -0.002973462 0.2417662 0.2002544 -0.001456891 0.2734533 0.1930992 -0.002153696 0.2658108 0.1810343 -0.002991782 0.2497355 0.1835507 -0.002858741 0.2577403 0.1786354 -0.003140823 0.2497337 0.1731912 -0.003377626 0.2417513 0.1765762 -0.003181383 0.2417588 0.1808379 -0.003022422 0.257729 0.1781612 -0.003173143 0.2577183 0.1740606 -0.003405385 0.2497112 0.1764104 -0.003272424 0.2497167 0.1769835 -0.002972982 0.2657786 0.1698082 -0.003561307 0.2417441 0.1529658 -0.004306112 0.2105196 0.1503398 -0.004413633 0.1956225 0.1495408 -0.004425313 0.2010461 0.1714261 -0.003499146 0.2576894 0.1110772 -0.005867404 0.1276713 0.1074894 -0.005199638 0.1765456 0.1095885 -0.00524652 0.1765693 0.08865226 -0.00392883 0.1763889 0.1107356 -0.004298832 0.2119442 0.1137298 -0.003574267 0.2334676 0.1196493 -0.003481546 0.2416501 0.1179349 -0.003274104 0.2416474 0.07742931 -0.007203974 0.02954549 0.07461432 -0.007366855 0.01540923 0.07168342 -0.007265015 0.02954541 0.0765025 -0.007159494 0.03555283 0.08081324 -0.006887812 0.05748556 0.07135646 -0.006938452 0.05357504 0.06865892 -0.007168534 0.03755516 0.06299792 -0.007124853 0.03755516 0.1032669 -0.001287954 0.2334333 0.1095355 -0.001253362 0.2416448 0.1084157 0 0.2416434 0.07819419 -0.006540209 0.08115717 0.09180565 0.003850669 0.1841215 0.1034863 0.003837949 0.2080768 0.05340312 0.0026661 0.1133882 0.1032995 -0.002909942 0.2212499 0.1101757 -0.003112103 0.2334582 0.1084098 -0.002814981 0.2334373 0.06236231 0.005233 0.09987251 0.07499497 0.005157958 0.1256698 0.07140197 -0.006151966 0.09062548 0.07712242 -0.006085486 0.1011431 0.08277382 0.005385 0.133672 0.08207462 0.005606123 0.1256696 0.09288133 0.005426361 0.1483629 0.1014852 0.005420281 0.1599148 0.1392868 0.004086191 0.2495689 0.1408626 0.004134511 0.2495744 0.1316388 0.004281792 0.2416648 0.111688 0.00528028 0.1765946 0.06915044 0.005813244 0.09806561 0.06681034 0.005650682 0.0984913 0.1377084 0.00402595 0.249565 0.1299295 0.004218511 0.2416622 0.1158881 0.0053126 0.1766468 0.1137879 0.00530196 0.1766203 0.07300975 0.005902525 0.1016424 0.07177391 0.006139246 0.09162685 0.06043582 0.005579962 0.08862307 0.04147983 0.00413387 0.07368015 0.1502324 0.004216671 0.2496066 0.1517838 0.004202192 0.249612 0.1435631 0.004419152 0.2416864 0.06022221 0.004969877 0.1007316 0.1395003 0.004668515 0.2186705 0.1413813 0.004630755 0.2187061 0.1242897 0.005259399 0.1767603 0.1413518 0.004667315 0.2125226 0.1432678 0.004616274 0.2125676 0.1284906 0.005182438 0.1768209 0.1347911 0.005014438 0.1769145 0.1326912 0.005076918 0.176883 0.1451831 0.004559474 0.2126126 0.1410903 0.004792115 0.1770105 0.1389906 0.004871716 0.1769784 0.1368909 0.004945876 0.1769461 0.1547589 0.004199231 0.2128407 0.1528436 0.004280432 0.2127951 0.1431899 0.004707555 0.1770427 0.1622209 0.003873789 0.233551 0.1566742 0.004113951 0.212887 0.1473883 0.004524514 0.177107 0.1452888 0.004618274 0.1770749 0.06456569 0.006751811 0.05758027 0.06375536 0.007235255 0.03154784 0.08075133 0.006573089 0.08078181 0.1398835 0.004564033 0.04802556 0.1383256 0.004703155 0.05858188 0.07998188 0.007096854 0.03755524 0.07715114 0.007132693 0.03755524 0.08564305 0.006993092 0.03755524 0.09181485 0.006729491 0.05758011 0.09738361 0.00655029 0.06549042 0.08908971 0.006784291 0.05758011 0.08281254 0.007050053 0.03755524 0.09343679 0.006854851 0.0141713 0.09056397 0.006957013 0.01430363 0.1383959 0.004822435 0.09362735 0.1458991 0.004504114 0.1256669 0.1281824 0.0052918 0.06158559 0.1135496 0.005956205 0.0133229 0.1117421 0.006070765 0.06804955 0.1142962 0.005963965 0.06850483 0.1434903 0.004434193 0.06896131 0.154635 0.00402419 0.1336254 0.08636449 0.006829332 0.05758011 0.144578 0.004486593 0.09863387 0.1524057 0.004160111 0.1336643 0.166602 0.003578107 0.2030598 0.1590757 0.00391387 0.1733263 0.1690767 0.003484746 0.2174183 0.1677057 0.003567946 0.2192318 0.1729825 0.003318584 0.2336842 0.1591467 0.003857228 0.1598022 0.1889705 0.002486178 0.257773 0.1833054 0.002832501 0.2497473 0.1802183 0.003031062 0.2497351 0.1757258 0.003226903 0.2417575 0.1875989 0.002461218 0.2417803 0.1846407 0.002592339 0.2337326 0.1831467 0.002695139 0.2341171 0.1917246 0.002291777 0.2577823 0.1864109 0.002622899 0.2497551 0.191855 0.002157616 0.2417884 0.188225 0.002346897 0.2337452 0.1893008 0.002341697 0.2417843 0.2064942 0.00109038 0.2736412 0.2000705 0.001662812 0.2658229 0.1989015 0.001747772 0.2658216 0.1936005 0.001959935 0.2337634 0.1952668 0.001904094 0.2417937 0.2024166 0.00148769 0.2658269 0.2091249 0.0009167973 0.2737069 0.2035937 0.00139753 0.2658283 0.1971834 0.001689132 0.2337735 0.198686 0.001640412 0.2417976 0.2088489 0.0009772346 0.2658616 0.2130009 0.000637778 0.2736946 0.2021132 0.00136705 0.2418018 0.2040695 0.001173958 0.237796 0.2007644 0.00140825 0.2337814 0.211186 0.0007816981 0.2658518 0.2147057 0.0005051564 0.2738109 0.2102926 0.0008061688 0.2578242 0.2073935 0.0010558 0.2578195 0.198988 0.001688173 0.2497951 0.1957803 0.001939133 0.2497792 0.2137526 0.0005596814 0.2658382 0.2132246 0.0005461643 0.2578268 0.2058251 0.001028082 0.237798 0.2075814 0.0008792939 0.2377999 0.2161888 0.000341925 0.265839 0.2177714 0.0002635211 0.2773331 0.2127189 0.0002707273 0.2204026 0.2154518 9.666059e-05 0.2287799 0.2188643 6.602475e-05 0.2619766 0.218029 0.0001741878 0.265839 0.2194878 9.458489e-05 0.2734774 0.219543 8.803005e-05 0.2732156 0.2134902 0.0004572873 0.249818 0.2180001 7.682493e-05 0.253561 0.214187 0.0003273568 0.2418097 0.2168066 8.880812e-05 0.2419539 0.2196342 7.6482e-05 0.2726815 0.2196705 7.158879e-05 0.2724143 0.2197376 6.043333e-05 0.2716158 0.2196919 5.397943e-05 0.270024 0.2197335 5.378145e-05 0.2705541 0.2197443 5.456355e-05 0.2708185 0.2197161 5.358684e-05 0.2702884 0.2184544 0.0001895974 0.2738452 0.2191147 0.0001355408 0.2747552 0.2197215 6.356452e-05 0.2718816 0.2196986 6.728305e-05 0.2721473 0.219747 5.788935e-05 0.27135 0.2197483 5.593285e-05 0.2710843 0.2195913 8.196229e-05 0.2729473 0.2192839 0.0001175033 0.2742492 0.2193577 0.0001093119 0.2739942 0.219202 0.0001262464 0.2745028 0.213287 0.0003400325 0.2337989 0.2172168 0.0002978717 0.2738378 0.2187014 0.0001773996 0.2757444 0.2188141 0.0001661843 0.2755001 0.2110966 0.0005718913 0.2378027 0.2108676 0.0004368753 0.2202754 0.2183283 0.0002135313 0.2764598 0.214605 9.916336e-05 0.2205307 0.209339 0.0007272737 0.2378021 0.2034076 0.00138985 0.2578327 0.2059587 0.001211848 0.265831 0.2113033 0.0007637248 0.2737045 0.2071465 0.001116334 0.2658323 0.2047749 0.001305598 0.2658295 0.2099946 0.0008566297 0.2737257 0.1909141 0.002156576 0.2337554 0.2012422 0.001576092 0.2658256 0.2073747 0.001033649 0.273664 0.2082511 0.0009757972 0.2736853 0.1944764 0.002090095 0.2577936 0.1842017 0.00269298 0.2417749 0.1825039 0.00280506 0.2417709 0.1808088 0.002914582 0.2417682 0.1871157 0.00261234 0.2577604 0.1740334 0.003325225 0.2417535 0.170432 0.003460665 0.2335034 0.1774197 0.003125623 0.2417614 0.1003531 0.006468289 0.06601969 0.08847331 0.006926453 0.03755532 0.09918699 0.00662933 0.01391706 0.1136089 0.005997245 0.05758051 0.1054378 0.006325967 0.05758019 0.09628993 0.006746291 0.01404362 0.1027136 0.006422369 0.05758019 0.136732 0.004817395 0.06358816 0.1420732 0.004485234 0.0607311 0.111908 0.006041566 0.0819047 0.1102927 0.006074366 0.09096797 0.1155782 0.005887244 0.09191005 0.0839048 0.006804931 0.06308832 0.1568292 0.00397579 0.1535771 0.1546133 0.004104431 0.1535677 0.1427916 0.004707076 0.1416259 0.1425328 0.004731556 0.1495714 0.07893563 0.006968052 0.05157255 0.1491707 0.004333152 0.129658 0.1339716 0.004779076 0.01372474 0.0714895 0.007169174 0.03755516 0.1281331 0.005135718 0.01274698 0.1896924 0.0005477091 0.01978838 0.1940158 0.0001555273 0.02025879 0.1934642 0.0001570346 0.01489795 0.1900833 0.0004191088 0.009723993 0.1929138 0.0001585419 0.009537192 0.1715482 0.002090015 0.01781389 0.1775471 0.001598092 0.01846669 0.1730912 0.001909454 0.01072928 0.1702578 0.002141856 0.01087984 0.1674231 0.002370417 0.01102616 0.1672205 0.002433538 0.01734301 0.158915 0.003033623 0.01144201 0.156079 0.003246824 0.01157369 0.1536609 0.003453706 0.01586739 0.1532416 0.003456025 0.01170233 0.1504041 0.003661308 0.01182833 0.1475655 0.003862669 0.01195169 0.1475732 0.00388291 0.01520498 0.1447267 0.00406019 0.01207289 0.141888 0.004253871 0.01219185 0.1430946 0.004187151 0.01471754 0.1390493 0.004443713 0.01230897 0.1387924 0.004471473 0.01424947 0.1362106 0.004629555 0.01242457 0.1252445 0.005308119 0.0128609 0.06865876 0.007168614 0.03755516 0.1557818 0.00410715 0.1772336 0.1536833 0.004217552 0.1772024 0.1515853 0.004324033 0.1771709 0.1585882 0.004024751 0.2129327 0.1605021 0.00393163 0.2129783 0.05744171 0.006829171 0.0455649 0.07865323 0.006328048 0.09255414 0.07680194 0.006388288 0.08772578 0.0741448 0.006331407 0.08725209 0.150929 0.004357312 0.2127493 0.1071784 -0.006272367 0.01367002 0.1043002 -0.006406128 0.01381049 0.1470984 0.004497154 0.2126582 0.1550365 0.004171391 0.2335002 0.1490137 0.004429633 0.2127032 0.0591198 0.006574049 0.05758027 0.06917852 0.006412528 0.07760674 0.09979267 -0.006573649 0.0375554 0.1263901 0.005224759 0.1767903 0.1305908 0.005133078 0.1768515 0.08194053 -0.007151494 0.02554059 0.08014964 -0.007257174 0.01508411 0.08569897 -0.007038053 0.0300723 0.1221892 0.00528596 0.1767309 0.1418639 0.004426753 0.2416823 0.1486795 0.004224032 0.2495999 0.1179883 0.00531308 0.1766743 0.09929802 -0.003350505 0.2071583 0.1200888 0.00530396 0.1767022 0.08280951 -0.006978213 0.0462845 0.06881052 -0.007277414 0.02954541 0.07994069 -0.006833651 0.06238175 0.07532233 -0.006502449 0.08064524 0.0745344 -0.006391408 0.08506641 0.0488886 0.004887317 0.07906052 0.08146061 0.005810603 0.1176669 0.05763156 -0.00662525 0.05357488 0.08263542 -0.006729891 0.07021069 0.08161725 -0.00665165 0.07592289 0.1227377 0.004256271 0.2335111 0.1282187 0.004141471 0.2416595 0.1073181 0.003471545 0.222101 0.1056227 0.003211064 0.2224346 0.08045581 0.005239079 0.133672 0.05903149 -0.005888844 0.07842275 0.03862437 -0.006801412 0.01801861 0.05135518 -2.065694e-07 0.1173838 0.05218359 -0.001732412 0.1157334 0.1075871 0.004912116 0.1881105 0.03849445 -0.003586267 0.07271671 0.04531818 -0.0027741 0.09455575 0.1313486 0.003636747 0.2495502 0.121364 0.003658908 0.2416515 0.1297479 0.003492106 0.2495462 0.1196489 0.003481306 0.2416501 0.1281436 0.003322664 0.2495435 0.1119577 0.003364425 0.2334426 0.1179345 0.003273864 0.2416474 0.04175318 -0.005061637 0.06158511 0.116222 0.003031302 0.2416474 0.1101796 0.003115143 0.23344 0.07788387 -0.006213487 0.09687049 0.0741448 -0.006331328 0.08725209 0.07680178 -0.006388209 0.08772578 0.1249268 -0.002893542 0.2495395 0.1233173 -0.00261474 0.2495382 0.1162224 -0.003031462 0.2416474 0.08192574 -0.006821971 0.06273551 0.0839048 -0.006804371 0.06308832 0.08287839 -0.003320024 0.1724781 0.1418249 -0.003302105 0.2575873 0.1403913 -0.003170663 0.2575846 0.1313496 -0.003637707 0.2495502 0.0855632 -0.007115654 0.0147801 0.08693497 -0.007042373 0.02313712 0.1179107 -0.005585002 0.1494969 0.1179884 -0.005313159 0.1766729 0.1158882 -0.005312759 0.1766457 0.1461427 -0.004586114 0.1718213 0.1473721 -0.004525714 0.1770706 0.1475413 -0.004528754 0.1797551 0.1534916 -0.004249872 0.1929573 0.1178609 -0.005785564 0.1016397 0.08845251 -0.007026613 0.01462299 0.1155782 -0.005887084 0.09191005 0.1118763 -0.006042045 0.08208197 0.1074061 -0.003468505 0.2223317 0.1018458 -0.002513379 0.2220942 0.09128629 -0.006932933 0.01447195 0.08914083 -0.007004293 0.01458602 0.1217148 -0.002263936 0.2495368 0.1145147 -0.002739381 0.2416461 0.08727546 -0.007021253 0.02505194 0.08826242 -0.007015893 0.01951398 0.09833946 -1.751917e-07 0.2247751 0.08626737 -0.007019653 0.03070791 0.08527696 -0.007009092 0.03626538 0.1015841 0.002517379 0.2214813 0.1031028 0.002914022 0.2207778 0.08976915 0.003565387 0.1841099 0.11114 0.001918493 0.2416448 0.1201244 0.001831133 0.2495355 0.1217144 0.002263697 0.2495368 0.04404969 -0.004576355 0.07360159 0.053772 -0.003892189 0.1030109 0.06907683 -0.005815724 0.09786818 0.05174287 0.001736012 0.114719 0.05979516 0.003775308 0.1173775 0.05987925 0.004227151 0.1118512 0.1009014 -0.002022655 0.2240499 0.0794302 -0.006429168 0.08819419 0.07865323 -0.006328048 0.09255414 0.1185999 0.001196184 0.2495341 0.1095352 0.001253219 0.2416448 0.132945 0.003759869 0.2495529 0.1432517 0.003412665 0.2575913 0.144673 0.003507466 0.2575938 0.09271982 -0.00674341 0.05157271 0.09437583 -0.00662437 0.06495449 0.1175425 -0.005726603 0.1256684 0.08539744 -0.006840691 0.05790091 0.0829843 -0.006950852 0.04912916 0.109086 -0.006082606 0.09773738 0.1098216 -0.006077726 0.09361071 0.1435372 -0.004632834 0.1256672 0.1489399 -0.004471233 0.1876888 0.1473359 -0.004527874 0.1849529 0.1474017 -0.004521234 0.1927502 0.08881091 -0.006782531 0.05850924 0.1283977 -0.00535132 0.1136598 0.112344 -0.006045965 0.06815683 0.09968147 -0.006486689 0.06590009 0.1002697 -0.006529089 0.04906965 0.09793962 -0.006600369 0.0505715 0.1181642 -0.005711083 0.01314802 0.08431015 -0.006990533 0.04168959 0.09053604 -0.006704851 0.06427008 0.08786883 -0.006753251 0.06379464 0.1054378 -0.006325808 0.05758019 0.1127576 -0.005997645 0.01340234 0.1152019 -0.005902604 0.02726508 0.1098066 -0.006144767 0.01354322 0.1081618 -0.006222526 0.05758035 0.1377338 -0.004928757 0.1241355 0.1383959 -0.004822196 0.09362735 0.1447697 -0.004622354 0.1495774 0.1433373 -0.004700996 0.1559143 0.1453549 -0.004614995 0.1692217 0.1447896 -0.004640754 0.1641454 0.1246346 -0.005495161 0.1256681 0.126167 -0.005441161 0.1226637 0.1712133 -0.003117463 0.2657665 0.1391302 -0.004872197 0.1320487 0.1830918 -0.002050654 0.2728761 0.1700552 -0.003133143 0.2657652 0.1088296 -0.004158031 0.2119205 0.1155157 -0.003756988 0.2334741 0.1069262 -0.00399259 0.2118997 0.1817828 -0.002067295 0.2727886 0.1497922 -0.004407393 0.2086766 0.1688942 -0.003143704 0.2657625 0.1345382 -0.003865709 0.2495568 0.1282195 -0.004142191 0.2416595 0.1361273 -0.003954029 0.249561 0.1190905 -0.00404547 0.2334881 0.1173007 -0.003912749 0.2334798 0.1559353 -0.004181952 0.2273572 0.114553 -0.004519313 0.2119958 0.1164636 -0.004603475 0.2120247 0.1545354 -0.004240032 0.2194235 0.148909 -0.003711308 0.2576047 0.1408653 -0.00413691 0.2495744 0.1503102 -0.003755467 0.2576101 0.1299304 -0.004219311 0.2416622 0.1244663 -0.004332673 0.2335167 0.1587325 -0.00406555 0.2432245 0.1610464 -0.00399195 0.2496496 0.1601324 -0.00400715 0.2511568 0.185791 -0.002010574 0.2729634 0.174679 -0.003042982 0.2657733 0.1350535 -0.004372672 0.2416703 0.1367595 -0.004400913 0.2416729 0.1424356 -0.004174351 0.2495784 0.2100953 -0.0006736775 0.281803 0.1801391 -0.002059375 0.2727933 0.1677318 -0.003148984 0.2657612 0.1642327 -0.003129223 0.2657545 0.1654018 -0.003142183 0.265757 0.1783108 -0.002043374 0.272742 0.1440033 -0.004201392 0.2495838 0.1384627 -0.004419073 0.2416756 0.1455669 -0.004218831 0.2495892 0.1530953 -0.003814109 0.257618 0.1544818 -0.003830029 0.2576235 0.1213267 -0.005533561 0.01301034 0.0816383 0.006653491 0.07580496 0.08253814 0.006722211 0.07075653 0.1597129 0.003913549 0.1851784 0.06394576 0.006202286 0.07760674 0.07788387 0.006213487 0.09687049 0.07709393 0.006448929 0.08505112 0.07990116 0.006484208 0.08555137 0.0518707 0.00660525 0.0455649 0.09998916 0.006511329 0.05758019 0.1049106 0.006378927 0.01367466 0.130883 0.005144759 0.06158566 0.1317248 0.005209399 0.1256675 0.1333044 0.005137398 0.1226635 0.1232021 0.005577482 0.09362798 0.1206689 0.005685243 0.09362814 0.1214076 0.005615802 0.1226637 0.1246345 0.005495161 0.1256681 0.115107 0.005899644 0.09455279 0.1872539 0.0006778772 0.009904955 0.2194262 0.0001016724 0.2737365 0.1844219 0.0009336605 0.01008024 0.1837082 0.001074528 0.01913702 0.2090359 0.0005989726 0.2201508 0.2190208 0.0001452743 0.2750062 0.2189215 0.0001554763 0.2752545 0.1815913 0.00118527 0.01025008 0.2070244 0.0007729389 0.2200126 0.2068948 0.0008364942 0.2257714 0.211036 0.0006780624 0.2498159 0.2185819 0.0001891196 0.2759872 0.2184571 0.0002013456 0.2762276 0.1787592 0.001431611 0.01041464 0.2051292 0.000934541 0.2198839 0.2085994 0.0008912944 0.2498133 0.2179176 0.0002508025 0.2771228 0.2181954 0.0002257049 0.2766852 0.2180585 0.0002381282 0.2769067 0.1759259 0.001672892 0.01057432 0.2032327 0.001093406 0.2197535 0.2032233 0.001145812 0.2257519 0.2176196 0.0002769054 0.2775402 0.2013375 0.001249535 0.2196248 0.205372 0.001166244 0.2498091 0.2171659 0.0003148262 0.278112 0.2173176 0.0003023398 0.2779295 0.2174679 0.0002898212 0.2777389 0.1994539 0.001402491 0.2194954 0.2168546 0.0003397036 0.2784596 0.2170116 0.0003272817 0.2782892 0.1972769 0.001575452 0.2193474 0.202169 0.00143169 0.2498026 0.2166962 0.000352092 0.278622 0.2163002 0.0003818013 0.2789925 0.2165163 0.0003658119 0.2787965 0.1937633 0.001845853 0.2191062 0.2160694 0.000398674 0.2791938 0.1915381 0.002013054 0.2189549 0.2158224 0.0004164298 0.2794005 0.2000642 0.001659772 0.2578174 0.2155607 0.0004350701 0.2796112 0.1880587 0.002265697 0.218716 0.1972852 0.001877134 0.2578052 0.2152842 0.0004545935 0.279826 0.1858786 0.002419937 0.2185679 0.1926259 0.002177456 0.2497777 0.2150116 0.0004733479 0.2800273 0.2147701 0.000489132 0.2801897 0.1823578 0.0026605 0.2183263 0.1895198 0.002404098 0.2497654 0.2145312 0.0005043914 0.2803414 0.2056124 0.001146 0.273617 0.1802034 0.002803701 0.2181798 0.2142923 0.0005191259 0.2804809 0.2047265 0.001200495 0.2735915 0.1977351 0.001831133 0.2658202 0.203838 0.001253843 0.273566 0.2140561 0.0005333343 0.2806098 0.1965714 0.001912653 0.2658174 0.176683 0.003029222 0.2179384 0.179347 0.002937222 0.2337581 0.1954104 0.001992414 0.2658162 0.2029468 0.001306021 0.2735392 0.2138225 0.0005470193 0.2807266 0.1747825 0.003147304 0.2178094 0.2020528 0.001356969 0.2735123 0.1942508 0.002070335 0.2658135 0.1930925 0.002146416 0.2658108 0.2133506 0.000572251 0.2809447 0.1020673 0.006506449 0.01379394 0.1720052 0.003315144 0.2176189 0.1757607 0.003156824 0.2337346 0.1791136 0.003021542 0.2417642 0.2011577 0.001406731 0.2734841 0.1223304 0.005477161 0.01297578 0.2002611 0.00145513 0.2734559 0.1849058 0.002757781 0.2577546 0.1919368 0.002220496 0.2658095 0.1193984 0.005642682 0.01309122 0.1388623 0.004767796 0.08461527 0.1907826 0.002292497 0.2658068 0.1993618 0.001502251 0.2734263 0.2131045 0.0005848434 0.28105 0.1164521 0.005803564 0.01320738 0.15148 0.004268352 0.1495975 0.1830314 0.002875941 0.257743 0.1779419 0.003170503 0.2497234 0.1896296 0.002362497 0.2658053 0.2128629 0.0005963809 0.2811467 0.1358643 0.004960357 0.09362743 0.1382352 0.004883236 0.1136528 0.1435369 0.004632914 0.1256672 0.1492432 0.004390432 0.1495907 0.1624168 0.003834909 0.2130233 0.1643299 0.003734508 0.2130676 0.1723409 0.003420425 0.2417493 0.1755983 0.003308264 0.2497163 0.1884767 0.002430257 0.2658028 0.1984612 0.001548011 0.2733967 0.1684471 0.003567546 0.2336045 0.1808203 0.003009462 0.2577387 0.1975593 0.001592331 0.2733674 0.1106586 0.006103406 0.01343922 0.1294074 0.005263399 0.07760618 0.1330552 0.005124758 0.1026401 0.1470064 0.004508433 0.1495841 0.1706497 0.003512506 0.2417468 0.1689586 0.003601306 0.2417427 0.2126198 0.0006073841 0.2812366 0.196656 0.001635211 0.2733364 0.1873251 0.002495779 0.2658001 0.1077757 0.006244527 0.01355642 0.1247855 0.005483561 0.0695958 0.1658152 0.003701867 0.2335818 0.1789646 0.003115623 0.2577255 0.1733273 0.003434345 0.2497032 0.1861748 0.002558899 0.2657974 0.1957527 0.001676492 0.2733056 0.2123757 0.0006178545 0.2813198 0.1200788 0.005703003 0.06158551 0.1282678 0.005345719 0.09362775 0.1364507 0.004992917 0.1256674 0.1494869 0.004426353 0.1771392 0.164015 0.003789789 0.2335614 0.1709856 0.003557867 0.2496965 0.176768 0.003234664 0.2577212 0.1850259 0.002619699 0.2657961 0.1672674 0.003686667 0.2417387 0.2121314 0.0006276592 0.2813963 0.1152874 0.005921244 0.05357536 0.1236456 0.005555161 0.08561696 0.1402955 0.004836516 0.1495647 0.1655776 0.003768508 0.2417347 0.1638865 0.003846748 0.2417307 0.1948479 0.001716252 0.2732747 0.1838757 0.002677939 0.2657933 0.1939421 0.001754333 0.2732439 0.1293615 0.00531004 0.1256677 0.126167 0.00544124 0.1226637 0.1380581 0.004936758 0.1495573 0.1604289 0.003953949 0.2335426 0.1741012 0.003368105 0.2577077 0.1679324 0.003706428 0.2496815 0.1827267 0.00273362 0.2657907 0.1930361 0.001790733 0.2732117 0.2118831 0.0006361942 0.2814688 0.1132016 0.006003405 0.07464648 0.13582 0.005032117 0.1495506 0.1586272 0.00403075 0.2335174 0.1621953 0.003921229 0.2417266 0.1815778 0.00278658 0.265788 0.2116334 0.0006439628 0.2815346 0.1181354 0.005787244 0.09362798 0.1335818 0.005122598 0.1495445 0.1605042 0.003991789 0.2417226 0.1648605 0.003841308 0.2496689 0.1568299 0.00410331 0.2335053 0.158813 0.00405819 0.2417186 0.1921301 0.001825374 0.2731808 0.1714081 0.003489626 0.2576952 0.1804289 0.002836821 0.2657853 0.1912241 0.001858174 0.2731498 0.108828 0.006186447 0.06753011 0.1313437 0.005207639 0.1495371 0.1571217 0.00412011 0.2417159 0.1792787 0.002884102 0.265784 0.1899656 0.001903533 0.2730727 0.2113825 0.000650965 0.281595 0.08772402 0.007050294 0.01443826 0.1047446 0.006332447 0.06680234 0.112957 0.005975405 0.09416951 0.1291054 0.00528692 0.1495303 0.1532302 0.004235392 0.2334735 0.1687169 0.003595947 0.2576842 0.1625778 0.003930349 0.2496576 0.1781298 0.002928182 0.2657812 0.2111301 0.0006572008 0.2816487 0.08485976 0.007136214 0.01457851 0.1098216 0.006078126 0.09361071 0.1190276 0.005693643 0.1226639 0.1175424 0.005726683 0.1256684 0.1268667 0.0053602 0.1495237 0.1514281 0.004294352 0.2334469 0.1554293 0.004177312 0.2417119 0.1610397 0.00398507 0.2496509 0.1769782 0.002968901 0.2657786 0.1885062 0.001944494 0.273056 0.08219598 0.007208535 0.01471322 0.1090699 0.006082846 0.0978281 0.1082044 0.006082446 0.1026842 0.1110769 0.005867404 0.1276712 0.124628 0.005427001 0.1495177 0.1179105 0.005584921 0.1494982 0.1201498 0.005539801 0.1495043 0.149624 0.004348192 0.2334216 0.1537368 0.004229472 0.2417078 0.1595014 0.00403499 0.2496442 0.1520429 0.004276272 0.2417038 0.2108764 0.0006626715 0.2816956 0.1876016 0.001968815 0.2730251 0.1660326 0.003685307 0.2576703 0.1758266 0.003006022 0.2657759 0.1073022 0.006075086 0.1077467 0.1199963 0.005587723 0.1415918 0.1478167 0.004396833 0.2333883 0.157962 0.004079791 0.2496375 0.1503492 0.004317553 0.2416998 0.174675 0.003039382 0.2657746 0.1863548 0.002002334 0.272949 0.2106214 0.0006673477 0.2817372 0.07937251 0.007276535 0.01486082 0.09388559 0.006634529 0.06486705 0.1067601 0.006067486 0.1107884 0.1564199 0.00411931 0.2496308 0.1633327 0.003756108 0.2576585 0.1460474 0.004438113 0.2335581 0.1735206 0.003068743 0.2657719 0.2103597 0.0006709407 0.2817735 0.07652945 0.007335335 0.01501498 0.1032859 0.006131886 0.1101692 0.1111916 0.005669643 0.1494794 0.1063103 0.005783643 0.1415727 0.1376188 0.004699475 0.218635 0.148654 0.004352832 0.2416971 0.1442503 0.004474273 0.2335499 0.1548777 0.00415307 0.2496241 0.1723664 0.003093944 0.2657691 0.184893 0.002026174 0.2729352 0.07368671 0.007383896 0.01517539 0.08807634 0.00674645 0.06383169 0.1006623 0.006169806 0.1097017 0.115671 0.005621962 0.1494915 0.1357378 0.004723236 0.2185999 0.1469588 0.004381793 0.2416931 0.1424531 0.004503953 0.233542 0.1533315 0.004180831 0.2496187 0.1606134 0.003805948 0.257647 0.1704869 0.003125863 0.265762 0.2100953 0.0006736734 0.281803 0.1837257 0.002041295 0.2729122 0.07084397 0.007421736 0.01534212 0.0980429 0.006197646 0.1092348 0.1134314 0.005650362 0.1494848 0.13886 0.004542114 0.2335257 0.1338566 0.004739396 0.2185657 0.1319759 0.004747476 0.2185332 0.1452609 0.004404033 0.2416889 0.1406572 0.004526754 0.2335339 0.2098282 0.0006755444 0.2818258 0.06800163 0.007447976 0.01551563 0.07168325 0.007265095 0.02954541 0.09541912 0.006215167 0.1087672 0.1335637 0.004538274 0.2336457 0.1384614 0.004417633 0.2416756 0.1401633 0.004426432 0.2416797 0.1586103 0.003826748 0.2576383 0.1681706 0.003146023 0.2657597 0.1818451 0.002060495 0.2728307 0.2095596 0.0006765551 0.2818431 0.06515969 0.007462216 0.01569643 0.08308847 0.00675877 0.0676685 0.09280094 0.006221167 0.1083006 0.1017478 0.005771563 0.141567 0.09946659 0.005747883 0.1415644 0.1530926 0.003810429 0.257618 0.1424329 0.004171711 0.2495784 0.1517021 0.003786189 0.2576141 0.1455629 0.004215552 0.2495892 0.1367582 0.004399633 0.2416729 0.1279438 0.004830596 0.2122313 0.1370628 0.004549873 0.2335178 0.1658427 0.003144183 0.2657567 0.1572373 0.003833548 0.2576329 0.2092873 0.0006767054 0.281854 0.06231814 0.007463576 0.01588459 0.09018292 0.006215167 0.107834 0.104029 0.005783164 0.1415699 0.1333465 0.004332432 0.2416676 0.1353831 0.004546594 0.2337005 0.1260291 0.004820916 0.2121938 0.1471225 0.004223872 0.2495945 0.1558588 0.003833388 0.2576289 0.1798652 0.002065055 0.2727443 0.2090115 0.0006762384 0.2818594 0.05947708 0.007451336 0.01608068 0.08756714 0.006196367 0.1073678 0.1241148 0.004801156 0.2121569 0.1350535 0.004371472 0.2416703 0.1440006 0.004198431 0.2495838 0.1544777 0.003825948 0.2576235 0.05663674 0.007424136 0.01628523 0.06229638 0.007151894 0.03555283 0.08495127 0.006163567 0.1069016 0.1317513 0.004520274 0.2336065 0.122201 0.004770435 0.212122 0.1642301 0.003127463 0.2657545 0.1786331 0.002047855 0.2727446 0.2085702 0.0006737728 0.2818594 0.05379728 0.007380696 0.01649852 0.05945581 0.007106053 0.03555275 0.08321575 0.006133406 0.1065922 0.09437856 0.005814044 0.1336722 0.1036106 0.005471401 0.1597705 0.1299438 0.004491714 0.2335785 0.1202878 0.004727795 0.2120878 0.1630583 0.003107543 0.2657531 0.17738 0.002030575 0.2727024 0.2081208 0.0006673343 0.2818594 0.05095894 0.007319575 0.01672124 0.05300255 0.007174934 0.02554043 0.07461576 0.006404448 0.08460943 0.0794302 0.006429249 0.08819419 0.08087774 0.006081966 0.1061756 0.08627226 0.005967645 0.1176665 0.09205645 0.005762043 0.1336724 0.1281405 0.004451953 0.2335559 0.1183753 0.004672435 0.2120562 0.1503062 0.003752508 0.2576101 0.1607068 0.003043862 0.2657491 0.1759876 0.001992974 0.2726761 0.1618839 0.003079863 0.2657518 0.04812164 0.007239334 0.0169534 0.05011014 0.007090853 0.02554043 0.07859539 0.006018926 0.1057688 0.08239711 0.005948764 0.1136613 0.08753491 0.005770604 0.1276723 0.09934803 0.005355001 0.1600271 0.1263386 0.004400033 0.2335408 0.1164636 0.004603394 0.2120254 0.159527 0.002998902 0.2657478 0.1489063 0.003708747 0.2576059 0.04528602 0.007138694 0.01719517 0.04721836 0.006986052 0.02554043 0.03289704 0.006055245 0.02583251 0.07712242 0.006085486 0.1011431 0.07636866 0.005944045 0.1053719 0.1088295 0.004157951 0.2119213 0.1107355 0.004298751 0.2119442 0.1245377 0.004335313 0.2335234 0.1145529 0.004519234 0.2119964 0.1583444 0.002944182 0.2657464 0.1751125 0.001963615 0.272656 0.147501 0.003654028 0.257602 0.2076832 0.0006564639 0.2818594 0.04245199 0.007015732 0.01744692 0.03962014 0.006867892 0.01770893 0.04432769 0.006858452 0.02554043 0.03679092 0.00669197 0.01798149 0.04168838 0.006696371 0.02621196 0.09509551 0.005175639 0.1602889 0.1126434 0.004418352 0.2119689 0.1247932 0.003939469 0.2416555 0.1345368 0.003864348 0.2495568 0.1265065 0.00404907 0.2416568 0.1361247 0.00395251 0.249561 0.1460904 0.003587387 0.257598 0.1742414 0.001927694 0.2726359 0.2071725 0.0006375941 0.2818594 0.02251848 0.005199879 0.01952622 0.02703724 0.00542124 0.02555106 0.02488491 0.005538041 0.0192511 0.03879805 0.006515328 0.02619012 0.00929999 0.0002112496 0.02120519 0.00930639 -0.0002439654 0.02120168 0.01570012 0.003176424 0.02555019 0.01303074 0.002075135 0.02554106 0.09297886 0.005058278 0.1604344 0.1209409 0.004161471 0.2335022 0.1571581 0.002878501 0.2657449 0.1733744 0.001884733 0.2726171 0.03440282 0.006519089 0.01822005 0.03584706 0.006303408 0.02602283 0.04261424 0.003516427 0.08243134 0.09088868 0.004918677 0.1606437 0.1191457 0.00404899 0.2334928 0.1418236 0.003300984 0.2575873 0.1230788 0.003810508 0.2416527 0.1559689 0.002800661 0.2657437 0.1725114 0.001833694 0.2725996 0.2067704 0.0006164734 0.2818594 0.03201744 0.006320927 0.01846646 0.0296355 0.006093806 0.0187207 0.01039064 0.001635851 0.021066 0.01004376 0.001339892 0.02111272 0.04073487 0.004649874 0.06559065 0.01117368 -2.328481e-07 0.02554011 0.08900859 0.004748995 0.1613786 0.1173511 0.003916589 0.2334845 0.106926 0.00399251 0.2118997 0.1708001 0.001703052 0.2725701 0.2061702 0.000573506 0.2818592 0.1716537 0.001773612 0.2725834 0.154777 0.00270898 0.2657424 0.2064629 0.000596507 0.2818594 0.02724876 0.005832844 0.01898334 0.07582561 0.004865877 0.1336721 0.08700482 0.004555394 0.1617807 0.1155592 0.003760907 0.2334778 0.1523853 0.002474978 0.2657397 0.1535825 0.00260122 0.265741 0.1403901 0.003169703 0.2575846 0.01075872 0.001904414 0.02101544 0.07290263 0.004314672 0.1377929 0.07767819 0.004523554 0.1439769 0.1137705 0.003578586 0.2334706 0.1511853 0.002327537 0.2657397 0.1699531 0.001620412 0.2725567 0.1389512 0.003015942 0.2575832 0.205884 0.0005468233 0.2818592 0.02417097 0.005019638 0.02554643 0.01114224 0.002149936 0.02096207 0.009478472 -0.0006665545 0.02117728 0.01196833 -0.00259634 0.02083176 0.01303146 -0.002075375 0.02554163 0.01156161 -0.002392098 0.02088695 0.1145143 0.002739221 0.2416461 0.1249262 0.002893142 0.2495395 0.126536 0.003124743 0.2495408 0.1375071 0.002836261 0.2575805 0.1691116 0.001523851 0.2725459 0.2056073 0.0005162402 0.2818592 0.02016111 0.004808756 0.01980783 0.0213176 0.004535954 0.02554267 0.01194329 0.00258138 0.02085087 0.01153753 0.002375538 0.02090695 0.01078096 -0.001924094 0.02099544 0.01116536 -0.002168015 0.02094183 0.07001277 0.004007789 0.136331 0.1331631 0.002054815 0.2575752 0.1346093 0.002373217 0.2575765 0.1128184 0.002371698 0.2416448 0.1233169 0.002614499 0.2495382 0.1360589 0.0026261 0.2575779 0.1499854 0.002155055 0.2657384 0.1682768 0.001410971 0.2725351 0.2053074 0.0004772577 0.2818592 0.01781949 0.004337312 0.02009798 0.0132125 0.003082422 0.02068432 0.01278282 0.002932262 0.02073919 0.01849157 0.00392723 0.02554651 0.01550155 0.003764108 0.02039367 0.009744713 -0.001037095 0.02114023 0.01006344 -0.00136337 0.02109591 0.07190414 0.003540426 0.146267 0.1084095 0.002814901 0.2334373 0.1487842 0.001947534 0.2657384 0.16745 0.001275028 0.2725271 0.2051104 0.0004470102 0.2818594 0.01235889 0.00276666 0.02079463 0.06508664 0.003142423 0.1354018 0.09916291 0.001320572 0.2239573 0.1049213 0.001971455 0.2334346 0.1009 0.002022655 0.2240469 0.1066546 0.002437298 0.2334359 0.165838 0.0008930258 0.2725164 0.2046849 0.0003615625 0.2818594 0.1666366 0.001104028 0.2725204 0.1475896 0.001686173 0.265737 0.2048259 0.0003935576 0.2818594 0.2049681 0.0004218992 0.2818594 0.009727113 0.001011158 0.02115391 0.01280962 -0.002943942 0.02072303 0.01569804 -0.003176904 0.02554314 0.06280695 0.002541859 0.1353063 0.06735738 0.002481619 0.1458872 0.1464045 0.00136401 0.265737 0.145269 0.0008910192 0.265737 0.131726 0.001662172 0.2575752 0.009464391 0.0006374384 0.02118663 0.01238481 -0.00277994 0.02077687 0.06048997 0.001662012 0.1348823 0.06520601 0.001621772 0.1457257 0.1186001 -0.001196339 0.2495341 0.1111404 -0.001918574 0.2416448 0.1032668 0.001287825 0.2334333 0.1444744 0 0.265737 0.1650797 0.0005833335 0.2725137 0.1303459 0.001085804 0.2575738 0.2044044 0.0002853679 0.2818594 0.204544 0.0003255677 0.2818594 0.01041168 -0.001657372 0.02104719 0.05908413 -2.269371e-07 0.135068 0.063902 0 0.1460611 0.0994374 -0.001318774 0.2245877 0.1021145 0 0.2334333 0.1175336 0 0.2495341 0.1293795 0 0.2575738 0.1645549 0 0.2725124 0.2041427 0.0001656447 0.2818594 0.2042689 0.0002353593 0.2818594 0.01323994 -0.003093063 0.02067008 0.01767148 -0.004302032 0.02013662 0.01849038 -0.003927549 0.02554155 0.01544195 -0.003747708 0.0204035 0.021364 -0.004534754 0.02565034 0.06074653 -0.001660091 0.1354722 0.06521784 -0.001622012 0.1457522 0.1331633 -0.002054975 0.2575752 0.1317263 -0.001662252 0.2575752 0.1128186 -0.002371857 0.2416448 0.1201247 -0.001831293 0.2495355 0.1303463 -0.001085955 0.2575738 0.145269 -0.0008911293 0.265737 0.1650797 -0.0005833764 0.2725137 0.2040352 -6.626152e-05 0.2818594 0.2040352 6.682309e-05 0.2818594 0.06275031 -0.002542259 0.1351759 0.06780835 -0.002475778 0.1469353 0.1049216 -0.001971534 0.2334346 0.1464045 -0.001364089 0.265737 0.165838 -0.0008930714 0.2725164 0.2042689 -0.000235056 0.2818594 0.2041414 -0.0001652193 0.2818594 0.05749547 -0.003267624 0.1175064 0.06614562 -0.003125704 0.1378919 0.1066549 -0.002437298 0.2334359 0.1475896 -0.001686332 0.265737 0.1666366 -0.001104053 0.2725204 0.204544 -0.0003253422 0.2818594 0.2044044 -0.0002851867 0.2818594 0.01992327 -0.004761955 0.0198771 0.02674907 -0.005767883 0.01914669 0.02903605 -0.006025006 0.01891581 0.02417994 -0.005019638 0.02556443 0.06735482 -0.003628667 0.1354239 0.16745 -0.001275112 0.2725271 0.1487855 -0.001947615 0.2657384 0.1499854 -0.002155295 0.2657384 0.1346093 -0.002373457 0.2575765 0.2046836 -0.0003613316 0.2818594 0.02219064 -0.005144838 0.01962702 0.02451434 -0.005482841 0.01937887 0.03016902 -0.005758203 0.02618067 0.06105557 -0.004201071 0.1147 0.07339456 -0.003933789 0.1444952 0.1281444 -0.003323224 0.2495435 0.1213644 -0.003659227 0.2416515 0.1511867 -0.002327777 0.2657397 0.1682768 -0.001410971 0.2725351 0.1360589 -0.002626579 0.2575779 0.2049668 -0.0004218844 0.2818594 0.2048244 -0.0003934676 0.2818594 0.06070373 -0.004603314 0.1079651 0.07270094 -0.004318672 0.1373175 0.1119579 -0.003364425 0.2334426 0.1265367 -0.003125143 0.2495408 0.1375071 -0.002836821 0.2575805 0.1691116 -0.00152393 0.2725446 0.2052527 -0.0004691737 0.2818594 0.2051104 -0.0004468599 0.2818594 0.0414255 -0.006957252 0.01777621 0.04421162 -0.007087734 0.01754293 0.03304896 -0.006051886 0.02619123 0.0614199 -0.004939317 0.1036948 0.07775578 -0.004521314 0.1441734 0.1230795 -0.003810908 0.2416527 0.129749 -0.003492906 0.2495462 0.1389512 -0.003016583 0.2575818 0.1523853 -0.002475298 0.2657397 0.1699518 -0.001620491 0.2725567 0.2054583 -0.0004979381 0.2818594 0.03132703 -0.006251246 0.01869125 0.03569867 -0.006309488 0.0256157 0.06354368 -0.005200838 0.1028337 0.07582593 -0.004865956 0.1336721 0.1265073 -0.00404971 0.2416568 0.1329463 -0.003760907 0.2495529 0.1535838 -0.002601699 0.265741 0.1708001 -0.001703212 0.2725701 0.2057369 -0.0005314029 0.2818594 0.03362121 -0.006449968 0.01847301 0.03585595 -0.00661965 0.01826661 0.063946 -0.006202286 0.07760674 0.05748435 -0.005665163 0.08111797 0.07499529 -0.005157958 0.1256698 0.08277414 -0.005385 0.133672 0.09290174 -0.005062437 0.1601835 0.09088533 -0.004920357 0.1605938 0.1432529 -0.003414026 0.2575913 0.1247939 -0.003940029 0.2416555 0.1547784 -0.00270954 0.2657424 0.1716522 -0.001773773 0.2725834 0.2060411 -0.0005621846 0.2818594 0.07735338 -0.0053326 0.1256698 0.1126435 -0.004418433 0.2119689 0.1571594 -0.002879301 0.2657449 0.173373 -0.001884894 0.2726171 0.1725114 -0.001833854 0.2725996 0.1559702 -0.002801301 0.2657437 0.2063197 -0.0005857105 0.2818592 0.1040293 -0.005783164 0.1415699 0.1208823 -0.004158191 0.2334982 0.1583459 -0.002945142 0.2657464 0.1446757 -0.003509147 0.2575938 0.2066091 -0.0006064473 0.2818594 0.07603314 -0.005803404 0.1096547 0.08509352 -0.005507881 0.1336719 0.09494759 -0.005182519 0.1598357 0.1392895 -0.004088271 0.2495689 0.1316399 -0.004282672 0.2416648 0.1333478 -0.004333472 0.2416676 0.1226714 -0.004253312 0.2335047 0.1595284 -0.003000023 0.2657478 0.1742401 -0.001927934 0.2726359 0.1460917 -0.003589387 0.257598 0.2069001 -0.0006237441 0.2818594 0.04702315 -0.007195813 0.01731501 0.07636866 -0.005944045 0.1053719 0.07859547 -0.006018845 0.1057688 0.08146085 -0.005810523 0.1176669 0.08741377 -0.005610363 0.1336718 0.09714618 -0.005278599 0.1598842 0.1377098 -0.004027791 0.249565 0.1475037 -0.003656347 0.2576007 0.1756578 -0.001983054 0.2726702 0.2072527 -0.0006408945 0.2818594 0.06881203 -0.006425488 0.07660538 0.08087774 -0.006081966 0.1061756 0.08386632 -0.005897725 0.1176668 0.08973499 -0.005694523 0.1336725 0.09935011 -0.00535708 0.1599479 0.1183753 -0.004672514 0.2120549 0.1262615 -0.004397793 0.2335323 0.1607095 -0.003045062 0.2657491 0.04982573 -0.007283175 0.01709492 0.08240222 -0.006117166 0.1064472 0.09490519 -0.005660042 0.141559 0.1202878 -0.004727876 0.2120878 0.1280557 -0.004450033 0.2335461 0.1618866 -0.003081222 0.2657518 0.1768639 -0.002016975 0.2726975 0.05256767 -0.007350535 0.01688613 0.08498848 -0.006164126 0.1069082 0.09718585 -0.005711083 0.1415617 0.122201 -0.004770596 0.2121207 0.1298551 -0.004490274 0.2335673 0.1517048 -0.003789548 0.2576141 0.2078282 -0.0006608918 0.2818592 0.163061 -0.003109142 0.2657531 0.05524665 -0.007399496 0.01668828 0.08760401 -0.006196686 0.1073743 0.09946683 -0.005747883 0.1415644 0.1241148 -0.004801316 0.2121556 0.131653 -0.004519234 0.2335918 0.05814603 -0.007435576 0.0164806 0.08060773 -0.00655957 0.08158742 0.09022468 -0.006215407 0.1078414 0.1085919 -0.005773803 0.141576 0.1017481 -0.005771563 0.141567 0.126029 -0.004821076 0.2121925 0.1334525 -0.004537794 0.2336212 0.166568 -0.003148584 0.2657585 0.2084817 -0.0006729433 0.2818592 0.06077853 -0.007454136 0.01629747 0.09284598 -0.006221167 0.1083086 0.1279437 -0.004830756 0.21223 0.1352513 -0.004546914 0.2336538 0.1319758 -0.004747556 0.2185319 0.1401646 -0.004428034 0.2416797 0.1471266 -0.004227472 0.2495945 0.1558642 -0.003837949 0.2576275 0.0635452 -0.007460536 0.01611028 0.09546896 -0.006214927 0.1087761 0.1063106 -0.005783643 0.1415727 0.1200888 -0.00530412 0.1767014 0.1370628 -0.004549954 0.2335178 0.1418652 -0.004428434 0.2416823 0.1486835 -0.004227951 0.2495999 0.1572413 -0.003838428 0.2576329 0.2090117 -0.000676084 0.2818594 0.0663121 -0.007454296 0.01592811 0.09809042 -0.006197486 0.1092432 0.1338565 -0.004739475 0.2185652 0.13886 -0.004542193 0.2335257 0.1435644 -0.004420992 0.2416864 0.1502378 -0.004220992 0.2496066 0.1586156 -0.003832109 0.2576383 0.2092873 -0.0006767041 0.281854 0.0690794 -0.007436215 0.01575052 0.0817631 -0.006935012 0.052156 0.1005983 -0.006170606 0.1096903 0.1242897 -0.005259559 0.176759 0.1221892 -0.00528612 0.17673 0.1357377 -0.004723395 0.218599 0.1406572 -0.004526754 0.2335339 0.1452636 -0.004406032 0.2416889 0.1424544 -0.004504034 0.2335406 0.151788 -0.004206832 0.249612 0.1599861 -0.003819388 0.2576436 0.2095596 -0.0006765538 0.2818431 0.07184671 -0.007406936 0.01557763 0.08154334 -0.006886772 0.05721403 0.1032228 -0.006132847 0.110158 0.1263902 -0.005224919 0.176789 0.1376188 -0.004699635 0.2186336 0.1469601 -0.004383952 0.2416931 0.1548441 -0.00410331 0.2520897 0.157088 -0.004075551 0.2516941 0.1619728 -0.003790588 0.2576499 0.2098295 -0.0006755458 0.2818258 0.08291735 -0.007188614 0.01492707 0.08379944 -0.007007573 0.04073022 0.1067601 -0.006067806 0.1107884 0.1407606 -0.004656995 0.2165076 0.1375199 -0.004750916 0.2124333 0.1442503 -0.004474354 0.2335487 0.14148 -0.004586435 0.2249036 0.152039 -0.004246832 0.236178 0.07738194 -0.007316775 0.01524467 0.08457079 -0.007024213 0.03640251 0.1225322 -0.005438361 0.1573046 0.1506364 -0.004317712 0.2282215 0.1588143 -0.004040349 0.2513904 0.1647065 -0.003730347 0.25766 0.1270741 -0.00528596 0.1651266 0.1401101 -0.004721075 0.2083458 0.1396098 -0.004775155 0.2002996 0.1492325 -0.004387953 0.220265 0.2103597 -0.0006709501 0.2817735 0.126931 -0.00532764 0.1573319 0.1477814 -0.004460194 0.2120334 0.1667963 -0.003669628 0.2576718 0.2106214 -0.0006673638 0.2817372 0.1026067 -0.006399648 0.06642138 0.1129865 -0.005974205 0.09417479 0.126867 -0.005360281 0.1495237 0.1330831 -0.005089798 0.1710191 0.1368736 -0.004947237 0.176903 0.137036 -0.004916197 0.1846957 0.1393177 -0.004815876 0.192565 0.1450247 -0.004594994 0.1963969 0.1573339 -0.004123791 0.2352907 0.1687352 -0.003604587 0.257678 0.1885022 -0.001945534 0.2730546 0.09377127 -0.006843652 0.0143417 0.115107 -0.005899244 0.09455279 0.131329 -0.005190118 0.1573603 0.1346241 -0.005064677 0.1613041 0.1436208 -0.004662755 0.1884404 0.2108805 -0.0006629185 0.2816956 0.1894068 -0.001918974 0.2730855 0.1781338 -0.002932501 0.2657812 0.1078043 -0.006223326 0.06734779 0.1102927 -0.006074205 0.09096797 0.131344 -0.005207718 0.1495371 0.1335819 -0.005122679 0.1495432 0.1367984 -0.004968997 0.1691197 0.1408027 -0.004797236 0.1724546 0.1520658 -0.004307952 0.2168183 0.179284 -0.002888661 0.2657827 0.1903128 -0.001890254 0.2731164 0.2111355 -0.0006576142 0.2816487 0.1326161 -0.005170599 0.1376722 0.138412 -0.004909557 0.1588923 0.180433 -0.00284162 0.2657853 0.2113892 -0.0006514508 0.281595 0.1153689 -0.005896124 0.03186687 0.101745 -0.006520129 0.01393682 0.1142425 -0.005967164 0.04957045 0.1271902 -0.00540324 0.1176609 0.1339945 -0.005111559 0.1338434 0.1366065 -0.004992437 0.1486593 0.1684586 -0.003690747 0.2496642 0.1584807 -0.00403683 0.2334982 0.1912188 -0.001859374 0.2731486 0.1815832 -0.002791621 0.265788 0.1921246 -0.001826574 0.2731793 0.1267798 -0.005418521 0.09763322 0.1547582 -0.004199631 0.2128387 0.1602729 -0.003960829 0.2335229 0.182732 -0.002738821 0.2657907 0.1930307 -0.001792014 0.2732103 0.2116402 -0.0006444285 0.2815346 0.1190381 -0.005748123 0.05765595 0.1246785 -0.005509641 0.08968883 0.1231497 -0.005568282 0.0736008 0.1288691 -0.00532804 0.1056446 0.1296135 -0.00530596 0.1089967 0.1566727 -0.004114351 0.2128842 0.1620768 -0.003880429 0.2335316 0.183881 -0.002683379 0.2657933 0.2118871 -0.0006365472 0.2814688 0.1177669 -0.005790523 0.04156055 0.1211024 -0.005657802 0.06559049 0.1251971 -0.005478921 0.08161142 0.1253837 -0.005487722 0.08500904 0.1279962 -0.005375401 0.09982524 0.1607121 -0.00393243 0.22111 0.1643244 -0.003775548 0.2336416 0.1939367 -0.001755693 0.2732412 0.1850313 -0.002625379 0.2657947 0.1948427 -0.001717612 0.2732734 0.1197722 -0.005702523 0.04957045 0.1197721 -0.005720523 0.05318384 0.1211749 -0.005663242 0.06114022 0.1225779 -0.005605402 0.06909644 0.1239808 -0.005546842 0.07705282 0.151585 -0.004324352 0.177169 0.1470064 -0.004508593 0.1495841 0.1536836 -0.004217952 0.1772007 0.1620674 -0.003863948 0.2191188 0.1664954 -0.003668188 0.2336018 0.1861802 -0.002564818 0.2657974 0.1957473 -0.001677932 0.2733043 0.2121327 -0.0006278069 0.2813963 0.1169662 -0.005833244 0.03727131 0.1183691 -0.005777163 0.04522753 0.1624154 -0.003835309 0.2130199 0.168591 -0.003560507 0.2336583 0.2123784 -0.00061848 0.2813171 0.1492432 -0.004390593 0.1495907 0.1557813 -0.00410755 0.1772314 0.1658262 -0.003670267 0.2191929 0.1975539 -0.001593931 0.2733647 0.1458991 -0.004504034 0.125667 0.15148 -0.004268512 0.1495969 0.157879 -0.00399339 0.1772632 0.1690766 -0.003484905 0.2174183 0.1677057 -0.003568187 0.2192291 0.172222 -0.003362266 0.2336775 0.2126226 -0.0006084431 0.2812326 0.1984557 -0.001549691 0.2733942 0.189635 -0.002369058 0.2658041 0.1301388 -0.005140439 0.04656699 0.1411561 -0.004670195 0.09462863 0.150087 -0.004294673 0.133663 0.1568443 -0.00400971 0.1634465 0.1572637 -0.003957629 0.1555501 0.1719844 -0.003316665 0.2176176 0.2053775 -0.001182597 0.2498079 0.202175 -0.00144769 0.2498026 0.2128668 -0.0005976452 0.2811426 0.1365728 -0.004776755 0.05057197 0.1308985 -0.005065158 0.03755572 0.1391985 -0.004712835 0.07460232 0.1465948 -0.004401713 0.1076461 0.1535258 -0.00406531 0.1271899 0.1519631 -0.004178512 0.1316724 0.1757915 -0.003154984 0.2336977 0.2131084 -0.0005860836 0.281046 0.1387188 -0.004606515 0.04126855 0.1434436 -0.004435633 0.06869004 0.1601505 -0.003820028 0.1656267 0.1748003 -0.003146504 0.2178106 0.2011523 -0.00140849 0.2734814 0.1420585 -0.004485793 0.06064533 0.1767066 -0.003028183 0.21794 0.1793956 -0.002934101 0.2337163 0.2133488 -0.0005737597 0.280944 0.2020475 -0.001358809 0.2735096 0.1942561 -0.002077855 0.2658135 0.1802456 -0.002801541 0.2181828 0.1954158 -0.002000094 0.2658162 0.2029401 -0.001307908 0.2735378 0.2135877 -0.0005606747 0.2808353 0.1828475 -0.00271154 0.2337252 0.2138279 -0.0005474031 0.2807172 0.1823962 -0.002658339 0.2183288 0.2140668 -0.0005337866 0.2805923 0.185902 -0.002418818 0.2185695 0.1910564 -0.002307777 0.2497747 0.1945503 -0.002103055 0.2577801 0.2143044 -0.00051964 0.2804608 0.1880827 -0.002264336 0.2187176 0.193475 -0.002129056 0.2497796 0.2145418 -0.0005049645 0.2803226 0.1972953 -0.001895534 0.257787 0.1915064 -0.002015775 0.2189527 0.1958346 -0.001950174 0.2497863 0.2147795 -0.0004897589 0.2801763 0.2150144 -0.000474023 0.2800231 0.1940529 -0.001824733 0.2191261 0.1989947 -0.001703773 0.2497951 0.2152547 -0.0004578 0.2798541 0.2099893 -0.0008588618 0.2737244 0.2154989 -0.0004410884 0.2796703 0.1975311 -0.001555371 0.2193648 0.2157446 -0.0004238668 0.2794743 0.2159915 -0.0004061365 0.2792676 0.1994032 -0.00140689 0.2194919 0.2162398 -0.0003878949 0.2790502 0.2012743 -0.001255951 0.2196205 0.2167123 -0.0003523645 0.2786099 0.2164895 -0.0003691445 0.278822 0.2032327 -0.001094041 0.2197535 0.2168974 -0.0003382004 0.2784234 0.2051292 -0.0009351785 0.2198839 0.2050587 -0.0009929275 0.225762 0.2170665 -0.000324898 0.2782408 0.2070896 -0.0007691338 0.2200171 0.2110402 -0.0006948773 0.2498159 0.2174867 -0.0002901541 0.2777228 0.2173618 -0.0003008741 0.2778904 0.2089989 -0.0006030395 0.2201483 0.2177619 -0.0002664363 0.2773402 0.2176156 -0.0002789764 0.2775429 0.2108497 -0.0004392188 0.220274 0.2146177 -0.0002574477 0.2378048 0.2179055 -0.0002538721 0.2771295 0.2169378 -0.0002290242 0.2578287 0.2183242 -0.0002160318 0.2764624 0.2159607 -0.0002490832 0.24982 0.2188073 -0.0001695867 0.2755122 0.1929113 -0.0001584801 0.009521271 0.2171485 -9.733906e-05 0.2452781 0.2179968 -8.801207e-05 0.253527 0.2188435 -7.443289e-05 0.2617747 0.2192839 -0.0001200168 0.2742465 0.1672205 -0.002433458 0.01734293 0.1409109 0 0.01448003 0.1642207 -0.002666659 0.01701644 0.1702162 0.002196416 0.01766893 0.1702162 -0.002196335 0.01766893 0.1672205 0.002433538 0.01734301 0.1732066 -0.001955214 0.01799429 0.1732066 0.001955295 0.01799437 0.176193 -0.001710013 0.01831933 0.176193 0.001710092 0.01831933 0.1791753 0.001460971 0.0186439 0.179174 -0.001460891 0.01864374 0.1821523 -0.001207809 0.01896774 0.1821523 0.001207914 0.01896774 0.1851252 -0.0009506915 0.01929126 0.1851252 0.0009508029 0.01929126 0.1880928 0.0006897018 0.0196143 0.1880928 -0.000689581 0.0196143 0.1910564 -0.0004244802 0.01993671 0.1910564 0.0004246104 0.01993679 0.1940158 -0.0001553877 0.02025879 0.1940158 0.0001555273 0.02025879 0.1642207 0.00266674 0.01701644 0.1407445 -0.0006387712 0.01446179 0.1406183 -0.0008243487 0.01444818 0.1612155 -0.002895861 0.01668956 0.1408921 0.0002209563 0.01447803 0.1402826 -0.001123595 0.01441154 0.1400814 -0.0012291 0.0143897 0.1551931 -0.003342185 0.01603412 0.1408357 0.0004358472 0.01447187 0.1491533 -0.003772588 0.01537682 0.1521759 -0.003559386 0.01570571 0.139864 -0.001301078 0.0143661 0.1612169 0.002895941 0.01668956 0.1396385 -0.001337564 0.01434146 0.1461253 -0.003981869 0.01504738 0.1407445 0.0006388504 0.01446179 0.1430933 -0.004187071 0.01471746 0.1406183 0.0008244279 0.01444818 0.1400573 -0.004388273 0.01438715 0.139409 -0.001337564 0.0143165 0.1582077 0.003121064 0.01636219 0.1370172 -0.004585554 0.01405618 0.1339715 -0.004778836 0.01372474 0.1404639 0.0009875185 0.01443131 0.1387646 -0.001123595 0.01424634 0.1385835 -0.0009874406 0.01422674 0.1402826 0.001123674 0.01441154 0.1551945 0.003342264 0.01603428 0.1400814 0.001229179 0.0143897 0.1381353 0 0.01417786 0.1339715 0.004778916 0.01372474 0.1430946 0.004187151 0.01471754 0.139409 0.001337643 0.0143165 0.1396385 0.001337643 0.01434146 0.1491533 0.003772668 0.01537682 0.1461253 0.003981869 0.01504747 0.1382103 0.0004358472 0.0141861 0.138303 0.0006388504 0.01419618 0.1521759 0.003559466 0.01570588 0.139864 0.001301157 0.0143661 0.1400573 0.004388353 0.01438715 0.1370172 0.004585635 0.01405618 0.1391822 0.001301157 0.01429187 0.1387646 0.001123674 0.01424634 0.1389661 0.001229179 0.01426834 0.1384279 0.0008244279 0.01420986 0.1385835 0.0009875185 0.01422674 0.138154 0.0002209563 0.01418002 0.138154 -0.0002208771 0.01418002 0.138303 -0.0006387712 0.01419618 0.1382103 -0.000435768 0.0141861 0.1384279 -0.0008243487 0.01420986 0.1389661 -0.0012291 0.01426834 0.1391822 -0.001301078 0.01429187 0.1582062 -0.003120983 0.01636204 0.1404639 -0.0009874406 0.01443131 0.1408357 -0.000435768 0.01447187 0.1408921 -0.0002208771 0.01447803 0.137142 0 0.008411504 0.1389956 0.001229179 0.008092061 0.1387888 0.001301157 0.008127661 0.1379326 0.001229179 0.008275182 0.1375689 0.0009875185 0.008337983 0.1374211 0.0008244279 0.008363503 0.1377405 0.001123674 0.008308222 0.1373018 0.0006388504 0.008384063 0.1381393 0.001301157 0.008239582 0.1372132 0.0004358472 0.008399184 0.1383554 0.001337643 0.008202382 0.1385741 0.001337643 0.008164782 0.1371595 0.0002209563 0.008408464 0.1373004 -0.0006385014 0.008384063 0.1393607 0.0009875185 0.00802918 0.1372132 -0.0004355613 0.008399184 0.1371595 -0.0002209388 0.008408464 0.1391875 0.001123674 0.008058941 0.1395083 0.0008244279 0.008003741 0.1374199 -0.0008240494 0.008363503 0.1396278 0.0006388504 0.0079831 0.1379326 -0.001228885 0.008275262 0.1397875 0 0.007955659 0.1397687 0.0002209563 0.00795878 0.1375689 -0.0009871427 0.008337983 0.1377405 -0.001123328 0.008308303 0.139715 0.0004358472 0.007967981 0.139715 -0.0004358848 0.007967981 0.1385728 -0.001337573 0.008164862 0.1396278 -0.0006389309 0.0079831 0.1397687 -0.0002209388 0.00795878 0.1381393 -0.001300933 0.008239662 0.1383554 -0.001337495 0.008202462 0.1393607 -0.0009876299 0.008029261 0.1389956 -0.001229236 0.008092061 0.1391875 -0.001123768 0.008058941 0.1395083 -0.000824534 0.008003741 0.1387888 -0.001301157 0.008127661 0.138154 0.0002209563 0.01418002 0.1381353 0 0.01417786 0.137142 0 0.008411504 0.1374211 0.0008244279 0.008363503 0.1384279 0.0008244279 0.01420986 0.1373018 0.0006388504 0.008384063 0.138303 0.0006388504 0.01419618 0.1382103 0.0004358472 0.0141861 0.1372132 0.0004358472 0.008399184 0.1377405 0.001123674 0.008308222 0.1379326 0.001229179 0.008275182 0.1389661 0.001229179 0.01426834 0.1385835 0.0009875185 0.01422674 0.1375689 0.0009875185 0.008337983 0.1387646 0.001123674 0.01424634 0.1396385 0.001337643 0.01434146 0.1383554 0.001337643 0.008202382 0.1385741 0.001337643 0.008164782 0.139409 0.001337643 0.0143165 0.1391822 0.001301157 0.01429187 0.1381393 0.001301157 0.008239582 0.1391875 0.001123674 0.008058941 0.1402826 0.001123674 0.01441154 0.1389956 0.001229179 0.008092061 0.1387888 0.001301157 0.008127661 0.1400814 0.001229179 0.0143897 0.139864 0.001301157 0.0143661 0.1407445 0.0006388504 0.01446179 0.1396278 0.0006388504 0.0079831 0.1408357 0.0004358472 0.01447187 0.1406183 0.0008244279 0.01444818 0.1393607 0.0009875185 0.00802918 0.1395083 0.0008244279 0.008003741 0.1408921 -0.0002208771 0.01447803 0.1409109 0 0.01448003 0.1397875 0 0.007955659 0.1397687 0.0002209563 0.00795878 0.1408921 0.0002209563 0.01447803 0.139715 0.0004358472 0.007967981 0.1396278 -0.0006389309 0.0079831 0.1406183 -0.0008243487 0.01444818 0.1407445 -0.0006387712 0.01446179 0.1397687 -0.0002209388 0.00795878 0.139715 -0.0004358848 0.007967981 0.1408357 -0.000435768 0.01447187 0.1402826 -0.001123595 0.01441154 0.1391875 -0.001123768 0.008058941 0.1400814 -0.0012291 0.0143897 0.1404639 -0.0009874406 0.01443131 0.1395083 -0.000824534 0.008003741 0.1393607 -0.0009876299 0.008029261 0.1396385 -0.001337564 0.01434146 0.1387888 -0.001301157 0.008127661 0.1385728 -0.001337573 0.008164862 0.139864 -0.001301078 0.0143661 0.1389956 -0.001229236 0.008092061 0.139409 -0.001337564 0.0143165 0.1383554 -0.001337495 0.008202462 0.1391822 -0.001301078 0.01429187 0.1381393 -0.001300933 0.008239662 0.1389661 -0.0012291 0.01426834 0.1387646 -0.001123595 0.01424634 0.1379326 -0.001228885 0.008275262 0.1377405 -0.001123328 0.008308303 0.1385835 -0.0009874406 0.01422674 0.1375689 -0.0009871427 0.008337983 0.1384279 -0.0008243487 0.01420986 0.138303 -0.0006387712 0.01419618 0.1374199 -0.0008240494 0.008363503 0.1373004 -0.0006385014 0.008384063 0.1382103 -0.000435768 0.0141861 0.1372132 -0.0004355613 0.008399184 0.138154 -0.0002208771 0.01418002 0.1371595 -0.0002209388 0.008408464 0.1404639 0.0009875185 0.01443131 0.1371595 0.0002209563 0.008408464</float_array>
          <technique_common>
            <accessor source="#ID92_014-mesh-positions-array" count="2857" stride="3">
              <param name="X" type="float"/>
              <param name="Y" type="float"/>
              <param name="Z" type="float"/>
            </accessor>
          </technique_common>
        </source>
        <source id="ID92_014-mesh-normals">
          <float_array id="ID92_014-mesh-normals-array" count="9372">-2.72337e-6 0.707114 -0.7070996 3.36876e-6 0.7071049 -0.7071087 3.55523e-7 0.7071081 -0.7071055 1.44229e-6 0.7070937 -0.70712 -5.66091e-6 0.7071956 -0.707018 1.50458e-6 0.7072406 -0.706973 2.54683e-6 0.707161 -0.7070525 1.88408e-6 0.7070771 -0.7071366 -1.59775e-6 0.7070372 -0.7071764 2.1206e-6 0.7070696 -0.707144 -2.69268e-5 0.7066669 -0.7075465 -3.35793e-6 0.7070444 -0.7071692 0 0.707106 -0.7071076 1.85805e-6 0.7071287 -0.7070849 0 0.7071068 -0.7071068 0 0.707107 -0.7071066 0 0.7071068 -0.7071068 1 0 0 0.02392834 0.7069042 0.7069044 0.02392834 0.7069044 0.7069043 -1 0 0 -1 -4.04216e-7 0 -0.008636832 -0.7074009 -0.7067599 -0.01507651 -0.7075604 -0.7064922 -0.009918749 -0.7067363 -0.7074077 0.01132249 -0.7073666 -0.7067562 0.004547357 -0.7073436 -0.7068553 0.007507741 -0.7067053 -0.7074683 -0.001037657 -0.7066485 -0.7075641 -0.01028501 -0.7865763 -0.6174073 0.001373291 -0.7177972 -0.696251 -0.001159727 -0.7099694 -0.7042317 -0.01690751 -0.7876642 -0.6158729 -0.02227896 -0.7064887 -0.7073737 -0.02411019 -0.7113431 -0.7024314 -0.1352902 -0.6926567 -0.7084655 -0.1101124 -0.6979992 -0.7075822 -0.1137776 -0.6963692 -0.7086076 -0.01129192 -0.8249544 -0.5650866 -0.06122124 -0.7098126 -0.7017251 -0.02887117 -0.7172027 -0.6962664 -0.04049873 -0.7126193 -0.7003812 -0.08520948 -0.7042604 -0.7048097 -0.06296145 -0.7081716 -0.7032275 -0.07117074 -0.705329 -0.7052985 -0.04922789 -0.7106155 -0.7018563 -0.09735482 -0.6990016 -0.7084624 -0.08643192 -0.7022292 -0.7066851 -0.1411821 -0.6916583 -0.7082913 -0.1604701 -0.6887583 -0.7070088 -0.125496 -0.6937988 -0.7091501 -0.154639 -0.6897563 -0.7073352 -0.1721283 -0.6887271 -0.7042919 -0.1864737 -0.6876029 -0.7017334 -0.1904379 -0.6877739 -0.7005003 -0.2064311 -0.6883886 -0.695347 -0.2179986 -0.6901003 -0.6901003 -0.2012127 -0.6884509 -0.6968132 -0.01202154 -0.8268983 -0.5622231 0.02353036 -0.7125043 -0.7012732 0.02322512 -0.7147311 -0.6990137 0.02392679 -0.7108152 -0.7029718 0.02301156 -0.7190968 -0.6945288 0.02295041 -0.7201316 -0.6934578 0.02429348 -0.70967 -0.7041154 0.02487313 -0.7084733 -0.7052992 0.02545326 -0.7074726 -0.7062824 0.01889121 -0.7104513 -0.7034929 0.006439566 -0.7075651 -0.706619 0.005981802 -0.707323 -0.7068653 -0.008514761 -0.7076456 -0.7065164 -0.08160722 -0.9965609 0.01437431 -0.2129917 -0.9763315 0.0375688 -0.2417409 -0.9694052 0.0426045 -0.3576553 -0.9317227 0.06305277 -0.3954717 -0.9158293 0.06970649 -0.5385985 -0.8371961 0.09494447 -0.5011831 -0.8608191 0.0883525 -0.6260813 -0.7719044 0.1103898 -0.667059 -0.7356662 0.1175906 -0.7334982 -0.6672716 0.1293403 -0.7771696 -0.6141974 0.1370003 -0.8657746 -0.4765911 0.1526275 -0.8191736 -0.555058 0.1444487 -0.8880246 -0.4323081 0.1565953 -0.9312616 -0.3252732 0.1641625 -0.9382756 -0.3037554 0.1654434 -0.9713057 -0.1650481 0.1712435 -0.9814072 -0.08310389 0.1730135 -0.9703075 -0.1709704 0.1710925 -0.9825543 -0.06759923 0.1732555 -0.06378406 -0.9979006 0.01123088 0.08127135 -0.9965893 -0.01431328 0.1020859 -0.9946132 -0.01797562 0.242049 -0.9693256 -0.04266607 0.3959216 -0.9156279 -0.06979668 0.2534012 -0.9663304 -0.0446496 0.5384489 -0.8372922 -0.09494495 0.3919868 -0.9173725 -0.06909513 0.5307289 -0.8423604 -0.09357184 0.6670886 -0.7356347 -0.117621 0.6520033 -0.7494497 -0.1149643 0.7535189 -0.6438634 -0.13285 0.7773255 -0.6139864 -0.137062 0.8356109 -0.5291999 -0.1473153 0.8988 -0.4087175 -0.1584573 0.8658651 -0.4764074 -0.1526884 0.931239 -0.3253064 -0.1642249 0.9435197 -0.2865411 -0.1663275 0.9713104 -0.1649879 -0.1712749 0.9717835 -0.1621165 -0.1713332 0.9814045 -0.08307313 -0.1730436 0.9824787 -0.06876003 -0.1732277 0.02429318 -0.7063639 -0.707432 0.02642971 -0.7054545 -0.7082623 0.02893215 -0.7049926 -0.7086244 0.0237441 -0.7066175 -0.7071973 0.03018379 -0.700331 -0.7131797 0.03546339 -0.704599 -0.7087191 0.03036659 -0.7019423 -0.7115864 0.03039687 -0.7038288 -0.709719 0.03058034 -0.703135 -0.7103986 0.03000044 -0.6980988 -0.7153727 0.02981716 -0.6944018 -0.7189696 0.02966457 -0.6867111 -0.7263249 0.02963417 -0.6851884 -0.7277628 0.04393994 -0.7064298 -0.7064179 0.04648143 -0.7083388 -0.7043406 0.04535669 -0.7086841 -0.7040666 0.04297155 -0.7079018 -0.7050026 0.04175031 -0.7069174 -0.7060629 0.03769147 -0.7043576 -0.708844 0.03927785 -0.7048041 -0.7083138 0.04092574 -0.7045585 -0.7084649 0.03640919 -0.706638 -0.706638 0.04202532 -0.704878 -0.7080826 0.02376389 -0.706804 -0.7070102 0.0422061 -0.7082976 -0.7046512 0.02859681 -0.707077 -0.7065582 0.03790485 -0.7085035 -0.7046886 0.03390657 -0.7084985 -0.7048973 0.0393387 -0.7086164 -0.7044965 0.03954112 -0.7075229 -0.7055835 0.04550397 -0.7037866 -0.7089526 0.04393959 -0.7042189 -0.708622 1 9.40792e-6 0 1 -1.24896e-5 0 1 -1.93789e-5 0 0 -0.7071073 -0.7071063 0 -0.7071065 -0.7071071 1 1.16786e-5 0 1 -4.99857e-6 0 1 1.27317e-5 0 1 -2.13961e-5 0 1 9.19126e-6 0 1 -1.23272e-5 0 1 9.84485e-6 0 0 0.7071065 -0.7071072 0 0.7071065 -0.7071071 0 0.707108 -0.7071056 0 0.7071063 -0.7071073 0 0.707107 -0.7071067 0 0.7071066 -0.7071071 0 0.7071069 -0.7071068 0 0.7071062 -0.7071074 0 0.7071074 -0.7071061 0 0.7071067 -0.7071069 0 0.7071069 -0.7071067 0 0.7071067 -0.707107 0 0.7071073 -0.7071064 0 0.7071067 -0.707107 0 0.7071071 -0.7071065 0 0.7071073 -0.7071063 0 0.707107 -0.7071067 0 0.7071067 -0.707107 0 0.7071071 -0.7071066 0 0.7071074 -0.7071062 0 0.7071067 -0.707107 0 0.7071068 -0.7071068 0 0.7071061 -0.7071076 0 0.707107 -0.7071065 0 0.7071068 -0.7071069 0 0.7071068 -0.7071068 0 0.7071064 -0.7071072 -1 0 0 -0.06055068 -0.7056415 -0.7059772 -0.05020409 -0.7062151 -0.7062151 -0.05945205 -0.7057645 -0.7059476 -0.1626089 -0.6976804 -0.6977109 -0.1553459 -0.6982632 -0.698782 -0.1555577 -0.698499 -0.698499 -0.04962462 -0.7062203 -0.7062509 -0.03869897 -0.7066228 -0.7065313 -0.04052984 -0.7067089 -0.7063426 -0.03558611 -0.7069317 -0.7063862 -0.02777218 -0.7068493 -0.7068188 -0.03170955 -0.7070106 -0.7064918 -0.02227896 -0.7069161 -0.7069466 -0.02700924 -0.707093 -0.7066047 -0.02763724 -0.7071062 -0.7065671 -0.07159733 -0.7050175 -0.7055668 -0.06689763 -0.7054159 -0.7056295 -0.07819122 -0.7048504 -0.7050335 -0.0726965 -0.7051138 -0.7053579 -0.08392781 -0.7046273 -0.7045968 -0.08395808 -0.7043814 -0.7048391 -0.08990919 -0.7041972 -0.7042888 -0.09787505 -0.7034981 -0.7039253 -0.09586095 -0.7038351 -0.7038657 -0.1022084 -0.7033121 -0.7034952 -0.1083448 -0.7028375 -0.7030512 -0.1119449 -0.7024028 -0.7029216 -0.1212818 -0.7017192 -0.7020549 -0.1149037 -0.7023013 -0.7025455 -0.1114736 -0.7026814 -0.702718 -0.1280885 -0.7011144 -0.7014501 -0.1260467 -0.7011313 -0.7018027 -0.134742 -0.7004754 -0.7008416 -0.1401447 -0.6998078 -0.7004488 -0.1416705 -0.6998375 -0.7001122 -0.1485053 -0.6991593 -0.6993729 -0.1838462 -0.6951305 -0.6949779 -0.1726754 -0.6963173 -0.696653 -0.1769179 -0.6960442 -0.6958611 -0.169596 -0.6969702 -0.6967566 -0.1983478 -0.6931341 -0.6929815 -0.1908066 -0.6940088 -0.6942224 -0.1910834 -0.6942606 -0.6938944 -0.2089334 -0.6913177 -0.691684 -0.2197669 -0.6897892 -0.6898503 -0.2241356 -0.6890097 -0.6892234 -0.2053964 -0.692122 -0.6919389 -0.243362 -0.6859244 -0.6857718 -0.2500466 -0.6845226 -0.6847668 -0.2365847 -0.6869869 -0.6870785 -0.2343568 -0.6874448 -0.6873838 -0.2807734 -0.6785865 -0.6787391 -0.2841374 -0.6778097 -0.6781149 -0.2662204 -0.6814973 -0.6816805 -0.2654221 -0.6816377 -0.6818513 -0.2540147 -0.6839445 -0.6838834 -0.3336317 -0.6663174 -0.6668667 -0.3165493 -0.6707904 -0.6706988 -0.3375146 -0.6655377 -0.6656903 -0.2978338 -0.6750777 -0.6749557 -0.3074846 -0.6725901 -0.673109 -0.3876292 -0.6519593 -0.6516846 -0.4159187 -0.6432273 -0.6428611 -0.4004086 -0.6476122 -0.6482836 -0.3647371 -0.6581199 -0.6586692 -0.3613168 -0.6593369 -0.6593369 -0.5186431 -0.6045851 -0.6045546 -0.4821823 -0.6191552 -0.6197961 -0.4819871 -0.6195058 -0.6195974 -0.4390859 -0.6349608 -0.6356322 -0.4475334 -0.6324188 -0.6322662 -0.6323795 -0.5472322 -0.5483003 -0.5791392 -0.5758736 -0.5770334 -0.5996542 -0.5661434 -0.5655941 -0.5285887 -0.5997895 -0.6007051 -0.5582938 -0.5868296 -0.5864633 -0.6864735 -0.5141913 -0.5141608 -0.6878824 -0.5127912 -0.5136762 -0.6423643 -0.5421094 -0.5417431 -0.7970818 -0.4260544 -0.4279466 -0.8115431 -0.4132946 -0.4130199 -0.847301 -0.3745605 -0.3765443 -0.729933 -0.483336 -0.4833055 -0.7719239 -0.449732 -0.4493047 -0.742984 -0.4726471 -0.4738984 -0.9048889 -0.3010701 -0.300887 -0.9302363 -0.258165 -0.2607897 -0.8921134 -0.3184397 -0.320515 -0.8777084 -0.3383995 -0.3392845 -0.8468702 -0.3757187 -0.3763596 -0.9590274 -0.1987088 -0.2019438 -0.955664 -0.2080463 -0.208382 -0.9647429 -0.1857704 -0.1864418 -0.9256271 -0.2674732 -0.2677174 -0.9420914 -0.236858 -0.2374073 -0.9708875 -0.1675522 -0.1711841 -0.9696674 -0.1715504 -0.1741141 -0.9759428 -0.1536641 -0.1546713 -0.9795653 -0.1422181 -0.1422181 -0.2269381 -0.6886578 -0.6886578 -0.2128397 -0.6909508 -0.6908592 0 -1 0 0 -1 0 0 -1 0 0.001058757 0 0.9999995 0 0 1 -1.86091e-4 0 1 -9.88772e-5 0 1 2.85751e-4 0 1 3.21802e-5 0 1 -2.43415e-4 0 1 -2.55249e-4 0 1 -1.14878e-4 0 1 -3.89024e-4 0 1 7.85043e-4 0 0.9999998 3.72971e-4 0 1 -3.72781e-4 0 1 1.3473e-4 0 1 -3.08698e-4 0 1 3.34284e-4 0 1 -2.43743e-4 0 1 -4.46624e-4 0 1 0 -1.74242e-5 1 -1.53645e-4 -1.72152e-5 1 3.15186e-4 -1.74291e-5 1 1.47425e-4 -1.29873e-6 1 1.52197e-4 0 1 -1.41878e-4 0 1 1.5329e-4 0 1 4.9968e-5 0 1 -1.4028e-4 0 1 -8.89282e-5 0 1 1.36246e-4 0 1 9.56324e-5 0 1 -1.35288e-4 0 1 -1.37403e-4 0 1 -1.59894e-5 0 1 1.33785e-4 0 1 1.77684e-4 0 1 -2.7513e-4 0 1 0.7232776 0.008911609 0.6904999 0.7506194 0.01532059 0.6605573 0.7233296 0.00766021 0.6904607 0.7580969 0.01446604 0.6519816 0.6915085 0.00262463 0.7223637 0.6915062 0.003692805 0.7223612 0.6600967 0.004760921 0.7511656 0.6551262 0.004822015 0.7555041 0.6305618 0.009705126 0.7760784 0.62088 0.006042718 0.7838824 0.5769372 3.05193e-5 0.8167886 0.6034865 0.006775259 0.7973445 0.5727798 -0.001037597 0.8197087 0.5374463 -0.005371391 0.843281 0.5447678 -0.008331716 0.8385456 0.5064666 -0.01025444 0.8621987 0.4735675 -0.007568776 0.8807251 0.4599792 -0.009094595 0.8878832 0.5173653 -0.01022398 0.8557037 0.4324538 -0.002533018 0.9016525 0.4146304 -0.003479123 0.9099833 0.4017872 -3.66232e-4 0.915733 0.3814023 -0.002685666 0.9244053 0.3067168 -0.002014219 0.9517987 0.3480727 -0.003418147 0.9374614 0.3236525 0 0.9461761 0.2721081 -1.52595e-4 0.9622668 0.28896 0.001220762 0.9573404 0.2556902 0.001464903 0.9667578 0.1836931 0.001464903 0.9829826 0.1942259 4.88312e-4 0.9809568 0.2198925 0.00149542 0.9755231 0.01947122 0 0.9998105 0.02948153 0 0.9995654 0.02942055 0 0.9995672 0.09796553 0 0.9951899 0.07498568 3.05192e-5 0.9971846 0.09824055 3.0519e-5 0.9951628 0.1239371 0 0.9922902 0.1239972 0 0.9922826 0.07495534 3.05193e-5 0.9971869 0.1478017 0 0.9890171 0.1506397 5.49335e-4 0.9885886 0.05182194 0 0.9986564 0.05206543 0 0.9986437 0.2205285 0.001495361 0.9753795 0.1696228 0 0.9855092 0.2447322 0.001068115 0.9695901 0.3666237 -5.18822e-4 0.9303691 0.7907586 0.008636951 0.6120673 0.7828526 0.01663303 0.6219849 0.8166666 -0.007629811 0.5770594 0.8050315 0.001831114 0.5932294 0.8235448 -0.006897449 0.5672094 0.8358515 -0.01214647 0.5488213 0.8486527 -0.007233083 0.5289011 0.967719 -0.001983702 0.2520238 0.9795606 -0.003540158 0.2011186 0.9781956 -0.005188226 0.2076209 0.9841784 0.01297056 0.1767053 0.9873555 0.001342833 0.1585164 0.859386 -0.008606314 0.5112552 0.9659552 -5.49341e-4 0.2587091 0.9532726 -5.79868e-4 0.3021112 0.9965814 -1.83117e-4 0.08261609 0.9992818 -0.004486262 0.03762984 0.9963709 -6.4089e-4 0.08511632 0.9527572 0.00137335 0.3037298 0.9408623 -5.79856e-4 0.3387886 0.9914372 0.002563536 0.1305599 0.9934945 -0.006683707 0.1136844 0.8735752 -0.001739561 0.4866861 0.8845027 -0.004455745 0.4665139 0.8933504 1.52595e-4 0.4493609 0.908262 -0.002777278 0.4183926 0.9059269 -0.003326535 0.423421 0.9246399 -0.004303157 0.3808184 0.9212284 -0.004120111 0.3890004 0.9367282 -0.00100708 0.3500561 0.9995852 -0.001190185 0.02877926 0.9998531 0.001648008 -0.01705992 0.9998275 0.01812815 0.004058957 0.9989795 0.01837241 -0.04126173 0.9979364 -0.003418087 -0.06412011 0.9959017 0.003692805 -0.09036725 0.9966105 0.006531119 -0.08200556 0.995769 0 -0.09189224 0.9947695 0 -0.1021464 0.9947543 -2.51661e-4 -0.1022925 0.994749 -0.006609201 -0.1021314 0.9947543 -5.01017e-4 -0.1022922 0.9947543 5.08828e-4 -0.1022928 0.9947545 2.70171e-4 -0.1022913 0.9947544 -2.57313e-4 -0.102293 0.9947472 -0.006563663 -0.1021521 0.9947543 5.97343e-4 -0.102292 0.9947544 0 -0.1022918 0.9947187 0.008358597 -0.102298 0.9947544 0 -0.1022925 0.06778222 0 -0.9977002 0.06841778 0 -0.9976568 0.06850451 0 -0.9976509 0.06849569 0 -0.9976514 0.06847977 0 -0.9976525 0.06848132 0 -0.9976525 0.06777304 0 -0.9977008 0.06780511 0 -0.9976986 0.06849634 0 -0.9976514 0.06845849 0 -0.997654 0.06784343 0 -0.997696 0.0678336 0 -0.9976967 0.06850379 0 -0.9976509 0.06848907 0 -0.9976519 0.06780177 0 -0.9976989 0.06781733 0 -0.9976978 0.06853026 0 -0.9976491 0.06855964 0 -0.9976471 0.06782424 0 -0.9976973 0.06783306 0 -0.9976967 0.06853473 0 -0.9976488 0.06855553 0 -0.9976473 0.06779158 -4.50558e-4 -0.9976995 0.06785589 0 -0.9976952 0.06778156 0 -0.9977002 0.06841737 0 -0.9976569 0.06849932 0 -0.9976512 0.06845122 0 -0.9976545 0.06772255 0 -0.9977043 0.06846606 0 -0.9976536 0.06844955 0 -0.9976546 0.06777131 0 -0.9977009 0.06846415 0 -0.9976537 0.06841909 0 -0.9976567 0.06771367 0 -0.9977049 0.06775075 0 -0.9977023 0.06844085 0 -0.9976552 0.06846189 0 -0.9976539 0.06836444 0 -0.9976604 0.0683937 0 -0.9976585 0.06769698 0 -0.997706 0.06769305 0 -0.9977062 0.06841009 0 -0.9976573 0.06844168 0 -0.9976552 0.06838691 0 -0.9976589 0.06841379 0 -0.9976571 0.06840234 0 -0.9976579 0.0683552 0 -0.9976611 0.9844881 0 0.1754511 0.984484 5.36544e-5 0.1754744 0.9844827 1.39094e-5 0.1754821 0.9844856 0 0.1754661 0.9844887 5.79235e-6 0.1754483 0.9844867 -2.93475e-6 0.1754595 0.9844834 -7.02874e-5 0.1754776 0.984486 -2.28399e-5 0.1754633 0.984488 4.34967e-5 0.1754521 0.9844862 -8.29775e-6 0.1754624 0.9844863 -1.19838e-5 0.1754615 0.9844857 2.15122e-5 0.1754654 0.9844859 1.27466e-5 0.1754639 0.9844884 -3.81486e-5 0.1754496 0.9844866 -1.53613e-5 0.1754599 0.9844871 -9.53925e-6 0.1754571 0.984486 -1.02451e-5 0.1754636 0.9844858 -9.88134e-6 0.1754643 0.9844853 5.02124e-5 0.1754674 0.1754691 0 -0.984485 0.1754581 0 -0.9844869 0.1754636 2.38581e-7 -0.984486 -0.1754632 0 0.9844861 -0.1754859 0 0.9844821 -0.1754781 -3.92066e-6 0.9844834 -0.9844838 0 -0.1754757 -0.9844838 0 -0.1754758 -0.1754496 0 0.9844885 -0.1754394 0 0.9844902 -0.1754741 -8.88512e-6 0.9844841 -0.1754531 4.42299e-6 0.9844878 -0.9844884 -1.70849e-5 -0.17545 -0.9844878 -2.21305e-5 -0.1754531 -0.9844858 1.40398e-5 -0.1754648 -0.9844869 -3.21319e-5 -0.1754583 -0.9844852 4.35649e-5 -0.1754681 -0.9844838 -6.47255e-5 -0.1754755 -0.9844865 7.24119e-6 -0.1754608 -0.9844885 2.30852e-5 -0.1754492 -0.9844872 -8.65365e-6 -0.175457 -0.9844865 -7.58824e-6 -0.1754609 -0.9844862 -1.82293e-5 -0.1754624 -0.9844833 -1.90554e-5 -0.1754789 -0.9844893 2.30554e-5 -0.1754453 -0.9844865 -8.13532e-6 -0.1754601 -0.9844865 -4.42819e-6 -0.1754602 -0.9844853 0 -0.1754671 0.05579 -0.4259024 0.9030475 0.05725449 -0.4255939 0.9031013 0.063358 -0.3962013 0.9159751 0.06234967 -0.4172517 0.9066496 0.06213742 -0.4171081 0.9067303 0.06467062 -0.44244 0.8944633 0.05581861 -0.4896722 0.8701181 0.06347912 -0.3960731 0.9160221 0.06164908 -0.4384716 0.8966282 0.06363189 -0.4340703 0.898629 0.06390708 -0.4339517 0.8986668 0.05893212 -0.4809488 0.8747659 0.05456775 -0.5371633 0.8417114 0.06317359 -0.4404757 0.8955392 0.06320613 -0.4950286 0.8665747 0.05942004 -0.4974562 0.8654518 0.06183165 -0.5478786 0.8342697 0.05920743 -0.5785545 0.8134921 0.06845396 -0.4334604 0.898569 0.05285972 -0.5731562 0.8177395 0.05185216 -0.6014124 0.7972544 0.0567969 -0.5829241 0.8105392 0.05591154 -0.6052304 0.7940845 0.05502659 -0.606788 0.7929568 0.052432 -0.6207306 0.7822688 0.05569756 -0.5708011 0.8191971 0.05243217 -0.5933873 0.8032076 0.05111938 -0.6059862 0.7938309 0.9848062 2.49189e-4 -0.1736573 0.9848137 0 -0.1736146 0.9848089 2.48124e-5 -0.173642 0.9848119 -2.32161e-4 -0.1736252 0.9847884 0.002347946 -0.1737427 0.9848183 -0.001829504 -0.173579 0.9847847 0.003574252 -0.1737422 0.9848123 -6.47402e-4 -0.1736217 0.9848105 8.23932e-4 -0.1736311 0.984808 0 -0.1736469 0.9848065 -1.94068e-4 -0.1736547 0.9848081 6.48418e-5 -0.1736462 0.9848082 2.46775e-5 -0.1736461 0.9848083 3.30648e-5 -0.1736454 0.9848068 -1.33319e-4 -0.1736535 0.9848078 -3.30926e-5 -0.1736484 0.9848083 3.31522e-5 -0.1736454 0.984808 0 -0.1736469 0.9848067 -8.20988e-6 -0.1736545 0.9848081 -4.94972e-5 -0.1736466 0.984807 -1.61007e-5 -0.173653 0.9848079 1.42967e-5 -0.1736478 0.9848072 -4.04861e-6 -0.1736512 0.9848068 4.0883e-6 -0.173654 0.9848071 5.40301e-6 -0.1736524 0.9848074 -1.48832e-5 -0.1736503 -0.1731724 -8.94326e-4 -0.9848911 -0.1737677 -2.23352e-4 -0.9847868 -0.1744638 0 -0.9846637 -0.1734543 0 -0.9848419 -0.1741604 -6.93597e-4 -0.9847171 -0.1732668 2.50547e-4 -0.9848749 -0.173495 -0.001336991 -0.9848338 -0.1733971 1.68543e-4 -0.984852 -0.1736869 0.006292045 -0.9847809 -0.1737322 0.001655995 -0.9847916 -0.17314 -0.004549086 -0.9848868 -0.1722434 -0.01592034 -0.9849258 -0.1736927 -0.003543555 -0.9847936 -0.1731504 -3.45472e-4 -0.9848954 -0.1735078 -9.72528e-4 -0.9848321 -0.1737369 -0.002835273 -0.9847881 -0.1736381 0.001399576 -0.9848086 -0.1736438 8.36012e-4 -0.9848082 -0.1736952 -8.16613e-5 -0.9847996 -0.173706 0.002124369 -0.9847953 -0.1734681 -2.45557e-4 -0.9848396 -0.1734833 -2.3663e-4 -0.9848368 -0.1742784 6.32322e-4 -0.9846963 -0.9848094 -1.23683e-5 0.1736388 -0.9848097 -3.75002e-5 0.1736374 -0.9848082 3.96052e-5 0.1736459 -0.9848077 -1.20906e-5 0.173649 -0.9848076 3.77308e-5 0.1736499 -0.9848084 8.52992e-5 0.1736446 -0.9848067 3.13069e-5 0.1736543 -0.9848123 -6.29899e-5 0.1736231 -0.9848082 -3.21444e-5 0.1736457 -0.9848102 -1.24378e-5 0.1736347 -0.9848077 3.56945e-5 0.1736487 -0.9848077 7.75942e-6 0.1736487 -0.9848073 2.2305e-4 0.1736508 -0.9848081 -1.07297e-4 0.1736462 -0.984808 -5.16686e-5 0.1736469 -0.9848088 5.14714e-4 0.1736421 -0.9848085 4.77256e-4 0.1736436 -0.9848054 2.53126e-4 0.1736621 -0.9848076 6.16216e-6 0.1736491 0.05969518 -0.5981729 0.7991407 0.05981713 -0.6000335 0.7977354 0.0566138 -0.5515195 0.8322387 0.05853652 -0.5856705 0.8084328 0.05838322 -0.5901803 0.8051576 0.05981653 -0.58608 0.8080422 0.06012213 -0.5761958 0.8150974 0.0601834 -0.5527295 0.8311848 0.0584743 -0.5938682 0.8024347 0.05868774 -0.5965215 0.8004485 0.05987858 -0.5727836 0.8175168 0.05911523 -0.5982326 0.799139 0.05948138 -0.5682324 0.8207156 0.05545318 -0.5733622 0.8174234 0.05829113 -0.6126368 0.7882121 0.05838298 -0.6135249 0.7875142 0.05435454 -0.5946651 0.8021341 0.05829167 -0.6143515 0.7868764 0.05652153 -0.6230188 0.7801621 0.05658209 -0.6234412 0.7798203 0.05667418 -0.6243013 0.7791252 0.05667388 -0.6245727 0.7789076 0.05478274 -0.6325195 0.7726047 0.05346894 -0.6150761 0.7866528 0.05481278 -0.632972 0.7722319 0.05459928 -0.6304101 0.7743399 0.05450749 -0.6295219 0.7750685 0.05240082 -0.6536217 0.7550053 0.05420225 -0.6274767 0.7767466 0.05325514 -0.6245043 0.7792036 0.05346989 -0.6248838 0.7788845 0.05208581 -0.6553001 0.7535707 0.05307328 -0.6243058 0.7793751 0.05295002 -0.6242616 0.779419 0.05374419 -0.6255511 0.77833 0.05239945 -0.6540309 0.754651 0.05469024 -0.631349 0.773568 0.054874 -0.6340421 0.7713492 0.05630743 -0.622434 0.7806442 0.05667388 -0.6242678 0.779152 0.05664432 -0.6240642 0.7793173 0.05664402 -0.6240307 0.7793441 0.05841255 -0.6141255 0.7870438 0.05975687 -0.6013227 0.7967686 0.05816948 -0.6104747 0.7898968 0.05823004 -0.61166 0.7889749 0.05923753 -0.5557528 0.8292345 0.05926859 -0.5627774 0.824481 0.06082373 -0.5088995 0.8586744 0.06085532 -0.5432121 0.8373872 0.06012308 -0.526459 0.848072 0.06058174 -0.5360493 0.8420101 0.06146621 -0.4976507 0.8651969 0.06000047 -0.5140938 0.8556329 0.06158685 -0.4537836 0.8889812 0.06061106 -0.4332199 0.8992479 0.06112957 -0.4127393 0.9087957 0.06195384 -0.4104518 0.9097753 0.06152623 -0.4209178 0.9050098 0.06143456 -0.4194217 0.9057103 0.0606718 -0.411122 0.9095591 0.0617702 -0.3948534 0.9166653 0.06112974 -0.48327 0.8733347 0.06076323 -0.4636137 0.8839516 0.06116008 -0.3523116 0.9338822 0.06097793 -0.3474949 0.9356971 0.06235069 -0.3821002 0.9220151 0.06131345 -0.3681859 0.9277284 0.06106948 -0.3666 0.9283722 0.06253314 -0.2502242 0.9661664 0.06171047 -0.2787654 0.9583745 0.06271666 -0.2566653 0.9644634 0.06235116 -0.3033632 0.9508329 0.06244313 -0.3455738 0.9363117 0.06134396 -0.3176458 0.9462231 0.06134307 -0.1193901 0.9909507 0.06146544 -0.1630636 0.9846991 0.06232076 -0.1519565 0.9864205 0.061984 -0.189126 0.9799946 0.06277793 -0.1853123 0.9806724 0.06180131 -0.1699613 0.983511 0.06106936 -0.03729474 0.9974367 0.06317389 -0.04632747 0.9969268 0.06228935 -0.02032566 0.9978511 0.05707114 0.4904153 0.8696181 0.05945098 0.4407247 0.8956714 0.05786478 0.4367327 0.8977284 0.06094598 0.05505585 0.9966216 0.06003183 0.1012942 0.9930437 0.06161826 0.1147828 0.9914778 0.0629 0.03436458 0.9974281 0.06280791 0.05832159 0.9963202 0.06256335 -0.1608641 0.9849917 0.06280875 -0.172892 0.9829362 0.06299179 -0.1458517 0.9872991 0.05951297 0.2130869 0.9752191 0.06122153 0.1526571 0.9863812 0.06140369 0.1817697 0.9814221 0.06250321 0.1435927 0.9876613 0.06235033 0.1572951 0.9855815 0.05731564 -0.5686091 0.8206088 0.05337828 -0.4846163 0.8730967 0.05447608 -0.4804274 0.8753411 0.05966436 0.3543545 0.9332058 0.06045895 0.3591219 0.9313304 0.05984747 0.3807533 0.9227379 0.06061017 0.3141903 0.9474234 0.06079345 0.2535809 0.965402 0.06103771 0.2829403 0.9571935 0.0594204 -0.5511115 0.8323133 0.06357163 -0.2769013 0.9587933 0.06357121 -0.2916097 0.9544227 0.06351095 -0.2722029 0.9601417 0.05871886 0.4486014 0.8918009 0.05652105 0.4958716 0.8665546 0.05511844 0.5551522 0.8299205 0.05896264 0.4029725 0.9133108 0.0619834 -0.1030615 0.9927419 0.06262528 -0.1160948 0.9912619 0.0612204 -0.416824 0.9069233 0.06106859 -0.4154251 0.9075751 0.06094652 -0.4141739 0.9081551 0.06073319 -0.4123147 0.9090149 0.06207627 -0.4397835 0.8959559 0.06167858 -0.374863 0.9250263 0.06164854 -0.37334 0.9256439 0.06158864 -0.3716379 0.9263327 0.06149643 -0.3702299 0.9269024 0.06180065 -0.415728 0.907387 0.06097674 -0.3651891 0.9289343 0.06180173 -0.3307995 0.9416752 0.06158685 -0.3246588 0.9438239 0.06225919 -0.3000345 0.9518945 0.06204527 -0.2899314 0.9550341 0.06238067 -0.2387802 0.969068 0.06158787 -0.2187316 0.9738395 0.06271755 -0.140237 0.9881296 0.06283843 -0.1288813 0.9896671 0.0614342 -0.08816862 0.9942093 0.06268554 -0.06857562 0.9956747 0.06195294 0.007202386 0.9980531 0.06177115 0.08011329 0.99487 0.06238168 0.1296769 0.9895921 0.061984 0.1692276 0.983626 0.06186139 0.2438443 0.9678394 0.06073403 0.3373333 0.9394242 0.0592069 0.4150282 0.90788 0.05920791 0.4264194 0.9025857 0.05908584 0.438688 0.8966949 0.05487275 0.4991959 0.86475 0.06137394 -0.2765644 0.9590336 0.06299161 -0.2157402 0.9744169 0.05621576 0.5042939 0.8617004 0.05569761 0.501401 0.8634204 0.05649042 0.5072238 0.859961 0.05679619 0.512417 0.8568565 0.05667477 0.5096462 0.8585154 0.05749791 0.5631073 0.8243811 0.05682665 0.5140952 0.8558487 0.05856549 0.5347805 0.8429591 0.05554497 0.544768 0.8367453 0.05282884 0.6375477 0.7685975 0.0546301 0.5779194 0.8142634 0.05411112 0.5803289 0.8125826 0.05719262 0.5069823 0.8600569 0.05713182 0.5083271 0.8592669 0.05731457 0.5108873 0.8577351 0.05719351 0.5089738 0.8588799 0.05716252 0.5075962 0.8596968 0.05710202 0.508364 0.8592471 0.05774259 0.5238648 0.8498421 0.05328661 0.5979946 0.7997269 0.0574975 0.5267252 0.8480889 0.05777251 0.5240732 0.8497115 0.05145442 0.6544417 0.7543597 0.05746805 0.4696632 0.8809733 0.0578944 0.5221793 0.8508685 0.05777317 0.4594085 0.8863444 0.05758982 0.4643507 0.8837771 0.0582304 0.4498818 0.8911878 0.05859655 0.4455171 0.8933538 0.05798691 0.4540989 0.8890622 0.05896264 0.442586 0.8947855 0.05349999 0.538693 0.8408018 0.05145561 0.59586 0.8014383 0.05707126 0.417231 0.9070067 0.05868875 0.3876268 0.9199462 0.05896335 0.3789281 0.9235458 0.05929946 0.3699582 0.927154 0.05526947 0.4500911 0.8912706 0.05337792 0.5021315 0.8631424 0.06018376 0.3527101 0.9337952 0.06067109 0.3443118 0.936893 0.05969488 0.3613433 0.9305201 0.06003105 0.3127903 0.9479233 0.05932897 0.3054346 0.950363 0.05835247 0.3455066 0.9366003 0.06012231 0.2950268 0.9535955 0.06033545 0.2791547 0.9583488 0.06128215 0.2542538 0.9651941 0.06186199 0.2456168 0.967391 0.06061041 0.2368872 0.9696447 0.06091618 0.2069197 0.9764598 0.06131291 0.1912024 0.9796339 0.0617702 0.1760939 0.9824334 0.06225794 0.1290022 0.989688 0.06225979 0.1617535 0.9848653 0.06204497 0.1138356 0.9915603 0.06180089 0.1328186 0.9892117 0.06293112 0.07993042 0.994812 0.06351065 0.06479245 0.9958757 0.06241202 0.09650212 0.9933741 0.0628696 0.03347957 0.9974601 0.06387716 0.02823048 0.9975585 0.06357097 -0.003692746 0.9979705 0.06308311 0.01358097 0.9979159 0.06409049 -0.02792513 0.9975534 0.06384533 -0.06424206 0.99589 0.06244194 -0.1200619 0.9908007 0.04666441 -0.5330243 0.8448122 0.04760962 -0.5234623 0.8507178 0.04663383 -0.5326884 0.8450256 0.06238132 -0.1497884 0.9867482 0.06387656 -0.2549874 0.9648323 0.0636627 -0.2647832 0.9622042 0.06366217 -0.3093996 0.9487988 0.06131279 -0.3640314 0.9293665 0.05969554 -0.3044902 0.9506431 0.06082481 -0.515409 0.854783 0.05810898 -0.4243116 0.9036498 0.06140404 -0.478079 0.8761678 0.05636876 -0.4439005 0.8943015 0.06384688 -0.3313508 0.941345 0.06174075 -0.4392659 0.8962331 0.06415081 -0.3563697 0.9321402 0.06192374 -0.3996509 0.9145734 0.06109893 -0.3687912 0.9275021 0.0644564 -0.3862197 0.920152 0.06335693 -0.3821865 0.9219108 0.0610997 -0.3445941 0.9367613 0.06225961 -0.3795092 0.9230908 0.06146597 -0.3783792 0.9236078 0.04944103 -0.5034749 0.8625941 0.05386632 -0.5970467 0.800396 0.04657214 -0.5321315 0.8453798 0.06229031 -0.1410613 0.9880393 0.06231898 -0.1258893 0.990085 0.06228858 -0.1326647 0.9892019 0.0641815 -0.2471737 0.9668433 0.06460791 -0.241677 0.9682036 0.06515824 -0.2381405 0.9690427 0.06390726 -0.2350896 0.9698705 0.06305241 -0.186197 0.9804872 0.0637235 -0.1289119 0.9896066 0.06341791 -0.1181074 0.9909737 0.06338822 -0.09006196 0.9939169 0.0527063 0.6658333 0.7442366 0.05093663 0.71937 0.6927572 0.05383527 0.6750777 0.7357798 0.05652123 0.6079394 0.7919692 0.04977685 0.7578844 0.6504872 0.05185186 0.7316643 0.6796903 0.05310404 -0.604074 0.795157 0.05539232 -0.5794072 0.8131538 0.05585008 -0.4627627 0.8847211 0.0577116 -0.5207476 0.8517578 0.05881041 -0.4774416 0.8766932 0.06204545 -0.4102998 0.9098377 0.06173962 -0.4240292 0.9035417 0.06070232 0.2656987 0.9621432 0.05130189 0.6927442 0.7193565 0.9947544 -0.003805279 -0.1022214 0.9947482 4.99912e-4 -0.1023519 0.9844833 0 0.1754789 0.984484 0 0.1754745 0.9844891 0 0.175446 0.9844829 0 0.1754808 0.9844889 0 0.1754472 0.9844842 0 0.1754738 0.984489 0 0.1754463 0.984489 0 0.1754469 0.1754635 0 -0.984486 0.1755019 -1.71044e-6 -0.9844791 0.1754481 -1.92128e-6 -0.9844887 0.1754978 0 -0.9844799 0.9844874 0 0.1754556 0.9844861 6.08346e-6 0.1754634 0.9844846 4.89901e-6 0.1754708 0.9844871 0 0.175457 0.9844881 0 0.175451 -0.1754499 0 0.9844884 -0.1754536 -7.56814e-7 0.9844878 -0.1754496 0 0.9844884 0.9844858 0 0.1754643 0.984485 0 0.1754694 0.9844822 -1.07197e-5 0.1754844 0.9844853 0 0.1754671 0.9844889 -1.30445e-5 0.1754471 0.9844856 -1.66976e-6 0.1754654 0.9844853 3.49722e-6 0.1754675 0.9844864 0 0.1754614 0.9844859 -1.66482e-6 0.1754644 0.9844861 0 0.175463 0.984488 0 0.1754519 0.9844838 -1.53664e-5 0.1754756 -0.1754925 6.42947e-6 0.9844807 -0.1754523 0 0.984488 -0.1754357 -6.73502e-6 0.9844909 -0.1754463 7.73636e-6 0.984489 -0.1754338 -4.9723e-6 0.9844913 -0.1754714 1.54631e-5 0.9844846 -0.1754571 1.37391e-6 0.9844872 -0.1754748 3.08482e-5 0.984484 -0.1754471 -2.06024e-5 0.9844889 -0.1754487 7.77884e-6 0.9844886 -0.1754525 -1.64023e-5 0.984488 -0.1754876 4.59463e-6 0.9844816 -0.1754651 4.93056e-6 0.9844857 -0.1754698 0 0.9844848 -0.1754765 7.05962e-6 0.9844837 -0.1754615 2.06545e-6 0.9844863 -0.175463 1.65946e-6 0.9844861 -0.1754664 -5.00462e-6 0.9844855 -0.1754411 6.27258e-5 0.9844899 -0.1754593 1.64949e-5 0.9844868 -0.1754541 2.29243e-5 0.9844877 -0.1754764 0 0.9844837 -0.1754793 -2.50988e-6 0.9844832 -0.9844846 0 -0.1754712 -0.9844896 0 -0.1754437 -0.9844843 0 -0.1754733 -0.9844841 0 -0.1754737 -0.9844846 0 -0.1754714 -0.9844888 1.6617e-6 -0.1754474 -0.984485 0 -0.1754691 -0.9844844 1.40936e-6 -0.1754721 -0.1754638 0 0.9844859 -0.1754748 0 0.984484 -0.1754709 0 0.9844847 -0.175483 0 0.9844825 -0.9844803 0 -0.175495 -0.9844805 0 -0.1754944 0.1754813 0 -0.9844828 0.1754691 0 -0.984485 0.1754882 0 -0.9844816 0.1754707 0 -0.9844847 -0.9844874 0 -0.1754556 -0.9844857 0 -0.1754649 -0.9844827 0 -0.1754818 -0.9844828 0 -0.1754809 -0.9844873 0 -0.1754559 -0.9844861 0 -0.1754633 -0.9844893 0 -0.1754453 -0.9844888 0 -0.1754476 0.1754528 0 -0.9844878 0.1754574 1.86448e-6 -0.9844871 0.1754662 0 -0.9844855 0.1754738 0 -0.9844841 0.1754283 0 -0.9844922 0.1754357 0 -0.984491 0.1754803 0 -0.984483 0.175486 0 -0.984482 0.1754472 0 -0.9844889 0.1754502 0 -0.9844884 0.1754524 0 -0.984488 0.1754564 0 -0.9844872 0.1754745 1.82401e-6 -0.9844841 0.175455 2.07703e-6 -0.9844875 0.17544 0 -0.9844902 0.1754659 1.91184e-6 -0.9844855 0.1754794 0 -0.9844831 0.1754919 0 -0.9844809 0.1754368 0 -0.9844907 0.1754364 0 -0.9844908 0.1754756 1.87876e-6 -0.9844838 0.1754832 0 -0.9844825 0.1754647 0 -0.9844858 0.1754727 1.92565e-6 -0.9844843 0.9854707 0 -0.1698459 0.9854707 -8.5762e-7 -0.1698454 0.985471 0 -0.1698442 0.985471 0 -0.1698444 0.9854708 0 -0.1698452 0.9854707 2.9639e-6 -0.1698454 0.9854708 1.4419e-6 -0.1698446 0.985471 0 -0.1698439 0.9854717 5.7776e-6 -0.1698401 0.9854747 -2.66956e-5 -0.1698225 0.985478 6.20086e-6 -0.1698036 0.9854766 -2.25722e-5 -0.169812 0.9854698 -6.14787e-6 -0.1698507 0.9854701 0 -0.1698493 0.07737344 0.9969757 -0.007279515 0.07590657 -0.9970903 -0.007003426 0.07549959 -0.997124 -0.006601333 0.07725811 -0.9969819 -0.007636725 0.07872372 -0.9968675 -0.007599771 0.08013331 -0.9967542 -0.007740914 0.07942438 -0.9968146 -0.007251739 0.08296877 -0.9965206 -0.007945418 0.08254069 -0.9965543 -0.008167684 0.08440685 -0.996397 -0.008288145 0.08395934 -0.9964616 -0.003891468 0.08723849 -0.9961504 -0.008596777 0.08866941 -0.9960209 -0.008951187 0.09008967 -0.9958938 -0.008921563 0.0918982 -0.9957243 -0.00938034 0.03000003 -0.9969911 0.0714752 0.0219435 -0.9948753 0.0987001 0.01892197 -0.9941998 0.1058717 0.07444834 -0.9972003 -0.00700736 0.07241654 -0.9973554 -0.006185472 0.07303959 -0.9973065 -0.006710827 0.0716207 -0.9974101 -0.006609082 0.06951475 -0.997565 -0.005652189 0.07018208 -0.9975142 -0.006316423 0.06875669 -0.9976139 -0.00625354 0.06669694 -0.9977596 -0.005223393 0.0673474 -0.9977115 -0.006017923 0.06591355 -0.9978061 -0.00620377 0.06419855 -0.9979219 -0.005518198 0.06449586 -0.9978999 -0.006025075 0.06299734 -0.9979904 -0.006826579 0.06173902 -0.9980826 -0.004393219 0.01925754 -0.9959301 0.08804762 0.02298051 -0.9963117 0.08267498 0.01071202 -0.9919787 0.1259505 0.02341127 -0.9997102 0.005608797 0.03802639 -0.9992762 -0.00112915 0.03894269 -0.9992353 -0.003540217 0.7086374 0.02591121 -0.705097 0.03811854 -0.9992614 0.00488305 0.04672527 -0.9987493 0.01779282 0.05050826 -0.9987214 -0.00213629 0.0506615 -0.9986125 0.01437443 0.05029606 -0.9980172 0.03784412 0.06106817 -0.9978138 0.02526956 0.06268668 -0.9977687 0.02298104 0.05740642 -0.9978834 0.03054958 0.04483234 -0.9978182 0.04846411 0.05533057 -0.9979037 0.03357064 0.09029197 -0.995898 -0.005882918 0.09113496 -0.9958204 -0.006036221 0.09192246 -0.995747 -0.006188273 0.08981412 -0.9959419 -0.00575602 0.09085255 -0.9958441 -0.00635761 0.08757519 -0.9961375 -0.006387114 0.0941199 -0.9955403 -0.006405532 0.08705747 -0.9961837 -0.006247997 0.09006494 -0.9959157 -0.006344199 0.08913409 -0.9959999 -0.006268262 0.09856665 -0.9951066 -0.006881952 0.08742719 -0.9961512 -0.006268501 0.08890837 -0.9960203 -0.006239354 0.09232473 -0.9957089 -0.006322562 0.09131187 -0.9958038 -0.006086409 0.08894568 -0.9960186 -0.005978345 0.08771091 -0.9961307 -0.005511224 0.08596068 -0.996253 -0.009529232 0.08814448 -0.9960604 -0.009714186 0.09108102 -0.9957968 -0.009641528 0.08866208 -0.9960459 -0.005626976 0.0889253 -0.9960206 -0.005947947 0.08588796 -0.9962942 -0.004633247 0.08562892 -0.9963169 -0.004507541 0.08427804 -0.9964357 -0.003643393 0.08377492 -0.9964791 -0.003357052 0.08044862 -0.9967577 -0.001464903 0.08771115 -0.9961349 -0.004699885 0.07895457 -0.9968777 -0.001066505 0.08411097 -0.9964526 -0.002746701 0.08377391 -0.9964672 -0.005920588 0.08737689 -0.9961515 -0.00689733 0.08335477 -0.9964784 -0.009096205 0.07437366 -0.997224 0.003601133 0.08175981 -0.9966518 -8.24007e-4 0.08267658 -0.9965754 -0.001464903 0.0807349 -0.9966934 -0.009183704 0.08057004 -0.996749 2.74671e-4 0.08118027 -0.9966865 -0.005066096 0.0781725 -0.9968966 -0.009286403 0.07162743 -0.9974129 0.006103694 0.07925868 -0.9968527 0.001678526 0.07809871 -0.9969415 0.002899289 0.07880079 -0.996882 -0.004089534 0.06802666 -0.9976333 0.01001018 0.07672375 -0.9970428 0.00439465 0.07550489 -0.9971287 0.005798637 0.06637847 -0.9977225 0.01199388 0.07544738 -0.9971057 -0.009384572 0.06476211 -0.9978012 0.01409995 0.0741012 -0.997223 0.007446706 0.0712015 -0.9974314 -0.007812917 0.07406926 -0.9972038 -0.00991863 0.07135409 -0.9974009 -0.0100103 0.07159644 -0.9973762 0.01071196 0.07294011 -0.9972962 0.008942008 0.06164753 -0.9979273 0.01846373 0.0632041 -0.9978686 0.01623588 0.07034581 -0.9974458 0.01239061 0.06009203 -0.9979733 0.02093607 0.06863623 -0.997591 -0.01007109 0.06839263 -0.9976298 -0.007568657 0.05853593 -0.9980102 0.02343875 0.06882113 -0.9975251 0.01440513 0.07126224 -0.9974576 -2.44153e-4 0.06839245 -0.9976576 0.001403808 0.06988888 -0.997519 -0.008453786 0.06528091 -0.9978612 0.003387629 0.06543338 -0.9978287 -0.007507741 0.06438082 -0.9978654 -0.01095187 0.05203551 -0.9980444 0.03463947 0.06442654 -0.9977118 0.02050906 0.06302082 -0.9979873 -0.007049739 0.06180149 -0.9980717 0.005798637 0.06036663 -0.9981561 -0.006347954 0.05606263 -0.9983856 -0.009125053 0.05951184 -0.9981814 -0.009613394 0.05795586 -0.9982818 0.008636891 0.05408012 -0.9984685 0.01165831 0.05447566 -0.9985072 -0.003967404 0.03317445 -0.9972185 0.06674569 -0.0293594 0.9995639 -0.003173947 -0.03369271 0.9994295 -0.00238043 0.9919297 0.03479164 -0.1219235 0.01265215 -0.9998797 0.008979558 -0.1100813 -0.9924101 0.05481171 -0.1102043 -0.992388 0.05496478 -0.1287603 -0.989706 0.0624727 -0.06854599 -0.9969078 0.03842359 -0.06842452 -0.9969173 0.03839343 -0.05795556 -0.9977275 0.0343644 -0.1107843 -0.9911078 0.07370358 -0.1114845 -0.9869115 0.1165201 -0.1297075 -0.9825419 0.1333698 0.01627331 -0.9998333 0.008283793 0.008549332 -0.9999063 0.01070511 -0.007721364 -0.9998409 0.01608359 -0.008972465 -0.9998219 0.01660215 -0.002655148 -0.9998928 0.01440495 -0.5488294 -0.7676836 0.3308297 -0.5011883 -0.7196761 0.4804962 -0.7473219 -1.22077e-4 0.6644624 -0.55725 0.7933465 0.2450997 -0.5574995 0.7932931 0.2447052 -0.3179811 0.9374018 0.1420065 -0.1890041 -0.978103 0.08713167 -0.153692 -0.9831895 0.09857529 -0.1890339 -0.9747119 0.1191762 -0.04022461 -0.9988097 0.02758955 -0.03250271 -0.9991622 0.02487295 -0.03644007 -0.9989895 0.02630764 -0.05765014 0.9977537 0.03412008 -0.04840278 0.9983617 0.03051877 -0.05792534 0.9977325 0.03427296 -0.0346089 0.9966998 0.07342946 -0.02737528 0.9974755 0.06552374 -0.03357058 0.9983294 0.04702937 -0.04242163 0.9957186 0.08212709 -0.04123061 0.9977147 0.05352962 -0.04837197 0.9983556 0.03076273 -0.04883021 0.9983342 0.03073251 -0.04028552 0.9988064 0.02761995 -0.2338388 0.9663324 0.1073364 -0.2335651 0.9665501 0.1059634 -0.1881785 0.9782785 0.08694791 0.006836295 0.9995053 0.03070235 0.01132243 0.9995825 0.02658188 0.006500482 0.9998545 0.01577818 -0.1096841 0.9924676 0.05456739 -0.09436351 0.9943575 0.04846352 -0.1112106 0.9922281 0.05581891 0.04448759 0.99901 -3.29812e-4 -0.007751822 0.9998381 0.01623618 -0.01321482 0.9997496 0.01806735 -0.009155571 0.9998208 0.01657158 0.02396565 0.9996961 0.005774199 0.02012449 0.9997733 0.006960511 0.05610561 0.9984197 -0.0032202 0.04167914 0.9991309 5.72265e-4 0.01650601 0.9998311 0.008096694 0.0607649 0.998143 -0.004276275 0.05622422 0.9984128 -0.003300607 0.05982762 0.9982013 -0.003870189 0.06940031 0.9975457 -0.00927776 0.06759905 0.9976888 -0.006897211 0.06564629 0.9978179 -0.007080376 0.07300078 0.9972908 -0.009064018 0.06955337 0.9975523 -0.007202506 0.07077348 0.9974518 -0.009003043 0.06326657 0.9978606 0.01648044 0.07303208 0.9973016 0.007477164 0.07177978 0.9973794 0.009064018 0.07559651 0.9971293 0.004303216 0.06805688 0.9976291 0.01022374 0.07690858 0.9970344 0.002777218 0.0768826 0.9969995 -0.009016275 0.07952326 0.9967939 -0.008841156 0.08099615 0.9966782 -0.008499443 0.08579701 0.9962914 -0.006512343 0.07803487 0.9969064 -0.009395897 0.08833646 0.9960625 -0.007503986 0.08258527 0.9965782 -0.003387629 0.08459782 0.9964051 -0.004486203 0.07843267 0.9969195 -9.15557e-5 0.09082603 0.9958329 -0.008217632 0.08802807 0.9960973 -0.006433427 0.09085988 0.9958295 -0.008253395 0.08769959 0.9961267 -0.006351172 0.09077972 0.9958368 -0.008253276 0.08855491 0.9960497 -0.006577432 0.08784276 0.9961131 -0.006520152 0.08642375 0.9962379 -0.006407201 0.09082299 0.9958443 -0.006754755 0.08795607 0.9961038 -0.00640136 0.08795559 0.9961039 -0.006393849 0.09113633 0.9958035 -0.008343398 0.08894032 0.9960148 -0.006664216 0.08581066 0.9962903 -0.006497383 0.08645868 0.9962348 -0.006424248 0.09204638 0.9957228 -0.00797522 0.0946542 0.9954865 -0.006872236 0.08862626 0.9960434 -0.006558001 0.08773785 0.9961233 -0.006361246 0.08821648 0.9960805 -0.006451368 0.08867728 0.9960422 -0.006039023 0.09115391 0.9957991 -0.008664488 0.0914995 0.9957661 -0.008815586 0.08838087 0.9960694 -0.005873978 0.08811163 0.9960978 -0.005061686 0.08903241 0.9960002 -0.007549703 0.09119027 0.9957923 -0.009060323 0.08749848 0.9961463 -0.006073296 0.08575946 0.9963052 -0.004608392 0.08350336 0.9964931 -0.005378246 0.08227986 0.9966056 -0.002716183 0.07956206 0.99683 -9.15559e-5 0.07263624 0.9973449 0.005218803 0.08060032 0.996746 -9.76604e-4 0.07812929 0.9969424 0.001403868 0.0699802 0.9975157 0.008087515 0.07412803 0.9972099 -0.008813798 0.07434481 0.9972158 0.005798637 0.06479227 0.9977957 0.01434403 0.06640869 0.9977174 0.01223796 0.07413113 0.9972458 -0.002349972 0.07153761 0.9974376 -9.15584e-4 0.06863766 0.997612 -0.007690787 0.06515896 0.9978329 -0.009155809 0.06372267 0.9979255 -0.009186029 0.06591618 0.9977802 -0.009485185 0.06891101 0.9976227 6.10372e-4 0.06561589 0.9978199 -0.007080376 0.06659179 0.9977785 0.001922667 0.05710071 0.998332 -0.008545219 0.05871802 0.9982373 -0.008636772 0.05469006 0.9984908 -0.005035579 0.06054973 0.9981252 -0.008942067 0.06250238 0.9980247 -0.006347894 0.02672392 0.9996307 0.004935681 0.05962413 0.9982131 -0.003947615 0.03742033 0.999298 0.001830279 0.03534942 0.9993721 0.002422273 0.0595116 0.9982204 -0.003819286 0.06048059 0.9981605 -0.004236757 0.03490817 0.9993872 0.002604484 0.0118336 0.999883 0.009703576 0.05795025 0.9983162 -0.002555847 0.06296044 0.9980055 -0.004594504 0.09132122 0.9957798 -0.009116888 0.09123766 0.9957868 -0.009181022 0.09106677 0.9958036 -0.00906831 0.08252459 0.9965614 -0.007424652 0.07992744 0.9967732 -0.00740242 0.07867765 0.9968723 -0.007443547 0.07774686 0.9969483 -0.007044255 0.07601428 0.9970791 -0.007437467 0.07465261 0.9971861 -0.006858289 0.07321947 0.9972927 -0.006808698 0.07410055 0.9972309 -0.006309211 0.07185137 0.9973931 -0.006670951 0.07047647 0.9974931 -0.006382167 0.07097589 0.9974603 -0.00596106 0.06914359 0.9975864 -0.006379544 0.06782996 0.9976786 -0.006039023 0.06839025 0.9976425 -0.005691587 0.06649518 0.9977718 -0.005461871 0.06652665 0.99777 -0.005414307 0.06511044 0.9978621 -0.005646646 0.06347054 0.9979691 -0.005411088 0.06413602 0.9979321 -0.004262089 -0.02414071 0.9994744 0.02163809 -0.02328604 0.9994999 0.02139383 -0.02896225 0.999305 0.02346885 0.03516048 0.9993792 0.002229154 0.02265477 -0.999724 0.006229519 0.001983702 0.9998173 0.01901298 0.002075254 0.9993796 0.03515803 0.01280003 -0.9998742 0.009370923 0.002166807 -0.9999151 0.01284837 0.006347835 -0.9999144 0.0114445 0.001403808 -0.9999154 0.01293992 -0.04016351 -0.9988079 0.02774208 -0.03335702 -0.9991248 0.02523905 -8.42834e-4 -0.999908 0.01354384 -0.04880064 0.998048 0.03897333 -0.04968529 0.9969111 0.06082481 -0.0679351 0.9969613 0.03811812 -0.06848561 0.9969177 0.03827136 -0.0831651 0.9880626 0.1296765 -0.09555608 0.9902005 0.1018431 -0.09695869 0.9844806 0.1462774 -0.1114556 0.9869254 0.1164302 -0.1125528 0.9798018 0.1652891 -0.1290348 0.9880873 0.08386653 -0.1297051 0.9825549 0.1332759 -0.1534184 0.975841 0.1555547 -0.1535095 0.9832547 0.0982095 -0.05832189 -0.9976988 0.03457808 -0.05771082 -0.9977481 0.03418093 -0.06845486 -0.9969141 0.03842383 -0.02664273 -0.9993941 0.02240067 -0.02664333 -0.9993851 0.02279788 -0.03006142 -0.9992609 0.02395755 -0.02890127 -0.9993075 0.02343839 -0.02325558 -0.999502 0.02133285 -0.15336 -0.9642911 0.2159247 -0.1864394 -0.9480668 0.2577009 -0.1534505 -0.9758211 0.1556479 0.006776511 -0.999909 0.01166939 -0.1882122 -0.9782639 0.08704084 -0.1527491 -0.9856213 0.07223922 -0.1530544 -0.9855605 0.07242232 -0.08389735 -0.9805216 0.1775913 -0.09738636 -0.9755423 0.1970617 -0.08328634 -0.9880526 0.1296752 0.02381187 -0.9997047 0.004863202 0.01651674 -0.9998335 0.007763028 0.002014219 -0.9999189 0.01257371 0.001861631 -0.9999162 0.01281785 -0.002807736 -0.9998924 0.01440489 0.006073296 0.9998995 -0.01281803 0.06015288 -0.9981845 -0.003082394 0.0124517 0.9999225 0 0.03100252 -0.9995126 0.003681123 -0.2272129 -0.9235007 0.3090645 -0.1881195 -0.9639141 0.1883636 -0.9160291 -3.0519e-5 0.4011118 -0.9164017 -1.83116e-4 0.40026 0.02324676 -0.9997115 0.006045401 0.003775715 -0.9999215 0.0119546 -0.3092244 0.9012432 0.3035477 -0.2970446 0.8673593 0.3993149 -0.2271881 0.9234632 0.3091945 -0.1878774 0.9783607 0.0866751 -0.01907444 -0.9996225 0.01977634 -0.02398818 -0.9994774 0.02166867 -0.4516232 0.6664174 0.5932323 -0.5012222 0.7195894 0.4805909 -0.07111018 0.9907819 0.1153023 -0.07184153 0.9843882 0.1606822 -0.0612213 0.9874151 0.1458203 0.03835201 -0.9992634 0.001428782 -0.03436446 0.9994092 -7.01939e-4 0.9930685 0.03839331 -0.1110904 0.994165 0.03903412 -0.100561 0.02036881 -0.9997684 0.006946325 0.04219126 -0.9991096 3.75406e-4 0.0292924 -0.999562 0.004244625 0.05459195 -0.9985052 -0.002651929 0.01663255 -0.9998256 0.008502781 0.03778523 -0.9992845 0.001716196 0.04970753 -0.998762 -0.001920998 0.04038488 -0.9991837 0.001007735 0.04444152 -0.9990121 1.31301e-4 0.9921873 0.03747785 -0.1189953 0.03792476 -0.9992796 0.001387834 0.05059313 -0.9987177 -0.001816034 0.05053639 -0.9987207 -0.001795232 0.01516807 -0.9953873 0.09473192 0.04862982 -0.9988158 -0.0014081 0.005340754 -0.9902719 0.1390433 0.01089519 -0.9947629 0.1016278 -0.08054083 -0.9958193 0.04309344 -0.09497642 -0.9933767 0.06467062 -0.09436613 -0.9943543 0.04852592 -8.24009e-4 -0.9879564 0.1547306 0.006470084 -0.9940791 0.108466 -0.06064099 -0.9928405 0.1029097 -0.04974609 -0.9969062 0.06085503 -0.0511493 -0.9944517 0.09192228 -0.04876911 -0.9983326 0.03088504 -0.0402854 -0.9988039 0.02771145 -0.04043769 -0.9987961 0.0277723 0.9699868 0.02938979 -0.2413751 -0.02633786 0.9996497 -0.002655148 -0.02478164 0.9996895 -0.002655148 -0.03549379 -0.9931865 0.1109983 -0.0275591 -0.9974684 0.06555581 -0.02823007 -0.9944312 0.1015367 -0.04129272 -0.9977105 0.05356156 -0.04074347 -0.9985669 0.03470063 -0.03640884 0.9993364 0.00112915 0.03122091 -0.9994981 0.005371332 0.03140425 -0.9993832 0.01571738 0.01565605 -0.9934148 0.1134991 0.02667373 -0.9966955 0.07672518 -0.0199899 -0.9991602 0.03576821 -0.01382499 -0.9994292 0.03082394 -0.02075278 -0.9980876 0.05822986 0.02005076 -0.9952458 0.09530991 -0.009308159 -0.9841379 0.1771613 0.001678526 -0.9931797 0.1165825 -0.01434403 -0.9895859 0.1432267 -0.008636772 -0.9909716 0.1337938 -0.01941007 -0.9788062 0.2038671 -0.01443564 -0.9985647 0.0515778 -0.00814855 -0.9996183 0.02639889 -0.008575856 -0.9989247 0.04556518 -0.01486283 -0.9963017 0.08462995 -0.008881032 -0.996968 0.07730489 -0.0326246 0.9991552 0.02499485 -0.03244179 0.9991649 0.0248425 -0.02575826 0.9994166 0.02243167 0.007954597 0.9999108 0.01073014 -0.04013186 0.998811 0.02768027 -0.04004073 0.9988222 0.02740591 -0.03006142 0.9992609 0.02395755 -0.01788407 0.9996481 0.01959311 -0.01922678 0.9996116 0.02017289 0.03054392 0.9995263 0.003778994 0.03263425 0.9994622 0.003208339 0.03533661 0.9993732 0.002169191 0.09049022 0.9958548 -0.009210944 0.08999699 0.9959017 -0.008969068 0.09104931 0.9958056 -0.009013235 0.08814966 0.9960899 -0.005867779 0.08767622 0.9961288 -0.006363213 0.09077823 0.9958478 -0.006833612 0.08744877 0.9961491 -0.006320238 0.08939945 0.9959558 -0.008940458 0.08860975 0.9960302 -0.008508861 0.08873867 0.9960166 -0.008743107 0.08984881 0.9959191 -0.008517682 0.08918696 0.9959753 -0.008883357 0.08215284 0.9966106 -0.004280984 0.09067827 0.9958479 -0.008033215 0.08964723 0.9959385 -0.008360743 0.08889132 0.9960271 -0.005349755 0.0906974 0.9958461 -0.008041799 0.0878719 0.9961193 -0.005008161 0.08893245 0.9960233 -0.005357205 0.08802545 0.9960815 -0.00855571 0.0876547 0.996113 -0.008704245 0.08677309 0.9961872 -0.009042799 0.08806341 0.9960756 -0.008847773 0.08960157 0.9959408 -0.00857824 0.08806127 0.9960827 -0.008043587 0.08737003 0.996163 -0.005089521 0.08903205 0.996011 -0.005958139 0.08616763 0.9962707 -0.004471361 0.08754819 0.9961467 -0.005201697 0.08621132 0.9962438 -0.008121609 0.08551865 0.9963067 -0.007725954 0.08557271 0.9962906 -0.009071171 0.08617776 0.9962438 -0.008463203 0.08718085 0.9961573 -0.008383214 0.08207601 0.9966209 -0.003228008 0.08960044 0.995945 -0.008079349 0.0861786 0.9962469 -0.008093357 0.08474457 0.9963952 -0.003864884 0.08833593 0.996058 -0.008086025 0.08402657 0.9964569 -0.003642559 0.08436536 0.996428 -0.003739178 0.08439677 0.996401 -0.007896482 0.08405756 0.9964237 -0.008615374 0.08399099 0.9964317 -0.008339047 0.08399176 0.9964296 -0.008574306 0.08442336 0.9963938 -0.008496403 0.0871793 0.9961651 -0.00741434 0.08442288 0.9963968 -0.008149743 0.08279347 0.9965599 -0.003701686 0.08614182 0.9962614 -0.006550848 0.08275574 0.9965413 -0.007557809 0.082681 0.9965392 -0.008577346 0.0828123 0.9965319 -0.00814712 0.08489501 0.9963532 -0.008565425 0.0828132 0.9965348 -0.007776379 0.08004832 0.9967896 -0.001677453 0.08579862 0.9962812 -0.007914006 0.08050131 0.9967526 -0.001967787 0.08144676 0.9966743 -0.002628862 0.0813204 0.9966584 -0.007689237 0.08153283 0.9966368 -0.00822246 0.08122372 0.9966635 -0.008035778 0.08009141 0.9967575 -0.007748603 0.07583975 0.9971176 0.002227842 0.08489382 0.9963629 -0.007355332 0.08158999 0.9966323 -0.008206963 0.07816308 0.9969404 -6.452e-4 0.08335083 0.9965059 -0.005350708 0.07913339 0.9968634 -0.0011487 0.07999116 0.9967678 -0.007440805 0.07969367 0.9967896 -0.007712066 0.08262544 0.9965434 -0.008630394 0.08349382 0.9964787 -0.007680118 0.07758808 0.9969855 -3.79434e-4 0.07696956 0.9970335 6.10385e-5 0.0777933 0.9969694 -4.57787e-4 0.07820862 0.9969047 -0.00802946 0.0782063 0.9969101 -0.007351577 0.08262383 0.9965555 -0.007109045 0.07952338 0.9967959 -0.008610844 0.08179128 0.9966329 -0.00576806 0.07464945 0.9972086 0.001586973 0.07571852 0.9971288 9.7662e-4 0.07724773 0.9969848 -0.007358491 0.08038526 0.9967234 -0.008987963 0.08015507 0.9967767 -0.003379225 0.07400757 0.9972558 0.002014219 0.07537418 0.9971314 -0.006920158 0.07538622 0.9971219 -0.008064508 0.07538336 0.9971306 -0.006923675 0.08038288 0.9967381 -0.007198691 0.07688158 0.997001 -0.00885719 0.07321602 0.997313 0.002472043 0.08051371 0.9967271 -0.007271826 0.0790432 0.9968603 -0.004669308 0.06736028 0.9976702 -0.01080566 0.07260441 0.9973576 0.002533018 0.07286185 0.9973205 -0.006571829 0.07302492 0.9972963 -0.008213818 0.07302069 0.9973084 -0.00663042 0.07802343 0.9969275 -0.006937026 0.07412821 0.9972069 -0.009145975 0.07800948 0.9969286 -0.006928861 0.07657229 0.9970576 -0.003570675 0.07168918 0.9974227 0.002929806 0.07100164 0.9974566 -0.00624597 0.07190221 0.9973844 -0.007385492 0.07060712 0.9974855 -0.006114423 0.07532817 0.9971113 -0.009738445 0.06997972 0.9975396 0.004211544 0.07533001 0.997138 -0.006424844 0.07188528 0.9973686 -0.009406983 0.07391655 0.9972325 -0.007995903 0.06820917 0.9976546 0.005737483 0.06855756 0.9976304 -0.005797028 0.06835085 0.997645 -0.005717515 0.07282596 0.9972906 -0.01038843 0.07007408 0.9975043 -0.00865066 0.06692862 0.9977346 0.006805777 0.06170988 0.9979177 0.01876932 0.06671977 0.9977568 -0.005475342 0.07138359 0.9974173 -0.007965385 0.06549382 0.99782 0.008118033 0.06012213 0.9979664 0.02118003 0.07040774 0.9974585 0.01092582 0.0672149 0.9977228 -0.005616784 0.07021856 0.9974746 -0.01067894 0.05856603 0.9980034 0.02365225 0.06424319 0.9978914 0.009247362 0.06777971 0.9976593 -0.009049355 0.06909608 0.9975293 0.01269608 0.06427443 0.9979194 -0.005072474 0.06680577 0.9977229 -0.009277701 0.06271702 0.9980098 -0.006561636 0.06403636 0.9979351 -0.004976928 0.06762987 0.9976016 0.01474058 0.05697882 0.9980304 0.02624624 0.06228858 0.9979915 0.01153606 0.06229978 0.9980465 -0.004683732 0.0553621 0.9980445 0.02902388 0.06613487 0.9976695 0.0167855 0.06460887 0.9977301 0.01898282 0.05929839 0.9981237 0.01525944 0.04479801 0.998996 -1.89955e-4 0.06103813 0.9981268 -0.004153966 0.06047058 0.9981611 -0.00421971 0.06060689 0.998153 -0.004197895 0.05972629 0.9981954 -0.006225883 0.0611549 0.9981185 -0.004448413 0.06213629 0.9980269 -0.00903356 0.06295245 0.9979721 -0.009422838 0.05374443 0.9980414 0.03201466 0.06121176 0.9981159 -0.004212081 0.05942296 0.9982258 -0.003793954 0.05960702 0.9982149 -0.00378865 0.05969929 0.9981748 -0.009116291 0.05203473 0.9980295 0.03506618 0.06408971 0.9979379 0.003570675 0.06296062 0.9977874 0.02136325 0.05777364 0.9983239 -0.003424823 0.05973631 0.9982064 -0.003951668 0.05767905 0.9983291 -0.003489851 0.06076836 0.9981434 -0.004104852 0.05790579 0.9983155 -0.003636002 0.05788469 0.9983168 -0.003618061 0.06509333 0.9978656 -0.005223453 0.0579546 0.9983126 -0.003640532 0.05713224 0.99835 -0.00576812 0.0580734 0.9983054 -0.00372833 0.05817556 0.9982993 -0.003770172 0.06125104 0.99784 0.02374351 0.05029523 0.9980009 0.03827077 0.05725324 0.9982087 0.01736515 0.05625814 0.9984115 -0.003070294 0.05817955 0.9983 -0.003540694 0.05578821 0.9984382 -0.002987384 0.05811029 0.9983035 -0.003666341 0.05591171 0.9984308 -0.003161787 0.05975282 0.9982058 -0.003870606 0.05615282 0.998417 -0.003258287 0.05589991 0.998432 -0.002979218 0.05748742 0.9983405 -0.003416419 0.05642867 0.9984021 -0.00300765 0.06143492 0.9980965 0.005401849 0.05984812 0.9981916 -0.005646049 0.0594207 0.9978839 0.02639901 0.05496448 0.9982727 0.02075284 0.05439376 0.9985162 -0.002627611 0.0543949 0.9985162 -0.002627909 0.05624109 0.9984124 -0.003144681 0.05439352 0.998516 -0.00271058 0.05438899 0.9985159 -0.002817094 0.05641126 0.9984022 -0.003288269 0.05610233 0.9984204 -0.003044128 0.05444157 0.9985129 -0.002858281 0.05449908 0.9985097 -0.002877771 0.05459499 0.998505 -0.002682566 0.05244243 0.9986214 -0.002279162 0.05646342 0.9983999 -0.003118574 0.05243873 0.998622 -0.00211656 0.0537095 0.9985538 -0.002427518 0.05539196 0.9984295 -0.008392691 0.05691796 0.9983687 -0.00451678 0.05587601 0.9984328 -0.003172814 0.05463272 0.9985022 -0.002935111 0.05752867 0.9979174 0.02917635 0.04852563 0.9979503 0.04171985 0.05234032 0.9986177 -0.004822015 0.05847519 0.9982596 0.007660329 0.04669421 0.9978833 0.04525983 0.05244499 0.9986216 -0.002153873 0.05439007 0.9985162 -0.002709269 0.05281215 0.998602 -0.002265691 0.05444163 0.998513 -0.002833545 0.05251675 0.9986172 -0.00237149 0.05449861 0.9985104 -0.002654016 0.05268764 0.9986087 -0.002230167 0.05267524 0.9986088 -0.002441585 0.05268788 0.9986081 -0.002445578 0.05256283 0.9986153 -0.002190351 0.05458092 0.9985058 -0.002675414 0.05052161 0.9987217 -0.001637935 0.05322521 0.9985537 -0.007599234 0.05142486 0.9986502 -0.007294058 0.05361908 0.9985577 -0.002740621 0.05294972 0.9983235 0.02337718 0.04483282 0.9977974 0.04889184 0.05560564 0.9979414 0.03195339 0.05077427 0.9987087 -0.001749873 0.05241787 0.9986227 -0.002235412 0.0528537 0.9985994 -0.002411484 0.05082988 0.9987056 -0.001877129 0.05045223 0.9987249 -0.001822054 0.05079972 0.9987069 -0.001985967 0.05006575 0.9987447 -0.001585483 0.05083 0.9987055 -0.001990854 0.05069351 0.9987127 -0.001778006 0.05256158 0.9986154 -0.002153158 0.0498991 0.9987452 -0.004242181 0.05545371 0.9984117 0.009949266 0.05398887 0.9985356 -0.003448665 0.05098468 0.9986975 -0.002009391 0.05362242 0.9979508 0.03491407 0.04293978 0.9976866 0.05270576 0.05096697 0.9983425 0.02673476 0.05052274 0.9987215 -0.001699447 0.04883384 0.9988062 -0.0012483 0.04886424 0.9988046 -0.00135219 0.04870361 0.9988122 -0.001461386 0.04945617 0.9987753 -0.001471281 0.0487836 0.9988083 -0.001493215 0.04873484 0.9988111 -0.001234173 0.05069178 0.9987129 -0.001689672 0.05052447 0.9987213 -0.001832008 0.04658764 0.998914 -6.29862e-4 0.04859125 0.9988182 -0.001148045 0.05047786 0.9987238 -0.001709043 0.05179029 0.9985734 0.01300096 0.04878401 0.9988083 -0.001458168 0.05145537 0.9979476 0.03811848 0.04779243 0.9988504 -0.003723263 0.04940974 0.9987547 -0.006927728 0.04831153 0.9983366 0.03146505 0.04684138 0.9989021 -7.2372e-4 0.04861539 0.998817 -0.001205682 0.04856061 0.9988194 -0.001308023 0.04685151 0.9989016 -8.09494e-4 0.04890447 0.9988024 -0.00149101 0.046952 0.9988967 -9.75903e-4 0.04683518 0.9989022 -9.98812e-4 0.04683488 0.9989024 -7.53711e-4 0.0468083 0.9989034 -9.8982e-4 0.04671847 0.9989079 -7.15096e-4 0.0465936 0.9989136 -8.80489e-4 0.0487346 0.9988111 -0.001192033 0.04859763 0.9988175 -0.001392424 0.04448163 0.9990102 -7.32034e-5 0.04677534 0.9989051 -9.45306e-4 0.04718291 0.9988678 -0.006073296 0.04513698 0.9989655 -0.005554378 0.04574793 0.9989479 -0.003204464 0.04095625 0.9975385 0.0569176 0.04922658 0.99793 0.04138326 0.03888142 0.9973667 0.06122142 0.04664707 0.9989113 -6.87153e-4 0.04477608 0.9989971 -1.85323e-4 0.04659885 0.9989134 -7.71982e-4 0.04465562 0.9990024 -2.35835e-4 0.04483377 0.9989945 -2.99574e-4 0.04676389 0.9989056 -9.43296e-4 0.0447303 0.998999 -4.2034e-4 0.04475885 0.9989977 -4.64633e-4 0.04469126 0.9990009 -4.40803e-4 0.04475778 0.9989979 -2.08946e-4 0.04463291 0.9990035 -1.669e-4 0.04671877 0.9989079 -6.70621e-4 0.04364234 0.9990438 -0.002655148 0.04724365 0.9987404 0.01690763 0.04608321 0.9989376 5.18818e-4 0.04470753 0.999 -4.09494e-4 0.04696917 0.9978898 0.04483282 0.03680551 0.997168 0.06558465 0.04449629 0.9982681 0.03848409 0.04265081 0.9990901 3.77365e-4 0.04271405 0.9990873 3.56282e-4 0.04053431 0.9991779 8.00402e-4 0.04251623 0.9990957 3.18513e-4 0.04444497 0.9990118 -3.21192e-4 0.04251623 0.9990958 1.6974e-4 0.04256713 0.9990936 1.51915e-4 0.04259353 0.9990925 1.07609e-4 0.04256689 0.9990937 1.17251e-4 0.04259288 0.9990925 3.70301e-4 0.04248625 0.9990971 4.07089e-4 0.04463183 0.9990035 -1.21198e-4 0.04144507 0.9991387 -0.002044737 0.04272687 0.9990766 -0.004516839 0.04233223 0.9991036 5.0579e-4 0.04256063 0.999094 1.59169e-4 0.04458886 0.9978322 0.04840373 0.04168891 0.9981544 0.04416096 0.04036062 0.9991847 0.001008987 0.04213762 0.9991118 3.92631e-4 0.04022234 0.9991904 9.22734e-4 0.03769993 0.999287 0.002054035 0.04022222 0.9991905 7.82144e-4 0.04030907 0.999187 7.6573e-4 0.04036271 0.9991849 7.11703e-4 0.04035866 0.999185 7.13266e-4 0.04036241 0.9991847 9.77457e-4 0.04023742 0.9991897 0.001021027 0.04011929 0.9991946 8.41981e-4 0.04248595 0.999097 4.56177e-4 0.04233938 0.9991033 2.40527e-4 0.03770488 0.9992874 0.001785516 0.04011291 0.9991946 0.001113414 0.04046863 0.9991737 -0.003814876 0.04126214 0.9991429 0.003326594 0.04034012 0.9991858 7.59957e-4 0.03778249 0.999283 -0.002502501 0.03909528 0.9992347 -0.001342833 0.03473019 0.9969223 0.07028442 0.04202443 0.9988816 0.02166837 0.04208528 0.9977486 0.05221748 0.03250235 0.9966481 0.07507592 0.03958982 0.9992159 5.21539e-4 0.03795254 0.9992784 0.001514136 0.03753858 0.9992941 0.001525819 0.03790199 0.9992805 0.00138241 0.03791338 0.9992801 0.001388072 0.03797107 0.9992775 0.001641809 0.03784412 0.9992823 0.00168693 0.03771126 0.9992876 0.001508414 0.04023736 0.9991896 0.001072645 0.0351535 0.9993788 0.00251007 0.03512758 0.999382 -0.001342833 0.03793615 0.9992792 0.001424074 0.03662329 0.9993291 -5.7987e-4 0.0393691 0.9976267 0.05649012 0.02880984 0.9960759 0.08368283 0.03885078 0.9980044 0.04977661 0.03811699 0.999272 0.001593232 0.03534924 0.9993731 0.001968622 0.0353741 0.9993723 0.00195378 0.03812235 0.9992721 0.001423537 0.0348373 0.9993905 0.002281188 0.03797274 0.9992778 0.001366555 0.03541326 0.9993706 0.002086579 0.03540915 0.9993702 0.002366662 0.03528469 0.9993745 0.002411067 0.03784346 0.9992822 0.001739501 0.03399765 0.999422 2.74667e-4 0.03604269 0.9989728 0.02746695 0.03717243 0.9992925 0.005737602 0.03537482 0.9993718 0.002147078 0.03653073 0.9975003 0.0604878 0.03573775 0.9977582 0.05658221 0.03562277 0.9993627 0.002328038 0.03263419 0.9994642 0.002557873 0.03217798 0.9994775 0.003071129 0.03266787 0.9994622 0.002875447 0.03540927 0.9993708 0.002088069 0.03269171 0.9994614 0.00286585 0.03266841 0.9994622 0.002874612 0.032691 0.9994606 0.003148972 0.03256988 0.9994645 0.003193259 0.03528481 0.9993743 0.002465724 0.03118991 0.9995128 0.00125122 0.03219801 0.9994816 6.10389e-5 0.03243678 0.9994685 0.003295302 0.03267037 0.999462 0.002924382 0.03338766 0.9972963 0.065463 0.03381466 0.9993944 0.008209466 0.025209 0.9954525 0.09186351 0.03297543 0.9994515 0.003089487 0.03024399 0.9995354 0.003791689 0.02897089 0.9995722 0.004048466 0.02977675 0.9995496 0.003724932 0.02981138 0.9995488 0.003703236 0.02976745 0.9995501 0.003720164 0.02981048 0.9995477 0.003992676 0.02968901 0.9995511 0.004037499 0.03256911 0.9994643 0.003250122 0.03244388 0.9994691 0.003011882 0.02651607 0.9996356 0.00505191 0.02956074 0.9995545 0.004141569 0.02914518 0.9995738 0.001647949 0.03067183 0.9994754 0.01040703 0.02978694 0.9995492 0.003769755 0.02588033 0.9996593 0.003418147 0.0282303 0.9995989 0.002319455 0.03247261 0.9974352 0.06378555 0.02203476 0.9948613 0.0988208 0.02938997 0.9989856 0.03412044 0.03027522 0.9970695 0.07025569 0.02739739 0.9996131 0.004818201 0.03018015 0.9995369 0.003906726 0.02677476 0.999631 0.004595577 0.02685064 0.999629 0.004583895 0.02584612 0.9996526 0.005171477 0.02663987 0.9996332 0.004885315 0.02968871 0.9995509 0.004096746 0.02956759 0.9995554 0.003855943 0.02394843 0.9996964 0.005796909 0.02716147 0.9995442 0.01318401 0.02246177 0.9997331 0.00540179 0.0267806 0.9996305 0.004663765 0.02514755 0.9996777 0.00350964 0.02682644 0.9967614 0.07581001 0.01754844 0.9937913 0.1098685 0.02896249 0.9969646 0.07226902 0.02354627 0.9997049 0.005978941 0.0267682 0.9996296 0.004917323 0.02634423 0.9996416 0.004770576 0.02338385 0.9997107 0.005624294 0.02344346 0.9997096 0.005601882 0.02431488 0.9996888 0.005584895 0.02343326 0.9997079 0.005921542 0.02311277 0.9997161 0.005800962 0.02663773 0.9996326 0.005008697 0.02652275 0.999637 0.004765748 0.01993697 0.9997766 0.007036626 0.02362179 0.9995946 0.01590049 0.02191245 0.9988789 0.04196327 0.02182126 0.9997509 0.004699945 0.02325522 0.9964357 0.08108818 0.02438485 0.9961786 0.08386689 0.0243476 0.9996876 0.005657255 0.0210393 0.9997564 0.006672084 0.0201351 0.9997726 0.007038116 0.02354609 0.9997051 0.00595045 0.02290755 0.9997164 0.006519079 0.021573 0.9997473 0.00633198 0.02014625 0.9997751 0.006630718 0.02027118 0.9997729 0.006578683 0.02014583 0.9997731 0.006926596 0.02001255 0.9997754 0.006977856 0.01994335 0.9997787 0.006705224 0.02343279 0.9997076 0.005983173 0.01629865 0.9998338 0.008180081 0.02081328 0.9997767 0.003649294 0.02385777 0.9997004 0.005474627 0.01883 0.9959169 0.08829057 0.01818954 0.9998154 0.006195425 0.01883006 0.9997937 0.007629632 0.01971524 0.9996208 0.01922696 0.01266527 0.9925037 0.1215566 0.0175358 0.9998162 0.007762968 0.01651477 0.9998302 0.008179605 0.02013516 0.9997731 0.006955623 0.02012443 0.9997708 0.007310986 0.0176723 0.999804 0.008925437 0.01651537 0.9998335 0.00776261 0.01642054 0.9998348 0.0077973 0.01651448 0.9998312 0.008065462 0.01638072 0.9998329 0.008117914 0.02001219 0.9997752 0.007009446 0.01630485 0.9998363 0.007848381 0.01245045 0.9998783 0.009409487 0.01492381 0.9998376 0.01010179 0.01443547 0.9998658 0.007751822 0.01571726 0.9996214 0.02258408 0.01394724 0.9986185 0.05066186 0.02010071 0.999776 0.00663644 0.01232981 0.9950228 0.09888273 0.0200206 0.9952929 0.09482318 0.007019281 0.9907605 0.1354421 0.01381796 0.9998646 0.008938908 0.01266151 0.9998756 0.009414613 0.01651489 0.999831 0.008092761 0.01650595 0.9998256 0.00873661 0.01719921 0.9998244 0.007450997 0.01265299 0.9998795 0.008993864 0.0128833 0.9998773 0.008907318 0.01265186 0.9998768 0.009297311 0.01252001 0.999878 0.009349942 0.006256341 0.9999163 0.01132243 0.006225824 0.9999173 0.0112614 0.001922667 0.999918 0.01266527 0.0163806 0.9998326 0.008150637 0.01245629 0.9998813 0.009076952 0.008367359 0.9999074 0.01073449 0.01083415 0.9998592 0.01281791 0.01046806 0.9999002 0.009491443 0.0164752 0.9998341 0.007773339 0.01541197 0.99412 0.1071821 0.009877502 0.9998992 0.0102055 0.008301734 0.9999067 0.01085937 0.01266157 0.9998764 0.009322464 0.008614897 0.9999063 0.01064598 0.01226836 0.9998759 0.009897708 0.008576869 0.9999101 0.01031607 0.008794486 0.999909 0.01023298 0.008575916 0.999907 0.01061767 0.008437275 0.9999075 0.01067376 -0.007873892 0.9998075 0.01797574 -0.008056938 0.9996158 0.0265209 -0.002838253 0.9997417 0.0225535 0.01251941 0.9998776 0.009383678 0.00837332 0.999911 0.01040107 0.001861631 0.9999162 0.01281785 0.007294118 0.9982925 0.05795645 0.01263397 0.9998798 0.008997142 0.008541882 0.9999114 0.010221 0.003479123 0.9935355 0.1134684 -7.01941e-4 0.9878749 0.155251 0.01074254 0.9926493 0.1205486 0.005720674 0.9999172 0.01153731 0.004570364 0.9999167 0.01207888 0.006195306 0.9999164 0.01135295 0.00640887 0.9999141 0.0114445 0.002044737 0.9999158 0.01281785 0.006681084 0.9999141 0.01127958 0.006012201 0.9999199 0.01113933 0.001525938 0.9999191 0.01263475 0.002075254 0.9999192 0.0125432 0.005981683 0.9999178 0.01135295 0.006256282 0.9999157 0.01138347 -0.01458823 0.9963341 0.08429437 -0.0205698 0.998093 0.0581997 -0.02102762 0.9955017 0.09238123 0.008437037 0.9999071 0.01070815 -0.008362293 0.9989279 0.04553478 -0.01373338 0.9994277 0.03091543 -0.002807736 0.9998924 0.01440489 -0.003204464 0.9998894 0.01452696 0.001770019 0.9999095 0.01333659 -0.005981683 0.9915865 0.1293082 0.002105772 0.997942 0.06408995 0.005310237 0.9907335 0.1357173 0.003173947 0.9999182 0.01239061 -0.001342833 0.9999024 0.01391673 -2.03767e-4 0.9999065 0.01367056 2.44149e-4 0.9999111 0.01333659 0.003234982 0.9999211 0.01214647 -0.002594053 0.999893 0.01440495 -0.00439465 0.9998785 0.01495403 -0.0032655 0.9998932 0.01425236 -0.002655148 0.9998963 0.01416081 -0.02649062 0.9988009 0.04117035 -0.002899289 0.9998742 0.01559537 -0.00790441 0.999838 0.01617515 -0.007995963 0.9998382 0.01611411 -0.002929806 0.9991926 0.04007142 -0.003021299 0.9975353 0.07010149 -0.009399712 0.9841041 0.1773438 4.883e-4 0.988686 0.1499997 -0.006256341 0.9998593 0.01556462 -0.0053249 0.9998667 0.01543903 -0.008392751 0.9998365 0.0160225 -0.007721364 0.9998434 0.01593106 -0.01330637 0.9997484 0.01806735 -0.01351994 0.999746 0.01803678 -0.01989835 0.999161 0.03579872 -0.01425212 0.9985674 0.05157637 -0.008667349 0.9969912 0.0770297 -0.01159733 0.9997815 0.01739597 -0.01016628 0.9998019 0.01711356 -0.01397758 0.9997358 0.01825022 -0.01391667 0.9997422 0.01794517 -0.01330637 0.9997527 0.01782327 -0.01889127 0.9996224 0.01995944 -0.01953184 0.9996058 0.02017277 -0.01342815 0.9996964 0.02066105 -0.01388615 0.9897335 0.1422494 -0.0173043 0.9801523 0.1974893 -0.006348013 0.985346 0.1704502 -0.01739597 0.9996597 0.01944077 -0.01612275 0.9996857 0.0191974 -0.01940989 0.9996106 0.02005076 -0.01916593 0.9996195 0.01983731 -0.02597177 0.9994097 0.02249258 -0.02594125 0.9994111 0.02246206 -0.01944065 0.9995306 0.02368277 -0.02038663 0.9879604 0.1533578 -0.02566665 0.9750903 0.2203185 -0.01501512 0.9802584 0.1971503 -0.02365195 0.9994868 0.02160722 -0.02304846 0.9994982 0.02173233 -0.0260021 0.9994041 0.02270609 -0.01907444 0.9996225 0.01977634 -0.02990835 0.999275 0.02356046 -0.02566617 0.9994258 0.02212601 -0.02417123 0.9994743 0.02160757 -0.02584987 0.9994183 0.02224862 -0.03289997 0.9991461 0.02499538 -0.03305232 0.9991388 0.02508676 -0.02594077 0.9993003 0.02694785 -0.02792519 0.9944739 0.1012023 -0.03421223 0.9834873 0.1777144 -0.03466957 0.9691016 0.2442134 -0.02719223 0.9858497 0.165412 -0.03042727 0.9992491 0.02398782 -0.03262448 0.9991521 0.02511686 -0.02904683 0.9992899 0.02400577 -0.02508682 0.9994445 0.02194333 -0.03650087 0.9989833 0.02646005 -0.03292953 0.999149 0.02484214 -0.03262484 0.9991635 0.02465939 -0.04043769 0.9987961 0.0277723 -0.04034614 0.9987972 0.02786386 -0.03286939 0.9989927 0.03054994 -0.04174983 0.9806329 0.1913534 -0.03524982 0.9932225 0.1107548 -0.02527004 0.9729288 0.2297197 -0.03772091 0.9989331 0.02664268 -0.04013282 0.9988049 0.02789461 -0.03644007 0.9989895 0.02630764 -0.04275715 0.9986745 0.02865737 -0.04025512 0.9988093 0.02755904 -0.08054083 0.9958193 0.04309344 -0.06854599 0.9969078 0.03842359 -0.08050793 0.9958208 0.0431227 -0.04849511 0.9983468 0.030855 -0.04879951 0.998331 0.03088498 -0.04043781 0.9985858 0.0345171 -0.05008262 0.9771456 0.206587 -0.0422694 0.9633466 0.2649089 -0.04312348 0.9916883 0.1212219 -0.04574769 0.9985152 0.02957272 -0.05475187 0.9979559 0.03296101 -0.04852527 0.9983388 0.03106838 -0.06433498 0.997254 0.03668439 -0.05783349 0.9977273 0.03457802 -0.04843425 0.9983506 0.03082454 -0.05804669 0.9977202 0.03442513 -0.05807709 0.9977184 0.03442507 -0.06964373 0.9944838 0.07843315 -0.06051939 0.9928479 0.1029105 -0.05908459 0.9958631 0.0690338 -0.05099725 0.9944622 0.09189271 -0.05175977 0.989784 0.1328481 -0.04992955 0.9568104 0.2863931 -0.03695899 0.9628566 0.267472 -0.1458826 0.9869053 0.06882119 -0.1284222 0.9897482 0.06250202 -0.1265633 0.9900448 0.06158781 -0.06830239 0.9969162 0.03863751 -0.8990405 -0.001800596 0.4378618 -0.9020593 0.1669101 0.3980329 -0.896935 -0.1946833 0.3969965 -0.5572815 0.793409 0.2448254 -0.3160268 0.9376428 0.1447528 -0.5497131 0.7941725 0.2590476 -0.06851559 0.9969099 0.03842365 -0.05813896 0.9973353 0.04406964 -0.05923783 0.972862 0.2236755 -0.05816984 0.94906 0.3096798 -0.07419216 0.9964213 0.04049897 -0.08038622 0.9958253 0.04324495 -0.08374327 0.9805354 0.1775883 -0.06863814 0.9963975 0.04980766 -0.08169877 0.9926542 0.08923691 -0.06940114 0.9675569 0.2429345 -0.06726324 0.9395187 0.335828 -0.05084389 0.9481195 0.3138222 -0.08536088 0.9953078 0.04556447 -0.09735548 0.993972 0.0504173 -0.09396815 0.9944024 0.04831165 -0.5813662 0.7683897 0.2675645 -0.6382374 0.702998 0.3137626 -0.08017247 0.9958544 0.04297024 -0.08023369 0.9958561 0.04281771 -0.09439635 0.9943514 0.04852575 -0.09461015 0.9943221 0.04870891 -0.08066207 0.9951376 0.05652141 -0.08865863 0.9128638 0.3985215 -0.07333737 0.9171602 0.3917127 -0.07712221 0.9280914 0.3642781 -0.08081471 0.9608649 0.2649673 -0.06180197 0.9341713 0.351432 -0.09396827 0.9944038 0.04828119 -0.09460961 0.9934316 0.06436502 -0.1078867 0.9418348 0.3182889 -0.09372276 0.9523649 0.2902018 -0.09717363 0.9755817 0.1969719 -0.5308485 0.8140043 0.2357902 -0.1285776 0.9897394 0.06232029 -0.1285783 0.989745 0.06222909 -0.1101112 0.9924051 0.05484199 -0.1102644 0.9923796 0.05499482 -0.1286967 0.9897164 0.06244093 -0.1291587 0.9896579 0.0624125 -0.1105086 0.9911591 0.07342821 -0.1241537 0.927979 0.3513417 -0.1011399 0.894694 0.4350784 -0.1125246 0.9691097 0.2194642 -0.0850569 0.8973249 0.4330977 -0.1525341 0.985612 0.07281839 -0.4864742 0.8469657 0.2144576 -0.7959454 -0.4703341 0.3811259 -0.3981206 -0.8976254 0.1891263 -0.5501429 -0.7944202 0.2573702 -0.4414566 -0.8749479 0.198953 -0.1528716 0.9855933 0.07236146 -0.1529002 0.9856113 0.07205533 -0.1880877 0.9639384 0.1882709 -0.1533281 0.9642829 0.2159839 -0.1304066 0.9736093 0.1872936 -0.1300429 0.9606273 0.2455282 -0.1149358 0.8714799 0.4767732 -0.09790676 0.8724022 0.4788827 -0.1730424 0.981703 0.07947134 -0.18809 0.9782027 0.08798694 -0.4006554 0.8962253 0.190409 -0.4446722 0.8731079 0.1998736 -0.1526257 0.9856427 0.07220798 -0.5272508 -0.8169091 0.2338081 -0.4832682 -0.8491297 0.2131446 -0.1528393 0.9856119 0.07217746 -0.1527803 0.9856254 0.07211738 -0.2210524 0.895868 0.3854302 -0.1832965 0.9270421 0.3271015 -0.2313358 0.9456083 0.2287112 -0.1864124 0.9480542 0.2577667 -0.1520171 0.9482069 0.2789167 -0.1440493 0.9084264 0.3924429 -0.1313245 0.8399212 0.5265797 -0.1113668 0.8421638 0.5275961 -0.2097875 0.973159 0.09460884 -0.2944794 0.9464601 0.13227 -0.3296997 0.9316619 0.1526574 -0.2515698 0.9612936 0.1123716 -0.6879432 -0.6240656 0.3705084 -0.6352814 -0.6959835 0.3347008 -0.1882131 0.978269 0.08698028 -0.1885477 0.978202 0.08701026 -0.189186 0.9746787 0.1192064 -0.1716069 0.8760408 0.4506704 -0.152534 0.7913888 0.5919775 -0.1252838 0.8060891 0.5783808 -0.3655557 0.913584 0.1781389 -0.2334443 0.9665859 0.105903 -0.2338955 0.9664672 0.1059916 -0.3189868 0.927143 0.1966047 -0.3182888 0.9373481 0.1416719 -0.2343876 0.9611723 0.1456377 -0.2056089 0.6248839 0.7531568 -0.1592807 0.6922105 0.7038995 -0.1757302 0.7291982 0.6613538 -0.2035941 0.8316505 0.5166304 -0.1482623 0.7336816 0.6631212 -0.1375821 0.7696112 0.6235142 -0.7069145 0.6092228 0.3593322 -0.331989 -0.9285194 0.1662386 -0.3164524 -0.9375463 0.1444468 -0.3182581 0.937317 0.1419465 -0.31786 0.9374659 0.1418544 -0.2508696 0.7454673 0.6175299 -0.3360783 0.5285329 0.779554 -0.2830308 0.8280344 0.4839966 -0.8046679 0.4541249 0.382466 -0.3543608 -0.9168944 0.1836658 -0.5572573 0.7933874 0.2449502 -0.4515938 -0.6665717 0.5930813 -0.309191 -0.9012349 0.303606 -0.5489173 0.767648 0.3307664 -0.4306206 0 0.9025331 -0.251082 0.4105145 0.8766047 -0.4076746 0.6135262 0.6763041 -0.1791198 0.6017863 0.7783119 -0.1688932 0.6518899 0.7392663 -0.5772414 -0.7725037 0.2646325 -0.9162589 -1.22074e-4 0.4005867 -0.9161497 -9.1557e-5 0.4008364 -0.8737958 -3.05192e-5 0.4862932 -0.624937 -9.15569e-5 0.7806753 -0.5354035 -6.1039e-5 0.8445965 -0.2950271 0 0.9554889 -0.2145178 0.3502662 0.9117542 -0.1966334 0.5003882 0.8431768 -0.293469 -0.9468464 0.1317497 -0.2122571 -0.9725069 0.09579795 -0.2337439 -0.9663488 0.1073958 -0.25255 -0.960972 0.1129226 -0.5574669 -0.7932596 0.2448874 -0.5571631 -0.7934447 0.2449796 -0.557164 -0.7934155 0.2450716 -0.2210832 -0.8958996 0.3853391 -0.2830684 -0.8280858 0.4838867 -0.5573635 -0.7934563 0.2444854 -0.318036 -0.9373836 0.1420037 -0.3182248 -0.93737 0.1416706 -0.2313326 -0.9455951 0.228769 -0.2970434 -0.8674167 0.3991912 -0.4077108 -0.6136263 0.6761914 -0.3360461 -0.5284693 0.7796111 -0.2510815 -0.4104528 0.8766338 -0.2278241 -0.1448125 0.9628736 -0.2280985 0.1474065 0.9624149 -0.3179227 -0.93744 0.1418856 -0.3178614 -0.93747 0.1418245 -0.3189536 -0.9271353 0.1966946 -0.2508706 -0.7454397 0.6175628 -0.2056112 -0.6247994 0.7532263 -0.1964207 -0.4993835 0.8438218 -0.2142419 -0.3516376 0.9112912 -0.1880555 -0.9782122 0.08795452 -0.233714 -0.9665043 0.1060533 -0.2336243 -0.9665427 0.1059015 -0.2336851 -0.9665112 0.106054 -0.233932 -0.9664614 0.1059637 -0.2343834 -0.9611552 0.1457571 -0.2035329 -0.8317415 0.516508 -0.1757282 -0.7290675 0.6614985 -0.1694433 -0.648719 0.7419251 -0.1789956 -0.6019929 0.7781807 -0.1763699 -0.9809758 0.08111977 -0.1099923 -0.992403 0.0551182 -0.1147518 -0.9917483 0.05716222 -0.1009875 -0.9935783 0.05102783 -0.1525027 -0.9856371 0.07254332 -0.1881212 -0.9782977 0.08685803 -0.1879999 -0.9783318 0.08673626 -0.1525024 -0.791261 0.5921564 -0.1716411 -0.8760291 0.4506801 -0.1441107 -0.9083371 0.392627 -0.1833887 -0.9270451 0.3270416 -0.1597079 -0.6908063 0.705181 -0.1488397 -0.9863343 0.07065081 -0.1525323 -0.9856616 0.07214611 -0.1525638 -0.9856678 0.071994 -0.09454691 -0.9943296 0.04867726 -0.1126471 -0.9797953 0.1652626 -0.09558546 -0.9901884 0.1019334 -0.1288218 -0.9897096 0.06228983 -0.1241811 -0.9279555 0.3513938 -0.1310479 -0.8402752 0.5260838 -0.1521371 -0.9482247 0.2787908 -0.136482 -0.7733266 0.6191435 -0.1485072 -0.7328003 0.6640402 -0.1299825 -0.9894723 0.06363314 -0.1285473 -0.9897413 0.06235092 -0.1284549 -0.9897649 0.0621674 -0.1286984 -0.9897295 0.06222808 -0.1293107 -0.9880356 0.08405047 -0.1304681 -0.9736129 0.1872332 -0.1300421 -0.9606824 0.2453131 -0.1149652 -0.8715623 0.4766156 -0.1171022 -0.8280168 0.5483387 -0.1269909 -0.8013456 0.5845669 -0.0941199 -0.9943627 0.04883003 -0.1099612 -0.9924284 0.05472117 -0.0817309 -0.992643 0.08933019 -0.09704983 -0.9844763 0.1462462 -0.1125853 -0.9691374 0.219311 -0.1079782 -0.9417419 0.3185326 -0.1015068 -0.8939073 0.4366076 -0.1045902 -0.8579936 0.5028997 -0.08874946 -0.9949831 0.04617536 -0.08008092 -0.9958539 0.04315334 -0.09436351 -0.9943575 0.04846352 -0.09393805 -0.9944067 0.04828131 -0.05914521 -0.9958553 0.0690943 -0.07120126 -0.9907754 0.1153015 -0.08041721 -0.9958307 0.04306209 -0.09375596 -0.9523313 0.2903017 -0.08865791 -0.9128255 0.3986096 -0.09119153 -0.8858823 0.4548589 -0.07761085 -0.9960924 0.04214727 -0.0799303 -0.9958791 0.04284924 -0.04828071 -0.9983609 0.03073239 -0.04922688 -0.9983025 0.03112924 -0.08020335 -0.9958585 0.04281783 -0.05798625 -0.99773 0.03424239 -0.07196515 -0.9843786 0.1606855 -0.08102709 -0.9950925 0.05679523 -0.06970626 -0.9944744 0.07849586 -0.08090513 -0.9607909 0.2652078 -0.07715272 -0.927969 0.3645832 -0.07815974 -0.909351 0.408622 -0.06814837 -0.9969257 0.03866726 -0.06830155 -0.996934 0.03817927 -0.05807715 -0.9977195 0.03439462 -0.06897342 -0.9963607 0.05008202 -0.05932986 -0.9727785 0.2240131 -0.05823075 -0.9489668 0.3099539 -0.06729418 -0.9394939 0.335891 -0.06949168 -0.9674823 0.2432057 -0.06744658 -0.9261244 0.3711395 -0.0486474 -0.9983403 0.03082424 -0.05847477 -0.9973062 0.04428333 -0.05020445 -0.9770491 0.2070133 -0.06140476 -0.9873901 0.1459126 -0.05691868 -0.9405476 0.3348591 -0.04867798 -0.9983417 0.03073275 -0.04849398 -0.9983544 0.03061014 -0.0347613 -0.9966945 0.07342904 -0.03363156 -0.9983272 0.04702925 -0.02658212 -0.9987986 0.04117023 -0.04910469 -0.9980247 0.03918606 -0.04187202 -0.9805442 0.1917812 -0.04898285 -0.9574699 0.2843447 -0.0519129 -0.9897635 0.132941 -0.04724383 -0.9521404 0.3019883 -0.04095655 -0.9987664 0.02807748 -0.04275739 -0.9986805 0.02844387 -0.03622597 -0.9990069 0.02594107 -0.04007118 -0.9988193 0.02746689 -0.04016256 -0.9988148 0.02749729 -0.04257386 -0.9957097 0.08215683 -0.04327565 -0.9916782 0.1212512 -0.03854596 -0.9660302 0.2555388 -0.03473049 -0.9648548 0.2604787 -0.03021395 -0.9992585 0.02386593 -0.03259432 -0.9991638 0.02468991 -0.0325334 -0.9991665 0.02465945 -0.03222841 -0.9991733 0.0247817 -0.03289997 -0.9991461 0.02499538 -0.03317409 -0.998977 0.03073257 -0.03430366 -0.9834235 0.1780496 -0.02551358 -0.9994248 0.02233964 -0.02575838 -0.9994207 0.02224868 -0.02581924 -0.9994129 0.02252316 -0.02600228 -0.9994096 0.02246206 -0.02621591 -0.9992889 0.02710098 -0.02731424 -0.9857541 0.1659607 -0.02868771 -0.9732155 0.2280979 -0.0195319 -0.9771775 0.2115249 -0.02035599 -0.9995806 0.02060014 -0.01965445 -0.9996015 0.02026486 -0.03045487 -0.9992459 0.02408725 -0.0198071 -0.9996028 0.02005124 -0.01925736 -0.9996153 0.01995933 -0.01944035 -0.9996069 0.02020329 -0.01953184 -0.9996058 0.02017277 -0.02130222 -0.9954675 0.09268605 -0.01974564 -0.9995216 0.02380466 -0.02056998 -0.9878473 0.1540612 -0.01449668 -0.9997233 0.01852524 -0.01336735 -0.9997469 0.01809781 -0.01290935 -0.9997579 0.0178228 -0.01382511 -0.9997435 0.01794517 -0.01327592 -0.9997531 0.01782327 -0.01342839 -0.9997461 0.01809781 -0.01351994 -0.999746 0.01803678 -0.01373362 -0.9996897 0.0207836 -0.008301198 -0.9998376 0.01599198 -0.007721364 -0.9998438 0.01590055 -0.002655148 -0.9998963 0.01416081 -0.00790441 -0.9998385 0.01614463 -0.007995963 -0.9998382 0.01611411 -0.008179068 -0.9998039 0.01803672 -0.007049858 -0.9849426 0.172738 -0.004058957 -0.9998804 0.01492357 -0.004577875 -0.9998773 0.01498502 -0.009277641 -0.9998196 0.01657158 -0.003173947 -0.9998939 0.01422184 -0.003143429 -0.9998905 0.01446592 -0.002929806 -0.9997442 0.02243149 -0.003143429 -0.9998731 0.01562583 -0.003173947 -0.9922279 0.1243947 -0.003143429 -0.9991907 0.04010188 -0.003326475 -0.9975 0.07058948 4.57779e-4 -0.9999114 0.01330608 0.001556456 -0.9999191 0.01263475 0.006469964 -0.9999178 0.01107829 0.006256282 -0.9999157 0.01138347 0.001892149 -0.9999181 0.01266527 0.001678466 -0.9999105 0.01327556 0.001892149 -0.9998204 0.01886045 0.001861631 -0.999379 0.03518849 0.001770079 -0.9979131 0.06454783 0 -0.9884486 0.1515572 0.003063857 -0.9999182 0.01242786 0.004791438 -0.9999185 0.01184129 0.005493342 -0.9999167 0.01168864 0.006042718 -0.9999198 0.01113933 0.006225824 -0.9999173 0.0112614 0.006256341 -0.9999174 0.01123088 0.006408929 -0.9998579 0.01559507 0.006592154 -0.9995068 0.03070241 0.006622552 -0.9982419 0.05890136 0.005279719 -0.9907001 0.1359611 0.007236361 -0.9999128 0.0110445 0.00840044 -0.9999061 0.0108245 0.008899927 -0.9999083 0.01021152 0.01251822 -0.9998782 0.009335935 0.008431553 -0.9999076 0.01066058 0.007809162 -0.9999111 0.01081299 0.008373737 -0.9999111 0.01038336 0.008367538 -0.9999074 0.01073217 0.01043754 -0.999902 0.009338855 0.01262861 -0.9998908 0.007672429 0.008541405 -0.9999101 0.01034832 0.01074266 -0.9998629 0.01260429 0.01834207 -0.9996277 0.0202037 0.01123112 -0.9984117 0.05520957 0.01071214 -0.9926607 0.1204584 0.01121157 -0.9998895 0.009770691 0.01287555 -0.9998731 0.009382724 0.009427845 -0.9999001 0.01053214 0.01245778 -0.9998767 0.009572207 0.01021337 -0.9999004 0.009748518 0.008717298 -0.9999094 0.01025724 0.01278793 -0.9998783 0.008944034 0.01265126 -0.9998768 0.009303867 0.01251733 -0.9998776 0.009389042 0.008430778 -0.9999071 0.01071459 0.01244235 -0.9998784 0.009409248 0.0124492 -0.9998815 0.00906074 0.02099722 -0.9997505 0.007629811 0.01443552 -0.9998672 0.007568717 -0.01083439 -0.9982604 0.05795639 0.0202037 -0.9993206 0.03082436 0.01794523 -0.9986771 0.04818964 0.01544272 -0.9940732 0.1076109 0.0149793 -0.9998514 0.008541107 0.02783256 -0.999601 0.004826962 0.01639235 -0.999832 0.008215725 0.01594245 -0.9998396 0.008171677 0.01556879 -0.9998453 0.008196771 0.01703834 -0.9998267 0.007512569 0.01637262 -0.9998332 0.008105158 0.01644617 -0.9998345 0.007777869 0.01651591 -0.9998311 0.008071482 0.02042591 -0.9997676 0.006905913 0.01637214 -0.9998328 0.008158028 0.01696401 -0.9998242 0.00799936 0.0164802 -0.9998348 0.007680654 0.01691877 -0.9998279 0.007630944 0.02902311 -0.9995744 0.002960264 0.01262336 -0.9998796 0.009025335 0.01648944 -0.9998483 0.005610823 0.01853901 -0.9998003 0.00746113 0.01959425 -0.9997791 0.007615506 0.02189993 -0.9997406 0.006268441 0.02086687 -0.9997616 0.006431341 0.02032947 -0.9997718 0.006569027 0.01988452 -0.9997777 0.00701332 0.02019667 -0.9997716 0.006988704 0.02064943 -0.9997648 0.006629049 0.0278564 -0.9996041 0.003992736 0.01630467 -0.9998351 0.008009552 0.02714055 -0.9996133 0.006071507 0.02224832 -0.9997407 0.004852473 0.02621597 -0.9993507 0.02472048 0.02530032 -0.99889 0.03973585 0.02188992 -0.9997402 0.00636053 0.01872891 -0.9997989 0.00717771 0.02054816 -0.9997647 0.00695461 0.02265965 -0.999724 0.006224989 0.02004832 -0.9997746 0.006997525 0.02378231 -0.9997012 0.005668282 0.02285546 -0.999722 0.005818128 0.02303725 -0.9997161 0.006101548 0.02349579 -0.9997061 0.00597918 0.03018808 -0.9995381 0.003500163 0.02788227 -0.9996032 0.00402373 0.02435398 -0.996164 0.08404874 0.02506542 -0.9996716 0.005335867 0.02331984 -0.9997101 0.006009697 0.02655977 -0.9996347 0.005019605 0.02651572 -0.9996358 0.005028724 0.0249018 -0.9996731 0.005813539 0.02640372 -0.9996401 0.004746675 0.02724701 -0.9996186 0.004517912 0.02680099 -0.9996303 0.004586458 0.02647691 -0.9996377 0.004857301 0.0272597 -0.9996167 0.004842519 0.02635943 -0.9996398 0.005075514 0.02929431 -0.9995557 0.005515813 0.03253209 -0.9994661 0.003035724 0.03119033 -0.9989759 0.0327773 0.02819925 -0.996802 0.0747708 0.03345346 -0.9994338 0.003621339 0.02900516 -0.9995708 0.004116535 0.02978187 -0.9995495 0.003722965 0.02909654 -0.9995687 0.003996074 0.0298354 -0.9995479 0.003749251 0.02898037 -0.9995722 0.003944396 0.0292527 -0.9995632 0.004220724 0.02988308 -0.9995458 0.003936707 0.03246968 -0.9994673 0.003297984 0.02966779 -0.9995512 0.004144787 0.03500503 -0.9993842 0.002445816 0.03171253 -0.9994859 0.00474143 -0.02798557 0.999608 -8.54522e-4 0.03601187 -0.9989646 0.0278024 0.02475082 -0.9954359 0.09216713 0.03263348 -0.9994623 0.003202378 0.03270632 -0.99946 0.003172874 0.02982115 -0.9995473 0.004023909 0.03254914 -0.9994654 0.003071606 0.03266972 -0.999462 0.002917945 0.03267019 -0.9994621 0.002866387 0.03255009 -0.9994651 0.003164887 0.03329771 -0.9994418 0.002738416 0.03270822 -0.99946 0.003144383 0.03738558 -0.9992991 0.001916229 0.02937966 -0.9995595 0.004192829 0.03737622 -0.9992995 0.001906394 0.03605347 -0.9993423 0.003902554 0.03189206 -0.9973212 0.06582885 0.02746689 -0.9959189 0.08597135 0.03634804 -0.9974208 0.06189244 0.03557693 -0.9993641 0.002393126 0.03535562 -0.999372 0.002402245 0.03667694 -0.9993259 0.001598834 0.03338128 -0.9994384 0.00295943 0.03486812 -0.9993889 0.002482235 0.03214359 -0.9994788 0.003029823 0.03639221 -0.9993359 0.001889228 0.03546929 -0.9993686 0.002089321 0.03539651 -0.9993712 0.00210154 0.03796786 -0.9992778 0.001565515 0.03459388 -0.9993988 0.002310812 0.03512263 -0.9993801 0.002454996 0.03510606 -0.9993807 0.002463221 0.03972119 -0.9992098 0.00140351 0.03663575 -0.9993236 0.003210604 0.9905104 0.03036689 -0.1340416 0.0416581 -0.9988801 0.02243131 0.03915554 -0.997567 0.05768042 0.02996945 -0.9963181 0.08032554 0.03543198 -0.9977115 0.05758839 0.036035 -0.9993479 0.002307295 0.03789842 -0.9992808 0.001302659 0.03782612 -0.9992832 0.001505136 0.03490972 -0.9993872 0.002605199 0.03738671 -0.9992996 0.001600682 0.03790628 -0.9992804 0.001378357 0.03535139 -0.9993726 0.002150535 0.04011607 -0.9991948 7.72786e-4 0.04215818 -0.9991107 8.40423e-4 0.03529399 -0.9993743 0.002312183 0.04136657 -0.9991438 7.1535e-4 0.04085528 -0.9991623 0.002407014 0.9937508 0.03537118 -0.1058694 0.04187172 -0.9976897 0.0534994 0.04297095 -0.9990747 0.001831114 0.03888165 -0.9979835 0.05017381 0.03874403 -0.999248 0.001570165 0.04543983 -0.9989671 -2.39086e-4 0.0378986 -0.9992802 0.001692235 0.03879785 -0.9992462 0.001335561 0.0402956 -0.9991875 8.03072e-4 0.04061901 -0.9991745 7.32177e-4 0.04034268 -0.9991858 6.75345e-4 0.04315805 -0.9990682 4.78003e-4 0.03796803 -0.999278 0.001366317 0.04317104 -0.9990676 5.2387e-4 0.04169636 -0.9991296 0.001234412 0.03664946 -0.9993269 0.001658201 0.04005116 -0.9991972 0.001024603 0.03781741 -0.9992837 0.001382887 0.04116964 -0.9991498 -0.002197325 0.04345905 -0.9990403 -0.005462884 0.0323807 -0.9966611 0.0749548 0.04431414 -0.9977707 0.04989922 0.03469997 -0.9969618 0.0697357 0.04240119 -0.9991006 4.5026e-4 0.04243451 -0.9990992 4.3917e-4 0.03875869 -0.9992478 0.001351177 0.04216969 -0.9991105 3.74363e-4 0.04316264 -0.9990681 6.37387e-5 0.04287838 -0.9990803 -2.24023e-5 0.04371535 -0.999044 3.25945e-4 0.0417512 -0.9991279 6.50224e-4 0.04286462 -0.9990808 4.97287e-4 0.03991127 -0.9992028 9.65508e-4 0.04290008 -0.9990795 1.40855e-4 0.04684734 -0.9989021 -3.66234e-4 0.04345953 -0.999051 -0.002899289 0.04678499 -0.9978358 0.0462051 0.03683596 -0.997197 0.06512677 0.04220747 -0.9981778 0.043123 0.04848122 -0.9988235 -0.001164376 0.04455983 -0.9990068 -1.2468e-4 0.04473441 -0.9989989 -1.85996e-4 0.04509991 -0.9989825 -3.99126e-4 0.04447585 -0.9990105 -1.76582e-4 0.04445582 -0.9990113 -2.99029e-4 0.04438692 -0.9990145 -2.92084e-4 0.03375184 -0.99943 -9.18989e-4 0.04012101 -0.9991946 7.43842e-4 0.0428189 -0.9990829 2.84339e-6 0.04910492 -0.9987928 -0.001281738 0.04449099 -0.9990098 -7.84963e-5 0.04237401 -0.9991018 2.35647e-4 0.04446071 -0.9990112 -7.26148e-5 0.04449617 -0.9990096 -3.3089e-4 0.04907459 -0.9978808 0.04272663 0.0456261 -0.9989526 -0.003479182 0.04532074 -0.9982784 0.03723323 0.04685801 -0.9989014 -7.28906e-4 0.04714632 -0.9988876 -9.01041e-4 0.03921717 -0.9992306 5.18827e-4 0.01452684 -0.9998825 0.004913449 0.04129159 -0.9991472 1.52593e-4 0.0469827 -0.9988954 -8.30171e-4 -0.9838368 -0.06415063 0.1671823 0.01022374 -0.9999445 -0.002563536 -0.02175807 -0.9996982 0.01140713 0.02840805 -0.9995889 0.00388211 0.04669767 -0.9989089 -6.43369e-4 0.04454147 -0.9990075 -3.38947e-4 0.04677003 -0.9989055 -6.72018e-4 0.04614824 -0.9989345 -5.72578e-4 0.04663157 -0.9989118 -9.37913e-4 0.05267542 -0.9985756 -0.008484184 0.04809832 -0.9988338 -0.004211604 0.03885066 -0.9973922 0.06082439 0.05121046 -0.997902 0.0396133 0.04086452 -0.9975649 0.05652064 0.04641449 -0.9989221 -6.41418e-4 0.0439471 -0.9990338 -5.1882e-4 -0.971284 -0.1617535 0.1744801 0.04318422 -0.9990671 -3.66227e-4 -0.9832968 -0.05816948 0.1724637 0.007294058 -0.9999638 -0.004394769 0.03141558 -0.9995049 0.001732349 0.02282786 -0.9997263 0.005127072 -0.3158736 0.9462171 0.0699805 -0.3158591 0.9462072 0.07017809 0.0374751 -0.9992972 9.65189e-4 0.02816575 -0.9995952 0.004015624 0.04905939 -0.998795 -0.001332104 0.04886704 -0.9988043 -0.001484096 0.0506739 -0.9987137 -0.001742005 0.04896634 -0.9987996 -0.001331925 0.04876112 -0.9988098 -0.001176238 0.04867064 -0.9988142 -0.001220703 0.04696577 -0.9988961 -9.74602e-4 0.04840469 -0.9988272 -0.001133084 0.0493955 -0.9987781 -0.001597881 0.05032521 -0.9987224 -0.004577755 0.05337774 -0.9979116 0.03637868 0.04294067 -0.9977073 0.0523101 0.04767131 -0.9983212 0.03289991 0.04843103 -0.9988259 -0.001153826 0.04544222 -0.998967 -3.35705e-4 0.01559501 -0.9998545 0.006927728 -0.270067 0.961975 0.04084271 -0.08489185 0.9963369 0.01030576 -0.08487212 0.99634 0.01016265 0.03922557 -0.9992304 2.76249e-4 0.03671497 -0.9993242 0.001818656 0.05061286 -0.9987165 -0.001968383 0.05079984 -0.9987074 -0.001763164 0.05080121 -0.9987069 -0.001996695 0.05067193 -0.9987139 -0.001701176 0.05106365 -0.9986938 -0.001779556 0.04835569 -0.9988291 -0.001435816 0.05015778 -0.9987396 -0.001831412 0.04998958 -0.9983271 0.02905374 0.05283445 -0.9986008 -0.002237081 0.05249381 -0.9986185 -0.002382338 0.05263811 -0.9986108 -0.002406358 0.05263817 -0.9986107 -0.002445399 0.05268174 -0.9986089 -0.002228558 0.05268186 -0.9986084 -0.002451956 0.05257517 -0.9986146 -0.00221163 0.05257517 -0.9986147 -0.002148747 0.05247128 -0.9986198 -0.002290844 0.05203229 -0.9986433 -0.002048075 0.05298095 -0.9985812 -0.005340814 0.05771207 -0.9983186 -0.005432426 0.0466634 -0.9979083 0.04474073 0.05446594 -0.9985124 -0.002588152 0.05384469 -0.998546 -0.002605736 0.05438441 -0.9985164 -0.002696216 0.05438464 -0.9985161 -0.002825617 0.05445122 -0.9985125 -0.002836406 0.05445194 -0.9985123 -0.00287491 0.05449485 -0.9985105 -0.002666592 0.05449491 -0.99851 -0.00288105 0.05439418 -0.9985161 -0.002650976 0.05426096 -0.9985235 -0.002589285 0.05439329 -0.9985162 -0.002614557 0.05135047 -0.9986783 -0.002238869 0.05426496 -0.9985227 -0.002796888 0.05633777 -0.998394 -0.005981683 0.05454188 -0.9985076 -0.002813816 0.05234032 -0.9983126 0.02514779 0.04846417 -0.9979723 0.04126173 0.05917662 -0.9978544 0.02801656 0.05619043 -0.9984155 -0.003057837 0.05597543 -0.9984275 -0.003070175 0.05610555 -0.9984201 -0.003093004 0.05615729 -0.9984168 -0.003236711 0.05607473 -0.9984214 -0.003224134 0.05616426 -0.9984162 -0.003271102 0.05594503 -0.9984294 -0.003010332 0.05674731 -0.9983831 -0.003322124 0.05620205 -0.9984148 -0.003029584 0.05654555 -0.9983952 -0.003125667 0.05624985 -0.9984111 -0.003349483 0.08252418 -0.9965435 -0.009532094 0.05490332 -0.9982703 0.02102744 0.05591672 -0.9984309 -0.003005206 0.06103926 -0.9981266 -0.004182219 0.05785113 -0.9983193 -0.003462493 0.05783736 -0.9983201 -0.003463566 0.05812847 -0.9983029 -0.00355792 0.05769872 -0.9983279 -0.003515839 0.05792641 -0.9983142 -0.003667652 0.05812442 -0.9983026 -0.003694176 0.05796301 -0.9983122 -0.003632962 0.05762642 -0.998332 -0.003522038 0.0595259 -0.998221 -0.003420412 0.05963492 -0.9981989 -0.006531119 0.0579918 -0.9983102 -0.003688275 0.06202822 -0.9980145 -0.01094686 0.05737638 -0.9981973 0.01760965 0.05748742 -0.9983406 -0.003399491 0.05958539 -0.9982158 -0.003859996 0.05956739 -0.9982169 -0.003852248 0.05978858 -0.9982036 -0.003876388 0.05958974 -0.9982151 -0.003952264 0.05967408 -0.9982101 -0.003959119 0.06025773 -0.9981741 -0.00418967 0.06360685 -0.9979645 -0.004592955 0.06033837 -0.9981693 -0.004161417 0.05980765 -0.9982025 -0.00384885 0.05799901 -0.9983098 -0.003688395 0.06431865 -0.9978696 -0.01092582 0.06277793 -0.9979774 -0.01001024 0.06125664 -0.9980667 -0.01051521 0.05368268 -0.9980584 0.031587 0.05903738 -0.9982486 -0.003780007 0.06074517 -0.9981442 -0.004250526 0.06283843 -0.9979994 -0.006988823 0.06119358 -0.9981165 -0.004346966 0.05984842 -0.9981053 0.01428306 0.05536097 -0.9980542 0.02868759 0.06592023 -0.9976541 0.01846373 0.06056469 -0.998156 -0.004101097 0.06214779 -0.99805 -0.005831599 0.06068325 -0.9981482 -0.004216849 0.060615 -0.9981519 -0.004310846 0.06687575 -0.9977015 -0.01092922 0.06588959 -0.9977749 -0.01019316 0.06747841 -0.9975882 0.01626682 0.05697923 -0.9980376 0.02597177 0.06781315 -0.9976653 -0.008087515 0.0610677 -0.9980502 0.01290935 0.0622918 -0.9980471 -0.004665136 0.06570696 -0.9978121 -0.007324457 0.06433564 -0.9979158 -0.004994988 0.06885343 -0.9975605 -0.0115053 0.06219726 -0.9979947 0.01174968 0.06424981 -0.9979214 -0.004999637 0.06726098 -0.9976792 -0.01059544 0.06384557 -0.9979078 0.01019328 0.06695407 -0.9977414 -0.005411863 0.07129311 -0.9973928 -0.01117944 0.07239168 -0.9973389 -0.008636951 0.07391655 -0.997263 -0.001709043 0.06679207 -0.9977523 -0.005407154 0.07004189 -0.9974888 -0.01050341 0.06555438 -0.9978125 0.008545219 0.06856864 -0.9976294 -0.005836129 0.06971269 -0.9975498 -0.005875885 0.07371211 -0.9972199 -0.010917 0.06711083 -0.9977204 0.007080316 0.07452762 -0.9971811 -0.008697926 0.07638806 -0.9970738 -0.002990782 0.0756148 -0.9970822 -0.01045966 0.07269787 -0.9972988 -0.01049411 0.06894242 -0.9976056 0.005493402 0.07106983 -0.9974519 -0.006244778 0.07400757 -0.9972255 -0.008026361 0.07250922 -0.9973466 -0.006507456 0.0765419 -0.9970285 -0.008697926 0.07016396 -0.9975249 0.004608392 0.07284426 -0.9973223 -0.006473422 0.07777667 -0.99692 -0.01007539 0.07544749 -0.9970955 -0.01041221 0.07086467 -0.9974769 0.00427258 0.06967437 -0.9975368 0.008117973 0.07538914 -0.9971103 -0.009359896 0.07538449 -0.9971308 -0.006896317 0.07889181 -0.9968451 -0.008728444 0.08022731 -0.9967468 -0.007720232 0.07184082 -0.9974095 0.003631711 0.07527685 -0.9971389 -0.006899595 0.08026635 -0.9967253 -0.009802937 0.0781725 -0.9968879 -0.01017552 0.07300126 -0.9973281 0.002746701 0.07404011 -0.9972532 0.002075314 0.07820695 -0.9968938 -0.009300649 0.07820475 -0.99691 -0.007386207 0.08026438 -0.9967436 -0.007738113 0.08254081 -0.9965562 -0.007926583 0.07522839 -0.9971655 0.001342773 0.07772445 -0.9969475 -0.007398128 0.08949112 -0.9959517 -0.008476316 0.07742691 -0.9969978 8.24016e-4 0.08073484 -0.9966864 -0.009907007 0.07620632 -0.9970918 6.71422e-4 0.07580959 -0.997122 8.85056e-4 0.08157265 -0.9966343 -0.00813049 0.0795989 -0.9967973 -0.007700026 0.08091944 -0.9966778 -0.009254574 0.0809161 -0.9966902 -0.007828712 0.08252334 -0.9965577 -0.007917106 0.07670462 -0.9970538 4.52425e-4 0.0840705 -0.9964211 -0.008781731 0.08094018 -0.9966883 -0.007827758 0.08296281 -0.996517 -0.008443892 0.08482831 -0.9963519 -0.009340524 0.08536082 -0.9963442 -0.003448605 0.08335548 -0.9964728 -0.009692966 0.0855323 -0.9963033 -0.008006215 0.0786888 -0.996899 -8.59435e-4 0.07799339 -0.9969539 -3.81886e-4 0.08264052 -0.9965406 -0.008811414 0.08498269 -0.9963439 -0.008769571 0.08254134 -0.9965541 -0.008181929 0.08402585 -0.9964199 -0.009342849 0.0840258 -0.9964311 -0.008047699 0.08847302 -0.9960329 -0.009539544 0.08482533 -0.9963622 -0.008204877 0.08180785 -0.9966449 -0.002548635 0.08199113 -0.9966295 -0.00266838 0.08046442 -0.9967559 -0.001812875 0.08578336 -0.9962728 -0.009055018 0.08713573 -0.9961605 -0.008472025 0.08596247 -0.9962561 -0.009183704 0.0871368 -0.9961526 -0.009342432 0.08190715 -0.9966368 -0.002542734 0.08258903 -0.99658 -0.002769291 0.08722895 -0.9961513 -0.008597373 0.08551228 -0.9963002 -0.008580982 0.09019774 -0.9958825 -0.009077787 0.08714383 -0.9961578 -0.008694946 0.08962535 -0.9959399 -0.008432447 0.08949273 -0.9959675 -0.006318867 0.0896272 -0.9959306 -0.009447932 0.08981877 -0.9959415 -0.00576812 0.08713287 -0.996184 -0.005035698 0.08289211 -0.9965543 -0.002932548 0.0890432 -0.9960176 -0.004501938 0.08335351 -0.9965151 -0.003155946 0.08731049 -0.9961444 -0.008566558 0.08725798 -0.9961479 -0.008686125 0.09082263 -0.995844 -0.006801664 0.08629757 -0.9962583 -0.004727184 0.08450806 -0.9964129 -0.004450023 0.0890423 -0.9960075 -0.006372749 0.0854119 -0.9963354 -0.00454694 0.08876729 -0.996012 -0.008969604 0.09019762 -0.9958785 -0.009519994 0.09083819 -0.9958207 -0.009459018 0.09083771 -0.9958279 -0.008680939 0.0911675 -0.9957982 -0.008628726 0.09116739 -0.9958127 -0.006768524 0.09082001 -0.9958515 -0.005628824 0.08770406 -0.996133 -0.005201339 0.08789509 -0.9961158 -0.005285561 0.09041416 -0.9958653 -0.008818984 0.09149789 -0.9957636 -0.009114265 0.08768302 -0.9961093 -0.008830368 0.09033989 -0.9958697 -0.009070336 0.08847898 -0.9960408 -0.008622705 0.09098118 -0.9958075 -0.009474992 0.09436851 -0.9955004 -0.008578538 0.0953952 -0.9953975 -0.009145438 0.09819996 -0.9951309 -0.008445084 0.09639054 -0.9953149 -0.007563233 0.09574663 -0.995376 -0.007694125 0.08954524 -0.9959662 -0.005759 0.0892803 -0.99599 -0.0057258 -0.1081766 7.75915e-6 0.9941317 -0.1081865 0 0.9941307 -0.1081462 -2.68104e-5 0.9941351 -0.108155 -3.32983e-5 0.9941341 -0.108203 0 0.9941288 -0.1082143 0 0.9941276 -0.1081739 -3.45896e-5 0.994132 -0.108187 4.48807e-6 0.9941306 -0.1081823 0 0.9941312 -0.1081507 0 0.9941346 -0.1081516 4.27806e-6 0.9941344 -0.1081654 0 0.994133 -0.1081658 0 0.9941329 -0.1082248 0 0.9941264 -0.108226 0 0.9941264 -0.1081345 -1.56227e-4 0.9941363 -0.1081933 0 0.99413 -0.1082029 0 0.9941289 -0.1081739 -1.55563e-4 0.9941321 -0.1081793 -2.73442e-5 0.9941315 -0.1082027 2.23566e-4 0.9941288 -0.1080921 8.67915e-4 0.9941405 -0.1081596 -1.50363e-4 0.9941337 -0.1081519 2.32252e-4 0.9941344 -0.1081957 1.82139e-4 0.9941297 -0.1081576 6.61785e-5 0.9941338 -0.1081943 1.8151e-4 0.9941298 -0.1081817 -1.39154e-5 0.9941312 -0.1082455 6.26673e-4 0.9941241 -0.1081708 1.04535e-5 0.9941324 -0.1080855 -8.67764e-4 0.9941413 -0.1081615 2.08095e-5 0.9941334 -0.1081585 -1.29443e-4 0.9941337 -0.1081641 -4.69801e-5 0.9941331 -0.1082583 6.30667e-4 0.9941226 -0.1078465 -4.36044e-4 0.9941675 -0.1081475 -2.32235e-4 0.9941349 -0.1081873 0 0.9941306 -0.108129 -6.10181e-5 0.9941369 -0.1081469 -1.21065e-4 0.9941349 -0.1081463 4.11162e-5 0.994135 -0.1081821 -2.61038e-6 0.9941312 -0.1081884 7.4393e-5 0.9941304 -0.1081236 -3.48301e-4 0.9941375 -0.1081705 -7.08084e-5 0.9941324 -0.1082525 2.71695e-4 0.9941235 -0.1081922 6.61785e-5 0.9941301 -0.1082148 4.6013e-5 0.9941275 -0.108235 -6.23637e-6 0.9941254 -0.1081576 -2.21872e-5 0.9941338 -0.1082246 -3.99304e-5 0.9941265 -0.1081628 4.69805e-5 0.9941332 -0.1084697 -3.98786e-4 0.9940997 -0.1081116 1.31932e-4 0.9941388 -0.1081153 1.16477e-4 0.9941384 -0.1078477 4.32325e-4 0.9941674 -0.1085151 -3.47792e-4 0.9940948 -0.1086551 -4.28955e-4 0.9940794 -0.1078357 3.4953e-4 0.9941688 -0.108117 3.21692e-4 0.9941382 -0.1086513 4.25881e-4 0.9940799 -0.1081565 -4.11162e-5 0.994134 -0.1078359 -3.49531e-4 0.9941687 -0.1081147 -1.16477e-4 0.9941385 -0.1085014 3.45326e-4 0.9940963 -0.1081074 -1.27233e-4 0.9941393 -0.1084749 3.98786e-4 0.9940992 -0.108218 3.99304e-5 0.9941272 -0.1082347 6.23635e-6 0.9941254 -0.1081386 5.97726e-5 0.9941359 -0.1082483 -2.61698e-4 0.9941239 -0.1081809 1.43574e-5 0.9941312 -0.108202 -1.57851e-4 0.994129 -0.1082584 -6.27166e-4 0.9941226 -0.108189 -7.43982e-5 0.9941304 -0.1082535 -6.33341e-4 0.9941232 -0.1081866 -8.15029e-5 0.9941306 -0.1081956 -1.82139e-4 0.9941297 -0.1081675 1.03694e-4 0.9941327 -0.108161 1.50363e-4 0.9941335 0.1698113 8.12565e-5 0.9854766 0.1701443 3.4145e-5 0.9854192 0.1687727 0.002117812 0.9856528 0.1702045 -2.11566e-4 0.9854088 0.1694414 9.994e-4 0.9855399 0.1705521 -0.001019656 0.9853482 0.1692041 0.001090288 0.9855805 0.169798 -1.02551e-4 0.9854789 0.1695904 2.49626e-4 0.9855147 0.1694976 5.30168e-4 0.9855304 0.1702935 -7.09118e-4 0.9853931 0.1699832 -3.11404e-4 0.985447 0.1699276 -1.36818e-4 0.9854566 0.169811 -4.42e-5 0.9854767 0.169418 5.91719e-4 0.9855442 0.1700835 -2.7674e-4 0.9854297 0.1692441 7.58635e-4 0.9855739 0.1694809 6.14574e-4 0.9855333 0.1718498 -0.003487229 0.9851171 0.169858 0 0.9854686 0.1696923 1.26487e-4 0.9854971 0.1687587 0.001353025 0.9856564 0.1692502 7.74732e-4 0.9855729 0.17 -7.94578e-5 0.9854441 0.1706137 -0.001004099 0.9853376 0.1697768 0 0.9854826 0.1702997 -6.39698e-4 0.9853921 0.1698511 3.89364e-5 0.9854698 0.1699092 -6.84029e-5 0.9854598 0.1693487 6.81619e-4 0.985556 0.170107 -3.23014e-4 0.9854256 0.1699443 -2.57852e-4 0.9854536 0.1697704 2.07211e-5 0.9854837 0.1697905 6.20454e-5 0.9854802 0.1694635 5.0349e-4 0.9855364 0.1701667 -4.34491e-4 0.9854152 0.9716736 -0.1668185 -0.1673983 0.9854828 0 -0.1697761 0.9854828 -6.10376e-5 -0.1697761 0.7780265 -0.6137721 -0.1340098 0.772264 -0.6212233 -0.1330037 0.86596 -0.4773553 -0.1491487 0.8634351 -0.4820294 -0.1487534 0.9301036 -0.3304926 -0.1602564 0.9315143 -0.3263748 -0.1605017 0.5397988 -0.8366317 -0.09308451 0.3959825 -0.915719 -0.06824022 0.3844758 -0.9207521 -0.0662868 0.6588199 -0.743694 -0.1134707 0.6683608 -0.7348611 -0.1152083 0.5288671 -0.8437947 -0.09116083 -0.09598135 -0.9952458 0.01654112 0.08115047 -0.9966039 -0.01397776 -0.08163791 -0.9965628 0.01406913 0.06680625 -0.9976996 -0.01150566 0.2284348 -0.9727629 -0.03936952 0.2416503 -0.9694702 -0.04162806 -0.5382987 -0.8376316 0.0927785 -0.5490725 -0.8303992 0.09464031 -0.3959559 -0.9157282 0.06827139 -0.242109 -0.9693518 0.04171973 -0.4080469 -0.9102467 0.0703476 -0.2552339 -0.9658787 0.04397845 -0.8702975 -0.4691476 0.1499429 -0.8672345 -0.4749403 0.1494526 -0.9340872 -0.3187072 0.1609559 -0.783057 -0.6071454 0.134894 -0.6670894 -0.7360629 0.1149049 -0.7779967 -0.6138032 0.1340405 -0.9724634 0.1620569 0.1674892 -0.9854878 -6.10379e-5 0.1697464 -0.9854878 0 0.1697464 -0.9717726 -0.1662704 0.1673691 -0.9724583 -0.1620255 0.1675494 -0.9324029 -0.3237515 0.1606549 -0.8672299 0.4749683 0.1493908 -0.7830978 0.6070923 0.1348958 -0.8703134 0.4691092 0.1499708 -0.9717528 0.1663281 0.1674267 -0.9323983 0.3237498 0.1606847 -0.9340964 0.3186798 0.1609574 -0.5490601 0.8304111 0.09460765 -0.5382077 0.8376935 0.0927481 -0.4080364 0.9102538 0.0703153 -0.676331 0.7273282 0.1164909 -0.7780677 0.6137195 0.1340117 -0.6670552 0.7360893 0.1149348 -0.09598135 0.9952462 0.0165106 -0.2413777 0.9695394 0.0415979 -0.08081454 0.9966316 0.01394718 -0.2552339 0.9658787 0.04397845 -0.3957957 0.9158021 0.06820905 0.06680625 0.9976996 -0.01150566 0.08145612 0.9965785 -0.01400834 0.228464 0.9727573 -0.03933876 0.2419588 0.9693919 -0.04165911 0.3844774 0.9207558 -0.06622606 0.5288096 0.8438307 -0.09116142 0.396206 0.9156199 -0.06827241 0.5399513 0.8365401 -0.09302347 0.6587831 0.7437176 -0.1135306 0.6668979 0.7362368 -0.1149035 0.7722578 0.6212183 -0.1330637 0.8634194 0.4820207 -0.1488727 0.7767003 0.6154701 -0.1339159 0.8671324 0.4751176 -0.1494814 0.9300993 0.3304605 -0.1603472 0.9323304 0.3239611 -0.1606529 0.971652 0.1669116 -0.1674304 0.9722182 0.1635216 -0.1674891 -0.6763578 -0.7272937 0.1165513 0.9722229 -0.1634613 -0.1675204</float_array>
          <technique_common>
            <accessor source="#ID92_014-mesh-normals-array" count="3124" stride="3">
              <param name="X" type="float"/>
              <param name="Y" type="float"/>
              <param name="Z" type="float"/>
            </accessor>
          </technique_common>
        </source>
        <vertices id="ID92_014-mesh-vertices">
          <input semantic="POSITION" source="#ID92_014-mesh-positions"/>
        </vertices>
        <triangles material="ID10_002-material" count="3784">
          <input semantic="VERTEX" source="#ID92_014-mesh-vertices" offset="0"/>
          <input semantic="NORMAL" source="#ID92_014-mesh-normals" offset="1"/>
          <p>0 0 1 0 2 0 1 1 3 1 4 1 4 2 2 2 1 2 5 3 6 3 7 3 8 4 0 4 2 4 9 5 10 5 6 5 11 6 12 6 6 6 13 7 6 7 5 7 6 8 10 8 11 8 9 9 6 9 13 9 0 10 6 10 14 10 14 11 6 11 12 11 15 12 1 12 0 12 0 13 14 13 15 13 16 14 1 14 15 14 16 15 17 15 1 15 1 16 17 16 18 16 19 17 20 17 21 17 20 17 19 17 22 17 23 18 24 18 25 18 24 19 23 19 26 19 27 20 28 20 29 20 27 21 30 21 28 21 31 22 32 23 33 24 34 25 35 26 36 27 37 28 31 22 33 24 35 26 37 28 36 27 31 22 37 28 35 26 38 29 39 30 40 31 41 32 42 33 43 34 44 35 45 36 46 37 38 29 47 38 39 30 48 39 49 40 50 41 51 42 52 43 53 44 52 43 48 39 54 45 55 46 46 37 45 36 56 47 45 36 51 42 57 48 58 49 44 35 59 50 44 35 46 37 60 51 61 52 58 49 60 51 58 49 57 48 62 53 61 52 63 54 61 52 62 53 58 49 62 53 63 54 64 55 65 56 66 57 64 55 62 53 64 55 66 57 57 48 44 35 59 50 56 47 55 46 45 36 52 43 51 42 48 39 51 42 53 44 56 47 43 34 50 41 49 40 54 45 48 39 50 41 41 32 49 40 47 38 49 40 41 32 43 34 41 58 47 58 38 58 67 59 39 30 68 60 69 61 39 30 67 59 39 30 70 62 68 60 39 30 71 63 70 62 39 30 72 64 73 65 69 61 72 64 39 30 39 30 74 66 75 67 73 65 74 66 39 30 76 68 40 31 77 69 77 69 40 31 75 67 75 67 40 31 39 30 38 29 40 31 78 70 79 71 80 72 81 73 82 74 83 75 81 73 81 73 80 72 82 74 84 76 83 75 85 77 82 74 85 77 83 75 84 76 86 78 87 79 86 78 84 76 85 77 88 80 89 81 87 79 87 79 86 78 88 80 90 82 89 81 91 83 88 80 91 83 89 81 90 82 92 84 93 85 92 84 90 82 91 83 94 86 95 87 93 85 93 85 92 84 94 86 96 88 95 87 97 89 94 86 97 89 95 87 96 88 97 89 98 90 80 72 79 71 99 91 79 71 100 92 99 91 101 93 100 92 102 94 100 92 101 93 99 91 102 94 103 95 104 96 104 96 101 93 102 94 105 97 106 98 103 95 104 96 103 95 106 98 105 97 107 99 106 98 107 99 108 100 109 101 108 100 107 99 105 97 110 102 109 101 108 100 111 103 112 104 110 102 110 102 108 100 111 103 113 105 112 104 114 106 111 103 114 106 112 104 113 105 115 107 116 108 115 107 113 105 114 106 117 109 118 110 116 108 116 108 115 107 117 109 117 109 119 111 118 110 119 111 120 112 118 110 121 113 122 114 123 115 126 116 121 113 123 115 127 117 128 118 129 119 130 120 131 121 128 118 122 114 130 120 123 115 129 119 128 118 131 121 132 122 128 118 127 117 133 123 134 124 128 118 133 123 128 118 132 122 135 125 128 118 134 124 123 115 130 120 128 118 124 126 137 126 136 126 125 127 137 127 124 127 124 128 138 128 125 128 128 118 125 129 138 130 123 115 128 118 139 131 128 118 138 130 139 131 140 132 141 133 142 134 143 135 141 133 140 132 144 136 145 136 146 136 147 137 148 137 149 137 146 138 148 139 144 140 144 140 148 139 147 141 147 142 149 142 143 142 143 143 149 143 150 143 141 144 143 144 150 144 151 145 152 145 153 145 151 17 154 17 152 17 155 17 156 17 157 17 153 146 155 146 151 146 158 17 159 17 157 17 158 147 157 147 156 147 160 17 157 17 159 17 155 17 157 17 151 17 161 148 162 148 163 148 161 149 163 149 164 149 165 150 166 150 167 150 165 151 167 151 168 151 165 152 169 152 170 152 166 153 165 153 170 153 169 17 165 17 171 17 172 17 173 17 165 17 165 154 173 154 171 154 174 17 175 17 165 17 165 155 175 155 172 155 165 156 176 156 174 156 177 157 178 157 179 157 178 158 177 158 199 158 179 159 178 159 180 159 181 160 182 160 183 160 184 161 181 161 185 161 181 162 186 162 185 162 187 163 181 163 188 163 189 164 181 164 190 164 181 165 187 165 190 165 191 166 181 166 192 166 181 167 189 167 192 167 193 168 181 168 194 168 181 169 191 169 194 169 195 170 181 170 196 170 181 171 193 171 196 171 183 172 197 172 181 172 181 173 195 173 182 173 181 174 198 174 186 174 197 175 198 175 181 175 199 176 200 176 201 176 200 177 181 177 184 177 199 178 202 178 203 178 201 179 202 179 199 179 204 180 199 180 203 180 181 181 200 181 199 181 199 182 177 182 181 182 199 183 205 183 178 183 206 184 207 184 208 184 206 20 209 20 207 20 210 185 211 186 212 187 213 188 214 189 215 190 216 191 211 186 210 185 217 192 218 193 216 191 211 186 216 191 218 193 218 194 217 194 219 194 220 195 219 196 217 192 220 195 221 197 222 198 222 199 219 199 220 199 223 200 210 185 224 201 212 187 224 201 210 185 225 202 223 200 226 203 223 200 224 201 226 203 225 202 227 204 228 205 228 205 223 200 225 202 228 205 229 206 230 207 229 206 228 205 227 204 230 207 231 208 232 209 229 206 231 208 230 207 233 210 234 211 232 209 230 207 232 209 234 211 235 212 234 211 236 213 234 214 233 214 236 214 235 212 237 215 238 216 238 216 234 211 235 212 238 216 239 217 240 218 239 217 238 216 237 215 240 218 241 219 242 220 239 217 241 219 240 218 215 190 214 189 242 220 240 218 242 220 214 189 243 221 244 222 245 223 213 188 246 224 244 222 247 225 248 226 249 227 248 226 244 222 243 221 250 228 251 229 252 230 250 228 247 225 253 231 254 232 255 233 256 234 256 234 252 230 257 235 258 236 259 237 260 238 261 239 262 240 260 238 263 241 264 242 265 243 266 244 264 242 267 245 268 246 269 247 270 248 268 246 271 249 272 250 273 251 274 252 275 253 274 252 276 254 277 255 278 256 279 257 280 258 281 259 282 260 279 257 283 261 284 262 285 263 278 256 285 263 284 262 286 264 287 265 288 266 289 267 290 268 291 269 292 270 293 271 294 272 295 273 288 266 296 274 297 275 298 276 299 277 293 271 300 278 301 279 302 280 303 281 304 282 305 283 302 280 304 282 303 281 297 275 299 277 297 275 303 281 302 280 293 271 301 279 297 275 297 275 301 279 298 276 295 273 292 270 294 272 300 278 293 271 292 270 288 266 287 265 296 274 288 266 295 273 294 272 290 268 286 264 291 269 290 268 287 265 286 264 283 261 289 267 284 262 284 262 289 267 291 269 282 260 280 258 279 257 278 256 280 258 285 263 281 259 274 252 273 251 281 259 273 251 282 260 276 254 269 247 277 255 275 253 274 252 277 255 268 246 270 248 271 249 269 247 276 254 270 248 263 241 265 243 271 249 265 243 272 250 271 249 266 244 267 245 259 237 267 245 264 242 263 241 259 237 261 239 260 238 259 237 258 236 266 244 262 240 255 233 254 232 261 239 255 233 262 240 252 230 306 284 257 235 254 232 256 234 257 235 307 285 251 229 250 228 251 229 306 284 252 230 307 285 250 228 253 231 248 226 243 221 249 227 250 228 248 226 247 225 214 189 213 188 244 222 245 223 244 222 246 224 308 286 309 286 310 286 308 286 311 286 309 286 312 287 313 287 314 287 312 288 314 288 317 288 316 286 314 286 315 286 314 286 316 286 317 286 318 289 319 289 320 289 319 290 318 290 323 290 319 290 324 290 325 290 326 290 327 290 328 290 319 291 325 291 326 291 328 290 320 290 326 290 320 292 319 292 326 292 320 293 329 293 330 293 329 290 320 290 328 290 331 294 332 294 330 294 330 295 329 295 331 295 333 290 332 290 334 290 331 290 334 290 332 290 333 290 335 290 336 290 335 290 333 290 334 290 337 296 338 296 336 296 336 297 335 297 337 297 339 298 338 298 340 298 337 299 340 299 338 299 339 300 341 300 342 300 341 301 339 301 340 301 343 302 344 302 342 302 342 303 341 303 343 303 345 290 344 290 346 290 343 290 346 290 344 290 345 304 347 304 348 304 347 290 345 290 346 290 349 305 350 305 348 305 348 306 347 306 349 306 349 307 351 307 350 307 350 308 352 308 353 308 352 309 350 309 351 309 353 310 352 310 354 310 354 311 321 311 322 311 322 312 353 312 354 312 322 313 321 313 355 313 321 290 356 290 355 290 355 290 356 290 357 290 357 314 356 314 358 314 359 315 357 315 358 315 360 290 359 290 358 290 360 316 361 316 359 316 360 317 362 317 361 317 361 290 362 290 363 290 363 318 362 318 364 318 365 319 363 319 364 319 366 320 365 320 364 320 366 321 367 321 365 321 366 322 368 322 367 322 367 323 368 323 369 323 369 324 368 324 370 324 373 325 371 326 374 327 371 326 373 325 372 328 375 329 376 330 374 327 373 325 374 327 376 330 376 330 377 331 378 332 377 331 376 330 375 329 379 333 380 334 378 332 378 332 377 331 379 333 381 335 380 334 382 336 379 333 382 336 380 334 381 335 382 336 383 337 384 338 383 337 385 339 383 337 384 338 381 335 386 340 387 341 388 342 385 339 389 343 386 340 388 342 390 344 391 345 390 344 388 342 387 341 391 345 392 346 393 347 394 348 395 349 396 350 398 351 394 348 399 352 398 351 399 352 400 353 402 354 404 355 405 356 406 357 407 358 408 359 409 360 410 361 411 362 409 360 412 363 413 364 411 362 410 361 414 365 415 366 416 367 413 364 417 368 418 369 408 359 412 363 415 366 413 364 411 362 412 363 409 360 419 370 405 356 404 355 410 361 418 369 414 365 417 368 414 365 418 369 416 367 415 366 403 371 420 357 407 358 406 357 417 368 408 359 407 358 404 355 402 354 403 371 416 367 403 371 402 354 419 370 401 372 400 353 419 370 400 353 405 356 399 352 394 348 396 350 400 353 401 372 398 351 397 373 396 350 395 349 393 347 397 373 395 349 391 345 390 344 392 346 393 347 392 346 397 373 386 340 389 343 387 341 386 340 384 338 385 339 372 328 421 374 422 375 422 375 371 326 372 328 423 376 424 377 421 374 422 375 421 374 424 377 423 376 425 378 424 377 426 379 425 378 423 376 427 380 425 378 426 379 428 381 429 382 430 383 429 382 433 384 434 385 435 386 427 380 426 379 436 387 437 388 428 381 438 389 431 390 439 391 440 392 441 393 437 388 444 394 439 391 445 395 446 396 435 386 447 397 446 396 427 380 435 386 445 395 434 385 444 394 447 397 448 398 446 396 449 399 448 398 450 400 448 398 447 397 450 400 450 400 443 401 449 399 443 401 442 402 449 399 451 403 443 401 441 393 443 401 451 403 442 402 440 392 451 403 441 393 437 388 436 387 440 392 436 387 428 381 430 383 430 383 429 382 434 385 434 385 433 384 444 394 438 389 439 391 444 394 431 390 438 389 432 404 431 390 432 404 452 405 432 404 453 406 452 405 454 407 455 408 452 405 452 405 453 406 454 407 456 409 455 408 457 410 454 407 457 410 455 408 456 409 457 410 458 411 459 412 460 412 461 412 462 413 463 413 464 413 463 414 462 414 465 414 464 415 466 415 467 415 467 416 462 416 464 416 467 417 466 417 468 417 469 418 468 418 466 418 469 419 460 419 470 419 470 420 468 420 469 420 461 421 460 421 471 421 470 422 460 422 459 422 461 423 471 423 472 423 473 424 474 424 475 424 476 425 477 425 478 425 479 426 480 426 473 426 474 427 473 427 480 427 481 428 479 428 482 428 479 429 481 429 480 429 482 430 483 430 484 430 484 431 481 431 482 431 485 432 486 432 483 432 484 433 483 433 486 433 487 434 485 434 488 434 485 435 487 435 486 435 488 436 489 436 490 436 490 437 487 437 488 437 491 438 492 438 489 438 490 439 489 439 492 439 493 440 491 440 494 440 491 441 493 441 492 441 494 442 495 442 496 442 496 443 493 443 494 443 497 444 498 444 495 444 496 445 495 445 498 445 499 446 497 446 500 446 497 447 499 447 498 447 501 448 475 448 474 448 501 449 502 449 475 449 502 450 503 450 504 450 503 451 502 451 501 451 505 452 478 452 504 452 504 453 503 453 505 453 476 454 506 454 477 454 505 455 476 455 478 455 507 456 506 456 508 456 506 457 507 457 477 457 508 458 509 458 510 458 510 459 507 459 508 459 511 460 512 460 509 460 510 461 509 461 512 461 513 462 511 462 514 462 511 463 513 463 512 463 514 464 515 464 516 464 516 465 513 465 514 465 517 466 518 466 515 466 516 467 515 467 518 467 519 468 517 468 520 468 517 469 519 469 518 469 520 470 521 470 522 470 522 471 519 471 520 471 523 472 524 472 525 472 526 473 527 473 528 473 529 474 530 474 531 474 532 475 530 475 529 475 533 476 534 476 523 476 533 477 523 477 525 477 523 478 535 478 536 478 534 479 535 479 523 479 537 480 523 480 538 480 523 481 536 481 538 481 537 482 527 482 523 482 528 483 527 483 537 483 526 484 529 484 527 484 529 485 539 485 540 485 532 486 529 486 540 486 529 487 541 487 542 487 539 488 529 488 542 488 526 489 543 489 529 489 541 490 529 490 543 490 544 491 545 491 546 491 546 492 547 492 548 492 548 493 544 493 546 493 549 494 550 494 551 494 551 495 552 495 553 495 553 496 549 496 551 496 554 497 555 497 556 497 556 498 557 498 554 498 558 499 559 499 560 499 561 500 562 500 563 500 561 501 558 501 560 501 563 502 558 502 561 502 564 503 565 503 566 503 567 504 568 504 565 504 565 505 568 505 566 505 569 506 570 506 565 506 565 507 570 507 567 507 569 508 571 508 572 508 571 509 569 509 565 509 573 510 574 510 575 510 576 511 565 511 564 511 577 512 574 512 578 512 574 513 573 513 578 513 579 514 580 514 574 514 574 515 580 515 575 515 574 516 577 516 572 516 574 517 572 517 571 517 576 518 581 518 565 518 582 519 583 520 584 521 585 522 586 523 587 524 583 520 582 519 588 525 589 526 584 521 583 520 590 527 588 525 591 528 588 525 582 519 592 529 588 525 593 530 583 520 588 525 594 531 593 530 590 527 595 532 596 533 597 534 596 533 587 524 598 535 599 536 596 533 600 537 585 522 587 524 596 533 600 537 587 524 596 533 599 536 601 538 590 527 596 533 588 525 602 539 601 538 599 536 588 525 596 533 601 538 598 535 603 540 599 536 599 536 604 541 605 542 606 543 605 542 604 541 607 544 601 538 608 545 608 545 602 539 609 546 608 545 601 538 602 539 601 538 607 544 594 531 604 541 599 536 603 540 602 539 599 536 605 542 588 525 601 538 594 531 592 529 591 528 588 525 600 537 596 533 595 532 598 535 596 533 597 534 611 547 612 547 610 547 610 548 613 548 611 548 610 549 612 549 614 549 610 550 614 550 615 550 615 551 616 551 610 551 616 552 617 552 610 552 610 553 618 553 619 553 617 554 618 554 610 554 619 555 620 555 621 555 620 556 622 556 621 556 622 557 623 557 621 557 624 558 621 558 623 558 625 559 621 559 624 559 626 560 627 560 621 560 626 561 621 561 625 561 627 562 628 562 621 562 629 563 621 563 628 563 630 564 621 564 629 564 631 565 632 565 633 565 621 566 610 566 619 566 634 567 635 567 633 567 633 568 635 568 631 568 636 569 633 569 637 569 633 570 632 570 637 570 633 571 630 571 634 571 633 572 621 572 630 572 638 573 639 573 640 573 641 574 642 574 640 574 638 575 643 575 639 575 644 576 642 576 641 576 640 577 642 577 645 577 645 578 646 578 640 578 647 579 648 579 649 579 646 580 650 580 640 580 651 581 652 581 653 581 649 582 654 582 647 582 655 583 656 583 651 583 655 584 657 584 656 584 653 585 652 585 654 585 655 586 651 586 653 586 648 587 658 587 649 587 654 588 652 588 647 588 659 589 650 589 658 589 658 590 648 590 659 590 650 591 660 591 640 591 660 592 650 592 659 592 640 593 661 593 662 593 660 594 661 594 640 594 640 595 662 595 638 595 663 596 664 596 665 596 665 597 664 597 666 597 664 598 667 598 668 598 668 599 669 599 664 599 666 600 664 600 670 600 663 601 667 601 664 601 671 602 664 602 672 602 671 603 670 603 664 603 668 604 675 604 669 604 672 605 664 605 673 605 676 606 669 606 674 606 674 607 669 607 675 607 678 608 669 608 679 608 677 609 679 609 669 609 677 610 669 610 676 610 680 611 681 611 678 611 678 612 679 612 680 612 678 613 681 613 682 613 673 614 664 614 683 614 684 615 685 616 686 617 687 618 688 619 689 620 689 620 690 621 687 618 689 620 691 622 690 621 689 620 692 623 693 624 691 622 694 625 690 621 693 624 695 626 689 620 694 625 691 622 696 627 697 628 698 629 699 630 700 631 697 628 701 632 702 633 700 631 703 634 704 635 700 631 705 636 706 637 707 638 708 639 707 638 709 640 710 641 710 641 711 642 712 643 713 644 707 638 714 645 715 646 712 646 716 646 713 644 717 647 707 638 718 648 707 638 717 647 707 638 712 643 715 649 714 645 707 638 715 649 711 650 719 650 712 650 706 637 720 651 707 638 720 651 709 640 707 638 721 652 708 639 707 638 702 633 722 653 700 631 707 638 700 631 722 653 700 631 723 654 705 636 724 655 703 634 700 631 723 654 700 631 725 656 699 630 726 657 697 628 701 632 697 628 726 657 727 658 697 628 686 617 697 628 728 659 729 660 686 617 695 626 684 615 685 616 727 658 686 617 691 622 730 661 731 662 696 627 691 622 731 662 691 622 732 663 733 664 691 622 733 664 730 661 732 663 734 665 735 666 733 664 732 663 735 666 736 667 737 668 732 663 732 663 737 668 734 665 732 663 738 669 736 667 738 669 732 663 739 670 740 671 739 670 741 672 739 670 740 671 738 669 738 669 742 673 743 674 738 669 744 675 745 676 746 677 738 669 747 678 748 679 749 680 750 681 745 676 751 682 752 683 753 684 754 685 755 686 756 687 757 688 758 689 759 690 760 691 761 692 762 693 763 694 764 695 765 696 766 697 767 698 768 699 769 700 770 701 771 702 772 703 773 704 774 705 775 706 771 702 776 707 777 708 778 709 779 710 780 711 781 712 780 711 782 713 783 714 784 715 785 716 786 717 787 718 788 719 789 720 790 721 791 722 792 723 793 724 784 715 786 717 794 725 795 726 796 727 797 728 798 729 799 730 789 720 800 731 787 718 801 732 759 690 802 733 738 669 803 734 804 735 738 669 746 677 736 667 805 736 738 669 804 735 738 669 806 737 744 675 805 736 806 737 738 669 747 678 738 669 807 738 745 676 744 675 808 739 745 676 809 740 810 741 808 739 809 740 745 676 745 676 811 742 751 682 745 676 807 738 738 669 750 681 812 743 745 676 813 744 745 676 752 683 748 679 750 681 813 744 750 681 745 676 813 744 749 680 814 745 757 688 757 688 750 681 749 680 758 689 757 688 815 746 815 746 757 688 814 745 816 747 817 748 756 687 816 747 756 687 758 689 754 685 753 684 756 687 754 685 756 687 817 748 818 749 819 750 753 684 818 749 753 684 755 686 819 750 763 694 762 693 819 750 762 693 753 684 760 691 759 690 762 693 760 691 762 693 764 695 820 751 821 752 759 690 820 751 759 690 761 692 802 733 759 690 821 752 822 753 765 696 759 690 759 690 801 732 822 753 823 754 766 697 765 696 823 754 765 696 822 753 765 696 767 698 824 755 824 755 774 705 771 702 771 702 765 696 824 755 771 702 775 706 825 756 771 702 773 704 780 711 771 702 825 756 772 703 782 713 780 711 826 757 780 711 773 704 826 757 783 714 827 758 780 711 828 759 780 711 779 710 827 758 781 712 780 711 791 722 828 759 792 723 828 759 791 722 780 711 790 721 787 718 791 722 790 721 829 760 787 718 800 731 830 761 787 718 829 760 788 719 787 718 830 761 831 762 797 728 797 728 787 718 830 761 832 763 798 729 797 728 832 763 797 728 831 762 799 730 798 729 833 764 796 727 834 765 835 766 836 767 799 730 837 768 837 768 799 730 833 764 799 730 836 767 838 769 839 770 799 730 840 771 799 730 838 769 840 771 841 772 799 730 842 773 799 730 843 774 797 728 844 775 845 776 846 777 846 777 845 776 847 778 848 779 844 775 846 777 841 772 847 778 845 776 841 772 845 776 799 730 844 775 848 779 849 780 850 781 844 775 851 782 852 783 844 775 849 780 844 775 853 784 851 782 844 775 850 781 854 785 855 786 856 787 857 788 845 776 855 786 858 789 859 790 768 699 860 791 855 786 857 788 860 791 861 792 768 699 862 793 768 699 859 790 862 793 768 699 863 794 864 795 768 699 861 792 865 796 866 797 768 699 864 795 867 798 868 799 855 786 768 699 866 797 769 700 869 800 870 801 871 802 768 699 770 701 869 800 870 801 869 800 770 701 871 802 872 803 869 800 873 804 874 805 867 798 875 806 876 807 869 800 875 806 869 800 877 808 876 807 878 809 879 810 879 810 869 800 876 807 879 810 880 811 869 800 879 810 881 812 882 813 883 814 884 815 879 810 885 816 880 811 879 810 885 816 884 815 886 817 884 815 885 816 879 810 885 816 887 818 888 819 886 817 887 818 885 816 889 820 885 816 890 821 888 819 890 821 885 816 891 822 889 820 892 823 889 820 890 821 892 823 889 820 893 824 894 825 889 820 891 822 895 826 896 827 897 828 894 825 889 820 894 825 897 828 898 829 897 828 899 830 897 828 896 827 899 830 900 831 901 832 897 828 897 828 898 829 900 831 902 833 778 709 901 832 903 834 904 835 905 836 906 837 776 707 778 709 796 727 907 838 908 839 796 727 908 839 794 725 909 840 796 727 795 726 910 841 911 842 834 765 912 843 913 844 914 845 793 724 915 846 912 843 916 847 796 727 909 840 910 841 917 848 914 845 918 849 796 727 916 847 919 850 920 851 921 852 796 727 918 849 920 851 921 852 922 853 919 850 796 727 920 851 923 854 924 855 919 850 922 853 924 855 925 856 919 850 920 851 919 850 923 854 904 835 926 857 927 858 928 859 905 836 904 835 906 837 778 709 929 860 930 861 931 862 778 709 778 709 931 862 929 860 778 709 902 833 930 861 907 838 796 727 932 863 933 864 796 727 934 865 933 864 932 863 796 727 935 866 835 766 936 867 934 865 796 727 935 866 936 867 835 766 778 709 936 867 778 709 777 708 902 833 901 832 937 868 938 869 901 832 939 870 938 869 937 868 901 832 889 820 895 826 893 824 939 870 901 832 900 831 881 812 879 810 878 809 873 804 867 798 869 800 854 785 856 787 855 786 768 699 855 786 860 791 940 871 941 872 942 873 839 770 842 773 799 730 943 874 940 871 942 873 944 875 945 876 941 872 942 873 941 872 945 876 904 835 946 877 928 859 946 877 904 835 927 858 712 643 707 638 710 641 927 858 926 857 947 878 724 655 700 631 704 635 707 638 722 653 721 652 926 857 785 716 947 878 948 879 786 717 785 716 784 715 947 878 785 716 698 629 697 628 729 660 700 631 701 632 725 656 786 717 948 879 915 846 786 717 915 846 793 724 686 617 689 620 695 626 697 628 727 658 728 659 949 880 689 620 686 617 688 619 692 623 689 620 912 843 915 846 913 844 689 620 949 880 691 622 949 880 950 881 691 622 914 845 913 844 910 841 910 841 834 765 923 854 950 881 739 670 732 663 691 622 950 881 732 663 910 841 923 854 917 848 919 850 917 848 923 854 951 882 741 672 739 670 803 734 738 669 743 674 952 883 738 669 740 671 738 669 952 883 742 673 811 742 745 676 810 741 812 743 807 738 745 676 834 765 796 727 923 854 835 766 935 866 796 727 882 813 953 884 879 810 879 810 953 884 883 814 877 808 869 800 872 803 880 811 873 804 869 800 768 699 867 798 855 786 863 794 768 699 865 796 855 786 845 776 844 775 852 783 853 784 844 775 799 730 845 776 940 871 799 730 940 871 843 774 867 798 768 699 869 800 874 805 868 799 867 798 858 789 855 786 868 799 854 785 855 786 844 775 858 789 954 885 845 776 940 871 943 874 843 774 845 776 954 885 940 871 941 872 940 871 954 885 955 886 956 886 957 886 957 887 958 887 955 887 959 888 960 888 961 888 962 889 963 889 964 889 965 890 963 890 959 890 959 891 961 891 965 891 965 892 964 892 963 892 964 893 966 893 962 893 966 894 967 894 968 894 968 895 962 895 966 895 969 896 970 896 971 896 969 897 972 897 973 897 972 898 969 898 971 898 974 899 973 899 972 899 975 900 976 900 977 900 978 901 975 901 979 901 979 902 975 902 980 902 977 903 980 903 975 903 978 904 979 904 981 904 982 905 983 905 984 905 984 906 985 906 982 906 986 907 982 907 985 907 987 908 988 908 989 908 990 909 991 909 989 909 989 910 992 910 990 910 993 911 988 911 987 911 994 912 992 912 989 912 995 913 988 913 996 913 994 914 989 914 995 914 997 915 996 915 988 915 988 916 995 916 989 916 988 917 993 917 998 917 989 918 999 918 1000 918 987 919 989 919 1000 919 1001 920 1002 920 1003 920 1004 921 1005 921 1006 921 1006 922 1007 922 1004 922 1001 923 1008 923 1009 923 1010 924 1004 924 1007 924 1007 925 1011 925 1012 925 1010 926 1007 926 1012 926 1007 927 1013 927 1014 927 1011 928 1007 928 1014 928 1009 929 1002 929 1001 929 1013 930 1007 930 1015 930 1016 931 1017 931 1018 931 1008 932 1018 932 1017 932 1019 933 1016 933 1018 933 1008 934 1017 934 1009 934 1015 935 1007 935 1003 935 1015 936 1003 936 1002 936 1007 937 1020 937 1021 937 1003 938 1007 938 1021 938 1007 939 1022 939 1023 939 1020 940 1007 940 1023 940 1007 941 1024 941 1025 941 1022 942 1007 942 1025 942 1026 943 1027 943 1028 943 1029 944 1027 944 1030 944 1031 945 1028 945 1032 945 1028 946 1031 946 1026 946 1030 947 1027 947 1026 947 1030 948 1033 948 1029 948 1033 949 1034 949 1035 949 1035 950 1029 950 1033 950 1036 951 1037 951 1038 951 1036 952 1039 952 1040 952 1039 953 1036 953 1038 953 1041 954 1040 954 1039 954 1042 955 1043 955 1044 955 1044 956 1045 956 1042 956 1046 957 1047 957 1048 957 1046 958 1049 958 1050 958 1049 959 1046 959 1048 959 1051 960 1050 960 1049 960 1052 961 1053 961 1054 961 1055 962 1053 962 1056 962 1057 963 1054 963 1058 963 1054 964 1057 964 1052 964 1056 965 1053 965 1052 965 1056 966 1059 966 1055 966 1059 967 1060 967 1061 967 1061 968 1055 968 1059 968 1062 969 1063 969 1064 969 1065 970 1066 970 1064 970 1067 971 1068 971 1062 971 1063 972 1062 972 1068 972 1069 973 1067 973 1070 973 1067 974 1069 974 1068 974 1070 975 1071 975 1072 975 1072 976 1069 976 1070 976 1073 977 1074 977 1071 977 1072 978 1071 978 1074 978 1075 979 1073 979 1076 979 1073 980 1075 980 1074 980 1065 981 1064 981 1063 981 1066 982 1065 982 1077 982 1078 983 1077 983 1079 983 1077 984 1078 984 1066 984 1079 985 1080 985 1081 985 1081 986 1078 986 1079 986 1082 987 1083 987 1080 987 1081 988 1080 988 1083 988 1084 989 1082 989 1085 989 1082 990 1084 990 1083 990 1085 991 1086 991 1087 991 1087 992 1084 992 1085 992 1089 993 1088 993 1091 993 1089 994 1091 994 1092 994 1093 995 1094 995 1091 995 1092 996 1091 996 1094 996 1095 997 1093 997 1096 997 1093 998 1095 998 1094 998 1089 999 1090 999 1088 999 1088 1000 1090 1000 1097 1000 1090 1001 1098 1001 1097 1001 1098 1002 1099 1002 1097 1002 1100 1003 1101 1003 1098 1003 1099 1004 1098 1004 1101 1004 1102 1005 1100 1005 1103 1005 1100 1006 1102 1006 1101 1006 1109 1007 1110 1007 1111 1007 1112 1008 1113 1008 1114 1008 1115 1009 1113 1009 1112 1009 1116 1010 1112 1010 1114 1010 1116 1011 1117 1011 1112 1011 1118 1012 1117 1012 1119 1012 1117 1013 1118 1013 1112 1013 1120 1014 1118 1014 1121 1014 1122 1015 1118 1015 1120 1015 1122 1016 1120 1016 1123 1016 1124 1017 1125 1017 1122 1017 1124 1018 1126 1018 1125 1018 1127 1019 1128 1019 1129 1019 1130 1020 1128 1020 1127 1020 1131 1021 1130 1021 1132 1021 1135 1022 1136 1023 1137 1024 1115 1025 1138 1025 1113 1025 1139 1026 1140 1026 1115 1026 1138 1027 1115 1027 1140 1027 1141 1028 1140 1028 1139 1028 1142 1029 1139 1029 1143 1029 1139 1030 1142 1030 1141 1030 1142 1031 1143 1031 1144 1031 1143 1032 1145 1032 1146 1032 1146 1033 1144 1033 1143 1033 1145 1034 1147 1034 1146 1034 1148 1035 1149 1035 1145 1035 1147 1036 1145 1036 1149 1036 1151 1037 1149 1037 1148 1037 1148 1038 2595 1038 1150 1038 1169 1039 1170 1040 1171 1041 1172 1042 1173 1042 1174 1042 1177 1043 1178 1044 1175 1045 1175 1045 1178 1044 1179 1046 1180 1047 1181 1048 1182 1049 1185 1050 1186 1051 1187 1052 1188 1053 1189 1054 1190 1055 1191 1056 1192 1056 1193 1056 1191 1057 1194 1057 1192 1057 1195 1058 1194 1058 1191 1058 1191 1059 1196 1059 1195 1059 1197 1060 1198 1060 1199 1060 1197 1061 1200 1061 1198 1061 1201 1062 1200 1062 1197 1062 1197 1063 1202 1063 1203 1063 1204 1064 1201 1064 1197 1064 1205 1065 1206 1065 1207 1065 1205 1066 1202 1066 1197 1066 1204 1067 1197 1067 1203 1067 1197 1068 1206 1068 1205 1068 1197 1069 1199 1069 1191 1069 1191 1070 1199 1070 1196 1070 1208 1071 1209 1071 1210 1071 1191 1072 1211 1072 1208 1072 1212 1073 1213 1073 1214 1073 1215 1074 1212 1074 1216 1074 1217 1075 1218 1075 1219 1075 1208 1076 1210 1076 1191 1076 1223 1077 1210 1077 1209 1077 1224 1078 1210 1078 1225 1078 1210 1079 1227 1079 1228 1079 1227 1080 1229 1080 1228 1080 1228 1081 1233 1082 1230 1083 1234 1084 1235 1084 1233 1084 1236 1085 1237 1086 1231 1087 1214 1088 1239 1088 1240 1088 1241 1089 1242 1090 1238 1091 1239 1092 1243 1092 1244 1092 1247 1093 1245 1094 1237 1086 1243 1095 1248 1095 1249 1095 1247 1093 1250 1096 1246 1097 1251 1098 1252 1099 1245 1094 1253 1100 1254 1101 1251 1098 1255 1102 1254 1101 1256 1103 1248 1104 1257 1104 1258 1104 1259 1105 1260 1106 1255 1102 1262 1107 1257 1108 1261 1109 1263 1110 1264 1111 1265 1112 1264 1111 1260 1106 1266 1113 1267 1114 1263 1110 1268 1115 1261 1109 1269 1116 1270 1117 1271 1118 1272 1119 1267 1114 1275 1120 1273 1121 1276 1122 1273 1121 1277 1123 1278 1124 1279 1125 1278 1125 1280 1125 1281 1126 1187 1052 1282 1127 1283 1128 1277 1123 1284 1129 1285 1130 1286 1131 1287 1132 1285 1130 1284 1129 1288 1133 1289 1134 1290 1135 1288 1133 1135 1022 1292 1136 1136 1023 1294 1137 1295 1138 1296 1139 2447 1140 1165 1140 1166 1140 2309 1141 1164 1142 1301 1143 1302 1144 2332 1145 2331 1146 1303 1147 1304 1148 1305 1149 1306 1150 1307 1150 2456 1150 1308 1151 1309 1151 1310 1151 1311 1152 2399 1153 1312 1154 1314 1155 1315 1156 1316 1157 2226 1158 2205 1159 2219 1160 1321 1161 1322 1162 1323 1163 1326 1164 2371 1165 1327 1166 1328 1167 1329 1168 1336 1169 1332 1170 1333 1171 1334 1172 1338 1173 1332 1170 1339 1174 1739 1175 1342 1176 1343 1177 2194 1178 2127 1179 1345 1180 1346 1181 1347 1182 1348 1183 1349 1184 1324 1185 2149 1186 1365 1187 1366 1187 1362 1187 1370 1188 2046 1189 1371 1190 1376 1191 1377 1191 1378 1191 1379 1192 1377 1192 1380 1192 1383 1193 1384 1193 1511 1193 1387 1194 1388 1194 1498 1194 1374 1195 1391 1195 1379 1195 1392 1196 1393 1196 1390 1196 1396 1197 1397 1197 1398 1197 1395 1198 1394 1198 1399 1198 1404 1199 1405 1200 1406 1201 1409 1202 1410 1203 1411 1204 1412 1205 1413 1206 1414 1207 1417 1208 1418 1209 1419 1210 1416 1211 1421 1211 1415 1211 1421 1212 1424 1212 1420 1212 1424 1213 1425 1213 1426 1213 1429 1214 1430 1214 1427 1214 1431 1215 1416 1215 1432 1215 1429 1216 1433 1216 1434 1216 1438 1217 1427 1218 1428 1219 1441 1220 1434 1220 1437 1220 1442 1221 1443 1221 1444 1221 1445 1222 1446 1222 1447 1222 1442 1223 1449 1223 1450 1223 1442 1224 1441 1224 1437 1224 1442 1225 1451 1225 1452 1225 1453 1226 1452 1226 1454 1226 1452 1227 1453 1227 1455 1227 1456 1228 1457 1228 1437 1228 1458 1229 1451 1229 1442 1229 1442 1230 1459 1230 1458 1230 1448 1231 1447 1231 1446 1231 1459 1232 1442 1232 1450 1232 1452 1233 1451 1233 1460 1233 1454 1234 1452 1234 1461 1234 1441 1235 1442 1235 1452 1235 1460 1236 1461 1236 1452 1236 1462 1237 1442 1237 1444 1237 1449 1238 1442 1238 1462 1238 1442 1239 1463 1239 1464 1239 1437 1240 1457 1240 1465 1240 1448 1241 1466 1241 1447 1241 1448 1242 1440 1242 1466 1242 1437 1243 1467 1243 1468 1243 1456 1244 1468 1244 1469 1244 1434 1245 1433 1245 1437 1245 1440 1246 1473 1246 1439 1246 1433 1247 1438 1217 1467 1248 1422 1249 1430 1249 1475 1249 1427 1218 1422 1250 1428 1219 1476 1251 1477 1252 1478 1253 1479 1254 1477 1252 1476 1251 1419 1210 1480 1255 1479 1254 1481 1256 1409 1256 1416 1256 1482 1257 1413 1206 1483 1258 1417 1208 1482 1257 1484 1259 1414 1207 1485 1260 1407 1261 1411 1204 1405 1200 1404 1199 1408 1262 1487 1263 1488 1264 1486 1265 1487 1265 1408 1265 1400 1266 1401 1267 1489 1268 1408 1262 1400 1266 1407 1261 1490 1269 1403 1270 1491 1271 1492 1272 1402 1273 1401 1267 1493 1274 1494 1274 1378 1274 1390 1275 1389 1275 1392 1275 1387 1276 1381 1276 1497 1276 1499 1277 1497 1277 1382 1277 1539 1278 1500 1278 1373 1278 1372 1279 1373 1279 1501 1279 1502 1280 1503 1280 1504 1280 1391 1281 1375 1281 1505 1281 1399 1282 1506 1282 1507 1282 1512 1283 1108 1283 1372 1283 1515 1284 1516 1284 1517 1284 1518 1285 1515 1285 1517 1285 1518 1286 1517 1286 1519 1286 1520 1287 1521 1287 1522 1287 1520 1288 1524 1288 1525 1288 1524 1289 1109 1289 1525 1289 1111 1290 1525 1290 1109 1290 1526 1291 1111 1291 1110 1291 1526 1292 1527 1292 1111 1292 1528 1293 1527 1293 1529 1293 1527 1294 1528 1294 1111 1294 1530 1295 1528 1295 1529 1295 1530 1296 1531 1296 1532 1296 1532 1297 1528 1297 1530 1297 1532 1298 1531 1298 1533 1298 1534 1299 1535 1299 1533 1299 1532 1300 1533 1300 1535 1300 1534 1301 1536 1301 1537 1301 1537 1302 1535 1302 1534 1302 1537 1303 1536 1303 1538 1303 1108 1304 1512 1304 1538 1304 1537 1305 1538 1305 1512 1305 1547 1306 1548 1307 1549 1308 1553 1309 1554 1309 1555 1309 1561 1310 1562 1310 1563 1310 1565 1311 1566 1312 1346 1181 1570 1313 1309 1313 1306 1313 1571 1314 1308 1315 1572 1316 1577 1317 2361 1318 2371 1165 1578 1319 1579 1319 1572 1319 1339 1174 1580 1320 1581 1321 1337 1322 1584 1323 1328 1167 1592 1324 1593 1325 1594 1326 1595 1327 1596 1328 1594 1326 1595 1327 1597 1329 1598 1330 1600 1331 1598 1330 1601 1332 1586 1333 1646 1334 1585 1335 1574 1336 2371 1165 2379 1337 1602 1338 1603 1339 1604 1340 1605 1341 1606 1342 1607 1343 1608 1344 1609 1344 1578 1344 1610 1345 2289 1346 1568 1347 1611 1348 1612 1349 1613 1350 1563 1351 1614 1351 1615 1351 1298 1352 1616 1352 1165 1352 2418 1353 1617 1354 1618 1355 1619 1356 1620 1357 1621 1358 1614 1359 1624 1359 1615 1359 1631 1360 1632 1361 1606 1342 2205 1159 2237 1362 1635 1363 1636 1364 1658 1364 1637 1364 1608 1365 1578 1365 1572 1365 1641 1366 1642 1367 1643 1368 2127 1179 1648 1369 1345 1180 1604 1340 1651 1370 1652 1371 1653 1372 1642 1367 1654 1373 1655 1374 1656 1375 1657 1376 1625 1377 1156 1377 1623 1377 1666 1378 1667 1379 1668 1380 1659 1381 1669 1381 1637 1381 1153 1382 1157 1382 1671 1382 1634 1383 1674 1383 1633 1383 1133 1384 1675 1384 1134 1384 1669 1385 1677 1385 1678 1385 1679 1386 1558 1386 1154 1386 1680 1387 1681 1387 1682 1387 1154 1388 1155 1388 1683 1388 1622 1389 1688 1389 1689 1389 1688 1390 1620 1357 1619 1356 1690 1391 1623 1391 1691 1391 1107 1392 1106 1392 1159 1392 1684 1393 1106 1393 1107 1393 1169 1039 1171 1041 1692 1394 1686 1395 1687 1395 1693 1395 1694 1396 1695 1397 1692 1394 1696 1398 2332 1145 1302 1144 1696 1398 1697 1399 1698 1400 1699 1401 1695 1397 1694 1396 1695 1397 1699 1401 1701 1402 1702 1403 1703 1404 1704 1405 1708 1406 2366 1407 1709 1408 1176 1409 1707 1410 1710 1411 1711 1412 1712 1413 1713 1414 1714 1415 1703 1404 1715 1416 1716 1417 1717 1418 1718 1419 1137 1024 1719 1420 1720 1421 1721 1422 1722 1423 1723 1424 1171 1041 1719 1420 1724 1425 1699 1401 1725 1426 1726 1427 1727 1428 1728 1429 1729 1430 1730 1431 1731 1432 1732 1433 1694 1396 1692 1394 1171 1041 1733 1434 1734 1435 1727 1428 1175 1045 1179 1046 1717 1418 1546 1436 1557 1437 1369 1438 1510 1439 1505 1439 1375 1439 1343 1177 1556 1440 1739 1175 1576 1441 1342 1176 1329 1168 1547 1306 1549 1308 1740 1442 1369 1438 1741 1443 2054 1444 1493 1445 1744 1445 1932 1445 1923 1446 1744 1446 1499 1446 1751 1447 1752 1447 1753 1447 1754 1448 1515 1448 1518 1448 1439 1449 1471 1449 1466 1449 1440 1450 1439 1450 1466 1450 1463 1451 1437 1451 1465 1451 1443 1452 1442 1452 1755 1452 1437 1453 1463 1453 1442 1453 1755 1454 1442 1454 1464 1454 1756 1455 1515 1455 1754 1455 1757 1456 1515 1456 1756 1456 1758 1457 1466 1457 1471 1457 1447 1458 1466 1458 1470 1458 1466 1459 1758 1459 1470 1459 1456 1460 1437 1460 1468 1460 1446 1461 1445 1461 1441 1461 1470 1462 1445 1462 1447 1462 1456 1463 1759 1463 1457 1463 1445 1464 1434 1464 1441 1464 1469 1465 1760 1465 1456 1465 1759 1466 1456 1466 1760 1466 1761 1467 1757 1467 1756 1467 1763 1468 1470 1468 1758 1468 1763 1469 1758 1469 1762 1469 1470 1470 1763 1470 1474 1470 1764 1471 1445 1471 1474 1471 1470 1472 1474 1472 1445 1472 1467 1473 1765 1473 1468 1473 1437 1474 1433 1474 1467 1474 1472 1475 1766 1475 1467 1475 1765 1476 1467 1476 1766 1476 1767 1477 1757 1477 1761 1477 1521 1478 1757 1478 1767 1478 1762 1479 1768 1479 1763 1479 1474 1480 1763 1480 1436 1480 1436 1481 1769 1481 1764 1481 1438 1482 1770 1482 1467 1482 1445 1483 1764 1483 1434 1483 1764 1484 1474 1484 1436 1484 1472 1485 1467 1485 1771 1485 1429 1486 1434 1486 1769 1486 1770 1487 1772 1487 1467 1487 1771 1488 1467 1488 1772 1488 1773 1489 1521 1489 1767 1489 1768 1490 1774 1490 1763 1490 1775 1491 1436 1491 1763 1491 1775 1492 1763 1492 1774 1492 1436 1493 1775 1493 1435 1493 1427 1218 1438 1217 1433 1247 1764 1494 1769 1494 1434 1494 1435 1495 1769 1495 1436 1495 1776 1496 1438 1496 1428 1496 1429 1497 1427 1497 1433 1497 1521 1498 1773 1498 1522 1498 1774 1499 1777 1499 1775 1499 1435 1500 1775 1500 1425 1500 1769 1501 1425 1501 1778 1501 1425 1502 1769 1502 1435 1502 1779 1503 1780 1503 1428 1503 1429 1504 1778 1504 1430 1504 1780 1505 1781 1505 1428 1505 1428 1506 1781 1506 1776 1506 1520 1507 1522 1507 1523 1507 1777 1508 1782 1508 1775 1508 1782 1509 1425 1509 1775 1509 1425 1510 1782 1510 1426 1510 1423 1511 1428 1219 1422 1250 1769 1512 1778 1512 1429 1512 1425 1513 1424 1513 1778 1513 1783 1514 1784 1514 1428 1514 1430 1515 1422 1515 1427 1515 1784 1516 1779 1516 1428 1516 1520 1517 1523 1517 1524 1517 1785 1518 1426 1518 1782 1518 1778 1519 1424 1519 1786 1519 1475 1520 1430 1520 1786 1520 1428 1521 1423 1521 1783 1521 1787 1522 1783 1523 1423 1511 1424 1524 1426 1524 1420 1524 1426 1525 1785 1525 1420 1525 1477 1252 1423 1511 1478 1253 1778 1526 1786 1526 1430 1526 1421 1527 1786 1527 1424 1527 1475 1528 1478 1253 1422 1250 1788 1529 1789 1530 1423 1511 1423 1511 1789 1530 1787 1522 1790 1531 1420 1531 1785 1531 1786 1532 1421 1532 1431 1532 1422 1250 1478 1253 1423 1511 1423 1511 1477 1252 1788 1529 1478 1533 1475 1533 1476 1533 1791 1534 1788 1529 1477 1252 1792 1535 1420 1535 1790 1535 1421 1536 1420 1536 1415 1536 1420 1537 1792 1537 1415 1537 1786 1538 1431 1538 1475 1538 1421 1539 1416 1539 1431 1539 1793 1540 1477 1252 1480 1255 1431 1541 1794 1541 1475 1541 1476 1251 1794 1542 1479 1254 1793 1540 1791 1534 1477 1252 1401 1543 1408 1543 1488 1543 1475 1528 1794 1542 1476 1251 1795 1544 1480 1255 1418 1209 1794 1542 1419 1210 1479 1254 1793 1540 1480 1255 1795 1544 1477 1252 1479 1254 1480 1255 1796 1545 1415 1545 1792 1545 1416 1546 1415 1546 1481 1546 1796 1547 1481 1547 1415 1547 1431 1548 1432 1548 1794 1548 1416 1549 1409 1549 1432 1549 1419 1210 1418 1209 1480 1255 1794 1550 1432 1550 1797 1550 1419 1210 1797 1551 1417 1208 1798 1552 1418 1209 1484 1259 1418 1209 1798 1552 1795 1544 1799 1553 1481 1553 1796 1553 1409 1202 1481 1554 1410 1203 1799 1555 1410 1555 1481 1555 1800 1556 1432 1556 1409 1556 1794 1542 1797 1551 1419 1210 1417 1208 1484 1259 1418 1209 1417 1208 1797 1551 1482 1257 1801 1557 1484 1259 1483 1258 1484 1259 1801 1557 1798 1552 1432 1558 1800 1558 1797 1558 1409 1559 1411 1559 1800 1559 1482 1257 1483 1258 1484 1259 1797 1551 1800 1560 1485 1260 1482 1257 1485 1260 1413 1206 1802 1561 1483 1258 1412 1205 1483 1258 1802 1561 1801 1557 1803 1562 1410 1562 1799 1562 1411 1204 1410 1203 1405 1200 1803 1563 1405 1563 1410 1563 1404 1564 1804 1564 1800 1564 1797 1551 1485 1260 1482 1257 1411 1565 1404 1565 1800 1565 1413 1206 1412 1205 1483 1258 1413 1206 1485 1260 1414 1207 1805 1566 1412 1205 1806 1567 1412 1205 1805 1566 1802 1561 1807 1568 1405 1568 1803 1568 1800 1560 1804 1569 1485 1260 1804 1569 1404 1199 1406 1201 1808 1570 1806 1567 1809 1571 1804 1569 1407 1261 1485 1260 1407 1261 1810 1572 1414 1207 1805 1566 1806 1567 1808 1570 1412 1205 1414 1207 1806 1567 1807 1573 1406 1573 1405 1573 1408 1574 1804 1574 1486 1574 1811 1575 1812 1576 1809 1571 1406 1577 1486 1577 1804 1577 1414 1207 1810 1572 1806 1567 1408 1262 1407 1261 1804 1569 1407 1261 1813 1578 1810 1572 1808 1570 1809 1571 1812 1576 1806 1567 1810 1572 1809 1571 1814 1579 1406 1579 1807 1579 1486 1580 1406 1201 1815 1581 1814 1582 1815 1582 1406 1582 1487 1263 1486 1580 1815 1581 1816 1583 1817 1584 1811 1575 1810 1572 1813 1578 1809 1571 1400 1266 1816 1583 1813 1578 1812 1576 1811 1575 1818 1585 1809 1571 1813 1578 1811 1575 1819 1586 1815 1586 1814 1586 1820 1587 1821 1588 1822 1589 1815 1581 1488 1264 1487 1263 1821 1588 1817 1584 1816 1583 1813 1578 1816 1583 1811 1575 1407 1261 1400 1266 1813 1578 1408 1262 1401 1267 1400 1266 1811 1575 1817 1584 1818 1585 1816 1583 1400 1266 1821 1588 1823 1590 1818 1585 1817 1584 1745 1591 1824 1591 1496 1591 1373 1592 1372 1592 1514 1592 1501 1593 1373 1593 1389 1593 1825 1594 1815 1594 1819 1594 1488 1264 1815 1581 1826 1595 1815 1596 1825 1596 1826 1596 1826 1595 1827 1597 1488 1264 1488 1598 1827 1598 1401 1598 1820 1587 1817 1584 1821 1588 1821 1588 1489 1268 1822 1589 1823 1590 1820 1587 1828 1599 1817 1584 1820 1587 1823 1590 1108 1600 1514 1600 1372 1600 1539 1601 1373 1601 1514 1601 1389 1602 1373 1602 1500 1602 1402 1273 1403 1270 1490 1269 1492 1603 1403 1603 1402 1603 1401 1267 1827 1597 1492 1272 1823 1590 1828 1599 1830 1604 1400 1266 1489 1268 1821 1588 1402 1273 1489 1268 1401 1267 1831 1605 1832 1606 1822 1589 1820 1587 1822 1589 1828 1599 1539 1607 1829 1607 1500 1607 1500 1608 1392 1608 1389 1608 1392 1609 1500 1609 1834 1609 1393 1610 1399 1610 1390 1610 1393 1611 1392 1611 1511 1611 1511 1612 1506 1612 1393 1612 1393 1613 1506 1613 1399 1613 1511 1614 1507 1614 1506 1614 1492 1272 1827 1597 1826 1595 1826 1595 1398 1615 1492 1272 1396 1616 1826 1616 1825 1616 1402 1273 1831 1605 1489 1268 1398 1617 1826 1617 1396 1617 1835 1618 1836 1619 1830 1604 1822 1589 1832 1606 1828 1599 1489 1268 1831 1605 1822 1589 1831 1605 1835 1618 1832 1606 1823 1590 1830 1604 1837 1620 1828 1599 1832 1606 1830 1604 1746 1621 1829 1621 1833 1621 1829 1622 1834 1622 1500 1622 1834 1623 1829 1623 1746 1623 1834 1624 1511 1624 1392 1624 1383 1625 1511 1625 1834 1625 1399 1626 1507 1626 1395 1626 1511 1627 1384 1627 1839 1627 1738 1628 1395 1628 1839 1628 1394 1629 1738 1629 1396 1629 1738 1630 1394 1630 1395 1630 1840 1631 1831 1605 1841 1632 1398 1615 1403 1270 1492 1272 1491 1271 1403 1270 1398 1615 1842 1633 1836 1619 1835 1618 1832 1606 1835 1618 1830 1604 1402 1273 1841 1632 1831 1605 1830 1604 1836 1619 1837 1620 1835 1618 1840 1631 1842 1633 1843 1634 1837 1620 1836 1619 1746 1635 1838 1635 1385 1635 1833 1636 1838 1636 1746 1636 1746 1637 1383 1637 1834 1637 1383 1638 1746 1638 1385 1638 1384 1639 1383 1639 1844 1639 1839 1640 1507 1640 1511 1640 1839 1641 1395 1641 1507 1641 1384 1642 1846 1642 1839 1642 1847 1643 1839 1643 1846 1643 1541 1644 1738 1644 1847 1644 1848 1645 1491 1645 1849 1645 1396 1646 1738 1646 1397 1646 1849 1647 1542 1647 1848 1647 1397 1648 1541 1648 1849 1648 1841 1632 1850 1649 1851 1650 1397 1651 1491 1651 1398 1651 1490 1269 1841 1632 1402 1273 1491 1652 1397 1652 1849 1652 1852 1653 1853 1654 1842 1633 1854 1655 1490 1269 1491 1271 1841 1632 1490 1269 1850 1649 1853 1654 1836 1619 1842 1633 1831 1605 1840 1631 1835 1618 1841 1632 1851 1650 1840 1631 1842 1633 1855 1656 1852 1653 1843 1634 1853 1654 1856 1657 1836 1619 1853 1654 1843 1634 1385 1658 1838 1658 1386 1658 1385 1659 1844 1659 1383 1659 1858 1660 1385 1660 1386 1660 1844 1661 1846 1661 1384 1661 1846 1662 1844 1662 1845 1662 1847 1663 1738 1663 1839 1663 1860 1664 1541 1664 1847 1664 1845 1665 1847 1665 1846 1665 1847 1666 1845 1666 1860 1666 1860 1667 1542 1667 1541 1667 1541 1668 1397 1668 1738 1668 1545 1669 1848 1669 1543 1669 1854 1655 1850 1649 1490 1269 1851 1650 1861 1670 1862 1671 1491 1672 1848 1672 1854 1672 1851 1650 1855 1656 1840 1631 1861 1670 1851 1650 1850 1649 1863 1673 1856 1657 1864 1674 1840 1631 1855 1656 1842 1633 1855 1656 1865 1675 1852 1653 1843 1634 1856 1657 1863 1673 1853 1654 1852 1653 1856 1657 1867 1676 1386 1676 1857 1676 1385 1677 1858 1677 1844 1677 1858 1678 1845 1678 1844 1678 1867 1679 1859 1679 1858 1679 1858 1680 1859 1680 1845 1680 1508 1681 1845 1681 1859 1681 1508 1682 1542 1682 1860 1682 1508 1683 1860 1683 1845 1683 1508 1684 1543 1684 1542 1684 1542 1685 1849 1685 1541 1685 1862 1671 1861 1670 1868 1686 1854 1655 1861 1670 1850 1649 1869 1687 1855 1656 1870 1688 1868 1689 1854 1689 1545 1689 1868 1686 1861 1670 1854 1655 1871 1690 1872 1691 1864 1674 1852 1653 1865 1675 1856 1657 1851 1650 1870 1688 1855 1656 1869 1687 1871 1690 1865 1675 1863 1673 1864 1674 1873 1692 1856 1657 1865 1675 1864 1674 1386 1693 1867 1693 1858 1693 1874 1694 1857 1694 1866 1694 1867 1695 1874 1695 1875 1695 1859 1696 1876 1696 1508 1696 1543 1697 1508 1697 1509 1697 1509 1698 1508 1698 1876 1698 1543 1699 1509 1699 1877 1699 1543 1700 1848 1700 1542 1700 1545 1701 1854 1701 1848 1701 1544 1702 1367 1702 1366 1702 1877 1703 1544 1703 1545 1703 1879 1704 1880 1705 1869 1687 1862 1671 1870 1688 1851 1650 1878 1706 1868 1706 1544 1706 1872 1691 1871 1690 1881 1707 1878 1708 1862 1671 1868 1686 1870 1688 1862 1671 1882 1709 1865 1675 1871 1690 1864 1674 1855 1656 1869 1687 1865 1675 1870 1688 1879 1704 1869 1687 1864 1674 1872 1691 1873 1692 1881 1707 1871 1690 1880 1705 1883 1710 1873 1692 1872 1691 1866 1711 1745 1711 1884 1711 1857 1712 1874 1712 1867 1712 1867 1713 1875 1713 1859 1713 1885 1714 1874 1714 1884 1714 1876 1715 1859 1715 1875 1715 1875 1716 1885 1716 1748 1716 1509 1717 1748 1717 1886 1717 1886 1718 1877 1718 1509 1718 1748 1719 1509 1719 1876 1719 1877 1720 1886 1720 1367 1720 1366 1721 1878 1721 1544 1721 1877 1722 1545 1722 1543 1722 1544 1723 1868 1723 1545 1723 1366 1724 1368 1724 1362 1724 1878 1708 1882 1709 1862 1671 1882 1709 1879 1704 1870 1688 1365 1725 1878 1725 1366 1725 1887 1726 1888 1727 1879 1704 1365 1728 1882 1709 1878 1708 1887 1726 1879 1704 1882 1709 1881 1707 1889 1729 1872 1691 1869 1687 1880 1705 1871 1690 1881 1707 1880 1705 1890 1730 1883 1710 1889 1729 1891 1731 1872 1691 1889 1729 1883 1710 1866 1732 1884 1732 1874 1732 1496 1733 1884 1733 1745 1733 1874 1734 1885 1734 1875 1734 1496 1735 1885 1735 1884 1735 1885 1736 1496 1736 1749 1736 1875 1737 1748 1737 1876 1737 1747 1738 1748 1738 1749 1738 1894 1739 1886 1739 1747 1739 1748 1740 1747 1740 1886 1740 1367 1741 1886 1741 1894 1741 1894 1742 1368 1742 1367 1742 1367 1743 1544 1743 1877 1743 1888 1727 1887 1726 1895 1744 1365 1728 1887 1726 1882 1709 1896 1745 1880 1705 1897 1746 1365 1747 1362 1747 1895 1747 1895 1744 1887 1726 1365 1728 1898 1748 1899 1749 1891 1731 1881 1707 1890 1730 1889 1729 1879 1704 1897 1746 1880 1705 1896 1745 1898 1748 1890 1730 1883 1710 1891 1731 1900 1750 1889 1729 1890 1730 1891 1731 1496 1751 1824 1751 1495 1751 1495 1752 1388 1752 1496 1752 1750 1753 1388 1753 1901 1753 1750 1754 1749 1754 1496 1754 1885 1755 1749 1755 1748 1755 1749 1756 1750 1756 1747 1756 1750 1757 1892 1757 1747 1757 1892 1758 1902 1758 1894 1758 1747 1759 1892 1759 1894 1759 1368 1760 1894 1760 1902 1760 1364 1761 1368 1761 1902 1761 1368 1762 1366 1762 1367 1762 1903 1763 1904 1764 1888 1727 1364 1765 1363 1765 1362 1765 1888 1727 1897 1746 1879 1704 1903 1766 1895 1766 1363 1766 1899 1749 1898 1748 1905 1767 1888 1727 1895 1744 1903 1763 1897 1746 1888 1727 1904 1764 1890 1730 1898 1748 1891 1731 1880 1705 1896 1745 1890 1730 1891 1731 1899 1749 1900 1750 1905 1767 1898 1748 1896 1745 1906 1768 1900 1750 1899 1749 1388 1769 1495 1769 1498 1769 1750 1770 1496 1770 1388 1770 1901 1771 1907 1771 1750 1771 1504 1772 1753 1772 1907 1772 1893 1773 1750 1773 1907 1773 1893 1774 1892 1774 1750 1774 1908 1775 1902 1775 1893 1775 1902 1776 1892 1776 1893 1776 1908 1777 1364 1777 1902 1777 1364 1778 1908 1778 1359 1778 1550 1779 1903 1779 1363 1779 1364 1780 1362 1780 1368 1780 1363 1781 1895 1781 1362 1781 1550 1782 1360 1782 1555 1782 1359 1783 1550 1783 1363 1783 1897 1746 1909 1784 1910 1785 1911 1786 1903 1786 1550 1786 1909 1784 1912 1787 1910 1785 1911 1788 1904 1764 1903 1763 1897 1746 1904 1764 1909 1784 1905 1767 1913 1789 1899 1749 1897 1746 1910 1785 1896 1745 1905 1767 1914 1790 1915 1791 1906 1768 1913 1789 1916 1792 1899 1749 1913 1789 1906 1768 1917 1793 1387 1793 1497 1793 1907 1794 1901 1794 1502 1794 1893 1795 1907 1795 1753 1795 1893 1796 1753 1796 1752 1796 1908 1797 1893 1797 1752 1797 1359 1798 1908 1798 1918 1798 1359 1799 1918 1799 1360 1799 1555 1800 1911 1800 1550 1800 1359 1801 1363 1801 1364 1801 1553 1802 1555 1802 1361 1802 1911 1788 1909 1784 1904 1764 1910 1785 1912 1787 1919 1803 1911 1804 1555 1804 1554 1804 1910 1785 1914 1790 1896 1745 1554 1805 1909 1784 1911 1788 1920 1806 1921 1807 1916 1792 1905 1767 1915 1791 1913 1789 1896 1745 1914 1790 1905 1767 1914 1790 1920 1806 1915 1791 1906 1768 1916 1792 1922 1808 1913 1789 1915 1791 1916 1792 1498 1809 1381 1809 1387 1809 1497 1810 1499 1810 1917 1810 1924 1811 1917 1811 1499 1811 1907 1812 1502 1812 1504 1812 1753 1813 1925 1813 1751 1813 1752 1814 1918 1814 1908 1814 1752 1815 1751 1815 1918 1815 1360 1816 1918 1816 1926 1816 1360 1817 1926 1817 1361 1817 1360 1818 1550 1818 1359 1818 1919 1803 1912 1787 1927 1819 1554 1805 1912 1787 1909 1784 1928 1820 1914 1790 1929 1821 1554 1822 1553 1822 1927 1822 1927 1819 1912 1787 1554 1805 1930 1823 1921 1807 1920 1806 1915 1791 1920 1806 1916 1792 1910 1785 1929 1821 1914 1790 1916 1792 1921 1807 1922 1808 1920 1806 1928 1820 1930 1823 1931 1824 1922 1808 1921 1807 1381 1825 1382 1825 1497 1825 1499 1826 1744 1826 1924 1826 1933 1827 1751 1827 1925 1827 1751 1828 1933 1828 1934 1828 1751 1829 1926 1829 1918 1829 1934 1830 1936 1830 1926 1830 1934 1831 1926 1831 1751 1831 1361 1832 1926 1832 1936 1832 1361 1833 1936 1833 1356 1833 1361 1834 1555 1834 1360 1834 1937 1835 1938 1836 1919 1803 1356 1837 1358 1837 1553 1837 1919 1803 1929 1821 1910 1785 1937 1838 1927 1838 1358 1838 1940 1839 1921 1807 1930 1823 1919 1803 1927 1819 1937 1835 1929 1821 1919 1803 1938 1836 1914 1790 1928 1820 1920 1806 1929 1821 1939 1840 1928 1820 1930 1823 1928 1820 1940 1839 1931 1824 1921 1807 1941 1841 1382 1842 1923 1842 1499 1842 1493 1843 1924 1843 1744 1843 1933 1844 1943 1844 1934 1844 1934 1845 1943 1845 1935 1845 1935 1846 1946 1846 1936 1846 1935 1847 1936 1847 1934 1847 1356 1848 1936 1848 1946 1848 1356 1849 1946 1849 1357 1849 1356 1850 1553 1850 1361 1850 1358 1851 1927 1851 1553 1851 1560 1852 1353 1852 1354 1852 1357 1853 1354 1853 1358 1853 1939 1840 1950 1854 1951 1855 1938 1836 1939 1840 1929 1821 1949 1856 1937 1856 1354 1856 1950 1854 1952 1857 1951 1855 1949 1858 1938 1836 1937 1835 1939 1840 1938 1836 1950 1854 1953 1859 1941 1841 1954 1860 1951 1855 1928 1820 1939 1840 1955 1861 1956 1862 1940 1839 1931 1824 1941 1841 1953 1859 1921 1807 1940 1839 1941 1841 1932 1863 1942 1863 1494 1863 1923 1864 1932 1864 1744 1864 1944 1865 1958 1865 1935 1865 1946 1866 1935 1866 1958 1866 1357 1867 1946 1867 1958 1867 1958 1868 1560 1868 1357 1868 1357 1869 1358 1869 1356 1869 1354 1870 1937 1870 1358 1870 1355 1871 1351 1871 1353 1871 1951 1855 1952 1857 1960 1872 1949 1858 1950 1854 1938 1836 1960 1872 1952 1857 1961 1873 1949 1874 1353 1874 1959 1874 1951 1855 1955 1861 1928 1820 1959 1875 1950 1854 1949 1858 1962 1876 1963 1877 1954 1860 1940 1839 1956 1862 1941 1841 1928 1820 1955 1861 1940 1839 1960 1872 1955 1861 1951 1855 1955 1861 1962 1876 1956 1862 1953 1859 1954 1860 1964 1878 1941 1841 1956 1862 1954 1860 1965 1879 1376 1879 1494 1879 1932 1880 1494 1880 1493 1880 1944 1881 1935 1881 1943 1881 1958 1882 1944 1882 1957 1882 1957 1883 1948 1883 1958 1883 1948 1884 1560 1884 1958 1884 1560 1885 1948 1885 1355 1885 1351 1886 1959 1886 1353 1886 1560 1887 1354 1887 1357 1887 1353 1888 1949 1888 1354 1888 1350 1889 1351 1889 1559 1889 1960 1872 1961 1873 1968 1890 1959 1875 1952 1857 1950 1854 1969 1891 1955 1861 1968 1890 1970 1892 1952 1857 1959 1875 1956 1862 1962 1876 1954 1860 1960 1872 1968 1890 1955 1861 1954 1860 1963 1877 1964 1878 1962 1876 1969 1891 1971 1893 1972 1894 1964 1878 1963 1877 1965 1895 1494 1895 1942 1895 1965 1896 1973 1896 1376 1896 1973 1897 1380 1897 1376 1897 1494 1898 1376 1898 1378 1898 1378 1899 1377 1899 1966 1899 1957 1900 1967 1900 1945 1900 1945 1901 1947 1901 1948 1901 1945 1902 1948 1902 1957 1902 1947 1903 1355 1903 1948 1903 1355 1904 1947 1904 1559 1904 1970 1905 1351 1905 1350 1905 1355 1906 1353 1906 1560 1906 1977 1907 1350 1907 1352 1907 1978 1908 1961 1908 1979 1908 1970 1892 1961 1873 1952 1857 1351 1909 1970 1909 1959 1909 1963 1877 1971 1893 1981 1910 1961 1873 1970 1892 1979 1911 1968 1890 1961 1873 1978 1912 1962 1876 1971 1893 1963 1877 1955 1861 1969 1891 1962 1876 1968 1890 1980 1913 1969 1891 1981 1910 1971 1893 1969 1891 1972 1894 1963 1877 1982 1914 1973 1915 1983 1915 1380 1915 1983 1916 1374 1916 1380 1916 1376 1917 1380 1917 1377 1917 1377 1918 1379 1918 1966 1918 1984 1919 1966 1919 1379 1919 1947 1920 1974 1920 1986 1920 1974 1921 1947 1921 1945 1921 1986 1922 1559 1922 1947 1922 1559 1923 1986 1923 1352 1923 1559 1924 1351 1924 1355 1924 1350 1925 1977 1925 1979 1925 1564 1926 1987 1926 1977 1926 1988 1927 1978 1912 1989 1928 1990 1929 1991 1930 1969 1891 1350 1931 1979 1931 1970 1931 1978 1912 1980 1913 1968 1890 1992 1932 1982 1914 1981 1910 1978 1912 1979 1911 1989 1928 1980 1913 1978 1912 1988 1927 1981 1910 1982 1914 1963 1877 1980 1913 1990 1929 1969 1891 1981 1910 1991 1930 1992 1932 1993 1933 1982 1914 1994 1934 1982 1914 1993 1933 1972 1894 1983 1935 1995 1935 1374 1935 1995 1936 1375 1936 1374 1936 1380 1937 1374 1937 1379 1937 1379 1938 1391 1938 1984 1938 1967 1939 1974 1939 1945 1939 1986 1940 1985 1940 1997 1940 1985 1941 1986 1941 1974 1941 1352 1942 1986 1942 1997 1942 1564 1943 1352 1943 1997 1943 1998 1944 1999 1945 2000 1946 1352 1947 1350 1947 1559 1947 1977 1948 1987 1948 1989 1948 1999 1949 1987 1949 1569 1949 2001 1950 1988 1927 2002 1951 1977 1952 1989 1952 1979 1952 1988 1927 1990 1929 1980 1913 1348 1183 1347 1182 2001 1950 1988 1927 1989 1928 2002 1951 1990 1929 1988 1927 2001 1950 1969 1891 1991 1930 1981 1910 1347 1182 1991 1930 1990 1929 1993 1933 1994 1934 2003 1953 1982 1914 1992 1932 1994 1934 1995 1954 2004 1954 1375 1954 2004 1955 2005 1955 1375 1955 1374 1956 1375 1956 1391 1956 1375 1957 2005 1957 1510 1957 1391 1958 1505 1958 1984 1958 1997 1959 1996 1959 1975 1959 1996 1960 1997 1960 1985 1960 1975 1961 1564 1961 1997 1961 1975 1962 1569 1962 1564 1962 2007 1963 2008 1964 2009 1965 1564 1966 1977 1966 1352 1966 1987 1967 1999 1967 2002 1967 2000 1946 1999 1945 1567 1968 1348 1183 2001 1950 1998 1944 1346 1181 2010 1969 1991 1930 1987 1970 2002 1970 1989 1970 2001 1950 1347 1182 1990 1929 1346 1181 1348 1183 1565 1311 2002 1971 1998 1971 2001 1971 2011 1972 2012 1973 1994 1934 1346 1181 1991 1930 1347 1182 2010 1969 2011 1972 1992 1932 2003 1953 1994 1934 2013 1974 2004 1975 2014 1975 2005 1975 2014 1976 1513 1976 2005 1976 1510 1977 2005 1978 1513 1979 2015 1980 1505 1980 1510 1980 1996 1981 2006 1982 1976 1983 1976 1983 1975 1984 1996 1981 1975 1984 1976 1983 1569 1985 1569 1985 1976 1983 1567 1968 2019 1986 2020 1987 2021 1988 1569 1989 1987 1989 1564 1989 2022 1990 2008 1964 2023 1991 1340 1992 2024 1993 2000 1946 1565 1311 1348 1183 2025 1994 2026 1995 2012 1973 2011 1972 1999 1945 1998 1944 2002 1951 2027 1996 2010 1969 1566 1312 1565 1311 2009 1965 1566 1312 2025 1994 1348 1183 1998 1944 1992 1932 2011 1972 1994 1934 1991 1930 2010 1969 1992 1932 1566 1312 2010 1969 1346 1181 1994 1934 2012 1973 2013 1974 2028 1997 2013 1974 2012 1973 2014 1998 2029 1999 1513 1979 2029 2000 1540 2000 1513 2000 1513 1979 1737 2001 1510 1977 1510 1977 1737 2001 2015 2002 1737 2001 1540 2003 1736 2004 1976 1983 2006 1982 2016 2005 2016 2005 2031 2006 1976 1983 1567 1968 1976 1983 2031 2006 1567 1968 2031 2006 1340 1992 2032 2007 1333 1171 2020 1987 1567 1968 1999 1945 1569 1985 2033 2008 2025 1994 2000 1946 1341 2009 2034 2010 2024 1993 2009 1965 1565 1311 2033 2008 1566 1312 2009 1965 2035 2011 2000 1946 2025 1994 1998 1944 2036 2012 2027 1996 2035 2011 2000 1946 2024 1993 2033 2008 2009 1965 2008 1964 2035 2011 1565 1311 2025 1994 2033 2008 2026 1995 2037 2013 2012 1973 2010 1969 2027 1996 2011 1972 2027 1996 1566 1312 2035 2011 2011 1972 2036 2012 2026 1995 2038 2014 2028 1997 2012 1973 2029 1999 2039 2015 1540 2003 2039 2016 1370 2016 1540 2016 1540 2003 1370 1188 1371 1190 1513 1979 1540 2003 1737 2001 1736 2004 1540 2003 1371 1190 2031 2006 2016 2005 2030 2017 2030 2017 2017 2018 2031 2006 1341 2009 1340 1992 2017 2018 2024 1993 2034 2010 2033 2008 1340 1992 2000 1946 1567 1968 1335 2019 2041 2020 2034 2010 2042 2021 2043 2022 2023 1991 2035 2011 2008 1964 2022 1990 2044 2023 2036 2012 2022 1990 2034 2010 2007 1963 2033 2008 2009 1965 2033 2008 2007 1963 2027 1996 2036 2012 2011 1972 2035 2011 2022 1990 2036 2012 2012 1973 2037 2013 2038 2014 2039 2015 2045 2024 1370 1188 2045 2025 2046 2025 1370 2025 2046 1189 1742 2026 1371 1190 2017 2018 2030 2017 2040 2027 2040 2027 2018 2028 2017 2018 1340 1992 2031 2006 2017 2018 2018 2028 1335 2019 1341 2009 2041 2020 2007 1963 2034 2010 1341 2009 2024 1993 1340 1992 2057 2029 2049 2030 2041 2020 2023 1991 2008 1964 2048 2031 2022 1990 2023 1991 2043 2022 2019 1986 2044 2023 2043 2022 2007 1963 2041 2020 2048 2031 2050 2032 2037 2013 2026 1995 2008 1964 2007 1963 2048 2031 2050 2032 2051 2033 2037 2013 2052 2034 2037 2013 2051 2033 2036 2012 2044 2023 2026 1995 2022 1990 2043 2022 2044 2023 2037 2013 2052 2034 2038 2014 2019 1986 2050 2032 2026 1995 2045 2024 2053 2035 2046 1189 2053 2036 2054 2036 2046 2036 1742 2026 2054 1444 1741 1443 2018 2028 2040 2027 2047 2037 2018 2028 2047 2037 2056 2038 1341 2009 2017 2018 2018 2028 2049 2030 2048 2031 2041 2020 1335 2019 2034 2010 1341 2009 2059 2039 2049 2030 1331 2040 2042 2021 2023 1991 2058 2041 2043 2022 2042 2021 2020 1987 2032 2007 2020 1987 2042 2021 2048 2031 2049 2030 2058 2041 2060 2042 2051 2033 2050 2032 2058 2041 2023 1991 2048 2031 2060 2042 2061 2043 2051 2033 2062 2044 2051 2033 2061 2043 2044 2023 2019 1986 2026 1995 2043 2022 2020 1987 2019 1986 2021 1988 2060 2042 2050 2032 2062 2044 2052 2034 2051 2033 2053 2035 2063 2045 2054 1444 2063 2046 2064 2046 2054 2046 2054 1444 2064 2047 1369 1438 2046 1189 2054 1444 1742 2026 1547 1306 2066 2048 1548 1307 2067 2049 2068 2050 2055 2051 2047 2037 2055 2051 2068 2050 2056 2038 2047 2037 2068 2050 2056 2038 2057 2029 2018 2028 2069 2052 2056 2038 2068 2050 1335 2019 2018 2028 2057 2029 2057 2029 2056 2038 2069 2052 1331 2040 2057 2029 2069 2052 2059 2039 2058 2041 2049 2030 2057 2029 2041 2020 1335 2019 2071 2053 2059 2039 2081 2054 2032 2007 2042 2021 2070 2055 1333 1171 2072 2056 2021 1988 2073 2057 2074 2058 2061 2043 2058 2041 2059 2039 2070 2055 2032 2007 1334 1172 1333 1171 2070 2055 2042 2021 2058 2041 2060 2042 2075 2059 2061 2043 2019 1986 2021 1988 2050 2032 2020 1987 1333 1171 2021 1988 2072 2056 2075 2059 2060 2042 2063 2045 2076 2060 2064 2047 2077 2061 1369 1438 2064 2047 2076 2062 2077 2062 2064 2062 1369 1438 2077 2061 1546 1436 1369 1438 2065 2063 1741 1443 1740 1442 1549 1308 1557 1437 2078 2064 2079 2065 2067 2049 2068 2050 2067 2049 2079 2065 2080 2066 2068 2050 2079 2065 2069 2052 2068 2050 2080 2066 1331 2040 2080 2066 2081 2054 2071 2053 2070 2055 2059 2039 1331 2040 2049 2030 2057 2029 2083 2067 2071 2053 1589 2068 1334 1172 2032 2007 2082 2069 2084 2070 2074 2058 2073 2057 2085 2071 2072 2056 1332 1170 2070 2055 2071 2053 2082 2069 1334 1172 1339 1174 1332 1170 2082 2069 2032 2007 2070 2055 2075 2059 2073 2057 2061 2043 2061 2043 2074 2058 2098 2072 2021 1988 2072 2056 2060 2042 1333 1171 1332 1170 2072 2056 2073 2057 2075 2059 2085 2071 2098 2072 2062 2044 2061 2043 2076 2060 2086 2073 2077 2061 2087 2074 1546 1436 2077 2061 2086 2073 2087 2074 2077 2061 1546 1436 2087 2074 1556 1440 2065 2063 1369 1438 1557 1437 1556 1440 1557 1437 1546 1436 2089 2075 1557 1437 1343 1177 2065 2063 1557 1437 1549 1308 2089 2075 1740 1442 1557 1437 2078 2064 2090 2076 2079 2065 1331 2040 2069 2052 2080 2066 1576 1441 2080 2066 2079 2065 1330 2077 2080 2066 1576 1441 1330 2077 2081 2054 2080 2066 2091 2078 2092 2079 2141 2080 1589 2068 1330 2077 2104 2081 2083 2067 2082 2069 2071 2053 2081 2054 2059 2039 1331 2040 2104 2081 2094 2082 2083 2067 1339 1174 1334 1172 2093 2083 2095 2084 2096 2085 2084 2070 2097 2086 2085 2071 1338 1173 2082 2069 2083 2067 2093 2083 1339 1174 1581 1321 1338 1173 1334 1172 2082 2069 2093 2083 2084 2070 2096 2085 2074 2058 2074 2058 2096 2085 2098 2072 2072 2056 2085 2071 2075 2059 1332 1170 1338 1173 2085 2071 2097 2086 2084 2070 2073 2057 2086 2073 2099 2087 2087 2074 2100 2088 2101 2089 2099 2087 2102 2090 2103 2091 2100 2088 2087 2074 2099 2087 2101 2089 2100 2088 2103 2091 2101 2089 1556 1440 2101 2089 1743 2092 1739 1175 1556 1440 1743 2092 1556 1440 1343 1177 1557 1437 2090 2076 2089 2075 1343 1177 2079 2065 2090 2076 1576 1441 1342 1176 2090 2076 1343 1177 1576 1441 2090 2076 1342 1176 1576 1441 1329 1168 1330 2077 1589 2068 2081 2054 1330 2077 2094 2082 2093 2083 2083 2067 1589 2068 2071 2053 2081 2054 2121 2093 2105 2094 2094 2082 2106 2095 2107 2096 2108 2097 1338 1173 1581 1321 2109 2098 2110 2099 2097 2086 2109 2098 2093 2083 2094 2082 1580 1320 1581 1321 2108 2097 2109 2098 1339 1174 2093 2083 1580 1320 2095 2084 2111 2100 2096 2085 2112 2101 2096 2085 2111 2100 2085 2071 2097 2086 2073 2057 1338 1173 2109 2098 2097 2086 2096 2085 2112 2101 2098 2072 2110 2099 2095 2084 2084 2070 2113 2102 2114 2103 2115 2104 2087 2074 2101 2089 1556 1440 2102 2090 2116 2105 2103 2091 2103 2091 1336 1169 1739 1175 2103 2091 1739 1175 1743 2092 2140 2106 2117 2107 2118 2108 1739 1175 1336 1169 1342 1176 1647 2109 2119 2110 2120 2111 2104 2081 1330 2077 1329 1168 1342 1176 1336 1169 1329 1168 1329 1168 1328 1167 2104 2081 2105 2094 1580 1320 2094 2082 2104 2081 2083 2067 1589 2068 2128 2112 2092 2079 2105 2094 2108 2097 1581 1321 2122 2113 2109 2098 2108 2097 2107 2096 1657 1376 2110 2099 2107 2096 2105 2094 2122 2113 1580 1320 2123 2114 2111 2100 2095 2084 1581 1321 1580 1320 2122 2113 2123 2114 2124 2115 2111 2100 2112 2101 2111 2100 2124 2115 2097 2086 2110 2099 2084 2070 2109 2098 2107 2096 2110 2099 1657 1376 2123 2114 2095 2084 2101 2089 2103 2091 1743 2092 2125 2116 2116 2105 2102 2090 2125 2116 2126 2117 2116 2105 2116 2105 1337 1322 1336 1169 1336 1169 2103 2091 2116 2105 2121 2093 2104 2081 1328 1167 1336 1169 1337 1322 1328 1167 1328 1167 1584 1323 2121 2093 2092 2079 2122 2113 2105 2094 2121 2093 2094 2082 2104 2081 1592 1324 2130 2118 1656 1375 2106 2095 2108 2097 2129 2119 2107 2096 2106 2095 1655 1374 2131 2120 1655 1374 2106 2095 2122 2113 2092 2079 2129 2119 2132 2121 2124 2115 2123 2114 2108 2097 2122 2113 2129 2119 2132 2121 2133 2122 2124 2115 2134 2123 2124 2115 2133 2122 2110 2099 1657 1376 2095 2084 2107 2096 1655 1374 1657 1376 2124 2115 2134 2123 2112 2101 1656 1375 2132 2121 2123 2114 2135 2124 2126 2117 2125 2116 2126 2117 2136 2125 2088 2126 2120 2111 2137 2127 2138 2128 1337 1322 2116 2105 2126 2117 1344 2129 1337 1322 2126 2117 1337 1322 1344 2129 1325 2130 2128 2112 2121 2093 1584 1323 1337 1322 1325 2130 1584 1323 1584 1323 1325 2130 2128 2112 2091 2078 2129 2119 2092 2079 2128 2112 2105 2094 2121 2093 2143 2131 2091 2078 2151 2132 2131 2120 2106 2095 2142 2133 1655 1374 2131 2120 1592 1324 1593 1325 1592 1324 2131 2120 2129 2119 2091 2078 2142 2133 2144 2134 2145 2135 2146 2136 2142 2133 2106 2095 2129 2119 2132 2121 2147 2137 2133 2122 2133 2122 2147 2137 2146 2136 1657 1376 1656 1375 2123 2114 1655 1374 1592 1324 1656 1375 2133 2122 2148 2138 2134 2123 2130 2118 2147 2137 2132 2121 2135 2124 2136 2125 2126 2117 2088 2126 1324 1185 2126 2117 2126 2117 1324 1185 1344 2129 2141 2080 2128 2112 1325 2130 1325 2130 1344 2129 1324 1185 1325 2130 2150 2139 2141 2080 2143 2131 2142 2133 2091 2078 2141 2080 2092 2079 2128 2112 1593 1325 2131 2120 2152 2140 2153 2141 2144 2134 2154 2142 2155 2143 2130 2118 1594 1326 2142 2133 2143 2131 2152 2140 1593 1325 1595 1327 1594 1326 2152 2140 2131 2120 2142 2133 2147 2137 2154 2142 2146 2136 2146 2136 2154 2142 2144 2134 1656 1375 2130 2118 2132 2121 1592 1324 1594 1326 2130 2118 2133 2122 2146 2136 2148 2138 2154 2142 2147 2137 2155 2143 2145 2135 2148 2138 2146 2136 2136 2125 2149 1186 2088 2126 2149 1186 2115 2104 2114 2103 2156 2144 2137 2127 2120 2111 1324 1185 2088 2126 2149 1186 1349 1184 1575 2145 2157 2146 2150 2139 1325 2130 1324 1185 2151 2132 2141 2080 2150 2139 1324 1185 1349 1184 2150 2139 2150 2139 2158 2147 2151 2132 1319 2148 2158 2147 1318 2149 1319 2148 2152 2140 2143 2131 2151 2132 2091 2078 2141 2080 1318 2149 1582 2150 1319 2148 1595 1327 1593 1325 2159 2151 2160 2152 2161 2153 2153 2141 2162 2154 2155 2143 1596 1328 2152 2140 1319 2148 2159 2151 1595 1327 1598 1330 1596 1328 1593 1325 2152 2140 2159 2151 2153 2141 2161 2153 2144 2134 2144 2134 2161 2153 2163 2155 2130 2118 2155 2143 2147 2137 1594 1326 1596 1328 2155 2143 2162 2154 2153 2141 2154 2142 2163 2155 2145 2135 2144 2134 2113 2102 2164 2156 2114 2103 2114 2103 1575 2145 2149 1186 2120 2111 2165 2157 2156 2144 2166 2158 2140 2106 2118 2108 2167 2159 2168 2160 2169 2161 1349 1184 2149 1186 1575 2145 2158 2147 2150 2139 1349 1184 1319 2148 2151 2132 2158 2147 1582 2150 2159 2151 1319 2148 1319 2148 2143 2131 2151 2132 1640 2162 1583 2163 1582 2150 2170 2164 2171 2165 1600 1331 1596 1328 1598 1330 2172 2166 2173 2167 2162 2154 2172 2166 1598 1330 1600 1331 2172 2166 1595 1327 2159 2151 1597 1329 2160 2152 2174 2168 2161 2153 2175 2169 2161 2153 2174 2168 2155 2143 2162 2154 2154 2142 1596 1328 2172 2166 2162 2154 2173 2167 2160 2152 2153 2141 2175 2169 2163 2155 2161 2153 2176 2170 2164 2156 2113 2102 2176 2170 2177 2171 2164 2156 1575 2145 2114 2103 2164 2156 2120 2111 2178 2172 2179 2173 2164 2156 2139 2174 1575 2145 2119 2110 2178 2172 2120 2111 2180 2175 2181 2176 2168 2160 2139 2174 1649 2177 1575 2145 2157 2146 2158 2147 1349 1184 1318 2149 2158 2147 2157 2146 2157 2146 1649 2177 2182 2178 1318 2149 2182 2178 1640 2162 2183 2179 2184 2180 1643 1368 1583 2163 1597 1329 1582 2150 2185 2181 2186 2182 2170 2164 2172 2166 1600 1331 2171 2165 1582 2150 1597 1329 2159 2151 2187 2183 2173 2167 2171 2165 2188 2184 2174 2168 2160 2152 1598 1330 1597 1329 1601 1332 2188 2184 2189 2185 2174 2168 2190 2186 2174 2168 2189 2185 2162 2154 2173 2167 2153 2141 2172 2166 2171 2165 2173 2167 2187 2183 2188 2184 2160 2152 2190 2186 2175 2169 2174 2168 2191 2187 2177 2171 2176 2170 2119 2110 2192 2188 2193 2189 2191 2187 2194 1178 2177 2171 2195 2190 2119 2110 2194 1178 1345 1180 2139 2174 2177 2171 2196 2191 2140 2106 2166 2158 2197 2192 2168 2160 2140 2106 1649 2177 2139 2174 1345 1180 1649 2177 2157 2146 1575 2145 1649 2177 1345 1180 1648 1369 2182 2178 1318 2149 2157 2146 2182 2178 1648 1369 2198 2193 1640 2162 1582 2150 1318 2149 1583 2163 1639 2194 1601 1332 2170 2164 1600 1331 2199 2195 2171 2165 2170 2164 2186 2182 1583 2163 1601 1332 1597 1329 2184 2180 2187 2183 2186 2182 2200 2196 2189 2185 2188 2184 1600 1331 1601 1332 2199 2195 2200 2196 2201 2197 2189 2185 2202 2198 2189 2185 2201 2197 2173 2167 2187 2183 2160 2152 2171 2165 2186 2182 2187 2183 2184 2180 2200 2196 2188 2184 2202 2198 2190 2186 2189 2185 2195 2190 2194 1178 2191 2187 2193 2189 2203 2199 2119 2110 2164 2156 2177 2171 2139 2174 2181 2176 2169 2161 2168 2160 1648 1369 2182 2178 1649 2177 1648 1369 2127 1179 2204 2200 2198 2193 1640 2162 2182 2178 1639 2194 1640 2162 2198 2193 2198 2193 2204 2200 1638 2201 2205 1159 2206 2202 2207 2203 1639 2194 1583 2163 1640 2162 1639 2194 1638 2201 2199 2195 1639 2194 2198 2193 1638 2201 2207 2203 1638 2201 2219 1160 2185 2181 2170 2164 2208 2204 2186 2182 2185 2181 1643 1368 1639 2194 2199 2195 1601 1332 1641 1366 1643 1368 2185 2181 2209 2205 2210 2206 2211 2207 2208 2204 2170 2164 2199 2195 2200 2196 2212 2208 2201 2197 2213 2209 2201 2197 2211 2207 2187 2183 2184 2180 2188 2184 2186 2182 1643 1368 2184 2180 2201 2197 2214 2210 2202 2198 2183 2179 2212 2208 2200 2196 2213 2209 2214 2210 2201 2197 2192 2188 2119 2110 2195 2190 2179 2173 2165 2157 2120 2111 2177 2171 2194 1178 1345 1180 2120 2111 2215 2211 2140 2106 2216 2212 2217 2213 2168 2160 2194 1178 2119 2110 2127 1179 2127 1179 2119 2110 1320 2214 2204 2200 2198 2193 1648 1369 2204 2200 1320 2214 2218 2215 2204 2200 2218 2215 2219 1160 1638 2201 2207 2203 2208 2204 1641 1366 2185 2181 2206 2202 2209 2205 2220 2216 2221 2217 1638 2201 2208 2204 2199 2195 2183 2179 1642 1367 2222 2218 1641 1366 1654 1373 1642 1367 2206 2202 2185 2181 2208 2204 2212 2208 2220 2216 2211 2207 2211 2207 2220 2216 2209 2205 2184 2180 2183 2179 2200 2196 1642 1367 2183 2179 1643 1368 2212 2208 2222 2218 2220 2216 2213 2209 2211 2207 2210 2206 2201 2197 2212 2208 2211 2207 2203 2199 2178 2172 2119 2110 2223 2219 2140 2106 2215 2211 2223 2219 2117 2107 2140 2106 2224 2220 2168 2160 2167 2159 2119 2110 1647 2109 1320 2214 1320 2214 2204 2200 2127 1179 2219 1160 1638 2201 2204 2200 2218 2215 1647 2109 2225 2221 2219 1160 2225 2221 2226 1158 2227 2222 1315 1156 2228 2223 1654 1373 1641 1366 2229 2224 2230 2225 2231 2226 2221 2217 2207 2203 2206 2202 2208 2204 2232 2227 2222 2218 1653 1372 1654 1373 1316 1157 1653 1372 1641 1366 2206 2202 2229 2224 2221 2217 2231 2226 2209 2205 2209 2205 2231 2226 2233 2228 2183 2179 2222 2218 2212 2208 1642 1367 1653 1372 2222 2218 2209 2205 2234 2229 2210 2206 2232 2227 2221 2217 2220 2216 2233 2228 2234 2229 2209 2205 2138 2128 2215 2211 2120 2111 2235 2230 2168 2160 2197 2192 2235 2230 2180 2175 2168 2160 1647 2109 2120 2111 2140 2106 2140 2106 1587 2231 1647 2109 1647 2109 2218 2215 1320 2214 2225 2221 2219 1160 2218 2215 2225 2221 1587 2231 2236 2232 2226 1158 2236 2232 2237 1362 2205 1159 2207 2203 2219 1160 1635 1363 2229 2224 2205 1159 1316 1157 1654 1373 2239 2233 1653 1372 1316 1157 2240 2234 2205 1159 2229 2224 2206 2202 2241 2235 2232 2227 2240 2234 1316 1157 1315 1156 2240 2234 1654 1373 2229 2224 2239 2233 2230 2225 2242 2236 2231 2226 2243 2237 2231 2226 2242 2236 2222 2218 2232 2227 2220 2216 1653 1372 2240 2234 2232 2227 2231 2226 2244 2238 2233 2228 2241 2235 2230 2225 2221 2217 2243 2237 2244 2238 2231 2226 2196 2191 2197 2192 2140 2106 2245 2239 2217 2213 2216 2212 2246 2240 2247 2241 2248 2242 2140 2106 2168 2160 1588 2243 1588 2243 1587 2231 2140 2106 1587 2231 2225 2221 1647 2109 2236 2232 2226 1158 2225 2221 2236 2232 1588 2243 2250 2244 2237 1362 2205 1159 2226 1158 2237 1362 2250 2244 2251 2245 2252 2246 2253 2247 1631 1360 2238 2248 2239 2233 1635 1363 2262 2249 1650 2250 2238 2248 2254 2251 2255 2252 2228 2223 2240 2234 1315 1156 2227 2222 1635 1363 2239 2233 2229 2224 2256 2253 2241 2235 2227 2222 2257 2254 2242 2236 2230 2225 1316 1157 2239 2233 1314 1155 2257 2254 2258 2255 2242 2236 2259 2256 2242 2236 2258 2255 2232 2227 2241 2235 2221 2217 2240 2234 2227 2222 2241 2235 2242 2236 2260 2257 2243 2237 2256 2253 2257 2254 2230 2225 2259 2256 2260 2257 2242 2236 2224 2220 2216 2212 2168 2160 2248 2242 2247 2241 2217 2213 2217 2213 1591 2258 2168 2160 1591 2258 1588 2243 2168 2160 1588 2243 2236 2232 1587 2231 2250 2244 2237 1362 2236 2232 2250 2244 1588 2243 2261 2259 2251 2245 1635 1363 2237 1362 2251 2245 2261 2259 2262 2249 1635 1363 2251 2245 2238 2248 2238 2248 1650 2250 1314 1155 2262 2249 2238 2248 2251 2245 2228 2223 1315 1156 2263 2260 2227 2222 2228 2223 2255 2252 2238 2248 1314 1155 2239 2233 2253 2247 2256 2253 2255 2252 2264 2261 2258 2255 2257 2254 1315 1156 1314 1155 2263 2260 2264 2261 2265 2262 2258 2255 2266 2263 2258 2255 2265 2262 2241 2235 2256 2253 2230 2225 2227 2222 2255 2252 2256 2253 2258 2255 2267 2264 2259 2256 2253 2247 2264 2261 2257 2254 2266 2263 2267 2264 2258 2255 2245 2239 2248 2242 2217 2213 2246 2240 2249 2265 2247 2241 1591 2258 2217 2213 2247 2241 2247 2241 1590 2266 1591 2258 1591 2258 2261 2259 1588 2243 2261 2259 2251 2245 2250 2244 2261 2259 1591 2258 2268 2267 2262 2249 2261 2259 2269 2268 1650 2250 1628 2269 2263 2260 1628 2269 2262 2249 2269 2268 2254 2251 2228 2223 2270 2270 2255 2252 2254 2251 1631 1360 1650 2250 2263 2260 1314 1155 1632 1361 1631 1360 2254 2251 2265 2262 2271 2271 2272 2272 2270 2270 2228 2223 2263 2260 2271 2271 2265 2262 2264 2261 2273 2273 2265 2262 2272 2272 2256 2253 2253 2247 2257 2254 2255 2252 1631 1360 2253 2247 2265 2262 2274 2274 2266 2263 2252 2246 2271 2271 2264 2261 2273 2273 2274 2274 2265 2262 2275 2275 2249 2265 2246 2240 2287 2276 2276 2277 2277 2278 2275 2275 2278 2279 2249 2265 1590 2266 2268 2267 1591 2258 2268 2267 1590 2266 1645 2280 2268 2267 2269 2268 2261 2259 2269 2268 2268 2267 2279 2281 1610 1345 2269 2268 2279 2281 1628 2269 2269 2268 1610 1345 1628 2269 1650 2250 2262 2249 1628 2269 1321 1161 2270 2270 1321 1161 1628 2269 1610 1345 1632 1361 2254 2251 1323 1163 2280 2282 2281 2283 2282 2284 1628 2269 2270 2270 2263 2260 2252 2246 1606 1342 2283 2285 1632 1361 1607 1343 1606 1342 1323 1163 2254 2251 2270 2270 2271 2271 2281 2283 2272 2272 2272 2272 2281 2283 2280 2282 2253 2247 2252 2246 2264 2261 1631 1360 1606 1342 2252 2246 2281 2283 2271 2271 2283 2285 2284 2286 2272 2272 2280 2282 2272 2272 2284 2286 2273 2273 2285 2287 2278 2279 2275 2275 2247 2241 2249 2265 1590 2266 2249 2265 2278 2279 1644 2288 2249 2265 1645 2280 1590 2266 2249 2265 1644 2288 1645 2280 1645 2280 2279 2281 2268 2267 2279 2281 1645 2280 2288 2289 2309 1141 1162 2290 1164 1142 1321 1161 1610 1345 1568 1347 2290 2291 1304 1148 2291 2292 1301 1143 1627 2293 1568 1347 1607 1343 1632 1361 1322 1162 2292 2294 2293 2295 2282 2284 1321 1161 1323 1163 2270 2270 2294 2296 2283 2285 1605 1341 1321 1161 1568 1347 1322 1162 1607 1343 1305 1149 1605 1341 1632 1361 1323 1163 1322 1162 2282 2284 2293 2295 2280 2282 2280 2282 2293 2295 2295 2297 2252 2246 2283 2285 2271 2271 1606 1342 1605 1341 2283 2285 2280 2282 2296 2298 2284 2286 2282 2284 2281 2283 2294 2296 2295 2297 2296 2298 2280 2282 2285 2287 2286 2299 2278 2279 2286 2299 2276 2277 2287 2276 1644 2288 2286 2299 1599 2300 2286 2299 1644 2288 2278 2279 2297 2301 1644 2288 1599 2300 1644 2288 2288 2289 1645 2280 2288 2289 1644 2288 2297 2301 2288 2289 2289 1346 2279 2281 1610 1345 2279 2281 2289 1346 2289 1346 2288 2289 2298 2302 1568 1347 2289 1346 1301 1143 2289 1346 2298 2302 1301 1143 1627 2293 1322 1162 1568 1347 1305 1149 1607 1343 2299 2303 1605 1341 1305 1149 2300 2304 2301 2305 2294 2296 2300 2304 1305 1149 1304 1148 2300 2304 1607 1343 1322 1162 2299 2303 2292 2294 2302 2306 2293 2295 2293 2295 2302 2306 2303 2307 2283 2285 2294 2296 2281 2283 1605 1341 2300 2304 2294 2296 2293 2295 2304 2308 2295 2297 2301 2305 2292 2294 2282 2284 2303 2307 2304 2308 2293 2295 2277 2278 2307 2309 2287 2276 1599 2300 2286 2299 2287 2276 1599 2300 2308 2310 2297 2301 2297 2301 2298 2302 2288 2289 2298 2302 2297 2301 2308 2310 1301 1143 2298 2302 2309 1141 1303 1147 2299 2303 1627 2293 1164 1142 1162 2290 1698 1400 2310 2311 2311 2312 2291 2292 2300 2304 1304 1148 2290 2291 1627 2293 2299 2303 1322 1162 2312 2313 2301 2305 2290 2291 1164 1142 1303 1147 1627 2293 2313 2314 2302 2306 2292 2294 1305 1149 2299 2303 1303 1147 2313 2314 2314 2315 2302 2306 2315 2316 2302 2306 2314 2315 2294 2296 2301 2305 2282 2284 2300 2304 2290 2291 2301 2305 2302 2306 2315 2316 2303 2307 2312 2313 2313 2314 2292 2294 2316 2317 2307 2309 2277 2278 2316 2317 2317 2318 2307 2309 2287 2276 2308 2310 1599 2300 2287 2276 2307 2309 2308 2310 2308 2310 2309 1141 2298 2302 2309 1141 2308 2310 2318 2319 2319 2320 1162 2290 2309 1141 2320 2321 1702 1403 2321 2322 1698 1400 1303 1147 1164 1142 1164 1142 1627 2293 1301 1143 1163 2323 1696 1398 1698 1400 2291 2292 1304 1148 1697 1399 2290 2291 2291 2292 2311 2312 1612 1349 2312 2313 2311 2312 1303 1147 1698 1400 1697 1399 2322 2324 2314 2315 2313 2314 1304 1148 1303 1147 1697 1399 2322 2324 2323 2325 2314 2315 2324 2326 2314 2315 2323 2325 2301 2305 2312 2313 2292 2294 2290 2291 2311 2312 2312 2313 2314 2315 2324 2326 2315 2316 1612 1349 2322 2324 2313 2314 2325 2327 2317 2318 2316 2317 2317 2318 2328 2328 2307 2309 2327 2329 1646 1334 2305 2330 2307 2309 2318 2319 2308 2310 2307 2309 2328 2328 2318 2319 2319 2320 2309 1141 2318 2319 2329 2331 2318 2319 2328 2328 2330 2332 2331 1146 2332 1145 2329 2331 1163 2323 1162 2290 2329 2331 1162 2290 2319 2320 1698 1400 1162 2290 1163 2323 1611 1348 2321 2322 2333 2333 2310 2311 2291 2292 1706 2334 2311 2312 2310 2311 1613 1350 2334 2335 1613 1350 2310 2311 1697 1399 1696 1398 1706 2334 2335 2336 2323 2325 2322 2324 1706 2334 2291 2292 1697 1399 2335 2336 2336 2337 2323 2325 2337 2338 2323 2325 2336 2337 2312 2313 1612 1349 2313 2314 2311 2312 1613 1350 1612 1349 2323 2325 2337 2338 2324 2326 1611 1348 2335 2336 2322 2324 2325 2327 2326 2339 2317 2318 1585 1335 2317 2318 2326 2339 2328 2328 2317 2318 1585 1335 2318 2319 2329 2331 2319 2320 2338 2340 2329 2331 1585 1335 2338 2340 2332 1145 1163 2323 2338 2340 1163 2323 2329 2331 1163 2323 2332 1145 1696 1398 1696 1398 1302 1144 1706 2334 1302 1144 2331 1146 2339 2341 2334 2335 2310 2311 1705 2342 2321 2322 1613 1350 2334 2335 2340 2343 2341 2344 2342 2345 1706 2334 1302 1144 1705 2342 2334 2335 2320 2321 2321 2322 1705 2342 2310 2311 1706 2334 2335 2336 2343 2346 2336 2337 2336 2337 2343 2346 2342 2345 1612 1349 1611 1348 2322 2324 1613 1350 2321 2322 1611 1348 2336 2337 2344 2347 2337 2338 2333 2333 2343 2346 2335 2336 1585 1335 2326 2339 1586 1333 2328 2328 1585 1335 2329 2331 1646 1334 2330 2332 2338 2340 2330 2332 2332 1145 2338 2340 2339 2341 1705 2342 1302 1144 2352 2348 1708 1406 2339 2341 2320 2321 2334 2335 2346 2349 2347 2350 2341 2344 2340 2343 2348 2351 2333 2333 1702 1403 2339 2341 2346 2349 1705 2342 2320 2321 1703 1404 1702 1403 2346 2349 2334 2335 1705 2342 2343 2346 2340 2343 2342 2345 2342 2345 2341 2344 2349 2352 1611 1348 2333 2333 2335 2336 2321 2322 1702 1403 2333 2333 2336 2337 2342 2345 2344 2347 2340 2343 2343 2346 2348 2351 2349 2352 2344 2347 2342 2345 1586 1333 2305 2330 1646 1334 1585 1335 1646 1334 2338 2340 2330 2332 1646 1334 2350 2353 2330 2332 2350 2353 2351 2354 2331 1146 2351 2354 2352 2348 2351 2354 2331 1146 2330 2332 2339 2341 2331 1146 2352 2348 2346 2349 2339 2341 1708 1406 2353 2355 2354 2356 2355 2357 1703 1404 2320 2321 2356 2358 2357 2359 2358 2360 2347 2350 2359 2361 2348 2351 1704 1405 2346 2349 1708 1406 2356 2358 1703 1404 1714 1415 1704 1405 2320 2321 2346 2349 2356 2358 2347 2350 2358 2360 2341 2344 2341 2344 2358 2360 2360 2362 2333 2333 2348 2351 2343 2346 1702 1403 1704 1405 2348 2351 2359 2361 2347 2350 2340 2343 2360 2362 2349 2352 2341 2344 2306 2363 1577 1317 2305 2330 1326 1164 2327 2329 1577 1317 2362 2364 2350 2353 1326 1164 1646 1334 2327 2329 2350 2353 2362 2364 2363 2365 2364 2366 2362 2364 2364 2366 2350 2353 2351 2354 2350 2353 2364 2366 2351 2354 2364 2366 2365 2367 2352 2348 2365 2367 2366 1407 2365 2367 2352 2348 2351 2354 1708 1406 2352 2348 2366 1407 2356 2358 1708 1406 1709 1408 2353 2355 2367 2368 2354 2356 1704 1405 1714 1415 2367 2368 2368 2369 2359 2361 2367 2368 1709 1408 1715 1416 2356 2358 1714 1415 2354 2356 2367 2368 2356 2358 1715 1416 1703 1404 2357 2359 2369 2370 2358 2360 2370 2371 2358 2360 2369 2370 2348 2351 2359 2361 2340 2343 1704 1405 2367 2368 2359 2361 2368 2369 2357 2359 2347 2350 2370 2371 2360 2362 2358 2360 1577 1317 2306 2363 2361 1318 2305 2330 1577 1317 2327 2329 2327 2329 1326 1164 2350 2353 1327 1166 2362 2364 1326 1164 2372 2372 2373 2373 2363 2365 2364 2366 2363 2365 2373 2373 2365 2367 2364 2366 2373 2373 2365 2367 2373 2373 2374 2374 2366 1407 2374 2374 2375 2375 2374 2374 2366 1407 2365 2367 2376 2376 1715 1416 1709 1408 1709 1408 2375 2375 2376 2376 2354 2356 1714 1415 2377 2377 1711 1412 2368 2369 2353 2355 2378 2378 2369 2370 2357 2359 2377 2377 1714 1415 1715 1416 2359 2361 2368 2369 2347 2350 2367 2368 2353 2355 2368 2369 1711 1412 2378 2378 2357 2359 1577 1317 2371 1165 1326 1164 2371 1165 2361 1318 2379 1337 1574 1336 1603 1339 2371 1165 1602 1338 1327 1166 2371 1165 2380 2379 2373 2373 2372 2372 2374 2374 2373 2373 2380 2379 2374 2374 2380 2379 2381 2380 2381 2380 2375 2375 2374 2374 1299 2381 2375 2375 2381 2380 1299 2381 2376 2376 2375 2375 2375 2375 1709 1408 2366 1407 2382 2382 2383 2383 2377 2377 2376 2376 2377 2377 1715 1416 2382 2382 2376 2376 1299 2381 2355 2357 1712 1413 2353 2355 2382 2382 2377 2377 2376 2376 1721 1422 1712 1413 2355 2357 2384 2384 2369 2370 2378 2378 2377 2377 2383 2383 2354 2356 2384 2384 2385 2385 2369 2370 2392 2386 2369 2370 2385 2385 2368 2369 1711 1412 2357 2359 2353 2355 1712 1413 1711 1412 2369 2370 2392 2386 2370 2371 1713 1414 2384 2384 2378 2378 2386 2387 1573 2388 2379 1337 1602 1338 1604 1340 1652 1371 1603 2389 1602 2389 2371 2389 2381 2380 2380 2379 2387 2390 2381 2380 2387 2390 2388 2391 1299 2381 2381 2380 2388 2391 2388 2391 1300 2392 1299 2381 2382 2382 1299 2381 1300 2392 2383 2383 2355 2357 2354 2356 2382 2382 2389 2393 2383 2383 1723 1424 2391 2394 1713 1414 2355 2357 2383 2383 2390 2395 2384 2384 2393 2396 2385 2385 2392 2386 2385 2385 1729 1430 1711 1412 1713 1414 2378 2378 1712 1413 1723 1424 1713 1414 2391 2394 2393 2396 2384 2384 2394 2397 1313 2398 2386 2387 2386 2387 1313 2398 1573 2388 2379 1337 1573 2388 1574 1336 1313 2398 1317 2399 1573 2388 2388 2391 2387 2390 2395 2400 2388 2391 2395 2400 2396 2401 1300 2392 2388 2391 2396 2401 1300 2392 2396 2401 1168 2402 2390 2395 2397 2403 2398 2404 1300 2392 2389 2393 2382 2382 2389 2393 2390 2395 2383 2383 1168 2402 2389 2393 1300 2392 2390 2395 1721 1422 2355 2357 2389 2393 2397 2403 2390 2395 1721 1422 1723 1424 1712 1413 1733 1434 2391 2394 1730 1431 2398 2404 1721 1422 2390 2395 2393 2396 1727 1428 1729 1430 1713 1414 2391 2394 2384 2384 1730 1431 2391 2394 1723 1424 2393 2396 1733 1434 1727 1428 2385 2385 2393 2396 1729 1430 2394 2397 2399 1153 1313 2398 1313 2398 2399 1153 1311 1152 2396 2401 2401 2405 2403 2406 2418 1353 1618 1355 2345 2407 1168 2402 2396 2401 2403 2406 2403 2406 1167 2408 1168 2402 2397 2403 1167 2408 2404 2409 1168 2402 2397 2403 2389 2393 2404 2409 2405 2410 2398 2404 1167 2408 2397 2403 1168 2402 2398 2404 1722 1423 1721 1422 2404 2409 2398 2404 2397 2403 1722 1423 1730 1431 1723 1424 2398 2404 2405 2410 1722 1423 1728 1429 1725 1426 1729 1430 1729 1430 1725 1426 2407 2411 2391 2394 1733 1434 2393 2396 1733 1434 1732 1433 1734 1435 1729 1430 2407 2411 2392 2386 1734 1435 1728 1429 1727 1428 1312 1154 2399 1153 2408 2412 1313 2398 1311 1152 1317 2399 1311 1152 1579 2413 2400 2414 1317 2399 1311 1152 2400 2414 2395 2400 2401 2405 2396 2401 2409 2415 2403 2406 2401 2405 2403 2406 2409 2415 2345 2407 2403 2406 2345 2407 1167 2408 2345 2407 1618 1355 1167 2408 1618 1355 2410 2416 2404 2409 2404 2409 1167 2408 1618 1355 2405 2410 1731 1432 1722 1423 2410 2416 2405 2410 2404 2409 1730 1431 1732 1433 1733 1434 1722 1423 1731 1432 1730 1431 2413 2417 1731 1432 2411 2418 2406 2419 1725 1426 1728 1429 2413 2417 2414 2420 1732 1433 2415 2421 1734 1435 2414 2420 2415 2421 2406 2419 1728 1429 2408 2412 2416 2422 1312 1154 1571 1314 1312 1154 2416 2422 1571 1314 1572 1316 1312 1154 1312 1154 1572 1316 1579 2413 1311 1152 1312 1154 1579 2413 2417 2423 2345 2407 2409 2415 2345 2407 2417 2423 2418 1353 2402 2424 2419 2425 1617 1354 2412 2426 2410 2416 1617 1354 2419 2425 2412 2426 1617 1354 2410 2416 2411 2418 2405 2410 1617 1354 2410 2416 1618 1355 2413 2417 2411 2418 2420 2427 1731 1432 2413 2417 1732 1433 2405 2410 2411 2418 1731 1432 2411 2418 2412 2426 2420 2427 1732 1433 2414 2420 1734 1435 2421 2428 2413 2417 2420 2427 1734 1435 2415 2421 1728 1429 2422 2429 2414 2420 2421 2428 2406 2419 1726 1427 1725 1426 2422 2429 2423 2430 2415 2421 1725 1426 2424 2431 2407 2411 2406 2419 2423 2430 1726 1427 2416 2432 2425 2432 1571 2432 1571 1314 2425 2433 1308 1315 1308 1315 1310 2434 1572 1316 2426 2435 2418 1353 2417 2423 2418 1353 2426 2435 2402 2424 1617 1354 2418 1353 2402 2424 2412 2426 2419 2425 2427 2436 2428 2437 2421 2428 2420 2427 2410 2416 2412 2426 2411 2418 2429 2438 2422 2429 2421 2428 2413 2417 2421 2428 2414 2420 2420 2427 2427 2436 2428 2437 2414 2420 2422 2429 2415 2421 2429 2438 2421 2428 2428 2437 2415 2421 2423 2430 2406 2419 2430 2439 2422 2429 2429 2438 1726 1427 1701 1402 1699 1401 2423 2430 2430 2439 2431 2440 1725 1426 1699 1401 2424 2431 2431 2440 1701 1402 1726 1427 2432 2441 2424 2431 1699 1401 2425 2442 2433 2442 1308 2442 1308 2443 2433 2443 1309 2443 2435 2444 2402 2444 2426 2444 2436 2445 2437 2445 1165 2445 2437 2446 2419 2446 1166 2446 2419 2447 2402 2447 1166 2447 2438 2448 2428 2448 2427 2448 2437 2449 2438 2449 2427 2449 2412 2426 2427 2436 2420 2427 2429 2438 2428 2437 2439 2450 2440 2451 2439 2451 2441 2451 2428 2452 2438 2452 2439 2452 2422 2429 2430 2439 2423 2430 2440 2453 2430 2439 2429 2438 2423 2430 2431 2440 1726 1427 2442 2454 2431 2440 2430 2439 1701 1402 2431 2440 2443 2455 2431 2440 2442 2454 2443 2455 2443 2455 1695 1397 1701 1402 2444 2456 2432 2441 1699 1401 2433 2457 2445 2457 1309 2457 1306 2458 1309 2458 2445 2458 1309 2459 2434 2459 1310 2459 1570 2460 2434 2460 1309 2460 1661 2461 2446 2461 1662 2461 2435 2462 1166 2462 2402 2462 2435 2463 2447 2463 1166 2463 1165 2464 2437 2464 1166 2464 2438 2465 2437 2465 2436 2465 2419 2466 2437 2466 2427 2466 2438 2467 2436 2467 2449 2467 2439 2468 2438 2468 2449 2468 2450 2469 2440 2453 2441 2470 2451 2471 2442 2454 2450 2469 2430 2439 2440 2453 2442 2454 2429 2438 2439 2450 2440 2453 2442 2454 2440 2453 2450 2469 2442 2454 2451 2471 2443 2455 2452 2472 2453 2473 2451 2471 1695 1397 2443 2455 2453 2473 2443 2455 2451 2471 2453 2473 1699 1401 1694 1396 2444 2456 1695 1397 2453 2473 1692 1394 2454 2474 2444 2456 1694 1396 2445 2475 1307 2475 1306 2475 2455 2476 1614 2476 1563 2476 2456 2477 1570 2477 1306 2477 1662 2478 1676 2478 1661 2478 1669 2479 1661 2479 1676 2479 1298 2480 2447 2480 2457 2480 1616 2481 2448 2481 2436 2481 1165 2482 2447 2482 1298 2482 1616 2483 2436 2483 1165 2483 2458 2484 2448 2484 2465 2484 2436 2485 2448 2485 2449 2485 2449 2486 2448 2486 2459 2486 2460 2487 2441 2487 2461 2487 2449 2488 2461 2488 2441 2488 2450 2469 2462 2489 2451 2471 2439 2490 2449 2490 2441 2490 2450 2491 2441 2491 2460 2491 2453 2473 1169 1039 1692 1394 1694 1396 1171 1041 2454 2474 1307 2492 2463 2492 2456 2492 1677 2493 1669 2493 1659 2493 2457 2494 1172 2494 1298 2494 2465 2495 1616 2495 1172 2495 1616 2496 1298 2496 1172 2496 2465 2497 2448 2497 1616 2497 2459 2498 2448 2498 2458 2498 2459 2499 2458 2499 2461 2499 2466 2500 2462 2500 2460 2500 2449 2501 2459 2501 2461 2501 2458 2502 2466 2502 2461 2502 2450 2469 2460 2503 2462 2489 2467 2504 2468 2505 2452 2472 2453 2473 2468 2505 1169 1039 2452 2472 2468 2505 2453 2473 1170 1040 1169 1039 2468 2505 2454 2474 1171 1041 1724 1425 2463 2506 1562 2506 1561 2506 2464 2507 2456 2507 1561 2507 2463 2508 1561 2508 2456 2508 1563 2509 2464 2509 1561 2509 1676 2510 1637 2510 1669 2510 1174 2511 2469 2511 2465 2511 2465 2512 1172 2512 1174 2512 2465 2513 2469 2513 2458 2513 2458 2514 2469 2514 2470 2514 2472 2515 2466 2515 2458 2515 2461 2516 2466 2516 2460 2516 1718 1419 2468 2505 2467 2504 2468 2505 1720 1421 1170 1040 1724 1425 1719 1420 2473 2517 1171 1041 1170 1040 1719 1420 1562 2518 2455 2518 1563 2518 1637 2519 1658 2519 1659 2519 1658 2520 1636 2520 1633 2520 1658 2521 1633 2521 1672 2521 1672 2522 1659 2522 1658 2522 1660 2523 1173 2523 1663 2523 1174 2524 1660 2524 2474 2524 1174 2525 1173 2525 1660 2525 2474 2526 2469 2526 1174 2526 2470 2527 2469 2527 2474 2527 2474 2528 2471 2528 2470 2528 2472 2529 2458 2529 2470 2529 2475 2530 2472 2530 2470 2530 2468 2505 1718 1419 2476 2531 1170 1040 1720 1421 1719 1420 1719 1420 1137 1024 2473 2517 1720 1421 2476 2531 1135 1022 2477 2532 2473 2517 1137 1024 1629 2533 1634 2533 1630 2533 1672 2534 1674 2534 2478 2534 1660 2535 1663 2535 1160 2535 1663 2536 1664 2536 1160 2536 2474 2537 1660 2537 1160 2537 1160 2538 2480 2538 2474 2538 2474 2539 2481 2539 2471 2539 2480 2540 2481 2540 2474 2540 2482 2541 2483 2541 2481 2541 2471 2542 2483 2542 2484 2542 2485 2543 2475 2543 2471 2543 2475 2544 2470 2544 2471 2544 2486 2545 1175 1045 1716 1417 2468 2505 2476 2531 1720 1421 1175 1045 1717 1418 1716 1417 1720 1421 1135 1022 1137 1024 1717 1418 2476 2531 1718 1419 1137 1024 1136 1023 2477 2532 1292 1136 1135 1022 2487 2546 2477 2532 1136 1023 2488 2547 1674 2548 1634 2548 1673 2548 1634 2549 1629 2549 1673 2549 1633 2550 1674 2550 1672 2550 1674 2551 1673 2551 2478 2551 1160 2552 2479 2552 1161 2552 1160 2553 1161 2553 2480 2553 2480 2554 2491 2554 2481 2554 1161 2555 2491 2555 2480 2555 2481 2556 2491 2556 2482 2556 2493 2557 2485 2557 2484 2557 2471 2558 2481 2558 2483 2558 2493 2559 2484 2559 2483 2559 2471 2560 2484 2560 2485 2560 2486 2545 1707 1410 1176 1409 1717 1418 2487 2546 2476 2531 2494 2561 2488 2547 2495 2562 2476 2531 2487 2546 1135 1022 1179 1046 2487 2546 1717 1418 2487 2546 2496 2563 1292 1136 2477 2532 2488 2547 2494 2561 1136 1023 1292 1136 2488 2547 1673 2564 2489 2564 1558 2564 1673 2565 1558 2565 1679 2565 1673 2566 1679 2566 2497 2566 2497 2567 2478 2567 1673 2567 2490 2568 1623 2568 2479 2568 1664 2569 2479 2569 1160 2569 2490 2570 1625 2570 1623 2570 1161 2571 2479 2571 1623 2571 1623 2572 1690 2572 1161 2572 2500 2573 2492 2573 2499 2573 1690 2574 2499 2574 2491 2574 2492 2575 2501 2575 2491 2575 2482 2576 2491 2576 2501 2576 2502 2577 2493 2577 2482 2577 2483 2578 2482 2578 2493 2578 2503 2579 1710 1411 1294 1137 1175 1045 2486 2545 1176 1409 1297 2580 2487 2546 1179 1046 1175 1045 1176 1409 1177 1043 2504 2581 2505 2582 2495 2562 1292 1136 2496 2563 2488 2547 1297 2580 2504 2581 2496 2563 2494 2561 2495 2562 2506 2583 2488 2547 2496 2563 2495 2562 1629 2584 2489 2584 1673 2584 1679 2585 1683 2585 2497 2585 1625 2586 1626 2586 1156 2586 2498 2587 1626 2587 1625 2587 1156 2588 1691 2588 1623 2588 1691 2589 2499 2589 1690 2589 1161 2590 1690 2590 2491 2590 2500 2591 1691 2591 2507 2591 2508 2592 2502 2592 2501 2592 2491 2593 2499 2593 2492 2593 2508 2594 2501 2594 2492 2594 2482 2595 2501 2595 2502 2595 1700 2596 2503 2579 1294 1137 1176 1409 1710 1411 2503 2579 2505 2582 2504 2581 2509 2597 2496 2563 2504 2581 2495 2562 2487 2546 1297 2580 2496 2563 1179 1046 1184 2598 1297 2580 2495 2562 2505 2582 2506 2583 2509 2597 2504 2581 1297 2580 2510 2599 2506 2583 2505 2582 2489 2600 1154 2600 1558 2600 2511 2601 1682 2601 1681 2601 1679 2602 1154 2602 1683 2602 1671 2603 2497 2603 1683 2603 1156 2604 1157 2604 1691 2604 1691 2605 1157 2605 2514 2605 2514 2606 2507 2606 1691 2606 2516 2607 2508 2607 2500 2607 2499 2608 1691 2608 2500 2608 2507 2609 2516 2609 2500 2609 2508 2610 2492 2610 2500 2610 1666 1378 1668 1380 1295 1138 1295 1138 1668 1380 1296 1139 2503 2611 1177 2611 1176 2611 1700 2596 1294 1137 1296 1139 1700 2612 1296 2612 2503 2612 2503 2613 1296 2613 1177 2613 1178 1044 1184 2598 1179 1046 2518 2614 1178 1044 1177 1043 1183 2615 1184 2598 1178 1044 2509 2597 2519 2616 2505 2582 2509 2597 1180 1047 2520 2617 2510 2599 2519 2616 2521 2618 2505 2582 2519 2616 2510 2599 1155 2619 1153 2619 1671 2619 1153 2620 1155 2620 2512 2620 1683 2621 1155 2621 1671 2621 1157 2622 1153 2622 1670 2622 2514 2623 1157 2623 1670 2623 1670 2624 2515 2624 2514 2624 2515 2625 2516 2625 2507 2625 2523 2626 1296 2626 1667 2626 1621 1358 1667 1379 1666 1378 1296 2627 1668 2627 1667 2627 1296 2628 2518 2628 1177 2628 2518 2614 1183 2615 1178 1044 2518 2629 1296 2629 2523 2629 1183 2615 2517 2630 1184 2598 1184 2598 1180 1047 1297 2580 2524 2631 1183 2615 2518 2614 2525 2632 2526 2633 2521 2618 2509 2597 2520 2617 2519 2616 1297 2580 1180 1047 2509 2597 1184 2598 2517 2630 1180 1047 1180 1047 2525 2632 2520 2617 2510 2599 2521 2618 2527 2634 2519 2616 2520 2617 2521 2618 2511 2635 2528 2635 1682 2635 1552 2636 2513 2636 2512 2636 2512 2637 2513 2637 1153 2637 1153 2638 2529 2638 1670 2638 1153 2639 2513 2639 2529 2639 2529 2640 2522 2640 1670 2640 2522 2641 2531 2641 1670 2641 1670 2642 2531 2642 2532 2642 2532 2643 2515 2643 1670 2643 2514 2644 2515 2644 2507 2644 1689 2645 1688 1390 1619 1356 1621 1358 1620 1357 1667 1379 2533 2646 2523 2646 1620 2646 2523 2647 2524 2647 2518 2647 1620 2648 2523 2648 1667 2648 2524 2649 2523 2649 2533 2649 2526 2633 2525 2632 2535 2650 2534 2651 1183 2615 2524 2631 2520 2617 2525 2632 2521 2618 2517 2630 1181 1048 1180 1047 2521 2618 2526 2633 2527 2634 2535 2650 2525 2632 1182 1049 2536 2652 2527 2634 2526 2633 1551 2653 2528 2653 2513 2653 2528 2654 2538 2654 2513 2654 2538 2655 2530 2656 2529 2657 2529 2658 2513 2658 2538 2658 2530 2656 2539 2659 2529 2657 2529 2657 2539 2659 2540 2660 2541 2661 2532 2661 2531 2661 2541 2662 2531 2662 2522 2662 1620 2663 1688 2663 1622 2663 2533 2664 2534 2664 2524 2664 1620 2665 1622 2665 2533 2665 2542 2666 2533 2666 1622 2666 2534 2651 2517 2630 1183 2615 1182 1049 1181 1048 1289 1134 2534 2667 2542 2667 2543 2667 1293 2668 1181 1048 2543 2669 2543 2669 2517 2630 2534 2651 1181 1048 2517 2630 2543 2669 2535 2650 2544 2670 2526 2633 1180 1047 1182 1049 2525 2632 2535 2650 1289 1134 2545 2671 2536 2652 2544 2670 2546 2672 2526 2633 2544 2670 2536 2652 1552 2673 1551 2673 2513 2673 2511 2674 2537 2675 2528 2676 2537 2675 2547 2677 2528 2676 2528 2676 2547 2677 2548 2678 2549 2679 2550 2679 2538 2679 2550 2680 2551 2681 2530 2656 2550 2680 2530 2656 2538 2655 2530 2682 2551 2682 2539 2682 2551 2681 2540 2660 2539 2659 2540 2683 2541 2683 2529 2683 2529 2684 2541 2684 2522 2684 1686 2685 2552 2685 1689 2685 1686 2686 1693 2686 1684 2686 2553 2687 2554 2687 2552 2687 1686 2688 1689 2688 1687 2688 1622 2689 1689 2689 2552 2689 1622 2690 2555 2690 2542 2690 2533 2691 2542 2691 2534 2691 1622 2692 2552 2692 2555 2692 2556 2693 2543 2693 2555 2693 2556 2694 1293 2668 2543 2669 2557 2695 2558 2696 2546 2672 2535 2650 2545 2671 2544 2670 1182 1049 1289 1134 2535 2650 1290 1135 1289 1134 1181 1048 1289 1134 2557 2695 2545 2671 2536 2652 2546 2672 2559 2697 2544 2670 2545 2671 2546 2672 1551 2698 1682 2698 2528 2698 1681 2699 2560 2700 2511 2674 2511 2674 2560 2700 2537 2675 2560 2701 2561 2701 2537 2701 2537 2702 2561 2702 2547 2702 2561 2703 2548 2678 2547 2677 2548 2704 2549 2704 2528 2704 2528 2705 2549 2705 2538 2705 1686 2706 1684 2706 1107 2706 2552 2707 1686 2707 2553 2707 1107 2708 2553 2708 1686 2708 2555 2709 2552 2709 2554 2709 2555 2710 2554 2710 2562 2710 2542 2711 2555 2711 2543 2711 2556 2712 2555 2712 2562 2712 1290 1135 1181 1048 1293 2668 1190 1055 2558 2696 2557 2695 2545 2671 2557 2695 2546 2672 2546 2672 2558 2696 2559 2697 2557 2695 1288 1133 1190 1055 2564 2713 2559 2697 2558 2696 1159 2714 1152 2714 1158 2714 1158 2715 1107 2715 1159 2715 1158 2716 1665 2716 1107 2716 1107 2717 1665 2717 2553 2717 2553 2718 2565 2718 2554 2718 2553 2719 1665 2719 2565 2719 2554 2720 2565 2720 2566 2720 2562 2721 2554 2721 2566 2721 2556 2722 2562 2722 2567 2722 2562 2723 2566 2723 2567 2723 2556 2694 2563 2724 1293 2668 1286 1131 1291 2725 1290 1135 1286 1131 1293 2668 2563 2724 1290 1135 1293 2668 1286 1131 1189 1054 2558 2696 1190 1055 1289 1134 1288 1133 2557 2695 1290 1135 1291 2725 1288 1133 1190 1055 1288 1133 1188 1053 2564 2713 1189 1054 2568 2726 2558 2696 1189 1054 2564 2713 1133 2727 1134 2727 1152 2727 1158 2728 1152 2728 1134 2728 1134 2729 1685 2729 1158 2729 1158 2730 1685 2730 1665 2730 1665 2731 1685 2731 2569 2731 2565 2732 1665 2732 2569 2732 2566 2733 2565 2733 2570 2733 2565 2734 2569 2734 2570 2734 2566 2735 2570 2735 2571 2735 2571 2736 2573 2736 2567 2736 2567 2737 2566 2737 2571 2737 2556 2738 2567 2738 2563 2738 2573 2739 2563 2739 2567 2739 1286 1131 2563 2724 2574 2740 2563 2741 2573 2741 2574 2741 1285 1130 1291 2725 1286 1131 2575 2742 2568 2726 2576 2743 1285 1130 1288 1133 1291 2725 1284 1129 2577 2744 1188 1053 2564 2713 2568 2726 2575 2742 1189 1054 1188 1053 2568 2726 1134 2745 1735 2745 2578 2745 1134 2746 2578 2746 1685 2746 2578 2747 2579 2747 1685 2747 1685 2748 2579 2748 2569 2748 2569 2749 2579 2749 2580 2749 2570 2750 2569 2750 2580 2750 2571 2751 2570 2751 2581 2751 2570 2752 2580 2752 2581 2752 2581 2753 2572 2753 2571 2753 2573 2754 2571 2754 2572 2754 2572 2755 2574 2755 2573 2755 2584 2756 2585 2756 1239 2756 1287 1132 1286 1131 2574 2740 1186 1051 1185 1050 2576 2743 1188 1053 2577 2744 2568 2726 1288 1133 1284 1129 1188 1053 1284 1129 1186 1051 2577 2744 2575 2742 2576 2743 2586 2757 2568 2726 2577 2744 2576 2743 1675 2758 1735 2758 1134 2758 2595 2759 2587 2759 1150 2759 1105 2760 2588 2760 2578 2760 2588 2761 2589 2761 2578 2761 2578 2762 2589 2762 2579 2762 2579 2763 2589 2763 2590 2763 2590 2764 2592 2764 2580 2764 2580 2765 2579 2765 2590 2765 2592 2766 2582 2766 2580 2766 2581 2767 2580 2767 2582 2767 2582 2768 2597 2768 2581 2768 2593 2769 1287 1132 2574 2740 2574 2770 2583 2770 2593 2770 1287 2771 1283 2771 1285 2771 2577 2744 1186 1051 2576 2743 1285 1130 1283 1128 1284 1129 2576 2743 1185 1050 2586 2757 1187 1052 1186 1051 1277 1123 2594 2772 2586 2757 1185 1050 1735 2773 1105 2773 2578 2773 1104 2774 2587 2774 2588 2774 2589 2775 2588 2775 2587 2775 2587 2776 2596 2776 2589 2776 2596 2777 2591 2777 2590 2777 2590 2778 2589 2778 2596 2778 2592 2779 2590 2779 2591 2779 2591 2780 2597 2780 2582 2780 2591 2781 2582 2781 2592 2781 2581 2782 2597 2782 2572 2782 2574 2783 2572 2783 2583 2783 1280 2784 1278 2784 1283 2784 2593 2769 1280 2785 1287 1132 1283 2786 1287 2786 1280 2786 1187 1052 1281 1126 1185 1050 1284 1129 1277 1123 1186 1051 1283 1128 1278 1124 1277 1123 1187 1052 1277 1123 1282 1127 2594 2772 1281 1126 2599 2787 1185 1050 1281 1126 2594 2772 1105 2788 1104 2788 2588 2788 2587 2789 2595 2789 2600 2789 2602 2790 1280 2785 2593 2769 2593 2791 2598 2791 2602 2791 2603 2792 2599 2787 2604 2793 1273 1121 2605 2794 1282 1127 2594 2772 2599 2787 2603 2792 1281 1126 1282 1127 2599 2787 1104 2795 1150 2795 2587 2795 1148 2796 1150 2796 1151 2796 2600 2797 2596 2797 2587 2797 2593 2798 2583 2798 2598 2798 1274 2799 1278 2799 1279 2799 1279 2800 1280 2785 2602 2790 2607 2801 2608 2802 2604 2793 1282 1127 2605 2794 2599 2787 1277 1123 1273 1121 1282 1127 1274 2803 1273 1121 1278 1124 1273 1121 2607 2801 2605 2794 2603 2792 2604 2793 2609 2804 2599 2787 2605 2794 2604 2793 2598 2805 2601 2805 2602 2805 1279 2800 2602 2790 2610 2806 2606 2807 2610 2807 2602 2807 1276 2808 1274 2808 1279 2808 1272 1119 1271 1118 2608 2802 2605 2794 2607 2801 2604 2793 1274 2803 1276 1122 1273 1121 2604 2793 2608 2802 2609 2804 2607 2801 1275 1120 1272 1119 2611 2809 2609 2804 2608 2802 2601 2810 2606 2810 2602 2810 1279 2800 2610 2806 1269 1116 1269 2811 1276 2811 1279 2811 2607 2801 1272 1119 2608 2802 1273 1121 1275 1120 2607 2801 2608 2802 1271 1118 2611 2809 1267 1114 1272 1119 1275 1120 2613 2812 2611 2809 1271 1118 1269 1116 2610 2806 1270 1117 2612 2813 1270 2813 2610 2813 2615 2814 1276 2814 1269 2814 1267 1114 1268 1115 1271 1118 1275 1120 2615 2815 2616 2816 1267 1114 2616 2816 1263 1110 2613 2812 1268 1115 1265 1112 1271 1118 1268 1115 2613 2812 2606 2817 2612 2817 2610 2817 1275 1120 2616 2816 1267 1114 1276 1122 2615 2815 1275 1120 1269 2818 1261 2818 2615 2818 1263 1110 1265 1112 1268 1115 1263 1110 2616 2816 1264 1111 2617 2819 1265 1112 1266 1113 1265 1112 2617 2819 2613 2812 2612 2820 2614 2820 1270 2820 1261 1109 1270 1117 1262 1107 2614 2821 1262 2821 1270 2821 2619 2822 2615 2822 1261 2822 2620 2823 1266 1113 1259 1105 2619 2824 2621 2825 2616 2816 2621 2825 1260 1106 1264 1111 2617 2819 1266 1113 2620 2823 1265 1112 1264 1111 1266 1113 2623 2826 2619 2826 1257 2826 2616 2816 2621 2825 1264 1111 2615 2815 2619 2824 2616 2816 1261 2827 1257 2827 2619 2827 2624 2828 1259 1105 1256 1103 2621 2825 1255 1102 1260 1106 2620 2823 1259 1105 2624 2828 1266 1113 1260 1106 1259 1105 2614 2829 2618 2829 1262 2829 1257 1108 1262 1107 1258 2830 2622 2831 1258 2831 1262 2831 2619 2824 2623 2832 2621 2825 2625 2833 1256 1103 1253 1100 2623 2832 1252 1099 2621 2825 1252 1099 1254 1101 1255 1102 2624 2828 1256 1103 2625 2833 1259 1105 1255 1102 1256 1103 2618 2834 2622 2834 1262 2834 2627 2835 2623 2835 1248 2835 2621 2825 1252 1099 1255 1102 1248 2836 2623 2836 1257 2836 2628 2837 1253 1100 2629 2838 1252 1099 1251 1098 1254 1101 2625 2833 1253 1100 2628 2837 1256 1103 1254 1101 1253 1100 1248 2839 1258 2839 1249 2839 2626 2840 1249 2840 1258 2840 1250 1096 2629 2838 1246 1097 2623 2832 2627 2841 1252 1099 1251 1098 2629 2838 1253 1100 2627 2842 1245 2842 1252 2842 1245 1094 1246 1097 1251 1098 2630 2843 2629 2838 1250 1096 2629 2838 2630 2843 2628 2837 2622 2844 2626 2844 1258 2844 2585 2845 2627 2845 1243 2845 1241 1089 1250 1096 1247 1093 1243 2846 2627 2846 1248 2846 1251 1098 1246 1097 2629 2838 1250 1096 2632 2847 2630 2843 1246 1097 1245 1094 1247 1093 2633 2848 2632 2847 1250 1096 1243 2849 1249 2849 1244 2849 2631 2850 1244 2850 1249 2850 1241 1089 1247 1093 1242 1090 2627 2851 2585 2851 1245 2851 1237 2852 1245 2852 2585 2852 1250 1096 1241 1089 2633 2848 1247 1093 1237 1086 1242 1090 2635 2853 2633 2848 1241 1089 2626 2854 2631 2854 1249 2854 1231 2855 1226 2855 1220 2855 1235 2856 1241 1089 1238 1091 2585 2857 1243 2857 1239 2857 1237 1086 1238 1091 1242 1090 2637 2858 2638 2859 1241 1089 1241 1089 2638 2859 2635 2853 1118 2860 1119 2860 1121 2860 2631 2861 2634 2861 1244 2861 1239 2862 1244 2862 1240 2862 1244 2863 2636 2863 1240 2863 1236 1085 1235 2856 1238 1091 2585 2864 2584 2864 1237 2864 1241 1089 1235 2856 2637 2858 1238 1091 1237 1086 1236 1085 2640 2865 2637 2865 1235 2865 2639 2866 2641 2866 2642 2866 2634 2867 2636 2867 1244 2867 2642 2868 2636 2868 2639 2868 2584 2869 1214 2869 1213 2869 1232 2870 1235 2856 1236 1085 2584 2871 1239 2871 1214 2871 1235 2856 1232 2870 1233 1082 1237 2872 1213 2872 1231 2872 1231 1087 1232 2870 1236 1085 1234 2873 2643 2873 1235 2873 1235 2874 2643 2874 2640 2874 1124 2875 1122 2875 1123 2875 2641 2876 2644 2876 2642 2876 2636 2877 2642 2877 1240 2877 1214 2878 1240 2878 1216 2878 1240 2879 2642 2879 1216 2879 1212 2880 1215 2880 2645 2880 1231 1087 1230 1083 1232 2870 2584 2881 1213 2881 1237 2881 2646 2882 1233 2882 1228 2882 1232 2870 1230 1083 1233 1082 2646 2883 2647 2883 1233 2883 1234 2884 1233 2884 2647 2884 1123 2885 1126 2885 1124 2885 1213 2886 2645 2886 1231 2886 1214 2887 1216 2887 1212 2887 2645 2888 1213 2888 1212 2888 2649 2889 2650 2889 1228 2889 1228 2890 2650 2890 2646 2890 1129 2891 1125 2891 1126 2891 2642 2892 2644 2892 1216 2892 2652 2893 1215 2893 1218 2893 1215 2894 1216 2894 2648 2894 2645 2895 1226 2895 1231 2895 1220 2896 1230 2896 1231 2896 2645 2897 1215 2897 1226 2897 1228 1081 1221 2898 1210 2899 1228 2900 2653 2900 2649 2900 1230 2901 1221 2901 1228 2901 1229 2902 2653 2902 1228 2902 1128 2903 1125 2903 1129 2903 2644 2904 2648 2904 1216 2904 1191 2905 1221 2905 2654 2905 1222 2906 1225 2906 1210 2906 1227 2907 1210 2907 2655 2907 1230 2908 1220 2908 1221 2908 1224 2909 2655 2909 1210 2909 2648 2910 2651 2910 1215 2910 2652 2911 1226 2911 1215 2911 1226 2912 2652 2912 2656 2912 2656 2913 1220 2913 1226 2913 1220 2914 2656 2914 2654 2914 2654 2915 1221 2915 1220 2915 1191 2916 1210 2916 1221 2916 1223 2917 2657 2917 1210 2917 1222 2918 1210 2918 2657 2918 1131 2919 1128 2919 1130 2919 1130 2920 2658 2920 1132 2920 2652 2921 1218 2921 1217 2921 2651 2922 1218 2922 1215 2922 1217 2923 2659 2923 2652 2923 2652 2924 2659 2924 2656 2924 2659 2925 2660 2925 2656 2925 2656 2926 2660 2926 2654 2926 2660 2927 2661 2927 2654 2927 2654 2928 2661 2928 1191 2928 1191 2929 2661 2929 1197 2929 1191 2930 2662 2930 1211 2930 2662 2931 1191 2931 1193 2931 2663 2932 2664 2932 2665 2932 2666 2933 2663 2933 2667 2933 2663 2934 2666 2934 2668 2934 2667 2935 2669 2935 2670 2935 2670 2936 2666 2936 2667 2936 2671 2937 2672 2937 2669 2937 2670 2938 2669 2938 2672 2938 2673 2939 2671 2939 2674 2939 2671 2940 2673 2940 2672 2940 2674 2941 2675 2941 2676 2941 2676 2942 2673 2942 2674 2942 2677 2943 2678 2943 2675 2943 2676 2944 2675 2944 2678 2944 2679 2945 2677 2945 2680 2945 2677 2946 2679 2946 2678 2946 2680 2947 2681 2947 2682 2947 2682 2948 2679 2948 2680 2948 2683 2949 2684 2949 2681 2949 2682 2950 2681 2950 2684 2950 2664 2951 2663 2951 2668 2951 2664 2952 2668 2952 2685 2952 2686 2953 2687 2953 2688 2953 2664 2954 2685 2954 2689 2954 2690 2955 2691 2955 2692 2955 2689 2956 2685 2956 2693 2956 2694 2957 2695 2957 2696 2957 2685 2958 2697 2958 2693 2958 2698 2959 2699 2959 2694 2959 2697 2960 2700 2960 2693 2960 2699 2961 2698 2961 2701 2961 2697 2962 2702 2962 2700 2962 2703 2963 2701 2963 2704 2963 2705 2964 2702 2964 2697 2964 2706 2965 2704 2965 2707 2965 2702 2966 2705 2966 2708 2966 2709 2967 2710 2967 2707 2967 2711 2968 2712 2968 2713 2968 2714 2969 2715 2969 2707 2969 2716 2970 2717 2970 2718 2970 2719 2971 2720 2971 2718 2971 2715 2972 2721 2972 2722 2972 2711 2973 2705 2973 2712 2973 2711 2974 2708 2974 2705 2974 2723 2975 2724 2975 2713 2975 2713 2976 2712 2976 2723 2976 2719 2977 2718 2977 2724 2977 2723 2978 2719 2978 2724 2978 2716 2979 2718 2979 2720 2979 2725 2980 2726 2980 2717 2980 2725 2981 2717 2981 2716 2981 2727 2982 2717 2982 2715 2982 2726 2983 2715 2983 2717 2983 2728 2984 2729 2984 2715 2984 2715 2985 2729 2985 2727 2985 2730 2986 2731 2986 2715 2986 2715 2987 2731 2987 2728 2987 2715 2988 2722 2988 2730 2988 2715 2989 2714 2989 2732 2989 2721 2990 2715 2990 2732 2990 2696 2991 2695 2991 2691 2991 2714 2992 2707 2992 2733 2992 2707 2993 2734 2993 2735 2993 2733 2994 2707 2994 2735 2994 2736 2995 2707 2995 2710 2995 2734 2996 2707 2996 2736 2996 2737 2997 2707 2997 2738 2997 2737 2998 2709 2998 2707 2998 2704 2999 2738 2999 2707 2999 2704 3000 2706 3000 2703 3000 2704 3001 2701 3001 2698 3001 2698 3002 2694 3002 2696 3002 2690 3003 2692 3003 2739 3003 2691 3004 2695 3004 2692 3004 2739 3005 2687 3005 2740 3005 2690 3006 2739 3006 2740 3006 2686 3007 2688 3007 2741 3007 2739 3008 2688 3008 2687 3008 2742 3009 2741 3009 2665 3009 2688 3010 2665 3010 2741 3010 2664 3011 2742 3011 2665 3011 2743 3012 2744 3012 2745 3012 2746 3013 2747 3013 2748 3013 2747 3014 2746 3014 2749 3014 2748 3015 2750 3015 2751 3015 2751 3016 2746 3016 2748 3016 2752 3017 2753 3017 2750 3017 2751 3018 2750 3018 2753 3018 2754 3019 2752 3019 2755 3019 2752 3020 2754 3020 2753 3020 2755 3021 2743 3021 2745 3021 2745 3022 2754 3022 2755 3022 2756 3023 2757 3023 2758 3023 2744 3024 2759 3024 2760 3024 2761 3025 2762 3025 2763 3025 2764 3026 2765 3026 2766 3026 2767 3027 2768 3027 2769 3027 2770 3028 2771 3028 2772 3028 2773 3029 2774 3029 2775 3029 2776 3030 2777 3030 2778 3030 2777 3031 2779 3031 2780 3031 2772 3032 2780 3032 2779 3032 2779 3033 2777 3033 2776 3033 2771 3034 2780 3034 2772 3034 2773 3035 2775 3035 2770 3035 2775 3036 2771 3036 2770 3036 2764 3037 2774 3037 2765 3037 2774 3038 2773 3038 2765 3038 2768 3039 2766 3039 2769 3039 2764 3040 2766 3040 2768 3040 2767 3041 2763 3041 2762 3041 2769 3042 2763 3042 2767 3042 2761 3043 2757 3043 2756 3043 2761 3044 2756 3044 2762 3044 2760 3045 2759 3045 2758 3045 2760 3046 2758 3046 2757 3046 2759 3047 2744 3047 2743 3047 2781 3048 2782 3049 2783 3050 2784 3051 2785 3052 2786 3053 2787 3054 2788 3055 2789 3056 2790 3057 2791 3058 2792 3059 2793 3060 2794 3061 2795 3062 2796 3063 2797 3064 2798 3065 2799 3066 2800 3067 2801 3068 2802 3069 2803 3070 2804 3071 2805 3072 2806 3073 2807 3074 2808 3075 2809 3076 2810 3077 2811 3078 2812 3079 2813 3080 2814 3081 2815 3082 2816 3083 2817 3084 2818 3085 2819 3086 2820 3087 2821 3088 2822 3089 2823 3090 2824 3091 2825 3092 2826 3093 2827 3094 2828 3095 2829 3096 2830 3097 2831 3098 2832 3099 2833 3100 2834 3101 2835 3102 2828 3095 2836 3103 2837 3104 2838 3105 2839 3106 2838 3105 2837 3104 2834 3101 2840 3107 2841 3108 2839 3106 2839 3106 2838 3105 2840 3107 2842 3109 2841 3108 2843 3110 2840 3107 2843 3110 2841 3108 2842 3109 2844 3111 2845 3112 2844 3111 2842 3109 2843 3110 2846 3113 2847 3114 2845 3112 2845 3112 2844 3111 2846 3113 2848 3115 2847 3114 2849 3116 2846 3113 2849 3116 2847 3114 2848 3115 2850 3117 2851 3118 2850 3117 2848 3115 2849 3116 2852 3119 2853 3120 2851 3118 2851 3118 2850 3117 2852 3119 2782 3049 2853 3120 2854 3121 2852 3119 2854 3121 2853 3120 2783 3050 2782 3049 2854 3121 2835 3102 2833 3100 2832 3099 2837 3104 2832 3099 2834 3101 2828 3095 2827 3094 2836 3103 2835 3102 2836 3103 2833 3100 2829 3096 2831 3098 2826 3093 2826 3093 2831 3098 2827 3094 2820 3087 2830 3097 2821 3088 2821 3088 2830 3097 2829 3096 2824 3091 2822 3089 2825 3092 2824 3091 2820 3087 2822 3089 2823 3090 2814 3081 2816 3083 2823 3090 2825 3092 2814 3081 2815 3082 2818 3085 2817 3084 2816 3083 2815 3082 2817 3084 2810 3077 2809 3076 2819 3086 2818 3085 2810 3077 2819 3086 2811 3078 2813 3080 2808 3075 2808 3075 2813 3080 2809 3076 2855 3122 2812 3079 2811 3078 2855 3122 2803 3070 2802 3069 2802 3069 2812 3079 2855 3122 2804 3071 2806 3073 2805 3072 2804 3071 2803 3070 2806 3073 2807 3074 2796 3063 2798 3065 2805 3072 2807 3074 2798 3065 2799 3066 2801 3068 2797 3064 2796 3063 2799 3066 2797 3064 2792 3059 2791 3058 2800 3067 2800 3067 2791 3058 2801 3068 2794 3061 2790 3057 2795 3062 2795 3062 2790 3057 2792 3059 2784 3051 2793 3060 2785 3052 2784 3051 2794 3061 2793 3060 2786 3053 2787 3054 2789 3056 2786 3053 2785 3052 2787 3054 2788 3055 2781 3048 2856 3123 2789 3056 2788 3055 2856 3123 2783 3050 2856 3123 2781 3048</p>
        </triangles>
      </mesh>
    </geometry>
  </library_geometries>
  <library_visual_scenes>
    <visual_scene id="Scene" name="Scene">
      <node id="Object_015" name="Object.015" type="NODE">
        <matrix sid="transform">-0.9993399 -0.0256862 -0.02568598 -0.3186796 1.50896e-07 -0.7071066 0.7071069 0.02681194 -0.03632561 0.7066402 0.70664 -0.008141173 0 0 0 1</matrix>
        <instance_geometry url="#ID92_014-mesh" name="Object.015">
          <bind_material>
            <technique_common>
              <instance_material symbol="ID10_002-material" target="#ID10_002-material"/>
            </technique_common>
          </bind_material>
        </instance_geometry>
      </node>
    </visual_scene>
  </library_visual_scenes>
  <scene>
    <instance_visual_scene url="#Scene"/>
  </scene>
</COLLADA>