<?xml version="1.0" encoding="utf-8"?>
<COLLADA xmlns="http://www.collada.org/2005/11/COLLADASchema" version="1.4.1" xmlns:xsi="http://www.w3.org/2001/XMLSchema-instance">
  <asset>
    <contributor>
      <author>Blender User</author>
      <authoring_tool>Blender 2.93.6 commit date:2021-11-16, commit time:14:54, hash:c842a90e2fa1</authoring_tool>
    </contributor>
    <created>2023-07-05T11:41:05</created>
    <modified>2023-07-05T11:41:05</modified>
    <unit name="meter" meter="1"/>
    <up_axis>Z_UP</up_axis>
  </asset>
  <library_effects>
    <effect id="ID10_002-effect">
      <profile_COMMON>
        <technique sid="common">
          <lambert>
            <emission>
              <color sid="emission">0 0 0 1</color>
            </emission>
            <diffuse>
              <color sid="diffuse">1 1 1 1</color>
            </diffuse>
            <index_of_refraction>
              <float sid="ior">1.45</float>
            </index_of_refraction>
          </lambert>
        </technique>
      </profile_COMMON>
    </effect>
    <effect id="ID53_002-effect">
      <profile_COMMON>
        <technique sid="common">
          <lambert>
            <emission>
              <color sid="emission">0 0 0 1</color>
            </emission>
            <diffuse>
              <color sid="diffuse">0.498039 0.498039 0.498039 1</color>
            </diffuse>
            <index_of_refraction>
              <float sid="ior">1.45</float>
            </index_of_refraction>
          </lambert>
        </technique>
      </profile_COMMON>
    </effect>
  </library_effects>
  <library_images/>
  <library_materials>
    <material id="ID10_002-material" name="ID10.002">
      <instance_effect url="#ID10_002-effect"/>
    </material>
    <material id="ID53_002-material" name="ID53.002">
      <instance_effect url="#ID53_002-effect"/>
    </material>
  </library_materials>
  <library_geometries>
    <geometry id="ID254_001-mesh" name="ID254.001">
      <mesh>
        <source id="ID254_001-mesh-positions">
          <float_array id="ID254_001-mesh-positions-array" count="834">0.0008534863 0.0004383235 0.004704515 -0.01793709 -0.002246017 0.004704515 -0.01793709 0.0004383235 0.004704515 0.0008534863 -0.002246017 0.004704515 0.0008534863 0.0004383235 0.004704515 -0.01793709 0.0004383235 0.004704515 -0.01793709 0.0004383235 0.006046685 0.0008534863 0.0004383235 0.006046685 -0.01793709 0.0004383235 0.006046685 0.0008534863 -0.002246017 0.006046685 0.0008534863 0.0004383235 0.006046685 -0.01793709 -0.002246017 0.006046685 0.0008534863 -0.002246017 0.01208657 0.0008534863 -0.002246017 0.006046685 -0.01793709 -0.002246017 0.006046685 -0.01793709 -0.002246017 0.01208657 -0.01793709 -0.002246017 -0.00133529 0.0008534863 -0.002246017 0.004704515 0.0008534863 -0.002246017 -0.00133529 -0.01793709 -0.002246017 0.004704515 -0.01793709 -0.002246017 0.006046685 -0.01793709 -0.004587154 0.01208657 -0.01793709 -0.002246017 0.01208657 -0.01793709 0.0004383235 0.006046685 -0.01793709 0.0004383235 0.004704515 -0.01793709 -0.002246017 0.004704515 -0.01793709 -0.004754836 -0.00133529 -0.01793709 -0.002246017 -0.00133529 -0.01793709 -0.002246017 0.01208657 0.0008534863 -0.00400067 0.01208657 0.0008534863 -0.002246017 0.01208657 -0.01793709 -0.004587154 0.01208657 0.0008534863 -0.002246017 0.004704515 0.0008534863 -0.004168351 -0.00133529 0.0008534863 -0.002246017 -0.00133529 0.0008534863 0.0004383235 0.004704515 0.0008534863 0.0004383235 0.006046685 0.0008534863 -0.002246017 0.006046685 0.0008534863 -0.00400067 0.01208657 0.0008534863 -0.002246017 0.01208657 -0.01793709 -0.002246017 -0.00133529 0.0008534863 -0.004168351 -0.00133529 -0.01793709 -0.004754836 -0.00133529 0.0008534863 -0.002246017 -0.00133529 0.01698117 0.0004510475 0.1664381 0.03442962 -0.002245936 0.1664381 0.01699725 -0.003111303 0.1664381 -0.02196232 0.00276418 0.1664381 -0.01798005 0.005723083 0.1664381 -0.0005007836 0.003117143 0.1664381 -0.02196232 -0.0005361851 0.1664381 -0.0004739439 -0.003778669 0.1664381 -0.01793709 -0.004324993 0.1664381 -0.0179787 0.00675957 -0.1516603 -0.02196232 0.003864989 -0.04561401 -0.02196232 0.003805468 -0.1516603 -0.01798005 0.006472289 0.0603167 -0.02196232 0.003517946 0.06041869 -0.0179787 0.006817812 -0.04571602 -0.01798005 0.005723083 0.1664381 -0.02196232 0.00276418 0.1664381 -0.02196232 -0.0008663096 0.007403655 -0.02196232 0.003517946 0.06041869 -0.02196232 0.00276418 0.1664381 -0.02196232 -0.0008117899 -0.1516603 -0.02196232 0.003805468 -0.1516603 -0.02196232 0.003864989 -0.04561401 -0.02196232 -0.0005361851 0.1664381 -0.02196232 -0.0008663096 0.007403655 -0.01793709 -0.003456106 0.06367623 -0.01793709 -0.004587154 0.01208657 -0.01793709 -0.004596674 -0.1516603 -0.02196232 -0.0008117899 -0.1516603 -0.01793709 -0.004963317 -0.07617561 -0.01793709 -0.004754836 -0.00133529 -0.02196232 -0.0005361851 0.1664381 -0.01793709 -0.004324993 0.1664381 -0.01793709 -0.003368744 0.1151276 0.0008534863 -0.004168351 -0.00133529 -0.01793709 -0.004963317 -0.07617561 -0.01793709 -0.004754836 -0.00133529 0.02203856 -0.003179383 -0.1516603 0.00265866 -0.00394803 -0.1516603 0.02150568 -0.003284505 0.007473417 0.0008534863 -0.00400067 0.01208657 -0.01793709 -0.003456106 0.06367623 -0.01793709 -0.003368744 0.1151276 -0.01793709 -0.004596674 -0.1516603 0.01699725 -0.003111303 0.1664381 0.03798372 -0.002285457 0.1028721 0.04112038 -0.002233856 -0.1516603 0.04199823 -0.002278096 -0.0879869 0.04176734 -0.002301457 -0.02434034 0.04042918 -0.002303937 0.03927925 0.03442962 -0.002245936 0.1664381 -0.0004739439 -0.003778669 0.1664381 0.001732572 -0.00403579 0.007473417 -0.01793709 -0.004324993 0.1664381 -0.01793709 -0.004587154 0.01208657 0.02138487 0.0008132502 -0.1516603 0.04199823 -0.002278096 -0.0879869 0.02180496 0.0008215315 -0.04555226 0.001602412 0.003900029 -0.04555226 0.02055407 0.0006659183 0.06048046 0.00133533 0.003594747 0.06048046 -0.01798005 0.005723083 0.1664381 -0.0005007836 0.003117143 0.1664381 0.04042918 -0.002303937 0.03927925 0.01698117 0.0004510475 0.1664381 0.03798372 -0.002285457 0.1028721 0.03442962 -0.002245936 0.1664381 0.04176734 -0.002301457 -0.02434034 0.003041222 0.003623227 -0.1516603 0.04112038 -0.002233856 -0.1516603 -0.0179787 0.006817812 -0.04571602 -0.0179787 0.00675957 -0.1516603 -0.01798005 0.006472289 0.0603167 -0.01525138 0.00149681 -0.1449493 -0.01336962 0.00272594 -0.1449493 -0.01357906 0.00279794 -0.1449493 -0.01444739 0.00272594 -0.1449493 -0.01481787 0.002484259 -0.1449493 -0.01496818 0.002321217 -0.1449493 -0.01464339 0.00262042 -0.1449493 -0.01508899 0.002135615 -0.1449493 -0.01423802 0.00279794 -0.1449493 -0.01517891 0.001932655 -0.1449493 -0.01401922 0.002834421 -0.1449493 -0.01379778 0.002834421 -0.1449493 -0.01523259 0.001717693 -0.1449493 -0.01508899 0.0008578779 -0.1449493 -0.01299922 0.002484259 -0.1449493 -0.01517755 0.001060924 -0.1449493 -0.01523259 0.001275875 -0.1449493 -0.01317506 0.00262042 -0.1449493 -0.01285026 0.002321217 -0.1449493 -0.01496818 0.0006722802 -0.1449493 -0.0127281 0.002135615 -0.1449493 -0.01444739 0.0002675704 -0.1449493 -0.01256705 0.00149681 -0.1449493 -0.01258449 0.001717693 -0.1449493 -0.01481787 0.0005091776 -0.1449493 -0.01464203 0.0003730395 -0.1449493 -0.01263946 0.001932655 -0.1449493 -0.01263946 0.001061246 -0.1449493 -0.01379778 0.0001593096 -0.1449493 -0.0127281 0.0008583074 -0.1449493 -0.01258449 0.001275875 -0.1449493 -0.01423802 0.000195656 -0.1449493 -0.01401922 0.0001592291 -0.1449493 -0.01299922 0.0005096608 -0.1449493 -0.01336962 0.0002679194 -0.1449493 -0.0131737 0.0003734825 -0.1449493 -0.0128489 0.0006727634 -0.1449493 -0.01357906 0.0001958708 -0.1449493 -0.01358033 0.000195656 -0.1516603 -0.01379778 0.0001592291 -0.1516603 0.00265866 -0.00394803 -0.1516603 -0.02196232 0.003805468 -0.1516603 -0.01464339 0.00262042 -0.1516603 -0.01444739 0.00272594 -0.1516603 -0.01258449 0.001717693 -0.1516603 -0.01256705 0.00149681 -0.1516603 0.003041222 0.003623227 -0.1516603 -0.0127281 0.002135615 -0.1516603 -0.01263946 0.001932655 -0.1516603 0.02203856 -0.003179383 -0.1516603 0.02138487 0.0008132502 -0.1516603 0.04112038 -0.002233856 -0.1516603 -0.01523259 0.001717693 -0.1516603 -0.01525138 0.00149681 -0.1516603 -0.02196232 -0.0008117899 -0.1516603 -0.01357906 0.00279794 -0.1516603 -0.01336962 0.00272594 -0.1516603 -0.01508899 0.002135615 -0.1516603 -0.01517891 0.001932655 -0.1516603 -0.01379778 0.002834421 -0.1516603 -0.0179787 0.00675957 -0.1516603 -0.01481787 0.002484259 -0.1516603 -0.01496818 0.002321217 -0.1516603 -0.01423802 0.00279794 -0.1516603 -0.01401922 0.002834421 -0.1516603 -0.01299922 0.002484259 -0.1516603 -0.01317506 0.00262042 -0.1516603 -0.01285026 0.002321217 -0.1516603 -0.01258449 0.001275875 -0.1516603 -0.01402058 0.0001593096 -0.1516603 -0.01263946 0.001060924 -0.1516603 -0.0127281 0.0008578779 -0.1516603 -0.01285026 0.0006722802 -0.1516603 -0.01300058 0.0005091776 -0.1516603 -0.01317506 0.0003730395 -0.1516603 -0.01336962 0.0002675704 -0.1516603 -0.01793709 -0.004596674 -0.1516603 -0.01444874 0.0002679194 -0.1516603 -0.01423939 0.0001958708 -0.1516603 -0.01481787 0.0005096608 -0.1516603 -0.01464339 0.0003734825 -0.1516603 -0.01508899 0.0008583074 -0.1516603 -0.01496818 0.0006727634 -0.1516603 -0.01523259 0.001275875 -0.1516603 -0.01517891 0.001061246 -0.1516603 -0.01523259 0.001717693 -0.1449493 -0.01525138 0.00149681 -0.1516603 -0.01525138 0.00149681 -0.1449493 -0.01496818 0.002321217 -0.1449493 -0.01508899 0.002135615 -0.1516603 -0.01508899 0.002135615 -0.1449493 -0.01517891 0.001932655 -0.1449493 -0.01517891 0.001932655 -0.1516603 -0.01523259 0.001717693 -0.1516603 -0.01464339 0.00262042 -0.1516603 -0.01464339 0.00262042 -0.1449493 -0.01444739 0.00272594 -0.1449493 -0.01496818 0.002321217 -0.1516603 -0.01481787 0.002484259 -0.1449493 -0.01481787 0.002484259 -0.1516603 -0.01401922 0.002834421 -0.1449493 -0.01379778 0.002834421 -0.1449493 -0.01401922 0.002834421 -0.1516603 -0.01423802 0.00279794 -0.1449493 -0.01423802 0.00279794 -0.1516603 -0.01444739 0.00272594 -0.1516603 -0.01317506 0.00262042 -0.1449493 -0.01336962 0.00272594 -0.1516603 -0.01336962 0.00272594 -0.1449493 -0.01357906 0.00279794 -0.1516603 -0.01379778 0.002834421 -0.1516603 -0.01357906 0.00279794 -0.1449493 -0.01285026 0.002321217 -0.1516603 -0.01285026 0.002321217 -0.1449493 -0.0127281 0.002135615 -0.1449493 -0.01317506 0.00262042 -0.1516603 -0.01299922 0.002484259 -0.1449493 -0.01299922 0.002484259 -0.1516603 -0.01258449 0.001717693 -0.1449493 -0.01256705 0.00149681 -0.1449493 -0.01258449 0.001717693 -0.1516603 -0.01263946 0.001932655 -0.1449493 -0.01263946 0.001932655 -0.1516603 -0.0127281 0.002135615 -0.1516603 -0.0127281 0.0008583074 -0.1449493 -0.01263946 0.001060924 -0.1516603 -0.01263946 0.001061246 -0.1449493 -0.01258449 0.001275875 -0.1516603 -0.01256705 0.00149681 -0.1516603 -0.01258449 0.001275875 -0.1449493 -0.01300058 0.0005091776 -0.1516603 -0.01299922 0.0005096608 -0.1449493 -0.0131737 0.0003734825 -0.1449493 -0.0127281 0.0008578779 -0.1516603 -0.0128489 0.0006727634 -0.1449493 -0.01285026 0.0006722802 -0.1516603 -0.01357906 0.0001958708 -0.1449493 -0.01379778 0.0001593096 -0.1449493 -0.01358033 0.000195656 -0.1516603 -0.01336962 0.0002679194 -0.1449493 -0.01336962 0.0002675704 -0.1516603 -0.01317506 0.0003730395 -0.1516603 -0.01401922 0.0001592291 -0.1449493 -0.01423802 0.000195656 -0.1449493 -0.01402058 0.0001593096 -0.1516603 -0.01379778 0.0001592291 -0.1516603 -0.01423939 0.0001958708 -0.1516603 -0.01444739 0.0002675704 -0.1449493 -0.01464203 0.0003730395 -0.1449493 -0.01444874 0.0002679194 -0.1516603 -0.01481787 0.0005091776 -0.1449493 -0.01464339 0.0003734825 -0.1516603 -0.01481787 0.0005096608 -0.1516603 -0.01496818 0.0006722802 -0.1449493 -0.01508899 0.0008578779 -0.1449493 -0.01496818 0.0006727634 -0.1516603 -0.01517755 0.001060924 -0.1449493 -0.01508899 0.0008583074 -0.1516603 -0.01517891 0.001061246 -0.1516603 -0.01523259 0.001275875 -0.1449493 -0.01523259 0.001275875 -0.1516603</float_array>
          <technique_common>
            <accessor source="#ID254_001-mesh-positions-array" count="278" stride="3">
              <param name="X" type="float"/>
              <param name="Y" type="float"/>
              <param name="Z" type="float"/>
            </accessor>
          </technique_common>
        </source>
        <source id="ID254_001-mesh-normals">
          <float_array id="ID254_001-mesh-normals-array" count="510">0 0 1 0 -1 0 0 0 -1 1 0 0 1 -8.02641e-7 0 -1 0 0 -1 -3.17502e-7 0 0 0 1 -2.53226e-6 0 1 1.6845e-6 0 1 -3.83453e-7 0 1 -0.5956508 0.8032435 -4.51083e-4 -0.5957676 0.8031464 0.004120051 -0.5954586 0.8033853 0.001068115 -0.5957332 0.8031716 0.004181087 -0.5963758 0.8026856 0.005646049 -0.5954885 0.8033639 -4.41717e-4 -0.5954586 0.8033853 0.001098632 -1 -5.59476e-7 0 -0.6886266 -0.724942 0.01589405 -0.6850206 -0.7285152 -0.003538429 -0.6865319 -0.727092 -0.003357112 -0.7145746 -0.6995592 -2.44153e-4 -0.6842895 -0.729152 0.009247124 -0.6911019 -0.72275 0.0032655 -0.5624081 -0.8268571 0.00213629 -0.6783512 -0.7346287 -0.01266545 -0.6844679 -0.7289862 0.009105741 -0.6853399 -0.7280974 -0.01355051 -0.5678427 -0.8231368 8.8506e-4 0.03839308 -0.9992578 0.003143429 0.03119075 -0.9995097 0.002777218 0.04352062 -0.9990521 -9.46101e-4 0.04428344 -0.9990187 -8.5454e-4 0.04449665 -0.9990084 0.001556456 0.03689754 -0.9993163 -0.002349913 -0.01403892 -0.9998771 0.006988942 -0.02075314 -0.9997844 -8.24023e-4 -0.01812815 -0.999828 0.003936886 0.03147572 -0.9994928 -0.004854559 0.04693853 -0.9988948 0.002472043 0.04349005 -0.9990504 0.002655148 0.04947173 -0.9987747 -0.00137335 0.04706048 -0.998892 -5.49345e-4 0.04846411 -0.998825 0 0.04849445 -0.9988217 0.001922667 0.04956287 -0.9987653 0.00338757 0.02832138 -0.9995802 -0.006134212 0.03033584 -0.9994973 0.009216725 0.02561694 -0.9995939 0.01248991 0.03125125 -0.9993383 -0.01861643 0.0311923 -0.9992733 0.0219087 0.1517704 0.9884154 -9.46086e-4 0.1516167 0.9884386 0.001281738 0.1510067 0.9885327 -4.883e-4 0.1489924 0.9888375 0.001342773 0.1489951 0.9888247 0.005127191 0.1516193 0.9884254 0.005188226 0.1474354 0.989047 0.006988704 0.1490874 0.9887991 0.00701946 0.1517098 0.9884181 0.003753781 0.151498 0.9884301 0.007385671 0.1527473 0.9882338 0.00790435 0.1508884 0.9885266 0.006927907 0.1517998 0.9884078 0.002655088 0.1494536 0.9887686 -6.10389e-4 0.1525638 0.9882927 -0.001403868 0.1473854 0.989079 -5.43821e-4 0.1475734 0.989051 -5.79269e-4 0.1473448 0.9890844 0.001312255 0.1472834 0.9890815 0.005066096 -1.25132e-5 0 -1 -2.77334e-4 0 -1 1.15119e-4 0 -1 -4.61182e-5 0 -1 -9.58777e-5 0 -1 -8.44802e-5 0 -1 -7.18203e-5 0 -1 1.68306e-4 0 -1 1.06344e-4 0 -1 1.89105e-5 0 -1 5.07886e-5 0 -1 -5.47599e-5 0 -1 4.47855e-5 0 -1 -3.31955e-5 0 -1 1.26946e-5 0 -1 5.97279e-5 0 -1 -7.0258e-5 0 -1 -3.26238e-6 0 -1 1.34642e-6 0 -1 -1.02394e-6 0 -1 3.43602e-5 0 -1 -1.69203e-6 0 -1 -1.91469e-5 0 -1 -1.26169e-5 0 -1 -1.51109e-6 0 -1 -4.43626e-6 0 -1 3.41803e-5 0 -1 2.72333e-6 0 -1 1.45755e-5 0 -1 1.71911e-6 0 -1 4.70524e-6 0 -1 -1.5141e-5 0 -1 -1.6234e-5 0 -1 -9.22317e-7 0 -1 1.77313e-5 0 -1 0 0 -1 2.83212e-6 0 -1 -9.13509e-6 0 -1 3.01227e-6 0 -1 3.41599e-5 0 -1 1.62924e-5 0 -1 -1.63305e-5 0 -1 -7.20755e-6 0 -1 3.43502e-5 0 -1 0.9864483 -0.1640723 0 0.789464 -0.613797 0 0.8790117 -0.4768002 0 0.9457473 -0.3249033 0 0.5465675 -0.837415 0 0.4008989 -0.9161224 0 0.6775027 -0.7355203 0 0.6775193 -0.7355052 0 0.08249235 -0.9965918 0 -0.08252263 -0.9965893 0 0.245615 -0.9693675 0 -0.5462343 -0.8376325 0 -0.4022129 -0.9155463 0 -0.245615 -0.9693675 0 -0.7892915 -0.6140188 0 -0.8791093 -0.4766203 0 -0.6777895 -0.7352561 0 -0.986469 -0.1639486 0 -0.945694 -0.3250585 0 -0.8802849 0.4744456 0 -0.9456312 0.325241 0 -0.9457159 0.3249945 0 -0.9864739 0.1639189 0 -0.9864434 0.164102 0 -0.6775027 0.7355203 6.1039e-5 -0.5467164 0.8373178 3.05189e-5 -0.677551 0.735476 6.10379e-5 -0.8791615 0.476524 3.0519e-5 -0.7879402 0.6157519 9.15571e-5 -0.7894377 0.6138308 3.05191e-5 -0.2459235 0.9692893 0 -0.2448831 0.9695527 0 -0.0828889 0.9965589 0 -0.4011742 0.9160017 0 -0.5476588 0.8367018 0 -0.4011486 0.916013 0 0.08218669 0.996617 0 0.08285856 0.9965614 0 0.245371 0.9694292 0 -0.08270698 0.996574 0 0.2459523 0.969282 0 0.4020256 0.9156284 -3.05189e-5 0.5461421 0.8376925 -3.05193e-5 0.4024512 0.9154415 0 0.5478783 0.8365581 0 0.6761834 0.7367334 0 0.6775662 0.7354619 3.05196e-5 0.7894903 0.6137632 3.05188e-5 0.8803299 0.4743618 3.05193e-5 0.789464 0.613797 3.05189e-5 0.8789989 0.4768238 -3.05187e-5 0.945694 0.3250585 -6.10381e-5 0.9456626 0.3251497 -6.10381e-5 0.9859827 0.1668483 -6.10383e-5 0.9864236 0.1642208 0</float_array>
          <technique_common>
            <accessor source="#ID254_001-mesh-normals-array" count="170" stride="3">
              <param name="X" type="float"/>
              <param name="Y" type="float"/>
              <param name="Z" type="float"/>
            </accessor>
          </technique_common>
        </source>
        <vertices id="ID254_001-mesh-vertices">
          <input semantic="POSITION" source="#ID254_001-mesh-positions"/>
        </vertices>
        <triangles material="ID10_002-material" count="252">
          <input semantic="VERTEX" source="#ID254_001-mesh-vertices" offset="0"/>
          <input semantic="NORMAL" source="#ID254_001-mesh-normals" offset="1"/>
          <p>0 0 2 0 1 0 1 0 3 0 0 0 4 1 6 1 5 1 4 1 7 1 6 1 8 2 10 2 9 2 9 2 11 2 8 2 12 1 14 1 13 1 14 1 12 1 15 1 16 1 18 1 17 1 16 1 17 1 19 1 20 3 22 3 21 3 20 3 24 3 23 3 20 3 21 3 25 3 21 4 26 4 25 4 20 3 25 3 24 3 25 3 26 3 27 3 28 2 30 2 29 2 29 2 31 2 28 2 32 5 34 5 33 5 32 5 36 5 35 5 32 6 33 6 37 6 33 5 38 5 37 5 32 5 37 5 36 5 37 5 38 5 39 5 40 7 42 7 41 7 41 0 43 0 40 0 44 8 46 8 45 8 47 0 49 0 48 0 47 0 50 0 49 0 49 0 51 0 44 0 46 9 44 9 51 9 51 0 49 0 50 0 50 10 52 10 51 10 53 11 55 11 54 11 56 12 58 13 57 14 59 15 56 12 60 15 56 12 57 14 60 15 53 16 54 16 58 16 57 14 58 13 54 17 61 5 63 5 62 5 64 5 66 5 65 5 63 5 61 5 67 5 62 5 66 5 61 5 61 18 66 18 64 18 68 19 70 19 69 19 71 20 73 20 72 20 72 21 73 22 68 23 68 23 73 22 74 24 68 23 69 25 75 26 68 27 74 27 70 27 76 28 75 26 77 29 75 26 69 25 77 29 78 30 80 31 79 32 81 33 83 34 82 35 84 36 86 37 85 38 87 39 82 39 79 39 83 34 89 40 88 41 90 42 91 43 81 33 79 32 82 35 78 30 92 44 83 34 91 43 89 40 83 34 93 45 93 45 83 34 92 44 94 46 88 41 89 40 95 47 84 36 96 48 84 49 78 49 96 49 97 50 86 37 95 47 84 36 95 47 86 37 98 51 84 51 85 51 83 34 78 30 82 35 88 41 95 47 83 34 96 48 83 34 95 47 83 34 96 48 78 30 81 33 91 43 83 34 99 52 101 53 100 54 102 55 104 56 103 57 105 58 106 59 104 56 103 57 107 60 101 53 108 61 110 62 109 63 103 57 109 63 107 60 101 53 111 64 100 54 108 61 109 63 103 57 99 52 112 65 101 53 101 53 107 60 111 64 100 54 113 66 99 52 114 67 102 67 115 67 102 68 112 68 115 68 102 55 114 69 104 56 114 69 116 70 104 56 108 61 103 57 104 56 103 57 101 53 102 55 112 65 102 55 101 53 105 58 104 56 116 70 104 56 106 59 108 61 117 71 119 71 118 71 120 2 122 2 121 2 121 2 123 2 120 2 122 2 125 2 124 2 125 72 122 72 120 72 126 2 124 2 127 2 125 73 127 73 124 73 128 2 129 2 126 2 126 2 127 2 128 2 129 2 119 2 117 2 119 2 129 2 128 2 130 74 132 74 131 74 118 2 134 2 133 2 135 2 137 2 136 2 138 2 140 2 139 2 141 75 143 75 142 75 144 76 146 76 145 76 147 77 149 77 148 77 150 2 152 2 151 2 151 2 154 2 153 2 146 78 153 78 154 78 153 2 150 2 151 2 145 2 146 2 154 2 147 79 144 79 149 79 149 2 144 2 145 2 138 2 139 2 148 2 148 80 139 80 147 80 142 81 143 81 140 81 138 82 142 82 140 82 141 83 136 83 137 83 143 2 141 2 137 2 135 2 130 2 131 2 135 84 136 84 130 84 134 85 132 85 133 85 134 2 131 2 132 2 133 86 117 86 118 86 155 87 157 87 156 87 158 88 160 88 159 88 161 2 163 2 162 2 163 2 165 2 164 2 157 89 167 89 166 89 167 90 168 90 166 90 169 91 170 91 158 91 158 92 170 92 171 92 172 93 163 93 173 93 174 2 175 2 158 2 158 94 175 94 169 94 176 95 177 95 163 95 178 2 179 2 158 2 158 96 179 96 174 96 160 97 158 97 180 97 158 98 159 98 178 98 158 2 176 2 181 2 180 2 158 2 181 2 158 2 177 2 176 2 163 99 172 99 176 99 182 2 183 2 163 2 163 100 183 100 173 100 164 2 184 2 163 2 163 101 184 101 182 101 165 102 163 102 161 102 185 2 162 2 163 2 156 2 171 2 186 2 187 103 185 103 163 103 163 104 167 104 188 104 188 105 187 105 163 105 167 2 190 2 189 2 188 2 167 2 189 2 157 106 191 106 167 106 190 107 167 107 191 107 155 2 192 2 157 2 157 108 192 108 191 108 157 2 193 2 156 2 171 109 156 109 193 109 194 110 195 110 171 110 171 111 195 111 186 111 196 2 197 2 171 2 171 112 197 112 194 112 198 2 199 2 171 2 171 113 199 113 196 113 200 2 201 2 171 2 171 2 201 2 198 2 170 114 200 114 171 114 202 115 204 3 203 3 205 116 207 117 206 117 208 118 210 115 209 118 211 119 213 120 212 119 214 116 216 121 215 122 217 123 219 123 218 124 220 125 222 120 221 125 223 126 225 127 224 127 226 128 228 128 227 124 229 129 231 130 230 129 232 126 234 131 233 131 235 132 237 132 236 5 238 133 240 130 239 133 241 134 243 135 242 136 244 137 246 138 245 5 247 139 249 140 248 141 250 142 252 143 251 144 253 145 255 146 254 147 256 148 258 149 257 150 259 151 261 152 260 153 261 152 259 151 262 154 263 155 264 156 260 153 260 153 261 152 263 155 265 157 264 156 266 158 263 155 266 158 264 156 265 157 268 159 267 160 268 159 265 157 266 158 269 161 270 162 267 160 267 160 268 159 269 161 271 163 270 162 272 164 269 161 272 164 270 162 271 163 274 165 273 166 274 165 271 163 272 164 275 167 276 168 273 166 273 166 274 165 275 167 204 3 276 168 277 169 275 167 277 169 276 168 203 3 204 3 277 169 262 154 254 147 255 146 259 151 254 147 262 154 256 148 257 150 253 145 253 145 257 150 255 146 247 139 258 149 249 140 249 140 258 149 256 148 252 143 248 141 251 144 252 143 247 139 248 141 250 142 241 134 242 136 250 142 251 144 241 134 243 135 246 138 244 137 242 136 243 135 244 137 236 5 237 132 245 5 246 138 236 5 245 5 238 133 239 133 235 132 235 132 239 133 237 132 229 129 240 130 231 130 231 130 240 130 238 133 234 131 229 129 230 129 232 126 233 131 223 126 234 131 230 129 233 131 224 127 225 127 226 128 232 126 223 126 224 127 228 128 218 124 227 124 225 127 228 128 226 128 217 123 221 125 219 123 218 124 219 123 227 124 213 120 222 120 220 125 220 125 221 125 217 123 216 121 211 119 212 119 211 119 222 120 213 120 214 116 215 122 205 116 216 121 212 119 215 122 206 117 207 117 209 118 214 116 205 116 206 117 208 118 202 115 210 115 207 117 208 118 209 118 203 3 210 115 202 115</p>
        </triangles>
      </mesh>
    </geometry>
    <geometry id="ID47_001-mesh" name="ID47.001">
      <mesh>
        <source id="ID47_001-mesh-positions">
          <float_array id="ID47_001-mesh-positions-array" count="3306">0.00134217 -0.006039805 0.0006710938 0.00134217 -0.006039805 -0.0006710938 0.0002659128 -0.001196607 -0.0006710938 0.0002659128 -0.001196607 0.0006710938 0.01878982 -0.003355545 0.0006710938 0.00134217 -0.006039805 -0.0006710938 0.00134217 -0.006039805 0.0006710938 0.01878982 -0.003355545 -0.0006710938 -0.0002763148 -0.0006806568 -0.0006710938 0.01811949 -0.0006710938 -0.0006710938 -0.0003892008 -0.0006710938 -0.0006710938 0.0002659128 -0.001196607 -0.0006710938 0.01873558 -0.002956422 -0.0006710938 0.01866749 -0.002560659 -0.0006710938 -6.331823e-05 -0.0007555294 -0.0006710938 -0.0001666447 -0.0007090709 -0.0006710938 3.072133e-05 -0.0008187062 -0.0006710938 0.0001127938 -0.0008968014 -0.0006710938 0.0001805605 -0.0009875896 -0.0006710938 0.0002320897 -0.001088483 -0.0006710938 0.00134217 -0.006039805 -0.0006710938 0.01878982 -0.003355545 -0.0006710938 0.01858566 -0.002168336 -0.0006710938 0.01848998 -0.001779373 -0.0006710938 0.01838053 -0.00139385 -0.0006710938 0.01825717 -0.001011745 -0.0006710938 0.01812014 -0.0006329958 -0.0006710938 -6.331823e-05 -0.0007555294 0.0006710938 -0.0001666447 -0.0007090709 0.0006710938 0.01811949 -0.0006710938 0.0006710938 0.0002320897 -0.001088483 0.0006710938 0.0001805605 -0.0009875896 0.0006710938 0.0002659128 -0.001196607 0.0006710938 0.01825717 -0.001011745 0.0006710938 0.01838053 -0.00139385 0.0006710938 3.072133e-05 -0.0008187062 0.0006710938 0.0001127938 -0.0008968014 0.0006710938 -0.0002763148 -0.0006806568 0.0006710938 0.01812014 -0.0006329958 0.0006710938 -0.0003892008 -0.0006710938 0.0006710938 0.01848998 -0.001779373 0.0006710938 0.01858566 -0.002168336 0.0006710938 0.01866749 -0.002560659 0.0006710938 0.01873558 -0.002956422 0.0006710938 0.00134217 -0.006039805 0.0006710938 0.01878982 -0.003355545 0.0006710938 0.0001805605 -0.0009875896 -0.0006710938 0.0001805605 -0.0009875896 0.0006710938 0.0002320897 -0.001088483 0.0006710938 0.0002659128 -0.001196607 0.0006710938 0.0002659128 -0.001196607 -0.0006710938 0.0002320897 -0.001088483 -0.0006710938 3.072133e-05 -0.0008187062 0.0006710938 -6.331823e-05 -0.0007555294 -0.0006710938 -6.331823e-05 -0.0007555294 0.0006710938 3.072133e-05 -0.0008187062 -0.0006710938 0.0001127938 -0.0008968014 0.0006710938 0.0001127938 -0.0008968014 -0.0006710938 -0.0001666447 -0.0007090709 0.0006710938 -0.0002763148 -0.0006806568 -0.0006710938 -0.0002763148 -0.0006806568 0.0006710938 -0.0001666447 -0.0007090709 -0.0006710938 -0.0003892008 -0.0006710938 0.0006710938 -0.0003892008 -0.0006710938 -0.0006710938 0.01858566 -0.002168336 0.0006710938 0.01848998 -0.001779373 -0.0006710938 0.01858566 -0.002168336 -0.0006710938 0.01866749 -0.002560659 -0.0006710938 0.01866749 -0.002560659 0.0006710938 0.01873558 -0.002956422 -0.0006710938 0.01873558 -0.002956422 0.0006710938 0.01878982 -0.003355545 0.0006710938 0.01878982 -0.003355545 -0.0006710938 0.01848998 -0.001779373 0.0006710938 0.01838053 -0.00139385 -0.0006710938 0.01838053 -0.00139385 0.0006710938 0.01825717 -0.001011745 0.0006710938 0.01825717 -0.001011745 -0.0006710938 0.01812014 -0.0006329958 -0.0006710938 0.01812014 -0.0006329958 0.0006710938 0.01811949 -0.0006710938 0.006710931 -0.0003892008 -0.0006710938 0.0006710938 -0.0006710938 -0.0006710938 0.006710931 -0.0006710938 -0.0006710938 -0.006710931 -0.0003892008 -0.0006710938 -0.0006710938 0.01811949 -0.0006710938 -0.0006710938 0.01811949 -0.0006710938 -0.006710931 0.01811949 -0.0006710938 0.0006710938 0.01811949 0.0006710938 0.006710931 0.01811949 0.0006710938 -0.006710931 0.01812014 -0.0006329958 0.0006710938 0.01811949 -0.0006710938 0.006710931 0.01811949 -0.0006710938 -0.006710931 0.01811949 -0.0006710938 -0.0006710938 0.01812014 -0.0006329958 -0.0006710938 0.01811949 -0.0006710938 0.0006710938 -0.0006710938 -0.0006710938 0.006710931 -0.0006710938 0.0006710938 0.006710931 0.01811949 0.0006710938 0.006710931 0.01811949 -0.0006710938 0.006710931 -0.0006710938 -0.0006710938 -0.006710931 -0.0006710938 0.0006710938 -0.006710931 -0.0006710938 0.0006710938 0.006710931 -0.0006710938 -0.0006710938 0.006710931 0.01811949 0.0006710938 -0.006710931 -0.0006710938 0.0006710938 -0.006710931 -0.0006710938 -0.0006710938 -0.006710931 0.01811949 -0.0006710938 -0.006710931 -0.0006710938 0.0006710938 0.006710931 -0.0006710938 0.0006710938 -0.006710931 0 0.0006710938 0.0009395313 0 0.0006710938 -0.0009395313 0.01811949 0.0006710938 -0.006710931 0.01751109 0.0006710938 -0.0009395313 0.01811949 0.0006710938 0.006710931 0.01751109 0.0006710938 0.0009395313 0.01750917 0.0006742559 0.0008984187 0 0.0006710938 0.0009395313 0 0.0006743982 0.0008975382 0 0.0007223613 0.0007817477 0.01748453 0.0007188273 0.0007868588 0 0.0007003521 0.0008176633 0 0.0006842324 0.00085658 0.01749564 0.0006986475 0.0008210496 0.01750396 0.0006835895 0.0008585584 0.0174374 0.0008017074 0.0007090817 0 0.0007817477 0.0007223613 0 0.0008176633 0.0007003521 0.01747085 0.000743231 0.0007564636 0 0.0007497178 0.0007497178 0.01745508 0.0007711055 0.0007304453 0.01739884 0.0008687241 0.0006805038 0 0.00085658 0.0006842324 0 0.0008975382 0.0006743982 0.0174186 0.000834442 0.0006924211 0 0.0009395313 0.0006710938 0.01737844 0.0009039418 0.0006735164 0.01735765 0.0009395313 0.0006710938 0.01751109 0.0006710938 0.0009395313 0.0002979012 0.01520195 0.0006710938 0.01543516 0.003355465 -0.0006710938 0.01543516 0.003355465 0.0006710938 0.0002979012 0.01520195 -0.0006710938 3.904746e-07 0.01552651 -0.0006710938 3.904746e-07 0.01552651 0.0006710938 -7.31919e-05 0.01565427 0.0006710938 -0.0001323102 0.01578947 0.0006710938 -0.0001323102 0.01578947 -0.0006710938 -7.31919e-05 0.01565427 -0.0006710938 0.0001868983 0.01529915 0.0006710938 0.0001868983 0.01529915 -0.0006710938 0.0002979012 0.01520195 -0.0006710938 8.751935e-05 0.01540763 0.0006710938 8.751935e-05 0.01540763 -0.0006710938 0.0002979012 0.01520195 0.0006710938 -0.002891701 0.02318049 0.0006710938 -0.0001323102 0.01578947 -0.0006710938 -0.0001323102 0.01578947 0.0006710938 -0.002891701 0.02318049 -0.0006710938 -0.0080431 0.02237688 0.0006710938 -0.008053101 0.02214608 0.0006710938 -0.008053101 0.02214608 -0.0006710938 -0.00789646 0.02304945 0.0006710938 -0.00796438 0.02283033 0.0006710938 -0.00796438 0.02283033 -0.0006710938 -0.008013661 0.02260457 0.0006710938 -0.0080431 0.02237688 -0.0006710938 -0.008013661 0.02260457 -0.0006710938 -0.007705098 0.02346785 -0.0006710938 -0.007582698 0.02366393 0.0006710938 -0.007705098 0.02346785 0.0006710938 -0.00789646 0.02304945 -0.0006710938 -0.007809339 0.02326353 -0.0006710938 -0.007809339 0.02326353 0.0006710938 -0.007290934 0.02401977 0.0006710938 -0.007290934 0.02401977 -0.0006710938 -0.007123894 0.02417705 0.0006710938 -0.007445016 0.02384753 0.0006710938 -0.007582698 0.02366393 -0.0006710938 -0.007445016 0.02384753 -0.0006710938 -0.006548209 0.02455745 0.0006710938 -0.00675125 0.02444698 0.0006710938 -0.00675125 0.02444698 -0.0006710938 -0.006942692 0.0243205 -0.0006710938 -0.006942692 0.0243205 0.0006710938 -0.007123894 0.02417705 -0.0006710938 -0.006119087 0.0247233 -0.0006710938 -0.005896204 0.0247781 0.0006710938 -0.006119087 0.0247233 0.0006710938 -0.006548209 0.02455745 -0.0006710938 -0.006337968 0.02464938 -0.0006710938 -0.006337968 0.02464938 0.0006710938 -0.005439 0.02482946 0.0006710938 -0.005439 0.02482946 -0.0006710938 -0.005207879 0.02482562 0.0006710938 -0.005667882 0.02481362 0.0006710938 -0.005896204 0.0247781 -0.0006710938 -0.005667882 0.02481362 -0.0006710938 -0.004531794 0.02469659 0.0006710938 -0.004752596 0.02475874 0.0006710938 -0.004752596 0.02475874 -0.0006710938 -0.004979638 0.02480211 -0.0006710938 -0.004979638 0.02480211 0.0006710938 -0.005207879 0.02482562 -0.0006710938 -0.004108511 0.02451626 -0.0006710938 -0.003909309 0.0243989 0.0006710938 -0.004108511 0.02451626 0.0006710938 -0.004531794 0.02469659 -0.0006710938 -0.004315472 0.02461514 -0.0006710938 -0.004315472 0.02461514 0.0006710938 -0.003722188 0.02426617 0.0006710938 -0.003909309 0.0243989 -0.0006710938 -0.003722188 0.02426617 -0.0006710938 -0.003545947 0.02411665 0.0006710938 -0.003545947 0.02411665 -0.0006710938 -0.003384345 0.02395386 0.0006710938 -0.003236185 0.02377641 0.0006710938 -0.003384345 0.02395386 -0.0006710938 -0.003236185 0.02377641 -0.0006710938 -0.003104743 0.02358833 0.0006710938 -0.003104743 0.02358833 -0.0006710938 -0.002989862 0.0233897 0.0006710938 -0.002891701 0.02318049 0.0006710938 -0.002989862 0.0233897 -0.0006710938 -0.002891701 0.02318049 -0.0006710938 -0.008053101 0.01196449 0.0006710938 -0.008053101 0.02214608 -0.0006710938 -0.008053101 0.02214608 0.0006710938 -0.008053101 0.01196449 -0.0006710938 -0.007760378 0.01112784 0.0006710938 -0.007659978 0.01101544 0.0006710938 -0.007659978 0.01101544 -0.0006710938 -0.00797782 0.01152129 0.0006710938 -0.00792022 0.01138233 0.0006710938 -0.00792022 0.01138233 -0.0006710938 -0.007847499 0.01125073 0.0006710938 -0.007760378 0.01112784 -0.0006710938 -0.007847499 0.01125073 -0.0006710938 -0.008044621 0.01181401 -0.0006710938 -0.008044621 0.01181401 0.0006710938 -0.008019501 0.01166617 -0.0006710938 -0.00797782 0.01152129 -0.0006710938 -0.008019501 0.01166617 0.0006710938 -0.008053101 0.01196449 0.0006710938 -0.008053101 0.01196449 -0.0006710938 -0.0003931173 0.003748508 0.0006710938 -0.007659978 0.01101544 -0.0006710938 -0.007659978 0.01101544 0.0006710938 -0.0003931173 0.003748508 -0.0006710938 -3.374729e-05 0.003098503 -0.0006710938 -3.374729e-05 0.003098503 0.0006710938 -8.472411e-06 0.002949942 0.0006710938 0 0.002799461 0.0006710938 0 0.002799461 -0.0006710938 -8.472411e-06 0.002949942 -0.0006710938 -0.0001329728 0.003381945 0.0006710938 -0.0002058983 0.003513786 -0.0006710938 -0.0002058983 0.003513786 0.0006710938 -0.0001329728 0.003381945 -0.0006710938 -7.540248e-05 0.003242984 0.0006710938 -7.540248e-05 0.003242984 -0.0006710938 -0.0002926868 0.003636107 0.0006710938 -0.0002926868 0.003636107 -0.0006710938 -0.0003931173 0.003748508 -0.0006710938 -0.0003931173 0.003748508 0.0006710938 0 0.0006842324 0.00085658 0 0.0006743982 -0.0008975382 0 0.0006842324 -0.00085658 0 0.0006710938 -0.0009395313 0 0.0006743982 0.0008975382 0 0.0007223613 -0.0007817477 0 0.0007497178 -0.0007497178 0 0.0007497178 0.0007497178 0 0.0007003521 -0.0008176633 0 0.0007223613 0.0007817477 0 0.0007003521 0.0008176633 0 0.00085658 -0.0006842324 0 0.00085658 0.0006842324 0 0.0008176633 -0.0007003521 0 0.0008176633 0.0007003521 0 0.0007817477 0.0007223613 0 0.0007817477 -0.0007223613 0 0.0008975382 -0.0006743982 0 0.0008975382 0.0006743982 0 0.0009395313 0.0006710938 0 0.0009395313 -0.0006710938 0 0.002799461 -0.0006710938 0 0.002799461 0.0006710938 0 0.0006710938 0.0009395313 0 0.00085658 -0.0006842324 0.01741844 0.0008344702 -0.0006925929 0.01739884 0.0008687188 -0.0006806823 0 0.0009395313 -0.0006710938 0 0.0008975382 -0.0006743982 0.01737844 0.0009039284 -0.0006735191 0.01745508 0.0007711069 -0.0007304547 0 0.0007497178 -0.0007497178 0.01747085 0.0007431987 -0.0007564367 0 0.0007817477 -0.0007223613 0.0174374 0.0008017557 -0.000709224 0 0.0008176633 -0.0007003521 0 0.0006842324 -0.00085658 0.01750396 0.0006835976 -0.0008585772 0.01749564 0.0006986529 -0.0008210725 0 0.0007003521 -0.0008176633 0.01748453 0.0007187803 -0.0007868064 0 0.0007223613 -0.0007817477 0 0.0006743982 -0.0008975382 0.01750917 0.0006742627 -0.0008984294 0.01751109 0.0006710938 -0.0009395313 0 0.0006710938 -0.0009395313 0.01735765 0.0009395313 -0.0006710938 0.01741844 0.0008344702 -0.0006925929 0.0174374 0.0008017557 -0.000709224 0.0174186 0.000834442 0.0006924211 0.01750396 0.0006835895 0.0008585584 0.01750396 0.0006835976 -0.0008585772 0.01750917 0.0006742627 -0.0008984294 0.01751109 0.0006710938 -0.0009395313 0.01751109 0.0006710938 0.0009395313 0.01750917 0.0006742559 0.0008984187 0.01748453 0.0007188273 0.0007868588 0.01748453 0.0007187803 -0.0007868064 0.01749564 0.0006986529 -0.0008210725 0.01749564 0.0006986475 0.0008210496 0.0174374 0.0008017074 0.0007090817 0.01745508 0.0007711069 -0.0007304547 0.01745508 0.0007711055 0.0007304453 0.01747085 0.0007431987 -0.0007564367 0.01747085 0.000743231 0.0007564636 0.01739884 0.0008687188 -0.0006806823 0.01737844 0.0009039418 0.0006735164 0.01737844 0.0009039284 -0.0006735191 0.01739884 0.0008687241 0.0006805038 0.01735765 0.0009395313 -0.0006710938 0.01735765 0.0009395313 0.0006710938 0.01688724 0.001667692 -0.0006710938 0.01688724 0.001667692 0.0006710938 0.01662836 0.002020415 0.0006710938 0.01713029 0.001307418 0.0006710938 0.01713029 0.001307418 -0.0006710938 0.01606323 0.00270306 0.0006710938 0.01575708 0.003033062 0.0006710938 0.01606323 0.00270306 -0.0006710938 0.01635372 0.002365537 0.0006710938 0.01635372 0.002365537 -0.0006710938 0.01662836 0.002020415 -0.0006710938 0.01575708 0.003033062 -0.0006710938 0.01543516 0.003355465 0.0006710938 0.01543516 0.003355465 -0.0006710938 -0.00670109 0.01761037 0.0006710938 -0.006710931 0.01744837 -0.0006710938 -0.006710931 0.01744837 0.0006710938 -0.00655717 0.01807198 0.0006710938 -0.00662373 0.01792422 -0.0006710938 -0.00662373 0.01792422 0.0006710938 -0.00667197 0.01776917 0.0006710938 -0.00667197 0.01776917 -0.0006710938 -0.00670109 0.01761037 -0.0006710938 -0.006373568 0.01833813 -0.0006710938 -0.006373568 0.01833813 0.0006710938 -0.006258847 0.01845301 0.0006710938 -0.00655717 0.01807198 -0.0006710938 -0.006473488 0.01821045 0.0006710938 -0.006473488 0.01821045 -0.0006710938 -0.005992765 0.01863661 0.0006710938 -0.005844923 0.01870318 0.0006710938 -0.005992765 0.01863661 -0.0006710938 -0.006131326 0.01855286 0.0006710938 -0.006131326 0.01855286 -0.0006710938 -0.006258847 0.01845301 -0.0006710938 -0.00536908 0.01879061 0.0006710938 -0.005530842 0.01878077 -0.0006710938 -0.005530842 0.01878077 0.0006710938 -0.005689962 0.0187515 -0.0006710938 -0.005844923 0.01870318 -0.0006710938 -0.005689962 0.0187515 0.0006710938 -0.005047558 0.0187515 -0.0006710938 -0.005047558 0.0187515 0.0006710938 -0.004893157 0.01870349 0.0006710938 -0.00536908 0.01879061 -0.0006710938 -0.005207159 0.01878077 0.0006710938 -0.005207159 0.01878077 -0.0006710938 -0.004606354 0.01855302 0.0006710938 -0.004478834 0.01845317 0.0006710938 -0.004606354 0.01855302 -0.0006710938 -0.004745316 0.01863701 0.0006710938 -0.004745316 0.01863701 -0.0006710938 -0.004893157 0.01870349 -0.0006710938 -0.004180271 0.01807221 0.0006710938 -0.004264272 0.01821101 -0.0006710938 -0.004264272 0.01821101 0.0006710938 -0.004364352 0.0183387 -0.0006710938 -0.004478834 0.01845317 -0.0006710938 -0.004364352 0.0183387 0.0006710938 -0.004065631 0.01776997 -0.0006710938 -0.004065631 0.01776997 0.0006710938 -0.00403635 0.01761037 0.0006710938 -0.004180271 0.01807221 -0.0006710938 -0.00411387 0.01792461 0.0006710938 -0.00411387 0.01792461 -0.0006710938 -0.00403635 0.01728637 0.0006710938 -0.00406547 0.01712764 0.0006710938 -0.00403635 0.01728637 -0.0006710938 -0.00402651 0.01744837 0.0006710938 -0.00402651 0.01744837 -0.0006710938 -0.00403635 0.01761037 -0.0006710938 -0.004263951 0.01668628 0.0006710938 -0.004180191 0.01682484 -0.0006710938 -0.004180191 0.01682484 0.0006710938 -0.004113711 0.01697261 -0.0006710938 -0.00406547 0.01712764 -0.0006710938 -0.004113711 0.01697261 0.0006710938 -0.004478594 0.0164438 -0.0006710938 -0.004478594 0.0164438 0.0006710938 -0.004606115 0.01634388 0.0006710938 -0.004263951 0.01668628 -0.0006710938 -0.004363873 0.01655867 0.0006710938 -0.004363873 0.01655867 -0.0006710938 -0.004892516 0.01619356 0.0006710938 -0.005047477 0.01614524 0.0006710938 -0.004892516 0.01619356 -0.0006710938 -0.004744595 0.0162602 0.0006710938 -0.004744595 0.0162602 -0.0006710938 -0.004606115 0.01634388 -0.0006710938 -0.005206599 0.01611603 -0.0006710938 -0.005047477 0.01614524 -0.0006710938 -0.005206599 0.01611603 0.0006710938 -0.005530281 0.01611603 0.0006710938 -0.005530281 0.01611603 -0.0006710938 -0.005368361 0.0161062 -0.0006710938 -0.005368361 0.0161062 0.0006710938 -0.005689803 0.01614524 0.0006710938 -0.005689803 0.01614524 -0.0006710938 -0.005844284 0.01619332 -0.0006710938 -0.005844284 0.01619332 0.0006710938 -0.005992125 0.01625972 0.0006710938 -0.005992125 0.01625972 -0.0006710938 -0.006131006 0.0163438 0.0006710938 -0.006131006 0.0163438 -0.0006710938 -0.006258607 0.01644364 -0.0006710938 -0.006258607 0.01644364 0.0006710938 -0.006373087 0.01655812 0.0006710938 -0.006373087 0.01655812 -0.0006710938 -0.006473169 0.01668581 0.0006710938 -0.006473169 0.01668581 -0.0006710938 -0.006557089 0.01682452 -0.0006710938 -0.006557089 0.01682452 0.0006710938 -0.006623569 0.0169722 0.0006710938 -0.006623569 0.0169722 -0.0006710938 -0.00667181 0.01712685 0.0006710938 -0.00667181 0.01712685 -0.0006710938 -0.00670109 0.01728637 -0.0006710938 -0.00670109 0.01728637 0.0006710938 -0.00670109 0.02230808 0.0006710938 -0.006710931 0.02214608 -0.0006710938 -0.006710931 0.02214608 0.0006710938 -0.00655717 0.02276961 0.0006710938 -0.00662373 0.02262185 -0.0006710938 -0.00662373 0.02262185 0.0006710938 -0.00667197 0.02246681 0.0006710938 -0.00667197 0.02246681 -0.0006710938 -0.00670109 0.02230808 -0.0006710938 -0.006373568 0.02303576 -0.0006710938 -0.006373568 0.02303576 0.0006710938 -0.006258847 0.02315065 0.0006710938 -0.00655717 0.02276961 -0.0006710938 -0.006473488 0.02290817 0.0006710938 -0.006473488 0.02290817 -0.0006710938 -0.005992765 0.02333433 0.0006710938 -0.005844923 0.02340089 0.0006710938 -0.005992765 0.02333433 -0.0006710938 -0.006131326 0.02325057 0.0006710938 -0.006131326 0.02325057 -0.0006710938 -0.006258847 0.02315065 -0.0006710938 -0.00536908 0.02348825 0.0006710938 -0.005530842 0.02347842 -0.0006710938 -0.005530842 0.02347842 0.0006710938 -0.005689962 0.02344921 -0.0006710938 -0.005844923 0.02340089 -0.0006710938 -0.005689962 0.02344921 0.0006710938 -0.005047558 0.02344921 -0.0006710938 -0.005047558 0.02344921 0.0006710938 -0.004893157 0.02340113 0.0006710938 -0.00536908 0.02348825 -0.0006710938 -0.005207159 0.02347842 0.0006710938 -0.005207159 0.02347842 -0.0006710938 -0.004606354 0.02325065 0.0006710938 -0.004478834 0.02315082 0.0006710938 -0.004606354 0.02325065 -0.0006710938 -0.004745316 0.02333474 0.0006710938 -0.004745316 0.02333474 -0.0006710938 -0.004893157 0.02340113 -0.0006710938 -0.004180271 0.02276993 0.0006710938 -0.004264272 0.02290864 -0.0006710938 -0.004264272 0.02290864 0.0006710938 -0.004364352 0.02303633 -0.0006710938 -0.004478834 0.02315082 -0.0006710938 -0.004364352 0.02303633 0.0006710938 -0.004065631 0.0224676 -0.0006710938 -0.004065631 0.0224676 0.0006710938 -0.00403635 0.02230808 0.0006710938 -0.004180271 0.02276993 -0.0006710938 -0.00411387 0.02262225 0.0006710938 -0.00411387 0.02262225 -0.0006710938 -0.00403635 0.02198408 0.0006710938 -0.00406547 0.02182528 0.0006710938 -0.00403635 0.02198408 -0.0006710938 -0.00402651 0.02214608 0.0006710938 -0.00402651 0.02214608 -0.0006710938 -0.00403635 0.02230808 -0.0006710938 -0.004263951 0.021384 0.0006710938 -0.004180191 0.02152247 -0.0006710938 -0.004180191 0.02152247 0.0006710938 -0.004113711 0.02167023 -0.0006710938 -0.00406547 0.02182528 -0.0006710938 -0.004113711 0.02167023 0.0006710938 -0.004478594 0.02114144 -0.0006710938 -0.004478594 0.02114144 0.0006710938 -0.004606115 0.02104159 0.0006710938 -0.004263951 0.021384 -0.0006710938 -0.004363873 0.02125632 0.0006710938 -0.004363873 0.02125632 -0.0006710938 -0.004892516 0.02089127 0.0006710938 -0.005047477 0.02084295 0.0006710938 -0.004892516 0.02089127 -0.0006710938 -0.004744595 0.02095783 0.0006710938 -0.004744595 0.02095783 -0.0006710938 -0.004606115 0.02104159 -0.0006710938 -0.005206599 0.02081368 -0.0006710938 -0.005047477 0.02084295 -0.0006710938 -0.005206599 0.02081368 0.0006710938 -0.005530281 0.02081368 0.0006710938 -0.005530281 0.02081368 -0.0006710938 -0.005368361 0.02080383 -0.0006710938 -0.005368361 0.02080383 0.0006710938 -0.005689803 0.02084295 0.0006710938 -0.005689803 0.02084295 -0.0006710938 -0.005844284 0.02089095 -0.0006710938 -0.005844284 0.02089095 0.0006710938 -0.005992125 0.02095744 0.0006710938 -0.005992125 0.02095744 -0.0006710938 -0.006131006 0.02104143 0.0006710938 -0.006131006 0.02104143 -0.0006710938 -0.006258607 0.02114128 -0.0006710938 -0.006258607 0.02114128 0.0006710938 -0.006373087 0.02125575 0.0006710938 -0.006373087 0.02125575 -0.0006710938 -0.006473169 0.02138344 0.0006710938 -0.006473169 0.02138344 -0.0006710938 -0.006557089 0.02152223 -0.0006710938 -0.006557089 0.02152223 0.0006710938 -0.006623569 0.02166983 0.0006710938 -0.006623569 0.02166983 -0.0006710938 -0.00667181 0.02182448 0.0006710938 -0.00667181 0.02182448 -0.0006710938 -0.00670109 0.02198408 -0.0006710938 -0.00670109 0.02198408 0.0006710938 -0.00536868 0.01140857 0.0006710938 -0.007659978 0.01101544 0.0006710938 -0.005530042 0.01141833 0.0006710938 0 0.002799461 0.0006710938 -8.472411e-06 0.002949942 0.0006710938 0.01543516 0.003355465 0.0006710938 -0.00675125 0.02444698 0.0006710938 -0.005992765 0.02333433 0.0006710938 -0.006942692 0.0243205 0.0006710938 0 0.0009395313 0.0006710938 0.01575708 0.003033062 0.0006710938 0.01635372 0.002365537 0.0006710938 0.01606323 0.00270306 0.0006710938 0.01662836 0.002020415 0.0006710938 0.01688724 0.001667692 0.0006710938 0.01713029 0.001307418 0.0006710938 0.01735765 0.0009395313 0.0006710938 -3.374729e-05 0.003098503 0.0006710938 -7.540248e-05 0.003242984 0.0006710938 -0.0001329728 0.003381945 0.0006710938 -0.0002058983 0.003513786 0.0006710938 -0.0002926868 0.003636107 0.0006710938 0.0002979012 0.01520195 0.0006710938 -0.0003931173 0.003748508 0.0006710938 8.751935e-05 0.01540763 0.0006710938 -0.004180271 0.01337458 0.0006710938 3.904746e-07 0.01552651 0.0006710938 -0.00411387 0.0132269 0.0006710938 0.0001868983 0.01529915 0.0006710938 -0.004065631 0.01307234 0.0006710938 -0.004180191 0.01682484 0.0006710938 -0.004113711 0.01697261 0.0006710938 -0.0001323102 0.01578947 0.0006710938 -0.004606115 0.01634388 0.0006710938 -0.004478594 0.0164438 0.0006710938 -0.004478834 0.01375554 0.0006710938 -0.00406547 0.01712764 0.0006710938 -0.00403635 0.01728637 0.0006710938 -0.00402651 0.01744837 0.0006710938 -0.005844923 0.02340089 0.0006710938 -0.006337968 0.02464938 0.0006710938 -0.005689962 0.02344921 0.0006710938 -0.00667197 0.02246681 0.0006710938 -0.00796438 0.02283033 0.0006710938 -0.00662373 0.02262185 0.0006710938 -0.006119087 0.0247233 0.0006710938 -0.005896204 0.0247781 0.0006710938 -0.006548209 0.02455745 0.0006710938 -0.006131326 0.02325057 0.0006710938 -0.005530842 0.02347842 0.0006710938 -0.00536908 0.02348825 0.0006710938 -0.005667882 0.02481362 0.0006710938 -0.006258847 0.02315065 0.0006710938 -0.007123894 0.02417705 0.0006710938 -0.005207879 0.02482562 0.0006710938 -0.005439 0.02482946 0.0006710938 -0.006373568 0.02303576 0.0006710938 -0.007290934 0.02401977 0.0006710938 -0.005207159 0.02347842 0.0006710938 -0.007445016 0.02384753 0.0006710938 -0.004979638 0.02480211 0.0006710938 -0.004752596 0.02475874 0.0006710938 -0.007582698 0.02366393 0.0006710938 -0.006473488 0.02290817 0.0006710938 -0.005047558 0.02344921 0.0006710938 -0.004531794 0.02469659 0.0006710938 -0.004893157 0.02340113 0.0006710938 -0.00655717 0.02276961 0.0006710938 -0.007705098 0.02346785 0.0006710938 -0.004108511 0.02451626 0.0006710938 -0.004315472 0.02461514 0.0006710938 -0.007809339 0.02326353 0.0006710938 -0.004745316 0.02333474 0.0006710938 -0.003909309 0.0243989 0.0006710938 -0.004606354 0.02325065 0.0006710938 -0.00789646 0.02304945 0.0006710938 -0.003545947 0.02411665 0.0006710938 -0.003722188 0.02426617 0.0006710938 -0.004478834 0.02315082 0.0006710938 -0.003384345 0.02395386 0.0006710938 -0.004364352 0.02303633 0.0006710938 -0.00670109 0.02230808 0.0006710938 -0.008013661 0.02260457 0.0006710938 -0.006710931 0.02214608 0.0006710938 -0.008053101 0.02214608 0.0006710938 -0.0080431 0.02237688 0.0006710938 -0.006623569 0.02166983 0.0006710938 -0.006557089 0.02152223 0.0006710938 -0.00670109 0.02198408 0.0006710938 -0.00667181 0.02182448 0.0006710938 -0.006373087 0.02125575 0.0006710938 -0.006373568 0.01833813 0.0006710938 -0.006473169 0.02138344 0.0006710938 -0.006258607 0.02114128 0.0006710938 -0.006258847 0.01845301 0.0006710938 -7.31919e-05 0.01565427 0.0006710938 -0.004264272 0.01351337 0.0006710938 -0.005992125 0.01156217 0.0006710938 -0.005844604 0.01149577 0.0006710938 -0.006130766 0.01164593 0.0006710938 -0.005689562 0.01144745 0.0006710938 -0.008053101 0.01196449 0.0006710938 -0.006710931 0.01744837 0.0006710938 -0.00670109 0.01728637 0.0006710938 -0.004180271 0.01807221 0.0006710938 -0.004180191 0.02152247 0.0006710938 -0.004263951 0.01668628 0.0006710938 -0.004892516 0.01619356 0.0006710938 -0.004745316 0.01393938 0.0006710938 -0.004893157 0.01400586 0.0006710938 -0.004744595 0.0162602 0.0006710938 -0.004606354 0.01385537 0.0006710938 -0.004363873 0.01655867 0.0006710938 -0.005047558 0.01405386 0.0006710938 -0.005047477 0.01614524 0.0006710938 -0.004364352 0.01364097 0.0006710938 -0.00536908 0.0140929 0.0006710938 -0.005530842 0.01408314 0.0006710938 -0.005530281 0.01611603 0.0006710938 -0.005206599 0.01611603 0.0006710938 -0.005207159 0.01408314 0.0006710938 -0.005368361 0.0161062 0.0006710938 -0.006131006 0.0163438 0.0006710938 -0.005992765 0.01393898 0.0006710938 -0.006131326 0.01385521 0.0006710938 -0.005844284 0.01619332 0.0006710938 -0.005689962 0.01405386 0.0006710938 -0.005844923 0.01400554 0.0006710938 -0.006258607 0.01644364 0.0006710938 -0.006373168 0.01186049 0.0006710938 -0.006473009 0.01198793 0.0006710938 -0.006258847 0.01375538 0.0006710938 -0.006557009 0.01212681 0.0006710938 -0.00792022 0.01138233 0.0006710938 -0.00667173 0.01242913 0.0006710938 -0.006623569 0.01227465 0.0006710938 -0.006710931 0.01275074 0.0006710938 -0.00670109 0.01291274 0.0006710938 -0.006623569 0.0169722 0.0006710938 -0.006557089 0.01682452 0.0006710938 -0.00655717 0.01337434 0.0006710938 -0.00662373 0.0132265 0.0006710938 -0.00667181 0.01712685 0.0006710938 -0.00667197 0.01776917 0.0006710938 -0.00670109 0.01761037 0.0006710938 -0.006131006 0.02104143 0.0006710938 -0.006131326 0.01855286 0.0006710938 -0.00655717 0.01807198 0.0006710938 -0.00662373 0.01792422 0.0006710938 -0.006473488 0.01821045 0.0006710938 -0.005689962 0.0187515 0.0006710938 -0.005689803 0.02084295 0.0006710938 -0.005530842 0.01878077 0.0006710938 -0.005992765 0.01863661 0.0006710938 -0.005992125 0.02095744 0.0006710938 -0.005844923 0.01870318 0.0006710938 -0.005047477 0.02084295 0.0006710938 -0.005047558 0.0187515 0.0006710938 -0.005206599 0.02081368 0.0006710938 -0.005368361 0.02080383 0.0006710938 -0.00536908 0.01879061 0.0006710938 -0.005530281 0.02081368 0.0006710938 -0.004606115 0.02104159 0.0006710938 -0.004606354 0.01855302 0.0006710938 -0.004744595 0.02095783 0.0006710938 -0.004745316 0.01863701 0.0006710938 -0.004892516 0.02089127 0.0006710938 -0.004478834 0.01845317 0.0006710938 -0.004478594 0.02114144 0.0006710938 -0.003104743 0.02358833 0.0006710938 -0.004264272 0.02290864 0.0006710938 -0.003236185 0.02377641 0.0006710938 -0.004363873 0.02125632 0.0006710938 -0.004264272 0.01821101 0.0006710938 -0.004364352 0.0183387 0.0006710938 -0.004263951 0.021384 0.0006710938 -0.004113711 0.02167023 0.0006710938 -0.002891701 0.02318049 0.0006710938 -0.00403635 0.02198408 0.0006710938 -0.00402651 0.02214608 0.0006710938 -0.00406547 0.02182528 0.0006710938 -0.00411387 0.01792461 0.0006710938 -0.00403635 0.01761037 0.0006710938 -0.004065631 0.01776997 0.0006710938 -0.004893157 0.01870349 0.0006710938 -0.005207159 0.01878077 0.0006710938 -0.005844284 0.02089095 0.0006710938 -0.002989862 0.0233897 0.0006710938 -0.004180271 0.02276993 0.0006710938 -0.004065631 0.0224676 0.0006710938 -0.00411387 0.02262225 0.0006710938 -0.00403635 0.02230808 0.0006710938 -0.00406547 0.01242993 0.0006710938 -0.00403635 0.01258866 0.0006710938 -0.00402651 0.01275074 0.0006710938 -0.007760378 0.01112784 0.0006710938 -0.007847499 0.01125073 0.0006710938 -0.004180111 0.01212737 0.0006710938 -0.004113711 0.01227489 0.0006710938 -0.004263872 0.01198865 0.0006710938 -0.004478513 0.01174633 0.0006710938 -0.004363952 0.01186081 0.0006710938 -0.004744755 0.01156241 0.0006710938 -0.004605875 0.01164641 0.0006710938 -0.005047077 0.01144769 0.0006710938 -0.004892597 0.01149585 0.0006710938 -0.005206599 0.01141841 0.0006710938 -0.006258607 0.01174601 0.0006710938 -0.005992125 0.01625972 0.0006710938 -0.006373087 0.01655812 0.0006710938 -0.006373568 0.01364049 0.0006710938 -0.00797782 0.01152129 0.0006710938 -0.008019501 0.01166617 0.0006710938 -0.006473169 0.01668581 0.0006710938 -0.008044621 0.01181401 0.0006710938 -0.006473488 0.01351282 0.0006710938 -0.00670109 0.01258866 0.0006710938 -0.00667197 0.01307162 0.0006710938 -0.005689803 0.01614524 0.0006710938 -0.00403635 0.01291274 0.0006710938 -0.007659978 0.01101544 -0.0006710938 -0.005992685 0.01156241 -0.0006710938 -0.006131486 0.01164641 -0.0006710938 -7.540248e-05 0.003242984 -0.0006710938 -3.374729e-05 0.003098503 -0.0006710938 0.01543516 0.003355465 -0.0006710938 -8.472411e-06 0.002949942 -0.0006710938 -0.0001329728 0.003381945 -0.0006710938 -0.0002058983 0.003513786 -0.0006710938 0.0002979012 0.01520195 -0.0006710938 -0.0002926868 0.003636107 -0.0006710938 -0.005530842 0.01141841 -0.0006710938 -0.005690362 0.01144769 -0.0006710938 -0.00536868 0.01140857 -0.0006710938 -0.006473169 0.02138344 -0.0006710938 -0.006557089 0.02152223 -0.0006710938 -0.008053101 0.02214608 -0.0006710938 -0.00670109 0.01728637 -0.0006710938 -0.006710931 0.01744837 -0.0006710938 -0.008053101 0.01196449 -0.0006710938 -0.005047558 0.02344921 -0.0006710938 -0.004893157 0.02340113 -0.0006710938 -0.004531794 0.02469659 -0.0006710938 -0.008013661 0.02260457 -0.0006710938 -0.00670109 0.02230808 -0.0006710938 -0.00667197 0.02246681 -0.0006710938 -0.00536908 0.02348825 -0.0006710938 -0.005667882 0.02481362 -0.0006710938 -0.005530842 0.02347842 -0.0006710938 -0.006337968 0.02464938 -0.0006710938 -0.005844923 0.02340089 -0.0006710938 -0.005689962 0.02344921 -0.0006710938 -0.00675125 0.02444698 -0.0006710938 -0.006942692 0.0243205 -0.0006710938 -0.005992765 0.02333433 -0.0006710938 -0.005896204 0.0247781 -0.0006710938 -0.006119087 0.0247233 -0.0006710938 -0.006548209 0.02455745 -0.0006710938 -0.006131326 0.02325057 -0.0006710938 -0.006258847 0.02315065 -0.0006710938 -0.007290934 0.02401977 -0.0006710938 -0.006373568 0.02303576 -0.0006710938 -0.007123894 0.02417705 -0.0006710938 -0.007445016 0.02384753 -0.0006710938 -0.005207879 0.02482562 -0.0006710938 -0.005439 0.02482946 -0.0006710938 -0.007582698 0.02366393 -0.0006710938 -0.006473488 0.02290817 -0.0006710938 -0.005207159 0.02347842 -0.0006710938 -0.007705098 0.02346785 -0.0006710938 -0.00655717 0.02276961 -0.0006710938 -0.004979638 0.02480211 -0.0006710938 -0.004752596 0.02475874 -0.0006710938 -0.004108511 0.02451626 -0.0006710938 -0.004315472 0.02461514 -0.0006710938 -0.00662373 0.02262185 -0.0006710938 -0.007809339 0.02326353 -0.0006710938 -0.003909309 0.0243989 -0.0006710938 -0.004745316 0.02333474 -0.0006710938 -0.004606354 0.02325065 -0.0006710938 -0.00789646 0.02304945 -0.0006710938 -0.003545947 0.02411665 -0.0006710938 -0.003722188 0.02426617 -0.0006710938 -0.00796438 0.02283033 -0.0006710938 -0.003384345 0.02395386 -0.0006710938 -0.004478834 0.02315082 -0.0006710938 -0.004364352 0.02303633 -0.0006710938 -0.006710931 0.02214608 -0.0006710938 -0.0080431 0.02237688 -0.0006710938 -0.006623569 0.02166983 -0.0006710938 -0.00670109 0.02198408 -0.0006710938 -0.00667181 0.02182448 -0.0006710938 -0.006373568 0.01833813 -0.0006710938 -0.006373087 0.02125575 -0.0006710938 -0.004892516 0.01619356 -0.0006710938 -0.005047477 0.01614524 -0.0006710938 -0.004892516 0.01400554 -0.0006710938 -0.006258847 0.01845301 -0.0006710938 -0.006258607 0.02114128 -0.0006710938 -0.006623569 0.0132269 -0.0006710938 -0.00667181 0.01307234 -0.0006710938 -0.00655733 0.01212737 -0.0006710938 -0.008044621 0.01181401 -0.0006710938 -0.004363873 0.01655867 -0.0006710938 -0.004363873 0.01364049 -0.0006710938 -0.0001323102 0.01578947 -0.0006710938 -0.005844764 0.01149585 -0.0006710938 -0.0003931173 0.003748508 -0.0006710938 -7.31919e-05 0.01565427 -0.0006710938 -0.004263951 0.01351282 -0.0006710938 -0.006473569 0.01198865 -0.0006710938 -0.006373487 0.01186081 -0.0006710938 -0.007760378 0.01112784 -0.0006710938 -0.007847499 0.01125073 -0.0006710938 3.904746e-07 0.01552651 -0.0006710938 -0.004180191 0.01337434 -0.0006710938 8.751935e-05 0.01540763 -0.0006710938 0 0.002799461 -0.0006710938 0 0.0009395313 -0.0006710938 0.01606323 0.00270306 -0.0006710938 0.01575708 0.003033062 -0.0006710938 0.01635372 0.002365537 -0.0006710938 0.01662836 0.002020415 -0.0006710938 0.01713029 0.001307418 -0.0006710938 0.01688724 0.001667692 -0.0006710938 0.01735765 0.0009395313 -0.0006710938 -0.00402651 0.01275074 -0.0006710938 -0.00403635 0.01258866 -0.0006710938 -0.00406547 0.01307162 -0.0006710938 0.0001868983 0.01529915 -0.0006710938 -0.004113711 0.0132265 -0.0006710938 -0.00406571 0.01242913 -0.0006710938 -0.004113791 0.01227465 -0.0006710938 -0.004180352 0.01212681 -0.0006710938 -0.004364273 0.01186049 -0.0006710938 -0.004264432 0.01198793 -0.0006710938 -0.004606594 0.01164593 -0.0006710938 -0.004478834 0.01174601 -0.0006710938 -0.004892837 0.01149577 -0.0006710938 -0.004745316 0.01156217 -0.0006710938 -0.005207318 0.01141833 -0.0006710938 -0.005047877 0.01144745 -0.0006710938 -0.006258926 0.01174633 -0.0006710938 -0.00792022 0.01138233 -0.0006710938 -0.008019501 0.01166617 -0.0006710938 -0.00797782 0.01152129 -0.0006710938 -0.00670109 0.01291274 -0.0006710938 -0.006710931 0.01275074 -0.0006710938 -0.00667197 0.01242993 -0.0006710938 -0.00662373 0.01227489 -0.0006710938 -0.00670109 0.01258866 -0.0006710938 -0.004606115 0.01385521 -0.0006710938 -0.004606115 0.01634388 -0.0006710938 -0.004744595 0.0162602 -0.0006710938 -0.006373087 0.01655812 -0.0006710938 -0.006373087 0.01364097 -0.0006710938 -0.006258607 0.01375554 -0.0006710938 -0.006557089 0.01337458 -0.0006710938 -0.005992125 0.01393938 -0.0006710938 -0.005844284 0.01400586 -0.0006710938 -0.005992125 0.01625972 -0.0006710938 -0.006131006 0.0163438 -0.0006710938 -0.006131006 0.01385537 -0.0006710938 -0.005368361 0.0161062 -0.0006710938 -0.005530281 0.01611603 -0.0006710938 -0.005368361 0.0140929 -0.0006710938 -0.005689803 0.01614524 -0.0006710938 -0.005844284 0.01619332 -0.0006710938 -0.005689803 0.01405386 -0.0006710938 -0.004744595 0.01393898 -0.0006710938 -0.005206599 0.01611603 -0.0006710938 -0.005047477 0.01405386 -0.0006710938 -0.005206599 0.01408314 -0.0006710938 -0.004478594 0.01375538 -0.0006710938 -0.004478594 0.0164438 -0.0006710938 -0.004180191 0.01682484 -0.0006710938 -0.004263951 0.01668628 -0.0006710938 -0.00406547 0.01712764 -0.0006710938 -0.004113711 0.01697261 -0.0006710938 -0.00403635 0.01291274 -0.0006710938 -0.004180191 0.02152247 -0.0006710938 -0.004180271 0.01807221 -0.0006710938 -0.00403635 0.01728637 -0.0006710938 -0.00402651 0.01744837 -0.0006710938 -0.005530281 0.01408314 -0.0006710938 -0.006258607 0.01644364 -0.0006710938 -0.006473169 0.01668581 -0.0006710938 -0.006473169 0.01351337 -0.0006710938 -0.006557089 0.01682452 -0.0006710938 -0.006623569 0.0169722 -0.0006710938 -0.00667181 0.01712685 -0.0006710938 -0.00667197 0.01776917 -0.0006710938 -0.00670109 0.01761037 -0.0006710938 -0.006131326 0.01855286 -0.0006710938 -0.006131006 0.02104143 -0.0006710938 -0.00655717 0.01807198 -0.0006710938 -0.00662373 0.01792422 -0.0006710938 -0.006473488 0.01821045 -0.0006710938 -0.005689962 0.0187515 -0.0006710938 -0.005530842 0.01878077 -0.0006710938 -0.005689803 0.02084295 -0.0006710938 -0.005992765 0.01863661 -0.0006710938 -0.005844923 0.01870318 -0.0006710938 -0.005992125 0.02095744 -0.0006710938 -0.005047477 0.02084295 -0.0006710938 -0.005206599 0.02081368 -0.0006710938 -0.005047558 0.0187515 -0.0006710938 -0.005368361 0.02080383 -0.0006710938 -0.005530281 0.02081368 -0.0006710938 -0.00536908 0.01879061 -0.0006710938 -0.004606115 0.02104159 -0.0006710938 -0.004744595 0.02095783 -0.0006710938 -0.004606354 0.01855302 -0.0006710938 -0.004745316 0.01863701 -0.0006710938 -0.004892516 0.02089127 -0.0006710938 -0.004478834 0.01845317 -0.0006710938 -0.004478594 0.02114144 -0.0006710938 -0.004363873 0.02125632 -0.0006710938 -0.004364352 0.0183387 -0.0006710938 -0.004264272 0.01821101 -0.0006710938 -0.004263951 0.021384 -0.0006710938 -0.00403635 0.02198408 -0.0006710938 -0.002891701 0.02318049 -0.0006710938 -0.00402651 0.02214608 -0.0006710938 -0.00406547 0.02182528 -0.0006710938 -0.004113711 0.02167023 -0.0006710938 -0.00411387 0.01792461 -0.0006710938 -0.00403635 0.01761037 -0.0006710938 -0.004065631 0.01776997 -0.0006710938 -0.004264272 0.02290864 -0.0006710938 -0.003104743 0.02358833 -0.0006710938 -0.003236185 0.02377641 -0.0006710938 -0.004893157 0.01870349 -0.0006710938 -0.005207159 0.01878077 -0.0006710938 -0.005844284 0.02089095 -0.0006710938 -0.002989862 0.0233897 -0.0006710938 -0.004180271 0.02276993 -0.0006710938 -0.004065631 0.0224676 -0.0006710938 -0.00411387 0.02262225 -0.0006710938 -0.00403635 0.02230808 -0.0006710938 -0.00670109 0.01291274 0.0006710938 -0.006710931 0.01275074 -0.0006710938 -0.006710931 0.01275074 0.0006710938 -0.00655717 0.01337434 0.0006710938 -0.006623569 0.0132269 -0.0006710938 -0.00662373 0.0132265 0.0006710938 -0.00667197 0.01307162 0.0006710938 -0.00667181 0.01307234 -0.0006710938 -0.00670109 0.01291274 -0.0006710938 -0.006373087 0.01364097 -0.0006710938 -0.006373568 0.01364049 0.0006710938 -0.006258847 0.01375538 0.0006710938 -0.006557089 0.01337458 -0.0006710938 -0.006473488 0.01351282 0.0006710938 -0.006473169 0.01351337 -0.0006710938 -0.005992765 0.01393898 0.0006710938 -0.005844923 0.01400554 0.0006710938 -0.005992125 0.01393938 -0.0006710938 -0.006131326 0.01385521 0.0006710938 -0.006131006 0.01385537 -0.0006710938 -0.006258607 0.01375554 -0.0006710938 -0.00536908 0.0140929 0.0006710938 -0.005530281 0.01408314 -0.0006710938 -0.005530842 0.01408314 0.0006710938 -0.005689803 0.01405386 -0.0006710938 -0.005844284 0.01400586 -0.0006710938 -0.005689962 0.01405386 0.0006710938 -0.005047477 0.01405386 -0.0006710938 -0.005047558 0.01405386 0.0006710938 -0.004893157 0.01400586 0.0006710938 -0.005368361 0.0140929 -0.0006710938 -0.005207159 0.01408314 0.0006710938 -0.005206599 0.01408314 -0.0006710938 -0.004606354 0.01385537 0.0006710938 -0.004478834 0.01375554 0.0006710938 -0.004606115 0.01385521 -0.0006710938 -0.004745316 0.01393938 0.0006710938 -0.004744595 0.01393898 -0.0006710938 -0.004892516 0.01400554 -0.0006710938 -0.004180271 0.01337458 0.0006710938 -0.004263951 0.01351282 -0.0006710938 -0.004264272 0.01351337 0.0006710938 -0.004363873 0.01364049 -0.0006710938 -0.004478594 0.01375538 -0.0006710938 -0.004364352 0.01364097 0.0006710938 -0.00406547 0.01307162 -0.0006710938 -0.004065631 0.01307234 0.0006710938 -0.00403635 0.01291274 0.0006710938 -0.004180191 0.01337434 -0.0006710938 -0.00411387 0.0132269 0.0006710938 -0.004113711 0.0132265 -0.0006710938 -0.00403635 0.01258866 0.0006710938 -0.00406547 0.01242993 0.0006710938 -0.00403635 0.01258866 -0.0006710938 -0.00402651 0.01275074 0.0006710938 -0.00402651 0.01275074 -0.0006710938 -0.00403635 0.01291274 -0.0006710938 -0.004263872 0.01198865 0.0006710938 -0.004180352 0.01212681 -0.0006710938 -0.004180111 0.01212737 0.0006710938 -0.004113791 0.01227465 -0.0006710938 -0.00406571 0.01242913 -0.0006710938 -0.004113711 0.01227489 0.0006710938 -0.004478834 0.01174601 -0.0006710938 -0.004478513 0.01174633 0.0006710938 -0.004605875 0.01164641 0.0006710938 -0.004264432 0.01198793 -0.0006710938 -0.004363952 0.01186081 0.0006710938 -0.004364273 0.01186049 -0.0006710938 -0.004892597 0.01149585 0.0006710938 -0.005047077 0.01144769 0.0006710938 -0.004892837 0.01149577 -0.0006710938 -0.004744755 0.01156241 0.0006710938 -0.004745316 0.01156217 -0.0006710938 -0.004606594 0.01164593 -0.0006710938 -0.005207318 0.01141833 -0.0006710938 -0.005047877 0.01144745 -0.0006710938 -0.005206599 0.01141841 0.0006710938 -0.005530042 0.01141833 0.0006710938 -0.005530842 0.01141841 -0.0006710938 -0.00536868 0.01140857 -0.0006710938 -0.00536868 0.01140857 0.0006710938 -0.005689562 0.01144745 0.0006710938 -0.005690362 0.01144769 -0.0006710938 -0.005844764 0.01149585 -0.0006710938 -0.005844604 0.01149577 0.0006710938 -0.005992125 0.01156217 0.0006710938 -0.005992685 0.01156241 -0.0006710938 -0.006130766 0.01164593 0.0006710938 -0.006131486 0.01164641 -0.0006710938 -0.006258926 0.01174633 -0.0006710938 -0.006258607 0.01174601 0.0006710938 -0.006373168 0.01186049 0.0006710938 -0.006373487 0.01186081 -0.0006710938 -0.006473009 0.01198793 0.0006710938 -0.006473569 0.01198865 -0.0006710938 -0.00655733 0.01212737 -0.0006710938 -0.006557009 0.01212681 0.0006710938 -0.006623569 0.01227465 0.0006710938 -0.00662373 0.01227489 -0.0006710938 -0.00667173 0.01242913 0.0006710938 -0.00667197 0.01242993 -0.0006710938 -0.00670109 0.01258866 -0.0006710938 -0.00670109 0.01258866 0.0006710938</float_array>
          <technique_common>
            <accessor source="#ID47_001-mesh-positions-array" count="1102" stride="3">
              <param name="X" type="float"/>
              <param name="Y" type="float"/>
              <param name="Z" type="float"/>
            </accessor>
          </technique_common>
        </source>
        <source id="ID47_001-mesh-normals">
          <float_array id="ID47_001-mesh-normals-array" count="1827">-0.9761871 -0.2169305 0 0.1520573 -0.9883717 0 0.1520573 -0.9883717 0 0 0 -1 0 0 -1 0 0 -1 0 0 -1 0 0 -1 0 0 -1 0 0 -1 0 0 -1 0 0 -1 0 0 -1 0 0 1 0 0 1 0 0 1 0 0 1 0 0 1 1.16884e-6 0 1 0 0 1 0 0 1 0 0 1 0 0 1 -0.84901 -0.5283767 0 -0.9257904 -0.3780374 0 -0.9543975 -0.2985392 0 -0.6257329 -0.7800375 0 -0.4855885 -0.8741875 0 -0.7480252 -0.6636703 0 -0.3316226 -0.9434123 0 -0.1681886 -0.9857548 0 -0.08438402 -0.9964334 0 0.9751317 0.2216264 0 0.9666868 0.2559622 0 0.9823791 0.1868989 0 0.9883732 0.152048 0 0.9909014 0.1345902 0 0.9570001 0.2900879 0 0.9461448 0.3237438 0 0.9403447 0.3402234 0 0 -1 0 0 -1 0 1 5.1521e-4 0 1 0 1.11345e-4 0.9998442 -0.01765561 0 1 0 -1.11345e-4 0.9999999 5.09219e-4 0 -1 0 0 0 1 0 0 1 0 0 1 0 0 0.9889115 0.1485061 0 0.9876874 0.1564405 0 0.9969195 0.07843267 0 0.8090303 0.587767 0 0.8910139 0.4539761 0 0.8306108 0.5568535 0 0.9510608 0.309004 0 0.9560143 0.2933201 0 0.9023097 0.4310883 -3.05192e-5 0.5316439 0.846968 3.05194e-5 0.4539761 0.8910139 3.05193e-5 0.5878015 0.8090053 0 0.7443419 0.6677988 0 0.6437109 0.7652688 3.05195e-5 0.7071068 0.7071068 0 0.2837984 0.958884 3.05192e-5 0.1564108 0.9876922 3.05189e-5 0.309004 0.9510608 0 0.4113112 0.911495 0 0.07843267 0.9969195 0 0.152658 0.9882791 0 0.06790441 0.9976919 0 0.997057 0.07666379 0.6163083 0.787505 0 0.8378868 0.5458441 0 0.8927485 0.4505554 0 0.9161881 0.4007484 0 0.6990348 0.7150877 0 0.6586904 0.7524141 0 0.7731217 0.6342577 0 0.9368384 0.3497627 0 0.9368384 0.3497627 0 -0.9963108 0.08581835 0 -0.9990646 0.04324513 0 -0.9990633 0.04327559 0 -0.9416155 0.3366902 0 -0.9670007 0.2547742 0 -0.9852818 0.170938 0 -0.8702849 0.492549 0 -0.8249403 0.5652199 0 -0.9092627 0.4162228 0 -0.7160978 0.698 0 -0.6537923 0.7566741 0 -0.7733696 0.6339555 0 -0.4396655 0.8981617 0 -0.514949 0.8572209 0 -0.5864574 0.8099802 0 -0.2795827 0.9601216 0 -0.1964507 0.9805138 0 -0.3607107 0.9326778 0 -0.02609395 0.9996595 0 0.05963438 0.9982203 0 -0.1115469 0.9937592 0 0.3119671 0.9500929 0 0.2294085 0.9733303 0 0.1450863 0.9894191 0 0.4697279 0.8828114 0 0.5435512 0.8393761 0 0.3921763 0.9198901 0 0.6133827 0.7897859 0 0.6788997 0.734231 0 0.7393571 0.6733136 0 0.7943544 0.6074547 0 0.8434202 0.5372546 0 0.8862756 0.4631583 0 0.9052313 0.4249194 0 -0.7819901 -0.623291 0 -0.7457401 -0.6662372 0 -0.9439169 -0.3301832 0 -0.9010111 -0.4337964 0 -0.8468511 -0.5318303 0 -0.7819633 -0.6233245 0 -0.9937043 -0.1120359 0 -0.9749509 -0.2224204 0 -0.9937075 -0.1120057 0 -0.9984222 -0.05615454 0 -0.9984204 -0.05618494 0 -0.707107 -0.7071066 0 -0.707107 -0.7071066 0 -0.9748736 -0.2227593 0 -0.9936906 -0.1121564 0 -0.9009222 -0.4339808 0 -0.8466618 -0.5321316 0 -0.9438531 -0.3303654 0 -0.7818831 -0.6234251 0 -0.7457113 -0.6662693 0 -1 0 0 -1 -5.41561e-7 0 -1 0 0 -1 0 0 -1 0 0 -1 0 0 -1 0 0 -1 0 0 -1 0 0 -1 0 0 -1 0 0 -1 0 0 -1 0 0 -1 0 0 -1 0 0 -1 0 0 -1 0 0 -1 0 0 -1 0 0 -1 0 0 -1 0 0 -1 -5.41562e-7 0 3.05189e-5 0.309004 -0.9510608 -3.05189e-5 0.2853817 -0.958414 -3.05192e-5 0.4110625 -0.9116073 0 0.07843267 -0.9969195 0 0.1558607 -0.987779 0 0.1564108 -0.9876922 0 0.6420677 -0.7666479 0 0.7437205 -0.6684908 3.05195e-5 0.7071068 -0.7071068 3.05193e-5 0.5878015 -0.8090053 3.05194e-5 0.4539761 -0.8910139 -3.05191e-5 0.5295984 -0.8482486 0 0.9510608 -0.309004 0 0.9026917 -0.4302877 0 0.9560058 -0.293348 0 0.8910139 -0.4539761 0 0.8090303 -0.587767 0 0.8311618 -0.5560306 0 0.9888936 -0.1486254 0 0.9876874 -0.1564405 0 0.997043 -0.07684582 0 0.9969195 -0.07843267 0 0.06793481 -0.9976898 0.8655719 0.5007848 -7.4213e-5 0.8723533 0.4888761 2.26396e-6 0.8594916 0.5111501 0 0.8748543 0.4843864 -1.44521e-5 0.8752146 0.4837348 1.61431e-6 0.8654432 0.5010073 4.33636e-7 0.8712601 0.4908216 -1.04787e-5 0.8652339 0.5013685 -4.96214e-6 0.8653305 0.5012019 -2.02175e-6 0.8634088 0.5045052 0 0.8633202 0.5046567 -5.01358e-6 0.8177208 0.5756151 0 0.7944731 0.6072995 0 0.8572209 0.514949 0 0.8399876 0.5426058 0 0.7456675 0.6663184 0 0.7204078 0.6935508 0 0.7704181 0.637539 0 0.7204225 0.6935355 0 0.707534 0.7066794 0 0.8571642 0.5150432 0 0.8679411 0.4966673 -1.96608e-6 0.8672958 0.4977932 1.70372e-5 0.8667323 0.4987738 -7.43036e-5 0.8715066 0.4903839 4.78822e-7 0.8657456 0.5004844 1.708e-5 0.8722475 0.4890647 -1.04648e-5 0.8754811 0.4832525 1.56407e-6 0.8721632 0.4892151 -1.46072e-5 0.8752697 0.4836352 2.24776e-6 0.8720739 0.4893745 1.87202e-6 0.8602439 0.5098827 1.9035e-6 0.9926961 -0.1206421 0 1 0 0 0.8854585 -0.4647185 0 0.9350855 -0.3544224 0 0.9350754 -0.354449 0 0.970991 -0.239116 0 0.7488707 -0.6627162 0 0.6633309 -0.7483264 0 0.8231229 -0.5678635 0 0.4647424 -0.885446 0 0.3547297 -0.9349689 0 0.567989 -0.8230362 0 3.05194e-5 -1 0 0.1208563 -0.99267 0 0.2396693 -0.9708546 0 0.3547195 -0.9349728 0 -0.239116 -0.970991 0 -0.3541151 -0.9352019 0 3.05185e-5 -1 0 -0.120582 -0.9927035 0 -0.5680589 -0.822988 0 -0.6629913 -0.7486271 0 -0.4645976 -0.8855219 0 -0.4646216 -0.8855094 0 -0.8853633 -0.4648997 0 -0.822762 -0.5683861 0 -0.748412 -0.6632341 0 -0.9708777 -0.2395759 0 -0.9926815 -0.1207624 0 -0.9708706 -0.2396047 0 -0.934993 -0.3546662 0 -0.9926961 0.1206421 0 -0.970991 0.239116 0 -0.8231229 0.5678635 0 -0.8854585 0.4647185 0 -0.9350754 0.354449 0 -0.9350855 0.3544224 0 -0.6633309 0.7483264 0 -0.567989 0.8230362 0 -0.7488574 0.6627313 0 -0.7488707 0.6627162 0 -0.3547297 0.9349689 0 -0.2396693 0.9708546 0 -0.4647424 0.885446 0 -0.1208563 0.99267 0 0.120582 0.9927035 0 -3.05185e-5 1 0 0.239116 0.970991 0 0.3541151 0.9352019 0 0.4645976 0.8855219 0 0.5680589 0.822988 0 0.6629913 0.7486271 0 0.748412 0.6632341 0 0.822762 0.5683861 0 0.8853633 0.4648997 0 0.934993 0.3546662 0 0.9708706 0.2396047 0 0.9926815 0.1207624 0 0.4647789 -0.8854268 0 -0.7484272 -0.6632171 0 -3.05194e-5 1 0 0.6630064 0.7486138 0 0.9708777 0.2395759 0 5.96579e-7 0 1 0 0 1 0 0 1 0 0 1 0 0 1 0 0 1 0 0 1 0 0 1 0 0 1 0 0 1 0 0 1 -2.67744e-7 0 1 0 0 1 0 0 1 -4.73643e-7 0 1 4.71371e-7 0 1 -6.61359e-7 0 1 4.69121e-7 0 1 8.36161e-7 0 1 -1.65382e-7 0 1 0 0 1 0 0 1 -9.41783e-7 0 1 3.31977e-7 0 1 4.71364e-7 0 1 2.85367e-7 0 1 0 0 1 0 0 1 -1.33073e-6 0 1 0 0 1 0 0 1 0 0 1 -2.54763e-6 0 1 0 0 1 -1.38494e-7 0 1 0 0 1 -6.04846e-7 0 1 -6.33985e-7 0 1 0 0 1 -3.20942e-7 0 1 4.12294e-7 0 1 -1.49398e-7 0 1 2.03342e-7 0 1 0 0 1 -7.5338e-7 0 1 0 0 1 1.16232e-6 0 1 4.85611e-7 0 1 6.45171e-7 0 1 -5.72002e-7 0 1 1.29102e-7 0 1 2.10126e-7 0 1 2.98435e-7 0 1 0 0 1 -2.63015e-7 0 1 -3.98877e-7 0 1 0 0 1 -6.96969e-7 0 1 -2.49682e-7 0 1 -1.38494e-7 0 1 0 0 1 -1.21133e-7 0 1 1.33073e-6 0 1 -2.38227e-7 0 1 0 0 1 -2.97181e-7 0 1 0 0 1 6.35273e-7 0 1 -2.22759e-7 0 1 4.58945e-7 0 1 0 0 1 0 0 1 0 0 1 0 0 1 0 0 1 0 0 1 0 0 1 -2.91421e-7 0 1 0 0 1 0 0 1 0 0 1 0 0 1 0 0 1 4.20656e-7 0 1 -4.4755e-7 0 1 1.65372e-7 0 1 0 0 1 0 0 1 1.65176e-7 0 1 -2.37152e-7 0 1 0 0 1 1.84414e-7 0 1 0 0 1 0 0 1 2.74561e-7 0 1 4.20636e-7 0 1 0 0 1 0 0 1 3.31841e-7 0 1 -3.80845e-7 0 1 -1.22725e-7 0 1 0 0 1 -4.38375e-7 0 1 5.73681e-7 0 1 -2.18309e-7 0 1 0 0 1 -2.20393e-7 0 1 0 0 1 0 0 1 0 0 1 2.42266e-7 0 1 -1.33073e-6 0 1 3.57341e-7 0 1 3.36805e-7 0 1 1.38494e-7 0 1 2.0715e-7 0 1 0 0 1 6.04128e-7 0 1 9.56463e-7 0 1 -6.35274e-7 0 1 -2.67707e-7 0 1 0 0 1 3.04599e-7 0 1 0 0 1 0 0 -1 0 0 -1 -3.0194e-6 0 -1 -9.41783e-7 0 -1 0 0 -1 0 0 -1 -4.73643e-7 0 -1 4.69121e-7 0 -1 4.71371e-7 0 -1 -1.65382e-7 0 -1 -5.86439e-7 0 -1 0 0 -1 9.38847e-7 0 -1 2.07485e-7 0 -1 0 0 -1 1.23405e-7 0 -1 2.34991e-7 0 -1 2.35681e-7 0 -1 0 0 -1 2.85367e-7 0 -1 6.04e-7 0 -1 -1.33073e-6 0 -1 0 0 -1 0 0 -1 0 0 -1 0 0 -1 0 0 -1 0 0 -1 0 0 -1 0 0 -1 0 0 -1 0 0 -1 0 0 -1 2.60528e-7 0 -1 0 0 -1 6.2238e-7 0 -1 -5.30895e-7 0 -1 -3.69968e-7 0 -1 -2.2098e-7 0 -1 2.12091e-7 0 -1 -5.007e-7 0 -1 -4.19401e-7 0 -1 0 0 -1 0 0 -1 0 0 -1 0 0 -1 0 0 -1 -3.71217e-7 0 -1 3.44939e-7 0 -1 3.33323e-7 0 -1 6.33996e-7 0 -1 -3.16501e-7 0 -1 1.22342e-6 0 -1 -2.67268e-7 0 -1 0 0 -1 3.04593e-7 0 -1 0 0 -1 0 0 -1 -1.35049e-7 0 -1 0 0 -1 0 0 -1 0 0 -1 0 0 -1 0 0 -1 -2.84129e-7 0 -1 -1.29054e-6 0 -1 -9.27468e-7 0 -1 -1.41351e-6 0 -1 1.5372e-6 0 -1 -7.5338e-7 0 -1 0 0 -1 1.16232e-6 0 -1 4.85611e-7 0 -1 6.45171e-7 0 -1 -5.72002e-7 0 -1 1.29102e-7 0 -1 2.10126e-7 0 -1 2.98435e-7 0 -1 0 0 -1 -6.04846e-7 0 -1 -2.63015e-7 0 -1 -3.98877e-7 0 -1 -6.96969e-7 0 -1 -2.49682e-7 0 -1 -1.38494e-7 0 -1 0 0 -1 -1.21133e-7 0 -1 1.33073e-6 0 -1 -2.38227e-7 0 -1 0 0 -1 -2.97181e-7 0 -1 0 0 -1 6.35273e-7 0 -1 -2.22759e-7 0 -1 4.58945e-7 0 -1 0 0 -1 0 0 -1 0 0 -1 0 0 -1 0 0 -1 0 0 -1 0 0 -1 -2.91421e-7 0 -1 0 0 -1 0 0 -1 0 0 -1 0 0 -1 0 0 -1 4.20656e-7 0 -1 -4.4755e-7 0 -1 1.65372e-7 0 -1 0 0 -1 0 0 -1 1.65176e-7 0 -1 -2.37152e-7 0 -1 0 0 -1 1.84414e-7 0 -1 0.9926998 -0.1206121 0 0.8854776 -0.464682 0 0.9349829 -0.3546929 0 0.9709751 -0.2391806 0 0.9926815 -0.1207624 0 0.9708706 -0.2396047 3.0519e-5 0.7484272 -0.6632171 3.05194e-5 0.7488574 -0.6627313 0 0.8853952 -0.4648393 0 0.8228004 -0.5683305 3.05193e-5 0.8230987 -0.5678985 0 0.4646216 -0.8855094 0 0.3547195 -0.9349728 -6.10375e-5 0.567989 -0.8230362 3.0519e-5 0.6629913 -0.7486271 6.10377e-5 0.5680239 -0.8230121 0 0.120582 -0.9927035 3.05194e-5 0.2391448 -0.9709839 3.05187e-5 0.2396335 -0.9708635 0 0.3541151 -0.9352019 0 -0.2396335 -0.9708635 0 -0.2391448 -0.9709839 -3.05187e-5 -3.05185e-5 -1 0 -0.1208563 -0.99267 0 -0.120582 -0.9927035 -3.05194e-5 -0.5680239 -0.8230121 -3.05192e-5 -0.567989 -0.8230362 -3.0519e-5 -0.6629913 -0.7486271 -6.10377e-5 -0.3547195 -0.9349728 6.10375e-5 -0.4647789 -0.8854268 0 -0.8853826 -0.4648633 0 -0.8228004 -0.5683305 -3.05193e-5 -0.8230987 -0.5678985 0 -0.7488574 -0.6627313 0 -0.7484272 -0.6632171 -3.05194e-5 -0.6633309 -0.7483264 0 -0.9709751 -0.2391806 0 -0.9708706 -0.2396047 -3.0519e-5 -0.8854776 -0.464682 0 -0.9350754 -0.354449 0 -0.9349829 -0.3546929 0 -0.9926998 0.1206121 0 -0.9926736 0.1208263 0 -0.9709751 0.2391806 0 -0.9926998 -0.1206121 0 -0.8231995 0.5677523 -3.05194e-5 -0.8855411 0.4645612 0 -0.8853508 0.4649236 0 -0.9349829 0.3546929 0 -0.9350513 0.3545125 0 -0.9708706 0.2396047 3.0519e-5 -0.6630064 0.7486138 0 -0.5683305 0.8228004 -3.05193e-5 -0.6632341 0.748412 0 -0.8227763 0.5683655 3.05195e-5 -0.7484272 0.6632171 0 -0.7486271 0.6629913 0 -0.3547195 0.9349728 0 -0.3545125 0.9350513 0 -0.2396047 0.9708706 -3.0519e-5 -0.4649236 0.8853508 0 -0.5677729 0.8231853 3.05189e-5 -0.4645612 0.8855411 0 -0.1203377 0.9927331 0 -0.1207962 0.9926773 0 -0.238965 0.9710283 3.05192e-5 0.1203377 0.9927331 0 6.10389e-5 1 0 0.1208263 0.9926736 0 -6.1037e-5 1 0 0.2396047 0.9708706 3.0519e-5 0.238965 0.9710283 -3.05192e-5 0.3547195 0.9349728 0 0.3544859 0.9350615 0 0.4645612 0.8855411 0 0.4649236 0.8853508 0 0.5683305 0.8228004 3.05193e-5 0.5677729 0.8231853 -3.05189e-5 0.6632171 0.7484272 0 0.7484272 0.6632171 0 0.7486271 0.6629913 0 0.8231995 0.5677523 3.05194e-5 0.8227763 0.5683655 -3.05195e-5 0.8855411 0.4645612 0 0.8853508 0.4649236 0 0.9349829 0.3546929 0 0.9350513 0.3545125 0 0.9709839 0.2391448 0 0.9708706 0.2396047 -3.0519e-5 0.9926998 0.1206121 0 0.99267 0.1208563 0</float_array>
          <technique_common>
            <accessor source="#ID47_001-mesh-normals-array" count="609" stride="3">
              <param name="X" type="float"/>
              <param name="Y" type="float"/>
              <param name="Z" type="float"/>
            </accessor>
          </technique_common>
        </source>
        <vertices id="ID47_001-mesh-vertices">
          <input semantic="POSITION" source="#ID47_001-mesh-positions"/>
        </vertices>
        <triangles material="ID53_002-material" count="1064">
          <input semantic="VERTEX" source="#ID47_001-mesh-vertices" offset="0"/>
          <input semantic="NORMAL" source="#ID47_001-mesh-normals" offset="1"/>
          <p>0 0 2 0 1 0 0 0 3 0 2 0 4 1 6 1 5 1 5 2 7 2 4 2 8 3 10 3 9 3 11 4 13 4 12 4 14 3 15 3 9 3 9 5 15 5 8 5 9 6 17 6 16 6 14 7 9 7 16 7 9 8 19 8 18 8 17 3 9 3 18 3 19 3 9 3 11 3 20 9 11 9 21 9 21 3 11 3 12 3 11 3 23 3 22 3 13 10 11 10 22 10 11 11 25 11 24 11 23 12 11 12 24 12 11 3 9 3 25 3 9 3 26 3 25 3 27 13 29 13 28 13 30 13 29 13 31 13 32 14 34 14 33 14 35 15 29 15 27 15 29 16 35 16 36 16 28 17 29 17 37 17 33 18 38 18 29 18 32 13 29 13 30 13 29 13 39 13 37 13 36 13 31 13 29 13 32 19 40 19 34 19 33 13 29 13 32 13 32 20 42 20 41 20 40 13 32 13 41 13 32 21 43 21 42 21 44 22 45 22 32 22 43 13 32 13 45 13 46 23 48 24 47 23 49 25 51 24 50 25 52 26 54 27 53 27 55 26 57 28 56 28 58 29 60 30 59 30 59 30 61 29 58 29 62 31 63 31 60 30 59 30 60 30 63 31 58 29 61 29 54 27 52 26 53 27 55 26 54 27 61 29 53 27 56 28 57 28 47 23 52 26 55 26 56 28 46 23 51 24 48 24 57 28 46 23 47 23 49 25 48 24 51 24 64 32 66 32 65 33 66 32 68 34 67 34 68 34 66 32 64 32 69 35 67 34 70 35 68 34 70 35 67 34 71 36 72 36 69 35 69 35 70 35 71 36 64 32 65 33 73 33 74 37 75 37 73 33 73 33 65 33 74 37 75 37 77 38 76 38 77 38 75 37 74 37 77 38 78 39 76 38 76 38 78 39 79 39 80 40 82 40 81 40 81 41 82 41 83 41 84 41 86 41 85 41 81 41 83 41 84 41 84 41 83 41 86 41 81 41 87 41 80 41 88 42 90 42 89 42 88 43 91 43 90 43 92 44 94 44 93 44 95 44 90 44 91 44 92 45 89 45 94 45 90 46 94 46 89 46 96 13 98 13 97 13 96 13 99 13 98 13 100 47 102 47 101 47 100 47 103 47 102 47 104 3 106 3 105 3 106 3 104 3 107 3 108 48 110 48 109 48 110 48 111 48 109 48 109 49 113 49 112 49 112 48 113 48 114 48 109 48 111 48 113 48 114 50 110 50 108 50 113 48 115 48 114 48 114 48 115 48 110 48 116 51 118 52 117 53 119 54 121 55 120 56 122 57 124 58 123 59 125 60 127 61 126 62 128 63 130 64 129 65 131 66 133 67 132 68 132 68 134 69 131 66 135 70 133 67 136 71 131 66 136 71 133 67 137 72 135 70 136 71 127 61 134 69 132 68 127 61 125 60 134 69 130 64 126 62 129 65 125 60 126 62 130 64 128 63 119 54 120 56 129 65 119 54 128 63 121 55 122 57 123 59 121 55 123 59 120 56 118 52 116 51 124 58 118 52 124 58 122 57 116 51 117 53 138 73 139 74 141 74 140 74 140 74 142 74 139 74 143 75 145 76 144 75 146 77 148 76 147 77 149 78 151 79 150 78 150 78 153 80 152 80 150 78 152 80 149 78 149 78 154 79 151 79 152 80 153 80 144 75 143 75 148 76 145 76 153 80 143 75 144 75 146 77 145 76 148 76 155 81 157 81 156 81 156 82 158 82 155 82 159 83 161 84 160 85 162 86 164 87 163 87 165 88 167 88 166 83 168 89 170 89 169 90 171 86 173 91 172 91 174 92 176 93 175 92 177 94 179 94 178 90 180 95 182 96 181 96 183 97 185 93 184 97 186 98 188 98 187 99 189 95 191 100 190 100 192 101 194 102 193 101 195 103 197 103 196 99 198 104 200 105 199 105 201 106 203 102 202 106 204 107 206 107 205 108 207 104 209 109 208 109 210 110 211 108 205 108 204 107 205 108 211 108 210 110 213 111 212 110 212 110 211 108 210 110 214 111 213 111 215 112 213 111 214 111 212 110 216 113 217 112 215 112 214 111 215 112 217 112 216 113 219 114 218 113 218 113 217 112 216 113 220 114 219 114 221 115 219 114 220 114 218 113 222 116 223 115 221 115 220 114 221 115 223 115 224 116 223 115 222 116 209 109 206 107 208 109 208 109 206 107 204 107 207 104 200 105 198 104 207 104 198 104 209 109 199 105 201 106 202 106 200 105 201 106 199 105 194 102 203 102 193 101 202 106 203 102 194 102 195 103 192 101 197 103 192 101 193 101 197 103 186 98 187 99 196 99 187 99 195 103 196 99 190 100 191 100 188 98 190 100 188 98 186 98 189 95 182 96 180 95 189 95 180 95 191 100 181 96 183 97 184 97 182 96 183 97 181 96 176 93 185 93 175 92 184 97 185 93 176 93 177 94 174 92 179 94 174 92 175 92 179 94 168 89 169 90 178 90 169 90 177 94 178 90 172 91 173 91 170 89 172 91 170 89 168 89 171 86 164 87 162 86 171 86 162 86 173 91 163 87 167 88 165 88 164 87 167 88 163 87 159 83 166 83 161 84 165 88 166 83 159 83 225 47 227 47 226 47 226 47 228 47 225 47 229 117 231 118 230 118 232 119 234 120 233 120 235 121 237 121 236 122 238 123 240 124 239 125 241 119 242 124 240 124 243 126 244 127 238 123 238 123 239 125 243 126 232 119 242 124 241 119 240 124 242 124 239 125 234 120 237 121 233 120 241 119 234 120 232 119 235 121 236 122 229 117 233 120 237 121 235 121 231 118 229 117 236 122 245 128 247 128 246 128 246 129 248 129 245 129 249 130 251 131 250 130 252 127 254 131 253 127 255 132 257 133 256 133 258 132 260 134 259 134 261 135 263 136 262 135 262 135 257 133 261 135 257 133 262 135 256 133 261 135 264 136 263 136 255 132 256 133 258 132 259 134 260 134 250 130 255 132 258 132 259 134 249 130 254 131 251 131 260 134 249 130 250 130 252 127 251 131 254 131 265 137 267 137 266 137 268 138 269 138 266 138 270 139 272 139 271 139 273 140 275 140 274 140 276 141 278 141 277 141 279 142 281 142 280 142 276 143 283 143 282 143 283 144 276 144 277 144 284 145 285 145 282 145 282 146 283 146 284 146 285 147 287 147 286 147 278 148 279 148 277 148 285 149 284 149 287 149 280 150 281 150 271 150 279 151 278 151 281 151 272 152 270 152 274 152 280 153 271 153 272 153 273 154 267 154 275 154 270 155 273 155 274 155 266 156 269 156 265 156 267 157 265 157 275 157 268 158 288 158 269 158 289 159 291 160 290 161 292 162 294 163 293 164 295 165 297 166 296 167 298 168 300 169 299 170 301 171 303 172 302 173 304 174 306 175 305 176 302 173 308 177 307 178 307 178 301 171 302 173 309 179 310 180 308 177 307 178 308 177 310 180 301 171 304 174 303 172 304 174 305 176 303 172 297 166 306 175 296 167 305 176 306 175 297 166 295 165 298 168 299 170 296 167 298 168 295 165 300 169 289 159 290 161 300 169 290 161 299 170 293 164 294 163 291 160 293 164 291 160 289 159 294 163 292 162 311 181 312 182 314 182 313 182 315 183 317 183 316 183 318 184 320 184 319 184 321 185 323 185 322 185 323 186 324 186 316 186 325 187 327 187 326 187 328 188 327 188 329 188 330 189 332 189 331 189 330 190 331 190 333 190 334 191 335 191 332 191 331 192 332 192 335 192 336 193 338 194 337 193 334 195 340 196 339 196 341 197 343 197 342 198 344 199 346 194 345 199 347 200 348 201 342 198 342 198 343 197 347 200 341 197 345 199 343 197 347 200 349 201 348 201 346 194 344 199 338 194 345 199 341 197 344 199 336 193 337 193 340 196 346 194 338 194 336 193 339 196 335 202 334 195 337 193 339 196 340 196 312 203 330 203 333 203 313 204 314 204 325 204 312 205 333 205 314 205 326 206 327 206 328 206 313 207 325 207 326 207 328 208 329 208 322 208 321 209 324 209 323 209 329 210 321 210 322 210 324 211 315 211 316 211 315 212 320 212 317 212 318 213 317 213 320 213 350 214 352 215 351 215 353 216 355 217 354 218 356 219 358 214 357 219 359 220 361 221 360 220 362 216 364 222 363 222 365 223 367 223 366 224 368 225 370 221 369 225 371 226 373 227 372 227 374 228 376 228 375 229 377 230 379 231 378 230 380 232 382 233 381 233 383 234 385 234 384 235 386 236 388 231 387 237 389 238 391 239 390 239 392 240 394 240 393 235 395 241 397 242 396 243 398 238 400 244 399 244 401 245 403 245 402 246 404 47 406 242 405 47 407 247 409 248 408 248 410 249 412 250 411 246 413 251 415 252 414 251 416 247 418 253 417 254 419 255 421 255 420 256 422 257 424 252 423 257 425 258 427 258 426 256 428 259 430 260 429 259 430 260 428 259 431 260 429 259 433 261 432 261 432 261 428 259 429 259 434 262 435 262 433 261 432 261 433 261 435 262 436 263 434 262 437 263 434 262 436 263 435 262 437 263 439 264 438 264 438 264 436 263 437 263 440 265 441 265 439 264 438 264 439 264 441 265 442 266 440 265 443 266 440 265 442 266 441 265 443 266 445 267 444 267 444 267 442 266 443 266 446 268 447 268 445 267 444 267 445 267 447 268 448 269 446 268 449 269 446 268 448 269 447 268 449 269 451 270 450 270 450 270 448 269 449 269 452 271 453 271 451 270 450 270 451 270 453 271 352 215 452 271 351 215 452 271 352 215 453 271 427 258 425 258 431 260 430 260 431 260 425 258 420 256 421 255 426 256 427 258 420 256 426 256 422 257 423 257 419 255 419 255 423 257 421 255 413 251 424 252 415 252 415 252 424 252 422 257 418 253 414 251 417 254 418 253 413 251 414 251 416 247 407 247 408 248 416 247 417 254 407 247 409 248 412 250 410 249 408 248 409 248 410 249 402 246 403 245 411 246 412 250 402 246 411 246 404 47 405 47 401 245 401 245 405 47 403 245 395 241 406 242 397 242 397 242 406 242 404 47 400 244 396 243 399 244 400 244 395 241 396 243 398 238 389 238 390 239 398 238 399 244 389 238 391 239 394 240 392 240 390 239 391 239 392 240 384 235 385 234 393 235 394 240 384 235 393 235 386 236 387 237 383 234 383 234 387 237 385 234 377 230 388 231 379 231 379 231 388 231 386 236 382 233 378 230 381 233 382 233 377 230 378 230 380 232 371 226 372 227 380 232 381 233 371 226 373 227 376 228 374 228 372 227 373 227 374 228 366 224 367 223 375 229 376 228 366 224 375 229 368 225 369 225 365 223 365 223 369 225 367 223 359 220 370 221 361 221 361 221 370 221 368 225 364 222 360 220 363 222 364 222 359 220 360 220 362 216 353 216 354 218 362 216 363 222 353 216 355 217 356 219 357 219 354 218 355 217 357 219 350 214 351 215 358 214 356 219 350 214 358 214 454 214 456 215 455 215 457 216 459 218 458 218 460 219 462 214 461 219 463 220 465 221 464 220 466 216 468 222 467 222 469 223 471 272 470 224 472 225 474 221 473 225 475 226 477 227 476 227 478 228 480 228 479 229 481 230 483 231 482 230 484 232 486 233 485 233 487 234 489 234 488 235 490 236 492 231 491 236 493 238 495 239 494 239 496 273 498 240 497 235 499 241 501 242 500 241 502 238 504 244 503 244 505 245 507 245 506 246 508 47 510 242 509 47 511 247 513 248 512 248 514 249 516 249 515 246 517 251 519 252 518 251 520 247 522 254 521 254 523 255 525 255 524 256 526 257 528 252 527 257 529 258 531 258 530 256 532 259 534 260 533 259 534 260 532 259 535 274 533 259 537 261 536 261 536 261 532 259 533 259 538 262 539 262 537 261 536 261 537 261 539 262 540 263 538 262 541 263 538 262 540 263 539 262 541 263 543 264 542 264 542 264 540 263 541 263 544 275 545 275 543 264 542 264 543 264 545 275 546 266 544 275 547 266 544 275 546 266 545 275 547 266 549 267 548 267 548 267 546 266 547 266 550 268 551 268 549 267 548 267 549 267 551 268 552 269 550 268 553 269 550 268 552 269 551 268 553 269 555 276 554 276 554 276 552 269 553 269 556 271 557 271 555 276 554 276 555 276 557 271 456 215 556 271 455 215 556 271 456 215 557 271 531 258 529 258 535 274 534 260 535 274 529 258 524 256 525 255 530 256 531 258 524 256 530 256 526 257 527 257 523 255 523 255 527 257 525 255 517 251 528 252 519 252 519 252 528 252 526 257 522 254 518 251 521 254 522 254 517 251 518 251 520 247 511 247 512 248 520 247 521 254 511 247 513 248 516 249 514 249 512 248 513 248 514 249 506 246 507 245 515 246 516 249 506 246 515 246 508 47 509 47 505 245 505 245 509 47 507 245 499 241 510 242 501 242 501 242 510 242 508 47 504 244 500 241 503 244 504 244 499 241 500 241 502 238 493 238 494 239 502 238 503 244 493 238 495 239 498 240 496 273 494 239 495 239 496 273 488 235 489 234 497 235 498 240 488 235 497 235 490 236 491 236 487 234 487 234 491 236 489 234 481 230 492 231 483 231 483 231 492 231 490 236 486 233 482 230 485 233 486 233 481 230 482 230 484 232 475 226 476 227 484 232 485 233 475 226 477 227 480 228 478 228 476 227 477 227 478 228 470 224 471 272 479 229 480 228 470 224 479 229 472 225 473 225 469 223 469 223 473 225 471 272 463 220 474 221 465 221 465 221 474 221 472 225 468 222 464 220 467 222 468 222 463 220 464 220 466 216 457 216 458 218 466 216 467 222 457 216 459 218 460 219 461 219 458 218 459 218 461 219 454 214 455 215 462 214 460 219 454 214 462 214 558 277 560 277 559 277 561 278 563 278 562 278 564 13 566 13 565 13 567 13 568 13 563 13 563 279 561 279 567 279 569 280 570 280 567 280 567 281 570 281 568 281 571 13 567 13 572 13 571 282 569 282 567 282 573 13 567 13 574 13 572 283 567 283 573 283 563 284 575 284 562 284 576 285 563 285 577 285 576 13 575 13 563 13 563 13 579 13 578 13 577 13 563 13 578 13 580 286 579 286 563 286 580 287 581 287 579 287 582 13 584 13 583 13 585 288 587 288 586 288 588 13 590 13 589 13 591 13 593 13 592 13 594 13 590 13 595 13 596 13 595 13 590 13 597 13 599 13 598 13 600 289 602 289 601 289 599 290 604 290 603 290 605 13 565 13 597 13 565 291 566 291 606 291 607 13 604 13 599 13 608 13 609 13 607 13 606 292 611 292 610 292 612 293 613 293 608 293 614 294 610 294 615 294 612 295 608 295 616 295 614 296 615 296 617 296 616 297 619 297 618 297 620 298 621 298 614 298 622 299 624 299 623 299 621 13 626 13 625 13 627 300 628 300 624 300 602 13 625 13 629 13 630 13 632 13 631 13 602 13 629 13 633 13 634 13 635 13 632 13 636 301 638 301 637 301 600 13 640 13 639 13 641 13 643 13 642 13 643 13 639 13 640 13 644 302 642 302 645 302 642 303 647 303 646 303 648 13 642 13 649 13 642 304 650 304 645 304 648 305 652 305 651 305 590 13 654 13 653 13 581 306 558 306 559 306 655 13 559 13 656 13 559 307 655 307 657 307 559 308 560 308 658 308 656 13 559 13 658 13 659 309 661 309 660 309 662 13 590 13 663 13 590 310 588 310 664 310 589 13 590 13 594 13 665 311 667 311 666 311 668 13 669 13 591 13 590 312 664 312 670 312 591 313 669 313 593 313 667 314 672 314 671 314 670 13 592 13 673 13 674 13 676 13 675 13 677 13 679 13 678 13 680 315 682 315 681 315 683 316 685 316 684 316 680 13 686 13 682 13 687 317 688 317 559 317 686 318 689 318 682 318 690 319 691 319 688 319 659 320 693 320 692 320 694 13 695 13 659 13 696 321 659 321 697 321 698 13 659 13 699 13 659 322 700 322 661 322 659 323 696 323 700 323 642 13 659 13 660 13 701 13 642 13 702 13 642 324 660 324 702 324 651 325 704 325 703 325 705 13 642 13 706 13 642 326 701 326 706 326 642 327 707 327 649 327 642 328 705 328 707 328 708 13 710 13 709 13 711 13 713 13 712 13 714 13 716 13 715 13 717 13 719 13 718 13 720 13 722 13 721 13 723 329 722 329 724 329 725 330 726 330 720 330 727 13 729 13 728 13 730 331 732 331 731 331 726 13 732 13 730 13 662 332 663 332 733 332 662 13 733 13 731 13 590 333 735 333 734 333 736 13 735 13 737 13 738 13 734 13 735 13 739 13 590 13 662 13 738 334 735 334 736 334 740 13 590 13 741 13 590 335 739 335 741 335 596 13 590 13 740 13 724 336 742 336 723 336 721 13 725 13 720 13 622 337 623 337 619 337 663 13 590 13 734 13 731 338 733 338 730 338 732 339 726 339 725 339 722 340 723 340 721 340 742 13 714 13 715 13 714 13 742 13 724 13 716 341 743 341 715 341 718 13 743 13 717 13 716 13 717 13 743 13 718 13 719 13 710 13 708 342 709 342 744 342 710 343 719 343 709 343 744 13 712 13 713 13 713 13 708 13 744 13 703 344 711 344 712 344 652 13 704 13 651 13 703 345 704 345 711 345 648 346 649 346 652 346 648 13 650 13 642 13 642 347 644 347 647 347 646 13 641 13 642 13 641 348 639 348 643 348 600 349 601 349 640 349 602 350 633 350 601 350 625 351 626 351 629 351 621 352 620 352 626 352 614 353 617 353 620 353 610 354 611 354 615 354 606 355 566 355 611 355 565 356 605 356 564 356 597 357 598 357 605 357 599 358 603 358 598 358 607 359 609 359 604 359 608 360 613 360 609 360 616 361 618 361 612 361 616 13 622 13 619 13 624 362 628 362 623 362 624 13 630 13 627 13 631 13 632 13 635 13 627 13 630 13 631 13 634 363 632 363 636 363 729 13 637 13 638 13 637 13 634 13 636 13 728 364 745 364 727 364 728 13 729 13 638 13 735 365 745 365 746 365 728 13 746 13 745 13 747 366 735 366 748 366 735 367 746 367 748 367 737 13 735 13 749 13 735 368 747 368 749 368 580 369 751 369 750 369 580 370 752 370 751 370 688 371 754 371 753 371 580 372 756 372 755 372 750 13 756 13 580 13 757 13 581 13 755 13 580 373 755 373 581 373 758 13 581 13 759 13 581 374 757 374 759 374 760 13 581 13 761 13 581 375 758 375 761 375 762 13 581 13 763 13 581 376 760 376 763 376 581 377 764 377 558 377 581 378 762 378 764 378 765 13 687 13 559 13 657 379 765 379 559 379 753 13 559 13 688 13 681 13 685 13 766 13 767 380 768 380 689 380 688 381 691 381 754 381 690 382 770 382 769 382 691 383 690 383 769 383 771 13 768 13 767 13 659 13 772 13 690 13 690 384 772 384 770 384 771 13 697 13 773 13 773 13 697 13 698 13 659 13 690 13 693 13 659 13 698 13 697 13 659 385 692 385 774 385 659 386 774 386 694 386 775 13 699 13 659 13 695 13 775 13 659 13 771 387 773 387 768 387 767 388 689 388 686 388 681 389 766 389 680 389 684 390 776 390 683 390 685 391 683 391 766 391 676 13 776 13 675 13 684 13 675 13 776 13 676 13 674 13 679 13 677 392 678 392 671 392 679 393 674 393 678 393 665 394 672 394 667 394 672 13 677 13 671 13 668 13 665 13 666 13 592 395 593 395 673 395 669 396 668 396 666 396 590 13 670 13 673 13 583 13 653 13 654 13 654 13 590 13 673 13 583 397 585 397 582 397 583 398 584 398 653 398 586 13 587 13 580 13 582 399 585 399 586 399 752 13 580 13 777 13 580 400 587 400 777 400 778 3 780 3 779 3 781 3 783 3 782 3 784 401 782 401 783 401 785 3 786 3 783 3 785 3 783 3 781 3 787 402 783 402 788 402 786 3 788 3 783 3 789 3 778 3 790 3 789 3 791 3 778 3 792 3 794 3 793 3 795 403 797 403 796 403 798 404 800 404 799 404 801 3 803 3 802 3 804 3 806 3 805 3 807 405 809 405 808 405 810 3 812 3 811 3 809 406 814 406 813 406 815 3 808 3 812 3 812 407 816 407 811 407 806 3 809 3 813 3 817 408 819 408 818 408 816 409 817 409 820 409 819 410 821 410 818 410 804 411 823 411 822 411 824 412 819 412 825 412 826 413 804 413 822 413 825 3 828 3 827 3 829 3 830 3 826 3 799 414 832 414 831 414 833 3 834 3 828 3 835 415 837 415 836 415 838 3 834 3 833 3 837 416 840 416 839 416 833 417 803 417 841 417 842 418 844 418 843 418 794 3 846 3 845 3 801 419 802 419 846 419 793 420 794 420 847 420 848 3 849 3 794 3 794 3 851 3 850 3 852 421 854 421 853 421 851 422 856 422 855 422 857 3 858 3 797 3 859 423 860 423 797 423 861 3 863 3 862 3 778 424 779 424 864 424 865 425 778 425 791 425 778 426 864 426 790 426 866 3 867 3 863 3 868 3 869 3 778 3 870 3 871 3 868 3 872 3 874 3 873 3 787 427 788 427 865 427 875 428 784 428 783 428 876 429 875 429 783 429 877 3 876 3 878 3 876 3 783 3 878 3 879 430 880 430 876 430 879 431 876 431 877 431 876 432 882 432 881 432 880 3 882 3 876 3 876 3 881 3 883 3 787 433 885 433 884 433 886 3 888 3 887 3 787 434 890 434 889 434 885 3 787 3 889 3 865 435 891 435 787 435 890 3 787 3 891 3 892 436 893 436 865 436 865 437 893 437 891 437 894 3 895 3 865 3 865 438 895 438 892 438 896 3 897 3 865 3 865 439 897 439 894 439 898 3 899 3 865 3 865 440 899 440 896 440 865 441 791 441 898 441 900 442 778 442 869 442 780 3 778 3 900 3 870 3 868 3 778 3 901 443 859 443 868 443 868 3 871 3 901 3 859 444 903 444 902 444 901 3 903 3 859 3 904 3 905 3 797 3 859 3 902 3 860 3 906 3 907 3 797 3 797 445 907 445 859 445 797 446 905 446 908 446 797 447 908 447 906 447 909 448 911 448 910 448 904 3 797 3 858 3 912 449 914 449 913 449 857 3 797 3 915 3 916 3 918 3 917 3 919 450 916 450 920 450 921 3 923 3 922 3 924 451 926 451 925 451 852 452 927 452 854 452 928 3 853 3 929 3 911 3 927 3 852 3 930 3 928 3 929 3 931 3 909 3 910 3 861 453 862 453 932 453 910 3 932 3 931 3 933 3 863 3 934 3 935 3 863 3 936 3 933 3 936 3 863 3 873 3 867 3 866 3 867 3 862 3 863 3 873 454 874 454 888 454 873 455 866 455 872 455 887 3 787 3 886 3 874 456 887 456 888 456 884 3 937 3 787 3 787 457 937 457 886 457 938 458 863 458 939 458 863 459 935 459 940 459 863 460 940 460 941 460 863 461 861 461 934 461 862 3 931 3 932 3 911 462 909 462 927 462 929 3 853 3 854 3 921 463 930 463 923 463 930 464 921 464 928 464 942 3 922 3 923 3 942 3 926 3 924 3 924 3 922 3 942 3 925 465 926 465 917 465 918 3 916 3 919 3 925 3 917 3 918 3 919 466 920 466 943 466 912 3 943 3 914 3 920 3 914 3 943 3 944 467 913 467 945 467 912 3 913 3 944 3 945 468 915 468 946 468 946 469 944 469 945 469 947 470 946 470 797 470 915 3 797 3 946 3 797 471 795 471 948 471 797 472 948 472 947 472 794 3 796 3 797 3 949 3 950 3 794 3 794 473 950 473 796 473 856 474 952 474 951 474 953 3 954 3 794 3 794 475 954 475 949 475 794 476 850 476 955 476 794 477 955 477 953 477 956 3 958 3 957 3 959 3 961 3 960 3 962 3 964 3 963 3 965 3 967 3 966 3 968 3 970 3 969 3 971 478 972 478 969 478 973 479 968 479 974 479 968 480 973 480 970 480 975 481 977 481 976 481 974 3 975 3 976 3 939 482 978 482 938 482 939 3 977 3 978 3 830 3 800 3 798 3 979 3 981 3 980 3 982 3 980 3 983 3 984 3 939 3 863 3 982 483 979 483 980 483 985 3 986 3 863 3 863 484 986 484 984 484 941 3 985 3 863 3 987 3 989 3 988 3 972 485 971 485 990 485 938 3 983 3 863 3 863 486 983 486 980 486 977 487 975 487 978 487 976 488 973 488 974 488 969 489 970 489 971 489 990 3 964 3 962 3 962 3 972 3 990 3 963 490 964 490 991 490 967 3 965 3 991 3 963 3 991 3 965 3 967 3 957 3 966 3 956 491 992 491 958 491 957 492 958 492 966 492 992 3 960 3 961 3 960 3 992 3 956 3 952 493 961 493 959 493 855 3 856 3 951 3 952 494 959 494 951 494 851 495 855 495 850 495 851 3 794 3 792 3 794 496 849 496 847 496 848 3 794 3 845 3 845 497 846 497 802 497 803 498 801 498 841 498 833 499 841 499 838 499 828 500 834 500 827 500 825 501 827 501 824 501 819 502 824 502 821 502 817 503 818 503 820 503 816 504 820 504 811 504 812 505 810 505 815 505 808 506 815 506 807 506 809 507 807 507 814 507 806 508 813 508 805 508 804 509 805 509 823 509 826 510 822 510 829 510 826 3 830 3 798 3 799 511 800 511 832 511 799 3 831 3 836 3 835 3 840 3 837 3 831 3 835 3 836 3 839 512 843 512 837 512 989 3 844 3 842 3 842 3 843 3 839 3 987 513 988 513 993 513 987 3 844 3 989 3 980 514 994 514 993 514 987 3 993 3 994 3 995 515 996 515 980 515 980 516 996 516 994 516 981 3 997 3 980 3 980 517 997 517 995 517 998 518 1000 215 999 215 1001 519 1003 218 1002 520 1004 521 1006 522 1005 523 1007 524 1009 221 1008 525 1010 526 1012 527 1011 528 1013 272 1015 529 1014 530 1016 531 1018 532 1017 533 1019 232 1021 227 1020 534 1022 535 1024 536 1023 537 1025 538 1027 231 1026 539 1028 540 1030 541 1029 542 1031 543 1033 544 1032 545 1034 237 1036 546 1035 547 1037 548 1039 549 1038 550 1040 551 1042 552 1041 553 1043 554 1045 242 1044 555 1046 556 1048 557 1047 558 1049 559 1051 560 1050 561 1052 47 1054 562 1053 47 1055 563 1057 564 1056 565 1058 566 1060 567 1059 568 1061 569 1063 570 1062 571 1064 572 1066 573 1065 574 1067 575 1069 576 1068 577 1070 578 1072 579 1071 580 1073 581 1075 582 1074 583 1076 584 1078 585 1077 586 1078 585 1076 584 1079 587 1077 586 1081 588 1080 589 1080 589 1076 584 1077 586 1082 590 1083 591 1081 588 1080 589 1081 588 1083 591 1084 592 1082 590 1085 593 1082 590 1084 592 1083 591 1085 593 1087 594 1086 595 1086 595 1084 592 1085 593 1088 596 1089 275 1087 594 1086 595 1087 594 1089 275 1090 597 1088 596 1091 598 1088 596 1090 597 1089 275 1091 598 1093 599 1092 600 1092 600 1090 597 1091 598 1094 601 1095 602 1093 599 1092 600 1093 599 1095 602 1096 603 1094 601 1097 604 1094 601 1096 603 1095 602 1097 604 1099 605 1098 606 1098 606 1096 603 1097 604 1100 607 1101 608 1099 605 1098 606 1099 605 1101 608 1000 215 1100 607 999 215 1100 607 1000 215 1101 608 1075 582 1073 581 1079 587 1078 585 1079 587 1073 581 1068 577 1069 576 1074 583 1075 582 1068 577 1074 583 1070 578 1071 580 1067 575 1067 575 1071 580 1069 576 1061 569 1072 579 1063 570 1063 570 1072 579 1070 578 1066 573 1062 571 1065 574 1066 573 1061 569 1062 571 1064 572 1055 563 1056 565 1064 572 1065 574 1055 563 1057 564 1060 567 1058 566 1056 565 1057 564 1058 566 1050 561 1051 560 1059 568 1060 567 1050 561 1059 568 1052 47 1053 47 1049 559 1049 559 1053 47 1051 560 1043 554 1054 562 1045 242 1045 242 1054 562 1052 47 1048 557 1044 555 1047 558 1048 557 1043 554 1044 555 1046 556 1037 548 1038 550 1046 556 1047 558 1037 548 1039 549 1042 552 1040 551 1038 550 1039 549 1040 551 1032 545 1033 544 1041 553 1042 552 1032 545 1041 553 1034 237 1035 547 1031 543 1031 543 1035 547 1033 544 1025 538 1036 546 1027 231 1027 231 1036 546 1034 237 1030 541 1026 539 1029 542 1030 541 1025 538 1026 539 1028 540 1019 232 1020 534 1028 540 1029 542 1019 232 1021 227 1024 536 1022 535 1020 534 1021 227 1022 535 1014 530 1015 529 1023 537 1024 536 1014 530 1023 537 1016 531 1017 533 1013 272 1013 272 1017 533 1015 529 1007 524 1018 532 1009 221 1009 221 1018 532 1016 531 1012 527 1008 525 1011 528 1012 527 1007 524 1008 525 1010 526 1001 519 1002 520 1010 526 1011 528 1001 519 1003 218 1004 521 1005 523 1002 520 1003 218 1005 523 998 518 999 215 1006 522 1004 521 998 518 1006 522</p>
        </triangles>
      </mesh>
    </geometry>
  </library_geometries>
  <library_visual_scenes>
    <visual_scene id="Scene" name="Scene">
      <node id="Object_017" name="Object.017" type="NODE">
        <matrix sid="transform">-0.9970199 -0.0771484 5.82454e-09 -1.604518e-05 0 7.54979e-08 1 6.394168e-05 -0.0771484 0.9970199 -7.52729e-08 -1.610799e-05 0 0 0 1</matrix>
        <instance_geometry url="#ID254_001-mesh" name="Object.017">
          <bind_material>
            <technique_common>
              <instance_material symbol="ID10_002-material" target="#ID10_002-material"/>
            </technique_common>
          </bind_material>
        </instance_geometry>
      </node>
      <node id="Object_014" name="Object.014" type="NODE">
        <matrix sid="transform">-0.9970199 0.0771484 5.82454e-09 0.01742357 0 7.54979e-08 -1 0.005439183 -0.0771484 -0.9970199 -7.52729e-08 -0.001592107 0 0 0 1</matrix>
        <instance_geometry url="#ID47_001-mesh" name="Object.014">
          <bind_material>
            <technique_common>
              <instance_material symbol="ID53_002-material" target="#ID53_002-material"/>
            </technique_common>
          </bind_material>
        </instance_geometry>
      </node>
    </visual_scene>
  </library_visual_scenes>
  <scene>
    <instance_visual_scene url="#Scene"/>
  </scene>
</COLLADA>