<?xml version="1.0" encoding="utf-8"?>
<COLLADA xmlns="http://www.collada.org/2005/11/COLLADASchema" version="1.4.1" xmlns:xsi="http://www.w3.org/2001/XMLSchema-instance">
  <asset>
    <contributor>
      <author>Blender User</author>
      <authoring_tool>Blender 2.93.6 commit date:2021-11-16, commit time:14:54, hash:c842a90e2fa1</authoring_tool>
    </contributor>
    <created>2023-07-04T11:52:29</created>
    <modified>2023-07-04T11:52:29</modified>
    <unit name="meter" meter="1"/>
    <up_axis>Z_UP</up_axis>
  </asset>
  <library_effects>
    <effect id="ID90_002-effect">
      <profile_COMMON>
        <technique sid="common">
          <lambert>
            <emission>
              <color sid="emission">0 0 0 1</color>
            </emission>
            <diffuse>
              <color sid="diffuse">0.647059 0.619608 0.584314 1</color>
            </diffuse>
            <index_of_refraction>
              <float sid="ior">1.45</float>
            </index_of_refraction>
          </lambert>
        </technique>
      </profile_COMMON>
    </effect>
    <effect id="ID53_002-effect">
      <profile_COMMON>
        <technique sid="common">
          <lambert>
            <emission>
              <color sid="emission">0 0 0 1</color>
            </emission>
            <diffuse>
              <color sid="diffuse">0.498039 0.498039 0.498039 1</color>
            </diffuse>
            <index_of_refraction>
              <float sid="ior">1.45</float>
            </index_of_refraction>
          </lambert>
        </technique>
      </profile_COMMON>
    </effect>
    <effect id="ID10_002-effect">
      <profile_COMMON>
        <technique sid="common">
          <lambert>
            <emission>
              <color sid="emission">0 0 0 1</color>
            </emission>
            <diffuse>
              <color sid="diffuse">1 1 1 1</color>
            </diffuse>
            <index_of_refraction>
              <float sid="ior">1.45</float>
            </index_of_refraction>
          </lambert>
        </technique>
      </profile_COMMON>
    </effect>
    <effect id="ID147_002-effect">
      <profile_COMMON>
        <technique sid="common">
          <lambert>
            <emission>
              <color sid="emission">0 0 0 1</color>
            </emission>
            <diffuse>
              <color sid="diffuse">0.65098 0.619608 0.584314 1</color>
            </diffuse>
            <index_of_refraction>
              <float sid="ior">1.45</float>
            </index_of_refraction>
          </lambert>
        </technique>
      </profile_COMMON>
    </effect>
  </library_effects>
  <library_images/>
  <library_materials>
    <material id="ID90_002-material" name="ID90.002">
      <instance_effect url="#ID90_002-effect"/>
    </material>
    <material id="ID53_002-material" name="ID53.002">
      <instance_effect url="#ID53_002-effect"/>
    </material>
    <material id="ID10_002-material" name="ID10.002">
      <instance_effect url="#ID10_002-effect"/>
    </material>
    <material id="ID147_002-material" name="ID147.002">
      <instance_effect url="#ID147_002-effect"/>
    </material>
  </library_materials>
  <library_geometries>
    <geometry id="ID84_013-mesh" name="ID84.013">
      <mesh>
        <source id="ID84_013-mesh-positions">
          <float_array id="ID84_013-mesh-positions-array" count="28131">-0.002034975 0.00268434 -0.003297065 0.001837853 0 -0.003410905 0.001837853 0.00268434 -0.003410905 -0.002034975 0 -0.003297065 -0.003872828 0.00268434 0.0001138382 -0.002034975 0 -0.003297065 -0.002034975 0.00268434 -0.003297065 -0.003872828 0 0.0001138382 -0.001837853 0.00268434 0.003410905 -0.003872828 0 0.0001138382 -0.003872828 0.00268434 0.0001138382 -0.001837853 0 0.003410905 0.002034975 0.00268434 0.003297065 -0.001837853 0 0.003410905 -0.001837853 0.00268434 0.003410905 0.002034975 0 0.003297065 0.003872828 0.00268434 -0.0001138382 0.002034975 0 0.003297065 0.002034975 0.00268434 0.003297065 0.003872828 0 -0.0001138382 0.001837853 0.00268434 -0.003410905 0.003872828 0 -0.0001138382 0.003872828 0.00268434 -0.0001138382 0.001837853 0 -0.003410905 -0.001337612 0.00268434 -0.0001104008 -0.001337535 0.00268434 0.0001112836 -0.003872828 0.00268434 0.0001138382 0.001301117 0.00268434 -0.0003294869 0.003872828 0.00268434 -0.0001138382 0.001337603 0.00268434 -0.0001108369 -0.001837853 0.00268434 0.003410905 -0.0008240897 0.00268434 0.001059362 -0.0006385417 0.00268434 0.001180528 0.000824389 0.00268434 -0.001059175 0.0006388101 0.00268434 -0.001180419 0.001837853 0.00268434 -0.003410905 0.002034975 0.00268434 0.003297065 0 0.00268434 0.00134217 -0.0004359237 0.00268434 -0.001269422 -0.0006389698 0.00268434 -0.001180328 -0.002034975 0.00268434 -0.003297065 -0.0004356002 0.00268434 0.001269509 -0.0002209778 0.00268434 0.001323871 -0.001123367 0.00268434 0.0007344463 -0.0009871816 0.00268434 0.0009093052 -0.001228924 0.00268434 0.0005395473 -0.001300972 0.00268434 0.0003299204 -0.001229275 0.00268434 -0.000538797 -0.001301196 0.00268434 -0.0003290842 -0.001123807 0.00268434 -0.0007338169 -0.0008245729 0.00268434 -0.001059022 -0.0009876688 0.00268434 -0.000908818 0 0.00268434 -0.00134217 -0.0002209778 0.00268434 -0.001323871 0.0004358069 0.00268434 -0.001269464 0.0002209174 0.00268434 -0.001323881 0.001123635 0.00268434 -0.0007341068 0.0009874796 0.00268434 -0.0009090394 0.001229139 0.00268434 -0.00053915 0.001337603 0.00268434 0.0001108369 0.001229139 0.00268434 0.00053915 0.001301117 0.00268434 0.0003294869 0.001123635 0.00268434 0.0007341068 0.000824389 0.00268434 0.001059175 0.0009874796 0.00268434 0.0009090394 0.0004358069 0.00268434 0.001269464 0.0006388101 0.00268434 0.001180419 0.0002209174 0.00268434 0.001323881 -0.0008245729 0 0.001059022 -0.001837853 0 0.003410905 -0.0006389698 0 0.001180328 0 0 0.00134217 0.002034975 0 0.003297065 -0.001337612 0 0.0001104008 -0.001337535 0 -0.0001112836 -0.003872828 0 0.0001138382 0.003872828 0 -0.0001138382 0.001301117 0 -0.0003294869 0.001337603 0 -0.0001108369 -0.0004356002 0 -0.001269509 -0.002034975 0 -0.003297065 -0.0006385417 0 -0.001180528 0.001837853 0 -0.003410905 0.0006388101 0 -0.001180419 0.000824389 0 -0.001059175 -0.0004359237 0 0.001269422 -0.0002209778 0 0.001323871 -0.0009876688 0 0.000908818 -0.001123807 0 0.0007338169 -0.001229275 0 0.000538797 -0.001301196 0 0.0003290842 -0.001300972 0 -0.0003299204 -0.001228924 0 -0.0005395473 -0.001123367 0 -0.0007344463 -0.0008240897 0 -0.001059362 -0.0009871816 0 -0.0009093052 -0.0002209778 0 -0.001323871 0 0 -0.00134217 0.0002209174 0 -0.001323881 0.0004358069 0 -0.001269464 0.0009874796 0 -0.0009090394 0.001123635 0 -0.0007341068 0.001229139 0 -0.00053915 0.001337603 0 0.0001108369 0.001301117 0 0.0003294869 0.001229139 0 0.00053915 0.001123635 0 0.0007341068 0.000824389 0 0.001059175 0.0009874796 0 0.0009090394 0.0004358069 0 0.001269464 0.0006388101 0 0.001180419 0.0002209174 0 0.001323881 0.0002209174 0.00268434 -0.001323881 0 0 -0.00134217 0 0.00268434 -0.00134217 0.000824389 0.00268434 -0.001059175 0.0006388101 0 -0.001180419 0.0006388101 0.00268434 -0.001180419 0.0004358069 0.00268434 -0.001269464 0.0004358069 0 -0.001269464 0.0002209174 0 -0.001323881 0.001123635 0 -0.0007341068 0.001123635 0.00268434 -0.0007341068 0.001229139 0.00268434 -0.00053915 0.000824389 0 -0.001059175 0.0009874796 0.00268434 -0.0009090394 0.0009874796 0 -0.0009090394 0.001337603 0.00268434 -0.0001108369 0.001337603 0.00268434 0.0001108369 0.001337603 0 -0.0001108369 0.001301117 0.00268434 -0.0003294869 0.001301117 0 -0.0003294869 0.001229139 0 -0.00053915 0.001123635 0.00268434 0.0007341068 0.001229139 0 0.00053915 0.001229139 0.00268434 0.00053915 0.001301117 0 0.0003294869 0.001337603 0 0.0001108369 0.001301117 0.00268434 0.0003294869 0.000824389 0 0.001059175 0.000824389 0.00268434 0.001059175 0.0006388101 0.00268434 0.001180419 0.001123635 0 0.0007341068 0.0009874796 0.00268434 0.0009090394 0.0009874796 0 0.0009090394 0.0002209174 0.00268434 0.001323881 0 0.00268434 0.00134217 0.0002209174 0 0.001323881 0.0004358069 0.00268434 0.001269464 0.0004358069 0 0.001269464 0.0006388101 0 0.001180419 -0.0006385417 0.00268434 0.001180528 -0.0004359237 0 0.001269422 -0.0004356002 0.00268434 0.001269509 -0.0002209778 0 0.001323871 0 0 0.00134217 -0.0002209778 0.00268434 0.001323871 -0.0009876688 0 0.000908818 -0.0009871816 0.00268434 0.0009093052 -0.001123367 0.00268434 0.0007344463 -0.0006389698 0 0.001180328 -0.0008240897 0.00268434 0.001059362 -0.0008245729 0 0.001059022 -0.001300972 0.00268434 0.0003299204 -0.001337535 0.00268434 0.0001112836 -0.001301196 0 0.0003290842 -0.001228924 0.00268434 0.0005395473 -0.001229275 0 0.000538797 -0.001123807 0 0.0007338169 -0.001337612 0.00268434 -0.0001104008 -0.001301196 0.00268434 -0.0003290842 -0.001337535 0 -0.0001112836 -0.001337612 0 0.0001104008 -0.001300972 0 -0.0003299204 -0.001229275 0.00268434 -0.000538797 -0.001123807 0.00268434 -0.0007338169 -0.001228924 0 -0.0005395473 -0.0009876688 0.00268434 -0.000908818 -0.001123367 0 -0.0007344463 -0.0009871816 0 -0.0009093052 -0.0008245729 0.00268434 -0.001059022 -0.0006389698 0.00268434 -0.001180328 -0.0008240897 0 -0.001059362 -0.0004359237 0.00268434 -0.001269422 -0.0006385417 0 -0.001180528 -0.0004356002 0 -0.001269509 -0.0002209778 0.00268434 -0.001323871 -0.0002209778 0 -0.001323871 -0.002030814 0.00402651 -0.003054742 -0.002030814 0 -0.003054742 0.001842013 0 -0.003168584 0.001842013 0.00402651 -0.003168584 0.001842013 0.00402651 -0.003168584 0.001842013 0 -0.003168584 0.003877068 0 0.0001284987 0.003877068 0.00402651 0.0001284992 0.003877068 0.00402651 0.0001284992 0.003877068 0 0.0001284987 0.002039215 0 0.003539386 0.002039215 0.00402651 0.003539386 0.002039215 0.00402651 0.003539386 0.002039215 0 0.003539386 -0.001833613 0 0.003653228 -0.001833613 0.00402651 0.003653228 -0.001833613 0.00402651 0.003653228 -0.001833613 0 0.003653228 -0.003868669 0 0.000356179 -0.003868669 0.00402651 0.0003561803 -0.003868669 0.00402651 0.0003561803 -0.003868669 0 0.000356179 -0.002030814 0 -0.003054742 -0.002030814 0.00402651 -0.003054742 -0.002030814 0 -0.003054742 -0.006190047 0 -0.002591619 -0.005679163 0 -0.003574986 0.005554201 0 -0.003766668 0.006098366 0 -0.002801061 0.001842013 0 -0.003168584 -0.005013317 0 -0.004460913 -0.003868669 0 0.000356179 -0.004210912 0 -0.00522508 -0.00669621 0 -0.0004412857 -0.006532209 0 -0.001537452 -0.00667749 0 0.0006669786 -0.006476688 0 0.001757052 -0.002286816 0 -0.006309088 -0.003293704 0 -0.005846844 -0.006099085 0 0.002799301 -0.001218602 0 -0.006599329 0.0009905465 0 -0.00663741 0.002069454 0 -0.006383888 -0.005555001 0 0.003765149 0.004858437 0 -0.004629474 -0.002070016 0 0.006383648 -0.003092742 0 0.005955644 -0.001833613 0 0.003653228 0.006476288 0 -0.001759133 0.003877068 0 0.0001284987 0.002039215 0 0.003539386 0.0001154893 0 0.006709891 0.00669653 0 0.0004390081 0.006532929 0 0.001535212 0.004212431 0 0.005224119 0.003295144 0 0.005846204 0.006191166 0 0.002589539 0.005680442 0 0.003573227 0.005014838 0 0.004459473 0.00667749 0 -0.0006691986 0.002287937 0 0.006308848 -0.0009908149 0 0.006637329 0.00403019 0 -0.00536596 0.003092023 0 -0.005956125 -0.00403107 0 0.00536524 -0.004859397 0 0.004628355 -0.0001154493 0 -0.006709891 0.001218336 0 0.006599329 -0.002030814 0.00402651 -0.003054742 -0.005681242 0.00402651 -0.003571867 -0.006191727 0.00402651 -0.002587779 0.005554201 0.00402651 -0.003766668 0.004858437 0.00402651 -0.004629474 0.001842013 0.00402651 -0.003168584 -0.005015717 0.00402651 -0.004458433 -0.004213312 0.00402651 -0.005223399 -0.006533249 0.00402651 -0.001533212 -0.00669653 0.00402651 -0.0004368659 -0.003868669 0.00402651 0.0003561803 -0.00667709 0.00402651 0.000671385 -0.006475488 0.00402651 0.001761213 -0.003295865 0.00402651 -0.005845804 -0.006097246 0.00402651 0.00280298 -0.002288416 0.00402651 -0.006308607 -0.0001154491 0.00402651 -0.006709891 0.0009905465 0.00402651 -0.00663741 -0.005552761 0.00402651 0.003768268 0.00403019 0.00402651 -0.00536596 -0.004856916 0.00402651 0.004630755 -0.00402867 0.00402651 0.00536684 -0.001833613 0.00402651 0.003653228 0.003877068 0.00402651 0.0001284992 0.006476288 0.00402651 -0.001759133 0.006098366 0.00402651 -0.002801061 -0.0009908149 0.00402651 0.006637329 0.0001154895 0.00402651 0.006709891 0.006532929 0.00402651 0.001535212 0.00669653 0.00402651 0.0004390081 0.003295144 0.00402651 0.005846204 0.002039215 0.00402651 0.003539386 0.002287937 0.00402651 0.006308848 0.006191166 0.00402651 0.002589539 0.005680442 0.00402651 0.003573227 0.004212431 0.00402651 0.005224119 0.005014838 0.00402651 0.004459473 0.00667749 0.00402651 -0.0006691972 0.001218336 0.00402651 0.006599329 -0.002068416 0.00402651 0.006384048 0.003092023 0.00402651 -0.005956125 0.002069454 0.00402651 -0.006383888 -0.001218602 0.00402651 -0.006599329 -0.003090583 0.00402651 0.005956684 0.00667749 0 -0.0006691986 0.00667749 0.00402651 -0.0006691972 0.00669653 0.00402651 0.0004390081 -0.0009908149 0.00402651 0.006637329 0.0001154893 0 0.006709891 0.0001154895 0.00402651 0.006709891 0.006476288 0 -0.001759133 0.006476288 0.00402651 -0.001759133 0.006098366 0.00402651 -0.002801061 0.006098366 0 -0.002801061 0.005554201 0 -0.003766668 0.005554201 0.00402651 -0.003766668 0.004858437 0 -0.004629474 0.004858437 0.00402651 -0.004629474 0.00403019 0.00402651 -0.00536596 0.00403019 0 -0.00536596 0.003092023 0 -0.005956125 0.003092023 0.00402651 -0.005956125 0.002069454 0 -0.006383888 0.002069454 0.00402651 -0.006383888 0.0009905465 0.00402651 -0.00663741 0.0009905465 0 -0.00663741 -0.0001154493 0 -0.006709891 -0.0001154491 0.00402651 -0.006709891 0.00669653 0 0.0004390081 0.006532929 0.00402651 0.001535212 0.006532929 0 0.001535212 0.006191166 0.00402651 0.002589539 0.006191166 0 0.002589539 0.005680442 0 0.003573227 0.005680442 0.00402651 0.003573227 0.005014838 0.00402651 0.004459473 0.005014838 0 0.004459473 0.004212431 0.00402651 0.005224119 0.004212431 0 0.005224119 0.003295144 0 0.005846204 0.003295144 0.00402651 0.005846204 0.002287937 0.00402651 0.006308848 0.002287937 0 0.006308848 0.001218336 0.00402651 0.006599329 0.001218336 0 0.006599329 -0.00402867 0.00402651 0.00536684 -0.003092742 0 0.005955644 -0.003090583 0.00402651 0.005956684 -0.002068416 0.00402651 0.006384048 -0.002070016 0 0.006383648 -0.0009908149 0 0.006637329 -0.005555001 0 0.003765149 -0.005552761 0.00402651 0.003768268 -0.006097246 0.00402651 0.00280298 -0.00403107 0 0.00536524 -0.004856916 0.00402651 0.004630755 -0.004859397 0 0.004628355 -0.00667709 0.00402651 0.000671385 -0.00669653 0.00402651 -0.0004368659 -0.00667749 0 0.0006669786 -0.006475488 0.00402651 0.001761213 -0.006476688 0 0.001757052 -0.006099085 0 0.002799301 -0.005681242 0.00402651 -0.003571867 -0.006190047 0 -0.002591619 -0.006191727 0.00402651 -0.002587779 -0.006532209 0 -0.001537452 -0.00669621 0 -0.0004412857 -0.006533249 0.00402651 -0.001533212 -0.004210912 0 -0.00522508 -0.005013317 0 -0.004460913 -0.004213312 0.00402651 -0.005223399 -0.005679163 0 -0.003574986 -0.005015717 0.00402651 -0.004458433 -0.003295865 0.00402651 -0.005845804 -0.003293704 0 -0.005846844 -0.002288416 0.00402651 -0.006308607 -0.002286816 0 -0.006309088 -0.001218602 0 -0.006599329 -0.001218602 0.00402651 -0.006599329 -0.01623475 -0.0004301604 0.3140273 -0.198025 0.0002099128 -0.0452557 -0.01606955 0.0002085598 0.3139437 -0.2025462 -0.002860741 -0.04296552 -0.02059055 -0.002860741 0.3162337 -0.02114471 -0.00262346 0.3165145 -0.01600043 0.0008690476 0.3139087 -0.197956 0.0008704247 -0.04529057 -0.197985 0.001534571 -0.04527594 -0.01602924 0.001533291 0.3139232 -0.1981112 0.002184336 -0.0452121 -0.01615516 0.002183136 0.3139869 -0.01637475 0.002800901 0.3140982 -0.1983309 0.002801941 -0.04510073 -0.1986384 0.003370505 -0.04494505 -0.01668204 0.003369705 0.3142539 -0.1990249 0.003874668 -0.04474922 -0.01706868 0.003874109 0.3144497 -0.01752412 0.004300272 0.3146804 -0.1994802 0.004300592 -0.04451857 -0.1999914 0.004636514 -0.04425961 -0.01803597 0.004636514 0.3149397 -0.2005458 0.004873876 -0.04397881 -0.01859013 0.004873797 0.3152205 -0.19819 -0.0004289014 -0.0451721 -0.01649148 -0.001029693 0.3141574 -0.1984466 -0.001028587 -0.04504218 -0.01683276 -0.001573611 0.3143302 -0.1987878 -0.001572731 -0.0448693 -0.1992041 -0.002046576 -0.04465842 -0.01724924 -0.002047214 0.3145412 -0.01772957 -0.002437537 0.3147844 -0.1996845 -0.002437058 -0.04441505 -0.01826061 -0.002733941 0.3150536 -0.2002156 -0.00273362 -0.04414601 -0.2007832 -0.002928101 -0.04385857 -0.01882798 -0.002928261 0.3153409 -0.01941614 -0.003015223 0.3156389 -0.2013713 -0.003015223 -0.04356056 -0.02000902 -0.002992502 0.3159393 -0.2019645 -0.002992502 -0.04326017 -0.2036121 -0.002287137 -0.04242551 -0.2031003 -0.00262346 -0.0426848 -0.02165656 -0.002287137 0.3167738 -0.2047616 -0.0007878077 -0.04184327 -0.2044542 -0.001356569 -0.04199895 -0.02280593 -0.0007878171 0.3173561 -0.2040675 -0.001860974 -0.04219479 -0.022112 -0.001860974 0.3170046 -0.02249865 -0.00135665 0.3172004 -0.2051071 0.0004798307 -0.04166822 -0.02318025 0.001144066 0.3175456 -0.2051358 0.001144075 -0.04165368 -0.02302554 -0.000170039 0.3174672 -0.02315145 0.0004798213 0.3175311 -0.2049812 -0.0001700297 -0.04173199 -0.02268921 0.003042743 0.3172969 -0.2046448 0.003042743 -0.0419024 -0.2049014 0.002443217 -0.04177239 -0.02294593 0.002443217 0.3174269 -0.2050667 0.001804493 -0.04168871 -0.02311105 0.001804493 0.3175106 -0.2034068 0.004450674 -0.04252952 -0.2038871 0.004060351 -0.04228623 -0.02145112 0.004450674 0.3166697 -0.2043035 0.003586746 -0.04207527 -0.02234792 0.003586746 0.317124 -0.02193144 0.004060351 0.316913 -0.0203527 0.004941317 0.3161133 -0.2028757 0.004746995 -0.04279856 -0.02092007 0.004746995 0.3164007 -0.01976454 0.005028358 0.3158154 -0.2023083 0.004941317 -0.043086 -0.20172 0.005028358 -0.04338393 -0.01917166 0.005005637 0.315515 -0.2011272 0.005005637 -0.04368424 -0.198025 0.0002099128 -0.0452557 -0.1991527 0.0009140726 -0.04468441 -0.197956 0.0008704247 -0.04529057 -0.2020542 0.003629786 -0.04321472 -0.2023083 0.004941317 -0.043086 -0.2016621 0.003687707 -0.04341328 -0.197985 0.001534571 -0.04527594 -0.1991718 0.00135689 -0.04467482 -0.19819 -0.0004289014 -0.0451721 -0.199199 0.0004737264 -0.04466105 -0.1981112 0.002184336 -0.0452121 -0.1992557 0.001790253 -0.04463234 -0.1984466 -0.001028587 -0.04504218 -0.1993092 4.793301e-05 -0.04460513 -0.1987878 -0.001572731 -0.0448693 -0.1994805 -0.0003516827 -0.04451841 -0.1992041 -0.002046576 -0.04465842 -0.1997081 -0.0007142357 -0.04440313 -0.1983309 0.002801941 -0.04510073 -0.199402 0.002202256 -0.04455817 -0.1999858 -0.001029828 -0.0442624 -0.1996845 -0.002437058 -0.04441505 -0.1996068 0.002581618 -0.04445442 -0.1986384 0.003370505 -0.04494505 -0.1999914 0.004636514 -0.04425961 -0.2001683 0.003202184 -0.04417001 -0.2005097 0.003426505 -0.04399713 -0.2002156 -0.00273362 -0.04414601 -0.200306 -0.001289877 -0.04410025 -0.20172 0.005028358 -0.04338393 -0.2012668 0.003672587 -0.04361352 -0.2014301 -0.001674572 -0.0435308 -0.2007832 -0.002928101 -0.04385857 -0.2013713 -0.003015223 -0.04356056 -0.2038871 0.004060351 -0.04228623 -0.2034068 0.004450674 -0.04252952 -0.2031067 0.003042422 -0.04268152 -0.2024325 0.003500186 -0.04302312 -0.2028757 0.004746995 -0.04279856 -0.2046448 0.003042743 -0.0419024 -0.203783 0.001964334 -0.04233896 -0.2049014 0.002443217 -0.04177239 -0.2034848 -0.0005689036 -0.04248999 -0.2040675 -0.001860974 -0.04219479 -0.2044542 -0.001356569 -0.04199895 -0.203893 0.00153849 -0.0422832 -0.2050667 0.001804493 -0.04168871 -0.2051358 0.001144075 -0.04165368 -0.2039392 0.001098238 -0.04225983 -0.20392 0.000655413 -0.04226951 -0.2049812 -0.0001700297 -0.04173199 -0.2036897 -0.000189682 -0.04238624 -0.2047616 -0.0007878077 -0.04184327 -0.203836 0.0002221589 -0.04231207 -0.2051071 0.0004798307 -0.04166822 -0.2033844 0.002726661 -0.04254087 -0.2043035 0.003586746 -0.04207527 -0.2036119 0.002364018 -0.04242567 -0.2031003 -0.00262346 -0.0426848 -0.2025821 -0.00141345 -0.04294719 -0.2025462 -0.002860741 -0.04296552 -0.2032271 -0.0009051565 -0.04262056 -0.2029234 -0.001189247 -0.0427744 -0.2036121 -0.002287137 -0.04242551 -0.2019645 -0.002992502 -0.04326017 -0.201825 -0.001659452 -0.04333081 -0.2027864 0.003302584 -0.04284377 -0.2011272 0.005005637 -0.04368424 -0.2008792 0.003584747 -0.04380993 -0.2005458 0.004873876 -0.04397881 -0.2006601 -0.00148729 -0.04392088 -0.2010382 -0.001616651 -0.04372937 -0.1990249 0.003874668 -0.04474922 -0.1998646 0.002917941 -0.04432385 -0.1994802 0.004300592 -0.04451857 -0.2022128 -0.001571612 -0.0431344 -0.01606955 0.0002085598 0.3139437 -0.01724308 0.0004754525 0.3145382 -0.01623475 -0.0004301604 0.3140273 -0.02092007 0.004746995 0.3164007 -0.02047679 0.003500186 0.3161762 -0.02009855 0.003629707 0.3159846 -0.01649148 -0.001029693 0.3141574 -0.01735309 4.957745e-05 0.3145939 -0.01600043 0.0008690476 0.3139087 -0.01719709 0.0009157973 0.3145148 -0.01752412 -0.0003502116 0.3146804 -0.01683276 -0.001573611 0.3143302 -0.01602924 0.001533291 0.3139232 -0.01721644 0.00135857 0.3145246 -0.01615516 0.002183136 0.3139869 -0.01730053 0.001791693 0.3145671 -0.01637475 0.002800901 0.3140982 -0.017447 0.002203456 0.3146414 -0.01775157 -0.0007129995 0.3147957 -0.01724924 -0.002047214 0.3145412 -0.01668204 0.003369705 0.3142539 -0.01765189 0.002582499 0.3147453 -0.01772957 -0.002437537 0.3147844 -0.01802918 -0.001028873 0.3149364 -0.01826061 -0.002733941 0.3150536 -0.01870349 -0.00148689 0.3152778 -0.01908181 -0.001616572 0.3154695 -0.01834941 -0.001289218 0.3150985 -0.01941614 -0.003015223 0.3156389 -0.01947399 -0.001674572 0.3156681 -0.01986934 -0.001659532 0.3158685 -0.01821326 0.003202504 0.3150295 -0.01803597 0.004636514 0.3149397 -0.01855397 0.003426505 0.3152021 -0.02062663 -0.00141345 0.316252 -0.02114471 -0.00262346 0.3165145 -0.02059055 -0.002860741 0.3162337 -0.01931118 0.003672587 0.3155857 -0.01976454 0.005028358 0.3158154 -0.01970647 0.003687707 0.315786 -0.02188047 0.0002221495 0.3168872 -0.02280593 -0.0007878171 0.3173561 -0.02173408 -0.0001896914 0.316813 -0.02145112 0.004450674 0.3166697 -0.02193144 0.004060351 0.316913 -0.02115112 0.003042422 0.3165177 -0.02193752 0.00153849 0.3169161 -0.02294593 0.002443217 0.3174269 -0.02311105 0.001804493 0.3175106 -0.02268921 0.003042743 0.3172969 -0.02182736 0.001964334 0.3168604 -0.0219644 0.0006554036 0.3169297 -0.02315145 0.0004798213 0.3175311 -0.02318025 0.001144066 0.3175456 -0.0219836 0.001098229 0.3169395 -0.02234792 0.003586746 0.317124 -0.02142872 0.002726661 0.3166584 -0.02165624 0.002364018 0.3167736 -0.02127143 -0.0009051659 0.3165787 -0.02165656 -0.002287137 0.3167738 -0.02096783 -0.001189256 0.3164249 -0.0215292 -0.000568913 0.3167093 -0.02249865 -0.00135665 0.3172004 -0.022112 -0.001860974 0.3170046 -0.0203527 0.004941317 0.3161133 -0.02083087 0.003302584 0.3163556 -0.01917166 0.005005637 0.315515 -0.01892358 0.003584747 0.3153894 -0.02000902 -0.002992502 0.3159393 -0.01859013 0.004873797 0.3152205 -0.01882798 -0.002928261 0.3153409 -0.01706868 0.003874109 0.3144497 -0.01790965 0.002918581 0.3148757 -0.01752412 0.004300272 0.3146804 -0.02025711 -0.001571612 0.3160649 -0.02302554 -0.000170039 0.3174672 -0.2012668 0.003672587 -0.04361352 -0.2008792 0.003584747 -0.04380993 -0.01892358 0.003584747 0.3153894 -0.2024325 0.003500186 -0.04302312 -0.2020542 0.003629786 -0.04321472 -0.02009855 0.003629707 0.3159846 -0.2016621 0.003687707 -0.04341328 -0.01931118 0.003672587 0.3155857 -0.01970647 0.003687707 0.315786 -0.02115112 0.003042422 0.3165177 -0.2033844 0.002726661 -0.04254087 -0.2031067 0.003042422 -0.04268152 -0.02047679 0.003500186 0.3161762 -0.02083087 0.003302584 0.3163556 -0.2027864 0.003302584 -0.04284377 -0.203783 0.001964334 -0.04233896 -0.02182736 0.001964334 0.3168604 -0.203893 0.00153849 -0.0422832 -0.2036119 0.002364018 -0.04242567 -0.02142872 0.002726661 0.3166584 -0.02165624 0.002364018 0.3167736 -0.203836 0.0002221589 -0.04231207 -0.20392 0.000655413 -0.04226951 -0.0219644 0.0006554036 0.3169297 -0.0219836 0.001098229 0.3169395 -0.2039392 0.001098238 -0.04225983 -0.02193752 0.00153849 0.3169161 -0.0215292 -0.000568913 0.3167093 -0.2032271 -0.0009051565 -0.04262056 -0.2034848 -0.0005689036 -0.04248999 -0.02188047 0.0002221495 0.3168872 -0.02173408 -0.0001896914 0.316813 -0.2036897 -0.000189682 -0.04238624 -0.2025821 -0.00141345 -0.04294719 -0.02062663 -0.00141345 0.316252 -0.2022128 -0.001571612 -0.0431344 -0.2029234 -0.001189247 -0.0427744 -0.02127143 -0.0009051659 0.3165787 -0.02096783 -0.001189256 0.3164249 -0.2010382 -0.001616651 -0.04372937 -0.2014301 -0.001674572 -0.0435308 -0.01947399 -0.001674572 0.3156681 -0.01986934 -0.001659532 0.3158685 -0.201825 -0.001659452 -0.04333081 -0.02025711 -0.001571612 0.3160649 -0.01834941 -0.001289218 0.3150985 -0.1999858 -0.001029828 -0.0442624 -0.200306 -0.001289877 -0.04410025 -0.01908181 -0.001616572 0.3154695 -0.01870349 -0.00148689 0.3152778 -0.2006601 -0.00148729 -0.04392088 -0.1994805 -0.0003516827 -0.04451841 -0.01752412 -0.0003502116 0.3146804 -0.1993092 4.793301e-05 -0.04460513 -0.1997081 -0.0007142357 -0.04440313 -0.01802918 -0.001028873 0.3149364 -0.01775157 -0.0007129995 0.3147957 -0.199199 0.0004737264 -0.04466105 -0.01724308 0.0004754525 0.3145382 -0.1991527 0.0009140726 -0.04468441 -0.01735309 4.957745e-05 0.3145939 -0.01719709 0.0009157973 0.3145148 -0.1991718 0.00135689 -0.04467482 -0.1992557 0.001790253 -0.04463234 -0.01721644 0.00135857 0.3145246 -0.01730053 0.001791693 0.3145671 -0.199402 0.002202256 -0.04455817 -0.017447 0.002203456 0.3146414 -0.1996068 0.002581618 -0.04445442 -0.1998646 0.002917941 -0.04432385 -0.01765189 0.002582499 0.3147453 -0.01790965 0.002918581 0.3148757 -0.2001683 0.003202184 -0.04417001 -0.01821326 0.003202504 0.3150295 -0.2005097 0.003426505 -0.04399713 -0.01855397 0.003426505 0.3152021 0.00411019 -0.003421385 0.04997141 0.01320802 -0.003421385 0.06793138 0.0130137 -0.002561619 0.06802979 0.01294834 -0.001677693 0.06806291 0.003850588 -0.001677693 0.05010293 0.003915949 -0.002561619 0.05006981 0.01395874 -0.004976037 0.06755106 0.00539692 -0.005628363 0.04931965 0.01449474 -0.005628363 0.06727963 0.004860996 -0.004976037 0.04959109 0.01352585 -0.004233552 0.06777035 0.004428113 -0.004233552 0.04981038 0.007465576 -0.006882532 0.04827172 0.0165634 -0.006882532 0.06623169 0.01581508 -0.006594849 0.06661074 0.00671733 -0.006594849 0.04865077 0.01511915 -0.006172926 0.06696322 0.006021405 -0.006172926 0.04900333 0.01891494 -0.006881571 0.06504049 0.01813477 -0.007027813 0.06543569 0.009817114 -0.006881571 0.04708051 0.01734372 -0.007028133 0.06583642 0.008245902 -0.007028133 0.04787643 0.009036948 -0.007027813 0.04747571 0.02035839 -0.006171166 0.06430928 0.01188457 -0.005626442 0.0460333 0.02098231 -0.005626442 0.0639932 0.01056512 -0.00659341 0.04670163 0.01126064 -0.006171166 0.0463493 0.01966294 -0.00659341 0.0646616 0.01316986 -0.003420106 0.04538218 0.02226768 -0.003420106 0.06334215 0.02195016 -0.004231872 0.06350296 0.01285234 -0.004231872 0.04554299 0.02151776 -0.004974037 0.063722 0.01242001 -0.004974037 0.04576202 0.02246168 -0.0007940838 0.06324383 0.02252697 -0.001677693 0.06321079 0.01336386 -0.0007940811 0.04528386 0.0224616 -0.002561619 0.06324392 0.01336386 -0.002561619 0.04528394 0.01342922 -0.001677693 0.04525082 0.02194976 0.0008774927 0.0635032 0.01241937 0.001619772 0.04576234 0.02151712 0.001619772 0.06372232 0.0131697 6.548493e-05 0.04538226 0.01285202 0.0008774953 0.04554321 0.02226752 6.548318e-05 0.06334223 0.01056376 0.003238744 0.04670235 0.0196615 0.003238744 0.06466233 0.02035719 0.00281674 0.06430992 0.01125937 0.00281674 0.04634995 0.02098144 0.002272097 0.06399367 0.01188361 0.002272097 0.04603378 0.0173422 0.003672587 0.06583721 0.01813317 0.003672587 0.06543649 0.008244383 0.003672668 0.04787724 0.01891342 0.003526666 0.06504129 0.009815594 0.003526666 0.04708131 0.009035349 0.003672668 0.04747651 0.007464136 0.003526666 0.04827244 0.00671605 0.003238744 0.0486514 0.01656196 0.003526666 0.06623242 0.01581379 0.003238744 0.06661138 0.006020365 0.00281674 0.0490038 0.00539612 0.002272097 0.04932005 0.01511819 0.00281674 0.06696379 0.004860437 0.001619772 0.04959141 0.01449395 0.002272097 0.06728002 0.01395819 0.001619772 0.06755138 0.004427793 0.000877494 0.04981054 0.00411003 6.548452e-05 0.04997149 0.01352553 0.0008774927 0.06777051 0.00391587 -0.0007940824 0.05006989 0.01320786 6.548278e-05 0.06793146 0.01301362 -0.0007940838 0.06802987 0.01640691 -0.008220702 0.06631097 0.01734372 -0.007028133 0.06583642 0.01729213 -0.008369903 0.06586258 0.01334802 0.002885302 0.06786044 0.01395819 0.001619772 0.06755138 0.01279042 0.002100976 0.06814291 0.01474435 -0.007489577 0.06715314 0.01581508 -0.006594849 0.06661074 0.01555123 -0.00792502 0.06674442 0.0165634 -0.006882532 0.06623169 0.0181871 -0.008369583 0.06540921 0.01813477 -0.007027813 0.06543569 0.01511915 -0.006172926 0.06696322 0.0140061 -0.006925253 0.06752714 0.01449474 -0.005628363 0.06727963 0.01395874 -0.004976037 0.06755106 0.0133505 -0.006243647 0.06785923 0.01891494 -0.006881571 0.06504049 0.01907159 -0.008219741 0.06496112 0.01352585 -0.004233552 0.06777035 0.0127925 -0.005459881 0.06814187 0.01966294 -0.00659341 0.0646616 0.0199259 -0.007924139 0.0645284 0.02035839 -0.006171166 0.06430928 0.02098231 -0.005626442 0.0639932 0.02147088 -0.006923972 0.06374576 0.02073103 -0.007489577 0.06412057 0.02313225 -0.004587314 0.06290423 0.02268505 -0.005456361 0.06313072 0.02195016 -0.004231872 0.06350296 0.0130137 -0.002561619 0.06802979 0.01181801 -0.002678739 0.06863548 0.01294834 -0.001677693 0.06806291 0.02365737 -0.002678739 0.06263823 0.02345873 -0.003653787 0.0627388 0.0224616 -0.002561619 0.06324392 0.01234329 0.001232367 0.06836939 0.01320786 6.548278e-05 0.06793146 0.01201673 0.0002989562 0.06853483 0.0234581 0.000301211 0.06273911 0.02246168 -0.0007940838 0.06324383 0.02226752 6.548318e-05 0.06334223 0.01449395 0.002272097 0.06728002 0.01400386 0.003567866 0.06752827 0.01511819 0.00281674 0.06696379 0.02146888 0.003570106 0.06374679 0.02035719 0.00281674 0.06430992 0.02072951 0.004134831 0.06412128 0.01640491 0.004864677 0.06631202 0.0173422 0.003672587 0.06583721 0.01656196 0.003526666 0.06623242 0.0196615 0.003238744 0.06466233 0.01992343 0.004569714 0.06452961 0.01891342 0.003526666 0.06504129 0.01906878 0.004864996 0.06496257 0.01729005 0.005014357 0.06586361 0.01813317 0.003672587 0.06543649 0.01818469 0.005014357 0.06541041 0.02313088 0.001235186 0.06290488 0.02194976 0.0008774927 0.0635032 0.02268321 0.002103935 0.06313167 0.02212505 0.002888102 0.0634144 0.02151712 0.001619772 0.06372232 0.02098144 0.002272097 0.06399367 0.01581379 0.003238744 0.06661138 0.01474323 0.00413323 0.06715371 0.01554955 0.004568834 0.06674523 0.02372433 -0.001677693 0.06260423 0.02252697 -0.001677693 0.06321079 0.02365737 -0.0006770665 0.06263815 0.01352553 0.0008774927 0.06777051 0.02226768 -0.003420106 0.06334215 0.01301362 -0.0007940838 0.06802987 0.01181793 -0.0006770665 0.06863555 0.02212712 -0.006241087 0.06341335 0.02151776 -0.004974037 0.063722 0.01175097 -0.001677693 0.06866948 0.01320802 -0.003421385 0.06793138 0.01201745 -0.003657227 0.06853451 0.01234473 -0.004591315 0.06836867 -0.001840334 -0.003656668 0.04117823 0.00411019 -0.003421385 0.04997141 0.003915949 -0.002561619 0.05006981 0.003850588 -0.001677693 0.05010293 -0.002106495 -0.001677693 0.04131311 -0.002039615 -0.00267842 0.04127919 0.004860996 -0.004976037 0.04959109 -0.0005072408 -0.006243566 0.04050294 0.00539692 -0.005628363 0.04931965 -0.001065438 -0.005459401 0.04078567 0.004428113 -0.004233552 0.04981038 -0.001513131 -0.004590675 0.04101247 0.0008882731 -0.007490377 0.03979598 0.001694253 -0.00792518 0.03938773 0.00671733 -0.006594849 0.04865077 0.006021405 -0.006172926 0.04900333 0.0001488956 -0.006925653 0.04017054 0.009036948 -0.007027813 0.04747571 0.008245902 -0.007028133 0.04787643 0.004327633 -0.008369824 0.03805373 0.007465576 -0.006882532 0.04827172 0.002548899 -0.008220541 0.03895476 0.01056512 -0.00659341 0.04670163 0.006874531 -0.007488777 0.03676363 0.01126064 -0.006171166 0.0463493 0.005212839 -0.008220222 0.03760532 0.006068125 -0.007924299 0.03717211 0.009817114 -0.006881571 0.04708051 0.008269663 -0.006240847 0.03605691 0.008827347 -0.00545644 0.03577442 0.01242001 -0.004974037 0.04576202 0.007613818 -0.006923332 0.03638907 0.01188457 -0.005626442 0.0460333 0.009799754 -0.00267842 0.03528179 0.01336386 -0.002561619 0.04528394 0.009600953 -0.003654428 0.03538251 0.01316986 -0.003420106 0.04538218 0.01285234 -0.004231872 0.04554299 0.009274389 -0.004587794 0.03554794 0.01336386 -0.0007940811 0.04528386 0.009799754 -0.0006770638 0.03528179 0.009600473 0.0003012137 0.03538275 0.009866714 -0.001677693 0.03524786 0.01342922 -0.001677693 0.04525082 0.008825586 0.002103935 0.03577531 0.008267423 0.002888102 0.03605803 0.01241937 0.001619772 0.04576234 0.00927327 0.001235188 0.03554851 0.01285202 0.0008774953 0.04554321 0.0131697 6.548493e-05 0.04538226 0.006065806 0.004569714 0.03717324 0.01056376 0.003238744 0.04670235 0.006871891 0.004134831 0.03676492 0.01125937 0.00281674 0.04634995 0.01188361 0.002272097 0.04603378 0.007611257 0.003570106 0.03639043 0.009035349 0.003672668 0.04747651 0.004327073 0.005014357 0.03805405 0.003432426 0.005014357 0.03850725 0.009815594 0.003526666 0.04708131 0.005211239 0.004864996 0.0376062 0.008244383 0.003672668 0.04787724 0.002547299 0.004864756 0.03895565 0.007464136 0.003526666 0.04827244 0.001691932 0.004568834 0.03938885 0.00671605 0.003238744 0.0486514 0.006020365 0.00281674 0.0490038 0.0008856397 0.00413323 0.03979734 0.0001462984 0.003567866 0.0401719 0.00539612 0.002272097 0.04932005 -0.0005095159 0.002885302 0.04050406 0.004860437 0.001619772 0.04959141 0.004427793 0.000877494 0.04981054 -0.001067173 0.002100976 0.04078654 -0.001514251 0.00123237 0.04101302 0.00411003 6.548452e-05 0.04997149 -0.001840813 0.0002989588 0.04117846 0.00391587 -0.0007940824 0.05006989 -0.002039615 -0.0006770638 0.04127919 0.003433066 -0.008369824 0.03850693 0.01729213 -0.008369903 0.06586258 0.009089268 -0.008369583 0.04744924 0.008194382 -0.008369903 0.04790259 0.02372433 -0.001677693 0.06260423 0.01455962 -0.0006770638 0.04467817 0.01462658 -0.001677693 0.04464426 0.007309095 -0.008220702 0.048351 0.01640691 -0.008220702 0.06631097 0.006453408 -0.00792502 0.04878445 0.01555123 -0.00792502 0.06674442 0.01474435 -0.007489577 0.06715314 0.005646522 -0.007489577 0.04919317 0.004908276 -0.006925253 0.04956717 0.0140061 -0.006925253 0.06752714 0.004252752 -0.006243647 0.04989926 0.0133505 -0.006243647 0.06785923 0.0127925 -0.005459881 0.06814187 0.003694747 -0.005459881 0.05018189 0.003246984 -0.004591315 0.0504087 0.01234473 -0.004591315 0.06836867 0.002919622 -0.003657227 0.05057454 0.01201745 -0.003657227 0.06853451 0.01181801 -0.002678739 0.06863548 0.002720181 -0.002678739 0.05067558 0.01175097 -0.001677693 0.06866948 0.00265322 -0.001677693 0.05070949 0.0181871 -0.008369583 0.06540921 0.01907159 -0.008219741 0.06496112 0.009973836 -0.008219741 0.04700115 0.01082808 -0.007924139 0.04656843 0.0199259 -0.007924139 0.0645284 0.02073103 -0.007489577 0.06412057 0.01163321 -0.007489577 0.04616058 0.02147088 -0.006923972 0.06374576 0.01237305 -0.006923972 0.04578579 0.0130293 -0.006241087 0.04545338 0.02212712 -0.006241087 0.06341335 0.02268505 -0.005456361 0.06313072 0.01358722 -0.005456361 0.04517074 0.02313225 -0.004587314 0.06290423 0.01403442 -0.004587314 0.04494425 0.01436098 -0.003653787 0.04477881 0.02345873 -0.003653787 0.0627388 0.02365737 -0.002678739 0.06263823 0.01455954 -0.002678739 0.04467825 0.0234581 0.000301211 0.06273911 0.01436035 0.0003012137 0.04477913 0.02365737 -0.0006770665 0.06263815 0.02212505 0.002888102 0.0634144 0.01302722 0.002888102 0.04545441 0.02268321 0.002103935 0.06313167 0.02313088 0.001235186 0.06290488 0.01358546 0.002103935 0.0451717 0.01403313 0.001235188 0.04494489 0.02072951 0.004134831 0.06412128 0.01992343 0.004569714 0.06452961 0.01082568 0.004569714 0.04656962 0.01237105 0.003570106 0.04578682 0.02146888 0.003570106 0.06374679 0.01163169 0.004134831 0.04616138 0.008192302 0.005014357 0.04790364 0.01818469 0.005014357 0.06541041 0.01729005 0.005014357 0.06586361 0.009086868 0.005014357 0.04745044 0.009971036 0.004864996 0.04700259 0.01906878 0.004864996 0.06496257 0.01474323 0.00413323 0.06715371 0.005645402 0.00413323 0.04919372 0.01554955 0.004568834 0.06674523 0.01640491 0.004864677 0.06631202 0.006451808 0.004568834 0.04878524 0.007307096 0.004864756 0.04835204 0.01334802 0.002885302 0.06786044 0.003692587 0.002100976 0.05018294 0.004250272 0.002885302 0.04990045 0.004906117 0.003567866 0.04956829 0.01400386 0.003567866 0.06752827 0.003245544 0.001232368 0.05040942 0.01279042 0.002100976 0.06814291 0.01234329 0.001232367 0.06836939 0.002918981 0.0002989575 0.05057486 0.01201673 0.0002989562 0.06853483 0.002720181 -0.0006770651 0.05067558 0.01181793 -0.0006770665 0.06863555 0.009600953 -0.003654428 0.03538251 -0.002530018 -0.003657227 0.01143625 -0.002330577 -0.002678739 0.01133521 -0.002263617 -0.001677693 0.01130129 0.009866714 -0.001677693 0.03524786 0.009799754 -0.00267842 0.03528179 -0.003305145 -0.005459881 0.01182881 0.008269663 -0.006240847 0.03605691 -0.003863069 -0.006243647 0.01211153 0.008827347 -0.00545644 0.03577442 -0.002857382 -0.004591315 0.01160201 0.009274389 -0.004587794 0.03554794 0.006068125 -0.007924299 0.03717211 -0.006063806 -0.00792502 0.01322626 -0.005256919 -0.007489577 0.01281754 0.006874531 -0.007488777 0.03676363 -0.004518674 -0.006925253 0.01244353 0.007613818 -0.006923332 0.03638907 -0.008699666 -0.008369583 0.01456146 -0.007804698 -0.008369903 0.01410818 0.003433066 -0.008369824 0.03850693 -0.006919492 -0.008220702 0.0136597 0.005212839 -0.008220222 0.03760532 0.004327633 -0.008369824 0.03805373 -0.01043848 -0.007924139 0.01544235 0.0008882731 -0.007490377 0.03979598 -0.01124361 -0.007489577 0.01585012 0.002548899 -0.008220541 0.03895476 0.001694253 -0.00792518 0.03938773 -0.009584153 -0.008219741 0.01500955 -0.001065438 -0.005459401 0.04078567 -0.01319762 -0.005456361 0.01683996 -0.0126397 -0.006241087 0.01655732 -0.0005072408 -0.006243566 0.04050294 -0.01198345 -0.006923972 0.01622491 0.0001488956 -0.006925653 0.04017054 -0.01416994 -0.002678739 0.01733253 -0.0139713 -0.003653787 0.01723189 -0.002039615 -0.00267842 0.04127919 -0.01364481 -0.004587314 0.01706652 -0.001513131 -0.004590675 0.04101247 -0.001840334 -0.003656668 0.04117823 -0.01416994 -0.0006770611 0.01733253 -0.001840813 0.0002989588 0.04117846 -0.01397066 0.0003012164 0.01723157 -0.002106495 -0.001677693 0.04131311 -0.002039615 -0.0006770638 0.04127919 -0.0142369 -0.001677693 0.01736644 -0.0005095159 0.002885302 0.04050406 -0.01263762 0.002888102 0.01655629 -0.01319578 0.002103935 0.01683908 -0.001067173 0.002100976 0.04078654 -0.01364346 0.001235191 0.01706581 -0.001514251 0.00123237 0.04101302 -0.010436 0.004569714 0.01544108 -0.01124208 0.004134831 0.0158494 0.001691932 0.004568834 0.03938885 -0.01198145 0.003570106 0.01622388 0.0001462984 0.003567866 0.0401719 0.0008856397 0.00413323 0.03979734 -0.008697265 0.005014357 0.01456026 0.004327073 0.005014357 0.03805405 -0.007802619 0.005014357 0.01410714 0.002547299 0.004864756 0.03895565 0.003432426 0.005014357 0.03850725 -0.009581432 0.004864996 0.01500819 0.005211239 0.004864996 0.0376062 0.006065806 0.004569714 0.03717324 -0.006917492 0.004864756 0.01365873 0.006871891 0.004134831 0.03676492 -0.006062125 0.004568834 0.01322546 -0.0052558 0.00413323 0.01281698 0.007611257 0.003570106 0.03639043 0.008267423 0.002888102 0.03605803 -0.004516434 0.003567866 0.01244249 0.008825586 0.002103935 0.03577531 -0.003860668 0.002885302 0.01211025 -0.003302984 0.002100976 0.01182777 0.00927327 0.001235188 0.03554851 0.009600473 0.0003012137 0.03538275 -0.002855861 0.001232372 0.01160129 0.009799754 -0.0006770638 0.03528179 -0.002529299 0.0002989615 0.01143585 -0.002330497 -0.0006770611 0.01133513 0.007309095 -0.008220702 0.048351 0.008194382 -0.008369903 0.04790259 0.003183784 -0.009692713 0.03863316 0.01462658 -0.001677693 0.04464426 0.01099456 -0.0005607646 0.03467658 0.01106408 -0.001677693 0.03464138 0.002200416 -0.009507432 0.03913133 0.006453408 -0.00792502 0.04878445 0.001248754 -0.009171029 0.03961342 0.005646522 -0.007489577 0.04919317 0.0003473299 -0.008689746 0.04007005 -0.0004861081 -0.008072781 0.04049223 -0.001234119 -0.007333176 0.0408711 0.004908276 -0.006925253 0.04956717 -0.001883054 -0.006485168 0.04119991 0.004252752 -0.006243647 0.04989926 0.003694747 -0.005459881 0.05018189 -0.002421618 -0.005543881 0.04147271 -0.002838982 -0.004527394 0.04168408 0.003246984 -0.004591315 0.0504087 -0.003126583 -0.003455385 0.04182984 0.002919622 -0.003657227 0.05057454 0.002720181 -0.002678739 0.05067558 -0.003278904 -0.002348817 0.04190695 0.00265322 -0.001677693 0.05070949 -0.003303864 -0.001677693 0.04191959 0.009089268 -0.008369583 0.04744924 0.004179631 -0.009723833 0.03812869 0.009973836 -0.008219741 0.04700115 0.005172279 -0.009599432 0.03762588 0.006139806 -0.00932199 0.03713579 0.01082808 -0.007924139 0.04656843 0.01163321 -0.007489577 0.04616058 0.007063173 -0.008896948 0.03666804 0.01237305 -0.006923972 0.04578579 0.00792462 -0.008333023 0.03623171 0.008707506 -0.007641498 0.03583514 0.0130293 -0.006241087 0.04545338 0.01358722 -0.005456361 0.04517074 0.009397911 -0.006834612 0.03548538 0.01403442 -0.004587314 0.04494425 0.009982556 -0.005926845 0.03518922 0.01044912 -0.004937317 0.0349529 0.01436098 -0.003653787 0.04477881 0.01455954 -0.002678739 0.04467825 0.01078864 -0.003885469 0.0347809 0.01099456 -0.002794661 0.03467658 0.01436035 0.0003012137 0.04477913 0.0107876 0.0005343785 0.03478138 0.01455962 -0.0006770638 0.04467817 0.01302722 0.002888102 0.04545441 0.009396871 0.003480265 0.03548587 0.01358546 0.002103935 0.0451717 0.01403313 0.001235188 0.04494489 0.009980635 0.002574579 0.03519018 0.01044736 0.001586251 0.03495378 0.01163169 0.004134831 0.04616138 0.01082568 0.004569714 0.04656962 0.007059333 0.005543641 0.03667004 0.008706466 0.004287152 0.03583563 0.01237105 0.003570106 0.04578682 0.00792182 0.004979877 0.03623306 0.005169718 0.006244287 0.03762717 0.009086868 0.005014357 0.04745044 0.004179631 0.006368368 0.03812869 0.006135887 0.005967805 0.03713779 0.009971036 0.004864996 0.04700259 0.001244719 0.005813724 0.03961542 0.002196497 0.006150926 0.03913333 0.006451808 0.004568834 0.04878524 0.007307096 0.004864756 0.04835204 0.003181223 0.006337087 0.03863453 0.008192302 0.005014357 0.04790364 0.004906117 0.003567866 0.04956829 0.004250272 0.002885302 0.04990045 -0.001235207 0.00397659 0.04087166 0.000344361 0.0053322 0.0400715 0.005645402 0.00413323 0.04919372 -0.000487198 0.004716196 0.04049278 0.003692587 0.002100976 0.05018294 -0.001885294 0.003126663 0.04120102 -0.002423777 0.002184177 0.04147375 0.003245544 0.001232368 0.05040942 0.002918981 0.0002989575 0.05057486 -0.002840261 0.001167663 0.04168479 0.002720181 -0.0006770651 0.05067558 -0.003126583 9.995284e-05 0.04182984 -0.003278904 -0.001006654 0.04190695 -0.006063806 -0.00792502 0.01322626 -0.005994365 -0.009323271 0.01319114 -0.005070998 -0.008899188 0.01272338 -0.006062125 0.004568834 0.01322546 -0.0052558 0.00413323 0.01281698 -0.005067077 0.005541481 0.01272138 -0.005256919 -0.007489577 0.01281754 -0.006919492 -0.008220702 0.0136597 -0.006960613 -0.009599832 0.01368058 -0.004518674 -0.006925253 0.01244353 -0.004208511 -0.008335343 0.01228649 -0.007950619 -0.009723833 0.0141821 -0.007804698 -0.008369903 0.01410818 -0.008699666 -0.008369583 0.01456146 -0.008949108 -0.009692633 0.01468787 -0.009933834 -0.009506471 0.01518666 -0.009584153 -0.008219741 0.01500955 -0.003863069 -0.006243647 0.01211153 -0.003423785 -0.007642697 0.01188897 -0.01043848 -0.007924139 0.01544235 -0.0108856 -0.009169189 0.01566883 -0.003305145 -0.005459881 0.01182881 -0.00273338 -0.006835731 0.01153921 -0.01261754 -0.008071741 0.01654613 -0.01124361 -0.007489577 0.01585012 -0.01198345 -0.006923972 0.01622491 -0.01178601 -0.008687746 0.01612492 -0.01319762 -0.005456361 0.01683996 -0.01401562 -0.006482128 0.01725437 -0.0126397 -0.006241087 0.01655732 -0.01336554 -0.007332055 0.01692508 -0.01364481 -0.004587314 0.01706652 -0.0139713 -0.003653787 0.01723189 -0.01497067 -0.004523154 0.01773812 -0.0145541 -0.005539641 0.01752717 -0.01525699 -0.003455385 0.01788317 -0.01416994 -0.002678739 0.01733253 -0.01483411 -0.002348817 0.01766893 -0.0142369 -0.001677693 0.01736644 -0.002857382 -0.004591315 0.01160201 -0.002149696 -0.005930045 0.01124352 -0.01540923 -0.002348817 0.01796029 -0.01496931 0.001171961 0.01773749 -0.01397066 0.0003012164 0.01723157 -0.01364346 0.001235191 0.01706581 -0.001341704 0.0005299788 0.01083424 -0.001681212 0.001581851 0.01100624 -0.002529299 0.0002989615 0.01143585 -0.01455202 0.002188417 0.01752604 -0.01319578 0.002103935 0.01683908 -0.01401346 0.003129703 0.01725324 -0.01483411 -0.001006651 0.01766893 -0.01525699 9.995512e-05 0.01788317 -0.01540923 -0.001006651 0.01796029 -0.01124208 0.004134831 0.0158494 -0.01178305 0.00533428 0.01612339 -0.01261641 0.004717315 0.01654556 -0.01336442 0.00397771 0.01692453 -0.01263762 0.002888102 0.01655629 -0.01198145 0.003570106 0.01622388 -0.009581432 0.004864996 0.01500819 -0.009929915 0.006151966 0.01518466 -0.010436 0.004569714 0.01544108 -0.0108816 0.005815564 0.01566675 -0.008697265 0.005014357 0.01456026 -0.007802619 0.005014357 0.01410714 -0.007950619 0.006368368 0.0141821 -0.008946468 0.006337247 0.01468651 -0.005990525 0.005966445 0.01318914 -0.006917492 0.004864756 0.01365873 -0.006957972 0.006243966 0.01367921 -0.004516434 0.003567866 0.01244249 -0.004205711 0.004977557 0.01228505 -0.00273242 0.003479065 0.01153873 -0.003422825 0.004286032 0.01188849 -0.003860668 0.002885302 0.01211025 -0.002147696 0.002571379 0.01124257 -0.002855861 0.001232372 0.01160129 -0.003302984 0.002100976 0.01182777 -0.002330497 -0.0006770611 0.01133513 -0.001135752 -0.0005607619 0.01072992 -0.002330577 -0.002678739 0.01133521 -0.001135752 -0.002794661 0.01072992 -0.002263617 -0.001677693 0.01130129 -0.001682972 -0.004941797 0.01100712 -0.002530018 -0.003657227 0.01143625 -0.00134273 -0.003889869 0.0108348 -0.001066294 -0.001677693 0.01069472 -0.01416994 -0.0006770611 0.01733253 -0.001066294 -0.001677693 0.01069472 0.01106408 -0.001677693 0.03464138 -0.001135752 -0.0005607619 0.01072992 0.01099456 -0.0005607646 0.03467658 -0.001341704 0.0005299788 0.01083424 -0.001681212 0.001581851 0.01100624 0.0107876 0.0005343785 0.03478138 0.01044736 0.001586251 0.03495378 -0.002147696 0.002571379 0.01124257 0.009980635 0.002574579 0.03519018 -0.00273242 0.003479065 0.01153873 -0.003422825 0.004286032 0.01188849 0.009396871 0.003480265 0.03548587 0.008706466 0.004287152 0.03583563 -0.004205711 0.004977557 0.01228505 0.00792182 0.004979877 0.03623306 -0.005067077 0.005541481 0.01272138 -0.005990525 0.005966445 0.01318914 0.007059333 0.005543641 0.03667004 0.006135887 0.005967805 0.03713779 -0.006957972 0.006243966 0.01367921 0.005169718 0.006244287 0.03762717 -0.007950619 0.006368368 0.0141821 -0.008946468 0.006337247 0.01468651 0.004179631 0.006368368 0.03812869 0.003181223 0.006337087 0.03863453 -0.009929915 0.006151966 0.01518466 0.002196497 0.006150926 0.03913333 -0.0108816 0.005815564 0.01566675 -0.01178305 0.00533428 0.01612339 0.001244719 0.005813724 0.03961542 0.000344361 0.0053322 0.0400715 -0.01261641 0.004717315 0.01654556 -0.000487198 0.004716196 0.04049278 -0.01336442 0.00397771 0.01692453 -0.01401346 0.003129703 0.01725324 -0.001235207 0.00397659 0.04087166 -0.001885294 0.003126663 0.04120102 -0.01455202 0.002188417 0.01752604 -0.002423777 0.002184177 0.04147375 -0.01496931 0.001171961 0.01773749 -0.01525699 9.995512e-05 0.01788317 -0.002840261 0.001167663 0.04168479 -0.003126583 9.995284e-05 0.04182984 -0.01540923 -0.001006651 0.01796029 -0.003278904 -0.001006654 0.04190695 0.01099456 -0.002794661 0.03467658 0.01078864 -0.003885469 0.0347809 -0.001135752 -0.002794661 0.01072992 -0.00134273 -0.003889869 0.0108348 0.01044912 -0.004937317 0.0349529 -0.001682972 -0.004941797 0.01100712 0.009982556 -0.005926845 0.03518922 0.009397911 -0.006834612 0.03548538 -0.002149696 -0.005930045 0.01124352 -0.00273338 -0.006835731 0.01153921 0.008707506 -0.007641498 0.03583514 -0.003423785 -0.007642697 0.01188897 0.00792462 -0.008333023 0.03623171 0.007063173 -0.008896948 0.03666804 -0.004208511 -0.008335343 0.01228649 -0.005070998 -0.008899188 0.01272338 0.006139806 -0.00932199 0.03713579 -0.005994365 -0.009323271 0.01319114 0.005172279 -0.009599432 0.03762588 0.004179631 -0.009723833 0.03812869 -0.006960613 -0.009599832 0.01368058 -0.007950619 -0.009723833 0.0141821 0.003183784 -0.009692713 0.03863316 -0.008949108 -0.009692633 0.01468787 0.002200416 -0.009507432 0.03913133 0.001248754 -0.009171029 0.03961342 -0.009933834 -0.009506471 0.01518666 -0.0108856 -0.009169189 0.01566883 0.0003473299 -0.008689746 0.04007005 -0.01178601 -0.008687746 0.01612492 -0.0004861081 -0.008072781 0.04049223 -0.001234119 -0.007333176 0.0408711 -0.01261754 -0.008071741 0.01654613 -0.01336554 -0.007332055 0.01692508 -0.001883054 -0.006485168 0.04119991 -0.01401562 -0.006482128 0.01725437 -0.002421618 -0.005543881 0.04147271 -0.002838982 -0.004527394 0.04168408 -0.0145541 -0.005539641 0.01752717 -0.01497067 -0.004523154 0.01773812 -0.003126583 -0.003455385 0.04182984 -0.01525699 -0.003455385 0.01788317 -0.003278904 -0.002348817 0.04190695 -0.01540923 -0.002348817 0.01796029 -0.003303864 -0.001677693 0.04191959 -0.01467706 -0.001006654 0.04768075 -0.003278904 -0.001006654 0.04190695 -0.003278904 -0.002348817 0.04190695 -0.01467706 -0.002348817 0.04768075 -0.001081598 -0.003690987 0.0007943455 -0.001197748 -0.002348817 0.0006055346 -0.001197748 -0.003690987 0.0006055346 -0.0005727678 -0.003690987 0.001213049 -0.0007647462 -0.002348817 0.001102363 -0.0007647462 -0.003690987 0.001102363 -0.0009359422 -0.003690987 0.0009614478 -0.0009359422 -0.002348817 0.0009614478 -0.001081598 -0.002348817 0.0007943455 -0.0001475198 -0.002348817 0.001333155 -0.0001475198 -0.003690987 0.001333155 7.406432e-05 -0.003690987 0.001339165 -0.0005727678 -0.002348817 0.001213049 -0.0003651435 -0.003690987 0.00129068 -0.0003651435 -0.002348817 0.00129068 0.0005051618 -0.003690987 0.00124236 0.0007029613 -0.003690987 0.001142159 0.0005051618 -0.002348817 0.00124236 0.0002936196 -0.003690987 0.001308595 0.0002936196 -0.002348817 0.001308595 7.406432e-05 -0.002348817 0.001339165 0.001162206 -0.003690987 0.0006697046 0.001036024 -0.002348817 0.000851877 0.001036024 -0.003690987 0.000851877 0.0008815098 -0.002348817 0.001010793 0.0007029613 -0.002348817 0.001142159 0.0008815098 -0.003690987 0.001010793 0.001316945 -0.002348817 0.0002558021 0.001316945 -0.003690987 0.0002558021 0.001341243 -0.003690987 3.556032e-05 0.001162206 -0.002348817 0.0006697046 0.001256776 -0.003690987 0.0004690838 0.001256776 -0.002348817 0.0004690838 0.001280368 -0.003690987 -0.0004021274 0.001196939 -0.003690987 -0.0006075143 0.001280368 -0.002348817 -0.0004021274 0.001328979 -0.003690987 -0.0001858661 0.001328979 -0.002348817 -0.0001858661 0.001341243 -0.002348817 3.556032e-05 0.0007638966 -0.003690987 -0.001104179 0.0009351047 -0.002348817 -0.0009634168 0.0009351047 -0.003690987 -0.0009634168 0.001080701 -0.002348817 -0.0007962917 0.001196939 -0.002348817 -0.0006075143 0.001080701 -0.003690987 -0.0007962917 0.0003643449 -0.002348817 -0.00129267 0.0003643449 -0.003690987 -0.00129267 0.0001466501 -0.003690987 -0.001335105 0.0007638966 -0.002348817 -0.001104179 0.0005718967 -0.003690987 -0.001215004 0.0005718967 -0.002348817 -0.001215004 -0.0002944102 -0.003690987 -0.001310595 -0.0005059483 -0.003690987 -0.001244359 -0.0002944102 -0.002348817 -0.001310595 -7.487554e-05 -0.003690987 -0.001341155 -7.487554e-05 -0.002348817 -0.001341155 0.0001466501 -0.002348817 -0.001335105 -0.0007037492 -0.003690987 -0.001144158 -0.000882299 -0.003690987 -0.001012793 -0.0007037492 -0.002348817 -0.001144158 -0.0005059483 -0.002348817 -0.001244359 -0.000882299 -0.002348817 -0.001012793 -0.001036836 -0.003690987 -0.0008538661 -0.001163075 -0.003690987 -0.0006716548 -0.001036836 -0.002348817 -0.0008538661 -0.001257573 -0.003690987 -0.0004710743 -0.001163075 -0.002348817 -0.0006716548 -0.001257573 -0.002348817 -0.0004710743 -0.001317816 -0.003690987 -0.0002577523 -0.001342091 -0.003690987 -3.737522e-05 -0.001317816 -0.002348817 -0.0002577523 -0.001329817 -0.003690987 0.0001838958 -0.001342091 -0.002348817 -3.737522e-05 -0.001329817 -0.002348817 0.0001838958 -0.001281264 -0.003690987 0.0004001826 -0.001281264 -0.002348817 0.0004001826 -0.01467706 -0.001006654 0.04768075 -0.03438898 -0.002348817 0.008767506 -0.03438898 -0.00100665 0.008767506 -0.01467706 -0.002348817 0.04768075 -0.01540923 -0.001006651 0.01796029 -0.01467706 -0.001006654 0.04768075 -0.03438898 -0.00100665 0.008767506 -0.0160158 -0.001006651 0.016763 -0.01544059 -0.001006651 0.01647163 -0.01483411 -0.001006651 0.01766893 -0.02299073 -0.00100665 0.002993702 -0.003278904 -0.001006654 0.04190695 -0.01544059 -0.001006651 0.01647163 -0.01483411 -0.002348817 0.01766893 -0.01483411 -0.001006651 0.01766893 -0.01544059 -0.002348817 0.01647163 -0.0160158 -0.002348817 0.016763 -0.02299073 -0.002348817 0.002993702 -0.03438898 -0.002348817 0.008767506 -0.01540923 -0.002348817 0.01796029 -0.01544059 -0.002348817 0.01647163 -0.01483411 -0.002348817 0.01766893 -0.003278904 -0.002348817 0.04190695 -0.01467706 -0.002348817 0.04768075 -0.02254561 -0.004542514 0.00276818 -0.01586156 -0.003465065 0.01668484 -0.01557068 -0.004542514 0.01653748 -0.0160158 -0.002348817 0.016763 -0.02283657 -0.003465065 0.002915541 -0.02299073 -0.002348817 0.002993702 -0.01460058 -0.006514528 0.01604604 -0.0139405 -0.007367655 0.01571171 -0.02091543 -0.007367655 0.001942414 -0.02157552 -0.006514528 0.002276737 -0.02212248 -0.005566521 0.002553859 -0.01514747 -0.005566521 0.01632316 -0.01839861 -0.00919903 0.0006675155 -0.01233561 -0.008723506 0.01489875 -0.01142361 -0.00919903 0.01443674 -0.01931062 -0.008723506 0.001129508 -0.02015527 -0.008109101 0.001557371 -0.01318034 -0.008109101 0.01532667 -0.008458864 -0.009718393 0.01293498 -0.01543379 -0.009718393 -0.0008343212 -0.009465991 -0.009701674 0.01344514 -0.0104608 -0.009527352 0.01394906 -0.01644092 -0.009701674 -0.0003241477 -0.01743573 -0.009527352 0.0001797766 -0.006487008 -0.00928007 0.01193609 -0.005562681 -0.008834227 0.01146785 -0.01253769 -0.008834227 -0.002301376 -0.01443426 -0.009576952 -0.001340665 -0.007459257 -0.009576952 0.01242857 -0.01346202 -0.00928007 -0.001833133 -0.004703155 -0.008248142 0.01103248 -0.003924669 -0.007532857 0.01063816 -0.01089968 -0.007532857 -0.003131063 -0.01167817 -0.008248142 -0.00273674 -0.003242744 -0.00670229 0.01029272 -0.01021768 -0.00670229 -0.003476506 -0.009645912 -0.005772603 -0.003766188 -0.002670899 -0.005772603 0.01000303 -0.002220656 -0.004762195 0.009774954 -0.00919559 -0.004762195 -0.003994269 -0.001900893 -0.003690987 0.009612952 -0.008875827 -0.003690987 -0.004156272 -0.001281264 -0.003690987 0.0004001826 -0.001329817 -0.003690987 0.0001838958 -0.008875827 -0.003690987 -0.004156272 0.002498738 -0.003690987 -0.009918235 -7.487554e-05 -0.003690987 -0.001341155 0.0001466501 -0.003690987 -0.001335105 0.001196939 -0.003690987 -0.0006075143 0.009473672 -0.003690987 0.003850988 -0.001900893 -0.003690987 0.009612952 -0.0009359422 -0.003690987 0.0009614478 -0.001081598 -0.003690987 0.0007943455 0.0009351047 -0.003690987 -0.0009634168 0.001080701 -0.003690987 -0.0007962917 0.0005718967 -0.003690987 -0.001215004 0.0007638966 -0.003690987 -0.001104179 0.0003643449 -0.003690987 -0.00129267 -0.0005059483 -0.003690987 -0.001244359 -0.0002944102 -0.003690987 -0.001310595 -0.0007037492 -0.003690987 -0.001144158 -0.001036836 -0.003690987 -0.0008538661 -0.000882299 -0.003690987 -0.001012793 -0.001257573 -0.003690987 -0.0004710743 -0.001163075 -0.003690987 -0.0006716548 -0.001342091 -0.003690987 -3.737522e-05 -0.001317816 -0.003690987 -0.0002577523 -0.001197748 -0.003690987 0.0006055346 7.406432e-05 -0.003690987 0.001339165 -0.0001475198 -0.003690987 0.001333155 -0.0005727678 -0.003690987 0.001213049 -0.0007647462 -0.003690987 0.001102363 -0.0003651435 -0.003690987 0.00129068 0.0005051618 -0.003690987 0.00124236 0.0002936196 -0.003690987 0.001308595 0.0007029613 -0.003690987 0.001142159 0.001036024 -0.003690987 0.000851877 0.0008815098 -0.003690987 0.001010793 0.001256776 -0.003690987 0.0004690838 0.001162206 -0.003690987 0.0006697046 0.001341243 -0.003690987 3.556032e-05 0.001316945 -0.003690987 0.0002558021 0.001280368 -0.003690987 -0.0004021274 0.001328979 -0.003690987 -0.0001858661 0.009473672 -0.002348817 0.003850988 0.002498738 -0.002348817 -0.009918235 0.002498738 -0.003690987 -0.009918235 0.009473672 -0.003690987 0.003850988 0.001196939 -0.002348817 -0.0006075143 0.009473672 -0.002348817 0.003850988 0.001280368 -0.002348817 -0.0004021274 0.001036024 -0.002348817 0.000851877 0.001162206 -0.002348817 0.0006697046 0.002498738 -0.002348817 -0.009918235 -0.002900101 -0.002348817 0.01011912 -0.0009359422 -0.002348817 0.0009614478 -0.0007647462 -0.002348817 0.001102363 0.001341243 -0.002348817 3.556032e-05 0.001328979 -0.002348817 -0.0001858661 0.001256776 -0.002348817 0.0004690838 0.001316945 -0.002348817 0.0002558021 0.0007029613 -0.002348817 0.001142159 0.0008815098 -0.002348817 0.001010793 0.0005051618 -0.002348817 0.00124236 7.406432e-05 -0.002348817 0.001339165 0.0002936196 -0.002348817 0.001308595 -0.0003651435 -0.002348817 0.00129068 -0.0001475198 -0.002348817 0.001333155 -0.0005727678 -0.002348817 0.001213049 -0.001197748 -0.002348817 0.0006055346 -0.001081598 -0.002348817 0.0007943455 -0.009875115 -0.002348817 -0.003650107 -0.001036836 -0.002348817 -0.0008538661 -0.001163075 -0.002348817 -0.0006716548 -0.001329817 -0.002348817 0.0001838958 -0.001281264 -0.002348817 0.0004001826 -0.001317816 -0.002348817 -0.0002577523 -0.001342091 -0.002348817 -3.737522e-05 -0.001257573 -0.002348817 -0.0004710743 -0.0007037492 -0.002348817 -0.001144158 -0.000882299 -0.002348817 -0.001012793 -0.0005059483 -0.002348817 -0.001244359 -7.487554e-05 -0.002348817 -0.001341155 -0.0002944102 -0.002348817 -0.001310595 0.0003643449 -0.002348817 -0.00129267 0.0001466501 -0.002348817 -0.001335105 0.0007638966 -0.002348817 -0.001104179 0.0005718967 -0.002348817 -0.001215004 0.001080701 -0.002348817 -0.0007962917 0.0009351047 -0.002348817 -0.0009634168 -0.01522179 -0.008353743 -0.0009417418 -0.009156469 -0.008380223 0.01328834 -0.01613147 -0.008380223 -0.0004809286 -0.01477194 -0.000643952 0.01613292 -0.0218184 -0.001677693 0.002399778 -0.01484347 -0.001677693 0.01616908 -0.01432619 -0.008172942 -0.00139537 -0.008246783 -0.008353743 0.01282754 -0.007351255 -0.008172942 0.01237385 -0.01346546 -0.007842138 -0.001831373 -0.01265954 -0.007368936 -0.002239617 -0.006490529 -0.007842138 0.01193785 -0.01192689 -0.006764451 -0.002610739 -0.005684522 -0.007368936 0.01152961 -0.004951956 -0.006764451 0.01115848 -0.01128456 -0.006042525 -0.002936102 -0.01074728 -0.005220119 -0.003208264 -0.004309552 -0.006042606 0.01083312 -0.01032736 -0.004316192 -0.003420985 -0.003772268 -0.005220119 0.01056096 -0.003352345 -0.004316192 0.01034824 -0.01003464 -0.003353065 -0.003569306 -0.009875115 -0.002348817 -0.003650107 -0.003059703 -0.003353065 0.01019992 -0.002900101 -0.002348817 0.01011912 -0.01005792 -0.008252063 0.01374498 -0.010932 -0.00797238 0.0141877 -0.01703292 -0.008252063 -2.428017e-05 -0.01175841 -0.007547497 0.01460634 -0.01790693 -0.00797238 0.0004184686 -0.01873334 -0.007547497 0.0008370861 -0.01251802 -0.006987093 0.01499115 -0.0131933 -0.006304127 0.01533323 -0.01949302 -0.006987093 0.001221894 -0.01376858 -0.005514202 0.01562467 -0.02016831 -0.006304127 0.001563932 -0.02074359 -0.005514202 0.001855373 -0.0142305 -0.004635555 0.01585867 -0.01456834 -0.003688428 0.0160298 -0.02120552 -0.004635555 0.002089295 -0.01477426 -0.00269482 0.01613403 -0.02154336 -0.003688428 0.002260496 -0.0217492 -0.00269482 0.002364737 -0.01373601 0.002210416 0.01560811 -0.02118679 0.001322126 0.002079855 -0.01421178 0.001322124 0.01584915 -0.01455986 0.0003625007 0.01602548 -0.02153487 0.000362502 0.002256177 -0.02174695 -0.0006439507 0.002363618 -0.01942422 0.003690428 0.001187035 -0.01244921 0.003690428 0.01495626 -0.01166881 0.004246672 0.01456099 -0.02071103 0.002210416 0.001838813 -0.01314378 0.003006262 0.01530819 -0.02011879 0.003006262 0.00153889 -0.009926635 0.004925157 0.0136785 -0.009006467 0.005031077 0.01321234 -0.01690156 0.004925157 -9.08057e-05 -0.0108212 0.004661555 0.01413162 -0.01779613 0.004661555 0.0003623477 -0.01864374 0.004246672 0.0007917161 -0.006315407 0.004398273 0.01184913 -0.0141549 0.004764356 -0.001482171 -0.007179894 0.004764356 0.01228705 -0.01505906 0.004976917 -0.001024143 -0.01598148 0.005031077 -0.0005569098 -0.00808414 0.004976917 0.01274514 -0.01176177 0.003243544 -0.00269442 -0.004786756 0.003243544 0.0110748 -0.004159231 0.002482258 0.01075696 -0.01329034 0.004398273 -0.001920095 -0.005511321 0.003887309 0.01144185 -0.01248625 0.003887309 -0.002327377 -0.003643708 0.001621612 0.01049576 -0.01113416 0.002482258 -0.003012262 -0.003252504 0.0006821829 0.0102976 -0.01061864 0.001621612 -0.003273464 -0.01022744 0.0006821842 -0.003471626 -0.002995062 -0.0003137068 0.0101672 -0.002877622 -0.00134217 0.01010768 -0.009970075 -0.0003137055 -0.003602027 -0.009852554 -0.00134217 -0.003661547 -0.03438898 -0.00100665 0.008767506 -0.03438898 -0.002348817 0.008767506 -0.02299073 -0.002348817 0.002993702 -0.01522179 -0.008353743 -0.0009417418 -0.01443426 -0.009576952 -0.001340665 -0.01346202 -0.00928007 -0.001833133 -0.01253769 -0.008834227 -0.002301376 -0.01432619 -0.008172942 -0.00139537 -0.02284376 7.344853e-05 0.002919222 -0.02174695 -0.0006439507 0.002363618 -0.02153487 0.000362502 0.002256177 -0.02299073 -0.00100665 0.002993702 -0.01346546 -0.007842138 -0.001831373 -0.01167817 -0.008248142 -0.00273674 -0.01543379 -0.009718393 -0.0008343212 -0.01089968 -0.007532857 -0.003131063 -0.01265954 -0.007368936 -0.002239617 -0.01021768 -0.00670229 -0.003476506 -0.01192689 -0.006764451 -0.002610739 -0.01128456 -0.006042525 -0.002936102 -0.009645912 -0.005772603 -0.003766188 -0.01074728 -0.005220119 -0.003208264 -0.00919559 -0.004762195 -0.003994269 -0.01032736 -0.004316192 -0.003420985 -0.008875827 -0.003690987 -0.004156272 -0.01003464 -0.003353065 -0.003569306 -0.009875115 -0.002348817 -0.003650107 -0.02154336 -0.003688428 0.002260496 -0.02283657 -0.003465065 0.002915541 -0.02254561 -0.004542514 0.00276818 -0.02120552 -0.004635555 0.002089295 -0.02212248 -0.005566521 0.002553859 0.002498738 -0.003690987 -0.009918235 0.002498738 -0.002348817 -0.009918235 -0.01113416 0.002482258 -0.003012262 -0.009462472 0.002046895 -0.003859068 -0.009970315 0.002978342 -0.003601866 -0.01387306 0.006070126 -0.001624891 -0.01482619 0.006295967 -0.001142124 -0.01505906 0.004976917 -0.001024143 -0.0218184 -0.001677693 0.002399778 -0.0217492 -0.00269482 0.002364737 -0.02074359 -0.005514202 0.001855373 -0.02157552 -0.006514528 0.002276737 -0.01949302 -0.006987093 0.001221894 -0.02091543 -0.007367655 0.001942414 -0.01873334 -0.007547497 0.0008370861 -0.02015527 -0.008109101 0.001557371 -0.01790693 -0.00797238 0.0004184686 -0.01703292 -0.008252063 -2.428017e-05 -0.01931062 -0.008723506 0.001129508 -0.02016831 -0.006304127 0.001563932 -0.01839861 -0.00919903 0.0006675155 -0.01743573 -0.009527352 0.0001797766 -0.01644092 -0.009701674 -0.0003241477 -0.01613147 -0.008380223 -0.0004809286 -0.02118679 0.001322126 0.002079855 -0.02216816 0.002116655 0.002576979 -0.02256785 0.001121039 0.002779461 -0.01942422 0.003690428 0.001187035 -0.02103063 0.003879869 0.002000815 -0.02011879 0.003006262 0.00153889 -0.02165248 0.003041863 0.002315777 -0.02071103 0.002210416 0.001838813 -0.01864254 0.005733163 0.0007910759 -0.01779613 0.004661555 0.0003623477 -0.01690156 0.004925157 -9.08057e-05 -0.0203123 0.004617074 0.001636892 -0.01864374 0.004246672 0.0007917161 -0.0195111 0.00523884 0.00123106 -0.01676948 0.006306287 -0.0001577218 -0.01598148 0.005031077 -0.0005569098 -0.01579819 0.006375248 -0.0006497449 -0.01772293 0.006091086 0.0003252469 -0.01129889 0.004569875 -0.002928901 -0.01248625 0.003887309 -0.002327377 -0.01058624 0.003824589 -0.003289864 -0.0141549 0.004764356 -0.001482171 -0.01329034 0.004398273 -0.001920095 -0.01209337 0.005198919 -0.002526418 -0.01295642 0.005701963 -0.002089216 -0.01176177 0.003243544 -0.00269442 -0.008805346 0 -0.004191951 -0.009072628 0.001050695 -0.00405659 -0.01022744 0.0006821842 -0.003471626 -0.01061864 0.001621612 -0.003273464 0.002498738 -0.00134217 -0.009918235 0.002498738 0 -0.009918235 -0.009852554 -0.00134217 -0.003661547 -0.009970075 -0.0003137055 -0.003602027 -0.007851179 0.006295967 0.01262713 -0.008823186 0.006375248 0.01311954 -0.01579819 0.006375248 -0.0006497449 -0.01482619 0.006295967 -0.001142124 -0.006898052 0.006070126 0.01214433 -0.01387306 0.006070126 -0.001624891 -0.005981485 0.005701963 0.01168001 -0.005118358 0.005198919 0.01124281 -0.01295642 0.005701963 -0.002089216 -0.01209337 0.005198919 -0.002526418 -0.004323872 0.004569875 0.01084032 -0.01129889 0.004569875 -0.002928901 -0.003611307 0.003824589 0.01047936 -0.002995383 0.002978342 0.01016736 -0.01058624 0.003824589 -0.003289864 -0.009970315 0.002978342 -0.003601866 -0.002487538 0.002046895 0.009910154 -0.009462472 0.002046895 -0.003859068 -0.002097695 0.001050694 0.009712634 -0.001830414 0 0.009577273 -0.009072628 0.001050695 -0.00405659 -0.008805346 0 -0.004191951 -0.01676948 0.006306287 -0.0001577218 -0.009794554 0.006306287 0.01361154 -0.01074792 0.006091086 0.0140945 -0.01772293 0.006091086 0.0003252469 -0.01864254 0.005733163 0.0007910759 -0.01166753 0.005733163 0.01456035 -0.01253609 0.00523884 0.01500034 -0.0195111 0.00523884 0.00123106 -0.01333738 0.004617074 0.01540619 -0.0203123 0.004617074 0.001636892 -0.02103063 0.003879869 0.002000815 -0.0140557 0.003879869 0.01577011 -0.01467746 0.003041863 0.01608507 -0.02165248 0.003041863 0.002315777 -0.01519315 0.002116655 0.01634627 -0.02216816 0.002116655 0.002576979 -0.02256785 0.001121039 0.002779461 -0.01559284 0.001121038 0.01654876 -0.01586883 7.344705e-05 0.01668852 -0.02284376 7.344853e-05 0.002919222 -0.02299073 -0.00100665 0.002993702 -0.0160158 -0.001006651 0.016763 -0.01586883 7.344705e-05 0.01668852 -0.01455986 0.0003625007 0.01602548 -0.01477194 -0.000643952 0.01613292 -0.01421178 0.001322124 0.01584915 -0.01519315 0.002116655 0.01634627 -0.01373601 0.002210416 0.01560811 -0.01074792 0.006091086 0.0140945 -0.009926635 0.004925157 0.0136785 -0.01166753 0.005733163 0.01456035 -0.0108212 0.004661555 0.01413162 -0.01253609 0.00523884 0.01500034 -0.01166881 0.004246672 0.01456099 -0.008823186 0.006375248 0.01311954 -0.007851179 0.006295967 0.01262713 -0.009006467 0.005031077 0.01321234 -0.01333738 0.004617074 0.01540619 -0.0140557 0.003879869 0.01577011 -0.01244921 0.003690428 0.01495626 -0.01314378 0.003006262 0.01530819 -0.01467746 0.003041863 0.01608507 -0.005118358 0.005198919 0.01124281 -0.006315407 0.004398273 0.01184913 -0.005981485 0.005701963 0.01168001 -0.01559284 0.001121038 0.01654876 -0.01544059 -0.001006651 0.01647163 -0.01484347 -0.001677693 0.01616908 -0.0160158 -0.001006651 0.016763 -0.0160158 -0.002348817 0.016763 -0.01544059 -0.002348817 0.01647163 -0.01586156 -0.003465065 0.01668484 -0.01477426 -0.00269482 0.01613403 -0.0142305 -0.004635555 0.01585867 -0.01514747 -0.005566521 0.01632316 -0.01557068 -0.004542514 0.01653748 -0.002220656 -0.004762195 0.009774954 -0.003772268 -0.005220119 0.01056096 -0.003352345 -0.004316192 0.01034824 -0.009156469 -0.008380223 0.01328834 -0.009465991 -0.009701674 0.01344514 -0.0104608 -0.009527352 0.01394906 -0.002670899 -0.005772603 0.01000303 -0.004309552 -0.006042606 0.01083312 -0.007351255 -0.008172942 0.01237385 -0.005562681 -0.008834227 0.01146785 -0.006487008 -0.00928007 0.01193609 -0.003924669 -0.007532857 0.01063816 -0.004703155 -0.008248142 0.01103248 -0.005684522 -0.007368936 0.01152961 -0.006490529 -0.007842138 0.01193785 -0.008246783 -0.008353743 0.01282754 -0.007459257 -0.009576952 0.01242857 -0.004951956 -0.006764451 0.01115848 -0.003242744 -0.00670229 0.01029272 -0.001900893 -0.003690987 0.009612952 -0.003059703 -0.003353065 0.01019992 -0.0139405 -0.007367655 0.01571171 -0.01460058 -0.006514528 0.01604604 -0.0131933 -0.006304127 0.01533323 -0.002900101 -0.002348817 0.01011912 0.009473672 -0.002348817 0.003850988 0.009473672 -0.003690987 0.003850988 -0.01376858 -0.005514202 0.01562467 -0.002487538 0.002046895 0.009910154 -0.003643708 0.001621612 0.01049576 -0.004159231 0.002482258 0.01075696 -0.01251802 -0.006987093 0.01499115 -0.01318034 -0.008109101 0.01532667 -0.01456834 -0.003688428 0.0160298 -0.01175841 -0.007547497 0.01460634 -0.01233561 -0.008723506 0.01489875 -0.010932 -0.00797238 0.0141877 -0.01142361 -0.00919903 0.01443674 -0.01005792 -0.008252063 0.01374498 -0.008458864 -0.009718393 0.01293498 -0.002097695 0.001050694 0.009712634 -0.004786756 0.003243544 0.0110748 -0.002995383 0.002978342 0.01016736 -0.005511321 0.003887309 0.01144185 -0.003611307 0.003824589 0.01047936 -0.004323872 0.004569875 0.01084032 -0.007179894 0.004764356 0.01228705 -0.006898052 0.006070126 0.01214433 -0.00808414 0.004976917 0.01274514 -0.009794554 0.006306287 0.01361154 -0.001830414 0 0.009577273 -0.003252504 0.0006821829 0.0102976 -0.002995062 -0.0003137068 0.0101672 -0.002877622 -0.00134217 0.01010768 0.009473672 0 0.003850988 0.009473672 -0.00134217 0.003850988 0.009473672 0 0.003850988 0.002498738 0 -0.009918235 0.002498738 -0.00134217 -0.009918235 0.009473672 -0.00134217 0.003850988 -0.001342126 -0.00134217 -3.76603e-05 -0.009852554 -0.00134217 -0.003661547 -0.001329839 -0.00134217 0.0001837616 0.002498738 -0.00134217 -0.009918235 -7.439557e-05 -0.00134217 -0.0013411 0.0001471293 -0.00134217 -0.001335055 0.001196939 -0.00134217 -0.0006075143 0.009473672 -0.00134217 0.003850988 0.0009352242 -0.00134217 -0.0009631779 0.001080701 -0.00134217 -0.0007962917 0.0005722564 -0.00134217 -0.001214884 0.0007641382 -0.00134217 -0.001103999 0.0003647019 -0.00134217 -0.001292549 -0.0005055296 -0.00134217 -0.00124442 -0.0002939901 -0.00134217 -0.001310655 -0.0007033895 -0.00134217 -0.001144344 -0.001036585 -0.00134217 -0.0008541413 -0.0008819407 -0.00134217 -0.001012973 -0.001257491 -0.00134217 -0.0004714192 -0.001162885 -0.00134217 -0.0006719004 -0.001317733 -0.00134217 -0.000257947 -0.001197748 -0.00134217 0.0006055346 -0.001281252 -0.00134217 0.0004001786 -0.002877622 -0.00134217 0.01010768 7.406432e-05 -0.00134217 0.001339165 -0.0001475198 -0.00134217 0.001333155 -0.0009359422 -0.00134217 0.0009614478 -0.001081598 -0.00134217 0.0007943455 -0.0005727678 -0.00134217 0.001213049 -0.0007647462 -0.00134217 0.001102363 -0.0003651435 -0.00134217 0.00129068 0.0005051618 -0.00134217 0.00124236 0.0002936196 -0.00134217 0.001308595 0.0007029613 -0.00134217 0.001142159 0.001036024 -0.00134217 0.000851877 0.0008815098 -0.00134217 0.001010793 0.001256776 -0.00134217 0.0004690838 0.001162206 -0.00134217 0.0006697046 0.001341243 -0.00134217 3.556032e-05 0.001316945 -0.00134217 0.0002558021 0.001280368 -0.00134217 -0.0004021274 0.001328979 -0.00134217 -0.0001858661 0.001196939 0 -0.0006075143 0.009473672 0 0.003850988 0.001280368 0 -0.0004021274 0.001036024 0 0.000851877 0.001162206 0 0.0006697046 0.002498738 0 -0.009918235 -0.0009359422 0 0.0009614478 -0.001830414 0 0.009577273 -0.001081598 0 0.0007943455 0.001341243 0 3.556032e-05 0.001328979 0 -0.0001858661 0.001256776 0 0.0004690838 0.001316945 0 0.0002558021 0.0007029613 0 0.001142159 0.0008815098 0 0.001010793 0.0005051618 0 0.00124236 7.406432e-05 0 0.001339165 0.0002936196 0 0.001308595 -0.0003651435 0 0.00129068 -0.0001475198 0 0.001333155 -0.0007647462 0 0.001102363 -0.0005727678 0 0.001213049 -0.001197748 0 0.0006055346 -0.008805346 0 -0.004191951 -0.001329744 0 0.0001841615 -0.001281252 0 0.0004001786 -0.001163266 0 -0.0006712602 -0.001037075 0 -0.000853446 -0.001317851 0 -0.0002574316 -0.001342064 0 -3.708531e-05 -0.001257683 0 -0.0004707186 -0.0007040485 0 -0.001143859 -0.0008825983 0 -0.001012493 -0.0005064288 0 -0.001244114 -7.529551e-05 0 -0.00134109 -0.0002947685 0 -0.00131041 0.0003639825 0 -0.00129279 0.0001463494 0 -0.001335105 0.0007637772 0 -0.001104419 0.0005717182 0 -0.001215064 0.001080701 0 -0.0007962917 0.0009350443 0 -0.0009635376 -0.001081598 -0.00134217 0.0007943455 -0.001197748 0 0.0006055346 -0.001197748 -0.00134217 0.0006055346 -0.0005727678 -0.00134217 0.001213049 -0.0007647462 0 0.001102363 -0.0007647462 -0.00134217 0.001102363 -0.0009359422 -0.00134217 0.0009614478 -0.0009359422 0 0.0009614478 -0.001081598 0 0.0007943455 -0.0001475198 0 0.001333155 -0.0001475198 -0.00134217 0.001333155 7.406432e-05 -0.00134217 0.001339165 -0.0005727678 0 0.001213049 -0.0003651435 -0.00134217 0.00129068 -0.0003651435 0 0.00129068 0.0005051618 -0.00134217 0.00124236 0.0007029613 -0.00134217 0.001142159 0.0005051618 0 0.00124236 0.0002936196 -0.00134217 0.001308595 0.0002936196 0 0.001308595 7.406432e-05 0 0.001339165 0.001162206 -0.00134217 0.0006697046 0.001036024 0 0.000851877 0.001036024 -0.00134217 0.000851877 0.0008815098 0 0.001010793 0.0007029613 0 0.001142159 0.0008815098 -0.00134217 0.001010793 0.001316945 0 0.0002558021 0.001316945 -0.00134217 0.0002558021 0.001341243 -0.00134217 3.556032e-05 0.001162206 0 0.0006697046 0.001256776 -0.00134217 0.0004690838 0.001256776 0 0.0004690838 0.001280368 -0.00134217 -0.0004021274 0.001196939 -0.00134217 -0.0006075143 0.001280368 0 -0.0004021274 0.001328979 -0.00134217 -0.0001858661 0.001328979 0 -0.0001858661 0.001341243 0 3.556032e-05 0.0007641382 -0.00134217 -0.001103999 0.0009350443 0 -0.0009635376 0.0009352242 -0.00134217 -0.0009631779 0.001080701 0 -0.0007962917 0.001196939 0 -0.0006075143 0.001080701 -0.00134217 -0.0007962917 0.0003639825 0 -0.00129279 0.0003647019 -0.00134217 -0.001292549 0.0001471293 -0.00134217 -0.001335055 0.0007637772 0 -0.001104419 0.0005722564 -0.00134217 -0.001214884 0.0005717182 0 -0.001215064 -0.0002939901 -0.00134217 -0.001310655 -0.0005055296 -0.00134217 -0.00124442 -0.0002947685 0 -0.00131041 -7.439557e-05 -0.00134217 -0.0013411 -7.529551e-05 0 -0.00134109 0.0001463494 0 -0.001335105 -0.0007033895 -0.00134217 -0.001144344 -0.0008819407 -0.00134217 -0.001012973 -0.0007040485 0 -0.001143859 -0.0005064288 0 -0.001244114 -0.0008825983 0 -0.001012493 -0.001036585 -0.00134217 -0.0008541413 -0.001162885 -0.00134217 -0.0006719004 -0.001037075 0 -0.000853446 -0.001257491 -0.00134217 -0.0004714192 -0.001163266 0 -0.0006712602 -0.001257683 0 -0.0004707186 -0.001317733 -0.00134217 -0.000257947 -0.001342126 -0.00134217 -3.76603e-05 -0.001317851 0 -0.0002574316 -0.001329839 -0.00134217 0.0001837616 -0.001342064 0 -3.708531e-05 -0.001329744 0 0.0001841615 -0.001281252 -0.00134217 0.0004001786 -0.001281252 0 0.0004001786 -0.001581851 -0.006375408 0.001703373 -0.002266097 -0.006375408 -0.0005183676 0.002266336 -0.006375408 0.0005182481 0.001582091 -0.006375408 -0.001703452 0.0006843613 -0.006375408 0.002221696 -0.0006841224 -0.006375408 -0.002221777 0.002266336 -0.007717659 0.0005182481 0.0006843613 -0.006375408 0.002221696 0.002266336 -0.006375408 0.0005182481 0.0006843613 -0.007717659 0.002221696 0.001582091 -0.007717659 -0.001703452 0.002266336 -0.006375408 0.0005182481 0.001582091 -0.006375408 -0.001703452 0.002266336 -0.007717659 0.0005182481 -0.0006841237 -0.007717659 -0.002221777 0.001582091 -0.006375408 -0.001703452 -0.0006841224 -0.006375408 -0.002221777 0.001582091 -0.007717659 -0.001703452 -0.002266097 -0.007717659 -0.0005183676 -0.0006841224 -0.006375408 -0.002221777 -0.002266097 -0.006375408 -0.0005183676 -0.0006841237 -0.007717659 -0.002221777 -0.001581851 -0.007717659 0.001703373 -0.002266097 -0.006375408 -0.0005183676 -0.001581851 -0.006375408 0.001703373 -0.002266097 -0.007717659 -0.0005183676 0.0006843613 -0.007717659 0.002221696 -0.001581851 -0.006375408 0.001703373 0.0006843613 -0.006375408 0.002221696 -0.001581851 -0.007717659 0.001703373 -0.003202184 -0.007717659 0.00100197 -0.001581851 -0.007717659 0.001703373 -0.002993543 -0.007717659 0.00151545 0.002591059 -0.007717659 0.002132015 0.0006843613 -0.007717659 0.002221696 0.002266336 -0.007717659 0.0005182481 -0.00270314 -0.007717659 0.001987615 -0.002266097 -0.007717659 -0.0005183676 -0.002339057 -0.007717659 0.002405538 -0.003323385 -0.007717659 0.000461138 -0.003353945 -0.007717659 -9.225472e-05 -0.003293064 -0.007717659 -0.0006431038 -0.001911054 -0.007717659 0.00275786 -0.003142264 -0.007717659 -0.001176386 -0.001430971 -0.007717659 0.003034902 -0.0009117668 -0.007717659 0.003229064 0.0007352154 -0.007717659 0.003273864 0.0001863117 -0.007717659 0.003350185 -0.0003676681 -0.007717659 0.003335145 0.002204817 -0.007717659 0.002529379 -0.0006841237 -0.007717659 -0.002221777 -0.001757373 -0.007717659 -0.002858261 -0.00126313 -0.007717659 -0.003108504 0.003142983 -0.007717659 0.001175229 0.002906661 -0.007717659 0.001676492 0.000911854 -0.007717659 -0.003229224 0.000367907 -0.007717659 -0.003335305 0.003323545 -0.007717659 -0.0004622829 0.003354345 -0.007717659 9.104877e-05 0.001582091 -0.007717659 -0.001703452 0.001910974 -0.007717659 -0.00275826 0.002338897 -0.007717659 -0.002406098 0.003202184 -0.007717659 -0.001003007 0.002993381 -0.007717659 -0.001516331 0.00270298 -0.007717659 -0.001988334 0.003293544 -0.007717659 0.0006418931 -0.0001862299 -0.007717659 -0.003350265 0.001758413 -0.007717659 0.002857782 0.001264067 -0.007717659 0.003108183 -0.0007344477 -0.007717659 -0.003274025 -0.002590098 -0.007717659 -0.002132896 -0.002203777 -0.007717659 -0.002530099 -0.002905781 -0.007717659 -0.001677532 0.00143089 -0.007717659 -0.003035142 -0.003293064 -0.005033238 -0.0006431038 -0.003353945 -0.007717659 -9.225472e-05 -0.003353945 -0.005033238 -9.225472e-05 0.000367907 -0.007717659 -0.003335305 0.000367907 -0.005033238 -0.003335305 0.0009118553 -0.005033238 -0.003229224 -0.003323385 -0.005033238 0.000461138 -0.003323385 -0.007717659 0.000461138 -0.003202184 -0.007717659 0.00100197 -0.003202184 -0.005033238 0.00100197 -0.002993543 -0.007717659 0.00151545 -0.002993543 -0.005033238 0.00151545 -0.00270314 -0.005033238 0.001987615 -0.00270314 -0.007717659 0.001987615 -0.002339057 -0.007717659 0.002405538 -0.002339057 -0.005033238 0.002405538 -0.001911054 -0.007717659 0.00275786 -0.001911054 -0.005033238 0.00275786 -0.001430971 -0.005033238 0.003034902 -0.001430971 -0.007717659 0.003034902 -0.0009117668 -0.007717659 0.003229064 -0.0009117654 -0.005033238 0.003229064 -0.0003676681 -0.007717659 0.003335145 -0.0003676681 -0.005033238 0.003335145 -0.003293064 -0.007717659 -0.0006431038 -0.003142264 -0.005033238 -0.001176386 -0.003142264 -0.007717659 -0.001176386 -0.002905781 -0.005033238 -0.001677532 -0.002905781 -0.007717659 -0.001677532 -0.002590098 -0.007717659 -0.002132896 -0.002590098 -0.005033238 -0.002132896 -0.002203777 -0.005033238 -0.002530099 -0.002203777 -0.007717659 -0.002530099 -0.001757373 -0.005033238 -0.002858261 -0.001757373 -0.007717659 -0.002858261 -0.00126313 -0.007717659 -0.003108504 -0.00126313 -0.005033238 -0.003108504 -0.0007344477 -0.005033238 -0.003274025 -0.0007344477 -0.007717659 -0.003274025 -0.0001862299 -0.005033238 -0.003350265 -0.0001862299 -0.007717659 -0.003350265 0.00143089 -0.007717659 -0.003035142 0.000911854 -0.007717659 -0.003229224 0.00143089 -0.005033238 -0.003035142 0.00270298 -0.007717659 -0.001988334 0.002338897 -0.007717659 -0.002406098 0.00270298 -0.005033238 -0.001988334 0.001910974 -0.007717659 -0.00275826 0.001910974 -0.005033238 -0.00275826 0.002338897 -0.005033238 -0.002406098 0.003202184 -0.007717659 -0.001003007 0.003323545 -0.005033238 -0.0004622829 0.003323545 -0.007717659 -0.0004622829 0.002993381 -0.005033238 -0.001516331 0.003202184 -0.005033238 -0.001003007 0.002993381 -0.007717659 -0.001516331 0.003142983 -0.005033238 0.001175229 0.003142983 -0.007717659 0.001175229 0.003293544 -0.007717659 0.0006418931 0.003293544 -0.005033238 0.0006418931 0.003354345 -0.007717659 9.104877e-05 0.003354345 -0.005033238 9.104863e-05 0.002204817 -0.007717659 0.002529379 0.002591059 -0.007717659 0.002132015 0.002204817 -0.005033238 0.002529379 0.002906661 -0.007717659 0.001676492 0.002906661 -0.005033238 0.001676492 0.002591059 -0.005033238 0.002132015 0.001264067 -0.005033238 0.003108183 0.001758413 -0.007717659 0.002857782 0.001758413 -0.005033238 0.002857782 0.0007352154 -0.005033238 0.003273864 0.001264067 -0.007717659 0.003108183 0.0007352154 -0.007717659 0.003273864 0.0001863131 -0.005033238 0.003350185 0.0001863117 -0.007717659 0.003350185 0.002394738 -0.005033238 -0.001213113 0.00270298 -0.005033238 -0.001988334 0.002162416 -0.005033238 -0.001590652 0.002634899 -0.005033238 0.0005135035 0.002514418 -0.005033238 0.0009401715 0.003293544 -0.005033238 0.0006418931 0.002325377 -0.005033238 0.001341193 0.003142983 -0.005033238 0.001175229 0.003354345 -0.005033238 9.104863e-05 0.00268346 -0.005033238 7.282642e-05 0.002906661 -0.005033238 0.001676492 0.002072895 -0.005033238 0.001705613 0.003323545 -0.005033238 -0.0004622829 0.002658899 -0.005033238 -0.0003698384 0.002591059 -0.005033238 0.002132015 0.001763853 -0.005033238 0.002023455 0.002561778 -0.005033238 -0.0008024161 0.003202184 -0.005033238 -0.001003007 0.001758413 -0.005033238 0.002857782 0.002204817 -0.005033238 0.002529379 0.002993381 -0.005033238 -0.001516331 0.001264067 -0.005033238 0.003108183 0.001406731 -0.005033238 0.002286176 0.00143089 -0.005033238 -0.003035142 0.001144771 -0.005033238 -0.002428098 0.001910974 -0.005033238 -0.00275826 0.0001490741 -0.005033238 0.0026801 -0.0003676681 -0.005033238 0.003335145 0.0001863131 -0.005033238 0.003350185 -0.002993543 -0.005033238 0.00151545 -0.002394738 -0.005033238 0.001212368 -0.002561699 -0.005033238 0.0008015651 0.0002943498 -0.005033238 -0.002668259 0.0007295084 -0.005033238 -0.002583379 0.0009118553 -0.005033238 -0.003229224 -0.00268314 -0.005033238 -7.381494e-05 -0.002634419 -0.005033238 -0.0005144967 -0.003353945 -0.005033238 -9.225472e-05 -0.00140585 -0.005033238 -0.002286657 -0.00126313 -0.005033238 -0.003108504 -0.001757373 -0.005033238 -0.002858261 -0.002513779 -0.005033238 -0.0009411191 -0.003293064 -0.005033238 -0.0006431038 -0.003142264 -0.005033238 -0.001176386 -0.002324577 -0.005033238 -0.001342053 -0.001762973 -0.005033238 -0.002024095 -0.002203777 -0.005033238 -0.002530099 -0.002590098 -0.005033238 -0.002132896 -0.002072015 -0.005033238 -0.001706332 -0.002905781 -0.005033238 -0.001677532 -0.00265866 -0.005033238 0.0003688976 -0.003323385 -0.005033238 0.000461138 -0.0007344477 -0.005033238 -0.003274025 -0.001010477 -0.005033238 -0.002486818 -0.0005875345 -0.005033238 -0.00261922 -0.003202184 -0.005033238 0.00100197 0.000367907 -0.005033238 -0.003335305 -0.0001489587 -0.005033238 -0.00268026 -0.0001862299 -0.005033238 -0.003350265 -0.002339057 -0.005033238 0.002405538 -0.001911054 -0.005033238 0.00275786 -0.001528811 -0.005033238 0.002206256 -0.001430971 -0.005033238 0.003034902 -0.0007293903 -0.005033238 0.002583218 -0.001144753 -0.005033238 0.002427857 0.001528811 -0.005033238 -0.002206576 0.002338897 -0.005033238 -0.002406098 -0.0002941109 -0.005033238 0.0026681 -0.0009117654 -0.005033238 0.003229064 0.0005881962 -0.005033238 0.002619059 0.0007352154 -0.005033238 0.003273864 0.001871134 -0.005033238 -0.001924894 0.001011275 -0.005033238 0.002486578 -0.00270314 -0.005033238 0.001987615 -0.002162496 -0.005033238 0.001590091 -0.001871213 -0.005033238 0.001924414 0.002634899 -0.003691068 0.0005135035 0.002634899 -0.005033238 0.0005135035 0.00268346 -0.005033238 7.282642e-05 -0.0001489587 -0.005033238 -0.00268026 0.0002943498 -0.003691068 -0.002668259 0.0002943498 -0.005033238 -0.002668259 0.002514418 -0.003691068 0.0009401715 0.002514418 -0.005033238 0.0009401715 0.002325377 -0.005033238 0.001341193 0.002325377 -0.003691068 0.001341193 0.002072895 -0.003691068 0.001705613 0.002072895 -0.005033238 0.001705613 0.001763853 -0.003691068 0.002023455 0.001763853 -0.005033238 0.002023455 0.001406731 -0.005033238 0.002286176 0.001406731 -0.003691068 0.002286176 0.001011277 -0.003691068 0.002486578 0.001011275 -0.005033238 0.002486578 0.0005881962 -0.003691068 0.002619059 0.0005881962 -0.005033238 0.002619059 0.0001490741 -0.005033238 0.0026801 0.0001490741 -0.003691068 0.0026801 -0.0002941095 -0.003691068 0.0026681 -0.0002941109 -0.005033238 0.0026681 0.00268346 -0.003691068 7.282642e-05 0.002658899 -0.005033238 -0.0003698384 0.002658899 -0.003691068 -0.0003698384 0.002561778 -0.005033238 -0.0008024161 0.002561778 -0.003691068 -0.0008024161 0.002394738 -0.003691068 -0.001213113 0.002394738 -0.005033238 -0.001213113 0.002162416 -0.005033238 -0.001590652 0.002162416 -0.003691068 -0.001590652 0.001871134 -0.005033238 -0.001924894 0.001871134 -0.003691068 -0.001924894 0.001528811 -0.003691068 -0.002206576 0.001528811 -0.005033238 -0.002206576 0.001144771 -0.005033238 -0.002428098 0.001144772 -0.003691068 -0.002428098 0.0007295084 -0.005033238 -0.002583379 0.0007295084 -0.003691068 -0.002583379 -0.00140585 -0.005033238 -0.002286657 -0.001011036 -0.003691068 -0.002486659 -0.001010477 -0.005033238 -0.002486818 -0.0005875345 -0.005033238 -0.00261922 -0.000587956 -0.003691068 -0.00261922 -0.0001488338 -0.003691068 -0.00268026 -0.002072656 -0.003691068 -0.001705692 -0.002072015 -0.005033238 -0.001706332 -0.002324577 -0.005033238 -0.001342053 -0.00140649 -0.003691068 -0.002286337 -0.001762973 -0.005033238 -0.002024095 -0.001763613 -0.003691068 -0.002023615 -0.002634419 -0.005033238 -0.0005144967 -0.00268314 -0.005033238 -7.381494e-05 -0.002634659 -0.003691068 -0.0005136243 -0.002513779 -0.005033238 -0.0009411191 -0.002514179 -0.003691068 -0.0009402909 -0.002325137 -0.003691068 -0.001341312 -0.002394738 -0.005033238 0.001212368 -0.002561539 -0.003691068 0.0008022953 -0.002561699 -0.005033238 0.0008015651 -0.00265866 -0.003691068 0.0003697176 -0.002683219 -0.003691068 -7.294641e-05 -0.00265866 -0.005033238 0.0003688976 -0.001870894 -0.003691068 0.001924734 -0.002162175 -0.003691068 0.001590571 -0.001871213 -0.005033238 0.001924414 -0.002394497 -0.003691068 0.001212994 -0.002162496 -0.005033238 0.001590091 -0.001528811 -0.005033238 0.002206256 -0.00152857 -0.003691068 0.002206496 -0.001144753 -0.005033238 0.002427857 -0.001144532 -0.003691068 0.002428017 -0.0007292682 -0.003691068 0.002583299 -0.0007293903 -0.005033238 0.002583218 0.0007034472 -0.003691068 0.001143093 0.001406731 -0.003691068 0.002286176 0.0008820118 -0.003691068 0.001011738 0.00268346 -0.003691068 7.282642e-05 0.002658899 -0.003691068 -0.0003698384 0.001329512 -0.003691068 -0.0001849481 0.002634899 -0.003691068 0.0005135035 0.001341812 -0.003691068 3.638335e-05 0.002561778 -0.003691068 -0.0008024161 0.00119745 -0.003691068 -0.0006065842 0.001280949 -0.003691068 -0.0004012376 0.001317515 -0.003691068 0.0002567215 0.001257283 -0.003691068 0.0004700542 0.002514418 -0.003691068 0.0009401715 0.002162416 -0.003691068 -0.001590652 0.001081289 -0.003691068 -0.0007953857 0.001162759 -0.003691068 0.0006705649 0.002325377 -0.003691068 0.001341193 0.001528811 -0.003691068 -0.002206576 0.0009356362 -0.003691068 -0.0009624934 0.001871134 -0.003691068 -0.001924894 0.00103652 -0.003691068 0.000852783 0.002072895 -0.003691068 0.001705613 0.0007644657 -0.003691068 -0.001103348 0.001144772 -0.003691068 -0.002428098 0.0005724457 -0.003691068 -0.001214107 0.001763853 -0.003691068 0.002023455 -7.441893e-05 -0.003691068 -0.001340174 -0.0001488338 -0.003691068 -0.00268026 -0.000587956 -0.003691068 -0.00261922 0.0005056973 -0.003691068 0.001243266 0.001011277 -0.003691068 0.002486578 -0.0002941095 -0.003691068 0.0026681 -0.0003646334 -0.003691068 0.001291613 -0.0007292682 -0.003691068 0.002583299 -0.00152857 -0.003691068 0.002206496 -0.0009355624 -0.003691068 0.0009622008 -0.001870894 -0.003691068 0.001924734 -0.0002937069 -0.003691068 -0.001309665 -0.001011036 -0.003691068 -0.002486659 -0.0005051792 -0.003691068 -0.001243464 -0.001280805 -0.003691068 0.0004007517 -0.002561539 -0.003691068 0.0008022953 -0.001197348 -0.003691068 0.000606156 -0.0008814467 -0.003691068 -0.00101209 -0.001763613 -0.003691068 -0.002023615 -0.001035977 -0.003691068 -0.0008532111 -0.001341534 -0.003691068 -3.693781e-05 -0.00131716 -0.003691068 -0.0002572786 -0.002634659 -0.003691068 -0.0005136243 -0.001256851 -0.003691068 -0.0004705897 -0.002514179 -0.003691068 -0.0009402909 -0.00265866 -0.003691068 0.0003697176 -0.001329307 -0.003691068 0.0001844192 -0.002683219 -0.003691068 -7.294641e-05 -0.001162261 -0.003691068 -0.0006710562 -0.002325137 -0.003691068 -0.001341312 -0.002394497 -0.003691068 0.001212994 -0.002162175 -0.003691068 0.001590571 -0.002072656 -0.003691068 -0.001705692 -0.0007028902 -0.003691068 -0.001143365 -0.00140649 -0.003691068 -0.002286337 -0.001081213 -0.003691068 0.0007950246 -0.001144532 -0.003691068 0.002428017 -0.0007643744 -0.003691068 0.00110312 -0.0005723168 -0.003691068 0.001213932 0.0001490741 -0.003691068 0.0026801 -0.000146995 -0.003691068 0.00133404 0.0002943498 -0.003691068 -0.002668259 0.0001472353 -0.003691068 -0.00133416 7.459771e-05 -0.003691068 0.001340059 0.0005881962 -0.003691068 0.002619059 0.0003648146 -0.003691068 -0.001291749 0.0007295084 -0.003691068 -0.002583379 0.0002941578 -0.003691068 0.001309523 0.002394738 -0.003691068 -0.001213113 -0.0008819823 0.005704122 -0.001011659 -0.001036481 0.005704122 -0.000852634 -0.00116269 0.005704122 -0.0006703502 0.00128095 0.005704122 -0.0004012376 0.001197451 0.005704122 -0.0006065842 -0.0003646321 0.005704122 0.001291613 -0.001257164 0.005704122 -0.0004697831 -0.0007034056 0.005704122 -0.001143082 -0.00131733 0.005704122 -0.0002564088 -0.0005056248 0.005704122 -0.001243313 -0.0002940357 0.005704122 -0.001309614 -0.001341553 0.005704122 -3.605223e-05 -7.441718e-05 0.005704122 -0.001340176 -0.001329174 0.005704122 0.0001852742 0.0001472366 0.005704122 -0.001334161 -0.001280537 0.005704122 0.0004015355 -0.001196978 0.005704122 0.0006068298 0.0003648173 0.005704122 -0.001291751 -0.0007639691 0.005704122 0.001103364 0.0009356389 0.005704122 -0.0009624934 -0.0009351181 0.005704122 0.0009625914 0.0007644671 0.005704122 -0.001103348 0.000572447 0.005704122 -0.001214107 -0.001080779 0.005704122 0.0007955628 -0.0001469937 0.005704122 0.00133404 0.00108129 0.005704122 -0.0007953857 -0.0005720027 0.005704122 0.001214054 0.0002941592 0.005704122 0.001309523 0.0005056987 0.005704122 0.001243266 0.001317517 0.005704122 0.0002567215 7.459945e-05 0.005704122 0.001340059 0.001341814 0.005704122 3.638295e-05 0.001329513 0.005704122 -0.0001849481 0.00116276 0.005704122 0.0006705649 0.0008820131 0.005704122 0.001011738 0.001036523 0.005704122 0.000852783 0.0007034499 0.005704122 0.001143093 0.001257285 0.005704122 0.0004700542 0.001341812 -0.003691068 3.638335e-05 0.001341814 0.005704122 3.638295e-05 0.001317517 0.005704122 0.0002567215 -0.0003646321 0.005704122 0.001291613 -0.000146995 -0.003691068 0.00133404 -0.0001469937 0.005704122 0.00133404 0.001329512 -0.003691068 -0.0001849481 0.001329513 0.005704122 -0.0001849481 0.00128095 0.005704122 -0.0004012376 0.001280949 -0.003691068 -0.0004012376 0.00119745 -0.003691068 -0.0006065842 0.001197451 0.005704122 -0.0006065842 0.001081289 -0.003691068 -0.0007953857 0.00108129 0.005704122 -0.0007953857 0.0009356389 0.005704122 -0.0009624934 0.0009356362 -0.003691068 -0.0009624934 0.0007644657 -0.003691068 -0.001103348 0.0007644671 0.005704122 -0.001103348 0.0005724457 -0.003691068 -0.001214107 0.000572447 0.005704122 -0.001214107 0.0003648173 0.005704122 -0.001291751 0.0003648146 -0.003691068 -0.001291749 0.0001472353 -0.003691068 -0.00133416 0.0001472366 0.005704122 -0.001334161 0.001317515 -0.003691068 0.0002567215 0.001257285 0.005704122 0.0004700542 0.001257283 -0.003691068 0.0004700542 0.00116276 0.005704122 0.0006705649 0.001162759 -0.003691068 0.0006705649 0.00103652 -0.003691068 0.000852783 0.001036523 0.005704122 0.000852783 0.0008820131 0.005704122 0.001011738 0.0008820118 -0.003691068 0.001011738 0.0007034499 0.005704122 0.001143093 0.0007034472 -0.003691068 0.001143093 0.0005056973 -0.003691068 0.001243266 0.0005056987 0.005704122 0.001243266 0.0002941592 0.005704122 0.001309523 0.0002941578 -0.003691068 0.001309523 7.459945e-05 0.005704122 0.001340059 7.459771e-05 -0.003691068 0.001340059 -0.0009351181 0.005704122 0.0009625914 -0.0007643744 -0.003691068 0.00110312 -0.0007639691 0.005704122 0.001103364 -0.0005720027 0.005704122 0.001214054 -0.0005723168 -0.003691068 0.001213932 -0.0003646334 -0.003691068 0.001291613 -0.001197348 -0.003691068 0.000606156 -0.001196978 0.005704122 0.0006068298 -0.001280537 0.005704122 0.0004015355 -0.0009355624 -0.003691068 0.0009622008 -0.001080779 0.005704122 0.0007955628 -0.001081213 -0.003691068 0.0007950246 -0.001341553 0.005704122 -3.605223e-05 -0.00131733 0.005704122 -0.0002564088 -0.001341534 -0.003691068 -3.693781e-05 -0.001329174 0.005704122 0.0001852742 -0.001329307 -0.003691068 0.0001844192 -0.001280805 -0.003691068 0.0004007517 -0.001036481 0.005704122 -0.000852634 -0.001162261 -0.003691068 -0.0006710562 -0.00116269 0.005704122 -0.0006703502 -0.001256851 -0.003691068 -0.0004705897 -0.00131716 -0.003691068 -0.0002572786 -0.001257164 0.005704122 -0.0004697831 -0.0007028902 -0.003691068 -0.001143365 -0.0008814467 -0.003691068 -0.00101209 -0.0007034056 0.005704122 -0.001143082 -0.001035977 -0.003691068 -0.0008532111 -0.0008819823 0.005704122 -0.001011659 -0.0005056248 0.005704122 -0.001243313 -0.0005051792 -0.003691068 -0.001243464 -0.0002940357 0.005704122 -0.001309614 -0.0002937069 -0.003691068 -0.001309665 -7.441893e-05 -0.003691068 -0.001340174 -7.441718e-05 0.005704122 -0.001340176 0.02164416 -0.000794116 0.06163086 0.02290689 -0.001677772 0.06099125 0.02170952 -0.001677772 0.06159782 0.02145008 6.544734e-05 0.06172919 0.02264057 0.0003011761 0.06112614 0.02283992 -0.0006771041 0.06102517 0.01152585 0.001232331 0.06675642 0.01197297 0.002100895 0.06652994 0.01314074 0.001619691 0.06593841 0.02016391 0.002272097 0.06238071 0.01953974 0.00281674 0.06269695 0.02130759 0.002888021 0.06180143 0.02186576 0.002103855 0.06151863 0.02231344 0.001235151 0.06129182 0.02069975 0.001619691 0.06210935 0.02065143 0.003570106 0.06213375 0.01884406 0.003238744 0.06304927 0.01991198 0.004134831 0.0625083 0.01825141 0.004864996 0.06334952 0.0180959 0.003526666 0.06342832 0.01731572 0.003672587 0.06382353 0.01910599 0.004569634 0.06291664 0.01736717 0.005014357 0.06379743 0.01652476 0.003672587 0.06422417 0.01558747 0.004864677 0.06469897 0.01647268 0.005014357 0.06425056 0.0157446 0.003526666 0.06461936 0.01499634 0.003238744 0.06499841 0.01392579 0.00413323 0.06554073 0.01473211 0.004568754 0.06513225 0.01253058 0.002885302 0.06624746 0.0136765 0.002272097 0.06566698 0.01318642 0.003567787 0.06591522 0.01430066 0.00281674 0.06535081 0.01100048 -0.0006771054 0.06702259 0.0111992 0.0002989199 0.06692186 0.01239033 6.544681e-05 0.0663185 0.0127081 0.0008774564 0.06615754 0.01219625 -0.0007941173 0.06641682 0.01093352 -0.001677772 0.06705643 0.01213089 -0.001677772 0.06644994 0.02113231 0.0008774578 0.06189023 -0.02318249 0.001006584 0.3175464 -0.01870926 0.004909876 0.3152804 -0.01814765 0.004693954 0.314996 -0.02103327 0.004693954 0.3164576 -0.02242577 0.003479706 0.3171629 -0.02202344 0.003968989 0.3169592 -0.02155528 0.004377472 0.316722 -0.02047287 0.004909876 0.3161737 -0.02275025 0.002922981 0.3173274 -0.02298849 0.002313937 0.317448 -0.01988742 0.005019318 0.3158771 -0.0192947 0.005019318 0.315577 -0.02313337 0.001669292 0.3175214 -0.02275025 -0.0009103279 0.3173274 -0.02298849 -0.0003011896 0.317448 -0.01715748 0.003968989 0.3144943 -0.01762565 0.004377472 0.3147314 -0.02313337 0.000343651 0.3175214 -0.01675637 0.003479706 0.3142912 -0.01643188 0.002922981 0.3141268 -0.02242456 -0.00146713 0.3171624 -0.02103327 -0.00268122 0.3164576 -0.01604756 0.001669292 0.313932 -0.01599843 0.001006584 0.3139072 -0.02202344 -0.001956414 0.3169592 -0.01619364 0.002313937 0.3140061 -0.02155528 -0.002364818 0.316722 -0.01619364 -0.0003002232 0.3140061 -0.01643188 -0.0009090394 0.3141268 -0.0192935 -0.003005942 0.3155763 -0.01604756 0.000343651 0.313932 -0.01988623 -0.003006182 0.3158766 -0.02047167 -0.002896982 0.3161732 -0.01715748 -0.001954895 0.3144943 -0.01762565 -0.002363458 0.3147314 -0.01814646 -0.002680179 0.3149953 -0.01870805 -0.002896261 0.3152797 -0.01675516 -0.001465611 0.3142905 -0.1189496 -0.005704282 -0.09133069 -0.1369096 -0.005704282 -0.08223294 -0.1369096 0.003690907 -0.08223294 -0.119777 0.004967397 -0.09091165 -0.120147 0.005033078 -0.0907242 -0.1199597 0.005016598 -0.09081909 -0.1196034 0.004886836 -0.09099956 -0.1194431 0.004776755 -0.09108068 -0.1191783 0.004479873 -0.09121485 -0.1193003 0.004639954 -0.09115309 -0.1190801 0.004300272 -0.0912646 -0.1190082 0.00410571 -0.09130108 -0.1189643 0.00390091 -0.09132324 -0.1189496 0.003690907 -0.09133069 -0.1357122 0.005033078 -0.08283942 -0.1368509 0.00410571 -0.0822627 -0.1367791 0.004300272 -0.08229902 -0.135899 0.005016598 -0.08274487 -0.1360822 0.004967397 -0.08265207 -0.1362558 0.004886836 -0.08256406 -0.1364163 0.004776755 -0.08248286 -0.1365589 0.004639954 -0.08241062 -0.1366809 0.004479873 -0.08234879 -0.1368952 0.00390091 -0.08224022 -0.1359206 -0.007026133 -0.0827339 -0.1361217 -0.006965572 -0.08263207 -0.1357122 -0.007046533 -0.08283942 -0.136311 -0.006866692 -0.08253622 -0.1364822 -0.006732531 -0.0824495 -0.1366295 -0.00656709 -0.08237487 -0.1367492 -0.006375408 -0.08231423 -0.1368378 -0.006163407 -0.08226934 -0.1368916 -0.005937404 -0.08224206 -0.120147 -0.007046533 -0.0907242 -0.119777 -0.006980853 -0.09091165 -0.1199597 -0.007029973 -0.09081909 -0.1194431 -0.006790211 -0.09108068 -0.1196034 -0.006900211 -0.09099956 -0.1191783 -0.006493248 -0.09121485 -0.1193003 -0.00665341 -0.09115309 -0.1190082 -0.006119087 -0.09130108 -0.1190801 -0.006313647 -0.0912646 -0.1189643 -0.005914285 -0.09132324 -0.04710971 0.002348737 -0.1277219 -0.04591234 0.003690907 -0.1283283 -0.02914974 0.002348737 -0.1368196 -0.0299771 0.003625227 -0.1364005 -0.03034702 0.003690907 -0.1362131 -0.03015983 0.003674428 -0.1363079 -0.0298035 0.003544666 -0.1364884 -0.02964326 0.003434585 -0.1365696 -0.02937838 0.003137624 -0.1367038 -0.02950046 0.003297784 -0.1366419 -0.02928021 0.002958102 -0.1367535 -0.0292083 0.002763461 -0.13679 -0.02916446 0.002558659 -0.1368121 -0.04697915 0.002958102 -0.1277879 -0.04688099 0.003137624 -0.1278377 -0.04609963 0.003674428 -0.1282335 -0.04628234 0.003625227 -0.128141 -0.04645594 0.003544666 -0.128053 -0.04661619 0.003434585 -0.1279718 -0.04675899 0.003297784 -0.1278994 -0.04705115 0.002763461 -0.1277514 -0.047095 0.002558659 -0.1277293 -0.02914974 -0.005704282 -0.1368196 -0.04710971 -0.005704282 -0.1277219 -0.04591234 -0.007046533 -0.1283283 -0.04632187 -0.006965572 -0.1281209 -0.04651107 -0.006866692 -0.1280251 -0.04612018 -0.007026133 -0.1282231 -0.04682955 -0.00656709 -0.1278638 -0.04668203 -0.00673245 -0.1279385 -0.04694924 -0.006375408 -0.1278031 -0.04703747 -0.006163407 -0.1277584 -0.04709147 -0.005937404 -0.127731 -0.03034702 -0.007046533 -0.1362131 -0.0299771 -0.006980772 -0.1364005 -0.03015983 -0.007029973 -0.1363079 -0.02964326 -0.006790131 -0.1365696 -0.0298035 -0.006900211 -0.1364884 -0.02937838 -0.006493248 -0.1367038 -0.02950046 -0.00665341 -0.1366419 -0.0292083 -0.006119087 -0.13679 -0.02928021 -0.006313647 -0.1367535 -0.02916446 -0.005914285 -0.1368121 -0.215603 -0.006934852 -0.04237016 -0.2157922 -0.006977572 -0.04227432 -0.2159851 -0.006985652 -0.04217663 -0.2156462 0.001914253 -0.04234831 -0.2162353 0.001910174 -0.04204992 -0.2160401 0.001948334 -0.04214871 -0.2154223 -0.006858612 -0.04246167 -0.2152559 -0.006750771 -0.042546 -0.2151049 -0.00661413 -0.0426224 -0.2149768 -0.006452369 -0.04268736 -0.2148739 -0.006269567 -0.04273952 -0.2147985 -0.006070526 -0.04277768 -0.2147517 -0.005860444 -0.04280135 -0.2147362 -0.005644682 -0.0428092 -0.2343233 -0.006091886 -0.0328872 -0.2147362 0.0006115114 -0.0428092 -0.2345736 -0.003452266 -0.03276041 -0.2154571 0.001843053 -0.04244408 -0.2158413 0.001949694 -0.04224943 -0.2152822 0.001737933 -0.04253263 -0.2151253 0.001601932 -0.04261208 -0.21499 0.001438651 -0.04268064 -0.2148811 0.001252634 -0.04273584 -0.214753 0.0008332944 -0.04280072 -0.2148021 0.001048971 -0.04277592 -0.2350933 -0.003775228 -0.0324972 -0.2349376 -0.003635387 -0.03257609 -0.2347616 -0.003526747 -0.03266521 -0.2353339 -0.004131791 -0.03237528 -0.2352274 -0.00394219 -0.03242928 -0.2354561 -0.004557074 -0.03231345 -0.2354106 -0.004338672 -0.03233648 -0.235468 -0.004780836 -0.03230737 -0.2353938 -0.00521964 -0.03234496 -0.2354476 -0.005003797 -0.03231767 -0.2351938 -0.005606523 -0.03244624 -0.2353076 -0.00542244 -0.03238864 -0.2348921 -0.005898604 -0.03259912 -0.2350537 -0.005766764 -0.0325172 -0.2345222 -0.006063485 -0.03278657 -0.2347125 -0.005998445 -0.03269008 0.07202518 0.001006592 0.2708227 0.06232087 0.001006591 0.2516653 0.08985956 0.001006594 0.2377154 0.07323823 0.001006592 0.2732173 0.1086616 0.001006595 0.2748326 0.08112301 0.001006592 0.2887826 0.06723586 0.001006591 0.2732487 0.06844892 0.001006591 0.2756434 0.1086616 0.001006595 0.2748326 0.08985956 0.001006594 0.2377154 0.08985956 -0.001677772 0.2377154 0.1086616 -0.001677772 0.2748326 0.02145008 6.544734e-05 0.06172919 0.178126 -0.0007941052 0.3705424 0.1779319 6.545795e-05 0.3706406 0.1781914 -0.001677772 0.3705092 0.02164416 -0.000794116 0.06163086 0.02170952 -0.001677772 0.06159782 0.1771815 0.001619772 0.3710208 0.1766457 0.002272097 0.3712921 0.02016391 0.002272097 0.06238071 0.02069975 0.001619691 0.06210935 0.02113231 0.0008774578 0.06189023 0.1776142 0.0008774685 0.3708016 0.0180959 0.003526666 0.06342832 0.1753259 0.003238744 0.3719608 0.1745778 0.003526666 0.3723399 0.01884406 0.003238744 0.06304927 0.01953974 0.00281674 0.06269695 0.1760216 0.00281674 0.3716084 0.1722264 0.003526666 0.3735309 0.0157446 0.003526666 0.06461936 0.1730066 0.003672587 0.3731356 0.1737976 0.003672587 0.372735 0.01652476 0.003672587 0.06422417 0.01731572 0.003672587 0.06382353 0.1707825 0.00281674 0.3742623 0.1701584 0.002272097 0.3745785 0.0136765 0.002272097 0.06566698 0.01499634 0.003238744 0.06499841 0.1714781 0.003238744 0.3739099 0.01430066 0.00281674 0.06535081 0.1696226 0.001619772 0.3748499 0.0127081 0.0008774564 0.06615754 0.01314074 0.001619691 0.06593841 0.01239033 6.544681e-05 0.0663185 0.16919 0.0008774672 0.3750691 0.1688722 6.545741e-05 0.37523 0.01219625 -0.0007941173 0.06641682 0.1686781 -0.0007941066 0.3753284 0.01213089 -0.001677772 0.06644994 0.1686127 -0.001677772 0.3753614 0.1614288 -0.001677772 0.3790005 0.1686127 -0.001677772 0.3753614 0.01093352 -0.001677772 0.06705643 -0.006576849 -0.001677772 0.04733972 -0.01495818 -0.001677772 0.05158535 -0.03023111 -0.001677772 0.0006438648 0.01213089 -0.001677772 0.06644994 -0.08299823 -0.001677772 -0.1035239 -0.07701162 -0.001677772 -0.1065565 -0.03861245 -0.001677772 0.004889476 -0.06530458 0.0003011694 -0.1124868 0.02283992 -0.0006771041 0.06102517 0.02264057 0.0003011761 0.06112614 0.02290689 -0.001677772 0.06099125 -0.06510521 -0.0006771108 -0.1125878 -0.06503825 -0.001677772 -0.1126217 0.02186576 0.002103855 0.06151863 0.02130759 0.002888021 0.06180143 -0.06663754 0.002888021 -0.1118116 -0.06607938 0.002103855 -0.1120943 -0.06563169 0.001235144 -0.1123211 0.02231344 0.001235151 0.06129182 -0.06883916 0.004569634 -0.1106963 0.01991198 0.004134831 0.0625083 0.01910599 0.004569634 0.06291664 -0.06803315 0.004134831 -0.1111046 -0.06729371 0.003570106 -0.1114792 0.02065143 0.003570106 0.06213375 0.01647268 0.005014357 0.06425056 -0.07147246 0.005014277 -0.1093624 0.01736717 0.005014357 0.06379743 0.01825141 0.004864996 0.06334952 -0.07057798 0.005014277 -0.1098155 -0.06969373 0.004864996 -0.1102634 0.01473211 0.004568754 0.06513225 0.01392579 0.00413323 0.06554073 -0.07401936 0.00413323 -0.1080723 -0.07235766 0.004864677 -0.1089139 0.01558747 0.004864677 0.06469897 -0.07321303 0.004568754 -0.1084807 -0.07541456 0.002885302 -0.1073655 0.01253058 0.002885302 0.06624746 -0.07597217 0.002100895 -0.107083 -0.07475872 0.003567787 -0.1076977 0.01318642 0.003567787 0.06591522 0.01197297 0.002100895 0.06652994 -0.0764193 0.001232325 -0.1068566 -0.07674593 0.0002989146 -0.1066911 0.01152585 0.001232331 0.06675642 0.0111992 0.0002989199 0.06692186 -0.07694466 -0.0006771108 -0.1065904 0.01100048 -0.0006771054 0.06702259 -0.07701162 -0.001677772 -0.1065565 0.01093352 -0.001677772 0.06705643 -0.006284447 -0.001677772 -0.01148649 0.02290689 -0.001677772 0.06099125 -0.06503825 -0.001677772 -0.1126217 0.1781914 -0.001677772 0.3705092 0.02170952 -0.001677772 0.06159782 0.007665338 -0.001677772 0.01605204 0.1853753 -0.001677772 0.3668702 0.01724405 -0.001677772 0.01119993 0.003294104 -0.001677772 -0.0163386 -0.05905165 -0.001677772 -0.1156543 -0.2049441 -0.000300854 -0.04175118 -0.02313337 0.000343651 0.3175214 -0.02298849 -0.0003011896 0.317448 -0.02318249 0.001006584 0.3175464 -0.2050891 0.0003438255 -0.04167783 -0.2051381 0.001006571 -0.04165295 -0.02242456 -0.00146713 0.3171624 -0.02202344 -0.001956414 0.3169592 -0.2039791 -0.001955854 -0.04224008 -0.2043813 -0.001466571 -0.04203632 -0.2047059 -0.0009098582 -0.04187191 -0.02275025 -0.0009103279 0.3173274 -0.2024285 -0.002896741 -0.04302552 -0.02103327 -0.00268122 0.3164576 -0.02047167 -0.002896982 0.3161732 -0.2029889 -0.00268082 -0.04274168 -0.2035109 -0.002364258 -0.0424772 -0.02155528 -0.002364818 0.316722 -0.01870805 -0.002896261 0.3152797 -0.2006648 -0.002896741 -0.04391888 -0.0192935 -0.003005942 0.3155763 -0.01988623 -0.003006182 0.3158766 -0.2012504 -0.003006182 -0.04362233 -0.201843 -0.003006182 -0.04332208 -0.01762565 -0.002363458 0.3147314 -0.01715748 -0.001954895 0.3144943 -0.1991131 -0.001955854 -0.04470498 -0.2001032 -0.00268082 -0.04420337 -0.01814646 -0.002680179 0.3149953 -0.1995813 -0.002364258 -0.04446777 -0.1981493 -0.0003008527 -0.04519321 -0.01643188 -0.0009090394 0.3141268 -0.01619364 -0.0003002232 0.3140061 -0.1983875 -0.0009098568 -0.0450725 -0.1987121 -0.001466571 -0.04490817 -0.01675516 -0.001465611 0.3142905 -0.01604756 0.001669292 0.313932 -0.1980033 0.001669292 -0.04526722 -0.01599843 0.001006584 0.3139072 -0.01604756 0.000343651 0.313932 -0.1979541 0.001006572 -0.0452921 -0.1980033 0.0003438268 -0.04526722 -0.01643188 0.002922981 0.3141268 -0.01675637 0.003479706 0.3142912 -0.1987121 0.003479706 -0.04490817 -0.1981493 0.002313937 -0.04519321 -0.01619364 0.002313937 0.3140061 -0.1983875 0.002922981 -0.0450725 -0.2001032 0.004693954 -0.04420337 -0.01762565 0.004377472 0.3147314 -0.01814765 0.004693954 0.314996 -0.1995813 0.004377472 -0.04446777 -0.1991131 0.003968989 -0.04470498 -0.01715748 0.003968989 0.3144943 -0.01988742 0.005019318 0.3158771 -0.201843 0.005019318 -0.04332208 -0.0192947 0.005019318 0.315577 -0.01870926 0.004909876 0.3152804 -0.2012504 0.005019318 -0.04362233 -0.2006648 0.004909876 -0.04391888 -0.2024285 0.004909876 -0.04302552 -0.02047287 0.004909876 0.3161737 -0.2029889 0.004693954 -0.04274168 -0.02103327 0.004693954 0.3164576 -0.2035109 0.004377472 -0.0424772 -0.2039791 0.003968989 -0.04224008 -0.02155528 0.004377472 0.316722 -0.02202344 0.003968989 0.3169592 -0.2043813 0.003479706 -0.04203632 -0.02242577 0.003479706 0.3171629 -0.2047059 0.002922981 -0.04187191 -0.2049441 0.002313937 -0.04175118 -0.02275025 0.002922981 0.3173274 -0.02298849 0.002313937 0.317448 -0.2050891 0.001669292 -0.04167783 -0.02313337 0.001669292 0.3175214 -0.1166052 -0.006201726 -0.08650001 -0.1189835 -0.006037005 -0.09131357 -0.1189496 -0.005704282 -0.09133069 -0.1165235 -0.005704282 -0.08654138 -0.1165382 -0.005914285 -0.08653393 -0.119245 -0.006592609 -0.09118109 -0.1167971 -0.00656405 -0.08640281 -0.1190801 -0.006313647 -0.0912646 -0.1174243 -0.007008533 -0.08608505 -0.1198831 -0.007017333 -0.09085788 -0.1195339 -0.006861652 -0.09103477 -0.1170793 -0.006841971 -0.08625985 -0.120147 -0.007046533 -0.0907242 -0.1177209 -0.007046533 -0.08593488 -0.120147 -0.007046533 -0.0907242 -0.1332862 -0.007046533 -0.07805011 -0.1357122 -0.007046533 -0.08283942 -0.1177209 -0.007046533 -0.08593488 -0.1336956 -0.006965652 -0.07784266 -0.1361217 -0.006965572 -0.08263207 -0.1359206 -0.007026133 -0.0827339 -0.1357122 -0.007046533 -0.08283942 -0.1332862 -0.007046533 -0.07805011 -0.1334945 -0.007026133 -0.07794459 -0.1364822 -0.006732531 -0.0824495 -0.1342033 -0.006567329 -0.07758554 -0.1366295 -0.00656709 -0.08237487 -0.1340561 -0.00673269 -0.07766011 -0.136311 -0.006866692 -0.08253622 -0.1338849 -0.006866772 -0.07774691 -0.1344116 -0.006163646 -0.07748003 -0.1344656 -0.005937565 -0.07745274 -0.1368378 -0.006163407 -0.08226934 -0.1367492 -0.006375408 -0.08231423 -0.1343232 -0.006375648 -0.0775249 -0.1368916 -0.005937404 -0.08224206 -0.1344836 -0.005704282 -0.07744363 -0.1369096 -0.005704282 -0.08223294 -0.1369096 -0.005704282 -0.08223294 -0.1344836 0.003690907 -0.07744363 -0.1369096 0.003690907 -0.08223294 -0.1344836 -0.005704282 -0.07744363 -0.1344012 0.004189951 -0.0774853 -0.1368144 0.004224672 -0.08228118 -0.1368952 0.00390091 -0.08224022 -0.1369096 0.003690907 -0.08223294 -0.1344836 0.003690907 -0.07744363 -0.1344691 0.00390091 -0.0774509 -0.1366809 0.004479873 -0.08234879 -0.1342105 0.004549794 -0.07758194 -0.1364781 0.004727635 -0.08245158 -0.1337606 0.004927317 -0.07780979 -0.1361557 0.004941717 -0.08261486 -0.1339902 0.004776755 -0.07769346 -0.133473 0.005016598 -0.07795555 -0.135899 0.005016598 -0.08274487 -0.1357122 0.005033078 -0.08283942 -0.1332862 0.005033078 -0.07805011 -0.1177209 0.005033078 -0.08593488 -0.1357122 0.005033078 -0.08283942 -0.1332862 0.005033078 -0.07805011 -0.120147 0.005033078 -0.0907242 -0.117457 0.005003957 -0.08606857 -0.1198504 0.004995157 -0.09087444 -0.120147 0.005033078 -0.0907242 -0.1177209 0.005033078 -0.08593488 -0.1193546 0.004702115 -0.09112557 -0.116954 0.004726516 -0.08632337 -0.1196034 0.004886836 -0.09099956 -0.1171773 0.004886836 -0.08621025 -0.1165574 0.004023551 -0.08652425 -0.1189757 0.00398707 -0.09131757 -0.1191146 0.004378112 -0.09124717 -0.116706 0.004410113 -0.08644897 -0.1189496 0.003690907 -0.09133069 -0.1165235 0.003690907 -0.08654138 -0.1165235 -0.005704282 -0.08654138 -0.1189496 0.003690907 -0.09133069 -0.1165235 0.003690907 -0.08654138 -0.1189496 -0.005704282 -0.09133069 -0.02674972 -0.006000524 -0.1320171 -0.02918357 -0.006037086 -0.1368025 -0.02914974 -0.005704282 -0.1368196 -0.02672364 -0.005704282 -0.1320303 -0.02933222 -0.006423568 -0.1367272 -0.0271286 -0.00671549 -0.1318252 -0.02958013 -0.006739891 -0.1366015 -0.02688859 -0.006391487 -0.1319467 -0.02762445 -0.007008533 -0.131574 -0.03008311 -0.007017333 -0.1363468 -0.0298035 -0.006900211 -0.1364884 -0.0273774 -0.006900211 -0.1316992 -0.03034702 -0.007046533 -0.1362131 -0.027921 -0.007046533 -0.1314238 -0.03034702 -0.007046533 -0.1362131 -0.04348632 -0.007046533 -0.123539 -0.04591234 -0.007046533 -0.1283283 -0.027921 -0.007046533 -0.1314238 -0.04389569 -0.006965652 -0.1233316 -0.04632187 -0.006965572 -0.1281209 -0.04612018 -0.007026133 -0.1282231 -0.04591234 -0.007046533 -0.1283283 -0.04348632 -0.007046533 -0.123539 -0.04369416 -0.007026133 -0.1234337 -0.04668203 -0.00673245 -0.1279385 -0.04440329 -0.006567329 -0.1230744 -0.04682955 -0.00656709 -0.1278638 -0.04425569 -0.00673269 -0.1231492 -0.04651107 -0.006866692 -0.1280251 -0.04408473 -0.006866772 -0.1232359 -0.04461129 -0.006163646 -0.1229692 -0.04466545 -0.005937565 -0.1229417 -0.04703747 -0.006163407 -0.1277584 -0.04694924 -0.006375408 -0.1278031 -0.04452306 -0.006375648 -0.1230138 -0.04709147 -0.005937404 -0.127731 -0.04468361 -0.005704282 -0.1229325 -0.04710971 -0.005704282 -0.1277219 -0.04710971 -0.005704282 -0.1277219 -0.04468361 0.002348737 -0.1229325 -0.04710971 0.002348737 -0.1277219 -0.04468361 -0.005704282 -0.1229325 -0.04465753 0.002644979 -0.1229457 -0.04707579 0.00268154 -0.127739 -0.04710971 0.002348737 -0.1277219 -0.04468361 0.002348737 -0.1229325 -0.04692716 0.003068023 -0.1278143 -0.04427873 0.003359945 -0.1231377 -0.04667923 0.003384345 -0.1279398 -0.04451865 0.003035942 -0.123016 -0.0437828 0.003652987 -0.1233888 -0.04617627 0.003661708 -0.1281947 -0.04645594 0.003544666 -0.128053 -0.04402984 0.003544666 -0.1232637 -0.04591234 0.003690907 -0.1283283 -0.04348632 0.003690907 -0.123539 -0.027921 0.003690907 -0.1314238 -0.04591234 0.003690907 -0.1283283 -0.04348632 0.003690907 -0.123539 -0.03034702 0.003690907 -0.1362131 -0.02765701 0.003661708 -0.1315575 -0.03005046 0.003652987 -0.1363633 -0.03034702 0.003690907 -0.1362131 -0.027921 0.003690907 -0.1314238 -0.02955462 0.003359945 -0.1366146 -0.02715404 0.003384345 -0.1318123 -0.0298035 0.003544666 -0.1364884 -0.0273774 0.003544666 -0.1316992 -0.02675755 0.00268154 -0.1320131 -0.02917581 0.0026449 -0.1368064 -0.02931469 0.003035942 -0.136736 -0.0269062 0.003068023 -0.1319378 -0.02914974 0.002348737 -0.1368196 -0.02672364 0.002348737 -0.1320303 -0.02672364 -0.005704282 -0.1320303 -0.02914974 0.002348737 -0.1368196 -0.02672364 0.002348737 -0.1320303 -0.02914974 -0.005704282 -0.1368196 -0.2322865 -0.005998445 -0.02790076 -0.2347125 -0.005998445 -0.03269008 -0.2345222 -0.006063485 -0.03278657 -0.2343233 -0.006091886 -0.0328872 -0.2318973 -0.006091886 -0.02809789 -0.232096 -0.006063485 -0.02799717 -0.2350537 -0.005766764 -0.0325172 -0.2327677 -0.005606523 -0.02765693 -0.2351938 -0.005606523 -0.03244624 -0.2326277 -0.005766764 -0.02772789 -0.2348921 -0.005898604 -0.03259912 -0.2324661 -0.005898604 -0.0278098 -0.2330216 -0.005003797 -0.02752836 -0.2354476 -0.005003797 -0.03231767 -0.2353938 -0.00521964 -0.03234496 -0.2329676 -0.00521964 -0.02755565 -0.2353076 -0.00542244 -0.03238864 -0.2328815 -0.00542244 -0.02759932 -0.2354106 -0.004338672 -0.03233648 -0.2354561 -0.004557074 -0.03231345 -0.2329844 -0.004338672 -0.02754716 -0.235468 -0.004780836 -0.03230737 -0.2330419 -0.004780836 -0.02751804 -0.2330299 -0.004557074 -0.02752412 -0.2352274 -0.00394219 -0.03242928 -0.2328012 -0.00394219 -0.02763996 -0.2326671 -0.003775228 -0.02770789 -0.2329078 -0.004131791 -0.02758597 -0.2353339 -0.004131791 -0.03237528 -0.2325114 -0.003635387 -0.02778677 -0.2350933 -0.003775228 -0.0324972 -0.2323355 -0.003526747 -0.02787589 -0.2349376 -0.003635387 -0.03257609 -0.2347616 -0.003526747 -0.03266521 -0.2321476 -0.003452266 -0.02797108 -0.2345736 -0.003452266 -0.03276041 -0.2162353 0.001910174 -0.04204992 -0.2321476 -0.003452266 -0.02797108 -0.2138091 0.001910174 -0.03726052 -0.2345736 -0.003452266 -0.03276041 -0.2134152 0.001949694 -0.03746012 -0.2158413 0.001949694 -0.04224943 -0.2160401 0.001948334 -0.04214871 -0.2162353 0.001910174 -0.04204992 -0.2138091 0.001910174 -0.03726052 -0.213614 0.001948334 -0.0373594 -0.2154571 0.001843053 -0.04244408 -0.2128562 0.001737933 -0.03774332 -0.2152822 0.001737933 -0.04253263 -0.2130309 0.001843053 -0.03765476 -0.2156462 0.001914253 -0.04234831 -0.2132202 0.001914253 -0.03755892 -0.212455 0.001252634 -0.03794653 -0.2148811 0.001252634 -0.04273584 -0.21499 0.001438651 -0.04268064 -0.212564 0.001438651 -0.03789132 -0.2151253 0.001601932 -0.04261208 -0.2126993 0.001601932 -0.03782276 -0.2123759 0.001048971 -0.03798652 -0.2123269 0.0008332944 -0.03801141 -0.2148021 0.001048971 -0.04277592 -0.214753 0.0008332944 -0.04280072 -0.2123102 0.0006115114 -0.03801988 -0.2147362 0.0006115114 -0.0428092 -0.2123102 -0.005644682 -0.03801988 -0.2147362 0.0006115114 -0.0428092 -0.2123102 0.0006115114 -0.03801988 -0.2147362 -0.005644682 -0.0428092 -0.2123723 -0.006070526 -0.03798836 -0.2147985 -0.006070526 -0.04277768 -0.2147517 -0.005860444 -0.04280135 -0.2147362 -0.005644682 -0.0428092 -0.2123102 -0.005644682 -0.03801988 -0.2123257 -0.005860444 -0.03801204 -0.2149768 -0.006452369 -0.04268736 -0.2126789 -0.00661413 -0.03783308 -0.2151049 -0.00661413 -0.0426224 -0.2125507 -0.006452369 -0.03789805 -0.2148739 -0.006269567 -0.04273952 -0.2124477 -0.006269567 -0.03795012 -0.213177 -0.006934852 -0.03758075 -0.215603 -0.006934852 -0.04237016 -0.2154223 -0.006858612 -0.04246167 -0.2129962 -0.006858612 -0.03767236 -0.2152559 -0.006750771 -0.042546 -0.2128297 -0.006750771 -0.03775669 -0.2133661 -0.006977572 -0.037485 -0.2157922 -0.006977572 -0.04227432 -0.2159851 -0.006985652 -0.04217663 -0.2135589 -0.006985652 -0.03738732 -0.2343233 -0.006091886 -0.0328872 -0.2159851 -0.006985652 -0.04217663 -0.2135589 -0.006985652 -0.03738732 -0.2318973 -0.006091886 -0.02809789 -0.07546009 -0.01473043 -0.08864275 -0.08299823 -0.001677772 -0.1035239 -0.06415313 -0.01467763 -0.06632162 -0.08299823 -0.01476923 -0.1035239 -0.0528456 -0.01463266 -0.04399944 -0.03023111 -0.001677772 0.0006438648 -0.04154799 -0.01459402 -0.02169688 -0.03023111 -0.01456307 0.0006438648 -0.03023111 -0.001677772 0.0006438648 -0.03861245 -0.001677772 0.004889476 -0.03861245 -0.01436418 0.004889476 -0.03023111 -0.01456307 0.0006438648 -0.03861245 -0.001677772 0.004889476 -0.01495818 -0.001677772 0.05158535 -0.03072766 -0.01435186 0.02045471 -0.03861245 -0.01436418 0.004889476 -0.02284297 -0.01434811 0.03602003 -0.01495818 -0.01435298 0.05158535 -0.01495818 -0.001677772 0.05158535 -0.006576849 -0.001677772 0.04733972 -0.006576849 -0.0145521 0.04733972 -0.01495818 -0.01435298 0.05158535 0.01194505 -0.01467171 0.08390407 -0.006576849 -0.001677772 0.04733972 -0.006576849 -0.01455283 0.04733972 0.02309577 -0.01473691 0.1059167 0.03425257 -0.01479787 0.1279414 0.08985956 -0.001677772 0.2377154 0.0564749 -0.01490435 0.1718107 0.0453501 -0.01485314 0.1498492 0.06760515 -0.01495026 0.1937829 0.07873795 -0.01499195 0.2157603 0.08985956 -0.01502827 0.2377154 0.06232087 0.001006591 0.2516653 0.06920492 -0.01455386 0.2481781 0.07608937 -0.01473243 0.2446907 0.0829743 -0.01489059 0.2412032 0.08985956 0.001006594 0.2377154 0.06232087 -0.01435482 0.2516653 0.08985956 -0.01502827 0.2377154 0.06717058 -0.01429274 0.2612391 0.06232087 -0.01435482 0.2516653 0.06232087 0.001006591 0.2516653 0.07202518 0.001006592 0.2708227 0.07202518 -0.01420394 0.2708227 0.06723586 0.001006591 0.2732487 0.07202518 -0.01420394 0.2708227 0.07202518 0.001006592 0.2708227 0.06723586 -0.01406074 0.2732487 0.06844892 0.001006591 0.2756434 0.06723586 -0.01406074 0.2732487 0.06723586 0.001006591 0.2732487 0.06844892 -0.01403426 0.2756434 0.07323823 0.001006592 0.2732173 0.06844892 -0.01403426 0.2756434 0.06844892 0.001006591 0.2756434 0.07323823 -0.01417722 0.2732173 0.08112301 0.001006592 0.2887826 0.07323823 -0.01417722 0.2732173 0.07323823 0.001006592 0.2732173 0.08112301 -0.01395594 0.2887826 0.1086616 0.001006595 0.2748326 0.1017764 -0.01446771 0.2783204 0.09489143 -0.01431987 0.2818081 0.08800706 -0.0141493 0.2852954 0.08112301 0.001006592 0.2887826 0.1086616 -0.01459275 0.2748326 0.08112301 -0.01395594 0.2887826 0.1086616 -0.001677772 0.2748326 0.1237366 -0.01384378 0.3045923 0.1161988 -0.01418746 0.2897118 0.1312744 -0.01356161 0.3194727 0.1086616 -0.01459275 0.2748326 0.1388128 -0.01334106 0.3343543 0.1614288 -0.001677772 0.3790005 0.1463513 -0.0131821 0.349236 0.1538897 -0.01308466 0.3641176 0.1614288 -0.01304874 0.3790005 0.1793905 -0.01285018 0.3699018 0.1781914 -0.001677772 0.3705092 0.1853753 -0.001677772 0.3668702 0.1614288 -0.001677772 0.3790005 0.1686127 -0.001677772 0.3753614 0.1674172 -0.01305834 0.375967 0.1701584 0.002272097 0.3745785 0.1760216 0.00281674 0.3716084 0.1766457 0.002272097 0.3712921 0.1745778 0.003526666 0.3723399 0.1722264 0.003526666 0.3735309 0.1737976 0.003672587 0.372735 0.1730066 0.003672587 0.3731356 0.1753259 0.003238744 0.3719608 0.1714781 0.003238744 0.3739099 0.1707825 0.00281674 0.3742623 0.1696226 0.001619772 0.3748499 0.1771815 0.001619772 0.3710208 0.16919 0.0008774672 0.3750691 0.1776142 0.0008774685 0.3708016 0.1779319 6.545795e-05 0.3706406 0.1688722 6.545741e-05 0.37523 0.178126 -0.0007941052 0.3705424 0.1686781 -0.0007941066 0.3753284 0.1853753 -0.01263242 0.3668702 0.1734046 -0.0129921 0.372934 0.1614288 -0.01304874 0.3790005 0.05950093 -0.01552571 0.1183807 0.007665338 -0.001677772 0.01605204 0.05209591 -0.01549931 0.1037625 0.06690586 -0.01553028 0.132999 0.0446909 -0.01545116 0.08914435 0.07431088 -0.01551299 0.1476173 0.03728596 -0.01538107 0.07452607 0.08171526 -0.01547386 0.1622342 0.02988095 -0.01528915 0.05990789 0.08912027 -0.01541284 0.1768524 0.02247592 -0.01517539 0.0452897 0.09652465 -0.01533004 0.1914695 0.01507035 -0.01503979 0.03067031 0.103929 -0.01522539 0.2060864 0.007665338 -0.01488235 0.01605204 0.1113334 -0.01509883 0.2207035 0.1261427 -0.01478034 0.2499387 0.1187383 -0.01495051 0.2353217 0.1335465 -0.01458826 0.2645546 0.1853753 -0.001677772 0.3668702 0.1483553 -0.01413866 0.2937886 0.1409509 -0.01437443 0.2791716 0.1557597 -0.01388106 0.3084057 0.1631634 -0.0136017 0.3230214 0.1705672 -0.01330042 0.3376373 0.1779716 -0.0129773 0.3522543 0.1853753 -0.01263242 0.3668702 0.007665338 -0.001677772 0.01605204 0.01724405 -0.001677772 0.01119993 0.01724405 -0.01486506 0.01119993 0.007665338 -0.01488235 0.01605204 0.01724405 -0.001677772 0.01119993 0.003294104 -0.001677772 -0.0163386 0.01040312 -0.01486875 -0.002304737 0.01724405 -0.01486506 0.01119993 0.003294104 -0.01487746 -0.0163386 0.003294104 -0.001677772 -0.0163386 -0.006284447 -0.001677772 -0.01148649 -0.006284447 -0.01489611 -0.01148649 0.003294104 -0.01487746 -0.0163386 -0.01761037 -0.01492323 -0.0338449 -0.006284447 -0.001677772 -0.01148649 -0.006284447 -0.01489611 -0.01148649 -0.03269769 -0.01496923 -0.0636288 -0.05905165 -0.001677772 -0.1156543 -0.0477566 -0.01502587 -0.09335671 -0.05905165 -0.01507571 -0.1156543 -0.1165382 -0.005914285 -0.08653393 -0.1165235 -0.005704282 -0.08654138 -0.08299823 -0.001677772 -0.1035239 -0.1107358 0.01977062 -0.08947324 -0.08019533 0.01935574 -0.1049437 -0.07859051 0.01924046 -0.1057567 -0.1166541 -0.006313647 -0.08647529 -0.1165821 -0.006119087 -0.08651177 -0.1168742 -0.00665341 -0.08636377 -0.1167522 -0.006493248 -0.08642553 -0.08299823 -0.01476923 -0.1035239 -0.09061164 -0.0145457 -0.09966731 -0.1175336 -0.007029973 -0.08602976 -0.1170171 -0.006790211 -0.08629137 -0.1248726 -0.01349242 -0.08231206 -0.1177209 -0.007046533 -0.08593488 -0.1020422 -0.01420338 -0.09387702 -0.1134509 -0.01385194 -0.08809786 -0.1344836 -0.005704282 -0.07744363 -0.2001032 -0.00268082 -0.04420337 -0.1995813 -0.002364258 -0.04446777 -0.1332862 -0.007046533 -0.07805011 -0.140106 -0.01299858 -0.07459544 -0.1981493 -0.0003008527 -0.04519321 -0.1344836 0.003690907 -0.07744363 -0.1983875 -0.0009098568 -0.0450725 -0.1980033 0.0003438268 -0.04526722 -0.1173509 0.004967397 -0.08612225 -0.1175336 0.005016598 -0.08602976 -0.07235766 0.004864677 -0.1089139 -0.1344656 -0.005937565 -0.07745274 -0.1344116 -0.006163646 -0.07748003 -0.2012504 -0.003006182 -0.04362233 -0.2170246 0.006315087 -0.03563171 -0.201843 0.005019318 -0.04332208 -0.07147246 0.005014277 -0.1093624 -0.1177209 0.005033078 -0.08593488 -0.1995813 0.004377472 -0.04446777 -0.1342549 0.004479873 -0.07755946 -0.1343531 0.004300272 -0.0775097 -0.1165235 0.003690907 -0.08654138 -0.0764193 0.001232325 -0.1068566 -0.07674593 0.0002989146 -0.1066911 -0.2095941 0.007527577 -0.03939574 -0.2012504 0.005019318 -0.04362233 -0.1886412 0.01086944 -0.05000957 -0.1847967 0.01146609 -0.05195711 -0.133473 0.005016598 -0.07795555 -0.1338298 0.004886836 -0.07777475 -0.2006648 0.004909876 -0.04391888 -0.1336562 0.004967397 -0.07786274 -0.07694466 -0.0006771108 -0.1065904 -0.1332862 0.005033078 -0.07805011 -0.180952 0.01205585 -0.05390464 -0.1444131 0.01709053 -0.07241374 -0.0514447 0.01571963 -0.1195076 -0.04985941 0.01541667 -0.1203107 -0.04348632 -0.007046533 -0.123539 -0.04800148 -0.01502066 -0.1212518 -0.05031462 -0.01504675 -0.1200801 -0.05303168 0.01601099 -0.1187037 -0.1428133 0.01727397 -0.07322407 -0.1412137 0.01745292 -0.07403439 -0.138012 0.01779637 -0.07565617 -0.05780179 0.0168186 -0.1162874 -0.05621034 0.01656037 -0.1170935 -0.07701162 -0.001677772 -0.1065565 -0.06418064 0.01774685 -0.1130561 -0.06258407 0.01753045 -0.1138649 -0.1300007 0.01856358 -0.07971443 -0.13641 0.01796054 -0.0764677 -0.1348092 0.01811973 -0.07727866 -0.0593946 0.01706652 -0.1154805 -0.1219796 0.01918382 -0.0837775 -0.0689762 0.01833549 -0.1106269 -0.1235842 0.01907254 -0.08296478 -0.0657781 0.01795317 -0.1122469 -0.126793 0.01883038 -0.08133925 -0.06737667 0.01814933 -0.1114372 -0.08340655 0.01955638 -0.1033171 -0.107521 0.01987207 -0.09110173 -0.1059131 0.01991127 -0.09191621 -0.1155563 0.01956174 -0.08703137 -0.07698634 0.01911494 -0.1065693 -0.07538289 0.01897934 -0.1073815 -0.08983395 0.01984023 -0.1000612 -0.09787323 0.01998454 -0.09598889 -0.09626504 0.01997367 -0.09680353 -0.08501288 0.01964191 -0.1025034 -0.1043054 0.01994238 -0.09273062 -0.08661961 0.01971758 -0.1016895 -0.02486762 0.008660226 -0.1329704 -0.07057798 0.005014277 -0.1098155 -0.02639844 0.00921255 -0.132195 -0.03882181 0.01294546 -0.1259018 -0.04039133 0.01333866 -0.1251068 -0.04419009 0.003434585 -0.1231825 -0.0443329 0.003297784 -0.1231101 -0.06729371 0.003570106 -0.1114792 -0.027921 -0.007046533 -0.1314238 -0.004917877 -0.009856475 -0.1430761 -0.007113733 -0.01077784 -0.1419638 -0.006019326 -0.01034384 -0.1425182 -0.002793861 -0.007087973 -0.144152 -0.0273774 -0.006900211 -0.1316992 -0.02721716 -0.006790131 -0.1317803 -0.006197886 -0.001629692 -0.1424277 -0.02672364 -0.005704282 -0.1320303 -0.02672364 0.002348737 -0.1320303 -0.002931142 -0.006023325 -0.1440825 -0.02673836 -0.005914285 -0.1320228 -0.0138705 -0.0126313 -0.1385411 -0.01272626 -0.01241113 -0.1391207 -0.06510521 -0.0006771108 -0.1125878 -0.06530458 0.0003011694 -0.1124868 -0.05905165 -0.001677772 -0.1156543 -0.002897462 -0.007616777 -0.1440997 -0.003091542 -0.008112621 -0.1440013 -0.02773373 -0.007029973 -0.1315186 -0.06503825 -0.001677772 -0.1126217 -0.04567906 -0.01498515 -0.1224283 -0.03871085 -0.01481082 -0.1259581 -0.04335977 -0.01493907 -0.1236032 -0.04103399 -0.0148813 -0.1247813 -0.0323572 -0.01454083 -0.1291766 -0.03351697 -0.01459931 -0.1285891 -0.03639723 -0.01472659 -0.12713 -0.03119775 -0.01447779 -0.1297639 -0.004054911 -0.009310951 -0.1435133 -0.004464273 -0.009599592 -0.143306 -0.0242465 -0.01398074 -0.1332851 -0.02540403 -0.01408074 -0.1326987 -0.02772044 -0.01425826 -0.1315253 -0.02887918 -0.01433706 -0.1309383 -0.01158673 -0.01216257 -0.139698 -0.00933007 -0.01155233 -0.1408411 -0.01616716 -0.01301338 -0.1373777 -0.01731796 -0.01318434 -0.1367948 -0.01501779 -0.01282986 -0.13796 -0.01847022 -0.01334346 -0.1362111 -0.01045384 -0.01187857 -0.1402719 -0.01962359 -0.01349129 -0.1356268 -0.02193344 -0.01375514 -0.1344569 -0.02077807 -0.01362834 -0.135042 -0.008216862 -0.01118313 -0.141405 -0.0300383 -0.01441002 -0.1303512 -0.003680827 -0.008967827 -0.1437028 -0.0346769 -0.01465347 -0.1280014 -0.003355865 -0.008566705 -0.1438675 -0.05265383 -0.01506467 -0.1188951 -0.027551 -0.006980772 -0.1316112 -0.05729427 -0.01507795 -0.1165445 -0.05497458 -0.01507483 -0.1177195 -0.02707436 -0.00665341 -0.1318526 -0.002806181 -0.006546529 -0.144146 -0.02685411 -0.006313647 -0.1319642 -0.0267822 -0.006119087 -0.1320006 -0.003392665 -0.005071798 -0.1438488 -0.003138103 -0.005533002 -0.1439778 -0.00397387 -0.004204832 -0.1435543 -0.003676027 -0.004632274 -0.1437053 -0.005043078 -0.002866262 -0.1430128 -0.007438296 -0.0004951987 -0.1417994 -0.0101404 0.001493051 -0.1404307 -0.008764227 0.0005372656 -0.1411278 -0.01153465 0.002395378 -0.1397244 -0.04468361 0.002348737 -0.1229325 -0.04468361 -0.005704282 -0.1229325 -0.01585796 0.004791956 -0.1375344 -0.01439875 0.00403875 -0.1382735 -0.02773373 0.003674428 -0.1315186 -0.027921 0.003690907 -0.1314238 -0.01733069 0.005514761 -0.1367884 -0.0188199 0.006199967 -0.1360339 -0.0446689 0.002558659 -0.12294 -0.06607938 0.002103855 -0.1120943 -0.06663754 0.002888021 -0.1118116 -0.02031854 0.006856452 -0.1352749 -0.04348632 0.003690907 -0.123539 -0.04462505 0.002763461 -0.1229621 -0.04445489 0.003137624 -0.1230484 -0.04455314 0.002958102 -0.1229986 -0.02334393 0.008083901 -0.1337423 -0.04367352 0.003674428 -0.1234441 -0.06883916 0.004569634 -0.1106963 -0.02793484 0.009744313 -0.1314168 -0.02947742 0.01025432 -0.1306353 -0.03102432 0.01074656 -0.1298517 -0.03257649 0.01121913 -0.1290655 -0.03413226 0.01167521 -0.1282774 -0.03569211 0.01211409 -0.1274872 -0.03725547 0.01253729 -0.1266953 -0.04196344 0.01371802 -0.1243105 -0.04353824 0.01408322 -0.1235127 -0.04669466 0.01477467 -0.1219138 -0.0451153 0.01443571 -0.1227139 -0.04827612 0.01510194 -0.1211127 -0.131604 0.01842126 -0.07890228 -0.1203743 0.01928862 -0.0845908 -0.07057661 0.01851165 -0.1098162 -0.1251898 0.01895453 -0.08215142 -0.1139497 0.01963878 -0.08784514 -0.07377999 0.01883358 -0.1081935 -0.1187687 0.01938662 -0.08540409 -0.1171627 0.01947774 -0.08621762 -0.08180069 0.01946094 -0.1041305 -0.1091283 0.01982518 -0.09028748 -0.1026973 0.01996551 -0.09354518 -0.1010893 0.01998022 -0.09435975 -0.09304926 0.01992519 -0.0984325 -0.09948123 0.0199867 -0.09517431 -0.08822667 0.01978375 -0.1008754 -0.09465704 0.01995406 -0.0976181 -0.09144149 0.0198875 -0.09924691 -0.1123429 0.01970847 -0.08865915 -0.07217782 0.01867765 -0.1090051 -0.1283975 0.01870005 -0.08052653 -0.06098885 0.01730348 -0.1146729 -0.133206 0.01827325 -0.07809075 -0.1396129 0.017627 -0.07484529 -0.05462025 0.01629108 -0.117899 -0.1460127 0.01690284 -0.07160342 -0.1516256 0.0162122 -0.0687602 -0.1540025 0.01590547 -0.06755611 -0.1484304 0.0166114 -0.07037869 -0.1694097 0.0137749 -0.05975149 -0.1655603 0.01432762 -0.06170142 -0.1617097 0.01486787 -0.06365199 -0.1924847 0.01026696 -0.04806267 -0.196327 0.009659113 -0.04611634 -0.1732579 0.0132113 -0.05780211 -0.177105 0.01263794 -0.05585337 -0.2001032 0.004693954 -0.04420337 -0.1339902 0.004776755 -0.07769346 -0.2040114 0.008430064 -0.04222368 -0.2001691 0.009046628 -0.04417001 -0.1341327 0.004639954 -0.07762131 -0.2039791 0.003968989 -0.04224008 -0.2242587 0.005123719 -0.03196728 -0.2029889 0.004693954 -0.04274168 -0.2035109 0.004377472 -0.0424772 -0.1344249 0.00410571 -0.0774733 -0.1344691 0.00390091 -0.0774509 -0.1991131 0.003968989 -0.04470498 -0.235106 0.003326985 -0.02647243 -0.213614 0.001948334 -0.0373594 -0.2043813 0.003479706 -0.04203632 -0.2047059 0.002922981 -0.04187191 -0.2130309 0.001843053 -0.03765476 -0.2132202 0.001914253 -0.03755892 -0.2049441 0.002313937 -0.04175118 -0.2134152 0.001949694 -0.03746012 -0.2138091 0.001910174 -0.03726052 -0.2464287 0.00144241 -0.02073688 -0.1343232 -0.006375648 -0.0775249 -0.2124477 -0.006269567 -0.03795012 -0.2126993 0.001601932 -0.03782276 -0.2050891 0.001669292 -0.04167783 -0.212564 0.001438651 -0.03789132 -0.1340561 -0.00673269 -0.07766011 -0.1781349 -0.01169809 -0.05533169 -0.1342033 -0.006567329 -0.07758554 -0.2654393 -0.001741852 -0.01110688 -0.2323355 -0.003526747 -0.02787589 -0.2325114 -0.003635387 -0.02778677 -0.1336956 -0.006965652 -0.07784266 -0.1334945 -0.007026133 -0.07794459 -0.2125507 -0.006452369 -0.03789805 -0.2123102 -0.005644682 -0.03801988 -0.2123102 0.0006115114 -0.03801988 -0.2039791 -0.001955854 -0.04224008 -0.201843 -0.003006182 -0.04332208 -0.2327677 -0.005606523 -0.02765693 -0.2326277 -0.005766764 -0.02772789 -0.2694847 -0.008178622 -0.009057668 -0.2009998 -0.0108696 -0.04374921 -0.2124083 -0.01044264 -0.0379702 -0.2133661 -0.006977572 -0.037485 -0.2035109 -0.002364258 -0.0424772 -0.2029889 -0.00268082 -0.04274168 -0.2024285 -0.002896741 -0.04302552 -0.2580734 -0.008648305 -0.01483819 -0.2318973 -0.006091886 -0.02809789 -0.2135589 -0.006985652 -0.03738732 -0.2352414 -0.009562952 -0.02640387 -0.2324661 -0.005898604 -0.0278098 -0.2322865 -0.005998445 -0.02790076 -0.232096 -0.006063485 -0.02799717 -0.2466314 -0.009111508 -0.02063415 -0.2807831 -0.004410034 -0.003334344 -0.27696 -0.003721388 -0.005271 -0.2846311 -0.007541017 -0.001385129 -0.2845774 -0.005111878 -0.00141225 -0.2884832 -0.005822604 0.0005661441 -0.2961233 -0.007046533 0.004436273 -0.2922368 -0.006489489 0.002467538 -0.2006648 -0.002896741 -0.04391888 -0.07475872 0.003567787 -0.1076977 -0.07541456 0.002885302 -0.1073655 -0.1979541 0.001006572 -0.0452921 -0.1980033 0.001669292 -0.04526722 -0.1981493 0.002313937 -0.04519321 -0.1167522 0.004479873 -0.08642553 -0.1168742 0.004639954 -0.08636377 -0.07401936 0.00413323 -0.1080723 -0.2024285 0.004909876 -0.04302552 -0.1987121 0.003479706 -0.04490817 -0.07597217 0.002100895 -0.107083 -0.2330299 -0.004557074 -0.02752412 -0.273113 -0.003048422 -0.007219734 -0.2329844 -0.004338672 -0.02754716 -0.2123723 -0.006070526 -0.03798836 -0.1338849 -0.006866772 -0.07774691 -0.1552498 -0.01249233 -0.06692426 -0.2328815 -0.00542244 -0.02759932 -0.1667385 -0.01209753 -0.06110462 -0.213177 -0.006934852 -0.03758075 -0.2128297 -0.006750771 -0.03775669 -0.1895739 -0.01128753 -0.04953709 -0.2129962 -0.006858612 -0.03767236 -0.2238688 -0.01000592 -0.03216472 -0.2329676 -0.00521964 -0.02755565 -0.2326671 -0.003775228 -0.02770789 -0.2321476 -0.003452266 -0.02797108 -0.2128562 0.001737933 -0.03774332 -0.1983875 0.002922981 -0.0450725 -0.2123257 -0.005860444 -0.03801204 -0.1171773 -0.006900211 -0.08621025 -0.1173509 -0.006980853 -0.08612225 -0.1991131 -0.001955854 -0.04470498 -0.1987121 -0.001466571 -0.04490817 -0.07321303 0.004568754 -0.1084807 -0.1578567 0.01539451 -0.06560378 -0.1170171 0.004776755 -0.08629137 -0.1171773 0.004886836 -0.08621025 -0.1166541 0.004300272 -0.08647529 -0.1165821 0.00410571 -0.08651177 -0.1165382 0.00390091 -0.08653393 -0.06563169 0.001235144 -0.1123211 -0.0267822 0.002763461 -0.1320006 -0.01296042 0.003236904 -0.1390022 -0.02673836 0.002558659 -0.1320228 -0.02695236 -0.006493248 -0.1319144 -0.04408473 -0.006866772 -0.1232359 -0.05905165 -0.01507571 -0.1156543 -0.04425569 -0.00673269 -0.1231492 -0.02656204 -0.01417298 -0.1321121 -0.02308961 -0.01387242 -0.1338711 -0.04389569 -0.006965652 -0.1233316 -0.04369416 -0.007026133 -0.1234337 -0.04440329 -0.006567329 -0.1230744 -0.04461129 -0.006163646 -0.1229692 -0.04452306 -0.006375648 -0.1230138 -0.04466545 -0.005937565 -0.1229417 -0.02182704 0.007483416 -0.1345107 -0.04385625 0.003625227 -0.1233516 -0.04402984 0.003544666 -0.1232637 -0.06803315 0.004134831 -0.1111046 -0.06969373 0.004864996 -0.1102634 -0.027551 0.003625227 -0.1316112 -0.02721716 0.003434585 -0.1317803 -0.0273774 0.003544666 -0.1316992 -0.02707436 0.003297784 -0.1318526 -0.02685411 0.002958102 -0.1319642 -0.02695236 0.003137624 -0.1319144 -0.2330216 -0.005003797 -0.02752836 -0.2330419 -0.004780836 -0.02751804 -0.2692731 -0.002390257 -0.009164789 -0.2043813 -0.001466571 -0.04203632 -0.2328012 -0.00394219 -0.02763996 -0.2329078 -0.004131791 -0.02758597 -0.2047059 -0.0009098582 -0.04187191 -0.2599742 -0.0008235985 -0.01387529 -0.2123269 0.0008332944 -0.03801141 -0.2051381 0.001006571 -0.04165295 -0.212455 0.001252634 -0.03794653 -0.2123759 0.001048971 -0.03798652 -0.2050891 0.0003438255 -0.04167783 -0.2049441 -0.000300854 -0.04175118 -0.2126789 -0.00661413 -0.03783308 0.01753812 0.0009434988 0.4925128 0.02946845 -0.009541352 0.4864693 -0.008591024 -0.003446905 0.5057487 -0.003602987 -0.008385184 0.5032221 -0.01205017 -0.00403763 0.507501 0.02246649 -0.00930807 0.4900163 0.01083632 -0.0001753863 0.4959077 0.01563571 -0.009072389 0.4934764 0.02447235 0.002095615 0.4890002 0.02946845 0.002922662 0.4864693 0.003933789 -0.001332963 0.4994041 -0.003179464 -0.002531218 0.5030074 0.008977347 -0.008834306 0.4968494 0.002710499 -0.008628064 0.5000238 -0.009964395 -0.008105501 0.5064444 -0.01637372 -0.007789259 0.5096911 -0.01741021 -0.004961877 0.5102162 -0.02282976 -0.007436215 0.5129614 -0.02423738 -0.006150526 0.5136745 -0.02933366 -0.007046533 0.516256 -0.09528751 0.004032831 0.2401879 -0.1007339 0.004019309 0.2294362 -0.09631568 -0.009863034 0.2381582 -0.07473152 -0.009890794 0.2807676 -0.0735728 0.00403675 0.283055 -0.08985076 0.00404187 0.2509206 -0.1070879 -0.009835914 0.2168927 -0.1074968 0.00399451 0.2160856 -0.08552313 -0.009880715 0.2594638 -0.1142764 0.003962109 0.2027019 -0.08172229 0.00404515 0.2669671 -0.1142764 -0.009813274 0.2027019 -0.0668049 0.00402067 0.2964155 -0.06004869 0.00399715 0.309753 -0.06395897 -0.009891354 0.3020337 -0.05318664 -0.009884314 0.3232994 -0.05190334 0.00395771 0.3258327 -0.04509754 0.003915549 0.3392682 -0.03967749 0.003876349 0.3499677 -0.03881332 -0.009860955 0.3516739 -0.03425281 0.003831948 0.3606768 -0.02883389 0.003782428 0.3713744 -0.02203569 0.003713227 0.3847947 -0.0244549 -0.009822394 0.3800188 -0.01524779 0.003635547 0.3981947 -0.01364889 -0.009782873 0.4013511 -0.009835835 0.003568027 0.4088784 -0.004416673 0.003495225 0.4195763 -0.002864581 -0.009735753 0.4226403 0.001005748 0.003417225 0.4302809 0.006419169 0.003334105 0.4409677 0.01318826 0.003223304 0.4543305 0.007910379 -0.009679272 0.4439113 0.01996999 0.003103623 0.4677184 0.01869989 -0.009614952 0.465211 0.0253729 0.003002742 0.4783843 0.02946845 0.002922662 0.4864693 0.02946845 -0.009541352 0.4864693 0.09482952 0.01186873 0.655213 0.08232661 0.008471663 0.6532322 0.0794822 0.007466376 0.6521049 0.08045029 0.006597729 0.6496796 0.07669178 0.006466449 0.6508733 0.07396264 0.00548292 0.649546 0.06870156 0.003556267 0.6465854 0.0712955 0.004515794 0.6481241 0.06615881 0.002619939 0.6449697 0.0852204 0.009466792 0.6542399 0.08816635 0.01046424 0.6551398 0.06366912 0.001706973 0.6432775 0.06748291 0.001554331 0.6413966 0.06123957 0.0008130851 0.641496 0.05886365 -5.926979e-05 0.6396333 0.05652938 -0.0009017755 0.6377102 0.05424048 -0.001714412 0.6357282 0.05585018 -0.002872421 0.6309874 0.05200335 -0.002504499 0.6336673 0.04980501 -0.003260744 0.631558 0.04763819 -0.00398059 0.6294073 0.04550897 -0.004665795 0.6272089 0.04341977 -0.00531876 0.6249557 0.04135559 -0.005929805 0.6226777 0.04520753 -0.006420448 0.6191437 0.03931589 -0.006499009 0.6203738 0.0373042 -0.007024452 0.6180391 0.03334897 -0.0079523 0.6133022 0.03140175 -0.008356302 0.6109047 0.03531642 -0.007508377 0.6156803 0.03522107 -0.008854467 0.6065191 0.02947974 -0.008713665 0.6084857 0.02757437 -0.009036068 0.6060489 0.02572611 -0.01021416 0.5934095 0.02197488 -0.009785754 0.5986333 0.02014359 -0.009968796 0.5961291 0.02568755 -0.009323511 0.6035954 0.02382161 -0.009572793 0.6011238 0.0147537 -0.01033032 0.5885214 0.01653476 -0.01023952 0.5910721 0.03688404 -0.01087744 0.5877573 0.04574442 -0.009479991 0.6011885 0.03131999 -0.01057904 0.5905759 0.01833021 -0.01012192 0.5936097 0.0129881 -0.01039624 0.5859568 0.00790966 -0.01051624 0.5660556 0.004374832 -0.01035464 0.5729452 0.00269114 -0.01028248 0.5703074 0.0166462 -0.01070048 0.5798956 0.01123753 -0.0104356 0.5833801 0.009503031 -0.01044616 0.5807878 0.007779899 -0.01043704 0.578185 0.006070526 -0.010408 0.5755709 0.001018228 -0.01019552 0.5676614 -0.002293537 -0.009970796 0.5623413 -0.0006439655 -0.01009384 0.5650067 -0.008807267 -0.009373671 0.5516062 -0.0005579245 -0.009864395 0.5519682 -0.007192294 -0.009540152 0.5543013 -0.00393547 -0.009837994 0.5596674 -0.005568921 -0.009695513 0.5569892 -0.01201753 -0.009026708 0.5462016 -0.01041568 -0.009202549 0.5489062 0.02616131 -0.0111636 0.5384487 0.03389154 -0.01177929 0.5529027 -0.01361154 -0.008840627 0.5434913 -0.008825907 -0.008947827 0.5377135 -0.02064319 -0.008000141 0.5313902 -0.01520019 -0.008652945 0.5407769 -0.01678469 -0.008465664 0.5380588 -0.0169702 -0.007969581 0.5233674 -0.01836437 -0.008277022 0.5353383 -0.01047112 -0.008393504 0.5200751 -0.02282976 -0.007436215 0.5129614 -0.01637372 -0.007789259 0.5096911 -0.02307897 -0.007717098 0.5271629 -0.02638875 -0.007350055 0.5214011 -0.02933366 -0.007046533 0.516256 -0.1939111 -0.006937892 0.2058235 -0.1884308 -0.007241174 0.1975618 0.0941783 0.01242841 0.6566036 0.09116748 0.01146425 0.655932 0.1098249 0.01656428 0.6576058 0.09721009 0.01336618 0.6571562 0.1033498 0.01517547 0.6579098 0.10027 0.01428466 0.6575923 0.1125226 0.01752636 0.6580959 0.1094616 0.01678396 0.6581569 0.1064049 0.01600043 0.6580955 -0.03861237 -0.01436235 0.004889397 -0.05583122 -0.01426194 -0.01642396 -0.1142764 -0.009813274 0.2027019 -0.09021205 -0.0134577 -0.0173478 -0.07552649 -0.01472907 -0.08877378 -0.08276343 -0.01457194 -0.08573464 -0.09805323 -0.01415378 -0.07791402 -0.1076667 -0.01385778 -0.07297647 -0.07096261 -0.01430914 -0.04543778 -0.09008396 -0.01437962 -0.08170478 -0.1238505 -0.01332362 -0.06492025 -0.1391665 -0.01302962 -0.07507137 -0.09011715 -0.01373538 -0.03573459 -0.07105029 -0.01406531 -0.02705435 -0.1266148 -0.01218841 0.001092263 -0.1396578 -0.01276818 -0.05648482 -0.1975072 -0.009683914 0.03700332 -0.1786327 -0.009913434 0.0549521 -0.1627688 -0.01141433 -0.01268658 -0.1505653 -0.01133041 0.0132245 -0.2168784 -0.008726386 0.06515569 -0.2053732 -0.009129829 0.05932764 -0.1904885 -0.009094308 0.08847026 -0.2245431 -0.008442624 0.06903835 -0.1668511 -0.0107524 0.02147423 -0.1818714 -0.01081064 -0.007594537 -0.2375575 -0.008134302 0.06244679 -0.1979426 -0.006916932 0.1977892 -0.1898462 -0.006961332 0.2139322 -0.1775079 -0.007318375 0.2195121 -0.1718585 -0.007467976 0.2318705 -0.1790473 -0.007034053 0.2355122 -0.1844399 -0.006996053 0.2247298 -0.2033348 -0.006891731 0.1870553 -0.2087685 -0.006870612 0.1762511 -0.2024651 -0.007180294 0.1696309 -0.2128962 -0.006856852 0.1680537 -0.2169013 -0.006845892 0.1601071 -0.2142342 -0.007158213 0.14636 -0.222909 -0.006833091 0.1482015 -0.2238477 -0.007157094 0.1273381 -0.238643 -0.006821812 0.1171006 -0.2315785 -0.006822852 0.1310486 -0.2440653 -0.006825331 0.1064082 -0.240864 -0.007183014 0.09389863 -0.2482176 -0.006829732 0.09822994 -0.254299 -0.006841412 0.08626489 -0.2604661 -0.006858052 0.07415016 -0.2624644 -0.007261735 0.05156895 -0.2670478 -0.006880452 0.06123638 -0.2760711 -0.006920452 0.0435692 -0.2797068 -0.007348536 0.01762261 -0.2885131 -0.007374616 0.0005813041 -0.2734649 -0.007847819 0.0112116 -0.1096467 -0.0139729 -0.09002492 -0.2808298 -0.007702699 -0.003310665 -0.2658075 -0.008257822 0.007369735 -0.2823862 -0.006955092 0.03122519 -0.2865961 -0.006980932 0.02300657 -0.2909966 -0.007011332 0.01442394 -0.2961233 -0.007046533 0.004436273 -0.05547305 -0.01507715 -0.117467 -0.04398193 -0.01502731 -0.1046132 -0.2452359 -0.007723339 0.06629826 -0.08299823 -0.01476923 -0.1035239 -0.09061164 -0.0145457 -0.09966731 -0.1556982 -0.01247681 -0.06669714 -0.1821793 -0.01021464 0.02923886 -0.1711791 -0.009895755 0.06951773 -0.02324208 -0.01368618 0.09548192 -0.05315056 -0.01314066 0.07393511 -0.03049183 -0.01366426 0.08080461 3.080025e-06 -0.01444794 0.0745312 -0.00406651 -0.0142621 0.08576833 -0.01495818 -0.01435394 0.05158535 -0.1563328 -0.009878634 0.09868282 -0.1637451 -0.009883914 0.08409448 -0.08944684 -0.01198633 0.08314791 -0.09073516 -0.01168673 0.1021472 -0.1489438 -0.009880634 0.1132866 -0.1756706 -0.009083909 0.1176519 -0.1415828 -0.009890954 0.1279046 -0.06179086 -0.01182025 0.1608947 -0.05468657 -0.01188105 0.1756532 -0.1342516 -0.009910315 0.1425391 0.05444056 -0.01467706 0.2121706 0.04029021 -0.01444139 0.2009844 0.04785011 -0.01465698 0.1971549 0.02895125 -0.0140893 0.2067281 0.03561282 -0.01411154 0.2217079 0.04690922 -0.01446226 0.2159856 -0.05905165 -0.01507307 -0.1156543 -0.01461339 -0.01492154 -0.04883372 -0.0249865 -0.01494315 -0.04840621 -0.02021687 -0.01356882 -0.1353263 -0.01353842 -0.01364746 -0.1203585 0.07487345 -0.01479618 0.238509 0.06096022 -0.01466211 0.2272162 0.06845924 -0.01485643 0.2234176 -0.003224184 -0.01343697 0.1771271 -0.01845006 -0.01290746 0.1848399 -0.005956525 -0.0125581 -0.1242124 -0.01317954 -0.01250465 -0.1388912 0.00142585 -0.01041264 -0.127952 0.008311822 -0.004141311 -0.120517 0.01492459 -0.0103544 -0.1025935 -0.09628873 -0.01101464 0.1416598 -0.1035661 -0.01098632 0.1269951 0.002018254 -0.01461131 0.06430768 -0.007263495 -0.01443082 0.05986397 -0.006576849 -0.0145521 0.04733972 -0.01787437 -0.0132641 -0.136513 -0.01550835 -0.0129117 -0.1377115 0.08985956 -0.01502827 0.2377154 0.07891131 -0.01480234 0.2432613 0.08233534 -0.01496483 0.2347291 -0.1019103 -0.01003376 0.2181663 -0.1070879 -0.009835914 0.2168927 -0.1089687 -0.009958155 0.2037344 0.007059093 -0.01353777 0.1994591 -0.09989947 -0.009854635 0.2310833 0.01710261 -0.00409803 -0.1039953 0.02171647 -0.00407667 -0.09529784 -0.08552313 -0.009880715 0.2594638 -0.08064789 -0.01024776 0.2622997 -0.07838403 -0.009891275 0.2735575 -0.05905413 -0.0105496 0.2879114 -0.04239663 -0.009867674 0.3446001 -0.03781988 -0.010272 0.3322106 -0.03065535 -0.0100548 0.3468881 -0.02349377 -0.009769674 0.3615774 -0.03520938 -0.009852235 0.3587883 -0.02802277 -0.009832874 0.3729755 -0.02083551 -0.009809754 0.3871639 -0.0162698 -0.009451592 0.3762203 -0.009084228 -0.009142949 0.3908716 -0.01364889 -0.009782873 0.4013511 -0.001817613 -0.008875746 0.4055428 0.06844884 -0.0140361 0.2756434 0.07323823 -0.01417722 0.2732173 0.08112301 -0.01395641 0.2887826 -0.09271102 -0.009869595 0.2452742 -0.09483663 -0.0101132 0.2327707 0.04875981 -0.01404258 0.2517371 0.05525289 -0.0139329 0.2667796 0.06809484 -0.01189825 0.3511921 -0.08776842 -0.01018744 0.2474548 0.06723586 -0.01406074 0.2732487 0.06717058 -0.01429274 0.2612391 0.0663725 -0.01237833 0.3343531 0.08758442 -0.01255873 0.3409856 0.09153797 -0.01319098 0.3216054 0.09767682 -0.01284394 0.3367809 0.02772892 -0.01101192 0.3539284 0.04251112 -0.01097344 0.3647255 0.09258974 -0.0137485 0.3027861 0.09872875 -0.01339602 0.3179629 0.08533313 -0.01354161 0.3064621 0.00537692 -0.008696786 0.4201574 0.0007237853 -0.009717593 0.4297243 -0.006462209 -0.009752153 0.4155383 0.1090247 -0.0131589 0.3311358 0.1853782 -0.0136485 0.402411 0.1899939 -0.01437883 0.418528 0.1788006 -0.01373761 0.405743 0.200613 -0.01205985 0.3762793 0.1939525 -0.01263314 0.3796533 0.1892249 -0.01238617 0.3636699 0.1959834 -0.01180441 0.3602462 0.1843481 -0.01233537 0.3477934 0.2116126 -0.01161297 0.3891218 0.2072454 -0.01110768 0.3729197 0.2179633 -0.009767353 0.3859048 0.1779716 -0.0129773 0.3522543 0.1793277 -0.01244217 0.3320154 0.1741682 -0.0126681 0.3163261 0.1862672 -0.01184489 0.3285003 -0.01045384 -0.01187857 -0.1402719 -0.01158673 -0.01216257 -0.139698 0.003376585 -0.004166511 -0.1297787 -0.00933007 -0.01155233 -0.1408411 -0.007752859 -0.01102144 -0.1416401 -0.004895716 -0.009844874 -0.1430874 0.0009275026 -0.004179152 -0.1343711 -0.03532978 -0.01468419 -0.1276708 -0.02113615 -0.01430363 -0.1164439 -0.02875325 -0.01469835 -0.112524 0.03119351 -0.00403595 -0.07736746 0.03627531 -0.00401699 -0.0677026 0.03208111 -0.01029072 -0.07012677 0.08242086 -0.00398075 0.02269824 0.08471432 -0.00398827 0.02736965 0.07684505 -0.01024608 0.01725805 0.06731611 -0.003957869 -0.007558856 0.07082573 -0.00395955 -0.0005987149 0.06216246 -0.01023384 -0.01199761 0.007665338 -0.01488235 0.01605204 0.02381081 -0.01487179 0.02577627 0.01507035 -0.01503979 0.03067031 0.01724405 -0.01486443 0.01119993 -0.04300296 -0.01493131 -0.1237839 -0.03982069 -0.01484779 -0.1253958 -0.04839972 -0.01502963 -0.12105 0.0399035 -0.00400443 -0.06078037 0.04351056 -0.00399339 -0.05387216 0.03967317 -0.01026832 -0.05563249 -0.03630364 -0.01492362 -0.1084695 -0.03169416 -0.01450835 -0.1295124 -0.02788349 -0.01427114 -0.1314428 -0.02470642 -0.0140265 -0.1330521 0.0167902 -0.01246713 -0.08138726 0.01586443 -0.01353737 -0.064846 -0.006019326 -0.01034384 -0.1425182 -0.004464273 -0.009599592 -0.143306 -0.004054911 -0.009310951 -0.1435133 -0.003680827 -0.008967827 -0.1437028 -0.003355865 -0.008566705 -0.1438675 -0.003091542 -0.008112621 -0.1440013 -0.002897462 -0.007616777 -0.1440997 -0.001522651 -0.004191951 -0.138963 -0.002793861 -0.007087973 -0.144152 -0.002806181 -0.006546529 -0.144146 -0.002931142 -0.006023325 -0.1440825 -0.003138103 -0.005533002 -0.1439778 -0.003466586 -0.004946276 -0.1438114 -0.00397387 -0.004204832 -0.1435543 0.02445314 -0.01031712 -0.08460216 0.02697676 -0.00405363 -0.08535945 0.006979732 -0.01419938 -0.06332888 -0.007726939 -0.01481971 -0.05437953 -0.0002159177 -0.01459378 -0.05855859 0.03613451 -0.01414042 -0.007124694 0.003294104 -0.01487746 -0.0163386 0.02188152 -0.01476467 0.002947142 0.02890621 -0.01453659 -0.002361218 0.06664235 -0.01239521 0.01538115 0.07387328 -0.01352329 0.04934526 0.05777235 -0.01416243 0.03609362 0.05010245 -0.01455867 0.03997885 0.04638843 -0.01479194 0.05183335 0.07826603 -0.01424218 0.07836979 0.06444873 -0.01460826 0.06942476 0.03837589 -0.01489778 0.05509321 0.02247592 -0.01517539 0.0452897 0.03112774 -0.01488083 0.04041662 0.04554945 -0.01492331 0.06981053 0.02988095 -0.01528915 0.05990789 0.07770914 -0.01469371 0.09753369 0.06823083 -0.01490035 0.09725938 0.05264239 -0.01495818 0.08457176 0.1018118 -0.01446058 0.1300551 0.05964764 -0.01500315 0.0993789 0.0446909 -0.01545116 0.08914435 0.05575266 -0.01551571 0.1109816 0.09905075 -0.01490146 0.1448091 0.1148355 -0.01386498 0.1386876 0.07282311 -0.01511747 0.1278948 0.09261718 -0.01513715 0.1514628 0.06690586 -0.01553028 0.132999 0.08008637 -0.01519203 0.1441064 0.1552749 -0.004639075 0.1867292 0.1581207 -0.004633235 0.194027 0.1506196 -0.01076864 0.1817985 0.07431088 -0.01551299 0.1476173 0.0867013 -0.01525235 0.1591157 0.1566227 -0.01072888 0.1970984 0.1609492 -0.004615234 0.2013595 0.1637075 -0.004586035 0.2086063 0.08171526 -0.01547386 0.1622342 0.1147028 -0.01498931 0.1816443 0.1222296 -0.01460042 0.1778314 0.128454 -0.01458578 0.1930267 0.09321879 -0.01529603 0.174173 0.1691772 -0.004491954 0.2232314 0.1624997 -0.01063808 0.2124528 0.1666008 -0.004544833 0.2162911 0.09023251 -0.015407 0.1790482 0.134568 -0.0145269 0.2082703 0.12096 -0.01497299 0.1968229 0.09963851 -0.01531372 0.1892751 0.113462 -0.01519443 0.2006211 0.103929 -0.01522539 0.2060864 0.1271114 -0.01491219 0.2120475 0.107172 -0.01521171 0.185459 0.1196509 -0.01513251 0.2158267 0.1141101 -0.01505122 0.226185 0.1257391 -0.01501658 0.2310742 0.1405711 -0.01441442 0.2235611 0.1538116 -0.01360641 0.2351735 0.1464621 -0.01423907 0.2388965 0.1331571 -0.01479747 0.2273166 0.1390961 -0.01461955 0.2426278 0.1914531 -0.003566266 0.2871096 0.1847075 -0.009662393 0.2744096 0.1898273 -0.003640106 0.2821661 0.1449286 -0.01436914 0.2579794 0.1317262 -0.01483723 0.2463611 0.1261427 -0.01478034 0.2499387 0.1376126 -0.01458523 0.2616854 0.1406489 -0.01438891 0.2785753 0.1962388 -0.003364665 0.3019714 0.1899178 -0.00935047 0.2900553 0.1946587 -0.003428586 0.2970121 0.1690198 -0.01296642 0.3011012 0.1506534 -0.01404937 0.2733734 0.1579057 -0.01367466 0.2696997 0.1562654 -0.01369418 0.2888171 0.1757309 -0.01238105 0.2964193 0.1881827 -0.01105984 0.3092267 0.1811901 -0.01206369 0.312769 0.1483553 -0.01413866 0.2937886 0.1557597 -0.01388106 0.3084057 0.1617592 -0.0133421 0.3043193 0.1671305 -0.0130317 0.3198909 0.1631634 -0.0136017 0.3230214 0.2097081 -0.003322024 0.3468333 0.2111184 -0.003392745 0.3518422 0.2092588 -0.008936067 0.3535215 0.2138846 -0.003600747 0.3618742 0.2152414 -0.003732987 0.3668982 0.1705672 -0.01330042 0.3376373 0.1911996 -0.01174561 0.3443228 0.2191953 -0.004270352 0.3819933 0.2136957 -0.009233109 0.3696521 0.2178973 -0.00406571 0.3769575 0.2050828 -0.01255042 0.3924296 0.1985255 -0.01311482 0.3957512 0.1872776 -0.01297794 0.3830345 0.2264221 -0.005911485 0.4123267 0.2275151 -0.006245887 0.4174061 0.2257465 -0.01149193 0.4188888 0.2294142 -0.006825892 0.4276201 0.2302725 -0.007109974 0.4327446 0.232339 -0.007825019 0.4481969 0.2288105 -0.01235201 0.4357797 0.2317676 -0.007634777 0.4430323 0.2310706 -0.007390135 0.4378817 0.2228168 -0.01409385 0.4388159 0.2166538 -0.01497858 0.4419379 0.213314 -0.0141781 0.4251866 0.1919536 -0.01345433 0.3990803 0.1964604 -0.01418778 0.4152523 0.2069849 -0.01472291 0.4283927 0.2104649 -0.01551131 0.4450727 0.2029237 -0.01385394 0.4119783 0.1722227 -0.0137517 0.4090751 0.1770555 -0.01448026 0.4250821 0.1656447 -0.01370898 0.4124071 0.1835248 -0.01446642 0.421805 0.1879461 -0.01532404 0.4380368 0.2006416 -0.01505059 0.4316059 0.2042624 -0.01583172 0.4482147 0.1942951 -0.01523803 0.4348208 0.181597 -0.01533771 0.4412531 0.1705863 -0.01443826 0.4283591 0.1980567 -0.01601499 0.4513583 0.1918488 -0.01609907 0.4545029 0.2010561 -0.01649756 0.4682158 0.1641175 -0.01435282 0.431636 0.1590672 -0.0136221 0.4157391 0.195019 -0.01657924 0.4712738 0.1856405 -0.01611244 0.457648 0.1752479 -0.01529635 0.4444693 0.1794322 -0.01607204 0.4607927 0.1732245 -0.01599011 0.4639373 0.1688993 -0.01521259 0.4476853 0.1972404 -0.01655235 0.4884141 0.1889816 -0.01659228 0.4743321 0.162551 -0.01509546 0.450901 0.1562031 -0.01495194 0.4541165 0.1485314 -0.01402434 0.4395602 0.1582537 -0.01567315 0.4715097 0.167017 -0.01587555 0.4670818 0.1472951 -0.01471675 0.4585937 0.1356071 -0.01365818 0.4460951 0.1458599 -0.01532251 0.4777916 0.1339888 -0.0143109 0.4653694 0.2044733 -0.001039484 0.5720031 0.1935563 0.00537108 0.5923848 0.1906 0.004512114 0.5938823 0.1335761 -0.01493002 0.4840164 0.1927248 -0.01413962 0.5267344 0.1979764 -0.01412834 0.524074 0.1960588 -0.01130865 0.5427287 0.1383617 -0.01544283 0.4999712 0.1681737 -0.01542483 0.5212484 0.1657053 -0.016153 0.5043844 0.176026 -0.01560571 0.5172738 0.1167335 -0.01435314 0.4925533 0.1219636 -0.01488114 0.508281 0.1425837 -0.01545659 0.5160986 0.126721 -0.01491307 0.5241366 0.07942291 -0.01301834 0.5114612 0.1460625 -0.01475883 0.5324506 0.09087468 -0.01376874 0.5240321 0.08718626 -0.01268306 0.4890777 0.1309463 -0.0142409 0.5401095 0.09742138 -0.01304122 0.5570937 0.05256983 -0.01145257 0.5065783 0.05467305 -0.01214841 0.5239836 0.06620642 -0.01289618 0.53652 0.0917355 -0.01366113 0.5418616 0.1155547 0.01819957 0.6579006 -0.2059432 -0.007659338 0.1435667 -0.2173504 -0.008082701 0.1020773 -0.2250228 -0.007671177 0.1059639 -0.1878836 -0.007706618 0.179431 -0.1704941 -0.007817419 0.2139279 -0.1646673 -0.007863659 0.2282278 -0.00400787 -0.008740146 0.5168012 -0.009964395 -0.008105501 0.5064444 -0.002447778 -0.009363911 0.5344826 0.005680123 -0.0102712 0.5488083 0.01397538 -0.01091184 0.562983 0.02249992 -0.01108232 0.5769303 0.04049766 -0.009198549 0.6038463 0.08352623 0.006397168 0.6481214 0.05009742 -0.006739411 0.6166666 0.06026829 -0.003160583 0.6287493 0.1185476 0.0187955 0.6575685 0.1215176 0.01932798 0.6571052 0.07130838 0.001304849 0.6394588 0.1244648 0.01979719 0.6565106 0.1114347 0.01646276 0.6567917 -0.2581788 -0.008579744 0.003514986 -0.2656836 -0.008335743 -0.01098312 -0.2096749 -0.008406464 0.0981893 -0.1982694 -0.008070941 0.139679 -0.180235 -0.008117661 0.1755146 -0.1801185 -0.008417663 0.1565992 -0.1650445 -0.008218382 0.2052225 -0.1572892 -0.008229182 0.2244904 -0.003602987 -0.008385184 0.5032221 0.002458818 -0.009012947 0.5135255 0.003895629 -0.009704073 0.5312692 0.01188233 -0.01060384 0.5456665 0.02000751 -0.01123536 0.5599273 0.02832253 -0.01139457 0.5739808 0.07511233 0.001100837 0.6375319 0.08658546 0.006233087 0.6465717 0.05496097 -0.007000212 0.614203 0.09805218 0.01166465 0.6535806 0.06466249 -0.003396185 0.6265235 -0.2505449 -0.008862467 -0.0003502653 -0.2580734 -0.008648305 -0.01483819 -0.2394523 -0.008497424 0.03991197 -0.194862 -0.008395904 0.1273735 -0.1724489 -0.008701585 0.1527141 -0.1581662 -0.008525904 0.2005366 -0.1691128 -0.008457903 0.1785496 0.003259384 -0.008642386 0.4997458 0.01146273 -0.009344711 0.5089851 0.01024272 -0.009971836 0.528054 0.01808806 -0.0108656 0.5425229 0.02604212 -0.01148993 0.5568705 0.0424492 -0.01111216 0.5849383 0.03414642 -0.01164025 0.5710307 0.09091108 0.006053726 0.6443819 0.08082732 0.0008640171 0.634637 0.0509935 -0.009701433 0.5985295 0.05982573 -0.007205414 0.6117387 0.06905788 -0.003581626 0.6242969 0.1135615 0.01636932 0.6557132 -0.2428804 -0.009132548 -0.004243072 -0.250462 -0.008957107 -0.01869381 -0.2317971 -0.008780866 0.03603419 -0.2020035 -0.008690465 0.09430336 -0.1871883 -0.008679986 0.1234864 -0.1609371 -0.009105349 0.1468828 -0.1578007 -0.008762146 0.1819965 -0.1384276 -0.008970628 0.2149359 0.01851373 -0.01027896 0.5239284 0.0425756 -0.01195025 0.5667619 0.07542256 -0.003815628 0.6210732 0.05050238 -0.01140833 0.5808598 0.05784699 -0.009953675 0.5950606 0.1021554 0.01148785 0.6515029 0.0668537 -0.007463897 0.6081792 -0.2352424 -0.009398311 -0.008121181 -0.2428516 -0.00926191 -0.0225488 -0.2174146 -0.009319671 0.02645627 -0.1463061 -0.00916527 0.1761737 -0.1325385 -0.00933671 0.1967325 0.01887454 -0.00918551 0.4918359 -0.2275908 -0.009662793 -0.01207849 -0.2352414 -0.009562952 -0.02640387 -0.1250972 -0.009451431 0.2081832 0.04030853 -0.0103372 0.4942718 -0.2199084 -0.009925835 -0.01583324 -0.22763 -0.009860074 -0.03025951 -0.1269524 -0.009939515 0.1571928 -0.1196879 -0.009979355 0.1718671 0.02946845 -0.009541352 0.4864693 0.08397944 -0.01085728 0.5818187 0.112655 0.00529876 0.6333651 0.1217571 0.01608484 0.6515612 -0.2122659 -0.0101904 -0.01970463 -0.2200185 -0.01015328 -0.03411513 0.03414689 -0.009576152 0.4790267 0.02228249 -0.009591112 0.4722834 0.026991 -0.009038708 0.4642362 0.06917268 -0.01286834 0.5532879 0.07593553 -0.01228633 0.5679756 0.1003077 -0.008621505 0.5912341 0.1163062 0.01099624 0.6443329 0.1056454 -0.004861316 0.6057651 0.1099237 -0.0001444341 0.6198984 -0.2008013 -0.01059096 -0.02551203 -0.2093737 -0.0105576 -0.03950741 -0.1971766 -0.01027368 0.0001584211 -0.09716458 -0.01056376 0.1788135 -0.06607377 -0.01054632 0.2731937 -0.05692451 -0.009888395 0.3159205 -0.05209215 -0.0105064 0.3026764 -0.04491122 -0.01042144 0.3174828 -0.0495839 -0.009879355 0.3304115 0.0125985 -0.008637585 0.434816 0.007910379 -0.009679272 0.4439113 0.01980527 -0.008738706 0.4495033 0.01509643 -0.009637113 0.4580975 -0.1333005 -0.01068312 0.08701569 -0.1182355 -0.01095744 0.09773106 -0.1855157 -0.01113024 -0.03325521 -0.1922564 -0.01119096 -0.04817828 -0.1518885 -0.01070856 0.05057518 -0.1185573 -0.0106952 0.1162408 -0.1330393 -0.01096064 0.06854012 -0.08905507 -0.01105344 0.1563498 -0.07173822 -0.01100672 0.2118334 -0.08236726 -0.01089448 0.1896751 -0.03968878 -0.01147433 0.2598526 -0.06118758 -0.01111696 0.23403 -0.04663483 -0.01144217 0.245017 -0.03275896 -0.01147329 0.2746905 -0.009207189 -0.0112744 0.3178619 -0.01610715 -0.01143065 0.3030586 -0.005058678 -0.0109544 0.3339567 0.01581932 -0.01001952 0.3782463 0.001894174 -0.01066264 0.3487288 0.0317828 -0.009625193 0.4067488 0.03658692 -0.009480231 0.4226422 0.04344425 -0.009568872 0.4375158 0.05291568 -0.009949515 0.4510867 0.05975013 -0.01047544 0.4660393 0.06581442 -0.011236 0.4814271 0.1051117 -0.01160201 0.5711168 -0.1550327 -0.01191777 -0.03035878 -0.1346256 -0.01132169 0.04183047 -0.1054692 -0.01167497 0.0729175 -0.05556258 -0.01158081 0.2036395 -0.0336996 -0.01209665 0.2201059 -0.006256688 -0.01212913 0.2796062 0.04125663 -0.01040496 0.3836534 0.1344301 -0.01265122 0.5562641 -0.1705539 -0.01196505 -0.0591718 0.1503518 -0.01039168 0.565881 0.1486984 -0.01314018 0.5490351 -0.1042527 -0.01198937 0.05395809 -0.06254655 -0.01233561 0.1153919 -0.05532442 -0.01236801 0.1300862 -0.06033702 -0.01207985 0.1418025 -0.009787274 -0.01275818 0.2263516 -0.03462794 -0.01233113 0.1930349 0.003789629 -0.01277866 0.2561765 -0.002979942 -0.01278538 0.2412574 0.03531562 -0.01239737 0.3135498 0.03726412 -0.01192585 0.3308118 0.07855836 -0.01098312 0.4013573 0.08085029 -0.01090848 0.4185541 0.1333216 0.01039104 0.6357166 0.1394615 0.004342752 0.6197889 -0.1058539 -0.01235105 0.02725604 0.06846963 -0.01093976 0.3881667 0.09990076 -0.01245745 0.4641617 0.1412787 -0.001264724 0.6040159 0.1343625 0.01563843 0.645178 -0.0359785 -0.01274178 0.1478193 0.09305703 -0.01138593 0.4307622 0.1570559 -0.01511019 0.5268813 0.09919587 -0.01188705 0.4460668 0.1590918 -0.01347234 0.5437698 0.1508432 -0.006460288 0.5828669 0.1388706 -0.006049725 0.588933 -0.1283039 -0.0127213 -0.03472953 -0.1093559 -0.01283666 -0.009942716 -0.06118534 -0.01262058 0.09635265 -0.07586577 -0.01260098 0.06709499 -0.07751162 -0.01280386 0.04958373 -0.02891477 -0.01280114 0.1625982 -0.008107421 -0.01301034 0.2071418 0.03590235 -0.01328794 0.2765796 0.02933717 -0.01339546 0.261566 0.03221896 -0.01275826 0.2967673 0.06501889 -0.01125329 0.3716164 0.1540755 -0.0158238 0.5102769 0.1599961 -0.0107 0.5609953 0.1174391 -0.01375922 0.473751 0.1371258 -0.009938315 0.5725816 -0.03857852 -0.01317658 0.1032507 0.01383362 -0.01358698 0.2143861 0.084408 -0.01192529 0.3618134 0.176972 -0.0139393 0.5347139 0.1695701 -0.01376898 0.5384609 0.1655523 0.009808234 0.6193879 0.1783909 0.003564747 0.6000669 0.1814513 0.003655147 0.5985167 0.1697165 -0.0109752 0.5560707 -0.08279135 -0.01322762 0.01098816 -0.07163702 -0.01314042 0.03743652 -0.02778997 -0.01322658 0.1253155 -0.01143433 -0.01349553 0.1445647 -0.01364162 -0.01333226 0.1548615 0.02721924 -0.01360082 0.2443081 0.02055191 -0.01361106 0.2293372 0.05249263 -0.01346186 0.2864778 0.05346352 -0.01303026 0.3043118 0.05993717 -0.01272146 0.3193265 0.09060821 -0.01170785 0.3769677 0.09864322 -0.01152849 0.4095611 0.1502857 -0.01582395 0.49393 0.1204836 -0.01317242 0.45375 0.1611052 -0.001906173 0.5939703 0.1683342 -0.006987412 0.5740059 0.1686661 -0.002100176 0.5901402 -0.01605307 -0.01371745 0.110193 0.09922779 -0.01169193 0.3909219 0.1111996 -0.01200761 0.4215792 0.1170438 -0.01249873 0.4370322 0.150563 0.01612244 0.6369697 0.1413483 0.01817773 0.6443878 0.1372109 0.01863646 0.6475126 0.1771226 -0.007183494 0.5695534 0.1416619 0.01010152 0.6314901 -0.06749042 -0.01366786 0.007822698 -0.05256087 -0.01364665 0.03694476 -0.03771164 -0.0137101 0.06152774 -0.008930467 -0.01375874 0.1249399 -0.001879293 -0.01381081 0.1397245 0.008194942 -0.01382073 0.1713426 0.02222569 -0.01404178 0.1917763 0.04221463 -0.01409906 0.2367119 0.06809492 -0.01351642 0.2969002 0.1008793 -0.01245385 0.3534806 0.07444856 -0.01320362 0.3119756 0.1119685 -0.01197065 0.402815 0.1535342 -0.001676412 0.5978059 0.1533424 0.003882589 0.6127557 -0.01173641 -0.01404346 0.08965364 0.01580827 -0.01406506 0.1674861 0.1069036 -0.01223089 0.3687233 0.1128345 -0.01212673 0.3840343 0.1244349 -0.01243057 0.4148779 0.1300757 -0.0129153 0.4304338 0.1623499 -0.0161654 0.4878163 0.1794385 -0.01119208 0.5511451 0.1604005 0.009708394 0.6219968 0.1722678 0.003516746 0.6031687 0.1753293 0.003523307 0.6016178 0.1595418 -0.00673837 0.5784604 -0.05598043 -0.01402522 0.001992174 -0.04104415 -0.01400426 0.03111087 -0.02628203 -0.01400834 0.0603247 0.002553139 -0.0141153 0.1191228 0.01308666 -0.01419546 0.141322 0.02342194 -0.01429746 0.1636293 0.03360153 -0.01439499 0.1860138 0.0534616 -0.01444826 0.2310148 0.06232079 -0.0143593 0.2516654 0.1255042 -0.01238137 0.3959646 0.1708709 -0.01636188 0.4835063 0.1822222 -0.01403618 0.5320544 0.176299 -0.002238256 0.5862729 0.1475002 0.009921595 0.6285322 -0.09822482 -0.01431835 -0.09581073 -0.0408163 -0.01423091 0.01265258 -0.02596011 -0.01422178 0.04181487 0.00667565 -0.01431066 0.1078566 0.01723205 -0.01438491 0.1300435 0.03524939 -0.01467755 0.1484571 0.03103583 -0.01451459 0.1597724 0.04118591 -0.01461123 0.1821719 0.06893139 -0.01454986 0.2483168 0.07202518 -0.01420394 0.2708227 0.09165549 -0.01424539 0.2834472 0.1059199 -0.01358233 0.3143202 0.1149481 -0.01285146 0.3463747 0.1208016 -0.01262394 0.3616962 0.126562 -0.01251505 0.3770905 0.1377718 -0.0128081 0.4081279 0.1769074 -0.01647332 0.4804485 0.1432187 -0.01328738 0.4237823 0.2057914 -0.01109904 0.5377986 0.2106544 -0.01084776 0.5353351 0.2053227 -0.006872291 0.5552708 0.1739331 -0.0163426 0.5002207 0.1875612 0.00407587 0.5954216 0.2006933 -0.001582011 0.5739178 0.1863239 -0.01128745 0.54766 0.183342 -0.007269494 0.5664053 -0.0557193 -0.0144825 -0.03482042 -0.027229 -0.0143477 0.02736157 0.01077008 -0.01449146 0.09660545 0.02138992 -0.01455467 0.1187587 0.02836213 -0.01461115 0.1335841 0.04205135 -0.01474618 0.1633732 0.04877068 -0.01480771 0.1783297 0.05541041 -0.01485282 0.1933251 0.06197238 -0.01487219 0.2083553 0.07595873 -0.01502595 0.2196187 0.09984683 -0.0139365 0.29911 0.1349995 -0.01263074 0.3911381 0.1982979 -0.01580619 0.5059918 0.2038659 -0.01573076 0.5031713 0.2032277 -0.01405723 0.5214139 0.1797594 -0.01645012 0.4972692 0.1815935 -0.01570844 0.5144535 0.1740282 0.01100976 0.6150943 0.1650017 0.01464387 0.6242977 0.1611887 0.0153445 0.6278075 0.191191 -0.01131905 0.5451945 0.1877386 -0.007298055 0.5641782 0.1816737 -0.002277377 0.5835524 0.1679413 0.003548266 0.6053589 0.161814 0.003659068 0.6084633 0.1518069 0.009810874 0.6263502 -0.04721283 -0.01461171 -0.03287985 -0.03023111 -0.01456307 0.0006438648 0.02921381 -0.01477234 0.1179945 0.03793245 -0.0148165 0.1352058 0.0453501 -0.01485314 0.1498492 0.05413976 -0.01489235 0.1672009 0.06950476 -0.01504243 0.2045397 0.1017764 -0.01446771 0.2783204 0.1069406 -0.01410787 0.2950513 0.1190354 -0.01339234 0.3259614 0.1248706 -0.01308138 0.341298 0.13061 -0.01285066 0.3566937 0.1362476 -0.01273866 0.3721592 0.1417778 -0.01278394 0.3877045 0.1471943 -0.01302514 0.403339 0.1576492 -0.01423346 0.4349125 0.1524902 -0.01350074 0.4190707 0.1829445 -0.016553 0.4773903 0.1855861 -0.016527 0.4943176 0.1871613 -0.01578195 0.5116332 0.1874738 -0.01410546 0.5293943 0.1534326 0.01658556 0.6346299 0.1573405 0.01598292 0.6312509 0.1330192 0.01905934 0.6505749 0.1287701 0.01944622 0.6535744 0.1854812 -0.002269216 0.5816237 0.1403609 0.01547986 0.6421398 0.06760515 -0.01495026 0.1937829 0.07502345 -0.01497842 0.2084275 0.08244118 -0.01500442 0.2230709 0.1203037 -0.01387761 0.307034 0.1161988 -0.01418746 0.2897118 0.1261558 -0.01352369 0.3223545 0.1375703 -0.01297906 0.3531679 0.1319138 -0.01321138 0.3377302 0.1431197 -0.01286546 0.3686781 0.1485565 -0.01290898 0.3842707 0.1538747 -0.01314842 0.3999551 0.1914131 -0.01656492 0.4913659 0.1927295 -0.01581811 0.5088125 0.1719592 0.01040832 0.6161423 0.1698303 0.0101028 0.6172208 0.1494985 0.015813 0.6375087 0.1560971 0.009733513 0.6241768 0.1086616 -0.01459275 0.2748326 0.1237366 -0.01384378 0.3045923 0.1312744 -0.01356161 0.3194727 0.1388128 -0.01334106 0.3343543 0.1463513 -0.0131821 0.349236 0.1499924 -0.01295618 0.3651967 0.1553358 -0.0129985 0.3808366 0.1605554 -0.01323658 0.3965708 0.2030672 -0.01647347 0.4854625 0.1968977 -0.001908734 0.5758404 0.2009298 -0.007099254 0.5574961 0.1921364 -0.007288615 0.5619504 0.1473051 0.01556123 0.6386201 0.1676944 0.009918955 0.6183027 0.1538897 -0.01308466 0.3641176 0.1614288 -0.01304874 0.3790005 0.1672366 -0.01328002 0.3931864 0.173918 -0.0132657 0.389802 0.1674172 -0.01305834 0.375967 0.2147138 -0.01600067 0.4795628 0.2070911 -0.01631932 0.4651587 0.2131229 -0.01600764 0.4621032 0.2088919 -0.01630147 0.482512 0.209432 -0.01556636 0.5003518 0.2084772 -0.01390218 0.5187548 0.208149 2.876335e-05 0.5701411 0.2140718 -0.005868284 0.5508389 0.200926 -0.01124272 0.5402632 0.1965342 -0.007229094 0.5597227 0.1892875 -0.002217616 0.5796956 0.163409 0.009745033 0.6204734 -0.006284447 -0.01489611 -0.01148649 0.03728596 -0.01538107 0.07452607 0.1734046 -0.0129921 0.372934 0.2149952 -0.01527899 0.4975337 0.2137238 -0.01363114 0.5160971 0.1930938 -0.002105216 0.5777674 0.1484042 0.01565588 0.6380632 0.1434891 0.01545379 0.640554 0.1179477 -0.004249152 0.09801058 0.1200739 -0.004277152 0.1027608 0.1120446 -0.01044768 0.09119412 0.1242902 -0.004334753 0.1122778 0.12638 -0.004363633 0.1170449 0.1187703 -0.01052208 0.1061489 0.1253794 -0.01060032 0.1211628 0.1180347 -0.01273482 0.1248833 0.1094072 -0.01263882 0.105372 0.101259 -0.01371458 0.1078125 0.1094512 -0.01453411 0.1475915 0.1158952 -0.01458002 0.162686 0.1083399 -0.01497042 0.1665133 0.1007807 -0.01519363 0.1703424 0.142008 -0.0138865 0.2045015 0.1553354 -0.01272018 0.2160821 0.1479687 -0.0137777 0.2198137 0.1793905 -0.01285018 0.3699018 0.1805988 -0.01317522 0.3864177 0.2205226 -0.01550067 0.4766203 0.2191412 -0.01548964 0.4590546 0.2263073 -0.01467027 0.47369 0.220546 -0.01480115 0.4947219 0.2189588 -0.0131805 0.5134452 0.2155067 -0.01043008 0.5328772 0.2097065 -0.006494929 0.5530501 0.1795089 0.01162369 0.6096428 0.175987 0.01241585 0.613395 0.1845093 0.003813148 0.5969677 0.1457089 0.01548588 0.6394302 0.04854084 -0.003980109 -0.04419897 0.04722228 -0.01025088 -0.04111527 0.05550882 -0.00396603 -0.03070391 0.06061037 -0.003960029 -0.02075488 0.06377927 -0.003958269 -0.01453338 0.05472113 -0.01023912 -0.02657139 0.06953997 -0.01023592 0.002611859 0.07548641 -0.00396507 0.008708225 0.07780547 -0.003969389 0.01336826 0.09380303 -0.00402931 0.04610002 0.09121157 -0.01029416 0.04668003 0.09154469 -0.004017309 0.04141079 0.1005173 -0.00407323 0.06019702 0.09825906 -0.01033368 0.0614643 0.09828914 -0.00405739 0.05549394 0.1049424 -0.00410899 0.06961885 0.1071383 -0.00412899 0.07433824 0.1114972 -0.004173151 0.08379055 0.1136599 -0.004197152 0.08852522 0.1052058 -0.01038456 0.07630113 0.1420981 -0.004568594 0.1540195 0.1382418 -0.01073168 0.1513661 0.1386591 -0.004529073 0.1457563 0.1455946 -0.004599714 0.1625362 0.1444921 -0.01076656 0.1665542 0.1493665 -0.004626115 0.1718533 0.1524163 -0.004636514 0.1794922 0.1771594 -0.004247312 0.245253 0.1738682 -0.01026688 0.2433198 0.1745276 -0.004342512 0.2379003 0.1812201 -0.00406979 0.2567917 0.179356 -0.009980716 0.2588339 0.1848567 -0.003893389 0.2673664 0.1865277 -0.003811069 0.2722944 0.1595367 -0.01336338 0.2505796 0.1522407 -0.01399138 0.2542754 0.2008792 -0.003239544 0.3168796 0.1949835 -0.009083428 0.3057819 0.1993485 -0.003270824 0.3119045 0.1853753 -0.01263242 0.3668702 0.2334947 -0.008220862 0.4637706 0.2336288 -0.008239662 0.4689655 0.2309632 -0.0129353 0.453066 0.231933 -0.0130353 0.4708403 0.2335457 -0.008130141 0.4793682 0.2333292 -0.00800166 0.4845768 0.2260736 -0.01400762 0.4919218 0.2292421 -0.01095872 0.5082362 0.2241722 -0.01243217 0.5108045 0.2250379 -0.008370783 0.5280492 0.2203386 -0.009736474 0.5304295 0.2183174 -0.004634435 0.5486883 0.07316 -0.00396179 0.004052031 0.08011653 -0.003974589 0.01803077 0.08699994 -0.00399683 0.03204655 0.08407111 -0.01026528 0.03194583 0.1158095 -0.004222511 0.09326503 0.1221887 -0.004306433 0.1075167 0.1284573 -0.004392993 0.1218168 0.1325751 -0.004451553 0.1313763 0.1346159 -0.004478194 0.1361652 0.1318703 -0.0106732 0.136235 0.1718745 -0.004424353 0.2305749 0.1682487 -0.01048712 0.2278604 0.1930639 -0.003495786 0.2920591 0.1978023 -0.003310744 0.3069357 0.2023932 -0.003216904 0.3218586 0.1998982 -0.008899667 0.3215952 0.2068332 -0.003234744 0.3368277 0.2046581 -0.008837746 0.3375053 0.2053707 -0.003211943 0.331833 0.2328173 -0.00798614 0.4533755 0.2329824 -0.007808778 0.4897703 0.2314495 -0.01244537 0.4891986 0.2318848 -0.007213815 0.5000924 0.2311441 -0.006824211 0.5052355 0.2281615 -0.005283479 0.5204846 0.226913 -0.004645794 0.5254984 0.2224013 -0.002434658 0.5402868 0.2206409 -0.001618572 0.5451115 0.2145853 0.001031177 0.5592662 0.2123043 0.001931453 0.5638506 0.2018976 0.005617162 0.5815257 0.1989845 0.006510769 0.5857517 0.1829565 0.01080872 0.6058307 0.186318 0.009980156 0.6019494 0.05190855 -0.00397267 -0.03769132 0.0450369 -0.01348034 -0.008568224 0.0960508 -0.004042751 0.05079462 0.102736 -0.00409035 0.06490481 0.109323 -0.004150351 0.07906172 0.1234338 -0.01393114 0.1588674 0.1297398 -0.01395394 0.1740271 0.1359316 -0.01394217 0.1892389 0.183171 -0.00397355 0.2624428 0.188185 -0.003726668 0.277228 0.1651418 -0.01305186 0.2660342 0.208279 -0.003271464 0.3418278 0.2125104 -0.003487306 0.356856 0.2165798 -0.003884189 0.3719255 0.2204746 -0.004498034 0.387034 0.2229602 -0.005016278 0.3971285 0.2241448 -0.00529668 0.4021885 0.2220405 -0.01056176 0.4022945 0.2284948 -0.006537889 0.4225068 0.2093728 -0.01329882 0.4087114 0.2336456 -0.008209421 0.4741644 0.2302767 -0.006373087 0.5103692 0.2255377 -0.00394619 0.530483 0.2187521 -0.000756979 0.5498883 0.2098938 0.002851221 0.5683756 0.1959431 0.007399415 0.5899028 0.03707636 -0.01241009 -0.04264432 0.05197175 -0.01238945 -0.01370985 0.08927651 -0.00400651 0.0367266 0.08104501 -0.01243337 0.04468553 0.09510151 -0.01251025 0.07418968 0.1366434 -0.004504034 0.1409577 0.1245457 -0.01280186 0.1399452 0.130941 -0.01285346 0.1550645 0.1372187 -0.01288034 0.1702386 0.143378 -0.01287322 0.1854668 0.1494171 -0.0128229 0.2007483 0.1611308 -0.01255569 0.231466 0.1668022 -0.01232033 0.2468991 0.172348 -0.01201737 0.262384 0.1789521 -0.01160249 0.2813825 0.2038914 -0.003202904 0.326844 0.1931776 -0.0108528 0.3249997 0.1980226 -0.01076616 0.3408665 0.2027135 -0.01083824 0.3568371 0.2252989 -0.005595082 0.407255 0.2157949 -0.01237689 0.4054583 0.2196169 -0.0132733 0.4219938 0.2332028 -0.008118061 0.4585668 0.2251346 -0.01462923 0.4560187 0.2324975 -0.007541977 0.4949373 0.2073523 0.003790429 0.5728392 0.1927777 0.008282942 0.5939813 0.1724012 0.01317954 0.617092 0.149463 0.01715228 0.6379467 0.1305222 -0.004422833 0.1265935 0.2217338 -0.004748756 0.3920774 0.2292824 -0.005859324 0.5154408 0.2240339 -0.003205063 0.5354168 0.2167358 0.0001502861 0.5546201 0.204686 0.004718515 0.577226 0.189591 0.009138309 0.5979998 0.1687394 0.01392218 0.6207253 0.1454331 0.01768293 0.6411977 0.1741459 -0.001163411 0.2460689 0.1747087 -0.004335553 0.238403 -0.05090598 0.01942078 0.05820275 -0.05772795 0.01910094 0.05502393 -0.06594689 0.01833957 0.05938028 -0.06728499 0.0187371 0.04645867 -0.06735514 0.01790612 0.06685786 -0.03697284 0.02025399 0.0444565 -0.02736212 0.0203323 0.05315575 -0.09896179 0.01354585 0.08650369 -0.05247863 0.01831509 0.08616769 -0.1187944 0.00664013 0.1552353 -0.1283459 0.005295799 0.1567181 -0.05800716 0.01740325 0.09588912 -0.06347696 0.01691308 0.09531408 -0.1025543 0.009987675 0.1361036 -0.01217209 0.02023887 0.05223207 -0.01099376 0.02031054 0.06503217 -0.105774 0.01067512 0.1192817 -0.01789557 0.02034862 0.06163118 0.05318592 0.01388561 0.05920789 0.05724627 0.01286658 0.05716155 -0.001249264 0.01986647 0.05323168 0.002951862 0.01958598 0.05123206 0.06381848 0.01172865 0.06037926 0.02740116 0.01775749 0.05877004 0.03419153 0.01712388 0.06212662 0.04238055 0.01567139 0.05791515 0.05172302 0.01479331 0.06665514 0.1007432 -0.0008577706 0.06840004 0.09572688 -0.0008182928 0.05776355 0.09477432 0.001768893 0.06480993 0.09827947 -0.00405683 0.05546578 0.0896306 0.001808893 0.05398673 0.08597033 0.00400651 0.05583689 0.09609225 -0.00404259 0.05087446 0.1004566 -0.00407243 0.06006221 0.09039684 -0.0007814283 0.04661778 0.06778267 0.01049592 0.05825444 0.07699954 0.009093908 0.06718482 0.0718087 0.009135189 0.05635602 0.0805278 -0.00397531 0.01885606 0.07466537 -0.0007194984 0.01445882 0.08010596 -0.0007350731 0.02546123 0.09389495 -0.004029629 0.04628818 0.09168821 -0.00401787 0.04170527 0.08528689 -0.000754551 0.03605579 0.08947419 -0.00400707 0.03712739 0.08725058 -0.003997469 0.03255304 0.07920307 0.001866493 0.03243832 0.08501791 -0.003988989 0.02798316 0.063794 0.006005725 0.0200935 0.06910348 0.005989245 0.0308247 0.07024836 0.004085791 0.02354049 0.0827763 -0.003981709 0.02341794 0.07391695 0.001884973 0.02169376 0.06936692 -0.0007107782 0.003847548 0.07600745 -0.00396547 0.009744313 0.07373511 -0.003962109 0.005194519 0.06859963 0.001897134 0.01099384 0.07827162 -0.00396987 0.01429811 0.04408065 0.0105872 0.01023904 0.04808444 0.009224229 0.008272942 0.05733547 0.007703899 0.01687116 0.05845139 0.006015486 0.009397031 0.04660643 0.007711738 -0.004422033 0.07957091 0.005934764 0.05231391 0.08078716 0.00404019 0.04506969 0.06323264 0.001903374 0.0002946249 0.05240448 0.001899693 -0.02102071 0.05848716 -0.0007093595 -0.01765469 0.05956773 0.00410491 0.002152176 0.05157174 0.004104831 -0.01363041 0.0668777 -0.003957389 -0.008434144 0.06413328 -0.0007086656 -0.00654541 0.06917004 -0.00395811 -0.003894509 0.05783291 0.001904094 -0.0103772 0.07145542 -0.00395979 0.0006485745 0.06457825 -0.00395755 -0.0129701 0.06112758 -0.003959229 -0.01974774 0.03724172 0.00922023 -0.01307546 0.03575083 0.007696938 -0.02563875 0.05764227 -0.003962909 -0.02656012 0.05310559 -0.000716261 -0.02816693 0.03963006 0.006005485 -0.027603 0.0406695 0.004086191 -0.03485786 0.04434161 0.001885373 -0.03669836 -0.03715572 0.01992335 0.06481681 -0.0315664 0.02010574 0.06556409 0.05531897 -0.003966109 -0.03108423 0.05298968 -0.00397011 -0.03560523 0.0475078 -0.0007264764 -0.03902053 0.04911916 -0.00397819 -0.04309057 0.03947749 -0.0007492279 -0.05448401 0.003245384 0.01286506 -0.04942597 0.04479834 -0.00398915 -0.05141127 0.03334344 0.001851454 -0.05784291 0.04038022 -0.00400267 -0.05987549 -0.01582635 0.01474962 -0.06617497 -0.01172593 0.01382418 -0.06817499 -0.05760139 0.01938974 -0.06635266 -0.06153134 0.01967118 -0.0638492 0.02841781 -0.000790233 -0.07557305 0.03655252 -0.00401555 -0.06718362 0.03300984 -0.00402851 -0.07392775 0.02228857 0.001804733 -0.07888667 0.01760189 0.005925405 -0.06987828 0.0186223 0.00400219 -0.07704858 -0.04919861 0.01862974 -0.07028276 -0.05324608 0.01904478 -0.06802475 0.02662339 -0.004054511 -0.08603657 -0.04507033 0.01814862 -0.07236766 -0.06741083 0.01849014 -0.1047933 0.01868246 -0.0008361761 -0.09399887 -0.03283584 0.01629492 -0.07880435 -0.0287155 0.01553355 -0.08082397 0.01126936 0.001749053 -0.09970963 -0.02792684 0.01466995 -0.0891114 -0.02369753 0.01374698 -0.09085141 0.003335705 0.005849003 -0.09688937 0.02127848 -0.00407827 -0.09613328 0.01441923 -0.004110751 -0.1090503 0.008274703 -0.0008891965 -0.1135963 -0.000529195 0.007535897 -0.09492343 -0.008717586 0.009017908 -0.1009738 -0.03878892 0.01363834 -0.1193302 -0.01976743 0.01272922 -0.09312526 -0.007616137 0.001639132 -0.135213 -0.01357466 0.01037016 -0.1006506 0.009882395 -0.00413323 -0.1175745 -0.01126696 0.003828829 -0.1333786 -0.01500011 0.005734842 -0.1313728 -0.01733069 0.005514761 -0.1367884 -0.01296042 0.003236904 -0.1390022 -0.01884541 0.007418296 -0.1293899 -0.01957566 0.006538049 -0.1356511 -0.005043078 -0.002866262 -0.1430128 -0.001568172 -0.004191951 -0.139051 -0.00397387 -0.004204832 -0.1435543 -0.0101404 0.001493051 -0.1404307 -0.01153465 0.002395378 -0.1397244 -0.004089631 -0.0009571797 -0.1367956 -0.007438296 -0.0004951987 -0.1417994 -0.008764227 0.0005372656 -0.1411278 -0.006197886 -0.001629692 -0.1424277 -0.01439875 0.00403875 -0.1382735 -0.01585796 0.004791956 -0.1375344 -0.08977628 0.01692988 0.04325401 -0.1041454 0.01473723 0.05581786 -0.1078608 0.01529578 0.0383846 -0.08524833 0.01642564 0.06230991 -0.1104264 0.01413786 0.05371448 -0.02618572 0.02023679 0.06590682 -0.07486096 0.01528291 0.1036225 -0.1443325 0.01097888 0.03819309 -0.1487913 0.01033008 0.03961342 -0.163516 0.00930983 0.02611459 -0.1525655 0.009678634 0.04236352 -0.09401719 0.01194217 0.122186 -0.09135509 0.01289762 0.1119777 -0.1555544 0.008445343 0.05573138 -0.1755099 0.007319254 0.03302848 -0.1717397 0.008308303 0.02525067 -0.1069259 0.0079519 0.1584506 -0.1155514 0.008413504 0.1350331 -0.1902413 0.006916052 0.009475272 -0.1861253 0.006288048 0.0275082 -0.1928012 0.005269879 0.02963261 -0.208715 0.003869069 0.01883333 -0.2083792 0.002548579 0.03961942 -0.1277968 0.00669061 0.1371471 -0.2275252 0.001123234 0.02249424 -0.2333418 -0.0002370451 0.03130823 -0.1497968 0.002596179 0.1550019 -0.1362334 0.003932509 0.1615523 -0.1185867 0.005933245 0.166035 -0.2715935 -0.00278458 -0.007989421 -0.07039893 0.01640372 0.09180909 -0.07073253 0.01584356 0.1015312 -0.2483315 -0.003350185 0.04742515 -0.03328336 0.01966246 0.08300631 -0.04778755 0.01970206 0.05403529 -0.04016871 0.01939614 0.07960812 -0.288345 -0.005798843 0.0004961101 -0.2840728 -0.005018357 -0.001667932 -0.2921464 -0.006471889 0.002421777 -0.2675882 -0.005625402 0.04009205 0.1108076 -0.0009647563 0.09017548 0.1154067 -0.004220592 0.0923707 -0.2961233 -0.007046533 0.004436273 -0.2907167 -0.007008213 0.01496899 0.1156665 -0.001029765 0.1009237 0.1195782 -0.004273871 0.1016472 0.1204976 -0.0011007 0.1117759 0.1216464 -0.004301153 0.1062928 -0.1417835 0.002550579 0.1710744 -0.1364946 0.002330417 0.1843354 -0.1607131 0.0004864557 0.1647253 0.1237036 -0.004330592 0.110944 0.1257487 -0.004360033 0.1155998 -0.1487773 0.0004542271 0.1880402 0.1277825 -0.004388753 0.1202614 0.1242141 -0.001157775 0.1202455 -0.1603697 -0.001616651 0.1957817 0.1278028 -0.00121274 0.1285152 0.1318146 -0.004444113 0.1295995 0.1324336 -0.001282084 0.1393435 0.1338131 -0.004472514 0.1342758 0.1358001 -0.004498834 0.1389581 -0.1586216 -0.002576579 0.2126676 -0.1589157 -0.003533866 0.2253142 0.1397376 -0.004545714 0.1483365 0.1377749 -0.004523234 0.1436451 0.137187 -0.00134817 0.1506414 0.1417412 -0.00140225 0.1616515 0.1436275 -0.004587475 0.1577347 0.1416883 -0.004567473 0.1530327 0.1455543 -0.004604275 0.1624413 -0.1661074 -0.004188191 0.2204917 0.147469 -0.004617954 0.1671527 -0.1742661 -0.005678202 0.2244813 0.1462387 -0.00144449 0.1727062 0.1493712 -0.004628434 0.1718689 -0.1749265 -0.006311967 0.2334247 -0.1783943 -0.006406368 0.2265362 -0.1817436 -0.007014693 0.230121 0.1518154 -0.00147433 0.1866772 0.1512621 -0.004637714 0.1765907 -0.1790473 -0.007034372 0.2355122 0.1550061 -0.004643715 0.1860476 0.1531401 -0.004642915 0.1813162 0.1568598 -0.004640115 0.1907839 0.1587012 -0.004632914 0.1955248 0.1605303 -0.004622354 0.2002705 0.1572752 -0.001469611 0.2006828 0.1623463 -0.004606275 0.2050198 0.1616333 -0.00143881 0.212084 0.1659419 -0.004557153 0.2145354 0.1641503 -0.004584514 0.2097752 0.1678118 -0.001344489 0.2286034 0.1677206 -0.004524754 0.2192991 0.1694873 -0.004486593 0.2240688 0.1712406 -0.004442513 0.2288423 0.1729814 -0.004392433 0.2336208 0.1764249 -0.004267072 0.2431907 0.1781273 -0.004196431 0.2479826 0.1781453 -0.001003562 0.2573859 0.1798162 -0.004123791 0.2527797 0.181491 -0.00404899 0.2575809 0.1831533 -0.003966749 0.2623869 0.1822109 -0.0008300611 0.2691027 0.1848018 -0.003880908 0.2671971 0.1880556 -0.003718827 0.2768332 0.1864362 -0.003798268 0.2720128 0.1849412 -0.0007053719 0.2771559 0.1896604 -0.003642587 0.2816578 0.1912521 -0.003560986 0.2864876 0.1878245 -0.0005802048 0.2857736 0.1928285 -0.003486507 0.2913222 0.1915562 -0.000435062 0.2971762 0.1943901 -0.003420266 0.2961628 0.1943279 -0.0003500143 0.3058401 0.1959355 -0.003362345 0.301007 0.1989824 -0.003260744 0.3107117 0.1974665 -0.003309544 0.305857 0.1961465 -0.000307373 0.3116112 0.2011302 -0.003212104 0.3176816 0.1979441 -0.0002785965 0.3173928 0.1997217 -0.0002655236 0.3231879 0.2034333 -0.003193704 0.3253053 0.2014786 -0.0002700602 0.3289961 0.2055882 -0.003193464 0.3325557 0.2032142 -0.0002940585 0.3348169 0.2082499 -0.003246905 0.3417086 0.2049291 -0.0003393828 0.3406526 0.2066225 -0.0004079284 0.3465021 0.2105265 -0.003347385 0.3497241 0.2082938 -0.0005015459 0.3523657 0.2118942 -0.003422906 0.3546224 0.2099442 -0.000622116 0.3582462 0.2132453 -0.003521866 0.3595244 0.2145799 -0.003644427 0.3644303 0.211572 -0.0007715135 0.364141 0.2158981 -0.003790508 0.3693401 0.2131775 -0.0009516083 0.3700517 0.2172126 -0.00396699 0.3742501 0.2147601 -0.001164278 0.3759784 0.2185154 -0.004169471 0.379163 0.2163209 -0.001411371 0.3819236 0.2178577 -0.001694732 0.3878841 0.219788 -0.004388432 0.3840823 0.2210306 -0.004623875 0.3890077 0.2193718 -0.002016094 0.3938637 0.2222436 -0.004875797 0.3939406 0.2234734 -0.005178919 0.3988694 0.2208549 -0.002371217 0.3998634 0.2246539 -0.005483801 0.4038099 0.2236777 -0.003145223 0.411943 0.2257743 -0.005783804 0.4087611 0.2222946 -0.002750741 0.4058881 0.2249902 -0.003544987 0.4180306 0.2268363 -0.006078845 0.4137253 0.2278563 -0.006382128 0.4187017 0.2288453 -0.006702611 0.4236879 0.2262203 -0.003940669 0.4241585 0.2297463 -0.006995332 0.4286886 0.2273539 -0.004322593 0.4303293 0.2305582 -0.007260214 0.4337013 0.2283782 -0.004681235 0.4365493 0.2292796 -0.005007077 0.4428212 0.2312808 -0.007497336 0.4387261 0.2319444 -0.007731098 0.4437748 0.2325152 -0.00793414 0.4488343 0.2300453 -0.0052906 0.4491512 0.232975 -0.008090461 0.453899 0.2306619 -0.005522201 0.4555433 0.2333232 -0.008199982 0.4589676 0.2285331 -0.005352761 0.5195682 0.2257241 -0.002886261 0.5238979 0.2273656 -0.004724915 0.5244822 0.2311157 -0.005692443 0.4620011 0.2295729 -0.005939484 0.514609 0.2304889 -0.006476928 0.5096117 0.228643 -0.004362752 0.5094695 0.1298042 -0.004416593 0.1249275 0.1174981 -0.004247072 0.09700609 0.1133034 -0.004194591 0.08773986 0.1111895 -0.004170511 0.08311438 0.1057363 -0.0009066436 0.07912428 0.1090643 -0.004148271 0.07849315 0.01239313 0.01921774 0.05978581 0.01916342 0.01878926 0.06301279 -0.005398281 0.02008127 0.05535658 0.1069286 -0.00412739 0.07387863 0.02595435 0.01829141 0.06632866 0.07571137 0.007624217 0.05430728 0.08476888 0.005895564 0.0631692 0.1026231 -0.004089311 0.06466265 0.1047816 -0.004107711 0.06926853 0.2313946 -0.005791723 0.4685312 0.2335609 -0.008264302 0.4640425 0.2337238 -0.008280622 0.4742407 0.233703 -0.008302063 0.4691477 0.2314845 -0.005810444 0.4751372 0.2313725 -0.005739163 0.4818232 0.233624 -0.008200142 0.479324 0.2330589 -0.007865019 0.4894758 0.2334039 -0.008060541 0.4843976 0.2310456 -0.005568282 0.4885953 0.2325914 -0.007611897 0.4945498 0.2304906 -0.005288279 0.4954574 0.2320072 -0.007296214 0.4995971 0.2313063 -0.006917892 0.5046178 0.2296945 -0.004889636 0.5024146 0.2273241 -0.003698108 0.5166298 0.2260704 -0.00405595 0.5293511 0.223819 -0.001924734 0.5312769 0.2246498 -0.003332265 0.5341842 0.2215656 -0.000826048 0.5387678 0.2214314 -0.001732493 0.5437361 0.2231071 -0.002539699 0.5389919 0.2176813 -7.38587e-05 0.5530352 0.2196227 -0.0009105521 0.5484166 0.2189149 0.0003956916 0.5463679 0.2158196 0.001726092 0.5540759 0.2122323 0.003150903 0.5618904 0.2155793 0.0007962004 0.557595 0.2081059 0.004655875 0.5698124 0.211003 0.002563139 0.5665212 0.2133461 0.001679693 0.5620905 0.2059858 0.004330432 0.5751849 0.2033921 0.006226606 0.5778378 0.2085503 0.003446426 0.5708858 0.198045 0.007849019 0.5859674 0.2004744 0.006129486 0.5835932 0.2032743 0.00523644 0.579423 0.1920159 0.009508392 0.5942002 0.1946093 0.0078763 0.5917279 0.1975852 0.007009333 0.5876944 0.1883453 0.009599513 0.5995713 0.1853052 0.01117929 0.6025014 0.191526 0.008741185 0.5956866 0.1817762 0.01123848 0.6071658 0.185095 0.01043192 0.6033993 0.1749209 0.01278506 0.6145247 0.1783892 0.01201921 0.610875 0.1779734 0.01282194 0.6108028 0.1713878 0.01352113 0.6181153 0.1700812 0.01439554 0.6190316 0.1677946 0.01422402 0.6216462 0.1616947 0.01585923 0.6271135 0.1604205 0.01553012 0.6285307 0.1641399 0.01489387 0.6251181 0.1527842 0.01670219 0.6351795 0.1566271 0.01613219 0.6318862 0.1528766 0.01717196 0.634976 0.1488905 0.01724021 0.6384112 0.1449459 0.01774628 0.6415813 0.08196669 0.0007957534 0.5575054 0.0796378 0.0008307456 0.5520565 0.06088989 -0.0005099011 0.5415473 0.06523057 -0.0004429434 0.5460317 0.0411623 -0.002309617 0.5381144 0.04409609 -0.002581939 0.5433423 0.06293704 0.000536518 0.5337968 0.01329714 -0.00533532 0.5387778 0.01621524 -0.005681482 0.5440353 0.03505953 -0.002525618 0.5344765 0.007353895 -0.003784028 0.5219479 0.0104016 -0.004965717 0.5335172 -0.0004509965 -0.004394353 0.5203831 -0.003856989 -0.004992117 0.522158 -0.007265254 -0.005605323 0.5239195 -0.02314282 -0.007709738 0.5270515 -0.01762477 -0.007449176 0.5288923 -0.02126951 -0.007024052 0.5225135 -0.01362554 -0.00677333 0.5271146 -0.02933366 -0.007046533 0.516256 -0.02637275 -0.007353495 0.5214288 -0.02424714 -0.00669765 0.5172709 0.06476825 -0.001102096 0.5529399 0.07727394 0.0009462382 0.5466016 0.09441807 0.00278482 0.5511982 0.09951851 0.003277304 0.5552216 0.1011092 0.003323224 0.5609979 0.1070045 0.004228912 0.5580114 0.1034629 0.003606506 0.5663594 0.1232523 0.00677413 0.5693537 0.1190379 0.005986045 0.5649965 0.1116854 0.004856916 0.562193 0.1245325 0.007287175 0.5751579 0.1134586 0.005170199 0.567821 0.1177348 0.005984445 0.5721453 0.1283834 0.008296143 0.5796245 0.1298937 0.00801454 0.5724446 0.133558 0.008974068 0.5770061 0.1374876 0.01080352 0.5876216 0.1369105 0.0100048 0.5816603 0.1319412 0.00938103 0.5841761 0.1402538 0.01194857 0.5923657 0.1327089 0.0102028 0.5900399 0.142574 0.01310018 0.5971873 0.1448006 0.01242361 0.5900596 0.1493926 0.01282346 0.5877375 0.1470709 0.01180249 0.5827707 0.1513059 0.01385762 0.5927746 0.1527098 0.01488195 0.5979071 0.1516343 0.01578251 0.6041028 0.1544991 0.01590739 0.602605 0.1564328 0.01597035 0.6016255 0.1545984 0.01692213 0.6084392 0.157897 0.01625299 0.6024261 0.1557693 0.01501843 0.596324 0.1533863 0.01844109 0.61815 0.1551617 0.01851013 0.6178264 0.1517625 0.01848533 0.619315 0.1517148 0.01920774 0.624122 0.148956 0.01976078 0.6297397 0.154233 0.01911566 0.6228426 0.1489025 0.01987366 0.6335954 0.1542724 0.0193571 0.6270436 0.1463293 0.02011063 0.6348991 0.1510918 0.01964999 0.6286561 0.1506281 0.01964407 0.6327209 0.1445035 0.02003566 0.639218 0.1457998 0.01981838 0.6385615 0.1757433 0.01508851 0.5918435 0.1742911 0.01579492 0.5980002 0.1776651 0.01483282 0.59087 0.1720204 0.01649403 0.604329 0.1688923 0.01717428 0.6108156 0.1736274 0.01622483 0.6035151 0.1523414 0.01935671 0.631853 0.1470843 0.01955342 0.637911 0.1389399 0.02006887 0.6449502 0.1398008 0.01989134 0.6445141 0.1496401 0.01883854 0.6366158 0.1483803 0.01922765 0.6372534 0.1415025 0.01941606 0.6436527 0.1722801 0.01583907 0.6136868 0.1787763 0.0146401 0.6058088 0.1773898 0.01511507 0.6065112 0.1406476 0.0196787 0.6440857 0.1828208 0.01285658 0.60376 0.1840983 0.01208937 0.6031128 0.1892321 0.01138745 0.5956103 0.1877523 0.01213433 0.5963599 0.181499 0.01352329 0.6044294 0.1769198 0.01361546 0.6113366 0.1617936 0.01835629 0.6190044 0.159263 0.01869325 0.6202891 0.1564063 0.01907294 0.6259615 0.1649106 0.01781621 0.6174199 0.1606549 0.0182779 0.6238077 0.1661534 0.01756012 0.6167905 0.1636642 0.01804829 0.6180513 0.1585342 0.01871589 0.6248826 0.1324489 0.0199379 0.650634 0.1673927 0.01727829 0.6161626 0.1333093 0.01967407 0.6501984 0.1431519 0.01868189 0.6428171 0.1423395 0.01909389 0.6432287 0.1339189 0.01938246 0.6498893 0.1436887 0.01829309 0.6425446 0.1341979 0.01918182 0.6497476 0.1315704 0.02011751 0.6510792 0.1244648 0.01979719 0.6565106 0.128663 0.01945086 0.6536483 0.1686259 0.01696852 0.6155379 0.1621812 0.01789998 0.6230334 0.1632181 0.01761221 0.6225082 0.155748 0.01857669 0.6301272 0.164249 0.01729548 0.6219859 0.1652703 0.0169454 0.6214686 0.171072 0.01625315 0.6142988 0.1698532 0.01662804 0.6149162 0.1672771 0.01612252 0.6204521 0.1734763 0.01537939 0.6130809 0.1662808 0.016557 0.6209566 0.1758063 0.01428426 0.6119006 0.1682505 0.01563148 0.619959 0.1691916 0.01506627 0.6194822 0.1746544 0.01486546 0.6124842 -0.027197 0.009494712 -0.1317905 -0.02273793 0.008924868 -0.1273562 -0.02976383 0.01035096 -0.1304903 0.007605257 0.003944109 -0.0978769 0.02967485 0.004050831 -0.05600114 0.03328241 0.01058328 -0.01102136 0.06492961 0.00409851 0.01284034 0.07553705 0.004066591 0.03428705 0.08444743 0.001841213 0.04321369 0.09986539 0.001720892 0.0756632 0.1048937 0.001664492 0.08653209 0.1085754 0.001616572 0.09459591 0.1122696 0.001564251 0.1027702 0.1171489 0.001488811 0.1137188 0.121988 0.00141025 0.1247479 0.1406298 0.001136197 0.168973 0.1360699 0.001192118 0.1578843 0.1267563 0.001332376 0.1357898 0.1473075 0.001077681 0.1855327 0.1314468 0.001258596 0.146827 0.1560367 0.001068694 0.207874 0.1644815 0.001161399 0.2302736 0.1737188 0.00141873 0.2557589 0.1789355 0.001626731 0.2707126 0.1827978 0.001781213 0.2820351 0.1865763 0.001919533 0.2933641 0.190289 0.002028174 0.3047633 0.1929809 0.002078336 0.3132148 0.1947923 0.002096815 0.3189894 0.1965838 0.002099295 0.3247773 0.1983552 0.002083935 0.3305782 0.2001053 0.002048895 0.3363916 0.2018352 0.001992255 0.3422197 0.2035439 0.001912253 0.3480616 0.2052309 0.001806893 0.3539174 0.2068971 0.001674332 0.3597896 0.2085412 0.001512651 0.3656763 0.2101631 0.001320177 0.3715786 0.2117627 0.001094852 0.3774968 0.2133406 0.0008348688 0.3834334 0.2148948 0.0005383407 0.3893851 0.2164263 0.0002037065 0.3953557 0.2179276 -0.0001650193 0.4013463 0.2193859 -0.0005586292 0.4073616 0.2207886 -0.0009677548 0.4134065 0.2221216 -0.00138297 0.4194838 0.2233734 -0.001794973 0.4256007 0.22453 -0.002194256 0.4317598 0.2255792 -0.002571539 0.4379673 0.2265069 -0.002917462 0.4442257 0.2273012 -0.003222504 0.4505412 0.2279487 -0.003477386 0.4569175 0.2284359 -0.003672668 0.4633587 0.2287505 -0.003798988 0.4698704 0.2288795 -0.003846989 0.476457 0.2288091 -0.003807229 0.4831216 0.2285273 -0.003670347 0.4898709 0.228021 -0.003426986 0.4967083 0.227277 -0.003067702 0.5036391 0.2262817 -0.002583139 0.5106657 0.2250231 -0.001963854 0.5177954 0.2234875 -0.001200693 0.5250309 0.2216518 -0.0002913057 0.5323746 0.2194728 0.0007512505 0.5398278 0.216903 0.001912094 0.5473871 0.2138954 0.003176343 0.5550508 0.2104036 0.004529154 0.5628168 0.2063817 0.005955644 0.5706858 0.2017817 0.007440857 0.5786535 0.1369053 0.01866246 0.6477382 0.1409513 0.01822037 0.6446912 0.1965566 0.008969988 0.5867213 0.190663 0.010528 0.5948856 0.1328086 0.0190727 0.6507236 0.1862376 0.0127949 0.5971273 0.1801472 0.01411274 0.6051144 -0.02252416 0.007766458 -0.1341576 -0.03174087 0.01096808 -0.1294887 -0.03689131 0.01698293 -0.07663746 0.02863046 0.005972604 -0.04882269 0.01283898 0.01177017 -0.04081543 0.01424234 0.0129105 -0.02829589 0.05048734 0.006019726 -0.006386048 0.0587398 0.009203189 0.02960246 0.09111132 0.00396483 0.06664682 0.09620913 0.003914749 0.07750538 0.1012383 0.003856028 0.08836538 0.1061674 0.003788589 0.09916283 0.1110928 0.003712508 0.1101164 0.1159438 0.003631627 0.1210701 0.1347525 0.003324904 0.165235 0.1207284 0.003549306 0.1320421 0.1413974 0.003246024 0.1815232 0.1254569 0.003468505 0.1430561 0.1301416 0.003392505 0.1541442 0.1501825 0.003199304 0.2037233 0.1585556 0.003241624 0.2256161 0.1702816 0.003499226 0.2575767 0.1755152 0.003696587 0.2725275 0.1793838 0.003835949 0.2837874 0.1831844 0.003959069 0.295095 0.1869248 0.004051631 0.3064837 0.1896332 0.004089231 0.3149106 0.191459 0.004098991 0.3206779 0.1932655 0.00409259 0.3264583 0.1950519 0.00406811 0.3322515 0.1968177 0.00402371 0.338057 0.1985634 0.003957629 0.3438772 0.2002882 0.003867788 0.3497107 0.2019917 0.003752508 0.3555582 0.2036748 0.003609867 0.361422 0.2053359 0.003437946 0.3672999 0.2069754 0.003234904 0.3731934 0.2085926 0.002998982 0.3791026 0.2101886 0.002728099 0.3850301 0.2117611 0.002420577 0.3909724 0.2133114 0.002074655 0.3969336 0.2148319 0.001694492 0.4029145 0.2163099 0.001289025 0.4089197 0.2177331 0.000867539 0.4149542 0.2190878 0.0004392872 0.4210205 0.2203625 1.351892e-05 0.4271258 0.2215435 -0.0004004926 0.4332725 0.2226188 -0.0007934986 0.4394668 0.2243994 -0.00147945 0.4520112 0.2235749 -0.001156252 0.4457109 0.2250793 -0.001753933 0.458371 0.2256017 -0.001970334 0.4647943 0.2260877 -0.002175936 0.4747662 0.2260183 -0.002141616 0.4881676 0.2250708 -0.001698572 0.5019537 0.2231538 -0.0007783077 0.5160204 0.2211223 0.000220053 0.526229 0.2193597 0.001085509 0.5335358 0.2172595 0.002080655 0.5409491 0.214775 0.003190184 0.5484649 0.2118604 0.004398673 0.5560816 0.2084695 0.005690762 0.5637965 0.204557 0.007051093 0.57161 0.1609751 0.01640188 0.627478 0.2000779 0.008464304 0.5795167 0.1949835 0.009914955 0.5875183 0.152332 0.0175826 0.6352521 0.1759912 0.01554499 0.6072194 0.1380582 0.02021631 0.6453974 -0.02486762 0.008660226 -0.1329704 -0.03756596 0.01262114 -0.126538 0.01372738 0.007614618 -0.06791722 0.0247709 0.007663418 -0.04682483 0.03467282 0.01182233 0.001610731 0.07435104 0.005965805 0.04153919 0.06654842 0.009167989 0.04550754 0.07045484 0.007656058 0.04346097 0.0898754 0.005848204 0.07396664 0.09623385 0.005776763 0.08760593 0.102393 0.005690603 0.1010657 0.1073144 0.005611882 0.1119952 0.1121745 0.005527962 0.1229525 0.1331375 0.005172758 0.172224 0.1169372 0.005442361 0.1338523 0.1239282 0.00531796 0.1501429 0.1419904 0.005078038 0.1941418 0.1545462 0.005067558 0.2264374 0.1688868 0.00538892 0.265598 0.1738964 0.005558762 0.2799257 0.1777564 0.005678923 0.2911939 0.1815645 0.005775323 0.3025585 0.1853127 0.005833164 0.31401 0.1880095 0.005838843 0.3224254 0.1898312 0.005824683 0.3281979 0.1916334 0.005792284 0.3339832 0.1934151 0.005739803 0.3397805 0.1951771 0.005665403 0.3455923 0.1969188 0.005567242 0.3514176 0.1986393 0.005443321 0.3572564 0.2003399 0.00529188 0.3631112 0.2020188 0.005110998 0.3689802 0.2036761 0.004898917 0.3748646 0.2053119 0.004653635 0.3807644 0.2069265 0.004373313 0.3866825 0.2085182 0.00405619 0.3926152 0.2100879 0.003700588 0.3985666 0.2116279 0.003310344 0.4045375 0.2131265 0.002894582 0.4105322 0.2145711 0.002462338 0.4165561 0.2159482 0.002022815 0.422611 0.2172466 0.001585051 0.4287042 0.2184528 0.001158323 0.4348381 0.2195553 0.0007516545 0.4410187 0.2209857 0.0002006678 0.4502721 0.2224128 -0.0003818228 0.4629021 0.2232103 -0.0007254711 0.4760319 0.2232439 -0.000742486 0.4894405 0.2220996 -0.0002114039 0.5066767 0.2197322 0.0009348658 0.5223897 0.2169876 0.002281857 0.5347374 0.2149689 0.003235864 0.5421094 0.212573 0.004300832 0.5495804 0.2097545 0.005460921 0.5571485 0.206468 0.00670029 0.5648104 0.20267 0.0080031 0.5725659 0.1602136 0.01685924 0.6278638 0.1983142 0.009353591 0.5804101 0.1933563 0.01073608 0.5883425 0.151756 0.01792861 0.6355438 0.1745832 0.01593555 0.6079328 0.1567529 0.01894494 0.6215626 -0.03957318 0.01313666 -0.1255213 -0.04750403 0.01494483 -0.1215038 -0.04692516 0.01540035 -0.1152268 0.004235871 0.009095669 -0.07648945 0.01530555 0.009151829 -0.05542778 0.02626787 0.00919463 -0.03438314 0.02381018 0.01180641 -0.01962743 0.008900307 0.01486698 -0.01876718 0.01025696 0.01393058 -0.02609587 0.06522713 0.007680298 0.03279216 0.08093085 0.007583737 0.06520257 0.08604184 0.007534937 0.07600161 0.09109268 0.007477096 0.0868121 0.09606704 0.007409816 0.09760522 0.1009656 0.007333576 0.1083877 0.1058971 0.007248854 0.1194063 0.1107483 0.007160054 0.1304062 0.122349 0.006945972 0.1573895 0.1314059 0.006802612 0.1792067 0.1155134 0.007071093 0.1413766 0.1399498 0.00671325 0.2004321 0.154414 0.00673325 0.2378807 0.1642023 0.006958453 0.2646266 0.1683432 0.007085413 0.2762901 0.1722294 0.007200294 0.2874343 0.176072 0.007298214 0.298681 0.1798832 0.007365176 0.3100892 0.1836244 0.007384536 0.3215504 0.1863183 0.007356456 0.3299773 0.1881366 0.007317095 0.3357546 0.1899347 0.007257495 0.3415436 0.1917138 0.007175814 0.3473469 0.1934723 0.007070134 0.3531634 0.1952104 0.006938613 0.3589933 0.1969288 0.006779331 0.3648392 0.1986259 0.006590609 0.370699 0.2003018 0.006370447 0.3765739 0.2019561 0.006116926 0.3824644 0.2035901 0.005828284 0.3883726 0.2052011 0.005502682 0.3942955 0.2067906 0.005138439 0.4002368 0.2083509 0.004739396 0.4061975 0.2098702 0.004314513 0.4121818 0.2113367 0.003872828 0.4181944 0.2127367 0.003423225 0.4242377 0.2140594 0.002974902 0.4303187 0.2152916 0.002536819 0.4364395 0.2168948 0.001939535 0.4453048 0.2186805 0.001231076 0.4577926 0.2199228 0.0007085032 0.4710364 0.2204406 0.0004797327 0.4845936 0.220154 0.0006107503 0.4976565 0.2189976 0.001159207 0.5112834 0.2174952 0.001891294 0.5216088 0.2161704 0.002546499 0.5287375 0.2128893 0.004139951 0.5425498 0.2103205 0.00528308 0.5507215 0.2076002 0.006400288 0.5582397 0.2044212 0.007592937 0.5658472 0.20074 0.008845107 0.5735437 0.1594258 0.01725668 0.6282628 0.1965098 0.01014016 0.5813241 0.1916908 0.01146233 0.5891862 0.150885 0.01835757 0.6359855 -0.03485513 0.01188297 -0.1279112 0.0002717809 0.01045576 -0.07446672 0.01136217 0.0105136 -0.0533544 0.02228912 0.01055696 -0.03237215 0.03600971 0.01294226 0.0142809 0.04542593 0.01181393 0.02294793 0.05475232 0.0105656 0.03159623 0.05601738 0.01177737 0.04433425 0.08212678 0.009043588 0.0780089 0.08718034 0.008984068 0.08881418 0.09214693 0.008915588 0.09957995 0.09704297 0.008837027 0.1103395 0.1019655 0.008750226 0.12132 0.1230093 0.008356463 0.170169 0.1068304 0.008658786 0.1323335 0.1137833 0.008524704 0.1483411 0.1316668 0.008230382 0.1912702 0.1455261 0.008153742 0.2263803 0.1533687 0.008230782 0.2471367 0.1634461 0.008470784 0.2747506 0.1685579 0.008612625 0.2893002 0.172434 0.008700226 0.3005531 0.1762734 0.008755745 0.311943 0.1800311 0.008763186 0.3233445 0.1827549 0.008726546 0.3317824 0.1845894 0.008680945 0.3375514 0.1864043 0.008614865 0.343332 0.1882002 0.008526704 0.3491266 0.1899763 0.008414223 0.3549344 0.1917322 0.008275982 0.3607553 0.1934685 0.008109822 0.3665919 0.195184 0.007913979 0.3724424 0.1968785 0.007686618 0.378308 0.1985522 0.007425736 0.3841887 0.2002054 0.007129653 0.3900872 0.2018361 0.006796451 0.3959999 0.2034457 0.006424448 0.4019312 0.2050265 0.006017565 0.4078814 0.2065672 0.005584521 0.4138551 0.2080557 0.005134278 0.4198565 0.2094788 0.004675795 0.425888 0.2113874 0.00402299 0.434541 0.2136738 0.003177864 0.4465753 0.2155042 0.002453699 0.458794 0.2169615 0.001844333 0.47336 0.2175095 0.001606652 0.4859888 0.2174291 0.001648171 0.4954928 0.2171369 0.001788974 0.5022219 0.2166232 0.002037935 0.5090359 0.2158752 0.002403937 0.5159373 0.2148819 0.002896022 0.5229325 0.2135356 0.003577786 0.5307679 0.2102494 0.005171399 0.5445 0.2080356 0.006161567 0.5518789 0.205415 0.007240455 0.5593466 0.2023439 0.008391583 0.5668995 0.1987812 0.009598073 0.5745358 0.1586188 0.01760805 0.6286716 0.1946803 0.01084368 0.5822509 0.1900013 0.01211185 0.590042 0.1847002 0.01338554 0.597906 0.1526851 0.01952039 0.6278436 0.1371847 0.02033207 0.6458397 0.1306886 0.02023287 0.6515257 -0.01235865 0.01163449 -0.08878115 -0.03071479 0.01150801 -0.123384 0.001751212 0.01171769 -0.06201599 0.0211816 0.01395819 -0.004863237 0.01023344 0.01572347 -0.006155406 0.002029535 0.01647708 -0.01204329 0.06260055 0.01052968 0.0475778 0.07295839 0.01045392 0.06904196 0.07814123 0.01040256 0.07997804 0.08322302 0.01034184 0.0908362 0.08815579 0.01027168 0.1015104 0.09309286 0.01019128 0.1123503 0.1002905 0.01005976 0.1284158 0.1190161 0.009697113 0.1719494 0.109824 0.009871114 0.1502598 0.127418 0.009566153 0.1923447 0.1397389 0.009471271 0.2233221 0.1488736 0.009521432 0.2472023 0.1598159 0.009756874 0.2769686 0.1648404 0.009884074 0.2911657 0.1687712 0.009963756 0.3024931 0.1726238 0.0100088 0.313821 0.176401 0.0100052 0.3251677 0.1791526 0.009960555 0.3336073 0.1810036 0.009909275 0.3393678 0.1828352 0.009837514 0.3451399 0.1846484 0.009743433 0.3509259 0.1864421 0.009625033 0.3567247 0.1882156 0.009480631 0.3625365 0.1899704 0.009308151 0.3683642 0.1917042 0.009105989 0.3742051 0.1934179 0.008872067 0.3800609 0.1951108 0.008604545 0.3859319 0.1967836 0.008301742 0.3918205 0.1984344 0.007961739 0.3977232 0.2000642 0.007582857 0.4036441 0.2016658 0.007168774 0.4095838 0.2032279 0.00672845 0.4155465 0.2047388 0.006270527 0.4215368 0.2061854 0.005803964 0.4275562 0.2080941 0.005151718 0.4360143 0.210569 0.004239952 0.4485274 0.2133654 0.003118663 0.4687916 0.2143037 0.00272306 0.4809928 0.2145692 0.002614659 0.4903349 0.2145381 0.00263858 0.4969573 0.2143014 0.002760261 0.5036581 0.2138478 0.002988662 0.5104418 0.2131642 0.003332584 0.5173105 0.2122402 0.003800988 0.5242708 0.2110629 0.004402673 0.5313247 0.2096114 0.005138758 0.5384738 0.2060299 0.006828051 0.552231 0.2032058 0.00799718 0.5604657 0.200245 0.009110708 0.5679627 0.1968007 0.01027624 0.5755391 0.157801 0.01792252 0.6290858 0.1928317 0.01147721 0.5831873 0.1882939 0.01269674 0.5909069 0.1831473 0.01391771 0.5986927 -0.04268744 0.01388939 -0.1239437 -0.007746779 0.01280562 -0.07036764 -0.08056549 0.02013622 -0.05011014 -0.09074789 0.02000775 -0.05950556 -0.09469439 0.01987439 -0.05703298 -0.03504386 0.01872318 -0.04330857 -0.02682556 0.01769204 -0.04756739 -0.03091958 0.01824117 -0.04541858 0.02520451 0.0129377 -0.006997253 0.03056399 0.01488722 0.02375657 0.03194304 0.01396211 0.01632316 0.06898508 0.01168553 0.07113933 0.07409703 0.01163297 0.08190918 0.07917211 0.01157113 0.09274006 0.0854112 0.01148065 0.1062494 0.09160269 0.01137225 0.1199013 0.09870994 0.01123489 0.1358513 0.117699 0.01086144 0.1802216 0.1081375 0.01104344 0.1575631 0.1304663 0.01069424 0.2116274 0.1383931 0.01066472 0.2318136 0.1461669 0.01071392 0.2521144 0.157808 0.01096168 0.2837967 0.1630766 0.01107456 0.2986967 0.1669938 0.0111296 0.3099974 0.1708469 0.01114288 0.3213401 0.1746461 0.01110088 0.3327857 0.177387 0.01102144 0.3411999 0.1792357 0.01094448 0.3469633 0.1810662 0.01084504 0.3527404 0.1828776 0.0107212 0.3585302 0.1846693 0.01057112 0.364333 0.1864423 0.01039312 0.3701513 0.1881951 0.01018512 0.3759827 0.1899277 0.009945435 0.3818289 0.1916402 0.009671992 0.3876901 0.1933327 0.00936303 0.3935686 0.1950036 0.009016708 0.399461 0.196654 0.008631504 0.4053716 0.1982765 0.008211182 0.4113006 0.19986 0.007764058 0.4172524 0.2013935 0.007299255 0.4232312 0.2034606 0.00662893 0.4316954 0.205984 0.005738523 0.4432727 0.2094316 0.004413312 0.4633657 0.2108134 0.003844429 0.4761915 0.2113908 0.003607387 0.4853158 0.2116014 0.003527386 0.4918384 0.2116226 0.003535227 0.4984342 0.211442 0.003639627 0.5051066 0.2110489 0.003849469 0.5118596 0.2104302 0.004173391 0.5186953 0.2095759 0.004620354 0.5256204 0.2084734 0.005199 0.5326365 0.2070793 0.005938444 0.540173 0.203396 0.007669337 0.5542291 0.2009775 0.008682385 0.5615945 0.1981269 0.009761754 0.5690357 0.1948048 0.0108904 0.5765502 0.1569749 0.01820565 0.6295043 0.1909662 0.01205105 0.5841322 0.1865709 0.01322634 0.5917797 0.1815812 0.01439946 0.599486 0.1363198 0.02041847 0.6462776 -0.05542138 0.01642956 -0.1174932 -0.05794395 0.01684244 -0.1162154 -0.0007672856 0.01388434 -0.04728763 0.01157537 0.0164962 0.006579889 0.04671467 0.0129197 0.03569682 0.0412575 0.01485659 0.04523706 0.06492105 0.01280378 0.07310583 0.07009021 0.01275074 0.08399615 0.07513744 0.01268778 0.09475319 0.08138045 0.01259546 0.108252 0.08982979 0.01244297 0.1268954 0.1103886 0.01202025 0.1741878 0.09943324 0.01224721 0.1486581 0.1262098 0.01178601 0.2127811 0.134439 0.01174497 0.2336279 0.1424554 0.01178713 0.2544609 0.1540818 0.01201561 0.2859011 0.1593299 0.01211673 0.3006229 0.1632785 0.01216433 0.3119246 0.1671638 0.01216969 0.3232659 0.1709845 0.01211785 0.3346526 0.1737468 0.01203169 0.3430439 0.1756126 0.01194993 0.3487986 0.1774605 0.01184569 0.3545669 0.1792897 0.01171681 0.3603477 0.1810996 0.01156177 0.3661412 0.1828912 0.01137857 0.3719501 0.1846629 0.01116528 0.377772 0.1864148 0.01092024 0.3836085 0.1881468 0.01064144 0.3894596 0.1898593 0.01032696 0.395328 0.1915504 0.009975195 0.4012103 0.1932213 0.009584232 0.4071104 0.194865 0.009157909 0.4130288 0.1964703 0.008704785 0.4189696 0.1986533 0.0080391 0.4273349 0.2014108 0.007112133 0.4389396 0.20545 0.005613162 0.459705 0.207072 0.004964357 0.4715796 0.2079203 0.004621475 0.4804222 0.2083546 0.004449953 0.4868538 0.2086141 0.004356512 0.4933518 0.2086876 0.004349713 0.4999208 0.2085639 0.004438433 0.5065645 0.2082314 0.004631315 0.5132869 0.2076783 0.004937077 0.5200895 0.206894 0.0053646 0.5269788 0.2058667 0.005922365 0.5339568 0.2043694 0.006725651 0.5421848 0.1991468 0.009145749 0.5616314 0.1959956 0.01035328 0.5701152 0.1927945 0.01144809 0.5775685 0.1890876 0.01257209 0.5850838 0.1848372 0.01370753 0.5926579 0.1752293 0.0159266 0.6027035 0.1717479 0.01661428 0.6093691 0.1768266 0.01559747 0.6018945 0.1800043 0.01483698 0.6002848 0.1431953 0.02020975 0.639881 0.173169 0.01629116 0.608649 -0.0513855 0.01571139 -0.1195376 -0.06018294 0.01718557 -0.1150812 -0.04562122 0.01454722 -0.1224576 -0.06818227 0.01824509 -0.1110291 -0.06611914 0.0179971 -0.1120741 -0.003354025 0.01481882 -0.04238079 -0.01573907 0.01774989 -0.02630795 -0.01997159 0.01829862 -0.02442122 0.01975303 0.01488883 0.002385617 0.04265696 0.01393946 0.0377562 0.06356048 0.01379649 0.08079373 0.07109637 0.01370353 0.09680649 0.07609705 0.01362914 0.1075912 0.08105358 0.01354434 0.1184317 0.08822467 0.01340618 0.1343612 0.106603 0.01302266 0.1767564 0.09772201 0.01320618 0.1559843 0.1198102 0.01280306 0.2086762 0.128378 0.01273338 0.2301401 0.1374572 0.0127509 0.2535063 0.1500485 0.0129645 0.2871621 0.1555668 0.01306522 0.3025697 0.1595155 0.01310458 0.3137644 0.1634411 0.01310258 0.3251206 0.1672921 0.01304314 0.3364907 0.1700878 0.01295098 0.3448975 0.1719706 0.0128649 0.3506435 0.1738361 0.01275618 0.3564029 0.1756831 0.01262289 0.3621747 0.1775114 0.01246321 0.367959 0.1793216 0.01227545 0.3737583 0.1811122 0.01205729 0.3795706 0.1828835 0.01180745 0.3853973 0.1846352 0.01152369 0.3912384 0.1863677 0.01120424 0.3970968 0.1880793 0.0108472 0.4029687 0.1897707 0.01045096 0.4088584 0.1914355 0.01001952 0.414766 0.1930628 0.009560873 0.4206957 0.1952641 0.008891667 0.4289933 0.1980187 0.00797118 0.440328 0.2021061 0.006469729 0.4605951 0.2039087 0.005760603 0.4730998 0.2048229 0.00539964 0.4819913 0.2053026 0.005216679 0.4883999 0.2056109 0.005110918 0.4948729 0.2057375 0.005090838 0.5014152 0.2056706 0.005165238 0.5080302 0.2053995 0.00534276 0.5147214 0.204912 0.005632042 0.5214907 0.2041984 0.006041805 0.5283443 0.2032466 0.006580689 0.5352841 0.2020368 0.007249335 0.5423109 0.2005329 0.00803238 0.549422 0.1966934 0.009798473 0.5634464 0.1938536 0.01089152 0.5712002 0.1907734 0.01195569 0.5785923 0.1872005 0.01304626 0.5860397 0.183095 0.01414538 0.5935404 0.1704112 0.01673564 0.6051442 0.1674579 0.01741468 0.6115422 0.178419 0.01523522 0.6010878 0.1354554 0.02047695 0.6467152 0.1300435 0.02027879 0.6518523 -0.01444282 0.0156234 -0.05369448 -0.001938574 0.0156858 -0.02973694 0.01290586 0.01718844 0.01939111 0.02234176 0.01649395 0.02785388 0.06204494 0.01469306 0.08823138 0.06957948 0.01459091 0.1043299 0.0745084 0.01451082 0.1150184 0.08174645 0.01437546 0.1309625 0.09958795 0.01399665 0.1717204 0.1151223 0.01371266 0.2088773 0.09129533 0.01417402 0.1525124 0.1243462 0.01363057 0.2319079 0.1306217 0.01362794 0.2479258 0.1354181 0.01366113 0.2603742 0.1463325 0.01383713 0.2893966 0.1517767 0.01392801 0.3044979 0.1557576 0.01396066 0.3156856 0.1597046 0.01395146 0.3269958 0.1635933 0.0138849 0.3383676 0.1664129 0.01378714 0.346759 0.168313 0.01369706 0.3524963 0.1701961 0.01358433 0.3582468 0.1720611 0.01344705 0.3640094 0.1739076 0.01328314 0.3697843 0.1757365 0.01309106 0.3755743 0.1775463 0.01286866 0.3813769 0.1793371 0.01261434 0.3871937 0.1811083 0.01232601 0.393025 0.182861 0.01200201 0.398873 0.1845929 0.01164041 0.4047348 0.1863053 0.01123953 0.4106138 0.1879913 0.01080304 0.4165107 0.1896406 0.0103396 0.4224292 0.1918521 0.009670554 0.4306093 0.1946667 0.008737666 0.4418802 0.1989232 0.007182053 0.4627354 0.2002024 0.006688291 0.4709727 0.20103 0.006368288 0.4772413 0.2017121 0.006107405 0.4835671 0.2022375 0.005914124 0.4899527 0.202595 0.005797084 0.4964005 0.2027747 0.005765003 0.502916 0.2027649 0.005826363 0.509502 0.2025553 0.005989885 0.5161621 0.2021338 0.006264127 0.522898 0.2014912 0.00665781 0.5297158 0.2006152 0.007179415 0.536617 0.1994868 0.007829578 0.5436026 0.1979591 0.008666705 0.5514034 0.1942173 0.01038632 0.5650188 0.191702 0.01138097 0.5722902 0.1540575 0.01900262 0.6309831 0.1887451 0.01241745 0.5796198 0.1853052 0.01347745 0.5869998 0.1813446 0.01454346 0.5944272 0.1687973 0.01695028 0.6059618 0.1671821 0.01713869 0.60678 0.1645806 0.01782189 0.6129996 0.1418951 0.02033991 0.6405398 -0.05097926 0.01616043 -0.1131054 -0.07616337 0.01904749 -0.1069862 -0.07728002 0.0201587 -0.05386153 -0.07317511 0.02012983 -0.05604907 -0.01858861 0.01638596 -0.05170879 -0.007508936 0.01644252 -0.03048086 -0.01304058 0.01882182 -0.0008985207 -0.008986627 0.01833886 -0.003160423 0.0007616042 0.0171746 -0.004441794 -0.004770756 0.01778957 -0.005082998 0.02109151 0.01573444 0.0151541 0.03181752 0.0157186 0.03651763 0.05279583 0.01558947 0.07943907 0.06305448 0.01546787 0.1011206 0.07277606 0.01530835 0.122177 0.08250439 0.01511099 0.1438029 0.1110945 0.01453851 0.2108535 0.09335374 0.0148713 0.1685566 0.1204026 0.01444474 0.2339312 0.1266926 0.01443707 0.2499105 0.1315592 0.01446571 0.2624669 0.1425827 0.01462979 0.2915815 0.1479648 0.01471162 0.3064034 0.1519987 0.01473915 0.3176547 0.1559665 0.01472322 0.3289174 0.1598889 0.01464971 0.3402769 0.1627247 0.01454699 0.3486272 0.1646422 0.01445339 0.3543558 0.1665429 0.01433706 0.3600974 0.168426 0.01419594 0.3658508 0.170291 0.01402834 0.3716164 0.1721388 0.01383234 0.3773968 0.1739676 0.01360609 0.3831898 0.1757778 0.01334754 0.3889967 0.177569 0.01305522 0.3948179 0.1793419 0.01272706 0.4006557 0.1810944 0.01236121 0.406507 0.1828275 0.01195601 0.4123754 0.1845349 0.01151521 0.4182616 0.1862062 0.01104704 0.424169 0.1878311 0.01056024 0.4301014 0.1901884 0.009810954 0.4390022 0.1946608 0.008229982 0.4589778 0.1966442 0.007484697 0.4701338 0.1978657 0.007020212 0.4788442 0.1985902 0.006750611 0.4851486 0.1991614 0.006547889 0.4915108 0.1995684 0.006420688 0.4979338 0.1998013 0.006377568 0.5044224 0.1998489 0.006427088 0.5109792 0.1997009 0.00657797 0.5176082 0.1993457 0.006838612 0.5243104 0.1987741 0.007217494 0.5310921 0.1979743 0.007723418 0.5379548 0.1969275 0.008356783 0.544899 0.1953334 0.009248869 0.5532662 0.1898764 0.01170977 0.5725785 0.1867083 0.0128369 0.5806515 0.1834027 0.01386937 0.5879636 0.179588 0.0149053 0.5953169 0.1703218 0.01690813 0.6100913 0.1468228 0.01980654 0.6308206 0.1491891 0.01922646 0.6254064 0.1345828 0.02050879 0.6471573 0.1292842 0.02029967 0.6522378 -0.06334784 0.01763661 -0.113478 -0.07566793 0.01924981 -0.1006236 -0.02267873 0.01707452 -0.04959428 -0.01165625 0.01713132 -0.02846957 0.03299713 0.01646244 0.04924228 0.043538 0.01639788 0.07079941 0.05388096 0.01629524 0.09239038 0.06142046 0.01619067 0.108466 0.06755203 0.01608763 0.1217423 0.07599793 0.01591987 0.1403884 0.08735145 0.01566723 0.166066 0.1069533 0.01528499 0.2125361 0.1164336 0.01518274 0.2359305 0.122806 0.01516963 0.2520289 0.127699 0.01519474 0.2645909 0.1388341 0.01534828 0.2938051 0.1441481 0.01542163 0.3083336 0.1482143 0.01544387 0.3195799 0.1522247 0.01542243 0.3308702 0.156165 0.01534275 0.342166 0.1590253 0.01523547 0.3505011 0.1609602 0.01513875 0.3562209 0.1628787 0.01501898 0.3619535 0.16478 0.01487459 0.3676976 0.1666634 0.01470346 0.373454 0.16853 0.01450403 0.3792249 0.1703781 0.0142741 0.3850081 0.1722078 0.0140121 0.3908051 0.1740189 0.01371602 0.3966161 0.1758119 0.0133841 0.4024438 0.1775851 0.01301434 0.4082846 0.1793392 0.01260522 0.4141426 0.1810679 0.01216041 0.4200177 0.1834474 0.01149281 0.4282691 0.1864619 0.01055008 0.4394604 0.1912219 0.008899747 0.4598091 0.1934213 0.00808478 0.4717648 0.1946918 0.007610937 0.480452 0.1954587 0.007333335 0.4867346 0.196076 0.007122134 0.4930738 0.1965325 0.006985733 0.4994716 0.1968188 0.006932692 0.5059331 0.1969239 0.006971492 0.5124609 0.196838 0.007110853 0.5190584 0.1965491 0.007359096 0.5257269 0.1960488 0.007724778 0.5324725 0.1953255 0.008216382 0.5392966 0.1943602 0.008834627 0.5461996 0.1931206 0.009563113 0.5531768 0.1916056 0.01039952 0.5604474 0.1873772 0.01222897 0.5744809 0.1846657 0.01321714 0.5816862 0.1814941 0.01422458 0.5889304 0.1778268 0.01523322 0.5962091 0.1631391 0.01799005 0.6137299 0.1655645 0.01730085 0.6075994 -0.04093887 0.01760052 -0.07443024 -0.0591698 0.01746269 -0.1089383 -0.002149136 0.01883941 0.02042119 0.003352425 0.01835757 0.02099944 0.0235941 0.01717196 0.04066942 0.04460857 0.01703973 0.08362152 0.05484545 0.01691556 0.1052115 0.06345304 0.0167734 0.1237942 0.0718723 0.01660452 0.1423503 0.1015437 0.015975 0.2111179 0.08196326 0.01638028 0.1651399 0.07019604 0.01716541 0.1498123 0.1124151 0.01584964 0.2378398 0.1188133 0.01583172 0.2539227 0.1244687 0.01585267 0.2682736 0.1368975 0.01602707 0.3009868 0.1423735 0.0160762 0.3158781 0.146417 0.01607307 0.3270491 0.1504324 0.01601932 0.3383452 0.1543945 0.01589963 0.3497103 0.1572691 0.01575731 0.3580907 0.1592053 0.01563467 0.3638143 0.1611246 0.01548731 0.3695495 0.1630267 0.01531307 0.3752963 0.164912 0.01511043 0.3810575 0.1667794 0.01487722 0.3868311 0.1686287 0.01461194 0.3926182 0.1704598 0.01431258 0.3984191 0.1722733 0.01397722 0.4042364 0.174067 0.01360409 0.4100667 0.175842 0.01319146 0.4159141 0.1775923 0.01274306 0.4217784 0.1799927 0.01207353 0.4299746 0.1831395 0.01109688 0.4414414 0.1879633 0.009434471 0.4618024 0.1894918 0.008877187 0.469694 0.1905642 0.008486304 0.475855 0.1915098 0.008144301 0.4820638 0.1923195 0.007859659 0.488325 0.1929828 0.007640617 0.4946407 0.1934889 0.007495897 0.5010134 0.1938287 0.007433896 0.5074478 0.1939916 0.007463016 0.5139463 0.1939676 0.007591978 0.5205123 0.1937454 0.007829019 0.5271471 0.1933166 0.008182701 0.5338566 0.1926702 0.008661586 0.5406417 0.1917872 0.00926599 0.5475028 0.1906361 0.009979595 0.5544352 0.1890193 0.01088336 0.5623033 0.1831314 0.01338858 0.5814744 0.179582 0.01454522 0.5898989 0.1476177 0.02000599 0.6342443 0.1760608 0.01552931 0.5971037 0.1639444 0.01743668 0.60842 0.1623232 0.0175462 0.6092413 0.1602487 0.01825606 0.6151941 0.1399461 0.02045615 0.6415268 0.1446879 0.01979238 0.6319029 0.1466577 0.0191775 0.6266955 -0.07137814 0.01859726 -0.1094102 -0.09315526 0.01973263 -0.04409017 -0.1029635 0.01921238 -0.04281232 -0.09519328 0.01951478 -0.03795388 -0.05699226 0.02023566 -0.02507794 -0.04464105 0.02019015 -0.01140385 0.006091166 0.01780692 0.01617251 0.01683292 0.01779741 0.03747468 0.003085062 0.01924759 0.04110687 0.03787508 0.01768221 0.08026476 0.04819173 0.01756709 0.1018785 0.05691627 0.01743253 0.1205778 0.06319655 0.0173134 0.1342924 0.07915603 0.01696253 0.1701096 0.0929039 0.0166666 0.2021776 0.1017352 0.0165198 0.2234266 0.1081828 0.01645204 0.2392641 0.1138485 0.0164246 0.2533822 0.1206154 0.01644364 0.2704681 0.1330699 0.01660612 0.3030183 0.1385386 0.01664892 0.3177653 0.1426353 0.0166418 0.3289966 0.1466866 0.01658324 0.3402959 0.1506698 0.01645852 0.3516006 0.1555238 0.01618708 0.3656791 0.1574614 0.01603691 0.371405 0.1593821 0.01585988 0.3771425 0.1612864 0.01565435 0.3828941 0.163173 0.01541843 0.3886579 0.1535697 0.01631244 0.3599646 0.165042 0.0151501 0.3944351 0.166893 0.01484771 0.4002258 0.1687268 0.01450938 0.4060329 0.170541 0.01413298 0.4118528 0.1723371 0.01371738 0.4176894 0.174109 0.0132657 0.423543 0.1765264 0.01259601 0.4316709 0.179556 0.01166385 0.4425306 0.184392 0.01002632 0.4621811 0.1862268 0.009367031 0.4713479 0.1873357 0.008970707 0.4774905 0.1883209 0.008622786 0.4836793 0.1891734 0.008331583 0.4899186 0.1898828 0.008105661 0.496211 0.1904387 0.007953419 0.5025585 0.1908322 0.007883419 0.5089657 0.1910529 0.007903899 0.5154349 0.191091 0.0080235 0.5219695 0.1909357 0.008250623 0.5285705 0.1905784 0.008593504 0.5352437 0.1900085 0.009060869 0.5419899 0.189208 0.009652953 0.5488093 0.1881457 0.01035328 0.5556968 0.1864775 0.01131553 0.5641158 0.180879 0.01377186 0.5830832 0.1742758 0.01517555 0.5917946 0.1721428 0.01544707 0.5933698 0.170741 0.01623796 0.5997985 0.1660211 0.01763021 0.61227 0.1337089 0.02051511 0.6476 -0.08420032 0.0196011 -0.102915 -0.0868345 0.01972814 -0.1015807 -0.02414858 0.01878069 -0.02240648 -0.01716828 0.01923718 0.001231685 0.01530027 0.01834037 0.04477025 0.03637179 0.01820605 0.08780171 0.04535394 0.01809741 0.1067026 0.05159455 0.01799965 0.1200477 0.05879452 0.01786637 0.1356942 0.09113605 0.01715685 0.2095508 0.06920516 0.01764005 0.1588283 0.1021702 0.0169998 0.2363083 0.1098484 0.016953 0.2553188 0.1167688 0.01696877 0.2726964 0.1292313 0.01712061 0.3050428 0.1347133 0.01715804 0.3197049 0.1388341 0.01714669 0.3309006 0.1429145 0.01708397 0.342173 0.1469352 0.01695508 0.3534796 0.1498636 0.01680572 0.3618421 0.1518355 0.01667795 0.3675474 0.1537912 0.01652532 0.3732641 0.1557305 0.01634588 0.3789921 0.1576537 0.01613787 0.3847343 0.1595598 0.01589931 0.3904882 0.1614482 0.01562835 0.3962555 0.1633194 0.01532331 0.4020362 0.1651736 0.01498218 0.4078328 0.1670087 0.01460323 0.4136422 0.1688258 0.01418467 0.4194682 0.1706191 0.01373009 0.4253106 0.1723792 0.01324802 0.4311732 0.1750077 0.01247849 0.4401218 0.1800743 0.01081176 0.4596321 0.1825113 0.009961916 0.4706437 0.1841011 0.00940127 0.479129 0.185126 0.009047988 0.4852976 0.1860214 0.008751105 0.4915152 0.1867769 0.008519024 0.4977843 0.1873828 0.008360142 0.5041064 0.1878301 0.008282942 0.5104864 0.1881085 0.008295822 0.5169263 0.1882092 0.008407103 0.5234294 0.1881205 0.008625185 0.5299966 0.1878352 0.008958628 0.5366333 0.1873421 0.009415751 0.5433406 0.1866242 0.009996795 0.5501182 0.1856504 0.01068536 0.5569608 0.1843858 0.01146273 0.563859 0.1827843 0.01235073 0.5711706 0.1785103 0.01414186 0.5848042 0.1677661 0.01640316 0.6003437 0.168963 0.01641636 0.6006991 0.1725179 0.01603083 0.5988984 0.161263 0.01749029 0.6089272 0.1580602 0.01840205 0.6163379 -0.08013972 0.0193543 -0.1049719 -0.0890406 0.01981407 -0.1004631 -0.07433072 0.01888614 -0.1079145 -0.0986733 0.01999183 -0.0955836 -0.09634152 0.0200091 -0.09011252 -0.09505008 0.01996078 -0.09741898 -0.06493225 0.01989134 -0.06034102 -0.03910453 0.01913845 -0.04106447 -0.02814397 0.0191967 -0.02002278 -0.01728629 0.0195939 0.0111988 -0.007808299 0.01960302 0.02981966 0.008543584 0.01882998 0.04162582 0.02965222 0.01871278 0.08451839 0.03999158 0.01859598 0.10615 0.04747492 0.0184799 0.1221296 0.05467152 0.01834573 0.1377404 0.08515608 0.01766756 0.2070438 0.06499457 0.01812005 0.1606369 0.09586929 0.01749396 0.2327592 0.1048657 0.01741805 0.2548266 0.1129036 0.01742949 0.2748925 0.1254062 0.0175726 0.3071251 0.1309018 0.01760533 0.3217154 0.1350392 0.01759029 0.332854 0.1391448 0.01752388 0.3440935 0.1431985 0.01739101 0.3553802 0.1461513 0.0172386 0.3637225 0.1481413 0.01710877 0.3694189 0.1501152 0.01695404 0.3751264 0.1520731 0.01677244 0.3808449 0.1540152 0.01656212 0.3865774 0.1559406 0.01632132 0.3923215 0.1578489 0.0160482 0.3980789 0.15974 0.01574068 0.4038492 0.1616145 0.01539723 0.4096356 0.1634705 0.01501579 0.4154344 0.1653088 0.01459491 0.4212498 0.1671236 0.01413786 0.4270814 0.168906 0.01365289 0.4329326 0.1714877 0.01290442 0.4415806 0.1766856 0.01121656 0.4611535 0.1792197 0.01034696 0.4722914 0.1808614 0.009779114 0.4807701 0.181926 0.009421111 0.4869186 0.1828642 0.009119269 0.4931146 0.1836661 0.008881826 0.4993601 0.1843219 0.008717186 0.5056569 0.184823 0.008633665 0.5120096 0.1851595 0.008639745 0.5184202 0.1853223 0.008743746 0.5248915 0.1853007 0.008954067 0.5314249 0.1850874 0.00927911 0.5380251 0.1846709 0.009727194 0.5446938 0.1840355 0.01029864 0.5514295 0.1831516 0.01097672 0.5582265 0.181984 0.01174289 0.5650756 0.1802699 0.0127137 0.5730746 0.1409214 0.02040839 0.6410322 0.1386482 0.02048406 0.6421841 0.1450772 0.01901686 0.6269556 0.1425519 0.01972358 0.6329874 0.1324003 0.02048406 0.648266 -0.08804075 0.01989295 -0.09426799 -0.04181071 0.01949454 -0.03622419 -0.02806357 0.01956279 -0.009765994 -0.03784965 0.02005134 -0.008419024 -0.006414048 0.01925462 0.02227792 0.02292593 0.0191503 0.08127165 0.03330081 0.01904318 0.1028455 0.04330073 0.01889573 0.1240933 0.05290943 0.01870894 0.1449858 0.06297095 0.01848262 0.1673709 0.07846075 0.01813165 0.2029707 0.08737753 0.01796292 0.2240512 0.09640064 0.01784669 0.245847 0.1029826 0.01781453 0.2620507 0.1090256 0.01782637 0.2770778 0.1215428 0.01796117 0.3091196 0.1270648 0.01798997 0.3236606 0.13124 0.01797205 0.3348139 0.1353648 0.0179022 0.3459887 0.1394629 0.01776581 0.357299 0.1424339 0.01761133 0.3656056 0.1444417 0.01747964 0.371293 0.146434 0.01732301 0.3769911 0.1484104 0.01713948 0.3827002 0.1503718 0.01692748 0.388423 0.1523164 0.01668468 0.3941574 0.1542445 0.01640948 0.3999046 0.1561557 0.01610012 0.4056649 0.1580506 0.01575452 0.411441 0.1599273 0.01537091 0.4172293 0.1617867 0.01494786 0.4230339 0.1636231 0.01448866 0.4288545 0.1654278 0.01400162 0.4346944 0.1676866 0.0133549 0.4421282 0.1731877 0.01160065 0.4622742 0.1750727 0.01096168 0.4702802 0.1763975 0.01051352 0.4763269 0.1776169 0.01010432 0.4824135 0.1787214 0.009742473 0.4885419 0.1797025 0.009436151 0.4947161 0.1805509 0.009194149 0.5009381 0.1812568 0.009024388 0.5072097 0.1818118 0.008935507 0.513535 0.1822062 0.008935828 0.5199163 0.182432 0.009033508 0.5263557 0.1824774 0.00923711 0.5328551 0.1823359 0.009554952 0.539419 0.1819973 0.009995355 0.5460482 0.1814446 0.0105584 0.5527419 0.1806492 0.01122761 0.5594942 0.1795773 0.01198401 0.5662947 0.1778475 0.01300594 0.5747326 0.1657282 0.01660572 0.6018789 0.1680973 0.01508619 0.5906085 0.1446046 0.02020015 0.6357731 0.1594181 0.01761597 0.6102774 0.1574536 0.01772333 0.611708 0.1616951 0.01813485 0.6144614 0.1437081 0.01898085 0.6278717 0.128299 0.02026951 0.6527364 -0.0797758 0.01952926 -0.09848066 -0.1034848 0.01995711 -0.09314631 -0.1046234 0.01989798 -0.08592177 -0.04596987 0.01977462 -0.03414642 -0.03362945 0.0198371 -0.0103904 0.01349289 0.0195363 0.07253375 0.02397602 0.01944918 0.0941055 0.03165968 0.0193559 0.1102094 0.03914278 0.01924206 0.1261124 0.04880388 0.01905398 0.1470985 0.05801308 0.01884654 0.167545 0.07477465 0.01846253 0.2058804 0.08553513 0.01826701 0.2313495 0.09217381 0.01818733 0.2473593 0.09793995 0.01814965 0.2614464 0.1047769 0.01815797 0.2783838 0.1174199 0.01828341 0.3103982 0.1232262 0.01831214 0.3256203 0.1274152 0.01829149 0.3367012 0.1315949 0.01821918 0.3479477 0.1357173 0.01807982 0.3591984 0.138712 0.01792333 0.3674909 0.1407378 0.01779021 0.3731691 0.1427484 0.01763213 0.3788581 0.1447434 0.017447 0.3845578 0.1467239 0.01723316 0.3902709 0.1486878 0.01698893 0.3959954 0.1506359 0.01671205 0.4017327 0.152567 0.01640091 0.4074828 0.1544824 0.01605372 0.4132484 0.1563799 0.01566835 0.4190262 0.1582605 0.01524355 0.4248201 0.1601187 0.0147825 0.4306297 0.1619457 0.01429355 0.4364584 0.1644135 0.01359193 0.4444838 0.1699133 0.01185465 0.4643154 0.1717533 0.01124008 0.4719616 0.1731124 0.01078896 0.477991 0.1743688 0.01037664 0.4840588 0.175513 0.01001144 0.4901671 0.1765373 0.009701674 0.4963196 0.177432 0.009455591 0.502518 0.178188 0.009281669 0.5087642 0.1787966 0.009188229 0.5150624 0.1792501 0.00918367 0.5214138 0.179538 0.00927615 0.5278217 0.1796505 0.009474151 0.5342871 0.1795808 0.009785913 0.5408146 0.1793188 0.01021984 0.5474049 0.17885 0.01077592 0.5540563 0.1781432 0.01143777 0.5607637 0.1771682 0.01218601 0.567515 0.1758946 0.0130021 0.5743004 0.1741259 0.01397435 0.5819501 0.1373297 0.02047543 0.6428525 0.1404159 0.01960478 0.6340729 0.1417727 0.01890342 0.6291402 -0.09220078 0.01990758 -0.09886227 -0.04883101 0.01999623 -0.02956502 -0.0227828 0.01987215 0.01067368 -0.03953429 0.02035391 0.0188619 -0.03387193 0.02032903 0.01968855 -0.01192329 0.01988358 0.03199856 0.00935895 0.01981662 0.07466953 0.0197991 0.01972942 0.09613473 0.02884621 0.01961767 0.1150982 0.0374402 0.01947791 0.1334377 0.04945701 0.01922749 0.1596266 0.0715995 0.01872005 0.2100533 0.08148949 0.01853989 0.2333733 0.08812442 0.01845893 0.2493135 0.09391431 0.01841958 0.2633891 0.1008344 0.0184255 0.2804275 0.1136149 0.01854678 0.3125693 0.1193746 0.01857189 0.3275517 0.1236095 0.01854934 0.3386747 0.127807 0.01847477 0.3498484 0.1319716 0.01833294 0.3611224 0.1349865 0.01817502 0.3693781 0.1370301 0.01804069 0.3750473 0.1390592 0.01788133 0.3807268 0.1410729 0.01769509 0.3864171 0.1430724 0.01747988 0.3921206 0.1450558 0.01723428 0.3978352 0.1470235 0.01695604 0.4035625 0.1489749 0.01664355 0.4093024 0.1509109 0.016295 0.4150578 0.1547309 0.01548194 0.4266081 0.1566106 0.01501955 0.4324068 0.15846 0.01452906 0.4382241 0.1608484 0.01385729 0.4458768 0.1528291 0.01590836 0.4208249 0.1665276 0.01208977 0.4659286 0.1684307 0.01146449 0.4736447 0.1698242 0.01101112 0.4796567 0.1711174 0.01059624 0.485706 0.1723016 0.01022832 0.4917939 0.1733689 0.009915755 0.4979246 0.1743099 0.009666473 0.5040996 0.1751156 0.009489352 0.5103205 0.1757793 0.00939215 0.5165908 0.1762902 0.009383591 0.522913 0.1766405 0.009471832 0.5292895 0.1768213 0.009665273 0.5357203 0.1768234 0.009972236 0.5422114 0.1766391 0.01040096 0.5487622 0.1762518 0.01095152 0.5553725 0.175636 0.01160713 0.5620338 0.174758 0.01234897 0.568736 0.1735886 0.01315794 0.5754685 0.1717481 0.01420842 0.5837247 0.1657933 0.01526091 0.5924142 0.1621479 0.01608796 0.5992365 0.1428808 0.02023703 0.6366469 -0.0740596 0.02000343 -0.0677109 -0.05814179 0.0201159 -0.03735819 -0.02690804 0.02008687 0.01283586 -0.01608812 0.0200983 0.03408586 0.00658141 0.02002286 0.07956628 0.0182479 0.0199155 0.1036383 0.02596556 0.01981254 0.1198679 0.0343125 0.01967342 0.1376824 0.0462617 0.01941878 0.163816 0.06612978 0.01895861 0.2088558 0.07743163 0.01874894 0.2353845 0.08415952 0.0186659 0.2514689 0.08992964 0.01862574 0.2654259 0.09690353 0.0186303 0.2825089 0.1097977 0.01874861 0.3147243 0.1155448 0.01877077 0.3295606 0.1197788 0.01874661 0.3405719 0.1240204 0.01867038 0.3517731 0.1282137 0.01852702 0.3630102 0.1312581 0.01836765 0.3712668 0.1333198 0.01823229 0.3769268 0.135367 0.01807204 0.3825971 0.1373996 0.01788485 0.3882778 0.1394181 0.01766877 0.3939718 0.1414211 0.01742205 0.3996766 0.1434084 0.01714285 0.4053938 0.1453801 0.01682933 0.4111234 0.1473364 0.01647971 0.4168684 0.1492757 0.01609196 0.422625 0.1511985 0.01566443 0.4283974 0.1530998 0.01520082 0.4341852 0.1549718 0.01470938 0.4399911 0.157213 0.0140881 0.4470369 0.1628765 0.01235481 0.4665457 0.1651056 0.01163625 0.4753291 0.1665334 0.01118112 0.4813237 0.1678636 0.0107644 0.4873542 0.1690877 0.01039448 0.4934219 0.1701977 0.01007952 0.4995309 0.1711861 0.009827914 0.5056819 0.172042 0.009648073 0.5118774 0.1727597 0.009548232 0.5181205 0.1733279 0.009536712 0.5244136 0.1737417 0.009621672 0.5307578 0.1739895 0.009811595 0.5371547 0.1740635 0.0101148 0.5436094 0.1739572 0.01053944 0.5501209 0.1736524 0.01108568 0.5566892 0.1731251 0.01173681 0.5633056 0.1723443 0.01247369 0.5699587 0.1712814 0.01327714 0.5766373 0.1699058 0.01412834 0.5833312 0.130662 0.02036886 0.6491459 0.1359837 0.01994079 0.6401396 0.1377049 0.02007366 0.6392682 0.1382932 0.01944062 0.6351472 -0.0608831 0.02026127 -0.01238145 -0.0552681 0.02029783 -0.01168465 -0.03386009 0.02023031 0.009493511 -0.02301073 0.02024847 0.03074103 -0.001547691 0.02019726 0.07360256 0.008941268 0.02011927 0.09504495 0.01929902 0.02000015 0.1166217 0.03017558 0.01982318 0.1397682 0.05694243 0.01922141 0.199181 0.04108719 0.01959151 0.1635897 0.06516336 0.01904406 0.2181578 0.07342743 0.0188947 0.2375183 0.08018212 0.01881101 0.2535984 0.08591769 0.01877053 0.2674138 0.09298974 0.01877398 0.2846311 0.1059789 0.01889005 0.3168636 0.1116944 0.01891013 0.3315149 0.1159567 0.01888494 0.3425103 0.1202268 0.01880758 0.3536718 0.1244552 0.01866301 0.3649032 0.1275278 0.01850262 0.3731563 0.1296074 0.01836678 0.3788073 0.1316731 0.01820573 0.3844683 0.1337242 0.01801781 0.3901397 0.1357619 0.01780108 0.3958238 0.1377843 0.01755373 0.4015187 0.1397915 0.01727389 0.4072259 0.1417833 0.01695956 0.4129455 0.1437602 0.01660907 0.41868 0.1457201 0.01622067 0.424426 0.1476644 0.01579251 0.4301877 0.1495875 0.0153281 0.4359645 0.1514816 0.01483563 0.441759 0.1537148 0.01422378 0.4486789 0.1594546 0.01249257 0.4680731 0.1617788 0.01175681 0.4770142 0.1632413 0.01130032 0.4829914 0.1646076 0.01088224 0.4890035 0.1658717 0.01051088 0.4950511 0.167026 0.0101944 0.5011376 0.1680599 0.009941114 0.5072655 0.1689661 0.009759514 0.5134356 0.1697376 0.009657593 0.5196514 0.1703645 0.009643912 0.5259147 0.1708406 0.009726713 0.5322274 0.1711553 0.009914234 0.5385903 0.1713025 0.0102148 0.545008 0.1712727 0.01063664 0.5514807 0.1710517 0.01117992 0.5580065 0.1706143 0.01182769 0.5645775 0.1699305 0.01256105 0.5711814 0.1689717 0.01336074 0.5778073 0.167711 0.01420778 0.5844431 0.1599591 0.0162002 0.6009662 0.1411471 0.02022558 0.6375256 0.1360282 0.02043319 0.6435117 0.1274311 0.02020239 0.6531758 -0.111891 0.01972855 -0.08888811 -0.115741 0.01955326 -0.08693778 -0.04611699 0.02029014 -0.004119631 -0.02177048 0.02033567 0.04351937 -0.0004527896 0.02025134 0.08638857 0.009979355 0.02015335 0.1078988 0.02136944 0.0199947 0.131862 0.03433226 0.01973982 0.1598386 0.0534392 0.01929518 0.2026165 0.06107854 0.01913078 0.220184 0.069341 0.01898118 0.2394728 0.07612761 0.0188967 0.2555545 0.0819531 0.01885517 0.2695052 0.08904036 0.0188583 0.2866816 0.1021459 0.01897334 0.318982 0.1078284 0.01899182 0.3334264 0.112145 0.0189659 0.3444821 0.1164444 0.01888757 0.35563 0.1206952 0.0187427 0.3667973 0.1237962 0.01858182 0.3750466 0.1258938 0.01844558 0.3806884 0.1279778 0.0182843 0.3863402 0.1300477 0.01809581 0.392002 0.1321044 0.01787877 0.3976765 0.1341463 0.01763092 0.4033617 0.1361734 0.01735061 0.4090588 0.1381853 0.01703589 0.414768 0.1401828 0.01668508 0.420492 0.1421636 0.01629612 0.4262276 0.1441289 0.01586756 0.4319786 0.1460738 0.01540259 0.4377444 0.1479903 0.0149097 0.4435276 0.1502259 0.01429482 0.4504801 0.1563757 0.01247385 0.4708571 0.158451 0.01182737 0.4787 0.1599474 0.01137025 0.4846599 0.1613509 0.01095136 0.4906533 0.1626557 0.0105792 0.4966802 0.1638518 0.01026176 0.5027455 0.1649324 0.01000752 0.5088499 0.165889 0.009824715 0.5149944 0.1667143 0.009721754 0.5211828 0.1674 0.009706873 0.5274165 0.1679395 0.009788234 0.5336971 0.1683213 0.009974395 0.5400259 0.1685402 0.01027344 0.5464073 0.1685883 0.01069368 0.5528406 0.1684499 0.01123513 0.5593246 0.1681023 0.01188113 0.5658499 0.1675153 0.01261234 0.5724047 0.1492525 0.01850317 0.621012 0.166662 0.0134097 0.5789773 0.1655163 0.01425434 0.5855548 0.164049 0.01512715 0.5921298 0.1493334 0.01756565 0.6158214 0.1526173 0.01694148 0.6099229 0.1347278 0.02036062 0.6441704 -0.1090851 0.01982846 -0.09030939 -0.1195436 0.0193443 -0.08501153 -0.1244483 0.01901214 -0.08252702 -0.1282075 0.01871686 -0.08062277 -0.04777388 0.02024239 0.02323537 -0.02864605 0.02036567 0.04025206 -0.005884684 0.0202899 0.0858824 0.005847563 0.02018159 0.1100408 0.01724276 0.02002286 0.1339897 0.02981423 0.01977678 0.1610597 0.04912877 0.01932822 0.2041901 0.05693139 0.0191603 0.2220707 0.06525969 0.0190095 0.2414385 0.07207495 0.01892462 0.2575216 0.07794467 0.0188827 0.2715061 0.08507264 0.01888549 0.2886785 0.09830803 0.0190007 0.3210735 0.1039898 0.01901814 0.3354282 0.1083217 0.01899206 0.346413 0.1126493 0.01891374 0.3575379 0.1169358 0.01876853 0.3686978 0.120064 0.0186075 0.3769373 0.1221796 0.01847109 0.3825699 0.1242819 0.01830965 0.3882123 0.1263706 0.01812117 0.3938647 0.1284463 0.0179039 0.3995295 0.1305077 0.01765589 0.4052048 0.1325545 0.01737549 0.4108919 0.1345865 0.0170606 0.416591 0.1366046 0.01670964 0.4223047 0.1386062 0.01632052 0.4280296 0.1405929 0.01589171 0.4337698 0.1425595 0.01542675 0.4395245 0.1454961 0.01467882 0.44822 0.1515326 0.01294154 0.4674921 0.1535104 0.01233753 0.4744743 0.1551224 0.01185025 0.4803861 0.1566523 0.01139281 0.486329 0.1580941 0.01097376 0.492303 0.1594383 0.0106012 0.4983099 0.1606777 0.01028352 0.5043533 0.161805 0.01002904 0.510434 0.1628118 0.009845914 0.5165531 0.163691 0.009742473 0.5227143 0.1644354 0.009727113 0.5289182 0.1650371 0.009808234 0.5351673 0.1654861 0.009993836 0.5414622 0.165778 0.01029232 0.5478064 0.1659038 0.01071208 0.5542004 0.1658482 0.01125296 0.5606425 0.1655892 0.01189825 0.5671231 0.1651003 0.01262882 0.5736281 0.1643523 0.01342554 0.5801473 0.1633205 0.01426955 0.5866671 0.1619787 0.01514139 0.5931784 0.1361877 0.01923735 0.6362084 0.1342581 0.01977519 0.6410149 -0.07483321 0.02012063 -0.02909893 -0.07341704 0.01985742 -0.006200847 -0.0774381 0.01962543 -0.003845548 -0.04193688 0.02033111 0.02439202 -0.01669868 0.02029927 0.07450672 -0.006120206 0.02023055 0.09600745 0.004292032 0.0201219 0.1175416 0.01187313 0.02001118 0.1335112 0.0189595 0.01988703 0.1486181 0.02813429 0.01969255 0.1685287 0.0449193 0.01930294 0.2059886 0.05286624 0.01913223 0.2241438 0.06122294 0.01898158 0.2435101 0.06808403 0.01889678 0.2596203 0.07391735 0.01885541 0.2734645 0.07951492 0.01885398 0.2868698 0.08440103 0.0188827 0.2985849 0.0964428 0.01898693 0.3281385 0.1023287 0.01898414 0.3428794 0.1066889 0.01893398 0.3539221 0.1110275 0.01882422 0.3650357 0.1153174 0.01864093 0.376169 0.1184653 0.01844558 0.3844514 0.1205861 0.0182843 0.3900845 0.1226935 0.01809598 0.3957273 0.1247884 0.01787877 0.4013825 0.1268691 0.01763092 0.4070479 0.1289359 0.01735061 0.4127249 0.1309879 0.01703589 0.4184139 0.1330268 0.01668508 0.424117 0.1350489 0.01629612 0.4298317 0.1370573 0.01586756 0.4355608 0.1390449 0.01540276 0.4413049 0.1419771 0.01466466 0.4498755 0.1481115 0.01292666 0.469118 0.1501494 0.01231449 0.4761767 0.1517938 0.01182737 0.4820723 0.1533585 0.01137025 0.4879976 0.1548374 0.01095136 0.4939526 0.1562211 0.0105792 0.4999396 0.1575036 0.01026176 0.5059612 0.1586776 0.01000752 0.5120182 0.1597347 0.009824715 0.5181119 0.1606678 0.009721754 0.5242457 0.1614708 0.009706873 0.5304199 0.1621348 0.009788234 0.5366374 0.1626519 0.009974395 0.5428978 0.1630158 0.01027344 0.5492057 0.1632182 0.01069368 0.5555608 0.1632464 0.01123513 0.5619605 0.1630771 0.01188113 0.5683955 0.1502508 0.01667876 0.6102603 0.1626841 0.01261234 0.5748521 0.1620427 0.0134097 0.5813171 0.1611245 0.01425434 0.5877795 0.1599085 0.01512715 0.5942272 0.1394279 0.02016975 0.6383954 0.1468878 0.01745108 0.6172033 0.1444643 0.01728645 0.6185256 0.1289521 0.02019126 0.6500113 -0.1326122 0.01833086 -0.07839155 -0.1364917 0.01795413 -0.07642633 -0.07887028 0.01998622 -0.02677708 -0.05994789 0.02020175 -0.0004353828 -0.01698277 0.02019478 0.08444248 -0.009016787 0.02013591 0.1006968 0.0001652917 0.02003871 0.1196914 0.0102104 0.01988942 0.1408535 0.03925885 0.0192567 0.2044684 0.0196827 0.01970495 0.1612056 0.04881996 0.01905046 0.2262578 0.05719595 0.0189007 0.2455945 0.0640264 0.01881677 0.2615761 0.06993661 0.01877558 0.2755173 0.07717346 0.01877926 0.2927612 0.0906378 0.01889773 0.325282 0.07323864 0.01865038 0.2948331 0.0962648 0.01891454 0.339281 0.1006918 0.01888902 0.3503338 0.105064 0.01881182 0.36137 0.1094197 0.0186679 0.3724878 0.1126 0.01850733 0.3807182 0.1147518 0.01837134 0.3863326 0.1168906 0.01821045 0.3919565 0.1190173 0.01802237 0.3975895 0.1211309 0.01780565 0.4032353 0.1232314 0.01755828 0.4088907 0.1253181 0.01727829 0.4145574 0.1273899 0.01696412 0.4202365 0.1294491 0.01661348 0.4259294 0.1314928 0.01622507 0.431633 0.1335216 0.01579675 0.4373518 0.1355318 0.01533243 0.4430845 0.13845 0.01460786 0.4514952 0.1446908 0.01286706 0.4707496 0.1467898 0.01224737 0.4778786 0.1484653 0.01176081 0.4837583 0.1500646 0.01130449 0.4896661 0.1515808 0.01088624 0.4956025 0.1530039 0.01051488 0.5015693 0.1543294 0.01019824 0.5075691 0.1555501 0.009944954 0.5136025 0.1566576 0.009763273 0.5196706 0.1576457 0.009661353 0.5257766 0.1585062 0.009647593 0.5319217 0.1592336 0.009730234 0.5381071 0.1598179 0.009917755 0.5443334 0.1602534 0.01021824 0.550605 0.1605338 0.01064 0.5569206 0.1606445 0.01118313 0.5632785 0.1605652 0.01183089 0.569668 0.1602691 0.01256401 0.5760755 0.1597319 0.01336354 0.5824878 0.1589298 0.01421058 0.5888912 0.1578383 0.01508587 0.5952759 0.1340719 0.01899917 0.6372779 0.1325513 0.01958286 0.6418771 -0.05957165 0.02008695 0.0104344 -0.06281839 0.01968231 0.02453313 -0.04384344 0.0201183 0.04120975 -0.01833254 0.02004294 0.09224142 -0.00527804 0.01992063 0.1190831 0.006051405 0.01975527 0.1428932 0.03190335 0.01919925 0.1992512 0.01547739 0.01957246 0.1631195 0.04137702 0.01898669 0.220626 0.05077662 0.01880677 0.2421504 0.05766675 0.0187107 0.2581413 0.06239031 0.01866606 0.269191 0.06703138 0.01864357 0.2801265 0.08679442 0.0187719 0.3273475 0.09242813 0.01878909 0.3412729 0.09687473 0.01876429 0.3522921 0.1012759 0.01868822 0.3633038 0.1056739 0.01854421 0.3744549 0.1088691 0.01838589 0.3826081 0.1110389 0.01825061 0.3882134 0.1131968 0.0180902 0.3938276 0.1153415 0.01790285 0.3994515 0.1174742 0.01768661 0.4050876 0.1195939 0.01743989 0.4107333 0.1216998 0.01716061 0.4163905 0.1237931 0.01684692 0.4220585 0.1258727 0.01649716 0.4277409 0.1279367 0.01610923 0.4334344 0.1299871 0.0156818 0.4391423 0.1320188 0.01521819 0.444864 0.1349112 0.01450882 0.4531 0.1412682 0.01276482 0.4723786 0.1434313 0.01213809 0.47958 0.1451378 0.01165265 0.4854439 0.146772 0.01119729 0.491334 0.1483239 0.0107804 0.4972521 0.1497879 0.01041016 0.5031984 0.1511577 0.01009504 0.5091757 0.1524239 0.009843274 0.5151861 0.1535815 0.009663112 0.5212287 0.1546236 0.009563032 0.5273074 0.1555428 0.009551191 0.5334228 0.1563325 0.009635913 0.5395767 0.1569839 0.009825514 0.5457691 0.1574924 0.01012832 0.5520036 0.1578494 0.01055256 0.5582805 0.1580439 0.01109848 0.5645959 0.148584 0.01460507 0.5999869 0.1580532 0.01174913 0.5709404 0.1578553 0.01248545 0.5772982 0.1574234 0.0132885 0.5836571 0.1567352 0.01413922 0.5900029 0.1477849 0.01552283 0.6060368 0.1466989 0.01643444 0.6120198 0.1393434 0.01865198 0.6301619 -0.1170413 0.01934846 -0.07969203 -0.05870436 0.01991511 0.02234848 -0.0478774 0.01993287 0.04356569 -0.0278034 0.01988806 0.08359007 -0.01856702 0.01982702 0.1023446 -0.008193102 0.01971982 0.1237538 0.001923694 0.01957046 0.1450169 0.02746261 0.01902422 0.2005707 0.01133481 0.0193887 0.1651798 0.03730492 0.01880493 0.222697 0.04669835 0.01862661 0.2441435 0.05363297 0.01853118 0.2601691 0.0583894 0.01848725 0.2712403 0.06428257 0.01846261 0.2850581 0.07050948 0.0184827 0.2997887 0.08298735 0.01859958 0.3295115 0.08857722 0.01861742 0.3432168 0.0930283 0.01859469 0.3541367 0.09748545 0.01851973 0.365197 0.101912 0.01837765 0.376315 0.1051406 0.01821973 0.3844967 0.1073271 0.01808509 0.3900935 0.109503 0.01792549 0.3956988 0.1116668 0.01773909 0.401313 0.1138188 0.0175238 0.4069393 0.1159588 0.01727772 0.4125746 0.1180839 0.01699941 0.4182221 0.1201975 0.01668668 0.4238799 0.1222975 0.0163378 0.4295519 0.1243819 0.01595084 0.435235 0.1264538 0.01552436 0.4409321 0.1285071 0.01506154 0.446643 0.1311236 0.01443394 0.4539454 0.1376976 0.01265546 0.4736237 0.1400727 0.01198833 0.4812812 0.1418128 0.01150433 0.4871282 0.1434805 0.01105056 0.4930013 0.1450695 0.01063528 0.4989008 0.146573 0.01026688 0.5048269 0.147986 0.009953675 0.5107825 0.1492989 0.009703914 0.516769 0.1505069 0.009526072 0.5227863 0.1516028 0.009428391 0.5288376 0.1525807 0.009419111 0.5349233 0.1534326 0.009506632 0.5410457 0.1541509 0.009699274 0.5472041 0.1547326 0.01000527 0.5534016 0.1551661 0.01043304 0.5596396 0.1545416 0.01404138 0.5911141 0.1554445 0.01098264 0.5659126 0.1555436 0.01163721 0.5722117 0.1554416 0.01237785 0.5785209 0.155115 0.01318554 0.5848265 0.1334115 0.02025911 0.6448377 0.1378373 0.01761829 0.6266877 0.1365551 0.0184395 0.6319455 0.1265742 0.02010638 0.6536097 0.1301079 0.01927366 0.643122 0.1310111 0.01861582 0.6388572 -0.1056308 0.01890213 -0.037889 -0.1111984 0.01853213 -0.03854909 -0.0906882 0.01827957 0.01101912 -0.09300286 0.01864774 -0.003568106 -0.02275785 0.01959478 0.1043612 -0.01235321 0.0194879 0.1258096 -0.003493466 0.01935958 0.1443948 0.006075166 0.0191827 0.1647958 0.02391162 0.01878158 0.2038861 0.03317321 0.01857742 0.2246422 0.04269776 0.01839918 0.2462909 0.04966605 0.01830525 0.2623307 0.05438593 0.01826285 0.2732725 0.06032541 0.01823958 0.287128 0.06656242 0.01826125 0.3017988 0.07912692 0.01838253 0.3315243 0.08473576 0.01840126 0.3451996 0.08922475 0.01837973 0.3561355 0.09370983 0.01830622 0.3671754 0.09815449 0.01816702 0.3782182 0.1014132 0.01801069 0.3863849 0.1036178 0.01787717 0.3919726 0.1058128 0.01771853 0.397568 0.1079947 0.01753317 0.4031731 0.1101657 0.01731893 0.4087898 0.1123236 0.01707405 0.4144161 0.1144703 0.01679685 0.4200526 0.1166031 0.01648516 0.4257007 0.1187235 0.0161374 0.4313626 0.1208294 0.01575171 0.4370346 0.1229228 0.01532635 0.4427207 0.1249965 0.01486474 0.4484212 0.1278425 0.01418554 0.4563227 0.134452 0.01243321 0.4757126 0.1367167 0.01180017 0.4829813 0.1384878 0.01131792 0.4888125 0.1401901 0.01086616 0.494668 0.1418165 0.01045288 0.5005486 0.1433607 0.01008672 0.5064542 0.1448155 0.009775993 0.5123885 0.1461751 0.009528872 0.5183515 0.1474333 0.00935375 0.5243433 0.1485831 0.00925911 0.5303673 0.1496197 0.00925311 0.5364232 0.1505338 0.00934407 0.5425139 0.1513205 0.009540471 0.5486379 0.1519727 0.009850635 0.5547996 0.1528076 0.01305618 0.5859953 0.1524854 0.01028272 0.5609976 0.1469412 0.01352034 0.5949799 0.1528451 0.01083688 0.5672292 0.1530339 0.01149657 0.573483 0.1530288 0.01224257 0.5797431 0.1431475 0.01612324 0.6138046 0.1427431 0.01718493 0.6196446 -0.1405303 0.01752917 -0.07438055 -0.1451625 0.01700468 -0.07203406 -0.08463 0.01933014 -0.007602137 -0.06670338 0.01940774 0.02712923 -0.07947396 0.01870926 0.02262968 -0.07817011 0.0183263 0.0353493 -0.04714148 0.01908478 0.07605489 -0.02957934 0.01933798 0.1010004 -0.01909902 0.01924134 0.122502 -0.008773666 0.01910197 0.1440621 0.0187871 0.01853133 0.2036429 0.0004985448 0.0189347 0.1637756 0.02907566 0.01830517 0.2266467 0.0372498 0.01815173 0.2451593 0.04574666 0.01803237 0.2645941 0.05269184 0.01798189 0.2806658 0.05743508 0.0179747 0.2916896 0.06264911 0.01799686 0.3038808 0.07529344 0.01812333 0.3335988 0.08087021 0.01814389 0.3470849 0.0853984 0.0181246 0.3580237 0.08990707 0.01805413 0.3690128 0.09439791 0.01791614 0.3800943 0.09768713 0.01776109 0.3882724 0.09991091 0.01762877 0.3938503 0.1021227 0.0174714 0.3994373 0.1043237 0.01728716 0.4050327 0.1065138 0.01707429 0.4106396 0.1086922 0.01683068 0.4162556 0.110858 0.01655476 0.4218824 0.1130112 0.01624452 0.4275201 0.1151518 0.01589812 0.4331717 0.1172793 0.01551388 0.4388329 0.1193931 0.01508987 0.4445087 0.1214896 0.01462979 0.4501977 0.1243305 0.0139589 0.4580111 0.131042 0.01221193 0.4773678 0.1333629 0.01157545 0.4846801 0.1351653 0.01109536 0.4904956 0.1369023 0.01064576 0.4963336 0.1385657 0.01023504 0.5021953 0.1401483 0.009871594 0.5080815 0.1416474 0.009563672 0.5139934 0.1430536 0.009319671 0.5199327 0.144361 0.009147989 0.5258995 0.1455659 0.009056868 0.5318958 0.1466599 0.009054868 0.5379226 0.1476363 0.009149989 0.5439817 0.14849 0.009350951 0.5500717 0.1506175 0.01208105 0.5809647 0.1492153 0.009665833 0.5561965 0.1498045 0.01010312 0.5623556 0.1444551 0.01424442 0.6020688 0.1502481 0.01066296 0.5685449 0.1439281 0.01518531 0.6079775 0.1505255 0.01132849 0.5747537 0.1321213 0.02013487 0.6454902 0.1351454 0.0173438 0.6282584 0.1271883 0.01996111 0.6509046 -0.08581305 0.01902638 0.000198837 -0.06974244 0.01908726 0.03142191 -0.03844197 0.0190451 0.09356134 -0.02844052 0.01897382 0.1138972 -0.0180091 0.01885654 0.1354634 -0.005587002 0.01865741 0.1616353 0.01553844 0.01819534 0.2076051 0.02495802 0.01799141 0.2285945 0.03320881 0.01783869 0.2472209 0.04170862 0.01772125 0.2665986 0.0487414 0.01767333 0.2827688 0.05344089 0.01766732 0.2936525 0.05870076 0.01769109 0.3058896 0.07146366 0.01782389 0.3356843 0.07704874 0.01784597 0.3491044 0.08159174 0.01782877 0.3599937 0.08613288 0.01776044 0.3709698 0.09065132 0.01762581 0.3820037 0.09396343 0.01747301 0.3901586 0.09620513 0.01734204 0.3957275 0.0984361 0.0171862 0.4013048 0.100655 0.01700341 0.4068911 0.1028644 0.01679188 0.4124883 0.1050618 0.01654988 0.4180945 0.107248 0.01627539 0.4237111 0.1094203 0.01596684 0.4293391 0.1115825 0.01562203 0.4349797 0.1137304 0.01523922 0.4406308 0.1158646 0.01481682 0.4462961 0.1179838 0.01435851 0.4519736 0.1208304 0.01369578 0.4597053 0.1276573 0.01195081 0.4790784 0.1300103 0.01131617 0.4863784 0.1318451 0.01083848 0.4921775 0.1336157 0.01039152 0.4979984 0.1353161 0.009983675 0.5038413 0.1369392 0.009623272 0.509707 0.1384803 0.00931871 0.5155976 0.1399334 0.009078308 0.5215133 0.141291 0.008910467 0.5274547 0.1425497 0.008823586 0.5334236 0.1437012 0.008825986 0.5394213 0.1447412 0.008925987 0.5454484 0.1480195 0.01113456 0.576023 0.1456618 0.009132148 0.5515043 0.1464591 0.009452711 0.5575926 0.147126 0.009895834 0.5637124 0.1476523 0.010462 0.5698598 0.139616 0.01575179 0.6155825 0.1404813 0.01687581 0.6203434 -0.05372193 0.01873134 0.07328503 -0.04052063 0.01867349 0.09982659 -0.0300503 0.01858837 0.1211966 -0.01953806 0.0184599 0.1429987 -0.008590545 0.01827469 0.1661305 0.01133017 0.01784093 0.2094272 0.02087656 0.01763692 0.23063 0.03050118 0.01746381 0.2522929 0.03756172 0.01737468 0.2683481 0.04236336 0.01733653 0.2793118 0.04718164 0.01732061 0.2903714 0.05270919 0.01733228 0.3031551 0.05952812 0.01739644 0.3189526 0.06942908 0.01749869 0.3420825 0.0754936 0.01750933 0.3564724 0.08006252 0.01747108 0.3673826 0.08463583 0.01737412 0.3783958 0.08917555 0.01720373 0.3894352 0.09250182 0.01701925 0.3976035 0.09475072 0.01686492 0.4031716 0.09699001 0.01668387 0.4087476 0.09921851 0.01647404 0.4143352 0.1014352 0.01623364 0.4199317 0.1036404 0.01596092 0.4255385 0.1058331 0.01565395 0.4311563 0.1080145 0.01531107 0.4367871 0.1101839 0.01493002 0.4424273 0.1123396 0.01450962 0.4480818 0.1144792 0.01405315 0.4537489 0.1171818 0.01344394 0.4608927 0.1239737 0.01172257 0.4800167 0.1266602 0.01102408 0.4880753 0.1285261 0.01054912 0.4938587 0.1303314 0.01010528 0.4996622 0.1320678 0.009700553 0.5054869 0.1337317 0.00934367 0.5113318 0.1353159 0.009042788 0.5172005 0.1368155 0.008806386 0.5230926 0.1382234 0.008643105 0.5290086 0.1395361 0.008560785 0.5349502 0.1407462 0.008568305 0.5409181 0.138679 0.009585192 0.574411 0.1418484 0.008673825 0.5469138 0.1455146 0.01091616 0.5772919 0.1428361 0.008885747 0.5529357 0.1422776 0.01134177 0.585197 0.1437052 0.00921255 0.5589877 0.1444489 0.009662472 0.5650686 0.1403654 0.01381642 0.6041387 0.1438471 0.01012568 0.5717948 -0.1691915 0.01380706 -0.05986205 -0.1732916 0.01320642 -0.05778508 -0.1256855 0.01722116 -0.03629772 -0.1060094 0.01819718 -0.01855589 -0.1263003 0.01574611 -0.007425416 -0.1227003 0.01628444 -0.0105288 -0.1065604 0.0168714 0.01058032 -0.05419521 0.01786972 0.09313334 -0.03934662 0.01823645 0.1127252 -0.02615956 0.01809877 0.1398743 -0.01282682 0.01787996 0.1679643 0.007452777 0.01744381 0.2119287 0.01683949 0.01724492 0.2327459 0.02378178 0.0171198 0.2483084 0.02999958 0.01702692 0.2623314 0.03595747 0.01696701 0.2758547 0.04078998 0.0169414 0.2868667 0.04550722 0.01693884 0.297686 0.05174607 0.0169778 0.3119271 0.06557562 0.01712637 0.3440691 0.07166501 0.01714045 0.3584053 0.07627025 0.0171058 0.3692989 0.08087477 0.01701165 0.3803016 0.08544865 0.01684308 0.3913538 0.08880202 0.01666276 0.3994777 0.09106893 0.01651019 0.4050368 0.09332615 0.01633084 0.4106036 0.09557384 0.01612284 0.4161815 0.09780962 0.01588444 0.4217683 0.100034 0.01561355 0.4273654 0.1022483 0.01530867 0.4329722 0.1044501 0.01496755 0.4385928 0.1066398 0.01458858 0.4442225 0.1088171 0.01417018 0.4498661 0.1109782 0.01371569 0.4555223 0.1136917 0.01311522 0.4625907 0.120564 0.01140193 0.4816679 0.1233113 0.01070144 0.4897719 0.1252094 0.01022968 0.4955387 0.1270495 0.009789034 0.5013246 0.128823 0.009387831 0.5071305 0.1305264 0.009034868 0.5129555 0.1321537 0.008738066 0.5188024 0.1336989 0.008506144 0.5246714 0.1351571 0.008347663 0.5305618 0.1365236 0.008270622 0.5364762 0.1377911 0.008283662 0.542415 0.1389568 0.008395183 0.5483785 0.1418528 0.01055952 0.5791548 0.1400116 0.008613665 0.5543665 0.1396692 0.008818627 0.5610371 0.1405199 0.00927911 0.5670635 0.1372493 0.01650844 0.6219594 0.1361087 0.01533251 0.6173548 0.1302585 0.01992238 0.6464376 0.1321024 0.01687444 0.6294713 0.125422 0.01994862 0.6541936 0.126775 0.01799133 0.6409074 0.1266734 0.01878245 0.644856 -0.1490425 0.01653676 -0.0700686 -0.1102084 0.01776405 -0.01660507 -0.08707282 0.01788117 0.02813732 -0.04351297 0.01780316 0.1147569 -0.03166776 0.01768269 0.1391044 -0.01866973 0.01748197 0.1663699 0.003246984 0.01701773 0.2137422 0.01280722 0.0168186 0.2348683 0.02244401 0.01665155 0.2564171 0.03079935 0.01655484 0.2752749 0.03802741 0.0165194 0.2916828 0.04560002 0.01654227 0.3089541 0.05841812 0.0166926 0.3382614 0.06322776 0.016729 0.3495624 0.06783467 0.01673996 0.360319 0.0724887 0.01670708 0.3712675 0.07712387 0.01661668 0.3822392 0.0817171 0.01645492 0.3931831 0.08510344 0.016275 0.4013511 0.08738945 0.01612444 0.4069005 0.08966467 0.015947 0.4124584 0.09193158 0.01574099 0.4180264 0.09418646 0.01550459 0.4236035 0.09643129 0.01523587 0.4291904 0.09866474 0.01493299 0.4347875 0.100888 0.01459402 0.4403972 0.1030981 0.0142173 0.4460166 0.1052957 0.01380106 0.4516499 0.1074795 0.0133489 0.4572946 0.1102181 0.01275226 0.4643424 0.1171455 0.01105528 0.4832898 0.1199659 0.01035072 0.4914665 0.1218964 0.009882155 0.497217 0.1237689 0.009445191 0.5029864 0.1255806 0.009047909 0.5087729 0.1273223 0.008699026 0.5145784 0.1289927 0.008406864 0.5204037 0.1305846 0.008179742 0.526249 0.1320931 0.0080263 0.5321139 0.1321341 0.007805019 0.5387091 0.1348398 0.00797422 0.5439101 0.1347164 0.0079455 0.5505314 0.1358719 0.008174702 0.5564681 0.1382065 0.01260898 0.5993969 0.1357106 0.01140641 0.5946641 0.140099 0.01478347 0.6099105 0.1340474 0.01610484 0.6235745 0.1288541 0.01642404 0.6311323 -0.1527605 0.01606747 -0.06818523 -0.1343814 0.01516347 -0.01298922 -0.1068085 0.01734269 1.370172e-05 -0.08882291 0.01742029 0.03491722 -0.07294199 0.01743916 0.06611554 -0.04574578 0.0173194 0.1207482 -0.03718075 0.01723492 0.1383115 -0.02613108 0.01707684 0.1613846 -0.002569058 0.01659477 0.2120134 0.008713586 0.01636235 0.2368425 0.01840413 0.01619764 0.2584404 0.02545378 0.01611779 0.2742834 0.03030583 0.01608452 0.2852281 0.03522986 0.01607355 0.2963486 0.04166927 0.01609844 0.3109775 0.05606426 0.01627523 0.3436883 0.06168102 0.0163074 0.3568279 0.06637042 0.01630116 0.3677438 0.07102637 0.0162458 0.3786244 0.07568913 0.01612508 0.3895995 0.08031485 0.01592212 0.4006244 0.08371248 0.0157102 0.4087631 0.08600689 0.01553491 0.4143113 0.08829171 0.01533115 0.4198702 0.090567 0.01509683 0.4254371 0.09283085 0.01483042 0.4310141 0.09508472 0.01452978 0.436601 0.09732713 0.01419314 0.442201 0.09955876 0.01381865 0.4478095 0.101778 0.0134049 0.4534319 0.1039822 0.01295514 0.4590662 0.1068097 0.01232513 0.4664699 0.1140843 0.01060808 0.4857962 0.115115 0.009794474 0.4939678 0.1170629 0.00933063 0.4996858 0.1190206 0.008902707 0.5054203 0.1208656 0.008510544 0.5111775 0.1241219 0.008338543 0.5161998 0.124405 0.00788414 0.5227424 0.1260349 0.007662057 0.5285592 0.1276599 0.007521816 0.5343737 0.1342109 0.008205502 0.5638033 0.1352075 0.008682066 0.5697538 0.1305528 0.007486777 0.5460887 0.1362965 0.0143297 0.6118364 0.1254907 0.01971318 0.651763 -0.1277822 0.0167414 -0.03029894 -0.1240684 0.01466427 0.01703004 -0.07714914 0.01694461 0.06806419 -0.05021373 0.01683149 0.1221228 -0.03940213 0.01671435 0.1443819 -0.0301551 0.0165822 0.163674 -0.006884451 0.01611092 0.213575 0.004569475 0.01587747 0.2387262 0.01439386 0.01571547 0.2605185 0.02144688 0.01563827 0.2763131 0.02631691 0.01560724 0.2872488 0.03117287 0.01559931 0.2981849 0.03773413 0.01562691 0.3129854 0.05225031 0.01581332 0.3457764 0.05789283 0.01584715 0.3589141 0.06257759 0.01584564 0.3696994 0.06725626 0.01579387 0.3805477 0.07195167 0.01567507 0.3915428 0.07661665 0.01547756 0.4025289 0.07841659 0.01507419 0.41141 0.08073061 0.01490099 0.4169536 0.08465415 0.01489595 0.4217128 0.08694865 0.01466395 0.42727 0.08761371 0.01420146 0.4336541 0.08992996 0.01391226 0.4391674 0.09217741 0.01357314 0.4447984 0.09602184 0.01339546 0.4496011 0.09668457 0.01279242 0.4559937 0.1004884 0.01253706 0.4608361 0.1033 0.01191993 0.4681129 0.1107218 0.01020352 0.4875222 0.1195155 0.007781898 0.5185485 0.1302971 0.007509336 0.5592944 0.1261706 0.007093333 0.541731 0.1268819 0.008694305 0.5867323 0.1231679 0.007567577 0.5822629 0.1289967 0.007262695 0.5534287 0.1339143 0.01206961 0.60157 0.1362889 0.0133297 0.606201 0.132534 0.01486251 0.6191562 0.1308291 0.01566772 0.6252019 0.1276757 0.01957287 0.6477421 -0.1569482 0.01551723 -0.06606393 -0.1025799 0.01638772 0.02839349 -0.05928853 0.0163458 0.1141869 -0.04921861 0.01626355 0.1347052 -0.03565419 0.01608852 0.16283 -0.03664172 0.01549188 0.1715144 -0.01427763 0.01566627 0.2084962 -0.004303552 0.01546091 0.2301788 0.00548292 0.0152814 0.2517297 0.01519355 0.01515107 0.2733147 0.0223304 0.01510531 0.2892681 0.02720611 0.01509986 0.3001943 0.03207256 0.01512083 0.3111183 0.03744804 0.01517587 0.323133 0.05011285 0.01534267 0.3517471 0.05636418 0.0153726 0.3660761 0.06111429 0.01535067 0.3769888 0.06584945 0.01527227 0.3879122 0.06931917 0.01516811 0.3959426 0.07003004 0.01486163 0.4022598 0.0723899 0.01474475 0.4077528 0.07941699 0.01423394 0.424346 0.08174037 0.01400562 0.4298906 0.09094605 0.01275522 0.4521461 0.0954764 0.01190553 0.4633442 0.09981067 0.01148377 0.4698505 0.1073423 0.009782234 0.4892001 0.1084737 0.008962068 0.4973179 0.110522 0.008508625 0.5030026 0.1125362 0.008088861 0.5087011 0.1144512 0.007705018 0.5144248 0.1181312 0.007096533 0.5259168 0.119877 0.006888372 0.5316787 0.1216264 0.006764531 0.5374304 0.1287601 0.007521016 0.5665638 0.1247177 0.006754051 0.5490443 0.1295479 0.01147769 0.6037817 0.1321443 0.01278594 0.608297 0.1324387 0.01382322 0.6137849 0.1225494 0.01734844 0.6430729 -0.1612143 0.01493627 -0.06390288 -0.1458335 0.01339882 -0.004962917 -0.1036042 0.0158574 0.03653507 -0.08376967 0.01588099 0.07550857 -0.06010997 0.01577939 0.1229913 -0.04809091 0.01566435 0.1475924 -0.01820485 0.01512586 0.210917 -0.008335343 0.01492835 0.2322796 0.001392171 0.01475139 0.2536717 0.01116032 0.01462482 0.2752931 0.01834573 0.01458218 0.2912866 0.02324121 0.01457931 0.3022028 0.0298539 0.01461355 0.3169801 0.04448242 0.01482442 0.3494913 0.05000933 0.01486155 0.3622249 0.05496145 0.01486651 0.3735457 0.05972436 0.01482627 0.3843418 0.06321368 0.01475243 0.3923371 0.06393295 0.01445771 0.3986635 0.07106277 0.01411082 0.4151398 0.07339959 0.01393914 0.4206887 0.08039605 0.01325538 0.4373133 0.08276767 0.01297226 0.4428176 0.08509392 0.01264634 0.4483755 0.08964284 0.01186929 0.4595663 0.09633841 0.01102424 0.4716384 0.1039539 0.00934479 0.4908549 0.1131171 0.006944132 0.5217851 0.1201771 0.006308367 0.544765 0.1232342 0.006507569 0.5563468 0.1246853 0.006774051 0.5621354 0.1278838 0.009548392 0.5924829 0.1310655 0.01079728 0.5970125 0.1261604 0.01499626 0.6275714 0.1274118 0.01414298 0.621756 -0.1651261 0.01438962 -0.06192135 -0.08801667 0.01531923 0.07738507 -0.07068277 0.01466555 0.1224006 -0.08284166 0.01411738 0.108329 -0.06146375 0.01520187 0.1306773 -0.04715283 0.01503795 0.1601726 -0.03323553 0.01479466 0.1895119 -0.01788788 0.01448587 0.2224413 -0.007514936 0.01428522 0.2450147 0.002329137 0.01413403 0.2666509 0.007687418 0.01381322 0.2834564 0.0126441 0.01379265 0.2943745 0.01747269 0.01378625 0.3052093 0.02418634 0.01406753 0.3151131 0.02966101 0.01413003 0.3272166 0.04246896 0.01431114 0.3558603 0.04861045 0.01435267 0.3696213 0.0535456 0.01433978 0.3808177 0.05706995 0.01429618 0.3887539 0.05773691 0.01400467 0.3951177 0.06255175 0.01384642 0.4060627 0.06496345 0.0137365 0.4115324 0.07204742 0.01323194 0.4281088 0.0744644 0.01301882 0.4335778 0.08381439 0.01178609 0.4557802 0.08845747 0.0109532 0.4669074 0.09285126 0.01055672 0.4733486 0.09924779 0.008748546 0.4928547 0.1017732 0.008054781 0.5007004 0.1039087 0.007612377 0.5063499 0.1059318 0.007195094 0.5120303 0.1079626 0.006825492 0.5177107 0.1092839 0.005045398 0.5436702 0.1141667 0.005469721 0.5478066 0.1187635 0.005946685 0.552058 0.1117608 0.006233087 0.5291353 0.1136295 0.006041245 0.5348427 0.1154221 0.005923805 0.5405656 0.1192253 0.006527648 0.5778482 0.1231068 0.008864547 0.5949027 0.1264502 0.01015264 0.5993491 0.1252068 0.01085632 0.6059783 0.1280232 0.01221009 0.6103808 0.1286315 0.0132925 0.6157164 0.1242977 0.01906814 0.6494566 0.1232793 0.01826149 0.6465713 0.1233632 0.01938182 0.65284 0.1232502 0.01960894 0.6552939 -0.1416083 0.01456226 -0.01683652 -0.1525611 0.01216689 0.002123616 -0.1388029 0.01285018 0.01864341 -0.1284402 0.01228353 0.04892724 -0.08691889 0.01473627 0.08982219 -0.05848644 0.01455122 0.1473366 -0.04794892 0.01441362 0.1691822 -0.02365705 0.01394201 0.2209258 -0.01161745 0.01371858 0.2469766 -0.001750253 0.01357185 0.2685736 0.01843909 0.01326346 0.3179437 0.02517146 0.0135737 0.3279957 0.03255048 0.01368505 0.3443209 0.03839197 0.01353842 0.3621204 0.04320296 0.01357633 0.3727597 0.04656475 0.01354945 0.3806908 0.04920325 0.01356866 0.3859855 0.05161006 0.0135305 0.3915119 0.05645147 0.01341362 0.4024501 0.0636808 0.0130793 0.4188948 0.06607306 0.01291578 0.4244065 0.07326071 0.01226025 0.440916 0.07560617 0.01197185 0.446453 0.07791691 0.01164233 0.4520329 0.08258598 0.01088264 0.4631532 0.08934851 0.01007776 0.4750308 0.09622337 0.0080439 0.4967727 0.1066611 0.006043566 0.5250478 0.1174373 0.005698363 0.5592793 0.1218684 0.00797638 0.5892706 -0.1457241 0.01397249 -0.01475162 -0.1281907 0.01407361 0.01911821 -0.09687513 0.01414811 0.08039005 -0.06983469 0.01403146 0.1346287 -0.05933453 0.01392266 0.1561568 -0.04895477 0.01377258 0.1777517 -0.02785709 0.01336146 0.2227046 -0.01848757 0.01319058 0.2428818 -0.0106648 0.0130609 0.2599015 -0.003520986 0.01297402 0.275552 -0.0002063144 0.01267434 0.2876239 0.004751316 0.01265826 0.2984655 0.009629433 0.01266058 0.3092424 0.01917093 0.01275682 0.3300595 0.02867141 0.0131293 0.346286 0.05030742 0.01294306 0.3988493 0.05518377 0.01279178 0.4097963 0.05758371 0.01267938 0.4152826 0.06485233 0.01220409 0.4317257 0.06720506 0.01197809 0.4372718 0.07674874 0.01077424 0.4593617 0.08143021 0.009945195 0.4704856 0.08586657 0.009576152 0.4768139 0.09049572 0.00801662 0.4929108 0.09518199 0.007111014 0.5040448 0.09731394 0.00666965 0.509683 0.09940939 0.006261807 0.5153332 0.1015064 0.005902125 0.5209765 0.1074445 0.005155958 0.5379764 0.1128605 0.005101718 0.5550446 0.105487 0.00533492 0.5323141 0.1078608 0.004322752 0.570656 0.1180356 0.006817091 0.5848638 0.1169196 0.007238695 0.5917777 0.1183167 0.008150702 0.597329 0.1218987 0.009486871 0.6016557 0.1208235 0.0102028 0.6081955 0.1247642 0.01272626 0.6176716 0.1234762 0.01559147 0.6337134 -0.1773097 0.01260906 -0.05574962 -0.1201015 0.01352434 0.04491906 -0.08019317 0.01348034 0.1240162 -0.06671515 0.01335938 0.1515049 -0.05616057 0.01322234 0.1733702 -0.03196072 0.01276146 0.2247671 -0.02456458 0.01229529 0.2459602 -0.0146849 0.01247065 0.2619672 -0.00923823 0.01212129 0.2786588 0.01055184 0.01211129 0.3219097 0.0247941 0.01256161 0.34825 0.03071215 0.01242377 0.365837 0.03562602 0.01246369 0.3766813 0.03899645 0.01244217 0.3845245 0.04146855 0.01243097 0.3899645 0.04393521 0.01240465 0.3954074 0.04897116 0.01231833 0.4062537 0.0563673 0.01200897 0.4226064 0.05880804 0.01185417 0.4280745 0.06600858 0.01119889 0.4445968 0.06837755 0.01091288 0.4501313 0.07084278 0.01060856 0.4556061 0.07565049 0.009869835 0.4666528 0.08133662 0.008842307 0.4796775 0.08950459 0.007061893 0.5001676 0.1003467 0.005119639 0.5282493 0.1081843 0.004594994 0.5508354 0.1221095 0.01134025 0.6133767 -0.1830329 0.01173913 -0.05285047 -0.1731639 0.01081808 -0.01761613 -0.114952 0.01293138 0.06514337 -0.09939979 0.01292162 0.09592504 -0.08270118 0.01266946 0.1323378 -0.069525 0.01249321 0.1600682 -0.0571565 0.01256057 0.1819063 -0.04066591 0.01225745 0.2167756 -0.02358129 0.01160593 0.2588835 -0.01856029 0.01153761 0.2697571 -0.008221741 0.01148249 0.2916383 -0.003249945 0.01147137 0.3024218 0.001825613 0.01159697 0.3113772 0.01342689 0.01185569 0.333945 0.02171504 0.01177753 0.3563874 0.04119207 0.01158105 0.4034738 0.04771948 0.01167873 0.4135829 0.05022397 0.01158289 0.4190036 0.05764859 0.01113192 0.435362 0.06003758 0.01090984 0.4409031 0.06972668 0.009728553 0.4629121 0.07446176 0.008907587 0.4740061 0.0764877 0.008250223 0.4810015 0.08371999 0.007006533 0.4963432 0.08837098 0.006098446 0.5074742 0.09064124 0.005675962 0.513058 0.09919979 0.004398033 0.5354985 0.09287798 0.0052882 0.5186451 0.1012588 0.004234112 0.5411099 0.09498264 0.004930357 0.5242752 0.1031896 0.004136991 0.5467567 0.1098329 0.004800916 0.5761457 0.1115482 0.00537812 0.5817373 0.1105748 0.005682042 0.5886414 0.1097811 0.006138446 0.5953949 0.1114355 0.007089813 0.6008141 -0.2280421 0.004498913 -0.03005079 -0.1882108 0.008212382 -0.00664109 -0.1676447 0.01023256 0.003058342 -0.1122845 0.01230601 0.08064885 -0.1035219 0.01229673 0.09801313 -0.07756683 0.01214985 0.1502901 -0.06357376 0.01166969 0.1838863 -0.04037495 0.01170161 0.2258656 -0.03266368 0.01106832 0.2500628 -0.01755668 0.0108728 0.2826619 -0.002496579 0.01084608 0.3152405 0.00145033 0.01089936 0.3233452 0.007558456 0.010962 0.3369178 0.02309793 0.01126225 0.369856 0.02797645 0.01130649 0.3805281 0.03300856 0.01132881 0.391234 0.03643571 0.01126856 0.3992063 0.03997174 0.01095296 0.4108028 0.04909597 0.0109088 0.4262782 0.05161759 0.01076672 0.4316988 0.05895069 0.01013064 0.4481635 0.06137717 0.009853754 0.4536651 0.063722 0.009528713 0.4592252 0.06868548 0.008815026 0.4701821 0.08102253 0.005998045 0.5025971 0.09399535 0.004157951 0.5314652 0.1145141 0.00922983 0.61139 0.1153483 0.008490704 0.6049725 0.1192677 0.01189033 0.6204558 0.1203584 0.01307562 0.6253237 0.1167752 0.01639859 0.6458786 0.118129 0.01743653 0.6491859 -0.1917963 0.01037632 -0.0484114 -0.1621734 0.01150169 -0.006419008 -0.1446663 0.01159881 0.02746412 -0.1269183 0.01166065 0.06206863 -0.1164069 0.01167241 0.08273711 -0.1076435 0.01166321 0.1001009 -0.09042548 0.01121848 0.1404354 -0.07730371 0.01116568 0.166074 -0.04437177 0.01107136 0.2281574 -0.05688675 0.01045344 0.2145014 -0.04406681 0.01039384 0.2390589 -0.03165431 0.01036552 0.2629729 -0.02660604 0.01030136 0.2738328 -0.01615787 0.01038128 0.2936865 -0.01274978 0.01021656 0.303688 -0.00140657 0.0102812 0.3280775 0.007436296 0.01042632 0.3470121 0.01569115 0.01084816 0.3595477 0.03876829 0.01030184 0.4181076 0.04132646 0.01021472 0.4234989 0.05038678 0.01001496 0.43906 0.05279856 0.009798634 0.4445604 0.05953604 0.008156942 0.468079 0.06599305 0.007601817 0.4783167 0.07055133 0.007285175 0.4844313 0.08638162 0.004290671 0.5219332 0.08175734 0.005082439 0.5108234 0.08569489 0.003498426 0.5289811 0.08115662 0.004213952 0.5178593 0.0901298 0.002999862 0.5400906 0.09230709 0.002854342 0.5456416 0.09965811 0.003043382 0.5748086 0.0988129 0.003070823 0.5817271 0.1008846 0.003704107 0.5871379 0.1186059 0.01485227 0.6362981 0.1197524 0.01401234 0.6308123 -0.1573508 0.0109152 0.01293234 -0.1310387 0.0110196 0.06415584 -0.1185487 0.01065144 0.09476199 -0.111764 0.01102216 0.1021883 -0.0694498 0.010672 0.1881335 -0.04075878 0.009809355 0.2541635 -0.02520187 0.009788474 0.2848582 -0.01419922 0.009598473 0.3111221 -0.0104044 0.009616073 0.3192463 -0.002454899 0.009846955 0.3336274 0.01177393 0.009914075 0.3677705 0.01785301 0.01008888 0.379165 0.02283121 0.01013704 0.3896749 0.02328305 0.009630793 0.3991603 0.02581643 0.009612873 0.4045968 0.02836845 0.009583592 0.4099952 0.03854085 0.00925975 0.4316617 0.0426004 0.00936119 0.4362857 0.04862901 0.008520785 0.4533959 0.05103238 0.008238462 0.4589237 0.05354952 0.00794286 0.4643699 0.05848668 0.007222855 0.4753617 0.07593545 0.004978598 0.5070316 0.08767954 0.003175864 0.5346684 0.08738258 0.001354409 0.561369 0.1061666 0.007036053 0.609621 0.1139537 0.010074 0.6175097 0.1197991 0.01880014 0.6546473 -0.1997201 0.009119749 -0.04439754 -0.2169727 0.006324767 -0.03565811 -0.1351581 0.010372 0.06624258 -0.0918815 0.01024952 0.1525078 -0.07890099 0.009877115 0.182592 -0.06300647 0.009488471 0.2176015 -0.05157598 0.00931871 0.2412492 -0.03972342 0.009097348 0.2670605 -0.03464913 0.009037348 0.277907 -0.02831205 0.008985988 0.2914627 -0.0265038 0.008651345 0.3006029 -0.01181345 0.009014949 0.3266553 -0.00407627 0.00922247 0.3412959 0.03028311 0.009431511 0.4157167 0.04143544 0.008604465 0.4436154 0.04402425 0.008417823 0.449006 0.06366712 0.006228047 0.4877195 0.06896892 0.005133639 0.50044 0.07698978 0.0028109 0.5266932 0.07366576 0.003808908 0.5149246 0.09267909 0.001994895 0.565268 0.09184686 0.001766093 0.5722433 0.1114364 0.0106492 0.6244204 0.113202 0.01194209 0.6289503 0.1131309 0.0129545 0.6341656 0.1198924 0.01836086 0.6516857 -0.1745006 0.009564472 -0.0001746683 -0.1394636 0.009485592 0.07164239 -0.1288016 0.009399591 0.09404702 -0.1146313 0.009706954 0.1170593 -0.0959916 0.009597513 0.1545898 -0.0854672 0.009486871 0.1761071 -0.05246728 0.008310143 0.2546434 -0.02468067 0.008332943 0.3097318 -0.02284097 0.008027181 0.3188493 -0.009432711 0.008207422 0.3470345 0.003486906 0.008605665 0.3718008 0.009893915 0.008859267 0.3825456 0.01530355 0.008942147 0.3935048 0.02912733 0.008773426 0.4230019 0.03168152 0.008684466 0.4284124 0.053994 0.005698203 0.4843908 0.06625466 0.003439866 0.5119409 0.07831699 0.001688173 0.5394068 0.1000916 0.00402059 0.59395 0.09967635 0.004524593 0.6005146 0.1016609 0.005528202 0.6057642 0.1057303 0.007826779 0.615839 0.1128101 0.01392546 0.639269 -0.2082488 0.007746058 -0.04007718 -0.1779209 0.008911987 0.003234264 -0.1241211 0.009062388 0.1084479 -0.1027493 0.008961908 0.1513018 -0.09219318 0.008861747 0.1728017 -0.08879364 0.008172062 0.1894122 -0.0657637 0.008104142 0.2328648 -0.05293696 0.007300535 0.2688937 -0.04396561 0.007764619 0.2792723 -0.04012829 0.007470216 0.2914733 -0.02097968 0.007739658 0.3279509 -0.01713148 0.007788538 0.3360431 0.01947629 0.007701338 0.4211884 0.02973686 0.007300935 0.4428268 0.04685755 0.006134285 0.474499 0.05658186 0.005062998 0.4915683 0.06030397 0.003319945 0.5082141 0.06778059 0.002076815 0.5246394 0.0725895 0.00140497 0.5356188 0.08105525 0.0001134582 0.5711559 0.08832747 0.001220565 0.5805484 0.1056618 0.008739506 0.621705 -0.2077034 0.005186359 0.0007182193 -0.146514 0.00806942 0.07954068 -0.1390644 0.00807446 0.09421448 -0.132989 0.008070941 0.1062307 -0.1255933 0.008054781 0.1209345 -0.1009789 0.007897659 0.1705394 -0.09048277 0.007771499 0.1920737 -0.0618495 0.006937573 0.2572963 -0.04324376 0.006373248 0.302362 -0.03391145 0.007050053 0.3110575 -0.03076343 0.006747731 0.3228625 -0.01746397 0.006884692 0.3515667 -0.008485823 0.006920132 0.3732862 0.002262736 0.007630778 0.3864112 0.00275002 0.007132693 0.3961927 0.005420681 0.007165734 0.4015326 0.00797038 0.007165734 0.4069433 0.01063592 0.007171733 0.4122722 0.01326866 0.007154773 0.41764 0.01848285 0.007057333 0.4283969 0.02110959 0.006979732 0.4337757 0.02371722 0.006875652 0.4391656 0.02889605 0.006585969 0.4499505 0.03136919 0.006377008 0.455441 0.03399658 0.006166847 0.4608107 0.03649915 0.005900684 0.4662801 0.03918757 0.005632042 0.4716475 0.04419552 0.004923877 0.4825981 0.06204879 0.001937774 0.520809 0.08094605 -8.301336e-06 0.5777655 0.08808394 0.001333936 0.5871621 0.09045188 0.002015454 0.5924214 0.09042612 0.002446978 0.5988484 -0.1881959 0.007572217 0.003409945 -0.1659431 0.007360135 0.05165511 -0.08936259 0.007029253 0.2049347 -0.07395728 0.006773171 0.2370676 -0.05863717 0.005977325 0.2776915 -0.05118278 0.006124046 0.2901177 -0.03431353 0.005932285 0.3286074 -0.02499195 0.006515009 0.3400248 -0.005471321 0.006937813 0.3802988 0.04639195 0.003630027 0.4949664 0.04889797 0.003130903 0.5008638 0.06826523 -0.001030895 0.557817 0.0759945 -0.000499683 0.5671377 0.08963644 0.002880422 0.6055998 0.09303934 0.004117391 0.6101335 0.09740106 0.005609082 0.6140611 0.09692745 0.006385248 0.6202984 0.1043635 0.009497431 0.6280019 0.106529 0.01085464 0.6323249 0.113252 0.01725805 0.6550483 -0.1621903 0.006201567 0.07694474 -0.154748 0.00672765 0.08371175 -0.1418473 0.006783812 0.1083934 -0.1094504 0.006138766 0.1803968 -0.1039198 0.006502929 0.1854545 -0.09867458 0.006436608 0.1962235 -0.04186951 0.005753323 0.3150887 -0.00536604 0.006387647 0.3902756 0.03263856 0.003808748 0.4817413 0.04074903 0.003544026 0.4910851 0.053432 0.00135321 0.5184277 0.07328799 -0.001257049 0.5881641 0.1043589 0.01151385 0.6386045 -0.2230835 0.002471058 0.01102376 -0.1731371 0.006346928 0.05278432 -0.09020789 0.005663963 0.2229878 -0.07662202 0.00544244 0.2513545 -0.07887131 0.004290192 0.2637879 -0.04277911 0.004185151 0.3388721 -0.03993598 0.004244272 0.3443899 -0.03475546 0.004341152 0.3550487 -0.02236664 0.005457321 0.3654531 -0.01888086 0.004735396 0.3871121 0.006204847 0.005521962 0.4280147 0.01677916 0.005177959 0.4494159 0.04988277 0.001616172 0.5134838 0.05565097 9.220922e-05 0.5307793 0.06994373 -0.001173315 0.5635997 0.07455712 -0.0006120737 0.6004708 0.09465879 0.006927252 0.6272805 0.1084426 0.01582532 0.6540916 -0.1794773 0.005329321 0.05557682 -0.1524941 0.00537588 0.1085643 -0.1420558 0.005358841 0.1292737 -0.1360218 0.00533748 0.1413137 -0.1076094 0.004726435 0.2041949 -0.1050085 0.004686595 0.2095961 -0.06753274 0.004158991 0.2874648 -0.06210487 0.004122271 0.2987732 -0.05676786 0.00410619 0.3098767 -0.05314183 0.00411003 0.317395 -0.0505339 0.004119791 0.3227911 -0.04531546 0.004159471 0.3335586 -0.02421002 0.004600754 0.3764192 -0.02155247 0.004668274 0.3817613 -0.01622859 0.004792036 0.3924415 -0.01356633 0.004844516 0.3977716 -0.007108774 0.005513481 0.4011903 -0.004455314 0.005543962 0.4065354 -0.001800573 0.005561802 0.411883 0.0008528662 0.005565162 0.4172311 0.003507547 0.005552202 0.4225817 0.01043792 0.00543132 0.4365637 0.01411514 0.00529996 0.4440183 0.01940678 0.005027318 0.4547644 0.0220484 0.004847877 0.4601456 0.02468594 0.004637154 0.4655336 0.02731925 0.004393393 0.4709281 0.02994846 0.004114591 0.4763321 0.03206184 0.002937541 0.4886733 0.04968149 -9.578494e-05 0.5270734 0.07676178 -0.0005351516 0.5928976 0.08471 0.003507386 0.6204911 -0.1257204 0.00412011 0.1788775 -0.1023703 0.004657635 0.2148806 -0.09976155 0.004617395 0.2202739 -0.09715826 0.004576194 0.2256686 -0.09455791 0.004534274 0.2310663 -0.09196117 0.004492114 0.2364658 -0.08936747 0.004450113 0.2418653 -0.08677673 0.004408753 0.2472678 -0.08418776 0.004368353 0.2526697 -0.08159998 0.004329312 0.2580723 -0.07642809 0.004257152 0.2688761 -0.07268991 0.004210751 0.2766899 -0.0479058 0.004136831 0.3281968 -0.0374306 0.004278913 0.3496719 -0.03215775 0.004396273 0.3603811 -0.02951446 0.004462273 0.3657299 -0.02686516 0.004530673 0.3710757 -0.01391938 0.003619307 0.4008171 -0.01120704 0.003585466 0.4061714 -0.008495264 0.003550346 0.4115249 -0.005783564 0.003513866 0.4168781 -0.003071783 0.003476186 0.4222314 -0.0003600834 0.003437145 0.4275846 0.003677068 0.003378264 0.4355557 0.007775099 0.003312344 0.4436444 0.0294679 0.002926102 0.4864696 0.02706916 0.0004326528 0.5047889 0.02956381 -6.558237e-05 0.5106674 0.03501042 -0.0007436403 0.5202262 0.04651363 -0.002893061 0.5488256 0.06376984 -0.0027437 0.5799088 0.06494904 -0.002657699 0.585867 0.07617729 8.736768e-05 0.6060679 0.09673705 0.00923279 0.6372839 0.1030115 0.01229697 0.6441955 0.1089431 0.01513163 0.6499889 -0.1923077 0.00394907 0.05075894 -0.1793616 0.00399355 0.07605809 -0.1674882 0.00401227 0.09938906 -0.1556664 0.004008189 0.1227502 -0.1469302 0.003985149 0.1401297 -0.1142766 0.003963549 0.202702 -0.1007128 0.00401899 0.2294778 -0.09799986 0.00402651 0.2348334 -0.09528751 0.004032831 0.2401879 -0.09257454 0.00403779 0.2455435 -0.08986219 0.00404147 0.2508981 -0.08714986 0.00404387 0.2562526 -0.08443688 0.00404491 0.2616082 -0.08051893 0.004044591 0.2693427 -0.07524872 0.00403955 0.2797465 -0.07030645 0.00403035 0.2895031 -0.05819427 0.00399147 0.3134138 -0.05460042 0.003971629 0.3205085 -0.05188807 0.00395715 0.3258629 -0.04917629 0.003941469 0.3312162 -0.04646394 0.003924429 0.3365707 -0.04375161 0.003906109 0.3419252 -0.04103926 0.003886509 0.3472796 -0.03832748 0.003865629 0.3526329 -0.03561515 0.003843389 0.3579874 -0.0329028 0.003819949 0.3633418 -0.03019102 0.003795148 0.3686951 -0.02747869 0.003769068 0.3740495 -0.02476698 0.003741707 0.3794029 -0.0220552 0.003713068 0.384756 -0.01934285 0.003683067 0.3901106 -0.01663109 0.003651867 0.3954639 0.01048688 0.003268184 0.4489977 0.01319858 0.003222663 0.454351 0.01591036 0.003175943 0.4597042 0.01862214 0.003127863 0.4650575 0.02133384 0.003078503 0.4704108 0.02404561 0.003027862 0.475764 0.02675676 0.002975862 0.4811161 0.02241352 0.0005056504 0.5003918 0.03572938 -0.001578332 0.5273935 0.05078478 -0.003931949 0.5666752 0.05948564 -0.003234024 0.5755015 0.08080477 0.002087775 0.6163282 0.09426071 0.007824299 0.6331167 -0.2442239 0.001810653 -0.02185377 -0.1115634 0.00397579 0.2080575 -0.1088511 0.00398851 0.213412 -0.1061382 0.00399995 0.2187677 -0.1034252 0.00401011 0.2241233 0.05507497 -0.003641308 0.5711278 0.08215766 0.003930269 0.627782 -0.195756 0.002601859 0.06424209 -0.1847904 0.002590259 0.08635369 -0.1724871 0.002022815 0.1192411 -0.1585137 0.002629219 0.1376106 -0.1239193 0.002363697 0.2075865 0.01234385 -0.0003239021 0.4985331 0.06177454 -0.003032102 0.6004905 -0.1541069 0.0004931626 0.1773171 0.0256725 -0.004897477 0.5459572 0.03147407 -0.005405721 0.5564397 0.0453869 -0.003734988 0.5560912 0.07251223 3.381829e-05 0.6142756 0.1199279 0.01905365 0.6569768 -0.2166079 0.0005099454 0.05384697 -0.2012566 0.001239184 0.07373519 -0.1914142 0.001093358 0.09557792 -0.1652603 0.0009897626 0.1485764 -0.1393624 0.001093488 0.1966956 0.003589146 -0.00138969 0.4995786 0.04312568 -0.004699955 0.5639029 0.03704348 -0.00666045 0.5802638 0.04995206 -0.005156518 0.5999885 0.08131349 0.005658842 0.6396821 0.1152751 0.01804085 0.6569384 -0.2613993 -0.001061688 -0.01315338 -0.143999 -0.0009936536 0.2177581 0.0481558 -0.005468522 0.5943702 0.08966716 0.009060788 0.6460507 0.09457872 0.01085432 0.6483141 -0.2391563 -0.001267652 0.03509185 -0.212204 -0.0001453696 0.0725739 -0.1994646 -0.0001131518 0.09755993 -0.1958516 -0.00148249 0.1250755 -0.1854655 -0.0006230501 0.1328131 -0.1746342 -0.0001205684 0.1466153 -0.001072241 -0.003424265 0.512284 0.004432274 -0.003353465 0.5162621 0.02200969 -0.006279328 0.5545403 0.04194839 -0.006169086 0.5843789 0.04505058 -0.005875883 0.5893877 0.05771531 -0.003430665 0.6090001 0.06111942 -0.002433138 0.6136916 0.07128893 0.001260514 0.6272857 0.08633337 0.007491017 0.6425512 0.1019237 0.01394706 0.6535103 0.02690348 -0.006833651 0.5654339 0.02931422 -0.007021812 0.5708825 0.03297233 -0.006919173 0.5756872 0.06780818 -8.846895e-05 0.6229073 0.07241071 0.002288897 0.6327071 0.07759642 0.00407683 0.635928 -0.2675919 -0.002104176 -0.0100164 -0.2197327 -0.001184638 0.07303448 -0.2051265 -0.001146804 0.1016856 -0.1795534 -0.001710332 0.1603036 -0.004751235 -0.003243703 0.5076101 0.0173114 -0.006303487 0.5501589 0.02326113 -0.006788531 0.5605791 0.03574146 -0.007227894 0.5875148 0.03897853 -0.006911812 0.5924601 0.04219447 -0.006485808 0.5973827 0.05147151 -0.004766276 0.6057043 0.06152342 -0.001816253 0.619828 0.08164741 0.00668885 0.6449289 0.1053629 0.01529986 0.6556524 0.1102626 0.01674972 0.656563 -0.2311209 -0.001899534 0.06085365 -0.2092356 -0.001839053 0.1037671 -0.1741696 -0.001887694 0.1732198 -0.1740278 -0.003349385 0.1941195 0.006401488 -0.006276528 0.5403156 0.008185741 -0.007069253 0.5480611 0.04286704 -0.006385248 0.6035672 0.04630066 -0.005666603 0.6083225 0.05226391 -0.004361152 0.6117582 0.05569113 -0.003360185 0.6164324 0.06284879 -0.0009354698 0.6254141 0.06660187 0.0004600952 0.6296563 0.0908058 0.01023712 0.6503696 0.09944827 0.01344873 0.6544292 0.1079314 0.01632292 0.6577386 0.1135025 0.01771701 0.6578294 -0.2760779 -0.003565306 -0.005717803 -0.2391788 -0.002619059 0.05522122 -0.2177815 -0.002544099 0.09711937 -0.1998132 -0.002531539 0.1325341 -0.186334 -0.002555298 0.1592515 -0.1729207 -0.002616259 0.1860087 -0.01378386 -0.004333553 0.5083793 0.01722981 -0.00783926 0.5636412 0.01421091 -0.007629897 0.5584684 0.02026423 -0.0079875 0.5687877 0.02338762 -0.00805358 0.5738839 0.0265518 -0.008035501 0.5789367 0.0297191 -0.00793054 0.5839596 0.05694323 -0.00261354 0.622152 0.05225727 -0.00397027 0.618183 0.06840371 0.001592492 0.634745 0.07243087 0.003178504 0.6385287 0.07666442 0.004850917 0.6420277 0.08557633 0.008348622 0.6481074 -0.2798807 -0.004244512 -0.003791388 -0.2220585 -0.003260024 0.09890899 -0.2039377 -0.003247143 0.1346234 -0.1885645 -0.003272424 0.1650848 -0.1700352 -0.004918756 0.2225646 -0.009395351 -0.004873636 0.5165405 0.003036742 -0.006878131 0.5420328 0.01113008 -0.007379415 0.5532855 0.03171392 -0.00794486 0.5895683 0.03500378 -0.007619017 0.5944829 0.03834261 -0.007171094 0.5993454 0.04868628 -0.004997077 0.6135779 0.06350352 -8.993824e-05 0.6312331 -0.2499234 -0.004073711 0.05443313 -0.2301441 -0.00400291 0.09317942 -0.2148112 -0.003981309 0.1233609 -0.2006862 -0.003987149 0.1512749 -0.1866486 -0.00401395 0.1789257 -0.1772965 -0.00409075 0.19792 -0.0137717 -0.004795796 0.5119645 -0.00273562 -0.00800198 0.5454078 0.000614495 -0.008475344 0.5520138 0.003663548 -0.008764386 0.5571745 0.006763571 -0.009005429 0.562304 0.009856715 -0.009201189 0.5674428 0.01303058 -0.00932223 0.5725081 0.01945991 -0.00934135 0.5825694 0.02276649 -0.00921039 0.587518 0.02610387 -0.008979108 0.5924306 0.02949709 -0.008633825 0.5972929 0.03297497 -0.008160061 0.6020814 0.03649099 -0.007556777 0.6068196 0.0400491 -0.006814611 0.6115115 0.04372521 -0.005910364 0.6161023 0.04742579 -0.004859076 0.6206454 0.05126535 -0.003654907 0.6250477 0.05965132 -0.001503131 0.6270442 0.05519129 -0.002322897 0.629319 0.06341664 0.0006792207 0.6372914 0.06775275 0.002323537 0.6409275 0.0722683 0.004046991 0.6442775 0.07700642 0.005841323 0.6472965 0.08048501 0.007432856 0.6507732 0.085718 0.00931191 0.6529706 0.09740706 0.01310154 0.6556187 0.1022574 0.01472754 0.6571981 -0.2551951 -0.004829796 0.05411368 -0.2388715 -0.004767556 0.08608256 -0.2276743 -0.004740676 0.1080769 -0.2121084 -0.004730116 0.1387625 -0.2088265 -0.005424201 0.1545721 -0.1630042 -0.004237471 0.2273854 -0.01896469 -0.005231799 0.5110035 -0.01722005 -0.005432681 0.5137113 -0.01740789 -0.006326688 0.5204543 -0.005887644 -0.007868859 0.5417348 0.01622204 -0.009373991 0.5775572 0.05923716 -0.0008737533 0.6334096 -0.243343 -0.005527402 0.0875709 -0.2235429 -0.005489641 0.1264991 -0.1942674 -0.005542522 0.1845055 -0.1816486 -0.005621242 0.2097254 -0.1670009 -0.004928997 0.2294099 -0.02242144 -0.005833564 0.5127547 -0.02075696 -0.006080046 0.5155029 -0.01853629 -0.008252782 0.5350425 -0.007708218 -0.008652706 0.546138 -0.01520019 -0.008652945 0.5407769 -0.01201753 -0.009026708 0.5462016 -0.008807267 -0.009373671 0.5516062 -0.003146023 -0.009130389 0.5538299 -0.005568921 -0.009695513 0.5569892 -4.702032e-05 -0.00941399 0.5589885 0.003083783 -0.009652073 0.5641205 -0.002293537 -0.009970796 0.5623413 0.006249727 -0.009834714 0.569221 0.001018228 -0.01019552 0.5676614 0.009457032 -0.009951996 0.5742842 0.004374832 -0.01035464 0.5729452 0.007779899 -0.01043704 0.578185 0.009503031 -0.01044616 0.5807878 0.01270666 -0.009994155 0.5793093 0.01600467 -0.009951275 0.5842903 0.01653476 -0.01023952 0.5910721 0.02275664 -0.009570952 0.5941057 0.0193535 -0.009813514 0.589223 0.02014359 -0.009968796 0.5961291 0.0262202 -0.009213749 0.5989322 0.02382161 -0.009572793 0.6011238 0.02974462 -0.008731986 0.6037009 0.02757437 -0.009036068 0.6060489 0.03333536 -0.008115981 0.6084042 0.03140175 -0.008356302 0.6109047 0.03699651 -0.007355656 0.6130419 0.03531642 -0.007508377 0.6156803 0.04073238 -0.006441248 0.617607 0.04454881 -0.0053698 0.6220877 0.03931589 -0.006499009 0.6203738 0.04846372 -0.004152511 0.6264539 0.04341977 -0.00531876 0.6249557 0.05249487 -0.002802341 0.6306693 0.04763819 -0.00398059 0.6294073 0.05200335 -0.002504499 0.6336673 0.05424048 -0.001714412 0.6357282 0.05665955 -0.001332455 0.6346999 0.06097485 0.0002442526 0.6385111 0.06366912 0.001706973 0.6432775 0.07013261 0.003665788 0.6453415 0.06546058 0.001914653 0.6420706 0.06870156 0.003556267 0.6465854 0.07500953 0.005484601 0.6482921 0.07396264 0.00548292 0.649546 0.0794822 0.007466376 0.6521049 0.0852204 0.009466792 0.6542399 0.09570072 0.01273578 0.6561633 0.09116748 0.01146425 0.655932 0.09721009 0.01336618 0.6571562 0.1033498 0.01517547 0.6579098 0.1094616 0.01678396 0.6581569 0.1190298 0.0188903 0.6574307 0.1155547 0.01819957 0.6579006 0.1185476 0.0187955 0.6575685 -0.2788252 -0.006386207 0.02821293 -0.2588703 -0.006291327 0.06720835 -0.2368694 -0.006229487 0.1104537 -0.2191524 -0.006218686 0.1453872 -0.2006162 -0.006261087 0.1821593 -0.185047 -0.006351247 0.2132127 -0.01361154 -0.008840627 0.5434913 -0.01041568 -0.009202549 0.5489062 -0.007192294 -0.009540152 0.5543013 -0.00393547 -0.009837994 0.5596674 -0.0006439655 -0.01009384 0.5650067 0.00269114 -0.01028248 0.5703074 0.006070526 -0.010408 0.5755709 0.0129881 -0.01039624 0.5859568 0.02568755 -0.009323511 0.6035954 0.02947974 -0.008713665 0.6084857 0.03334897 -0.0079523 0.6133022 0.0373042 -0.007024452 0.6180391 0.04135559 -0.005929805 0.6226777 0.04550897 -0.004665795 0.6272089 0.04980501 -0.003260744 0.631558 0.05886365 -5.926979e-05 0.6396333 0.08232661 0.008471663 0.6532322 0.08816635 0.01046424 0.6551398 0.0941783 0.01242841 0.6566036 0.10027 0.01428466 0.6575923 0.1064049 0.01600043 0.6580955 0.1125226 0.01752636 0.6580959 -0.2865353 -0.006980132 0.02312513 -0.2823862 -0.006955092 0.03122519 -0.2760258 -0.006920211 0.0436576 -0.2669985 -0.006880371 0.06133302 -0.2604162 -0.006857812 0.07424808 -0.2542542 -0.006841492 0.08635281 -0.2481948 -0.006829971 0.09827506 -0.2440278 -0.006825092 0.1064818 -0.2385917 -0.006821731 0.1172018 -0.2315334 -0.006822771 0.1311376 -0.2228926 -0.006832932 0.148234 -0.2169013 -0.006845892 0.1601071 -0.2128927 -0.006856931 0.1680607 -0.2087685 -0.006870612 0.1762511 -0.2033927 -0.006891491 0.1869403 -0.1979969 -0.006916532 0.1976809 -0.1938998 -0.006937973 0.2058461 -0.1898369 -0.006961572 0.2139511 -0.1845085 -0.006995972 0.2245927 -0.01678469 -0.008465664 0.5380588 0.01123753 -0.0104356 0.5833801 0.0147537 -0.01033032 0.5885214 0.01833021 -0.01012192 0.5936097 0.02197488 -0.009785754 0.5986333 0.05652938 -0.0009017755 0.6377102 0.06123957 0.0008130851 0.641496 0.06615881 0.002619939 0.6449697 0.0712955 0.004515794 0.6481241 0.07669178 0.006466449 0.6508733 0.1215176 0.01932798 0.6571052 -0.1232957 -0.002925782 0.1997478 -0.1247863 -0.001624652 0.2005029 -0.1249731 -0.001696653 0.2005976 -0.1240117 -0.001696653 0.2001105 -0.1235483 -0.002101376 0.1998757 -0.1236812 -0.001938254 0.1999431 -0.1238381 -0.001802093 0.2000226 -0.1241985 -0.001624652 0.2002051 -0.1234393 -0.002286976 0.1998207 -0.1233603 -0.002489938 0.1997806 -0.1243936 -0.001588172 0.200304 -0.1245912 -0.001588172 0.2004042 -0.1233112 -0.002704821 0.1997558 -0.1234393 -0.003564747 0.1998207 -0.1233603 -0.003361705 0.1997806 -0.1253036 -0.001938254 0.2007649 -0.1251479 -0.001802093 0.2006862 -0.1233112 -0.003146744 0.1997558 -0.1254377 -0.002101376 0.2008329 -0.1255454 -0.002286976 0.2008875 -0.1235483 -0.003750348 0.1998757 -0.1240117 -0.004155072 0.2001105 -0.1256735 -0.002704821 0.2009523 -0.1256903 -0.002925782 0.2009609 -0.1236824 -0.003913389 0.1999438 -0.1256245 -0.002489938 0.2009275 -0.1238381 -0.00404955 0.2000226 -0.1256257 -0.003361385 0.2009282 -0.1255454 -0.003564266 0.2008875 -0.1245924 -0.004263312 0.2004047 -0.1256735 -0.003146744 0.2009523 -0.1243936 -0.004263391 0.200304 -0.1241985 -0.004226912 0.2002051 -0.1253036 -0.003912909 0.2007649 -0.1251479 -0.00404915 0.2006862 -0.1249743 -0.004154672 0.2005982 -0.1247863 -0.004226751 0.2005029 -0.1254377 -0.003749868 0.2008329 -0.1502731 -0.008513424 0.2209363 -0.1610017 -0.003891869 0.2263709 -0.1574726 -0.008221182 0.2245833 -0.1225919 -0.003361705 0.2069142 -0.1226409 -0.003146744 0.206939 -0.1418904 -0.0006414247 0.21669 -0.1311528 0.001155801 0.2112508 -0.1217537 -0.001624652 0.2064896 -0.1215586 -0.001588172 0.2063907 -0.1225919 -0.002489938 0.2069142 -0.1225128 -0.002286976 0.2068742 -0.1226577 -0.002925782 0.2069475 -0.1226409 -0.002704821 0.206939 -0.1490897 -0.001856413 0.2203369 -0.1550432 -0.002870021 0.2233526 -0.1430722 -0.008794947 0.2172886 -0.1358726 -0.009065669 0.2136416 -0.121361 -0.001588172 0.2062906 -0.1249389 0.002192657 0.208103 -0.1142764 0.00396235 0.2027019 -0.1225128 -0.003564747 0.2068742 -0.1224051 -0.003750348 0.2068196 -0.1202631 -0.002925782 0.2057344 -0.1202787 -0.002704821 0.2057424 -0.122271 -0.003913389 0.2067516 -0.1142764 -0.009813274 0.2027019 -0.1646673 -0.007863659 0.2282278 -0.1670009 -0.004928997 0.2294099 -0.1731092 -0.005992285 0.2325041 -0.1718585 -0.007467976 0.2318705 -0.1790473 -0.007034372 0.2355122 -0.1206486 -0.001938254 0.2059298 -0.1208055 -0.001802093 0.2060093 -0.1203277 -0.002489938 0.2057673 -0.1221153 -0.001802093 0.2066728 -0.122271 -0.001938254 0.2067516 -0.1205157 -0.002101376 0.2058624 -0.1204068 -0.002286976 0.2058073 -0.1219405 -0.001696653 0.2065843 -0.1209791 -0.001696653 0.2060972 -0.1211659 -0.001624652 0.2061918 -0.1224051 -0.002101376 0.2068196 -0.1217537 -0.004226912 0.2064896 -0.1286743 -0.00932567 0.2099953 -0.1215586 -0.004263391 0.2063907 -0.1221141 -0.00404955 0.2066722 -0.1219405 -0.004155072 0.2065843 -0.1214748 -0.009574872 0.2063483 -0.121361 -0.004263312 0.2062906 -0.1211659 -0.004226751 0.2061918 -0.1208043 -0.00404915 0.2060086 -0.1209791 -0.004154672 0.2060972 -0.1205145 -0.003749868 0.2058618 -0.1206486 -0.003912909 0.2059298 -0.1203277 -0.003361385 0.2057673 -0.1204068 -0.003564266 0.2058073 -0.1202787 -0.003146744 0.2057424 -0.1233112 -0.002704821 0.1997558 -0.1232957 -0.002925782 0.1997478 -0.1202631 -0.002925782 0.2057344 -0.1235483 -0.002101376 0.1998757 -0.1234393 -0.002286976 0.1998207 -0.1204068 -0.002286976 0.2058073 -0.1233603 -0.002489938 0.1997806 -0.1202787 -0.002704821 0.2057424 -0.1203277 -0.002489938 0.2057673 -0.1208055 -0.001802093 0.2060093 -0.1240117 -0.001696653 0.2001105 -0.1238381 -0.001802093 0.2000226 -0.1205157 -0.002101376 0.2058624 -0.1206486 -0.001938254 0.2059298 -0.1236812 -0.001938254 0.1999431 -0.1243936 -0.001588172 0.200304 -0.121361 -0.001588172 0.2062906 -0.1245912 -0.001588172 0.2004042 -0.1241985 -0.001624652 0.2002051 -0.1209791 -0.001696653 0.2060972 -0.1211659 -0.001624652 0.2061918 -0.1251479 -0.001802093 0.2006862 -0.1249731 -0.001696653 0.2005976 -0.1219405 -0.001696653 0.2065843 -0.1217537 -0.001624652 0.2064896 -0.1247863 -0.001624652 0.2005029 -0.1215586 -0.001588172 0.2063907 -0.1224051 -0.002101376 0.2068196 -0.1255454 -0.002286976 0.2008875 -0.1254377 -0.002101376 0.2008329 -0.1221153 -0.001802093 0.2066728 -0.122271 -0.001938254 0.2067516 -0.1253036 -0.001938254 0.2007649 -0.1256735 -0.002704821 0.2009523 -0.1226409 -0.002704821 0.206939 -0.1256903 -0.002925782 0.2009609 -0.1256245 -0.002489938 0.2009275 -0.1225128 -0.002286976 0.2068742 -0.1225919 -0.002489938 0.2069142 -0.1255454 -0.003564266 0.2008875 -0.1256257 -0.003361385 0.2009282 -0.1225919 -0.003361705 0.2069142 -0.1226409 -0.003146744 0.206939 -0.1256735 -0.003146744 0.2009523 -0.1226577 -0.002925782 0.2069475 -0.122271 -0.003913389 0.2067516 -0.1251479 -0.00404915 0.2006862 -0.1253036 -0.003912909 0.2007649 -0.1225128 -0.003564747 0.2068742 -0.1224051 -0.003750348 0.2068196 -0.1254377 -0.003749868 0.2008329 -0.1247863 -0.004226751 0.2005029 -0.1217537 -0.004226912 0.2064896 -0.1245924 -0.004263312 0.2004047 -0.1249743 -0.004154672 0.2005982 -0.1221141 -0.00404955 0.2066722 -0.1219405 -0.004155072 0.2065843 -0.1243936 -0.004263391 0.200304 -0.121361 -0.004263312 0.2062906 -0.1241985 -0.004226912 0.2002051 -0.1215586 -0.004263391 0.2063907 -0.1211659 -0.004226751 0.2061918 -0.1240117 -0.004155072 0.2001105 -0.1238381 -0.00404955 0.2000226 -0.1209791 -0.004154672 0.2060972 -0.1208043 -0.00404915 0.2060086 -0.1236824 -0.003913389 0.1999438 -0.1206486 -0.003912909 0.2059298 -0.1235483 -0.003750348 0.1998757 -0.1234393 -0.003564747 0.1998207 -0.1205145 -0.003749868 0.2058618 -0.1204068 -0.003564266 0.2058073 -0.1233603 -0.003361705 0.1997806 -0.1203277 -0.003361385 0.2057673 -0.1233112 -0.003146744 0.1997558 -0.1202787 -0.003146744 0.2057424 0.01238993 -0.003246744 0.06631873 0.1688719 -0.003247543 0.3752301 0.1686778 -0.002388017 0.3753284 0.1686124 -0.00150433 0.3753615 0.01213057 -0.00150433 0.06645011 0.01219601 -0.002388258 0.06641698 0.1696223 -0.004801876 0.37485 0.01367529 -0.005453081 0.06566761 0.1701581 -0.005454281 0.3745785 0.01313986 -0.004800676 0.06593881 0.1691897 -0.004059551 0.3750691 0.01270746 -0.004058511 0.06615786 0.01574276 -0.00670821 0.06462033 0.1722261 -0.00670877 0.373531 0.1714779 -0.006420928 0.3739099 0.01499458 -0.006420048 0.06499928 0.1707822 -0.005998845 0.3742624 0.01429922 -0.005997805 0.06535153 0.1745774 -0.00670877 0.3723399 0.1737973 -0.006854772 0.3727351 0.01809414 -0.00670917 0.06342919 0.1730062 -0.006854772 0.3731358 0.01652276 -0.006854451 0.0642252 0.01731388 -0.006854772 0.06382448 0.1760213 -0.005998845 0.3716085 0.02016294 -0.005455 0.06238126 0.1766454 -0.005454281 0.3712924 0.01884246 -0.006421488 0.06305008 0.01953838 -0.005999565 0.06269759 0.1753257 -0.006420928 0.371961 0.1771812 -0.004801876 0.3710209 0.02069887 -0.004802676 0.06210974 0.02113167 -0.00406019 0.06189055 0.02144959 -0.003248024 0.0617295 0.1776138 -0.004059551 0.3708018 0.02164391 -0.002388258 0.06163102 0.1779316 -0.003247543 0.3706408 0.1781257 -0.002388017 0.3705425 0.02170928 -0.00150433 0.0615979 0.1781911 -0.00150433 0.3705094 -0.03618666 -0.00150433 0.009678953 -0.03861268 -0.00150433 0.004889557 -0.03023142 -0.00150433 0.0006440044 -0.08299854 -0.00150433 -0.1035237 -0.07701186 -0.00150433 -0.1065563 -0.02181864 -0.00150433 0.002400737 -0.0217624 -0.002422018 0.002372177 -0.03618666 -0.00150433 0.009678953 -0.02181864 -0.00150433 0.002400737 -0.02159472 -0.003322424 0.002287297 -0.03618666 -0.004188751 0.009678953 -0.02131888 -0.004188751 0.002147536 -0.001910334 -0.004188751 0.04046215 -0.01677804 -0.004188751 0.04799348 -0.03618666 -0.004188751 0.009678953 -0.02131888 -0.004188751 0.002147536 -0.01677804 -0.004188751 0.04799348 -0.002186176 -0.003322424 0.0406019 -0.002353777 -0.002422018 0.04068678 -0.01677804 -0.00150433 0.04799348 -0.001910334 -0.004188751 0.04046215 -0.002410098 -0.00150433 0.04071526 0.01213057 -0.00150433 0.06645011 0.1686124 -0.00150433 0.3753615 0.1037464 -0.00150433 0.2532494 -0.00657717 -0.00150433 0.04733988 -0.01495851 -0.00150433 0.0515855 -0.01677804 -0.00150433 0.04799348 0.1049594 -0.00150433 0.255644 0.1614284 -0.00150433 0.3790006 0.10017 -0.00150433 0.2580702 0.09709825 -0.00150433 0.2445805 0.09895699 -0.00150433 0.2556754 0.09410487 -0.00150433 0.2460968 0.01093328 -0.00150433 0.06705659 0.09406559 -0.00150433 0.2385938 0.09107228 -0.00150433 0.2401101 -0.002410098 -0.00150433 0.04071526 0.01093328 -0.00150433 0.06705659 0.01219601 -0.002388258 0.06641698 0.01213057 -0.00150433 0.06645011 0.01736933 -0.008196222 0.0637964 0.0182539 -0.008046381 0.06334831 0.01731388 -0.006854772 0.06382448 0.01197481 -0.00528652 0.06652899 0.01313986 -0.004800676 0.06593881 0.01152705 -0.004417952 0.06675578 0.01119968 -0.003483866 0.06692162 0.01238993 -0.003246744 0.06631873 0.01100032 -0.002505378 0.06702267 0.01253282 -0.006070365 0.06624634 0.01318834 -0.00675189 0.06591425 0.01429922 -0.005997805 0.06535153 0.01367529 -0.005453081 0.06566761 0.01473346 -0.007751659 0.06513153 0.01574276 -0.00670821 0.06462033 0.01392658 -0.007316214 0.06554033 0.01499458 -0.006420048 0.06499928 0.01647444 -0.008196542 0.06424968 0.01652276 -0.006854451 0.0642252 0.01558908 -0.00804734 0.06469816 0.01884246 -0.006421488 0.06305008 0.01809414 -0.00670917 0.06342919 0.01991327 -0.007316214 0.06250767 0.01910813 -0.007750778 0.06291551 0.02065311 -0.006750611 0.06213295 0.01953838 -0.005999565 0.06269759 0.02130936 -0.006067806 0.06180046 0.02069887 -0.004802676 0.06210974 0.02186728 -0.005282999 0.0615179 0.02231448 -0.004413953 0.06129134 0.02016294 -0.005455 0.06238126 0.02144959 -0.003248024 0.0617295 0.02264105 -0.003480426 0.0611259 0.02283952 -0.002505378 0.06102533 0.02113167 -0.00406019 0.06189055 0.02290656 -0.00150433 0.06099142 0.02164391 -0.002388258 0.06163102 0.02170928 -0.00150433 0.0615979 0.01270746 -0.004058511 0.06615786 -0.06503857 -0.00150433 -0.1126216 -0.05905189 -0.00150433 -0.1156541 -0.006284767 -0.00150433 -0.01148633 0.007665097 -0.00150433 0.0160522 0.02290656 -0.00150433 0.06099142 -0.002567139 -0.00150433 0.01070352 -0.009845355 -0.00150433 -0.003664427 0.01060344 -0.00150433 0.00403179 0.01724373 -0.00150433 0.01120008 0.02170928 -0.00150433 0.0615979 0.1781911 -0.00150433 0.3705094 0.1853752 -0.00150433 0.3668703 0.003325225 -0.00150433 -0.01033608 0.003293784 -0.00150433 -0.01633844 0.1037464 -0.00150433 0.2532494 0.09895699 -0.01470011 0.2556754 0.09895699 -0.00150433 0.2556754 0.1037464 -0.01477139 0.2532494 0.09895699 -0.00150433 0.2556754 0.09410487 -0.0147945 0.2460968 0.09410487 -0.00150433 0.2460968 0.09895699 -0.01470011 0.2556754 0.09410487 -0.00150433 0.2460968 0.09709825 -0.01484274 0.2445805 0.09709825 -0.00150433 0.2445805 0.09410487 -0.0147945 0.2460968 0.09709825 -0.00150433 0.2445805 0.09406559 -0.01488883 0.2385938 0.09406559 -0.00150433 0.2385938 0.09709825 -0.01484274 0.2445805 0.09406559 -0.00150433 0.2385938 0.09107228 -0.01483963 0.2401101 0.09107228 -0.00150433 0.2401101 0.09406559 -0.01488883 0.2385938 0.09107228 -0.00150433 0.2401101 0.04224816 -0.01466827 0.1437263 -0.00657717 -0.00150433 0.04733988 0.06665986 -0.01476875 0.1919175 0.09107228 -0.01483963 0.2401101 0.01783518 -0.01453827 0.0955324 -0.00657717 -0.01437875 0.04733988 -0.00657717 -0.00150433 0.04733988 -0.01495851 -0.01417962 0.0515855 -0.01495851 -0.00150433 0.0515855 -0.00657717 -0.01437875 0.04733988 -0.03618666 -0.004188751 0.009678953 -0.01677804 -0.004188751 0.04799348 -0.01495851 -0.01417962 0.0515855 -0.03861268 -0.01419083 0.004889557 -0.03861268 -0.00150433 0.004889557 -0.01677804 -0.00150433 0.04799348 -0.01495851 -0.00150433 0.0515855 -0.03618666 -0.00150433 0.009678953 -0.03861268 -0.00150433 0.004889557 -0.03023142 -0.01438962 0.0006440044 -0.03023142 -0.00150433 0.0006440044 -0.03861268 -0.01419083 0.004889557 -0.03023142 -0.00150433 0.0006440044 -0.05661499 -0.01447363 -0.0514399 -0.08299854 -0.00150433 -0.1035237 -0.03023142 -0.01438962 0.0006440044 -0.08299854 -0.01459586 -0.1035237 -0.06510561 -0.002505378 -0.1125876 -0.06530496 -0.003483946 -0.1124866 -0.05905189 -0.00150433 -0.1156541 -0.06503857 -0.00150433 -0.1126216 -0.05905189 -0.01490235 -0.1156541 -0.06803187 -0.007316214 -0.1111052 -0.06703459 -0.01484979 -0.1116104 -0.06608009 -0.00528652 -0.112094 -0.06563234 -0.004417952 -0.1123208 -0.07057965 -0.008196542 -0.1098147 -0.07501673 -0.01474762 -0.107567 -0.07541464 -0.006067806 -0.1073655 -0.08299854 -0.01459586 -0.1035237 -0.07475841 -0.006750611 -0.1076978 -0.06663811 -0.006070365 -0.1118113 -0.06729363 -0.00675189 -0.1114792 -0.06883876 -0.007751659 -0.1106965 -0.06969436 -0.00804734 -0.1102631 -0.07147453 -0.008196222 -0.1093613 -0.07235918 -0.008046381 -0.1089132 -0.07321343 -0.007750778 -0.1084805 -0.07401855 -0.007316214 -0.1080727 -0.08299854 -0.00150433 -0.1035237 -0.07597258 -0.005282999 -0.1070828 -0.07674625 -0.003480426 -0.1066909 -0.07641978 -0.004413953 -0.1068562 -0.07694482 -0.002505378 -0.1065903 -0.07701186 -0.00150433 -0.1065563 -0.05905189 -0.00150433 -0.1156541 -0.03266832 -0.01479602 -0.06357024 -0.006284767 -0.00150433 -0.01148633 -0.05905189 -0.01490235 -0.1156541 -0.006284767 -0.01472275 -0.01148633 -0.006284767 -0.00150433 -0.01148633 0.003293784 -0.01470403 -0.01633844 0.003293784 -0.00150433 -0.01633844 -0.006284767 -0.01472275 -0.01148633 0.003293784 -0.00150433 -0.01633844 0.01724373 -0.01469171 0.01120008 0.01724373 -0.00150433 0.01120008 0.003293784 -0.01470403 -0.01633844 0.01724373 -0.00150433 0.01120008 0.007665097 -0.0147089 0.0160522 0.007665097 -0.00150433 0.0160522 0.01724373 -0.01469171 0.01120008 0.08383055 -0.01509267 0.1664108 0.1092178 -0.01477131 0.2165277 0.007665097 -0.00150433 0.0160522 0.007665097 -0.0147089 0.0160522 0.1853752 -0.01245897 0.3668703 0.1853752 -0.00150433 0.3668703 0.1686778 -0.002388017 0.3753284 0.1614284 -0.00150433 0.3790006 0.1686124 -0.00150433 0.3753615 0.1614284 -0.01287538 0.3790006 0.1714779 -0.006420928 0.3739099 0.1694129 -0.0128713 0.3749561 0.1688719 -0.003247543 0.3752301 0.1730062 -0.006854772 0.3731358 0.1773952 -0.0127325 0.3709126 0.1853752 -0.01245897 0.3668703 0.1766454 -0.005454281 0.3712924 0.1771812 -0.004801876 0.3710209 0.1753257 -0.006420928 0.371961 0.1760213 -0.005998845 0.3716085 0.1691897 -0.004059551 0.3750691 0.1696223 -0.004801876 0.37485 0.1701581 -0.005454281 0.3745785 0.1707822 -0.005998845 0.3742624 0.1722261 -0.00670877 0.373531 0.1737973 -0.006854772 0.3727351 0.1745774 -0.00670877 0.3723399 0.1776138 -0.004059551 0.3708018 0.1779316 -0.003247543 0.3706408 0.1853752 -0.00150433 0.3668703 0.1781257 -0.002388017 0.3705425 0.1781911 -0.00150433 0.3705094 0.1614284 -0.00150433 0.3790006 0.1614284 -0.01287538 0.3790006 0.1461127 -0.01308154 0.3487657 0.1307975 -0.01344962 0.3185318 0.1154834 -0.01397978 0.2883004 0.10017 -0.00150433 0.2580702 0.10017 -0.01467195 0.2580702 0.10017 -0.00150433 0.2580702 0.1049594 -0.01474259 0.255644 0.1049594 -0.00150433 0.255644 0.10017 -0.01467195 0.2580702 0.1049594 -0.00150433 0.255644 0.1037464 -0.01477139 0.2532494 0.1037464 -0.00150433 0.2532494 0.1049594 -0.01474259 0.255644 -0.002623379 -0.002422018 0.010732 0.02283952 -0.002505378 0.06102533 -0.002790981 -0.003322424 0.01081688 0.01392658 -0.007316214 0.06554033 -0.07321343 -0.007750778 -0.1084805 0.01473346 -0.007751659 0.06513153 -0.07401855 -0.007316214 -0.1080727 0.02231448 -0.004413953 0.06129134 -0.01034512 -0.004188751 -0.003411226 -0.003066902 -0.004188751 0.01095664 0.01318834 -0.00675189 0.06591425 0.02264105 -0.003480426 0.0611259 -0.002567139 -0.00150433 0.01070352 0.02290656 -0.00150433 0.06099142 -0.06729363 -0.00675189 -0.1114792 -0.06663811 -0.006070365 -0.1118113 0.02065311 -0.006750611 0.06213295 0.02186728 -0.005282999 0.0615179 -0.06608009 -0.00528652 -0.112094 -0.06563234 -0.004417952 -0.1123208 0.0182539 -0.008046381 0.06334831 0.01736933 -0.008196222 0.0637964 -0.06969436 -0.00804734 -0.1102631 0.01991327 -0.007316214 0.06250767 0.01910813 -0.007750778 0.06291551 -0.06803187 -0.007316214 -0.1111052 -0.07235918 -0.008046381 -0.1089132 -0.07147453 -0.008196222 -0.1093613 0.01647444 -0.008196542 0.06424968 0.01558908 -0.00804734 0.06469816 -0.07475841 -0.006750611 -0.1076978 0.01253282 -0.006070365 0.06624634 -0.07541464 -0.006067806 -0.1073655 -0.07674625 -0.003480426 -0.1066909 -0.02159472 -0.003322424 0.002287297 -0.07694482 -0.002505378 -0.1065903 0.01197481 -0.00528652 0.06652899 -0.07597258 -0.005282999 -0.1070828 0.01152705 -0.004417952 0.06675578 -0.001910334 -0.004188751 0.04046215 -0.02131888 -0.004188751 0.002147536 -0.07641978 -0.004413953 -0.1068562 0.01119968 -0.003483866 0.06692162 -0.002186176 -0.003322424 0.0406019 -0.002353777 -0.002422018 0.04068678 0.01100032 -0.002505378 0.06702267 0.01093328 -0.00150433 0.06705659 -0.002410098 -0.00150433 0.04071526 -0.0217624 -0.002422018 0.002372177 -0.07701186 -0.00150433 -0.1065563 -0.02181864 -0.00150433 0.002400737 -0.07057965 -0.008196542 -0.1098147 -0.06883876 -0.007751659 -0.1106965 0.02130936 -0.006067806 0.06180046 -0.06530496 -0.003483946 -0.1124866 -0.01006928 -0.003322424 -0.003550987 -0.06510561 -0.002505378 -0.1125876 -0.009901595 -0.002422018 -0.003635947 -0.06503857 -0.00150433 -0.1126216 -0.009845355 -0.00150433 -0.003664427 -0.009901595 -0.002422018 -0.003635947 0.003325225 -0.00150433 -0.01033608 0.003325225 -0.004188751 -0.01033608 -0.01006928 -0.003322424 -0.003550987 -0.01034512 -0.004188751 -0.003411226 -0.009845355 -0.00150433 -0.003664427 0.01060344 -0.00150433 0.00403179 0.01060344 -0.004188751 0.00403179 0.003325225 -0.004188751 -0.01033608 0.003325225 -0.00150433 -0.01033608 0.01060344 -0.00150433 0.00403179 -0.002567139 -0.00150433 0.01070352 -0.002623379 -0.002422018 0.010732 -0.002790981 -0.003322424 0.01081688 -0.003066902 -0.004188751 0.01095664 0.01060344 -0.004188751 0.00403179 0.09410487 -0.0147945 0.2460968 0.09895699 -0.01470011 0.2556754 0.09709825 -0.01484274 0.2445805 -0.03266832 -0.01479602 -0.06357024 -0.05905189 -0.01490235 -0.1156541 -0.06703459 -0.01484979 -0.1116104 0.06665986 -0.01476875 0.1919175 0.09107228 -0.01483963 0.2401101 0.09196838 -0.0142849 0.2324132 0.1037464 -0.01477139 0.2532494 0.09406559 -0.01488883 0.2385938 0.02617651 -0.01501395 0.08385647 -0.007400696 -0.01491546 0.04021311 -0.00657717 -0.01437875 0.04733988 -0.005414281 -0.01468643 0.001585451 -0.02179727 -0.01508338 -0.01315906 -0.00530148 -0.0146849 0.002156895 -0.03861268 -0.01419083 0.004889557 -0.01495851 -0.01417962 0.0515855 -0.005194519 -0.01469467 -0.0003003118 -0.006284767 -0.01472275 -0.01148633 -0.08299854 -0.01459586 -0.1035237 -0.04701812 -0.01499315 -0.0610603 -0.07501673 -0.01474762 -0.107567 -0.03023142 -0.01438962 0.0006440044 -0.003236423 -0.01471091 -0.002498498 -0.003752027 -0.01470754 -0.002186815 -0.004615314 -0.01470106 -0.00135241 -0.004214752 -0.01470427 -0.001802093 0.1049594 -0.01474259 0.255644 0.1015216 -0.0143473 0.2275739 0.07086021 -0.01461123 0.1824897 0.04892957 -0.01485427 0.1329709 0.01783518 -0.01453827 0.0955324 0.08059157 -0.01467474 0.1775603 0.04224816 -0.01466827 0.1437263 -0.05661499 -0.01447363 -0.0514399 0.007665097 -0.0147089 0.0160522 0.001520171 -0.01471227 0.003846989 0.0009979929 -0.01470978 0.004315072 0.1773952 -0.0127325 0.3709126 0.1853752 -0.01245897 0.3668703 0.1599893 -0.01322978 0.3167558 0.1215852 -0.01393625 0.2780145 0.1154834 -0.01397978 0.2883004 0.1307975 -0.01344962 0.3185318 0.1407818 -0.01344154 0.3288809 0.1461127 -0.01308154 0.3487657 0.1614284 -0.01287538 0.3790006 0.002600899 -0.01509035 0.03514666 -0.00258482 -0.0147137 -0.002760421 0.001953534 -0.01471427 0.003295225 0.0004026187 -0.01470683 0.004685395 -0.001196498 -0.01471762 -0.002927461 -0.0005019687 -0.01471891 -0.002828262 0.002436337 -0.01471986 -7.367052e-05 0.002580339 -0.01471922 0.0006136441 0.01724373 -0.01469171 0.01120008 0.002503378 -0.0147173 0.002009214 0.002284737 -0.01471595 0.00267626 0.0007847314 -0.01472027 -0.002278496 0.0001652756 -0.0147197 -0.0026097 0.002602899 -0.01471835 0.00131493 0.001337005 -0.01472051 -0.001844893 0.003293784 -0.01470403 -0.01633844 0.002175056 -0.01472027 -0.0007260953 0.001804572 -0.01472051 -0.00132171 -0.001897774 -0.01471595 -0.002904742 -0.004944357 -0.01469787 -0.0008481363 -0.00406091 -0.01468498 0.004130671 -0.004489393 -0.01468403 0.003696508 -0.005442601 -0.01468859 0.0009721477 -0.005120039 -0.01468403 0.00267698 -0.003582827 -0.01468659 0.004488193 -0.003068823 -0.0146889 0.004765876 -0.002526499 -0.01469179 0.004963638 -0.001935293 -0.01469498 0.005086438 -0.001334826 -0.01469811 0.005119158 -0.0001526711 -0.01470403 0.004916277 -0.0007361858 -0.01470106 0.005062037 -0.00536644 -0.01469146 0.0003209023 -0.004858437 -0.01468371 0.003178183 0.03613194 -0.01507891 0.0788134 0.05879501 -0.01491867 0.1279734 0.10017 -0.01467195 0.2580702 0.0584422 -0.01496475 0.1162916 0.08383047 -0.01509267 0.1664106 0.1092182 -0.01477123 0.2165285 0.1309163 -0.0138949 0.2732879 0.1498466 -0.01340138 0.324289 0.1346034 -0.01400051 0.2666415 0.1694129 -0.0128713 0.3749561 -0.003802908 -0.004188751 -0.002150015 -0.01034512 -0.004188751 -0.003411226 -0.003236423 -0.004188751 -0.002498498 0.0009986479 -0.004188751 0.004314913 0.001521451 -0.004188751 0.003846508 0.01060344 -0.004188751 0.00403179 -0.004846436 -0.004188751 0.003203384 -0.005146919 -0.004188751 0.002610179 0.003325225 -0.004188751 -0.01033608 -0.002585139 -0.004188751 -0.002759861 0.0004026187 -0.004188751 0.004685395 -0.003066902 -0.004188751 0.01095664 -0.000213432 -0.004188751 0.004935956 -0.004726676 -0.004188751 -0.001199589 -0.004304193 -0.004188751 -0.001712972 -0.005291959 -0.004188751 -5.700042e-07 -0.005058997 -0.004188751 -0.0006235253 -0.00543724 -0.004188751 0.00131685 -0.005419161 -0.004188751 0.0006521447 -0.005345719 -0.004188751 0.001975454 -0.004452274 -0.004188751 0.003739148 -0.003428826 -0.004188751 0.004581234 -0.00397539 -0.004188751 0.004202592 -0.002187215 -0.004188751 0.005045558 -0.002827301 -0.004188751 0.004864836 -0.0008623219 -0.004188751 0.005081558 -0.001526171 -0.004188751 0.005118439 0.002580739 -0.004188751 0.0006122053 0.002436337 -0.004188751 -7.475058e-05 0.002285776 -0.004188751 0.00267538 0.001954814 -0.004188751 0.003294425 0.00260362 -0.004188751 0.001313661 0.002504178 -0.004188751 0.002008495 0.002175056 -0.004188751 -0.0007260953 0.001336105 -0.004188751 -0.001844893 0.001804493 -0.004188751 -0.00132213 0.0001650313 -0.004188751 -0.0026093 0.000784071 -0.004188751 -0.002278336 -0.001196735 -0.004188751 -0.002927061 -0.0005018439 -0.004188751 -0.0028277 -0.001898174 -0.004188751 -0.002904262 -0.005146919 -0.004188751 0.002610179 -0.005120039 -0.01468403 0.00267698 -0.004846436 -0.004188751 0.003203384 -0.004858437 -0.01468371 0.003178183 -0.004489393 -0.01468403 0.003696508 -0.00406091 -0.01468498 0.004130671 -0.004452274 -0.004188751 0.003739148 -0.003582827 -0.01468659 0.004488193 -0.00397539 -0.004188751 0.004202592 -0.003428826 -0.004188751 0.004581234 -0.003068823 -0.0146889 0.004765876 -0.002526499 -0.01469179 0.004963638 -0.002827301 -0.004188751 0.004864836 -0.001935293 -0.01469498 0.005086438 -0.002187215 -0.004188751 0.005045558 -0.001526171 -0.004188751 0.005118439 -0.001334826 -0.01469811 0.005119158 -0.0007361858 -0.01470106 0.005062037 -0.000213432 -0.004188751 0.004935956 -0.0008623219 -0.004188751 0.005081558 -0.0001526711 -0.01470403 0.004916277 0.0004026187 -0.004188751 0.004685395 0.0004026187 -0.01470683 0.004685395 -0.00530148 -0.0146849 0.002156895 -0.005345719 -0.004188751 0.001975454 -0.005414281 -0.01468643 0.001585451 -0.00543724 -0.004188751 0.00131685 -0.005442601 -0.01468859 0.0009721477 -0.00536644 -0.01469146 0.0003209023 -0.005419161 -0.004188751 0.0006521447 -0.005291959 -0.004188751 -5.700042e-07 -0.005194519 -0.01469467 -0.0003003118 -0.005058997 -0.004188751 -0.0006235253 -0.004944357 -0.01469787 -0.0008481363 -0.004615314 -0.01470106 -0.00135241 -0.004726676 -0.004188751 -0.001199589 -0.004304193 -0.004188751 -0.001712972 -0.004214752 -0.01470427 -0.001802093 -0.003802908 -0.004188751 -0.002150015 -0.003752027 -0.01470754 -0.002186815 -0.003236423 -0.004188751 -0.002498498 -0.003236423 -0.01471091 -0.002498498 0.0009979929 -0.01470978 0.004315072 0.0004026187 -0.004188751 0.004685395 0.0004026187 -0.01470683 0.004685395 0.002284737 -0.01471595 0.00267626 0.001954814 -0.004188751 0.003294425 0.001953534 -0.01471427 0.003295225 0.001520171 -0.01471227 0.003846989 0.001521451 -0.004188751 0.003846508 0.0009986479 -0.004188751 0.004314913 0.00260362 -0.004188751 0.001313661 0.002602899 -0.01471835 0.00131493 0.002580339 -0.01471922 0.0006136441 0.002285776 -0.004188751 0.00267538 0.002503378 -0.0147173 0.002009214 0.002504178 -0.004188751 0.002008495 0.002175056 -0.01472027 -0.0007260953 0.001804572 -0.01472051 -0.00132171 0.002175056 -0.004188751 -0.0007260953 0.002436337 -0.01471986 -7.367052e-05 0.002436337 -0.004188751 -7.475058e-05 0.002580739 -0.004188751 0.0006122053 0.0001652756 -0.0147197 -0.0026097 0.000784071 -0.004188751 -0.002278336 0.0007847314 -0.01472027 -0.002278496 0.001336105 -0.004188751 -0.001844893 0.001804493 -0.004188751 -0.00132213 0.001337005 -0.01472051 -0.001844893 -0.001196498 -0.01471762 -0.002927461 -0.0005018439 -0.004188751 -0.0028277 -0.0005019687 -0.01471891 -0.002828262 0.0001650313 -0.004188751 -0.0026093 -0.001897774 -0.01471595 -0.002904742 -0.001196735 -0.004188751 -0.002927061 -0.001898174 -0.004188751 -0.002904262 -0.00258482 -0.0147137 -0.002760421 -0.003236423 -0.01471091 -0.002498498 -0.002585139 -0.004188751 -0.002759861 -0.003236423 -0.004188751 -0.002498498 0.1727578 -0.006997572 0.3732621 -0.07451672 -0.007043893 -0.1168473 0.1735477 -0.007043973 0.3728618 -0.07944628 -0.001396811 -0.1143502 0.1686198 -0.001396811 0.3753582 0.1687261 -0.0005181891 0.3753043 0.1743336 -0.006944053 0.3724637 -0.07373079 -0.006943653 -0.1172454 -0.07297039 -0.00669973 -0.1176307 0.1750943 -0.00670037 0.3720785 -0.07225614 -0.006318847 -0.1179924 0.1758086 -0.006319808 0.3717165 0.1764574 -0.005812524 0.371388 -0.07160766 -0.005811484 -0.1183209 -0.07104245 -0.005191399 -0.1186072 0.1770229 -0.005192439 0.3711016 -0.07057604 -0.004475554 -0.1188435 0.1774895 -0.004476594 0.3708652 0.1778447 -0.003684267 0.3706852 -0.07022109 -0.003683548 -0.1190233 -0.06998724 -0.002837621 -0.1191417 0.1780788 -0.002837301 0.3705667 -0.06988076 -0.001958735 -0.1191957 0.1781853 -0.001958654 0.3705127 -0.07530673 -0.006997813 -0.1164471 0.1719855 -0.006806052 0.3736533 -0.07607913 -0.006806531 -0.1160558 0.1712519 -0.006474688 0.374025 -0.07681297 -0.006475409 -0.1156841 -0.07748827 -0.006013246 -0.1153421 0.1705767 -0.006012446 0.3743668 0.1699788 -0.00543196 0.3746698 -0.07808643 -0.005432841 -0.115039 0.1694743 -0.004749075 0.3749253 -0.07859123 -0.004749875 -0.1147834 -0.07898883 -0.00398307 -0.1145819 0.1690768 -0.00398235 0.3751266 0.1687975 -0.003152824 0.3752681 -0.07926836 -0.003153384 -0.1144403 0.1686437 -0.002283057 0.3753461 -0.07942228 -0.002283376 -0.1143624 -0.07910571 0.0003287393 -0.1145227 -0.0793398 -0.0005182575 -0.1144041 0.1689602 0.0003288091 0.3751857 -0.07771843 0.002456898 -0.1152254 -0.07828386 0.001836894 -0.114939 0.1703476 0.002456978 0.3744829 -0.07875052 0.001120998 -0.1147026 0.1693155 0.001121067 0.3750058 0.1697822 0.001836973 0.3747694 -0.07635521 0.003344825 -0.115916 0.1724714 0.003588506 0.3734072 -0.07559464 0.003588427 -0.1163013 0.1709964 0.002964261 0.3741544 0.1717109 0.003344904 0.3737924 -0.07706961 0.002964182 -0.1155541 0.1748195 0.003450586 0.3722176 -0.07324647 0.003450505 -0.1174907 -0.0740188 0.003642027 -0.1170995 0.1740472 0.003642108 0.3726088 -0.07480873 0.003688428 -0.1166994 0.1732573 0.003688507 0.3730091 -0.07123981 0.002076335 -0.1185072 -0.07183774 0.00265682 -0.1182043 0.1768262 0.002076415 0.3712011 -0.07251278 0.003119063 -0.1178624 0.1755533 0.003119143 0.3718459 0.1762283 0.002656899 0.3715041 0.177728 0.0006268861 0.3707443 -0.07073533 0.00139345 -0.1187628 0.1773308 0.00139353 0.3709456 0.1780075 -0.0002026502 0.3706028 -0.07033789 0.0006268177 -0.1189641 -0.07005852 -0.0002027186 -0.1191056 0.1781613 -0.001072429 0.3705248 -0.06990468 -0.001072498 -0.1191835 -0.07396624 -0.005627722 -0.1171262 -0.07339567 -0.005445161 -0.1174151 -0.07373079 -0.006943653 -0.1172454 -0.07073533 0.00139345 -0.1187628 -0.07033789 0.0006268177 -0.1189641 -0.07141934 5.065201e-05 -0.1184163 -0.07297039 -0.00669973 -0.1176307 -0.07285975 -0.005159798 -0.1176867 -0.07451672 -0.007043893 -0.1168473 -0.07455576 -0.005702443 -0.1168275 -0.07225614 -0.006318847 -0.1179924 -0.07237294 -0.004779395 -0.1179332 -0.07514825 -0.005667403 -0.1165274 -0.07530673 -0.006997813 -0.1164471 -0.07572745 -0.005523562 -0.116234 -0.07607913 -0.006806531 -0.1160558 -0.07627762 -0.00527484 -0.1159553 -0.07681297 -0.006475409 -0.1156841 -0.07104245 -0.005191399 -0.1186072 -0.07160766 -0.005811484 -0.1183209 -0.07748827 -0.006013246 -0.1153421 -0.0767837 -0.004927957 -0.115699 -0.07057604 -0.004475554 -0.1188435 -0.0719487 -0.004314352 -0.1181482 -0.07115638 -0.002547618 -0.1185495 -0.06988076 -0.001958735 -0.1191957 -0.06998724 -0.002837621 -0.1191417 -0.07808643 -0.005432841 -0.115039 -0.07723194 -0.004492514 -0.1154719 -0.07005852 -0.0002027186 -0.1191056 -0.07120973 -0.0005714994 -0.1185225 -0.07706961 0.002964182 -0.1155541 -0.0764681 0.001803693 -0.1158588 -0.07695466 0.00142321 -0.1156123 -0.07183774 0.00265682 -0.1182043 -0.07254423 0.001573131 -0.1178465 -0.07305047 0.001919854 -0.1175901 -0.07209574 0.00113783 -0.1180737 -0.07171733 0.0006256634 -0.1182654 -0.07417999 0.002312017 -0.1170179 -0.07477241 0.002346818 -0.1167178 -0.0740188 0.003642027 -0.1170995 -0.07737875 0.0009582279 -0.1153975 -0.07875052 0.001120998 -0.1147026 -0.07828386 0.001836894 -0.114939 -0.07536184 0.002271856 -0.1164192 -0.07480873 0.003688428 -0.1166994 -0.07593226 0.002089135 -0.1161302 -0.07559464 0.003588427 -0.1163013 -0.07771843 0.002456898 -0.1152254 -0.07635521 0.003344825 -0.115916 -0.07360072 0.002168415 -0.1173113 -0.07251278 0.003119063 -0.1178624 -0.07324647 0.003450505 -0.1174907 -0.0793398 -0.0005182575 -0.1144041 -0.07817074 -0.0008081512 -0.1149963 -0.07944628 -0.001396811 -0.1143502 -0.07772875 0.0004212858 -0.1152202 -0.07799523 -0.000172906 -0.1150853 -0.07910571 0.0003287393 -0.1145227 -0.07926836 -0.003153384 -0.1144403 -0.07942228 -0.002283376 -0.1143624 -0.07823259 -0.002132015 -0.114965 -0.07123981 0.002076335 -0.1185072 -0.06990468 -0.001072498 -0.1191835 -0.07109445 -0.001223831 -0.1185809 -0.07811739 -0.002783541 -0.1150233 -0.07107645 -0.001888494 -0.11859 -0.07859123 -0.004749875 -0.1147834 -0.0776101 -0.00398035 -0.1152803 -0.07790794 -0.003405465 -0.1151294 -0.07898883 -0.00398307 -0.1145819 -0.07159854 -0.003777388 -0.1183255 -0.07022109 -0.003683548 -0.1190233 -0.07133198 -0.003183063 -0.1184606 -0.07825059 -0.00146705 -0.1149559 0.1735477 -0.007043973 0.3728618 0.1741021 -0.005627082 0.372581 0.1735126 -0.005702282 0.3728797 0.1766468 5.0721e-05 0.3712921 0.177728 0.0006268861 0.3707443 0.1773308 0.00139353 0.3709456 0.1729202 -0.005667722 0.3731798 0.1727578 -0.006997572 0.3732621 0.1743336 -0.006944053 0.3724637 0.1746724 -0.005444121 0.3722922 0.1723408 -0.005524281 0.3734733 0.1719855 -0.006806052 0.3736533 0.1750943 -0.00670037 0.3720785 0.1752079 -0.005158519 0.3720208 0.1764574 -0.005812524 0.371388 0.1758086 -0.006319808 0.3717165 0.1756944 -0.004777955 0.3717745 0.1770229 -0.005192439 0.3711016 0.1712519 -0.006474688 0.374025 0.1717903 -0.00527588 0.3737521 0.1761184 -0.004312913 0.3715598 0.1774895 -0.004476594 0.3708652 0.1712839 -0.004929316 0.3740086 0.1705767 -0.006012446 0.3743668 0.1704567 -0.00398179 0.3744276 0.1694743 -0.004749075 0.3749253 0.1708354 -0.004494033 0.374236 0.1699788 -0.00543196 0.3746698 0.1687975 -0.003152824 0.3752681 0.1699489 -0.00278442 0.3746849 0.1698334 -0.002131936 0.3747434 0.1781853 -0.001958654 0.3705127 0.1769097 -0.002547618 0.3711589 0.1780788 -0.002837301 0.3705667 0.1698953 -0.0008080828 0.374712 0.1687261 -0.0005181891 0.3753043 0.1686198 -0.001396811 0.3753582 0.1768563 -0.000571431 0.371186 0.1780075 -0.0002026502 0.3706028 0.171598 0.001803693 0.3738496 0.1703476 0.002456978 0.3744829 0.1711113 0.001423291 0.3740961 0.1755219 0.001573212 0.3718619 0.1762283 0.002656899 0.3715041 0.1750156 0.001919933 0.3721184 0.1727041 0.002271937 0.3732893 0.1732936 0.002346897 0.3729906 0.1732573 0.003688507 0.3730091 0.173886 0.002312096 0.3726906 0.1740472 0.003642108 0.3726088 0.1717109 0.003344904 0.3737924 0.1721337 0.002089216 0.3735782 0.1724714 0.003588506 0.3734072 0.1755533 0.003119143 0.3718459 0.1744653 0.002168496 0.372397 0.1748195 0.003450586 0.3722176 0.1703373 0.0004213556 0.3744882 0.1689602 0.0003288091 0.3751857 0.1700709 -0.0001728375 0.3746232 0.1706872 0.0009582977 0.374311 0.1697822 0.001836973 0.3747694 0.1693155 0.001121067 0.3750058 0.1698154 -0.00146705 0.3747526 0.1686437 -0.002283057 0.3753461 0.1759702 0.0011379 0.3716348 0.1768262 0.002076415 0.3712011 0.1781613 -0.001072429 0.3705248 0.1769716 -0.001223762 0.3711276 0.1769896 -0.001888414 0.3711185 0.1701585 -0.003406746 0.3745788 0.1690768 -0.00398235 0.3751266 0.1709964 0.002964261 0.3741544 0.1778447 -0.003684267 0.3706852 0.1764681 -0.003776028 0.3713826 0.1767343 -0.003182023 0.3712477 0.1763487 0.0006257318 0.3714431 -0.07109445 -0.001223831 -0.1185809 -0.07107645 -0.001888494 -0.11859 0.1769896 -0.001888414 0.3711185 -0.07171733 0.0006256634 -0.1182654 -0.07141934 5.065201e-05 -0.1184163 0.1766468 5.0721e-05 0.3712921 -0.07120973 -0.0005714994 -0.1185225 0.1769716 -0.001223762 0.3711276 0.1768563 -0.000571431 0.371186 0.1755219 0.001573212 0.3718619 -0.07305047 0.001919854 -0.1175901 -0.07254423 0.001573131 -0.1178465 0.1763487 0.0006257318 0.3714431 0.1759702 0.0011379 0.3716348 -0.07209574 0.00113783 -0.1180737 -0.07417999 0.002312017 -0.1170179 0.173886 0.002312096 0.3726906 -0.07477241 0.002346818 -0.1167178 -0.07360072 0.002168415 -0.1173113 0.1750156 0.001919933 0.3721184 0.1744653 0.002168496 0.372397 -0.0764681 0.001803693 -0.1158588 -0.07593226 0.002089135 -0.1161302 0.1721337 0.002089216 0.3735782 0.1727041 0.002271937 0.3732893 -0.07536184 0.002271856 -0.1164192 0.1732936 0.002346897 0.3729906 0.1706872 0.0009582977 0.374311 -0.07772875 0.0004212858 -0.1152202 -0.07737875 0.0009582279 -0.1153975 0.171598 0.001803693 0.3738496 0.1711113 0.001423291 0.3740961 -0.07695466 0.00142321 -0.1156123 -0.07817074 -0.0008081512 -0.1149963 0.1698953 -0.0008080828 0.374712 -0.07825059 -0.00146705 -0.1149559 -0.07799523 -0.000172906 -0.1150853 0.1703373 0.0004213556 0.3744882 0.1700709 -0.0001728375 0.3746232 -0.07790794 -0.003405465 -0.1151294 -0.07811739 -0.002783541 -0.1150233 0.1699489 -0.00278442 0.3746849 0.1698334 -0.002131936 0.3747434 -0.07823259 -0.002132015 -0.114965 0.1698154 -0.00146705 0.3747526 0.1708354 -0.004494033 0.374236 -0.0767837 -0.004927957 -0.115699 -0.07723194 -0.004492514 -0.1154719 0.1701585 -0.003406746 0.3745788 0.1704567 -0.00398179 0.3744276 -0.0776101 -0.00398035 -0.1152803 -0.07572745 -0.005523562 -0.116234 0.1723408 -0.005524281 0.3734733 -0.07514825 -0.005667403 -0.1165274 -0.07627762 -0.00527484 -0.1159553 0.1712839 -0.004929316 0.3740086 0.1717903 -0.00527588 0.3737521 -0.07455576 -0.005702443 -0.1168275 0.1735126 -0.005702282 0.3728797 -0.07396624 -0.005627722 -0.1171262 0.1729202 -0.005667722 0.3731798 0.1741021 -0.005627082 0.372581 -0.07339567 -0.005445161 -0.1174151 -0.07285975 -0.005159798 -0.1176867 0.1746724 -0.005444121 0.3722922 0.1752079 -0.005158519 0.3720208 -0.07237294 -0.004779395 -0.1179332 0.1756944 -0.004777955 0.3717745 -0.0719487 -0.004314352 -0.1181482 -0.07159854 -0.003777388 -0.1183255 0.1761184 -0.004312913 0.3715598 0.1764681 -0.003776028 0.3713826 -0.07133198 -0.003183063 -0.1184606 0.1767343 -0.003182023 0.3712477 -0.07115638 -0.002547618 -0.1185495 0.1769097 -0.002547618 0.3711589</float_array>
          <technique_common>
            <accessor source="#ID84_013-mesh-positions-array" count="9377" stride="3">
              <param name="X" type="float"/>
              <param name="Y" type="float"/>
              <param name="Z" type="float"/>
            </accessor>
          </technique_common>
        </source>
        <source id="ID84_013-mesh-normals">
          <float_array id="ID84_013-mesh-normals-array" count="27360">-0.02938252 0 -0.9995683 -0.8803405 0 -0.4743426 -0.8509604 0 0.5252298 0.02938252 0 0.9995683 0.8803405 0 0.4743426 0.8509604 0 -0.5252298 0 1 0 0 1 1.47752e-6 0 1 1.52887e-6 0 1 -2.08637e-7 0 1 -9.15345e-7 0 1 -2.09224e-7 0 1 -1.93937e-6 0 1 2.20029e-6 0 1 -8.57613e-7 0 1 -3.02115e-7 0 1 -3.6427e-7 0 1 2.18216e-7 0 1 -1.66959e-6 0 1 5.48999e-7 0 1 2.09237e-7 0 1 -3.42195e-6 0 1 3.5325e-6 0 1 -2.99999e-6 0 1 -2.01421e-7 0 1 1.47868e-6 0 1 -3.64358e-7 0 1 -5.87679e-7 0 -1 0 -0.164587 0 0.9863626 0 0 1 -0.6142068 0 0.7891451 -0.4759479 0 0.8794736 -0.3246934 0 0.9458194 -0.8371744 0 0.546936 -0.9157767 0 0.401688 -0.7357248 0 0.6772807 -0.9965868 0 0.08255296 -0.9965868 0 -0.08255296 -0.9694057 0 0.2454643 -0.8371744 0 -0.546936 -0.9157767 0 -0.401688 -0.9694057 0 -0.2454643 -0.6142068 0 -0.7891451 -0.4759479 0 -0.8794736 -0.7357248 0 -0.6772807 -0.164587 0 -0.9863626 0 0 -1 -0.3246934 0 -0.9458194 0.4757679 0 -0.8795709 0.3246294 0 -0.9458414 0.3247846 0 -0.945788 0.1646217 0 -0.9863569 0.735886 0 -0.6771055 0.8369939 -3.05194e-5 -0.5472124 0.7355343 0 -0.6774875 0.4760679 0 -0.8794087 0.6143611 0 -0.7890251 0.6140188 0 -0.7892915 0.9693129 0 -0.2458302 0.969482 0 -0.245163 0.9965563 0 -0.08291918 0.9156397 -3.05193e-5 -0.4020001 0.8373178 0 -0.5467164 0.9158973 0 -0.4014127 0.9966145 0 0.08221703 0.9965563 0 0.08291918 0.969482 0 0.245163 0.9966145 0 -0.08221703 0.9693129 0 0.2458302 0.9158973 0 0.4014127 0.8373178 0 0.5467164 0.9156397 3.05193e-5 0.4020001 0.8369939 3.05194e-5 0.5472124 0.735886 0 0.6771055 0.7355343 0 0.6774875 0.6143611 0 0.7890251 0.4760679 0 0.8794087 0.6140188 0 0.7892915 0.4757679 0 0.8795709 0.3247846 0 0.945788 0.3246294 0 0.9458414 0.1646217 0 0.9863569 0.0293827 -1.56401e-7 0.9995683 0.029383 0 0.9995683 -0.8509603 0 0.5252302 -0.8509603 -1.3767e-7 0.5252301 -0.8803408 0 -0.4743418 -0.8803408 1.5167e-7 -0.4743417 -0.02938264 1.56196e-7 -0.9995684 -0.02938276 1.56354e-7 -0.9995683 0.8509598 0 -0.5252308 0.85096 0 -0.5252308 0.8803412 -2.10039e-7 0.4743412 0.8803412 0 0.4743412 0 -1 -1.20349e-7 0 -1 -1.20349e-7 0 -1 -1.20349e-7 0 -1 -1.20349e-7 0 -1 -1.2035e-7 0 -1 -1.20349e-7 0 -1 -1.20349e-7 0 -1 -1.20349e-7 0 -1 -1.20349e-7 0 -1 -1.20349e-7 0 -1 -1.20349e-7 0 -1 -1.20349e-7 0 -1 -1.20349e-7 0 -1 -1.20348e-7 0 -1 -1.20349e-7 0 -1 -1.20349e-7 0 -1 -1.20349e-7 0 -1 -1.20349e-7 0 -1 -1.20349e-7 0 -1 -1.20349e-7 0 -1 -1.20349e-7 0 -1 -1.20349e-7 0 -1 -1.20349e-7 0 -1 -1.20349e-7 0 -1 -1.20349e-7 0 -1 -1.20349e-7 0 -1 -1.20349e-7 0 -1 -1.20349e-7 0 -1 -1.20349e-7 0 -1 -1.20349e-7 0 -1 -1.20349e-7 0 -1 -1.20349e-7 0 -1 -1.20349e-7 0 -1 -1.20349e-7 0 -1 -1.20349e-7 0 -1 -1.20349e-7 0 -1 -1.20349e-7 0 -1 -1.20349e-7 0 -1 -1.20349e-7 0 -1 -1.20349e-7 0 -1 -1.20349e-7 0 -1 -1.20349e-7 0 -1 -1.20349e-7 0 -1 -1.20349e-7 0 1 0 1.26148e-7 1 0 0 1 9.15153e-7 1.40215e-7 1 4.80517e-7 0 1 5.07274e-7 0 1 -5.25383e-7 0 1 0 3.18611e-7 1 -2.44687e-7 0 1 0 0 1 0 0 1 3.25532e-7 0 1 0 0 1 3.59138e-7 0 1 5.05662e-7 0 1 0 0 1 0 0 1 -3.12098e-7 0 1 -2.62516e-7 1.58578e-7 1 0 0 1 1.00838e-6 0 1 -5.09961e-7 0 1 5.25362e-7 0 1 0 -2.55285e-7 1 4.04949e-7 2.57877e-7 1 1.36433e-7 0 1 4.93282e-7 0 1 1.21006e-7 2.04803e-7 1 0 2.62424e-7 1 2.32275e-7 0 1 3.93333e-7 0 1 0 -2.60393e-7 1 0 0 1 0 1.8453e-7 1 0 0 1 2.83294e-7 0 1 0 0 1 0 0 1 0 0 1 0 0 1 4.63715e-7 0 1 1.35857e-7 3.15902e-7 1 2.82742e-7 0.995017 0 -0.09970617 0.997859 0 0.06540286 -0.1476225 0 0.9890438 0.01718199 0 0.9998524 0.9650338 0 -0.2621256 0.9087332 0 -0.4173776 0.8276246 0 -0.5612819 0.7239609 0 -0.6898411 0.6005468 0 -0.7995897 0.4607492 0 -0.8875305 0.3083614 0 -0.9512693 0.1475883 0 -0.9890489 -0.01721251 0 -0.999852 0.973488 0 0.2287382 0.9225497 0 0.3858784 0.8464499 0 0.5324684 0.7472645 0 0.6645267 0.627694 0 0.7784603 0.4910131 0 0.8711522 0.3409318 0 0.9400881 0.1815275 0 0.9833859 -0.6003369 6.10378e-5 0.7997472 -0.4608703 0 0.8874675 -0.4605675 6.10387e-5 0.8876248 -0.3083062 3.05193e-5 0.9512872 -0.3084532 0 0.9512396 -0.8277861 -3.05197e-5 0.5610438 -0.8274632 9.15572e-5 0.56152 -0.9085908 9.1558e-5 0.4176875 -0.6006835 0 0.799487 -0.7237677 9.15582e-5 0.6900437 -0.7241249 0 0.6896688 -0.9949833 6.10382e-5 0.1000416 -0.9978809 6.10381e-5 -0.06506657 -0.9950505 -6.10386e-5 0.09937071 -0.9649425 6.10375e-5 0.2624614 -0.9651151 -6.10388e-5 0.261826 -0.9088587 -3.05191e-5 0.4171045 -0.8466032 3.05192e-5 -0.5322247 -0.9224182 -9.15582e-5 -0.3861925 -0.9226611 3.05194e-5 -0.385612 -0.9734017 -6.10379e-5 -0.2291057 -0.997835 -6.10371e-5 -0.06576746 -0.9735591 6.10382e-5 -0.2284354 -0.6275084 -6.10387e-5 -0.7786098 -0.7470775 -6.10382e-5 -0.6647369 -0.6278461 0 -0.7783375 -0.8462828 -9.1556e-5 -0.532734 -0.7474228 0 -0.6643487 -0.4911217 0 -0.871091 -0.4908349 -6.10377e-5 -0.8712526 -0.3410226 0 -0.9400552 -0.3408681 -3.05191e-5 -0.9401112 -0.181557 0 -0.9833805 -0.1815865 0 -0.983375 0.8333688 -0.3567744 -0.4221474 0.8744488 -0.1977978 -0.4429621 0.8743775 -0.1981922 -0.4429264 -0.2483922 -0.9604561 0.1257984 -0.3860318 -0.9015243 0.1955337 0.8915555 -0.03415089 -0.4516221 0.8915675 -0.03375458 -0.4516282 0.8843714 0.1311389 -0.4479842 0.8844169 0.1308054 -0.4479919 0.8530501 0.2925292 -0.4321253 0.8531475 0.2921955 -0.4321588 0.7986078 0.4456174 -0.404538 0.7984746 0.4459164 -0.4044713 0.7221491 0.5871009 -0.365805 0.7222689 0.586916 -0.3658649 0.6261375 0.7122939 -0.3171584 0.626254 0.7121655 -0.3172165 0.5131444 0.8179974 -0.2599292 0.5130907 0.8180396 -0.2599024 0.3860661 0.9015026 -0.1955661 0.3860318 0.9015243 -0.1955337 0.2483913 0.9604525 -0.1258284 0.2483922 0.9604561 -0.1257984 0.833457 -0.3564983 -0.4222067 0.7695994 -0.505701 -0.3898506 0.7697501 -0.5054251 -0.3899107 0.6848482 -0.6408091 -0.3469104 0.6850308 -0.6405645 -0.3470016 0.5816056 -0.758251 -0.2946024 0.5814192 -0.75843 -0.2945092 0.462147 -0.855352 -0.2340796 0.4623053 -0.8552405 -0.2341741 0.3302149 -0.9289659 -0.1672742 0.330401 -0.9288828 -0.1673673 0.1894621 -0.9771886 -0.09595179 0.1893104 -0.9772239 -0.09589123 0.04324531 -0.9988242 -0.02191257 0.04333668 -0.9988195 -0.02194297 -0.1039788 -0.9931853 0.05264556 -0.1039184 -0.9931915 0.05264586 -0.5131219 -0.8180102 0.2599333 -0.5131444 -0.8179974 0.2599292 -0.7986078 -0.4456174 0.404538 -0.7222689 -0.586916 0.3658649 -0.7985969 -0.4456419 0.4045325 -0.626254 -0.7121655 0.3172165 -0.8844169 -0.1308054 0.4479919 -0.8915555 0.03415089 0.4516221 -0.8531399 -0.2922234 0.432155 -0.8531475 -0.2921955 0.4321588 -0.7695966 0.5057297 0.3898187 -0.7695994 0.505701 0.3898506 -0.8333688 0.3567744 0.4221474 -0.8333598 0.356801 0.4221428 -0.8743829 0.1981629 0.4429291 -0.462123 0.855364 0.2340829 -0.5814192 0.75843 0.2945092 -0.462147 0.855352 0.2340796 -0.6848482 0.6408091 0.3469104 -0.1893104 0.9772239 0.09589123 -0.3302149 0.9289659 0.1672742 -0.04324531 0.9988242 0.02191257 0.1039788 0.9931853 -0.05264556 -0.45188 -2.94749e-5 -0.8920788 -0.4518632 0 -0.8920873 -0.4518768 2.94769e-5 -0.8920805 -0.4518665 2.94726e-5 -0.8920856 -0.4518855 -2.94783e-5 -0.892076 -0.4518983 0 -0.8920695 -0.4519138 -1.4734e-5 -0.8920616 -0.45187 0 -0.8920838 -0.4518855 2.94795e-5 -0.892076 -0.4518955 -7.36658e-6 -0.8920708 -0.4519507 4.42038e-5 -0.892043 -0.4518811 1.10481e-5 -0.8920782 -0.4518582 1.6574e-5 -0.8920899 -0.4519148 0 -0.8920612 -0.4518975 -1.47304e-5 -0.8920699 -0.4519004 0 -0.8920684 -0.451883 0 -0.8920773 -0.4518653 -2.94704e-5 -0.8920862 -0.4518911 7.36723e-6 -0.8920731 -0.4518961 -2.94707e-5 -0.8920707 -0.4518844 2.55559e-5 -0.8920766 -0.4518833 2.94701e-5 -0.8920771 -0.451896 0 -0.8920707 -0.4519026 1.47358e-5 -0.8920673 -0.4518585 4.42038e-5 -0.8920897 -0.4518641 9.20939e-6 -0.8920869 -0.4518809 -2.21023e-5 -0.8920783 -0.4518581 2.20965e-5 -0.89209 -0.4519007 -1.47349e-5 -0.8920683 -0.4518894 0 -0.8920741 -0.4518935 2.76611e-6 -0.892072 -0.4518777 0 -0.89208 -0.4519203 -2.21118e-5 -0.8920584 -0.4518821 0 -0.8920778 -0.4518445 -4.41999e-5 -0.8920968 -0.4519018 -1.10495e-5 -0.8920677 -0.4518483 2.20972e-5 -0.8920949 -0.4518864 1.47311e-5 -0.8920755 -0.4519134 -1.47295e-5 -0.8920618 -0.451898 -2.21118e-5 -0.8920696 -0.4518557 1.10519e-5 -0.8920911 -0.4518804 -2.21044e-5 -0.8920786 -0.4518809 -2.21006e-5 -0.8920784 -0.4518626 2.21003e-5 -0.8920876 -0.4518954 2.20987e-5 -0.8920711 -0.4519155 -4.41966e-5 -0.8920608 -0.451857 4.41952e-5 -0.8920904 -0.4518836 0 -0.8920769 -0.4518772 0 -0.8920802 -0.4518856 -4.41926e-5 -0.892076 -0.4518839 1.47382e-5 -0.8920769 -0.4519005 -1.47401e-5 -0.8920684 -0.4518648 -1.47401e-5 -0.8920864 -0.4519488 2.95066e-5 -0.8920439 -0.4518654 0 -0.8920862 -0.4518949 1.4735e-5 -0.8920713 -0.4518714 0 -0.8920832 -0.4518647 0 -0.8920866 -0.4518853 0 -0.8920761 -0.4519166 -1.10515e-5 -0.8920603 -0.4518435 0 -0.8920972 -0.4519109 0 -0.8920632 -0.4519132 0 -0.892062 -0.4519032 -4.42035e-5 -0.892067 -0.451852 4.4206e-5 -0.892093 -0.4518965 -4.42061e-5 -0.8920704 -0.4518937 -2.94698e-5 -0.8920719 -0.4518883 2.94702e-5 -0.8920747 -0.4518866 -7.36746e-6 -0.8920754 -0.4518783 0 -0.8920797 -0.4518687 -2.21033e-5 -0.8920845 -0.4519012 4.42044e-5 -0.8920681 -0.4519365 4.05225e-5 -0.8920501 -0.4518504 -1.47355e-5 -0.8920938 -0.4519231 2.21034e-5 -0.8920569 -0.4518895 3.31532e-5 -0.8920739 0.4518603 -2.21009e-5 0.8920887 0.4518831 -1.10512e-5 0.8920773 0.4519087 -1.8417e-6 0.8920642 0.4518553 1.10503e-5 0.8920913 0.451909 1.79566e-5 0.8920641 0.4519171 -9.20821e-6 0.8920601 0.4518591 -1.84174e-6 0.8920894 0.4518153 -1.93414e-5 0.8921115 0.4518733 4.60449e-6 0.8920823 0.4519169 8.28942e-6 0.8920601 0.4518714 -1.10507e-5 0.8920831 0.4518488 -2.07153e-5 0.8920946 0.4518179 -2.7628e-6 0.8921102 0.4519941 2.76182e-6 0.892021 0.4518283 9.68235e-6 0.8921049 0.4519063 -4.60467e-6 0.8920655 0.4518697 -5.5257e-6 0.8920841 0.4519161 1.10515e-5 0.8920605 0.4518483 -9.20967e-6 0.8920949 0.4518731 -2.34844e-5 0.8920823 0.4518733 -5.52574e-6 0.8920822 0.4518823 1.10512e-5 0.8920776 0.4518958 1.6577e-5 0.8920708 0.451947 -1.84185e-6 0.8920449 0.4518922 1.84187e-5 0.8920726 0.4518026 8.28894e-6 0.892118 0.4519166 1.84185e-6 0.8920603 0.4518452 -1.10517e-5 0.8920964 0.4518595 -4.6048e-6 0.8920891 0.4518624 2.76287e-6 0.8920876 0.4518532 3.68391e-6 0.8920924 0.4518674 -9.66733e-6 0.8920853 0.4518924 -1.10512e-5 0.8920724 0.4518561 2.76292e-6 0.8920909 0.451839 1.0363e-5 0.8920995 0.4519085 -8.29088e-6 0.8920643 0.4518578 5.5242e-6 0.89209 0.4518821 2.76284e-6 0.8920778 0.45191 1.84188e-6 0.8920636 0.4519019 5.52393e-6 0.8920676 0.4519432 -1.38111e-6 0.8920468 0.4518844 -1.3812e-5 0.8920766 0.4518992 1.65749e-5 0.892069 0.4519093 0 0.8920639 0.4518567 -2.76277e-6 0.8920906 0.4519046 -8.28838e-6 0.8920663 0.4519057 5.52587e-6 0.8920658 0.4518851 2.76308e-6 0.8920762 0.4518598 8.28979e-6 0.8920891 0.4519387 8.28819e-6 0.8920491 0.4518684 -2.76284e-6 0.8920846 0.4518654 3.68377e-6 0.8920862 0.4519152 1.84185e-6 0.8920609 0.4519262 3.68366e-6 0.8920554 0.4518939 -9.20939e-6 0.8920717 0.4518705 3.68381e-6 0.8920836 0.4518984 9.20941e-7 0.8920695 0.4519066 -2.76281e-6 0.8920654 0.451964 -1.01299e-5 0.8920363 0.4518721 -2.76286e-6 0.8920828 0.4518821 -5.52585e-6 0.8920777 0.4517934 -5.52585e-6 0.8921227 0.4519441 2.76276e-6 0.8920463 0.4519064 0 0.8920654 0.4518726 -1.10515e-5 0.8920825 0.4518729 1.65772e-5 0.8920823 0.4518945 -1.6577e-5 0.8920715 0.4518762 0 0.8920807 0.4519187 -4.60465e-6 0.8920592 0.4518705 5.52571e-6 0.8920836 0.4519354 0 0.8920508 0.4518035 0 0.8921175 0.4519407 -4.60457e-6 0.8920481 0.451897 2.76284e-6 0.8920702 0.4518713 -4.14429e-6 0.8920832 0.4518706 -2.76286e-6 0.8920835 -0.2483913 -0.9604525 0.1258284 0.04324537 -0.9988249 -0.02188205 0.6848616 -0.6407911 -0.3469172 0.462123 -0.855364 -0.2340829 0.8333598 -0.356801 -0.4221428 0.8743953 -0.1981283 -0.4429199 0.8531399 0.2922234 -0.432155 0.7222965 0.5868831 -0.3658635 0.7985969 0.4456419 -0.4045325 0.5131219 0.8180102 -0.2599333 0.6262354 0.7121791 -0.3172226 -0.1891587 0.9772592 0.09583061 -0.04321491 0.9988262 0.02188211 -0.04333668 0.9988195 0.02194297 0.1039184 0.9931915 -0.05264586 0.1039486 0.9931885 -0.05264568 -0.4623293 0.8552285 0.2341707 -0.5811843 0.7586556 0.2943918 -0.4619079 0.8555138 0.23396 -0.1894326 0.9771941 0.09595233 -0.330401 0.9288828 0.1673673 -0.3300287 0.9290488 0.1671811 -0.7694576 0.5059828 0.3897645 -0.7697501 0.5054251 0.3899107 -0.8332441 0.3571395 0.422085 -0.6846432 0.6410918 0.3467926 -0.5816056 0.758251 0.2946024 -0.6850011 0.6405958 0.3470021 -0.8743115 0.1985573 0.4428933 -0.8744559 0.1977925 0.4429503 -0.8915453 0.03448617 0.451617 -0.8334754 0.3564625 0.4222006 -0.8915666 0.0337851 0.4516278 -0.8844467 -0.1305001 0.448022 -0.8532061 -0.2919811 0.4321881 -0.884375 -0.1311089 0.4479861 -0.853066 -0.2924937 0.4321179 -0.7986853 -0.4454571 0.4045614 -0.7985073 -0.4458566 0.4044725 -0.7223614 -0.5867641 0.3659265 -0.6263198 -0.7120794 0.31728 -0.7221491 -0.5871009 0.365805 -0.6261053 -0.7123226 0.3171575 -0.5132109 -0.8179451 0.2599626 -0.5131132 -0.8180269 0.2598984 -0.3860661 -0.9015026 0.1955661 0.8437101 0.324788 -0.4273943 0.8799066 0.1646525 -0.4457062 0.8920711 0 -0.4518952 0.7038697 0.6143562 -0.3565585 0.6040403 0.7358843 -0.3059571 0.784498 0.4760702 -0.3973915 0.2186962 0.969484 -0.1107825 0.3580793 0.9159054 -0.1813743 0.487721 0.837314 -0.2470497 -0.2192804 0.9693203 0.1110594 -0.07394689 0.9965589 0.03744643 0.07333618 0.9966155 -0.03714114 -0.4881579 0.8369948 0.2472682 -0.6043688 0.7355398 0.3061366 -0.3586038 0.9156451 0.1816518 -0.8437696 0.3246347 0.4273936 -0.7846516 0.4757656 0.3974531 -0.7041074 0.6140148 0.3566774 -0.8799034 -0.1645908 0.4457352 -0.8920711 0 0.4518952 -0.879911 0.1646228 0.4457085 -0.7845576 -0.4759472 0.3974213 -0.7039896 -0.6142017 0.356588 -0.8437441 -0.3246977 0.4273961 -0.3583242 -0.9157853 0.1814968 -0.4879119 -0.8371746 0.2471452 -0.6041881 -0.7357258 0.3060463 0.07364153 -0.9965873 -0.03729379 -0.07364153 -0.9965873 0.03729379 -0.2189742 -0.9694072 0.1109062 0.2189742 -0.9694072 -0.1109062 0.3583242 -0.9157853 -0.1814968 0.4879119 -0.8371746 -0.2471452 0.6041881 -0.7357258 -0.3060463 0.7039896 -0.6142017 -0.356588 0.7845576 -0.4759472 -0.3974213 0.8437441 -0.3246977 -0.4273961 0.8799034 -0.1645908 -0.4457352 0.4518905 -5.34874e-7 0.8920735 0.4518883 -2.46823e-6 0.8920745 0.4518932 -3.69025e-6 0.892072 0.4518921 0 0.8920727 0.4518911 0 0.8920732 0.4518866 3.70476e-6 0.8920755 0.4518921 -3.39609e-6 0.8920727 0.4518862 -2.71609e-6 0.8920756 0.4518914 0 0.892073 0.4518847 2.71853e-6 0.8920764 0.4518877 -1.02337e-6 0.8920749 0.4518914 -6.79348e-7 0.8920731 0.451884 2.72127e-6 0.8920767 0.4518873 -1.23221e-6 0.8920751 0.4518921 -1.37296e-6 0.8920726 0.4518842 2.45835e-6 0.8920767 0.451889 1.23026e-6 0.8920742 0.4518821 -6.83518e-7 0.8920777 0.4518856 1.35873e-6 0.8920759 0.4518939 6.16802e-7 0.8920718 0.4518901 -4.10992e-6 0.8920737 0.4518842 -2.46336e-6 0.8920767 0.4518824 2.30349e-6 0.8920775 0.4518792 1.37718e-6 0.8920792 0.4518883 -9.18094e-7 0.8920746 0.4518825 -1.23207e-6 0.8920776 0.4518843 -2.03747e-6 0.8920766 0.4518859 3.40202e-7 0.8920757 0.4518886 1.36453e-6 0.8920744 0.4518948 6.79157e-7 0.8920713 0.451891 -2.43975e-6 0.8920732 0.4518848 -9.24599e-7 0.8920763 0.451887 0 0.8920753 0.4518829 0 0.8920773 0.4518865 1.22792e-6 0.8920755 0.4518844 4.93324e-6 0.8920765 0.4518909 1.21988e-6 0.8920732 0.4518979 0 0.8920698 0.4518859 1.35843e-6 0.8920758 0.4518864 0 0.8920755 0.4518834 -1.6304e-6 0.892077 0.4518819 1.75297e-6 0.8920778 0.4518895 -1.36289e-6 0.8920739 0.4518826 0 0.8920775 0.4518843 -1.35985e-6 0.8920767 0.4518842 -1.23329e-6 0.8920767 0.4518955 1.23221e-6 0.8920709 0.4518868 -1.23276e-6 0.8920754 0.4518892 0 0.8920741 0.4518845 0 0.8920765 0.4518873 -1.21722e-6 0.8920751 0.4518802 1.02735e-6 0.8920787 0.451889 -4.0928e-6 0.8920743 0.4518832 3.74121e-6 0.8920772 0.4518924 0 0.8920725 0.4518867 -3.70314e-6 0.8920754 0.451893 -6.16128e-7 0.8920723 0.4519002 -3.07258e-7 0.8920685 0.4518867 2.29642e-6 0.8920754 0.4518897 -2.66755e-7 0.8920738 0.4518837 -1.37335e-6 0.892077 0.4518882 1.36704e-6 0.8920747 0.4518902 0 0.8920737 0.4518854 0 0.892076 0.4518864 1.85131e-6 0.8920755 0.45189 -1.23307e-6 0.8920738 0.451887 6.15368e-7 0.8920752 0.4518856 -2.45454e-6 0.8920759 0.4518901 1.22262e-6 0.8920736 0.4518852 0 0.8920762 0.4518923 2.91118e-6 0.8920725 0.4518983 -2.72905e-6 0.8920695 0.4518776 6.80407e-7 0.89208 0.4518924 -1.23378e-6 0.8920725 0.4518882 0 0.8920746 0.4518933 1.36247e-6 0.892072 0.4518904 2.71909e-6 0.8920735 0.4518952 0 0.8920711 0.4518889 0 0.8920743 0.4518975 0 0.8920699 0.7888656 0.2924369 -0.5405292 0.8152035 0.1631261 -0.5557277 0.7790715 0.3219808 -0.5379368 0.8274155 0 -0.5615903 0.81807 0.1477439 -0.5558176 0.8277957 0 -0.5610296 0.6400569 0.6092626 -0.4681094 0.5410131 0.7298045 -0.4179598 0.5920988 0.6750494 -0.4401448 0.6745995 0.5590533 -0.482053 0.7406814 0.4305712 -0.5157516 0.7201339 0.4720728 -0.5084824 0.3856381 0.8593845 -0.33577 0.2971975 0.9084085 -0.294054 0.2663103 0.9236322 -0.2756491 0.4950531 0.7758915 -0.3910434 0.4256817 0.8304272 -0.3594245 -0.1306229 0.988492 -0.07629841 -0.1231143 0.9892175 -0.07931929 0.01513755 0.9885513 -0.1501245 0.1397761 0.9672325 -0.2119531 0.1590965 0.9615984 -0.2236446 -0.4134371 0.9081456 0.06588989 -0.542047 0.8301153 0.1307431 -0.4992657 0.8591192 0.1124637 -0.2537956 0.9671763 -0.01257377 -0.2750416 0.961425 -0.00375384 -0.3801191 0.9234865 0.05179136 -0.7055196 0.6746033 0.2171463 -0.756301 0.6089229 0.239211 -0.7880161 0.5586003 0.2588368 -0.6085561 0.7755275 0.1679785 -0.6573899 0.7294464 0.1890682 -0.9320866 0.1477434 0.3307365 -0.9025414 0.2922204 0.3162695 -0.9303229 0.1630957 0.3284803 -0.8946464 0.3218578 0.3098637 -0.8541939 0.4301335 0.292127 -0.8361321 0.4717644 0.2798603 -0.9303275 -0.1630659 0.3284819 -0.9024912 -0.2924375 0.3162122 -0.9320866 -0.1477434 0.3307365 -0.9420405 0 0.3354991 -0.9422704 0 0.3348532 -0.7877415 -0.5590581 0.2586842 -0.7561754 -0.6091032 0.2391488 -0.7051457 -0.6750538 0.2169609 -0.8540101 -0.4305605 0.2920352 -0.8946375 -0.3218852 0.3098606 -0.8360393 -0.4719468 0.2798293 -0.3797807 -0.9236326 0.05166894 -0.4988602 -0.8593788 0.1122786 -0.4131415 -0.9082888 0.06576937 -0.5417987 -0.830292 0.1306506 -0.6081327 -0.7758988 0.1677965 -0.6571947 -0.7296468 0.1889732 -0.1302877 -0.9885267 -0.07642084 0.008850514 -0.9892175 -0.1461867 -0.1230539 -0.9892226 -0.07935023 -0.2747352 -0.9615121 -0.003875911 -0.2535805 -0.9672314 -0.01266527 0.01544278 -0.9885233 -0.1502775 0.1399902 -0.9671747 -0.2120758 0.1593728 -0.9615166 -0.2237994 0.2974423 -0.9082887 -0.2941768 0.2666485 -0.9234883 -0.2758044 0.4258607 -0.8302972 -0.3595126 0.3860391 -0.8591195 -0.3359875 0.4954518 -0.7755283 -0.3912586 0.5411605 -0.729645 -0.4180474 0.6401701 -0.6091015 -0.468164 0.5924718 -0.6745993 -0.4403329 0.7202048 -0.4719572 -0.5084894 0.6748705 -0.5586229 -0.4821724 0.7408652 -0.4301444 -0.5158436 0.7790936 -0.3218858 -0.5379616 0.8152219 -0.1630626 -0.5557194 0.7889249 -0.2922226 -0.5405585 0.81807 -0.1477439 -0.5558176 0.008789539 0.9892224 -0.1461569 -0.06634771 -0.9972307 0.0336011 0.06695878 -0.9971795 -0.03390663 0.8821017 0.1491177 -0.4468342 -0.1982522 -0.9749945 0.1004079 -0.325793 -0.9309287 0.1650176 -0.4460077 -0.8660435 0.2259336 -0.5561529 -0.7818735 0.2817234 -0.6537835 -0.6803657 0.3311644 -0.73688 -0.563624 0.3732773 -0.8035997 -0.4341959 0.4070644 -0.8523712 -0.2949988 0.4317859 -0.8523826 -0.2950026 0.4317611 -0.8820936 -0.1491773 0.4468302 0.19874 -0.9748701 -0.1006518 0.3259795 -0.9308469 -0.1651108 0.4460439 -0.8660241 -0.2259365 0.5563018 -0.7817462 -0.2817826 0.6541123 -0.6799619 -0.3313441 0.7372504 -0.5630167 -0.3734624 0.8038805 -0.4335583 -0.4071896 0.8524855 -0.2946298 -0.4318125 0.8821017 -0.1491177 -0.4468342 0.8524026 0.2949075 -0.4317863 0.6537525 0.6803957 -0.3311641 0.736946 0.5635362 -0.3732798 0.803654 0.4340702 -0.4070915 0.4458261 0.8661685 -0.2258123 0.3257308 0.930956 -0.1649864 0.5559955 0.7820192 -0.2816295 0.5559743 0.7820324 -0.2816342 -0.06668359 0.9972021 0.03378427 0.06662285 0.9972072 -0.03375393 0.1984029 0.9749546 -0.1004985 -0.4462285 0.8659049 0.2260289 -0.3260673 0.9308056 0.16517 -0.1985888 0.9749072 0.1005914 -0.6541259 0.6799455 0.3313509 -0.7372195 0.5630775 0.3734318 -0.5563952 0.7816573 0.2818447 -0.8038378 0.4336433 0.4071834 -0.8524694 0.2946653 0.4318197 -0.8821057 0.1490878 0.4468362 -0.8820936 0.1491773 0.4468302 -0.8523712 0.2949988 0.4317859 -0.73688 0.563624 0.3732773 -0.653766 0.6803793 0.331171 -0.8038479 0.4336487 0.407158 -0.8035997 0.4341959 0.4070644 -0.4460077 0.8660435 0.2259336 -0.325793 0.9309287 0.1650176 -0.5561529 0.7818735 0.2817234 0.06698918 0.9971775 -0.03390657 -0.06631737 0.9972327 0.03360116 -0.1982516 0.9749916 0.1004381 0.3259795 0.9308469 -0.1651108 0.4460439 0.8660241 -0.2259365 0.445823 0.8661626 -0.2258413 0.19874 0.9748701 -0.1006518 0.7369235 0.5635424 -0.3733144 0.654119 0.6799688 -0.3313169 0.7372587 0.5630231 -0.3734362 0.5563018 0.7817462 -0.2817826 0.8524931 0.2946019 -0.4318163 0.8038805 0.4335583 -0.4071896 0.8036432 0.4340808 -0.4071015 0.8524026 -0.2949075 -0.4317863 0.8524694 -0.2946653 -0.4318197 0.8821057 -0.1490878 -0.4468362 0.6541259 -0.6799455 -0.3313509 0.736946 -0.5635362 -0.3732798 0.653759 -0.6804025 -0.331137 0.7372195 -0.5630775 -0.3734318 0.803827 -0.433654 -0.4071934 0.803654 -0.4340702 -0.4070915 0.3257308 -0.930956 -0.1649864 0.3260673 -0.9308056 -0.16517 0.4458261 -0.8661685 -0.2258123 0.5559955 -0.7820192 -0.2816295 0.4462285 -0.8659049 -0.2260289 0.5563952 -0.7816573 -0.2818447 0.06662285 -0.9972072 -0.03375393 -0.06668359 -0.9972021 0.03378427 -0.06662285 -0.9972072 0.03375393 0.1985888 -0.9749072 -0.1005914 0.1984035 -0.9749575 -0.1004683 0.06668359 -0.9972021 -0.03378427 -0.1984029 -0.9749546 0.1004985 -0.3257308 -0.930956 0.1649864 -0.1985888 -0.9749072 0.1005914 -0.3260673 -0.9308056 0.16517 -0.4458261 -0.8661685 0.2258123 -0.4462285 -0.8659049 0.2260289 -0.5559955 -0.7820192 0.2816295 -0.653759 -0.6804025 0.331137 -0.5563952 -0.7816573 0.2818447 -0.6541259 -0.6799455 0.3313509 -0.736946 -0.5635362 0.3732798 -0.7372195 -0.5630775 0.3734318 -0.803654 -0.4340702 0.4070915 -0.8524026 -0.2949075 0.4317863 -0.803827 -0.433654 0.4071934 -0.8524694 -0.2946653 0.4318197 -0.8821017 -0.1491177 0.4468342 -0.8821057 -0.1490878 0.4468362 -0.1393216 -0.967042 0.2131179 -0.02911549 -0.9873641 0.155771 -0.008240222 -0.9890732 0.1471951 0.942128 -1.83115e-4 -0.3352535 0.9421184 -1.52594e-4 -0.3352806 0.9334368 0.13749 -0.3313494 -0.2660373 -0.9233635 0.2768107 -0.1500007 -0.964491 0.2173866 -0.2670099 -0.9229832 0.2771422 -0.3848511 -0.8591855 0.3371796 -0.4808894 -0.787881 0.3846932 -0.3777948 -0.8639016 0.3330845 -0.4938917 -0.7755835 0.3931174 -0.5732673 -0.6967468 0.4311712 -0.6533886 -0.5922889 0.4714628 -0.5905822 -0.674877 0.4424407 -0.6729078 -0.5590424 0.4844241 -0.7198057 -0.476381 0.5049169 -0.7389937 -0.4306575 0.5180952 -0.7712739 -0.3511506 0.5308765 -0.8067482 -0.2190373 0.5487987 -0.7873273 -0.292585 0.5426876 -0.8167893 -0.1479272 0.5576496 -0.8240469 -0.09589105 0.5583474 -0.8266733 0 0.5626823 -0.8277957 0 0.5610296 0.09357172 -0.9912316 0.093297 0.1241508 -0.9889945 0.08047825 0.2549564 -0.9668444 0.01446604 0.2157717 -0.9759476 0.03112971 0.3349438 -0.9417797 -0.02938956 0.3812134 -0.9231707 -0.04931873 0.4486607 -0.8894475 -0.08710139 0.5003311 -0.8588702 -0.1095943 0.6097041 -0.7752684 -0.1649845 0.5547522 -0.8199968 -0.1409083 0.6512263 -0.7347888 -0.1897096 0.7066828 -0.6743319 -0.2141869 0.7363884 -0.6352795 -0.2327059 0.7891041 -0.558318 -0.256117 0.8550989 -0.4298995 -0.2898144 0.808501 -0.5233846 -0.2690629 0.866063 -0.4014445 -0.2979552 0.9031875 -0.2921 -0.3145316 0.9079394 -0.2720156 -0.3188317 0.9323503 -0.147589 -0.3300612 0.9335443 -0.1372132 -0.3311612 0.9031067 0.2923781 -0.3145049 0.9324218 0.1477433 -0.3297902 0.9078212 0.272444 -0.3188025 0.7063387 0.6747512 -0.2140013 0.7887795 0.5588447 -0.255968 0.7363089 0.6353815 -0.2326792 0.854862 0.4304371 -0.2897149 0.8658134 0.4020665 -0.2978418 0.808266 0.5237981 -0.2689642 0.5001137 0.8590164 -0.1094409 0.4481474 0.8897331 -0.08682775 0.3809748 0.9232756 -0.04919737 0.6511227 0.7348973 -0.189645 0.5544115 0.8202642 -0.1406934 0.6094009 0.7755456 -0.1648019 0.2155253 0.9759981 0.03125143 0.09351122 0.9912372 0.09329754 0.1237848 0.9890278 0.08063107 0.3344278 0.9419707 -0.02914565 0.2545908 0.9669384 0.01461863 -0.2675607 0.922805 0.2772047 -0.2661269 0.923265 0.2770528 -0.1505508 0.9643431 0.2176623 -0.1396237 0.9669592 0.2132962 -0.008606433 0.9890428 0.1473783 -0.02935886 0.9873383 0.155889 -0.4941691 0.7753438 0.3932417 -0.5733699 0.6966382 0.4312101 -0.5909232 0.6744557 0.4426277 -0.3783438 0.8636261 0.3331757 -0.4809832 0.7877932 0.384756 -0.3850601 0.8589616 0.3375113 -0.6732317 0.5585085 0.4845901 -0.6536232 0.5919139 0.4716085 -0.7200812 0.4758017 0.5050701 -0.7392324 0.430105 0.5182135 -0.7714141 0.3507316 0.53095 -0.7874264 0.292252 0.5427233 -0.8168104 0.147834 0.5576431 -0.806775 0.2189447 0.5487962 -0.8240469 0.09589105 0.5583474 -0.4518875 8.30093e-7 -0.8920751 -0.451887 8.25198e-7 -0.8920752 -0.4518868 -2.99923e-7 -0.8920754 -0.4518867 2.24724e-7 -0.8920754 -0.4518887 -3.00475e-7 -0.8920745 -0.451889 1.93425e-6 -0.8920742 -0.4518908 5.49962e-7 -0.8920734 -0.4518873 -5.48585e-7 -0.892075 -0.4518865 1.20147e-6 -0.8920755 -0.4518882 0 -0.8920747 -0.4518896 -1.80325e-6 -0.8920739 -0.4518867 1.21015e-6 -0.8920754 -0.4518874 1.52206e-6 -0.892075 -0.4518868 -1.20365e-6 -0.8920754 -0.451887 2.41264e-6 -0.8920753 -0.451885 0 -0.8920763 -0.451889 2.40382e-6 -0.8920742 -0.4518867 4.5142e-7 -0.8920754 -0.4518886 2.22137e-6 -0.8920744 -0.4518873 -2.50699e-6 -0.8920751 -0.4518879 -1.13698e-6 -0.8920748 -0.4518874 -1.50476e-7 -0.892075 -0.451887 0 -0.8920752 -0.4518889 6.00188e-7 -0.8920742 -0.451887 -5.50424e-7 -0.8920753 -0.4518874 -1.10551e-6 -0.892075 -0.4518871 2.87048e-7 -0.8920753 -0.4518883 5.48078e-7 -0.8920746 -0.4518882 0 -0.8920746 -0.4518915 6.076e-7 -0.892073 -0.4518882 -1.09281e-6 -0.8920746 -0.4518881 9.8044e-7 -0.8920748 -0.4518875 1.66522e-6 -0.892075 -0.4518883 1.20133e-6 -0.8920745 -0.451887 9.02369e-7 -0.8920752 -0.4518879 -3.00015e-7 -0.8920747 -0.4518878 -1.03777e-6 -0.8920748 -0.4518877 -1.42566e-6 -0.892075 -0.4518874 2.75673e-7 -0.8920751 -0.4518882 -9.66175e-7 -0.8920747 -0.4518868 -7.22718e-7 -0.8920754 -0.4518864 0 -0.8920756 -0.4518889 5.53089e-7 -0.8920742 -0.4518861 1.05553e-6 -0.8920757 -0.4518884 -4.53649e-7 -0.8920745 -0.451887 8.19649e-7 -0.8920753 -0.4518861 0 -0.8920758 -0.451889 0 -0.8920742 -0.4518861 -5.53204e-7 -0.8920758 -0.451889 0 -0.8920742 -0.4518861 1.1021e-6 -0.8920757 -0.4518874 0 -0.8920751 -0.451888 0 -0.8920747 -0.4518878 1.09374e-6 -0.8920748 -0.451888 6.07661e-7 -0.8920747 -0.4518868 -3.02575e-7 -0.8920753 -0.4518864 1.4324e-6 -0.8920755 -0.4518896 0 -0.892074 -0.4518857 9.57046e-7 -0.8920758 -0.451889 -2.76689e-7 -0.8920742 -0.4518867 2.76544e-7 -0.8920755 -0.4518879 2.76741e-7 -0.8920747 -0.4518872 -1.03736e-6 -0.8920752 -0.451887 -2.06953e-7 -0.8920753 -0.4518881 -5.15855e-7 -0.8920747 -0.4518865 2.03944e-6 -0.8920754 -0.451887 -8.83685e-7 -0.8920753 -0.4518876 3.03637e-7 -0.892075 -0.4518883 4.54818e-7 -0.8920747 -0.4518883 -1.50913e-7 -0.8920745 -0.4518884 -1.5052e-7 -0.8920745 -0.4518882 0 -0.8920747 -0.4518884 1.38566e-7 -0.8920746 -0.4518885 8.30783e-7 -0.8920745 -0.4518873 1.10639e-6 -0.8920751 -0.4518884 5.52329e-7 -0.8920745 -0.4518875 1.10257e-6 -0.8920751 -0.451889 1.10297e-6 -0.8920742 -0.451887 1.09888e-6 -0.8920753 -0.4518865 2.43196e-6 -0.8920755 -0.4518882 -6.05576e-7 -0.8920747 -0.4518886 -1.10431e-6 -0.8920745 -0.4518863 1.80281e-6 -0.8920755 -0.4518884 0 -0.8920746 -0.451888 0 -0.8920747 -0.4518878 1.67174e-6 -0.8920748 -0.4518863 0 -0.8920757 -0.4518867 0 -0.8920755 0.8834609 0.1386168 -0.4475291 0.8834551 0.1387122 -0.447511 0.8578556 0.2743038 -0.4345585 0.8157487 0.4047156 -0.4132305 0.857757 0.2747386 -0.4344788 0.7577981 0.5276203 -0.3838737 0.8155067 0.4053575 -0.413079 0.7575839 0.5280167 -0.3837513 0.6851837 0.6403511 -0.3470934 0.599405 0.7406191 -0.3036395 0.685096 0.6404769 -0.3470343 0.5021914 0.8264871 -0.254407 0.5993033 0.7407287 -0.3035733 0.5018536 0.8267583 -0.2541923 0.3952838 0.8964689 -0.200236 0.2806223 0.9492326 -0.1421575 0.3947619 0.8967672 -0.1999292 0.1604686 0.9836868 -0.08130246 0.2801345 0.9494177 -0.1418831 0.1602576 0.9837337 -0.08115124 0.03720259 0.9991304 -0.01883018 -0.0865516 0.9952831 0.04382514 0.03717213 0.9991316 -0.01883018 -0.2085695 0.9722869 0.1056276 -0.08679598 0.9952551 0.04397785 -0.2090837 0.9721435 0.1059305 -0.3267069 0.9305272 0.1654745 -0.4386466 0.8707621 0.2221767 -0.3272553 0.9302803 0.1657792 -0.5421676 0.7941312 0.2746087 -0.4390147 0.8705218 0.2223914 -0.5422711 0.7940268 0.2747063 -0.6351042 0.7022464 0.3217027 -0.7156971 0.5969484 0.3625332 -0.6352008 0.7021299 0.3217663 -0.7825366 0.4801242 0.3963802 -0.715954 0.5965622 0.3626617 -0.7828249 0.4795222 0.3965397 -0.8343445 0.3539051 0.4226352 -0.8700684 0.220775 0.4407261 -0.8344846 0.3534726 0.4227205 -0.8816645 0.1524121 0.4465851 -0.870086 0.2206879 0.4407349 0.8834609 -0.1386168 -0.4475291 0.8578671 -0.2743075 -0.4345338 0.8834551 -0.1387122 -0.447511 0.815759 -0.4047207 -0.4132052 0.8577455 -0.2747349 -0.4345036 0.8154964 -0.4053524 -0.4131042 0.7578111 -0.5276082 -0.3838648 0.6851837 -0.6403511 -0.3470934 0.757575 -0.5280106 -0.3837774 0.5994246 -0.7406057 -0.303634 0.685096 -0.6404769 -0.3470343 0.5993033 -0.7407287 -0.3035733 0.5022181 -0.8264809 -0.2543746 0.3952862 -0.8964743 -0.2002066 0.5018497 -0.826752 -0.2542209 0.2806515 -0.9492285 -0.1421264 0.3947337 -0.8967726 -0.199961 0.2801052 -0.9494217 -0.1419143 0.1604987 -0.9836845 -0.08127176 0.03720259 -0.9991304 -0.01883018 0.1602275 -0.9837361 -0.08118194 -0.08655148 -0.9952816 0.0438556 0.03717213 -0.9991316 -0.01883018 -0.0867961 -0.9952564 0.04394739 -0.2085688 -0.9722837 0.1056578 -0.3267053 -0.9305225 0.1655042 -0.2090844 -0.9721466 0.1059003 -0.4386436 -0.8707563 0.2222058 -0.3272842 -0.9302756 0.1657478 -0.4390177 -0.8705278 0.2223623 -0.5421415 -0.7941378 0.2746415 -0.6351042 -0.7022464 0.3217027 -0.5422757 -0.7940334 0.2746781 -0.7156971 -0.5969484 0.3625332 -0.6352008 -0.7021299 0.3217663 -0.715954 -0.5965622 0.3626617 -0.7825153 -0.4801299 0.3964154 -0.8343445 -0.3539051 0.4226352 -0.7828249 -0.4795222 0.3965397 -0.8700684 -0.220775 0.4407261 -0.8344954 -0.3534771 0.4226954 -0.870086 -0.2206879 0.4407349 -0.8816645 -0.1524121 0.4465851 0.4518879 0 0.8920747 0.4518877 0 0.8920748 0.8055503 0 -0.5925274 0.4262908 0 -0.9045862 0.5694512 0 -0.8220252 0.6970567 0 -0.7170161 0.1097146 0 -0.9939631 -0.05557477 0 -0.9984546 0.2718015 0 -0.9623534 -0.3766308 0 -0.9263635 -0.5240412 0 -0.8516929 -0.2190982 0 -0.9757028 -0.8662567 0 -0.4995992 -0.7721566 0 -0.6354323 -0.657045 0 -0.7538515 -0.9815452 0 -0.1912307 -0.9996286 0 -0.02725368 -0.936695 0 -0.3501467 -0.954311 0 0.2988154 -0.8920834 0 0.4518709 -0.9904653 0 0.137763 -0.5694306 0 0.8220395 -0.6969329 0 0.7171364 -0.8054998 0 0.5925961 -0.2718015 0 0.9623534 -0.1096845 0 0.9939665 -0.4266244 0 0.904429 0.2190691 0 0.9757093 0.3766308 0 0.9263635 0.05545306 0 0.9984613 0.5240412 0 0.8516929 0.6570125 0 0.7538797 0.772102 0 0.6354987 0.8662908 0 0.4995402 0.936685 0 0.3501734 0.9815384 0 0.1912658 0.9996319 0 0.02713173 0.9904778 0 -0.1376731 0.9542821 0 -0.2989075 -0.8920745 0 0.4518884 -0.8920747 0 0.4518883 0 1 0 0 1 0 0 1 0 0 1 0 0 1 0 0 1 0 0.8920742 0 -0.4518889 0.892074 0 -0.4518896 0 -1 0 0 -1 -3.82155e-7 0 -1 4.73332e-7 0 -1 0 0 -1 0 0 -1 -4.7333e-7 -0.8336713 -0.3558881 0.4222986 -0.8698384 -0.2219078 0.4406111 -0.881574 -0.1530226 0.4465551 -0.713264 -0.6005871 0.3613167 -0.63129 -0.7065505 0.3197804 -0.7811766 -0.4828792 0.3957156 -0.3186836 -0.9340158 0.1614171 -0.4319659 -0.8749492 0.2187907 -0.5368886 -0.7986187 0.2719539 0.04934966 -0.9984688 -0.02499526 -0.07565754 -0.9963968 0.03833234 -0.1991692 -0.9747571 0.1008969 0.2942321 -0.9440394 -0.149054 0.4091045 -0.8886463 -0.2072226 0.1734997 -0.9809066 -0.0878638 0.1734992 -0.9809041 -0.08789408 0.5158146 -0.815885 -0.2612798 0.6124573 -0.727087 -0.3102266 0.6971222 -0.6239674 -0.3531085 0.7681216 -0.5085204 -0.3890966 0.8240435 -0.383044 -0.4174084 0.8459933 -0.317278 -0.4285207 9.06667e-7 -1 0 0 -1 0 0 -1 0 0 -1 -1.44085e-7 -1.72124e-6 -1 -5.23419e-7 1.33265e-7 -1 0 0 -1 -4.34694e-7 0 -1 1.75221e-7 0 -1 -3.64173e-7 0 -1 3.14111e-7 0 -1 2.50394e-7 0 -1 0 0 -1 0 0 -1 -1.61124e-7 0 -1 -3.73179e-6 0 -1 6.99047e-7 0 -1 0 0 -1 1.10988e-6 0 -1 0 0 -1 2.41152e-6 0 -1 -1.64312e-6 0 -1 0 0 -1 0 0 -1 0 1.50139e-7 -1 0 0 -1 -4.65564e-7 0 -1 1.89973e-7 0 -1 0 0 -1 0 0 -1 1.27099e-7 0 -1 0 0 -1 0 0 -1 0 0 -1 0 0 -1 0 0 -1 0 0 -1 -1.60374e-6 0 -1 0 0 -1 8.63807e-7 0 -1 0 0 -1 2.84617e-7 0 -1 0 0.8920747 0 -0.4518883 0.8920745 0 -0.4518884 -4.27938e-7 1 0 0 1 -6.94954e-7 0 1 0 0 1 1.66547e-7 0 1 0 0 1 -1.30851e-6 -2.36085e-7 1 1.67526e-6 0 1 0 0 1 -1.82085e-7 0 1 0 0 1 0 0 1 0 0 1 2.31635e-6 0 1 0 0 1 0 0 1 0 0 1 0 0 1 0 6.55698e-7 1 1.51347e-7 9.18024e-7 1 0 0 1 4.92878e-7 0 1 -6.78006e-7 0 1 1.45965e-7 0 1 0 0 1 -8.61428e-7 0 1 0 0 1 8.678e-7 0 1 2.52353e-7 0 1 0 0 1 1.02262e-6 0 1 0 0 1 0 0 1 0 0 1 0 0 1 2.50394e-7 0 1 0 0 1 0 0 1 0 0 1 2.09407e-7 0 1 0 0 1 0 0 1 0 -0.09088557 0.9947974 0.04602265 0.04464983 0.9987468 -0.02261483 0.8814319 -0.1540011 -0.4464994 0.892071 -6.1038e-4 -0.4518951 -0.2243474 0.967859 0.1136539 -0.3526165 0.9185608 0.1786277 -0.4727088 0.848062 0.2394521 -0.5818822 0.7579789 0.294756 -0.6776047 0.6504126 0.3432428 -0.7576628 0.5278858 0.3837755 -0.8201835 0.393306 0.4154632 -0.8638381 0.2496142 0.4375804 -0.8782584 0.1753342 0.4448821 0.1790531 0.9796496 -0.09070152 0.3092545 0.9379874 -0.1566568 0.4323942 0.8746765 -0.2190353 0.5455688 0.7911907 -0.2763552 0.6461825 0.6894282 -0.3273181 0.7319089 0.5717142 -0.3707459 0.8007418 0.4407635 -0.4056355 0.8510913 0.2996383 -0.4311154 0.8817754 0.1515609 -0.4466559 0.7270948 -0.5793808 -0.3683084 0.7979846 -0.4470142 -0.4042263 0.8498117 -0.304156 -0.4304757 0.8814277 -0.1540308 -0.4464972 0.5353457 -0.7999209 -0.2711673 0.4190595 -0.8827992 -0.2122612 0.6388335 -0.6979802 -0.3235979 0.159431 -0.9839008 -0.08075314 0.02230954 -0.9996874 -0.01129209 0.2927381 -0.9446238 -0.1482918 -0.3786888 -0.9054288 0.1918165 -0.249894 -0.9599618 0.126595 -0.1152095 -0.9916259 0.05835247 -0.606468 -0.7333648 0.3072015 -0.6999792 -0.6199284 0.3545674 -0.6064487 -0.7333784 0.3072071 -0.4984999 -0.8292972 0.2525156 -0.7768092 -0.4916668 0.3934861 -0.8350918 -0.3516706 0.4230241 -0.8734614 -0.2032583 0.4424378 -0.8848446 -0.1270211 0.4482362 -0.4518877 0 -0.892075 -0.4518862 -5.13523e-7 -0.8920756 -0.451888 1.03759e-6 -0.8920747 -0.4518899 -2.90905e-7 -0.8920738 -0.4518855 1.27347e-6 -0.8920759 -0.4518892 -1.04661e-6 -0.8920741 -0.451888 -1.36945e-6 -0.8920747 -0.4518889 -1.58135e-6 -0.8920743 -0.4518871 -1.25905e-6 -0.8920753 -0.4518895 2.12249e-6 -0.892074 -0.4518877 -1.24607e-6 -0.8920749 -0.4518874 3.08627e-6 -0.892075 -0.4518887 -1.22425e-6 -0.8920744 -0.4518879 -1.06761e-6 -0.8920748 -0.451888 2.73446e-6 -0.8920747 -0.4518887 1.61014e-6 -0.8920744 -0.4518885 0 -0.8920745 -0.4518889 0 -0.8920744 -0.4518897 0 -0.8920739 -0.4518893 -1.20034e-6 -0.8920741 -0.451887 1.65048e-6 -0.8920752 -0.4518872 -1.09654e-6 -0.8920751 -0.4518872 -8.20546e-7 -0.8920751 -0.4518886 2.51057e-6 -0.8920744 -0.4518877 -1.16007e-6 -0.8920749 -0.451888 2.35959e-6 -0.8920747 -0.4518879 8.80051e-7 -0.8920748 -0.4518867 2.73546e-6 -0.8920753 -0.4518875 0 -0.892075 -0.4518864 -1.99559e-6 -0.8920755 -0.4518862 -1.77419e-6 -0.8920756 -0.451888 -2.73643e-6 -0.8920748 -0.4518891 1.39323e-6 -0.8920742 -0.4518876 -5.29937e-6 -0.892075 -0.4518882 1.07459e-6 -0.8920747 -0.4518867 5.38233e-6 -0.8920754 -0.4518863 1.068e-6 -0.8920757 -0.4518901 -2.06972e-6 -0.8920736 -0.4518863 0 -0.8920755 -0.4518864 0 -0.8920755 -0.4518882 1.93195e-6 -0.8920747 -0.4518871 -1.95281e-6 -0.8920753 -0.4518886 0 -0.8920744 -0.4518883 4.7429e-6 -0.8920747 -0.4518873 1.18083e-6 -0.892075 -0.4518877 0 -0.892075 -0.4518902 -3.38696e-6 -0.8920736 -0.4518907 2.32873e-6 -0.8920733 -0.4518901 -2.37521e-6 -0.8920737 -0.4518879 2.9429e-6 -0.8920748 -0.4518895 -2.47364e-6 -0.892074 -0.4518859 2.19084e-6 -0.8920758 -0.4518894 -5.65203e-7 -0.8920741 -0.451887 1.05492e-6 -0.8920753 -0.4518881 -1.06578e-6 -0.8920747 -0.4518873 -1.65954e-6 -0.8920751 -0.4518883 -2.58615e-6 -0.8920746 -0.4518865 -5.30241e-6 -0.8920754 -0.4518882 -2.48202e-6 -0.8920747 -0.4518896 -2.78534e-6 -0.8920739 -0.4518888 3.32796e-6 -0.8920743 -0.4518879 0 -0.8920747 -0.4518879 1.76331e-6 -0.8920748 -0.4518885 2.44153e-6 -0.8920745 -0.4518887 0 -0.8920743 -0.4518882 5.89048e-7 -0.8920746 -0.4518889 2.29351e-6 -0.8920742 -0.4518878 -2.40737e-6 -0.8920749 -0.4518897 0 -0.8920738 -0.4518887 0 -0.8920744 -0.4518884 -3.10487e-6 -0.8920745 -0.4518887 -2.10458e-6 -0.8920743 -0.4518882 1.01601e-6 -0.8920747 -0.4518904 2.37796e-6 -0.8920735 -0.4518857 5.0406e-6 -0.8920758 -0.4518892 -1.08334e-6 -0.8920741 -0.4518873 2.13971e-6 -0.8920751 -0.4518892 -2.43432e-6 -0.8920741 -0.4518899 -1.10694e-6 -0.8920738 -0.4518852 3.60253e-6 -0.8920762 -0.4518882 0 -0.8920746 -0.4518881 6.74668e-6 -0.8920748 -0.4518899 1.13175e-6 -0.8920738 -0.451888 -1.16947e-6 -0.8920748 -0.4518885 2.26579e-6 -0.8920745 0.1248829 0.9901524 -0.0632655 0.004181087 0.9999892 -0.002105772 0.2432362 0.9621106 -0.1232051 0.3570113 0.9164246 -0.1808556 0.4641361 0.8539885 -0.2351199 0.5628746 0.7758105 -0.2851149 0.6513971 0.6832283 -0.3299711 0.7278889 0.5781299 -0.3687055 0.7908539 0.4626768 -0.4006 0.8393419 0.3387337 -0.4251644 0.8578852 0.274212 -0.4345581 -0.1164908 0.9914383 0.0589931 -0.2348771 0.9647177 0.1189645 -0.3490116 0.9202906 0.1767947 -0.3489847 0.9203004 0.1767965 -0.4568475 0.8589124 0.2314299 -0.5563656 0.7816891 0.2818146 -0.6456099 0.6901073 0.3270166 -0.7228534 0.5860041 0.3661724 -0.7868424 0.4711837 0.3985789 -0.8364542 0.3475892 0.4237054 -0.8707236 0.2174825 0.441069 -0.8818843 0.1507651 0.4467103 0.4518871 -1.89089e-6 0.8920751 0.4518882 0 0.8920747 0.4518879 -2.13972e-6 0.8920748 0.4518869 1.23682e-6 0.8920753 0.451887 0 0.8920753 0.4518882 -5.41667e-7 0.8920747 0.4518867 0 0.8920754 0.451889 5.4771e-7 0.8920742 0.4518883 1.10693e-6 0.8920746 0.4518872 6.00422e-7 0.8920751 0.4518888 -1.11801e-6 0.8920744 0.4518878 0 0.8920748 0.4518882 -8.47629e-7 0.8920747 0.4518885 1.76574e-6 0.8920745 0.4518876 0 0.892075 0.4518883 -2.25797e-6 0.8920746 0.4518888 0 0.8920743 0.451886 5.82183e-7 0.8920757 0.4518898 1.6656e-6 0.8920738 0.4518884 1.09841e-6 0.8920745 0.4518868 0 0.8920753 0.4518847 -5.69113e-7 0.8920764 0.45189 -2.46471e-6 0.8920737 0.4518896 1.09654e-6 0.8920739 0.4518876 2.5662e-6 0.892075 0.4518879 0 0.8920748 0.451889 -2.43063e-6 0.8920742 0.4518883 -7.78194e-7 0.8920747 0.4518866 0 0.8920754 0.4518867 -5.23302e-7 0.8920754 0.4518891 6.29525e-7 0.8920742 0.4518899 -7.74868e-7 0.8920738 0.4518877 6.17255e-7 0.8920748 0.451889 6.23036e-7 0.8920743 0.4518872 5.30621e-7 0.8920752 0.451887 6.12125e-7 0.8920753 0.4518868 1.13434e-6 0.8920754 0.4518882 -2.33087e-6 0.8920747 0.4518878 -1.87849e-6 0.8920748 0.4518874 -2.18232e-6 0.892075 0.4518896 7.50212e-7 0.892074 0.451888 0 0.8920747 0.4518897 5.4709e-7 0.8920739 0.4518879 -4.07024e-7 0.8920747 0.4518879 9.02762e-7 0.8920747 0.4518864 -1.08757e-6 0.8920755 0.4518872 1.92144e-6 0.8920751 0.4518885 -2.7508e-7 0.8920745 0.4518873 -1.08423e-6 0.8920751 0.4518873 -1.35081e-6 0.892075 0.4518871 0 0.8920752 0.4518854 -8.87028e-7 0.8920761 0.4518877 -5.48244e-7 0.8920748 0.4518882 -1.09556e-6 0.8920747 0.4518896 0 0.892074 0.4518874 1.82507e-6 0.892075 0.4518901 -1.51038e-6 0.8920736 0.4518861 6.0043e-7 0.8920757 0.4518896 -5.97333e-7 0.8920739 0.4518879 -1.78452e-6 0.8920748 0.4518876 1.77859e-6 0.892075 0.451889 -1.18083e-6 0.8920742 0.4518899 -5.91395e-7 0.8920738 0.4518905 -1.11771e-6 0.8920734 0.4518879 2.35942e-6 0.8920748 0.4518891 0 0.8920741 0.4518885 2.7733e-7 0.8920745 0.4518873 -9.15574e-7 0.8920751 0.4518875 -1.24101e-6 0.8920751 0.4518876 1.26481e-6 0.892075 0.4518873 -5.4703e-7 0.8920751 0.4518862 5.61908e-7 0.8920757 0.4518885 0 0.8920745 0.4518883 5.57905e-7 0.8920747 0.4518879 5.81422e-7 0.8920748 0.451889 0 0.8920742 0.4518884 0 0.8920745 0.4518864 7.43113e-7 0.8920755 0.4518898 0 0.8920738 0.4518884 -8.77449e-7 0.8920745 0.4518883 0 0.8920746 0.451888 5.32889e-7 0.8920747 0.4518886 1.39267e-7 0.8920744 0.4518882 1.04052e-6 0.8920746 0.4518883 0 0.8920745 0.4518883 -4.25409e-7 0.8920746 0.4518879 0 0.8920747 0.451888 1.76331e-7 0.8920748 0.8920747 0 -0.4518883 0.8920745 0 -0.4518883 0 -1 0 0 -1 0 0 -1 0 0 -1 0 0 -1 -1.54217e-7 0 -1 0 0 -1 -1.46098e-7 0 -1 0 0 -1 -2.09404e-7 0 -1 0 0 -1 0 0 -1 0 0 -1 0 0 -1 0 0 -1 5.89088e-7 0 -1 0 0 -1 -2.87173e-7 0 -1 0 0 -1 0 0 -1 -5.58485e-7 0 -1 0 0 -1 0 0 -1 0 -7.83843e-7 -1 -4.94492e-7 1.24581e-7 -1 -3.24316e-7 0 -1 0 0 -1 0 0 -1 -2.02223e-7 0 -1 0 0 -1 -3.41062e-7 0 -1 0 0 -1 0 0 -1 0 0 -1 0 0 -1 -6.88581e-7 0 -1 8.3239e-7 0 -1 -1.60374e-7 0 -1 -8.69735e-7 2.19047e-7 -1 1.57056e-7 0 -1 1.04681e-6 0 -1 0 0 -1 -1.23378e-6 0 1 0 0 1 0 0 1 0 0 1 0 0 1 0 0 1 0 0 1 0 0 1 0 0 1 0 0 1 0 0 1 0 0 1 0 0 1 0 0 1 0 0 1 0 0 1 0 0 1 0 0 1 0 0 1 0 0 1 0 -1.26997e-7 1 0 0 1 0 -4.15299e-7 1 8.16558e-7 0 1 0 0 1 0 0 1 0 0 1 0 0 1 0 0 1 0 0 1 0 0 1 0 0 1 0 0 1 0 0 1 0 0 1 0 0 1 0 0 1 0 0 1 0 0 1 0 8.10124e-7 1 2.28715e-7 0 1 0 -1.33265e-7 1 0 0.8920897 0 -0.4518586 -0.5698621 1.22078e-4 0.8217404 -0.6970567 6.10382e-5 0.7170161 -0.6970876 6.10383e-5 0.7169861 -0.8055251 3.05193e-5 0.5925618 -0.8054094 0 0.592719 -0.2715877 -3.05189e-5 0.9624137 -0.1098688 3.05191e-5 0.9939461 -0.2720437 0 0.962285 -0.5692148 0 0.8221889 -0.4262291 -3.05191e-5 0.9046153 -0.4268094 3.05191e-5 0.9043416 0.2188237 3.05193e-5 0.9757645 0.2194308 -3.05189e-5 0.9756281 0.3763001 3.05191e-5 0.9264979 0.05517756 3.05186e-5 0.9984766 -0.109259 -3.05193e-5 0.9940133 0.05588072 -3.05193e-5 0.9984375 0.5238318 3.05192e-5 0.8518218 0.5243222 -3.05193e-5 0.85152 0.6567505 3.05196e-5 0.7541079 0.3769353 -3.05186e-5 0.9262396 0.6572073 -3.05195e-5 0.75371 0.7718809 3.05188e-5 0.6357672 0.8660789 0 0.4999074 0.7723503 -6.10385e-5 0.6351969 0.8663664 -3.05188e-5 0.4994089 0.9366173 0 0.3503541 0.9367862 -3.05192e-5 0.3499024 0.9814971 0 0.1914774 0.9996252 0 0.02737569 0.9815864 -3.05191e-5 0.1910191 0.9996386 -6.10373e-5 0.02688694 0.9904611 0 -0.1377929 0.9542936 0 -0.298871 -2.96689e-7 -1 0 -2.96689e-7 -1 0 -4.54951e-7 -1 0 -4.54951e-7 -1 -7.00126e-7 -0.7327501 2.62548e-7 -0.680498 -0.7327503 0 -0.6804977 -0.9557021 0 0.2943361 -0.9557022 5.25098e-7 0.2943357 -0.2229585 0 0.974828 -0.2229584 0 0.974828 0.7327505 -2.62548e-7 0.6804975 0.7327505 -1.31274e-7 0.6804975 0.9557021 -5.25097e-7 -0.2943357 0.955702 0 -0.2943359 0.2229584 -1.47684e-7 -0.974828 0.2229583 -1.58428e-7 -0.974828 0 -1 -2.38934e-6 -3.4275e-7 -1 -1.05492e-6 0 -1 1.33857e-6 0 -1 5.93095e-7 0 -1 -2.66381e-6 0 -1 2.85785e-6 0 -1 0 0 -1 -3.42559e-6 -2.65986e-7 -1 6.79772e-6 -5.26808e-7 -1 -6.88744e-7 0 -1 -2.2844e-6 -5.62182e-7 -1 4.99386e-7 7.7428e-7 -1 1.44438e-6 -4.45046e-7 -1 2.62556e-7 -4.68076e-7 -1 0 -2.91005e-7 -1 -2.67798e-6 -5.88421e-7 -1 0 -6.00448e-7 -1 0 -3.06596e-7 -1 7.90151e-7 0 -1 3.88351e-6 -4.33197e-7 -1 6.23218e-7 -6.81416e-7 -1 2.80815e-6 -1.13253e-6 -1 -1.41073e-6 1.83279e-7 -1 -9.06407e-7 0 -1 -4.53406e-6 0 -1 1.28733e-6 -3.06589e-7 -1 5.26771e-7 0 -1 0 0 -1 -3.42753e-7 0 -1 -2.57336e-6 -4.89273e-7 -1 2.37202e-6 -1.44073e-6 -1 9.28251e-7 -2.8969e-7 -1 -3.42817e-7 0 -1 1.05495e-6 -0.9814616 0 -0.1916595 -0.9996219 0 -0.02749764 0.1095941 0 -0.9939764 0.2717088 0 -0.9623795 -0.9905121 0 0.1374253 -0.9543774 0 0.2986034 -0.8921944 0 0.4516516 -0.8056661 0 0.5923701 -0.6971495 0 0.7169259 -0.5695908 0 0.8219284 -0.4265009 0 0.9044872 -0.271745 0 0.9623693 -0.1095941 0 0.9939764 -0.936536 0 -0.3505715 -0.8660657 0 -0.4999303 -0.7719779 0 -0.6356495 -0.6568328 0 -0.7540363 -0.5238097 0 -0.8518354 -0.3765155 0 -0.9264104 -0.2190045 0 -0.9757239 -0.05551391 0 -0.998458 0.4264143 0 -0.9045281 0.8055251 0 -0.5925618 0.6969948 0 -0.7170763 0.5694862 0 -0.822001 0.9904694 0 -0.1377331 0.9366512 0 0.3502638 0.9815326 0 0.1912952 0.657045 0 0.7538515 0.7721716 0 0.6354141 0.866236 0 0.4996353 0.3766677 0 0.9263485 0.5240191 0 0.8517066 0.2190626 0 0.9757108 0.05548352 0 0.9984596 0 1 1.38141e-6 0 1 -2.59016e-7 4.49423e-7 1 -6.90722e-7 7.03421e-7 1 -1.10513e-6 0 1 -2.21025e-6 0 1 -1.10513e-6 -3.1941e-7 1 -3.453e-7 6.80674e-7 1 0 4.6443e-7 1 0 4.49648e-7 1 1.38147e-6 4.22589e-7 1 -1.38152e-6 0 1 1.10534e-6 7.37655e-7 1 0 4.66555e-7 1 0 4.55953e-7 1 0 5.6242e-7 1 2.76284e-7 5.64796e-7 1 1.10484e-6 2.96959e-7 1 0 0 1 -1.38102e-6 0 1 1.38141e-6 0 1 -1.10513e-6 0 1 6.90715e-7 6.63812e-7 1 0 8.16939e-7 1 -1.38116e-6 0 1 -1.38168e-6 0 1 1.38145e-6 0 1 -1.10513e-6 0 1 5.52578e-7 0 1 7.59782e-7 0 1 -1.38143e-7 0 1 8.28849e-7 0 1 -1.10514e-6 3.3505e-7 1 1.10514e-6 0 1 1.38143e-6 8.66328e-7 1 0 0 1 6.90711e-7 0 1 5.18032e-7 0 1 6.90526e-7 2.33515e-7 1 1.38104e-6 5.11657e-7 1 0 5.06953e-7 1 0 6.87428e-7 1 0 0 1 5.52457e-7 4.32904e-7 1 -5.5249e-7 4.55944e-7 1 -2.7625e-7 4.66551e-7 1 2.76261e-7 4.64439e-7 1 1.51954e-6 4.49642e-7 1 -2.76289e-7 4.22592e-7 1 1.10523e-6 7.19436e-7 1 -5.52649e-7 0 1 5.52775e-7 7.02828e-7 1 0 0.9366611 0 0.350237 0.8662227 0 0.4996582 0.9542849 0 -0.2988988 0.69701 0 -0.7170615 0.6970257 0 -0.7170462 0.5694655 0 -0.8220152 -0.523796 -6.10378e-5 -0.8518438 -0.3766677 0 -0.9263485 -0.3764892 -6.10391e-5 -0.9264211 -0.2190626 0 -0.9757108 -0.05548352 0 -0.9984596 -0.7721716 0 -0.6354141 -0.7719506 -9.15573e-5 -0.6356827 -0.8660657 -9.15567e-5 -0.4999303 -0.5240191 0 -0.8517066 -0.6568328 -9.15574e-5 -0.7540363 -0.9814616 -9.15571e-5 -0.1916595 -0.9996227 -6.10382e-5 -0.02746719 -0.9815326 0 -0.1912952 -0.936536 -9.15569e-5 -0.3505715 -0.9366611 0 -0.350237 -0.8662227 0 -0.4996582 -0.8921944 -3.05191e-5 0.4516516 -0.9542849 0 0.2988988 -0.9543774 -6.10391e-5 0.2986034 -0.9904694 0 0.1377331 -0.9996319 0 -0.02713173 -0.9905121 -6.10372e-5 0.1374253 -0.69701 0 0.7170615 -0.8055251 0 0.5925618 -0.6971495 -3.05192e-5 0.7169259 -0.8056661 -3.05188e-5 0.5923701 -0.5696115 -3.05193e-5 0.8219142 -0.5694655 0 0.8220152 -0.4264143 0 0.9045281 -0.2717088 0 0.9623795 1.38439e-7 1 0 2.33268e-7 1 1.38142e-6 2.51425e-7 1 0 2.1642e-7 1 -2.76283e-6 0 1 -2.76282e-6 1.39625e-6 1 0 1.23388e-6 1 0 0 1 3.45356e-7 6.55178e-7 1 0 7.25379e-7 1 -3.45353e-7 0 1 1.38136e-6 2.16431e-7 1 0 1.23368e-6 1 0 2.27954e-7 1 -6.04251e-7 2.33255e-7 1 0 5.18757e-7 1 1.72676e-7 1.38379e-7 1 0 0 1 -3.45347e-7 0 1 0 0 1 3.45354e-7 0 1 -6.91559e-7 0 1 -3.45354e-7 0 1 -3.45354e-7 7.25373e-7 1 3.45355e-7 0 1 6.90513e-7 0 1 6.90715e-7 0 1 1.38186e-6 6.55109e-7 1 -6.90666e-7 1.3844e-7 1 -6.90706e-7 2.51198e-7 1 0 2.3327e-7 1 0 2.27956e-7 1 0 2.16421e-7 1 0 0 1 -1.38114e-6 1.39602e-6 1 0 0 1 0 0 1 3.45259e-7 0 1 -6.90708e-7 0 1 -1.38141e-6 0 1 0 1.3844e-7 1 0 2.33268e-7 1 0 2.27953e-7 1 1.72677e-7 2.16419e-7 1 1.38139e-6 2.27953e-7 1 -1.38142e-6 5.18611e-7 1 -6.90726e-7 0 1 1.38141e-6 0 1 3.45355e-7 0 1 -3.45357e-7 0 1 -3.45353e-7 0 1 -6.90714e-7 0 1 1.26537e-5 0 1 -3.41861e-6 0 1 8.63129e-6 0 1 -5.27423e-6 0 1 2.4806e-6 0 1 -2.30428e-6 0 1 5.5241e-6 0 1 2.76374e-6 0 1 3.73858e-6 0 1 1.29508e-7 0 1 2.53208e-5 0 1 -6.47687e-6 0 1 5.27744e-6 0 1 -4.09802e-6 0 1 -5.20969e-7 0 1 -1.44038e-6 0 1 -2.76283e-6 0 1 -1.87707e-7 0 1 2.10124e-6 0 1 -3.27158e-6 -0.6968401 0 0.7172267 -0.5696115 0 0.8219142 -0.5693258 0 0.822112 -0.4263526 0 0.9045572 -0.8919292 0 0.4521753 -0.9541868 0 0.2992115 -0.8053696 0 0.5927732 -0.999641 0 -0.02679544 -0.9815977 0 -0.1909603 -0.9996227 0 -0.02746719 -0.9904189 0 0.1380965 -0.7723503 0 -0.6351969 -0.8663796 0 -0.499386 -0.9367662 0 -0.3499559 -0.523796 0 -0.8518438 -0.5241706 0 -0.8516133 -0.6572245 0 -0.7536948 -0.3768199 0 -0.9262866 -0.2191563 0 -0.9756898 -0.4518916 -1.65769e-5 -0.8920729 -0.4518957 -5.12673e-6 -0.8920708 -0.4518836 -1.30769e-5 -0.8920769 -0.4518879 8.70571e-6 -0.8920747 -0.4518875 2.37692e-6 -0.892075 -0.4518846 -4.61917e-6 -0.8920764 -0.4518888 -1.63364e-5 -0.8920744 -0.4518989 4.10998e-6 -0.8920693 -0.4518923 1.71289e-5 -0.8920725 -0.4518981 0 -0.8920695 -0.4518964 -2.4452e-6 -0.8920705 -0.451889 6.8862e-7 -0.8920742 -0.4518903 -1.49526e-5 -0.8920736 -0.4518978 2.60776e-6 -0.8920697 -0.4518862 -9.42392e-6 -0.8920756 -0.451883 5.83165e-6 -0.8920773 -0.4518974 3.6269e-6 -0.8920699 -0.4518942 1.19858e-6 -0.8920717 -0.4518948 4.32316e-6 -0.8920712 -0.4518909 -3.30423e-6 -0.8920732 -0.4518886 0 -0.8920744 -0.4519004 1.43859e-5 -0.8920685 -0.4518879 1.59469e-5 -0.8920748 -0.4518787 -1.29012e-5 -0.8920794 -0.4518853 -7.98415e-6 -0.8920761 -0.451883 3.68079e-6 -0.8920773 -0.4518847 9.12622e-6 -0.8920764 -0.4518828 -2.30788e-6 -0.8920773 -0.4518824 4.11009e-6 -0.8920776 -0.4518771 -3.19669e-6 -0.8920802 -0.4518769 -1.53581e-7 -0.8920803 -0.4518902 -1.32438e-5 -0.8920736 -0.4518831 -1.4946e-5 -0.8920773 -0.4518875 4.71232e-6 -0.892075 -0.4518892 -1.98369e-5 -0.8920741 -0.4518864 5.731e-6 -0.8920755 -0.4518918 1.12257e-5 -0.8920727 -0.4518958 -2.39569e-6 -0.8920708 -0.4518852 -3.64058e-6 -0.8920761 -0.4518823 8.34758e-6 -0.8920777 -0.4518517 -2.05973e-5 -0.8920931 -0.4519934 1.17486e-4 -0.8920213 -0.4517469 -3.37057e-5 -0.8921462 -0.4517257 -9.3828e-5 -0.8921569 -0.4519904 -4.61843e-5 -0.8920229 -0.4519183 3.28975e-5 -0.8920593 -0.451986 1.27911e-5 -0.8920251 -0.4518745 -1.2858e-6 -0.8920816 -0.4518557 -3.19056e-5 -0.892091 -0.4518852 -2.52996e-5 -0.8920762 -0.451909 1.47285e-5 -0.892064 -0.4518936 -1.27948e-5 -0.8920719 -0.4518786 -3.0378e-6 -0.8920795 -0.4518647 -1.9648e-5 -0.8920865 -0.4519011 2.2605e-5 -0.8920681 -0.4519176 1.06776e-5 -0.8920597 -0.4518355 2.35253e-6 -0.8921014 -0.4519407 1.59617e-5 -0.892048 -0.4517413 -2.94456e-4 -0.8921489 -0.4519102 9.9668e-5 -0.8920634 -0.4519023 3.74463e-5 -0.8920675 -0.4517779 -1.52134e-4 -0.8921306 -0.4519044 -4.79797e-5 -0.8920665 -0.4518647 1.47475e-5 -0.8920866 -0.4519007 2.55303e-5 -0.8920683 -0.4518771 -3.33308e-5 -0.8920803 -0.4518379 -2.44529e-5 -0.8921 -0.4518959 -9.31118e-6 -0.8920708 -0.4518929 9.11466e-6 -0.8920722 -0.4518637 -2.24238e-5 -0.8920871 -0.4518848 -2.55985e-6 -0.8920763 -0.4519048 3.23871e-5 -0.8920662 -0.4519261 3.49518e-5 -0.8920554 -0.4518573 -7.95105e-7 -0.8920904 -0.4518944 1.0676e-5 -0.8920715 -0.4519239 2.32608e-5 -0.8920566 -0.4518871 0 -0.8920751 -0.451766 9.44746e-4 -0.892136 -0.4518824 8.03418e-5 -0.8920775 -0.4518747 -3.17495e-4 -0.8920814 -0.451951 6.67185e-5 -0.8920428 -0.4518502 -1.22512e-4 -0.8920939 -0.4518552 7.55106e-5 -0.8920913 -0.4519693 0 -0.8920335 -0.4518854 2.91838e-5 -0.8920761 -0.4518647 0 -0.8920866 -0.451888 -2.23875e-6 -0.8920747 -0.4518358 7.54695e-5 -0.8921012 -0.451932 0 -0.8920524 -0.451824 0 -0.8921072 -0.4519535 0 -0.8920416 -0.4518631 0 -0.8920873 -0.4519394 -7.33073e-5 -0.8920488 -0.451898 0 -0.8920696 -0.4519117 0 -0.8920628 -0.451883 -1.71179e-5 -0.8920773 -0.4518885 0 -0.8920744 -0.4518774 0 -0.8920801 -0.4518274 -1.18001e-4 -0.8921055 -0.4519675 0 -0.8920344 -0.4519045 -2.46969e-5 -0.8920664 -0.4518994 0 -0.8920689 -0.4518759 4.10051e-5 -0.8920809 -0.451849 0 -0.8920946 -0.4519462 0 -0.8920452 -0.4518861 8.95502e-6 -0.8920757 -0.4518603 -9.44759e-4 -0.8920883 -0.4518891 -5.82076e-6 -0.8920742 -0.4518454 -8.03423e-5 -0.8920963 -0.4519538 3.17495e-4 -0.8920413 -0.4519215 -3.33595e-5 -0.8920577 -0.4519068 9.80063e-5 -0.8920652 -0.451846 -5.19125e-5 -0.8920961 -0.4519526 0 -0.8920419 -0.4518818 -5.04783e-5 -0.8920779 -0.4518883 -5.82076e-6 -0.8920746 -0.4521017 -1.77133e-4 -0.8919665 -0.4518616 -6.02589e-5 -0.8920881 -0.4517795 1.58742e-4 -0.8921296 -0.4518414 6.6722e-5 -0.8920983 -0.4519508 -8.57545e-5 -0.8920429 -0.4518762 -1.88785e-5 -0.8920807 -0.4519367 -4.88686e-5 -0.8920502 -0.4517289 1.77492e-6 -0.8921553 -0.4519383 1.51779e-5 -0.8920492 -0.4518883 -1.67907e-6 -0.8920746 -0.4518465 2.44347e-5 -0.8920958 -0.4520725 2.36193e-4 -0.8919811 -0.4518514 8.03434e-5 -0.8920933 -0.4518586 -7.93709e-5 -0.8920896 -0.4518362 -4.90061e-5 -0.8921009 -0.4518876 -5.6637e-5 -0.8920749 -0.4519544 0 -0.8920412 -0.4518256 0 -0.8921063 -0.4519414 1.5178e-5 -0.8920477 -0.4518725 -2.90295e-5 -0.8920825 -0.4518642 0 -0.8920869 -0.4518808 -3.60869e-5 -0.8920784 -0.4517852 -4.42118e-5 -0.8921268 -0.4517464 3.63959e-5 -0.8921464 -0.4520127 -4.93895e-5 -0.8920115 -0.4519196 0 -0.8920587 -0.451889 2.3677e-5 -0.8920742 -0.451888 4.47751e-6 -0.8920747 -0.4520606 1.7714e-4 -0.8919872 -0.4518882 3.39545e-6 -0.8920746 -0.4518555 6.02581e-5 -0.8920912 -0.4518115 -1.58753e-4 -0.8921135 -0.4518398 -7.08919e-5 -0.8920992 -0.4519897 7.35022e-5 -0.8920232 -0.4519542 1.65174e-5 -0.8920413 -0.4518797 4.8873e-5 -0.8920789 -0.4518167 0 -0.8921108 -0.4518647 -1.51795e-5 -0.8920866 -0.4518851 -4.35637e-4 -0.8920761 -0.4518915 -4.04815e-4 -0.8920729 -0.4518879 2.95762e-4 -0.8920747 -0.4518526 -5.86132e-4 -0.8920925 -0.4518886 0 -0.8920745 -0.4518865 0 -0.8920755 -0.4518598 0 -0.8920891 -0.4518709 0 -0.8920835 -0.4518958 -9.4096e-5 -0.8920708 -0.4518797 0 -0.8920789 -0.451888 0 -0.8920748 -0.451888 0 -0.8920748 -0.4518932 0 -0.892072 -0.4518712 0 -0.8920832 -0.4518929 2.27797e-4 -0.8920722 -0.4518926 -1.66918e-4 -0.8920724 -0.4519109 -4.86492e-5 -0.892063 -0.4518733 1.67609e-4 -0.8920821 -0.4518968 0 -0.8920703 -0.4518901 -2.61197e-5 -0.8920737 -0.4518879 1.1746e-5 -0.8920748 -0.4519088 7.5268e-5 -0.8920642 -0.4518881 -7.22126e-6 -0.8920747 -0.4519035 -5.22696e-4 -0.8920668 -0.4518026 0 -0.8921179 -0.451887 2.03787e-5 -0.8920753 -0.4519338 2.68928e-4 -0.8920515 -0.4518734 -9.74971e-5 -0.892082 -0.4518842 0 -0.8920767 -0.4518749 0 -0.8920814 -0.4518895 0 -0.892074 -0.4518826 -1.2704e-4 -0.8920775 -0.4519072 5.11699e-5 -0.892065 -0.4519035 0 -0.8920668 -0.451876 1.02982e-4 -0.8920809 -0.4518772 0 -0.8920802 -0.4518808 4.0909e-5 -0.8920783 -0.4518352 -7.77769e-4 -0.8921012 -0.4518702 0 -0.8920838 0 -1 0 0 -1 0 0 -1 0 0 -1 0 0 -1 0 0 -1 0 -0.8920747 0 0.4518883 -0.8920747 0 0.4518883 -0.8437612 -0.324662 0.4273893 -0.8799148 -0.1645568 0.4457254 -0.8890235 -0.08264589 0.4503409 -0.8890257 -0.08261555 0.450342 -0.703961 -0.6142339 0.3565889 -0.6041552 -0.7357534 0.3060451 -0.784569 -0.4759236 0.397427 -0.4879351 -0.8371621 0.2471415 0.07367187 -0.996585 -0.03729373 -0.07367187 -0.996585 0.03729373 0.4879351 -0.8371621 -0.2471415 0.6041687 -0.7357394 -0.3060519 0.703961 -0.6142339 -0.3565889 0.8437612 -0.324662 -0.4273893 0.8799148 -0.1645568 -0.4457254 0.8890212 -0.08267623 -0.4503397 0.8890257 -0.08261555 -0.450342 0 -1 0 0 -1 0 0 -1 0 0 -1 0 0 -1 0 1.79083e-7 -1 0 0 -1 0 1.56636e-7 -1 0 -0.8524103 -0.2948796 0.4317902 -0.8820976 -0.1491475 0.4468321 -0.8895816 -0.07474219 0.45062 -0.6537525 -0.6803957 0.3311641 -0.8036646 -0.4340454 0.4070969 -0.4457898 -0.866188 0.2258095 -0.5559611 -0.7820444 0.2816275 0.4462529 -0.865893 -0.2260258 0.7372322 -0.5630567 -0.3734382 0.5563609 -0.7816824 -0.2818427 0.8038164 -0.4336787 -0.407188 0.8524618 -0.2946932 -0.4318159 0.8821097 -0.149058 -0.4468383 0.8895816 -0.07474219 -0.45062 0 -1 0 0 -1 0 0 -1 0 0 -1 0 0 -1 0 0 -1 0 0 -1 0 0 -1 0 0.8439309 0.3240887 -0.4274895 0.8799916 0.1640409 -0.4457639 0.8439453 0.3240215 -0.4275119 0.8799872 0.1640706 -0.4457617 0.703786 0.6144852 -0.3565015 0.604462 0.7354502 -0.306168 0.6039744 0.7359393 -0.3059547 0.7038014 0.614472 -0.3564938 0.784569 0.4759236 -0.397427 0.7842597 0.476562 -0.3972724 0.2190946 0.9693696 -0.110997 0.3579915 0.9159454 -0.1813457 0.2185814 0.9695165 -0.1107251 0.3584201 0.9157353 -0.18156 0.4878208 0.8372365 -0.2471149 0.4877567 0.8372924 -0.2470523 -0.2190946 0.9693696 0.110997 -0.2188239 0.9694479 0.1108464 -0.07391655 0.9965611 0.03744655 0.07330584 0.9966177 -0.0371412 -0.07361119 0.9965896 0.03729385 0.07361119 0.9965896 -0.03729385 -0.4883042 0.8368924 0.2473261 -0.6040074 0.7359118 0.3059559 -0.6044699 0.7354293 0.3062025 -0.3581405 0.9158753 0.181405 -0.3587527 0.915575 0.1817111 -0.4878208 0.8372365 0.2471149 -0.8436451 0.3250001 0.4273618 -0.784901 0.47525 0.3975778 -0.8435883 0.3251848 0.4273334 -0.784569 0.4759236 0.397427 -0.7041987 0.6138924 0.3567077 -0.7042614 0.6138024 0.3567391 -0.8798516 -0.1650198 0.4456788 -0.8798472 -0.1650496 0.4456766 -0.8798295 0.1651683 0.4456676 -0.8798472 0.1650496 0.4456766 -0.7845807 -0.4759122 0.3974175 -0.7042118 -0.6138734 0.3567144 -0.8436451 -0.3250001 0.4273618 -0.3581405 -0.9158753 0.181405 -0.4878208 -0.8372365 0.2471149 -0.6044699 -0.7354293 0.3062025 0.07361125 -0.9965906 -0.03726339 0.07361119 -0.9965896 -0.03729385 -0.07361119 -0.9965896 0.03729385 -0.2188239 -0.9694479 0.1108464 -0.07361125 -0.9965906 0.03726339 0.2190946 -0.9693696 -0.110997 0.2191237 -0.9693631 -0.1109962 0.3584201 -0.9157353 -0.18156 0.4878208 -0.8372365 -0.2471149 0.6039744 -0.7359393 -0.3059547 0.7038146 -0.614453 -0.3565005 0.784569 -0.4759236 -0.397427 0.8439309 -0.3240887 -0.4274895 0.7845807 -0.4759122 -0.3974175 0.8799872 -0.1640706 -0.4457617 0.8857944 -0.1125555 -0.4502218 0.8893385 -0.07828253 -0.4504985 0.8801951 -0.1654428 -0.4448432 0.6868625 -0.6389476 -0.3463611 0.790915 -0.461273 -0.4020955 0.8240211 -0.3853366 -0.4153372 0.2298111 -0.9663664 -0.1154243 0.2102488 -0.9717714 -0.1070318 0.4550134 -0.859853 -0.2315505 0.0875597 -0.9951718 -0.04434442 0.1010788 -0.9936063 -0.05029523 0.4771091 -0.8452641 -0.2406146 0.6635588 -0.667862 -0.3371203 0.8650903 -0.240886 -0.4399918 1.48469e-7 -1 2.79844e-7 0 -1 -1.39922e-7 -0.3051308 -0.939686 0.1545491 -0.3053466 -0.9396007 0.1546418 -0.1550657 -0.9847784 0.0785247 -0.07758015 -0.9962121 0.03927838 -0.07751721 -0.9962183 0.03924685 -0.1549472 -0.9848018 0.07846552 -0.573576 -0.7659073 0.2905113 -0.6835753 -0.6425266 0.3462435 -0.6836704 -0.6424078 0.3462758 -0.5733674 -0.7660972 0.2904223 -0.4457929 -0.866194 0.2257805 -0.4455506 -0.8663501 0.2256593 -0.8381428 -0.3424535 0.4245496 -0.8786691 -0.1727368 0.4450874 -0.8381271 -0.3425206 0.4245265 -0.7721691 -0.5007913 0.3911049 -0.8786737 -0.1727072 0.4450897 -0.8887648 -0.08606261 0.4502115 -0.8887718 -0.08597177 0.450215 -0.8920746 0 0.4518882 -0.8920742 0 0.451889 -0.822658 0.3861655 0.4172651 -0.8207253 0.3915628 0.4160392 -0.8787177 0.1735644 0.4446692 -0.8894614 0.07651245 0.4505599 -0.8894594 0.07654279 0.4505589 -0.8796549 0.1663296 0.4455803 -0.7181233 0.5934818 0.3634259 -0.6922105 0.6298899 0.3522549 -0.5624146 0.7768146 0.2832826 -0.3478263 0.920914 0.1758816 -0.5291973 0.8049354 0.268383 -0.3430027 0.9232294 0.1731951 -0.1543651 0.9848788 0.07864743 -0.1480187 0.9861401 0.0749554 -0.07016313 0.9969028 0.03552407 0 1 0 0 1 1.39922e-7 0.1003465 0.9936069 -0.05172967 0.0875597 0.9951718 -0.04434442 0.2014886 0.9742074 -0.1015988 0.5813233 0.7587293 -0.2939271 0.4106341 0.8876472 -0.2084758 0.3992523 0.8943655 -0.2017625 0.8624486 0.2572788 -0.4358785 0.866656 0.2360361 -0.4395387 0.7665551 0.5106502 -0.3893967 0.8877789 0.09805881 -0.4497033 0.8867571 0.1127978 -0.4482616 0.7544018 0.5344811 -0.3810616 0.5953973 0.7442696 -0.302597 0.2149129 0.9704958 -0.1093181 0.8920747 0 -0.4518882 0.8920746 0 -0.4518882 0.8860015 -0.1128903 -0.4497302 0.887771 -0.09814947 -0.4496994 0.867075 -0.2360949 -0.4386799 0.7535277 -0.5344889 -0.3827762 0.5962142 -0.7442607 -0.3010064 0.5808941 -0.7587269 -0.2947807 0.2153148 -0.9704886 -0.1085882 0.2011221 -0.9742065 -0.1023312 0.3988596 -0.8943747 -0.202497 0.4110265 -0.8876378 -0.2077411 0.101109 -0.9936032 -0.05029511 0.7674379 -0.5106487 -0.3876559 0.861626 -0.2573403 -0.4374662 0 -1 0 0 -1 -1.39922e-7 -0.3050405 -0.9397203 0.1545193 -0.3050683 -0.9397116 0.1545178 -0.154883 -0.9848121 0.07846391 -0.07776188 -0.9961944 0.03936922 -0.07770127 -0.9962003 0.03933894 -0.1548536 -0.9848191 0.07843393 -0.5734794 -0.7659921 0.2904782 -0.6832448 -0.6429587 0.3460935 -0.6834146 -0.6427326 0.3461783 -0.573208 -0.7662408 0.2903578 -0.4460107 -0.8660494 0.2259047 -0.4459169 -0.866106 0.225873 -0.8382006 -0.3422385 0.424609 -0.8785005 -0.1738079 0.4450031 -0.8382712 -0.3420593 0.4246138 -0.7724995 -0.5001165 0.3913159 -0.7725113 -0.5000936 0.3913218 -0.8785353 -0.1736256 0.4450054 -0.8886877 -0.08713221 0.4501578 -0.8886831 -0.08719277 0.4501554 -0.892075 0 0.4518874 -0.892074 0 0.4518894 -0.8867415 0.1128913 0.4482691 -0.887771 0.09814947 0.4496994 -0.8666359 0.2361 0.439544 -0.7543764 0.5345153 0.3810641 -0.5953973 0.7442696 0.302597 -0.5813233 0.7587293 0.2939271 -0.2149484 0.9704877 0.1093206 -0.2014886 0.9742074 0.1015988 -0.3992523 0.8943655 0.2017625 -0.4106595 0.8876361 0.2084732 -0.0875597 0.9951718 0.04434442 -0.1003463 0.9936053 0.05176013 -0.7665523 0.5106788 0.3893647 -0.8624204 0.2573711 0.4358797 0 1 0 0 1 1.39922e-7 0.1003463 0.9936053 -0.05176013 0.4106595 0.8876361 -0.2084732 0.8624204 0.2573711 -0.4358797 0.8666436 0.2360938 -0.4395324 0.7665523 0.5106788 -0.3893647 0.8877736 0.09811925 -0.4497007 0.8867384 0.1129214 -0.4482676 0.2149484 0.9704877 -0.1093206 0.8920739 0 -0.4518898 0.8920757 0 -0.4518858 -0.3292676 -0.92939 0.1667854 -0.3293025 -0.9293717 0.1668181 -0.1871101 -0.9777579 0.09476053 -0.11283 -0.9919704 0.05713218 -0.1128298 -0.9919687 0.05716264 -0.5830134 -0.7568828 0.2953369 -0.6876285 -0.6370581 0.3483158 -0.687664 -0.6370018 0.3483489 -0.4622693 -0.8552608 0.2341713 -0.4622486 -0.855279 0.2341457 -0.8764677 -0.1862623 0.4439715 -0.8764378 -0.1864391 0.4439564 -0.8352941 -0.3510683 0.4231253 -0.8353033 -0.3510593 0.4231145 -0.7718701 -0.5013448 0.390986 -0.7717956 -0.5014886 0.3909487 -0.8491168 0.3066 0.4301129 -0.8827731 0.1440514 0.4471699 -0.849138 0.3065052 0.4301387 -0.8918754 -0.02124166 0.4517822 -0.8918874 -0.02093601 0.4517728 -0.8827391 0.1442645 0.4471682 -0.7115021 0.6032188 0.3604053 -0.7115224 0.6031796 0.3604306 -0.6124573 0.727087 0.3102266 -0.7921225 0.4599224 0.4012647 -0.7920986 0.4599872 0.4012376 -0.4959051 0.8312492 0.2512028 -0.6125169 0.7270242 0.3102564 -0.3650965 0.9124208 0.1849134 -0.4959726 0.8311989 0.2512366 -0.3650701 0.9124309 0.1849155 -0.2973444 0.9428166 0.1506101 -0.2251725 0.9676192 0.1140632 -0.2251729 0.9676191 0.1140633 0.06875932 0.9970254 -0.03482216 0.06872892 0.9970275 -0.03482222 -0.07962334 0.9960095 0.04031521 -0.1531444 0.9851539 0.07757931 -0.1531742 0.9851493 0.07757896 0.3540799 0.917855 -0.1793594 0.4854643 0.8389649 -0.2458909 0.4854089 0.8390051 -0.2458631 0.3540285 0.9178798 -0.1793337 0.2140036 0.970799 -0.1084057 0.2140612 0.9707832 -0.1084344 0.7846881 0.4756776 -0.3974866 0.7847707 0.4755196 -0.3975126 0.702157 0.6168251 -0.3556717 0.7021439 0.6168441 -0.355665 0.6017801 0.7382014 -0.304827 0.6018679 0.7381054 -0.3048862 0.8796721 0.1661745 -0.4456041 0.8439225 0.3241161 -0.4274852 0.8796302 0.1664528 -0.4455832 0.8889 0.08429378 -0.4502791 0.8888909 0.08441501 -0.4502745 0.8920744 0 -0.4518888 0.8920744 0 -0.4518888 0.8459601 -0.3173686 -0.4285193 0.8803609 -0.1615388 -0.4459486 0.8891881 -0.08048015 -0.4504081 0.8891816 -0.08057111 -0.4504047 0.8803322 -0.1616918 -0.4459496 0.713121 -0.6008089 -0.36123 0.6158714 -0.7234506 -0.3119642 0.6159709 -0.7233378 -0.3120293 0.7130799 -0.600861 -0.3612246 0.7902297 -0.4640116 -0.4002878 0.7902651 -0.4639229 -0.4003208 0.2459841 -0.9612306 -0.1246096 0.2459564 -0.9612414 -0.1245805 0.3814897 -0.9039475 -0.1932474 0.3816366 -0.9038731 -0.1933056 0.5048736 -0.8244367 -0.2557481 0.504976 -0.8243627 -0.255784 0.1050449 -0.9930439 -0.05319386 0.03323489 -0.9993062 -0.01681584 0.03323489 -0.9993056 -0.01684629 -0.03874802 -0.9990562 0.01962804 -0.03874772 -0.9990563 0.01962816 0.8920744 0 -0.4518886 0.8920746 -2.56403e-6 -0.4518882 0.8920746 6.51404e-7 -0.4518883 0.8920746 5.54535e-7 -0.4518883 0.4518875 0 0.892075 0.4518875 0 0.892075 0.8920746 3.16113e-7 -0.4518884 0.8920745 0 -0.4518885 0.8920747 -2.37225e-7 -0.4518882 0.8920744 0 -0.4518887 -0.451888 0 -0.8920747 -0.4518884 0 -0.8920745 0.8920747 0 -0.4518882 0.8920747 6.58623e-7 -0.4518879 0.8920744 -1.23668e-6 -0.4518888 0.8920746 2.99605e-7 -0.4518883 0.8920739 1.91e-6 -0.4518895 0.8920747 -2.54965e-6 -0.451888 0.8920746 2.54846e-6 -0.4518881 0.8920742 0 -0.4518889 0.892075 0 -0.4518874 0.4518871 -1.32502e-6 0.8920752 0.4518832 1.69247e-6 0.8920772 0.4518904 0 0.8920736 0.4518919 0 0.8920727 0.4518868 -4.31634e-7 0.8920753 0.8920753 0 -0.4518868 0.892073 0 -0.4518914 0.8920754 -6.38306e-7 -0.4518867 0.4518961 0 0.8920706 0.4518885 0 0.8920745 0.8920734 0 -0.4518905 0.8920759 0 -0.4518856 -0.4518851 0 -0.8920763 -0.4518897 0 -0.8920739 0.892074 0 -0.4518895 0.8920746 0 -0.4518883 -0.4518852 -1.30455e-6 -0.8920762 -0.4518884 1.81344e-6 -0.8920746 -0.4518883 0 -0.8920747 -0.4518883 0 -0.8920747 -0.4518894 4.43253e-7 -0.8920741 0.8920739 -1.9563e-6 -0.4518896 0.892075 3.95044e-6 -0.4518876 0.8920748 0 -0.4518879 0.892075 -4.4953e-6 -0.4518874 0.892075 -8.01656e-6 -0.4518873 0.8920738 0 -0.4518899 0.892075 0 -0.4518874 -0.4518849 2.33091e-6 -0.8920764 -0.4518872 -2.86034e-7 -0.8920751 -0.45189 -1.65472e-5 -0.8920737 -0.4518764 6.8146e-5 -0.8920806 -0.4518555 0 -0.8920912 -0.451888 4.22193e-5 -0.8920748 -0.4518899 -2.07265e-4 -0.8920737 -0.4518825 5.8175e-5 -0.8920775 -0.4518989 1.44018e-4 -0.8920693 -0.4518884 4.42053e-5 -0.8920745 -0.4518874 -9.83522e-5 -0.892075 -0.4518885 -1.04193e-4 -0.8920745 -0.4518855 6.63924e-5 -0.8920761 -0.4518878 -2.99174e-5 -0.8920749 -0.4518867 -2.54308e-5 -0.8920753 -0.4518935 2.73494e-5 -0.8920719 -0.4518915 0 -0.8920729 -0.4518879 1.64043e-5 -0.8920748 -0.4518934 9.54108e-6 -0.892072 -0.4518797 0 -0.8920789 -0.4518882 0 -0.8920746 -0.4518945 -1.72624e-6 -0.8920713 -0.4518783 0 -0.8920797 -0.4518974 3.43596e-7 -0.89207 -0.8920742 3.74672e-6 0.4518888 -0.8920749 -3.70521e-6 0.4518877 -0.8920748 -1.89148e-6 0.4518878 -0.8920744 7.3179e-6 0.4518888 -0.8920748 -3.81376e-6 0.4518877 -0.8920746 -3.60855e-6 0.4518882 -0.8920746 0 0.4518884 -0.8920744 0 0.4518886 -0.8920742 1.68775e-6 0.4518889 -0.8920744 6.99101e-6 0.4518886 -0.892075 -1.37363e-5 0.4518876 -0.8920746 0 0.4518883 -0.8920745 1.34794e-5 0.4518886 -0.8920747 -6.46991e-6 0.4518882 -0.8920744 0 0.4518887 -0.8920746 -1.98268e-6 0.4518883 -0.8920746 1.26611e-5 0.4518883 -0.8920755 0 0.4518863 -0.892074 2.24282e-6 0.4518894 -0.8920753 0 0.451887 -0.8920737 0 0.4518902 -0.8920745 -4.64608e-6 0.4518885 -0.8920741 0 0.4518893 -0.8920752 0 0.4518871 -0.4518877 0 -0.892075 -0.4518878 0 -0.8920748 -0.8920745 -1.28753e-7 0.4518883 -0.8920746 0 0.4518883 -0.8920744 0 0.4518885 0.4518877 0 0.8920748 0.4518877 0 0.892075 -0.8920747 0 0.4518882 -0.8920745 0 0.4518884 -0.8920745 4.69975e-7 0.4518885 -0.8920747 -5.40494e-7 0.4518883 -0.8920747 0 0.4518882 -0.4518927 5.36069e-5 -0.8920723 -0.4518876 8.18988e-5 -0.8920749 -0.4518822 0 -0.8920777 -0.4518856 -1.23565e-5 -0.892076 -0.4518843 0 -0.8920766 -0.4518907 -5.41368e-5 -0.8920734 -0.4518877 0 -0.8920749 -0.4518862 1.07259e-5 -0.8920757 -0.4518866 0 -0.8920754 -0.4518887 -5.20183e-6 -0.8920743 -0.4518796 -1.7059e-4 -0.8920791 -0.4518896 0 -0.892074 -0.4518903 0 -0.8920736 -0.451887 -1.61412e-4 -0.8920753 -0.4518871 1.94521e-5 -0.8920751 -0.4518876 2.90509e-6 -0.892075 -0.4518873 0 -0.892075 -0.4518896 0 -0.8920738 -0.4518875 0 -0.892075 -0.4518885 -9.33538e-6 -0.8920745 -0.4518879 6.90117e-7 -0.8920748 -0.4518874 -2.55199e-6 -0.892075 -0.4518885 -1.93979e-5 -0.8920745 -0.4518883 1.31228e-5 -0.8920746 -0.4518873 3.17169e-6 -0.8920751 -0.4518879 0 -0.8920748 -0.4518864 0 -0.8920756 -0.4518868 5.15487e-5 -0.8920754 -0.4518923 3.53976e-5 -0.8920725 -0.4518908 -3.21987e-5 -0.8920733 -0.4518923 -4.66457e-5 -0.8920726 -0.4518339 8.0843e-5 -0.8921022 -0.451896 -1.9137e-4 -0.8920707 -0.4518896 6.06877e-6 -0.892074 -0.4518832 0 -0.8920772 -0.4518897 -5.88405e-5 -0.8920738 -0.4518883 1.40262e-5 -0.8920747 -0.4518867 4.67684e-6 -0.8920754 -0.4518869 1.08688e-5 -0.8920754 -0.4518808 0 -0.8920783 -0.4518878 -1.31703e-5 -0.8920748 -0.451892 -3.90361e-6 -0.8920728 -0.4518843 1.27349e-6 -0.8920766 -0.4518945 1.56449e-6 -0.8920714 -0.451875 4.98033e-6 -0.8920813 -0.4518896 7.73762e-6 -0.892074 -0.4518928 -4.70036e-6 -0.8920723 -0.451884 7.30882e-6 -0.8920767 -0.4518876 0 -0.892075 -0.4518882 -6.6688e-7 -0.8920746 -0.4518901 8.10696e-6 -0.8920737 -0.4518873 3.80601e-6 -0.8920751 -0.4518812 -8.32516e-6 -0.8920782 -0.4518882 -1.62544e-5 -0.8920747 -0.4518922 -1.25935e-5 -0.8920725 -0.4518875 1.13351e-5 -0.892075 -0.4518928 -4.4605e-6 -0.8920723 -0.4518869 1.15426e-5 -0.8920754 -0.4518887 9.3176e-6 -0.8920745 -0.451878 -1.06435e-5 -0.8920798 -0.4518935 -2.47503e-6 -0.892072 -0.4518929 -1.79829e-5 -0.8920723 -0.4518803 2.92947e-5 -0.8920786 -0.4518889 -1.55681e-6 -0.8920743 -0.4518932 -3.4063e-6 -0.8920721 -0.4518843 -2.26021e-6 -0.8920766 -0.4518854 4.13828e-6 -0.892076 -0.4519343 -3.38604e-5 -0.8920513 -0.4518861 8.70025e-6 -0.8920757 -0.4518908 -6.3638e-7 -0.8920733 -0.4518868 1.27712e-6 -0.8920753 -0.4518893 1.8867e-6 -0.892074 -0.4518854 1.27378e-6 -0.8920761 -0.4518796 7.75733e-5 -0.892079 -0.4518978 7.54891e-6 -0.8920697 -0.4518802 -6.31536e-7 -0.8920786 -0.4518868 8.98076e-6 -0.8920753 -0.4518992 -6.68985e-5 -0.892069 -0.4518882 -8.69616e-6 -0.8920747 -0.451888 -2.61367e-5 -0.8920747 -0.4518878 3.72577e-6 -0.8920748 -0.451888 -3.54825e-5 -0.8920747 -0.4518867 2.87504e-5 -0.8920755 -0.4518869 0 -0.8920753 -0.4518893 -4.03189e-6 -0.8920741 -0.4518871 -2.29933e-6 -0.8920752 -0.4518892 -1.07692e-6 -0.8920742 -0.4518898 7.77271e-7 -0.8920738 -0.4518866 -5.35739e-7 -0.8920754 -0.4518883 3.82287e-6 -0.8920746 -0.4518872 2.73924e-6 -0.8920752 -0.4518907 -7.28965e-6 -0.8920734 -0.4518879 5.09497e-6 -0.8920748 -0.4518877 0 -0.8920749 -0.4518873 -8.8448e-6 -0.8920751 -0.4518886 0 -0.8920744 -0.4518642 5.85735e-5 -0.8920869 -0.4518896 9.04571e-6 -0.892074 -0.4518864 -2.34498e-6 -0.8920755 -0.451888 1.16632e-5 -0.8920747 -0.4518871 -2.34403e-6 -0.8920753 -0.4518885 -4.1448e-5 -0.8920744 -0.45189 2.36269e-5 -0.8920736 -0.4518872 3.05203e-5 -0.8920752 -0.4518871 -6.04215e-6 -0.8920752 -0.4518882 1.28431e-6 -0.8920747 -0.451897 0 -0.8920702 -0.4518883 -1.87436e-5 -0.8920745 -0.4518864 0 -0.8920755 -0.4518861 -1.32052e-5 -0.8920757 -0.451887 1.28822e-5 -0.8920753 -0.4518858 -6.93289e-6 -0.8920759 -0.4518911 1.35621e-5 -0.8920732 -0.4518889 4.58478e-6 -0.8920742 -0.4518911 -5.1023e-5 -0.8920731 -0.451886 -2.72458e-6 -0.8920757 -0.4518872 -7.12936e-6 -0.8920751 -0.451893 7.64107e-6 -0.8920722 -0.4518861 -2.82027e-6 -0.8920756 -0.4518834 0 -0.892077 -0.451887 3.8738e-6 -0.8920752 -0.4518905 -9.8987e-6 -0.8920734 -0.4518874 1.02867e-5 -0.892075 -0.451888 3.32659e-5 -0.8920747 -0.4518898 1.58731e-6 -0.8920739 -0.4518835 -5.78538e-5 -0.892077 -0.4518854 0 -0.892076 -0.4518844 -3.16938e-6 -0.8920766 -0.451889 4.21951e-5 -0.8920742 -0.4518741 8.77419e-5 -0.8920817 -0.4518852 -2.02212e-4 -0.8920761 -0.4518892 0 -0.8920742 -0.4519078 0 -0.8920648 -0.4519126 4.1522e-4 -0.8920623 -0.4517588 0 -0.8921402 -0.4520118 0.001525402 -0.8920106 -0.4518212 2.34488e-4 -0.8921085 -0.4519007 -6.5337e-4 -0.892068 -0.4518921 1.21519e-4 -0.8920727 -0.4518949 -1.74745e-4 -0.8920711 -0.451889 -4.56161e-5 -0.8920742 -0.451891 0 -0.8920732 -0.4518884 1.00143e-5 -0.8920745 -0.4518932 0 -0.8920721 -0.4519023 -5.36856e-5 -0.8920676 -0.4518803 6.56519e-5 -0.8920787 -0.4518923 8.67965e-5 -0.8920725 -0.4518831 -9.23996e-5 -0.8920772 -0.451884 0 -0.8920767 -0.4518855 0 -0.892076 -0.4518868 -8.32376e-6 -0.8920754 -0.4518858 3.07524e-5 -0.8920758 -0.4518882 -4.16342e-5 -0.8920747 -0.451887 0 -0.8920753 -0.4518835 4.99724e-6 -0.892077 -0.4518849 0 -0.8920763 -0.4518901 -7.26977e-5 -0.8920737 -0.4518915 3.19127e-5 -0.892073 -0.4518812 -6.11138e-5 -0.8920782 -0.4518879 -1.97014e-5 -0.8920748 -0.4518893 0 -0.8920741 -0.4518874 -4.72597e-5 -0.892075 -0.4518856 4.23548e-5 -0.892076 -0.4518875 8.28584e-6 -0.892075 -0.4518813 1.29546e-5 -0.8920781 -0.4518867 3.09778e-5 -0.8920754 -0.4518942 -3.33928e-5 -0.8920717 -0.4518891 2.8876e-6 -0.8920742 -0.4518859 8.50353e-6 -0.8920757 -0.4518893 0 -0.8920741 -0.4518884 1.01275e-5 -0.8920745 -0.451888 0 -0.8920747 -0.451888 -2.44426e-6 -0.8920747 -0.4518882 -1.33524e-5 -0.8920747 -0.4518864 0 -0.8920755 -0.4518873 5.18999e-5 -0.8920751 -0.4518878 0 -0.8920749 -0.4518883 -1.14313e-5 -0.8920746 -0.4518878 -1.03046e-4 -0.8920748 -0.4518886 -1.57933e-6 -0.8920744 -0.4518871 0 -0.8920753 -0.4518882 -3.42687e-5 -0.8920747 -0.451885 7.08269e-6 -0.8920762 -0.4518871 -5.29462e-5 -0.8920753 -0.4518888 0 -0.8920744 -0.4518859 -6.29554e-6 -0.8920757 -0.4518856 2.81286e-4 -0.8920759 -0.4518613 0.001031339 -0.8920876 -0.4518995 -6.33743e-4 -0.8920688 -0.4518876 0 -0.8920749 -0.4518868 0 -0.8920753 -0.4518896 7.47265e-5 -0.8920739 -0.4518933 0 -0.892072 -0.4518888 -3.36278e-5 -0.8920742 -0.4518987 2.05531e-4 -0.8920693 -0.4518885 0 -0.8920745 -0.4518939 -3.73868e-5 -0.8920717 -0.4518886 0 -0.8920745 -0.4518887 -1.79326e-6 -0.8920744 -0.4518869 -1.82345e-5 -0.8920753 -0.4518857 0 -0.8920758 -0.4518877 0 -0.8920748 -0.4518881 0 -0.8920747 -0.4518859 5.12569e-5 -0.8920758 -0.451893 0 -0.8920722 -0.4518856 4.15972e-5 -0.892076 -0.4518857 0 -0.8920759 -0.451881 -3.67271e-4 -0.8920782 -0.4518892 0 -0.8920741 -0.4518877 -3.09572e-6 -0.892075 -0.4518876 8.41634e-6 -0.892075 -0.4518893 9.89931e-6 -0.8920741 -0.4518865 3.11152e-5 -0.8920755 -0.4518893 -2.72658e-5 -0.8920741 -0.4518887 0 -0.8920744 -0.4518881 -1.28333e-5 -0.8920748 -0.4518874 5.1029e-6 -0.892075 -0.4518892 0 -0.8920742 -0.4518873 -8.01451e-5 -0.892075 -0.4518874 2.63049e-5 -0.892075 -0.4518876 2.36809e-5 -0.8920749 -0.4518839 7.72955e-5 -0.8920768 -0.4518893 -2.35969e-5 -0.8920741 -0.4518885 -3.33645e-6 -0.8920745 -0.4518863 0 -0.8920755 -0.4518883 0 -0.8920746 -0.4518886 -3.37491e-6 -0.8920744 -0.451887 -1.14448e-5 -0.8920753 -0.4518879 1.2914e-5 -0.8920748 -0.4518884 1.04125e-5 -0.8920745 -0.4518878 0 -0.8920749 -0.4518879 0 -0.8920748 -0.4518775 -5.53322e-5 -0.89208 -0.4518877 0 -0.8920749 -0.4518879 4.07258e-6 -0.8920747 -0.451893 0 -0.8920723 -0.4518879 -5.26453e-6 -0.8920748 -0.451889 4.16085e-5 -0.8920743 -0.4518921 0 -0.8920726 -0.4518888 9.61492e-6 -0.8920744 -0.4518879 4.55803e-6 -0.8920748 -0.4518876 1.9946e-5 -0.8920749 -0.4518866 -1.0624e-4 -0.8920754 -0.4518876 0 -0.892075 -0.4518888 -8.9429e-5 -0.8920743 -0.4518881 0 -0.8920747 -0.4518826 2.66494e-5 -0.8920774 -0.4519059 1.27937e-4 -0.8920656 -0.4518787 6.01182e-5 -0.8920794 -0.451906 -4.53972e-5 -0.8920656 -0.451888 -6.09857e-6 -0.8920747 -0.4519214 5.8486e-5 -0.8920578 -0.4518876 -2.45536e-6 -0.892075 -0.4518874 1.86465e-6 -0.892075 -0.4519316 0 -0.8920527 -0.4518876 2.62067e-6 -0.8920749 -0.4518868 -2.65402e-5 -0.8920754 -0.4518841 0 -0.8920767 -0.4518889 8.41991e-5 -0.8920742 -0.4518876 0 -0.892075 -0.4518869 0 -0.8920753 -0.4518896 0 -0.8920739 -0.451888 0 -0.8920747 -0.4518873 3.97048e-6 -0.8920751 -0.4518874 -1.00701e-5 -0.892075 -0.4518879 2.3485e-6 -0.8920748 -0.4519196 3.6458e-4 -0.8920587 -0.4518861 6.8325e-6 -0.8920757 -0.4518884 0 -0.8920745 -0.4518876 8.7874e-7 -0.892075 -0.4518882 3.06388e-6 -0.8920747 -0.4518871 0 -0.8920753 -0.4518873 0 -0.8920751 -0.4518878 -8.57758e-7 -0.8920749 -0.4518896 -5.98424e-5 -0.892074 -0.4518843 1.07266e-4 -0.8920766 -0.4518882 0 -0.8920747 -0.4518873 0 -0.8920751 -0.4518879 0 -0.8920748 -0.4518892 4.51692e-5 -0.8920741 -0.4518878 0 -0.8920748 -0.4518871 -1.22341e-5 -0.8920751 -0.4518864 -2.34686e-6 -0.8920755 -0.4518871 -3.28046e-5 -0.8920753 -0.4518833 1.81114e-5 -0.8920771 -0.4518894 3.23205e-5 -0.8920741 -0.4518423 0 -0.8920979 -0.4518861 3.01424e-6 -0.8920757 -0.4518848 -9.09628e-6 -0.8920763 -0.4518854 0 -0.8920761 -0.4518865 1.38843e-5 -0.8920755 -0.4518929 -6.45043e-6 -0.8920722 -0.4519017 2.51436e-6 -0.8920677 -0.4518819 0 -0.8920778 -0.4519113 1.83316e-5 -0.892063 -0.4518979 6.99123e-6 -0.8920697 -0.4518908 2.65226e-6 -0.8920733 -0.4519019 -2.75013e-5 -0.8920677 -0.4518874 0 -0.892075 -0.4518892 1.75409e-5 -0.8920741 -0.4518911 6.57924e-7 -0.8920732 -0.4519121 0 -0.8920626 -0.4518792 -2.99887e-5 -0.8920791 -0.4518882 -2.37197e-5 -0.8920747 -0.4518883 5.00282e-6 -0.8920747 -0.4518885 2.42337e-6 -0.8920745 -0.4518867 1.62879e-5 -0.8920754 -0.4518868 -4.97706e-5 -0.8920753 -0.4518881 5.67163e-5 -0.8920746 -0.4518868 0 -0.8920754 -0.4518892 7.2981e-5 -0.8920741 -0.4518876 0 -0.892075 -0.451887 -3.81852e-5 -0.8920753 -0.451887 9.15155e-6 -0.8920753 -0.4518854 9.75924e-5 -0.8920761 -0.4518878 1.19759e-6 -0.8920748 -0.4518771 -6.47655e-5 -0.8920803 -0.4518921 -9.93866e-6 -0.8920726 -0.4518935 6.19839e-5 -0.892072 -0.4518875 2.43367e-5 -0.8920751 -0.4518867 2.09798e-6 -0.8920755 -0.4518883 -2.78126e-5 -0.8920746 -0.4518887 -1.89762e-5 -0.8920744 -0.4518878 -5.58483e-6 -0.8920749 -0.4518877 4.32018e-5 -0.892075 -0.4518872 -7.33152e-6 -0.8920751 -0.4518876 -4.78267e-6 -0.892075 -0.4518849 4.34589e-5 -0.8920763 -0.4518839 0 -0.8920768 -0.4518874 0 -0.892075 -0.4518872 0 -0.8920751 -0.4518888 -6.95233e-6 -0.8920743 -0.4518874 2.08779e-5 -0.8920751 -0.4518798 -3.07372e-5 -0.8920788 -0.4518878 -2.45668e-5 -0.8920748 -0.4518886 0 -0.8920745 -0.4518877 0 -0.8920748 -0.4518846 7.81617e-6 -0.8920765 -0.4518881 2.67081e-4 -0.8920747 -0.4518879 -3.7924e-6 -0.8920747 -0.451887 5.85642e-5 -0.8920753 -0.4518876 6.66039e-6 -0.892075 -0.451888 -5.68144e-6 -0.8920748 -0.4518872 0 -0.8920752 -0.4518879 0 -0.8920747 -0.451886 -3.9381e-5 -0.8920758 -0.4518904 0 -0.8920735 -0.451887 0 -0.8920753 -0.4518864 0 -0.8920755 -0.4518879 -1.92422e-5 -0.8920748 -0.4518876 -1.95998e-5 -0.892075 -0.4518871 -6.00032e-5 -0.8920751 -0.4518883 6.33204e-6 -0.8920747 -0.4518887 2.19143e-5 -0.8920744 -0.451888 -4.98909e-5 -0.8920748 -0.4518874 8.90026e-6 -0.892075 -0.4518879 1.83852e-6 -0.8920748 -0.451887 0 -0.8920752 -0.4518901 -1.44637e-4 -0.8920737 -0.451887 4.69246e-6 -0.8920753 -0.4518616 -8.65209e-6 -0.8920881 -0.4518959 -5.25428e-6 -0.8920707 -0.4518924 -1.29847e-5 -0.8920725 -0.4518916 3.63577e-6 -0.8920729 -0.4518835 -3.72492e-6 -0.892077 -0.4518837 4.86918e-6 -0.8920769 -0.4518981 0 -0.8920696 -0.4518902 -1.39683e-6 -0.8920736 -0.451889 -6.69248e-6 -0.8920742 -0.4518825 -1.19937e-6 -0.8920775 -0.4518953 5.21528e-6 -0.8920711 -0.4518873 -4.5849e-6 -0.8920751 -0.4518854 6.49424e-6 -0.8920761 -0.4518924 3.12031e-6 -0.8920725 -0.4518842 1.97143e-6 -0.8920766 -0.4518814 4.68074e-6 -0.8920781 -0.4518839 2.54729e-5 -0.8920769 -0.4518885 0 -0.8920745 -0.4518968 1.34686e-5 -0.8920702 -0.8920741 1.25243e-6 0.4518894 -0.8920744 -1.25457e-6 0.4518886 -0.8920747 -1.26845e-6 0.4518881 -0.8920742 0 0.4518891 -0.8920744 0 0.4518887 -0.8920747 -1.01057e-6 0.4518882 -0.892076 0 0.4518854 -0.892075 0 0.4518875 -0.8920744 0 0.4518886 -0.8920741 0 0.4518892 -0.8920745 1.00519e-6 0.4518883 -0.8920739 -1.26683e-6 0.4518896 -0.8920746 -5.03148e-7 0.4518882 -0.8920748 0 0.451888 -0.8920749 -6.33547e-7 0.4518877 -0.8920747 3.77021e-7 0.451888 -0.8920732 1.26171e-6 0.4518913 -0.8920744 -9.59829e-7 0.4518887 -0.892075 -8.7475e-7 0.4518875 -0.8920738 3.18329e-7 0.4518899 -0.8920754 -3.54977e-6 0.4518869 -0.8920745 -9.14727e-7 0.4518885 -0.892074 -1.67269e-6 0.4518895 -0.8920758 -1.8905e-6 0.4518858 -0.8920744 1.93523e-6 0.4518887 -0.892073 -1.54953e-6 0.4518915 -0.8920745 -1.07873e-6 0.4518885 -0.8920744 -7.23596e-7 0.4518886 -0.8920755 1.07654e-6 0.4518865 -0.8920746 -1.58831e-6 0.4518884 -0.8920745 -3.41566e-6 0.4518883 -0.8920758 -2.95702e-6 0.4518859 -0.8920746 -4.75065e-7 0.4518883 -0.8920724 -1.03241e-6 0.4518927 -0.8920755 -9.07555e-7 0.4518865 -0.8920744 0 0.4518888 0.1797591 -0.8817659 0.4360914 0.200877 -0.92589 0.3199627 0.1689244 -0.9065459 0.3868324 0.1512864 -0.9116249 0.3821682 0.1510394 -0.9146296 0.3750198 0.1517696 -0.9249309 0.3485238 0.1704166 -0.9444329 0.2810776 0.1584868 -0.9347153 0.3181029 0.1403254 -0.9350349 0.325605 0.1933664 -0.9160186 0.3514533 0.1854056 -0.9000797 0.3943113 0.1189655 -0.9407368 0.3175871 0.1183842 -0.9399629 0.3200861 0.117195 -0.9471737 0.2985421 0.1230213 -0.9544147 0.2719531 0.1343455 -0.9611409 0.2411627 0.1113033 -0.9571418 0.2673783 0.0858801 -0.9621384 0.2586781 0.08936083 -0.961392 0.2602695 0.08502608 -0.9662332 0.2432368 0.08862721 -0.9713591 0.2204693 0.09827065 -0.976023 0.1942219 0.08182239 -0.9749107 0.2070128 0.05856692 -0.9781199 0.1996281 0.05221885 -0.9795237 0.1944398 0.05139392 -0.9816734 0.1835106 0.05264574 -0.985376 0.1620573 0.07443672 -0.9912694 0.1088321 0.03851455 -0.9897206 0.1377307 0.0606417 -0.9886707 0.137306 0.01818937 -0.9910183 0.1324837 0.01785391 -0.9922204 0.1232073 0.01699918 -0.994071 0.107397 -0.01123112 -0.9969773 0.07687836 0.00903362 -0.9965684 0.08227926 -0.008575916 -0.9973461 0.07230061 0.02240091 -0.9959876 0.08664339 0.03296077 -0.99746 0.06314426 -0.002349913 -0.999576 0.02902317 -0.008392632 -0.9990026 0.04385548 -0.009216666 -0.9970519 0.07617509 0.01937955 -0.9910447 0.1321169 -0.01782339 -0.9964926 0.08176177 -0.01086455 -0.9982317 0.058443 -0.01556485 -0.999174 0.03753882 -0.05172902 -0.9986603 0.001403808 -0.03518837 -0.9993752 0.003326535 -0.04550313 -0.9989638 -9.46075e-4 -0.03448647 -0.9988565 0.03311312 -0.029787 -0.9991161 0.02966493 -0.03293043 -0.9992365 0.02102786 -0.03195381 -0.9994201 0.0117805 -0.0272842 -0.9996274 -8.54539e-4 -0.04785424 -0.9988363 -0.00601226 -0.04587006 -0.998735 -0.02060031 -0.04754865 -0.998766 -0.01434391 -0.0581085 -0.9979162 -0.02804708 -0.0630216 -0.9978476 -0.01812821 -0.05764955 -0.9980179 -0.02523881 -0.04300105 -0.9987303 -0.02624619 -0.05188274 -0.9984382 -0.02072256 -0.05511748 -0.9978532 -0.03537166 -0.05755889 -0.9978812 -0.0303359 -0.05932873 -0.9977241 -0.03204482 -0.06851607 -0.9972828 -0.0270707 -0.06186228 -0.9975493 -0.03268599 -0.06186163 -0.9975384 -0.03302133 -0.06192338 -0.9975495 -0.03256392 -0.06793618 -0.9974355 -0.02252328 -0.06164848 -0.9975157 -0.03408974 -0.06967407 -0.9973191 -0.02237015 -0.06689786 -0.9976394 -0.0155037 -0.06405913 -0.9976934 -0.02246189 -0.06021338 -0.997718 -0.03054922 -0.06027531 -0.9978541 -0.02557504 -0.06454813 -0.9977651 -0.01727384 0.1867484 -0.8779525 0.4408227 0.1821104 -0.8843055 0.4299297 0.2052423 -0.8517635 0.4820526 0.205697 -0.8811708 0.4257075 0.208231 -0.8752236 0.4366047 0.2129316 -0.8947889 0.3924449 0.2198588 -0.8553866 0.469016 0.2114334 -0.8519594 0.4790211 0.207589 -0.8685659 0.4500001 -0.01952904 -0.9997345 0.01223921 -0.02707076 -0.9995628 0.01189154 -0.02801609 -0.9995188 0.01331919 -0.02735728 -0.9995103 0.01519119 -0.03506636 -0.9992848 0.01416081 -0.03387641 -0.9993253 0.01419144 -0.04382526 -0.9988566 0.01910489 -0.03372389 -0.9993266 0.01446616 -0.04574847 -0.9988369 0.0152291 -0.0479148 -0.9987649 0.01315367 -0.04950165 -0.9985482 0.02124112 -0.04028522 -0.9991045 0.0129401 -0.03378468 -0.9993196 0.01480174 -0.03335684 -0.9993321 0.01492357 -0.04318463 -0.9988628 0.0202037 -0.0332967 -0.9993286 0.0152902 -0.03357076 -0.9993113 0.01580876 -0.03390681 -0.9992907 0.01638877 -0.04287928 -0.9988584 0.02105814 -0.03466933 -0.9992474 0.01739573 -0.04355096 -0.9988036 0.0222485 -0.03515774 -0.9992185 0.01806712 -0.03628695 -0.9991583 0.01913535 -0.04416149 -0.9987458 0.02359145 -0.03659272 -0.9991436 0.01931875 -0.03674459 -0.9991248 0.01998978 -0.0444355 -0.9987012 0.02493393 -0.03796607 -0.9990514 0.02133303 -0.05113905 -0.9983003 0.02795583 -0.03772193 -0.9990527 0.02169924 -0.04361194 -0.9987419 0.02475106 -0.03671401 -0.9990916 0.02163773 -0.03796744 -0.999236 0.009268283 -0.03619569 -0.9991058 0.02185171 -0.03506678 -0.9991746 0.020509 -0.03274697 -0.999257 0.02032572 -0.03790438 -0.9991268 0.01757884 -0.03753864 -0.9990784 0.02081412 -0.05027157 -0.9983566 0.02750974 -0.02225655 -0.9996543 0.01399892 -0.02758425 -0.9994878 0.01622873 -0.02684295 -0.999528 0.01494526 -0.02662968 -0.9995775 0.01165771 -0.02033591 -0.9997513 0.00916475 -0.02754408 -0.9995254 0.01379418 -0.0238744 -0.9996732 0.009142696 -0.02387493 -0.9996731 0.009143531 0.001159727 -0.9999962 0.00250256 0.006622552 -0.9999762 -0.001983702 0.002075314 -0.9999977 6.10387e-4 -0.01965039 -0.9997308 0.01234233 0.5842597 -0.7595621 -0.2858429 0.8161556 -0.381953 -0.4335922 0.5808364 -0.7540009 -0.3067764 -0.02345901 -0.9996895 0.008397817 0.1683439 -0.9821385 -0.08404988 0.09497445 -0.9944545 -0.04516774 0.110997 -0.9925334 -0.05056965 0.1267157 -0.9898902 -0.06372404 -0.01378899 -0.9998136 0.01351511 -0.04194438 -0.9990032 0.01528054 -0.02731341 -0.9994971 0.01611691 -0.04324316 -0.9988525 0.02058464 -0.02991974 -0.9994603 0.01356613 0.8167652 -0.3813422 -0.4329814 0.8170319 -0.3821931 -0.4317259 -0.1053691 -0.9930393 0.05263406 -0.02078467 -0.9994729 0.02493762 0.00274074 -0.999833 0.01806932 0.007640957 -0.9999676 -0.00251019 0.05916285 -0.9982165 -0.007989168 0.03060197 -0.9995098 0.006615757 0.08483296 -0.9961091 -0.02387291 -0.01977604 -0.9995459 0.02273637 -0.01770079 -0.9995757 0.02313309 -0.01638871 -0.9995315 0.02584964 -0.06087702 -0.9977008 0.02978658 -0.08201986 -0.9957967 0.0407651 -0.02115088 -0.9995877 0.01942449 -0.01602113 -0.9994412 0.02933907 -0.02002292 -0.9993196 0.03097593 -0.01389449 -0.9994877 0.0288335 0.1091033 -0.9926244 -0.0528512 -0.01388734 -0.9994874 0.02884763 0.002227842 -0.999272 -0.03808724 -0.002838253 -0.9988342 -0.04818987 -0.009644091 -0.9993556 -0.03457838 0.08972513 -0.9947897 -0.04840272 0.05020326 -0.9980539 -0.03698867 0.06280827 -0.9977299 -0.02429318 0.09509867 -0.9947517 -0.03775256 0.07898437 -0.996613 -0.02288955 0.1705386 -0.9818482 -0.08301091 0.1760653 -0.9817423 -0.07199484 0.6327827 -0.7502506 -0.1915988 0.08069247 -0.9964791 -0.02276724 0.07742792 -0.9968276 -0.01843374 0.06613528 -0.9977977 -0.005096673 0.1027563 -0.9944509 -0.02255326 0.2135705 -0.9727563 -0.09018301 0.1907758 -0.9777454 -0.08728504 0.8388472 -0.3569511 -0.4110004 0.2402439 -0.9638444 -0.1152694 0.2727199 -0.9517732 -0.1405411 0.3043974 -0.5880419 -0.7493658 0.8777951 -0.1316296 -0.4605967 0.03518861 -0.9992591 -0.01559525 0.05517822 -0.9981219 -0.02661252 0.03289949 -0.9993464 -0.01498484 0.818037 -0.3817648 -0.4301989 0.8187784 -0.3816469 -0.4288912 0.5819802 -0.7540807 -0.3044035 0.828683 -0.3832274 -0.4079478 0.8292992 -0.382345 -0.4075233 0.5884128 -0.7539193 -0.2921921 0.8246878 -0.3826183 -0.416525 0.825356 -0.3819758 -0.4157909 0.585815 -0.7539144 -0.2973785 0.004486322 -0.9999696 -0.006378531 0.01040691 -0.9999182 -0.007446587 0.01391667 -0.9998038 -0.01409977 0.008209586 -0.9999578 -0.004120051 0.01916569 -0.99979 -0.007263422 0.02536141 -0.9996264 -0.0101934 0.005974173 -0.9999812 -0.001468122 0.8191214 -0.3818497 -0.428055 0.8199775 -0.3818036 -0.4264542 0.5826708 -0.7540661 -0.3031157 0.002807736 -0.9999952 0.001342833 0.007019281 -0.9999744 -0.001464843 0.0294575 -0.9994719 -0.01372098 0.04972267 -0.9984617 -0.02453553 0.09106743 -0.9948145 -0.04528957 0.1683412 -0.9818786 -0.08703935 0.3088212 -0.9371757 -0.1622692 -0.5742418 0.8061847 -0.1425228 -0.4181115 0.8702213 -0.260572 0.7199885 -0.6939858 5.49353e-4 0.7981292 -0.596552 -0.0843541 0.8645253 -0.4739674 -0.1671857 0.9390691 -0.2728702 -0.2090245 0.8387946 0.3397417 -0.4254401 0.9775488 -0.1245474 -0.1699594 0.9522306 0.1089231 -0.2852938 0.8765392 0.3231363 -0.3567378 0.7952746 0.4707007 -0.3820723 0.7306276 0.5665263 -0.3810921 0.1522006 -0.98523 -0.07846558 0.6993482 0.608462 -0.3750814 0.8175372 -0.3816373 -0.4312609 0.05768162 -0.9979844 -0.02646028 0.07071286 -0.9969691 -0.03244185 0.01797586 -0.9998132 -0.007110953 0.0441609 -0.9988238 -0.02002042 0.01062071 -0.9999372 -0.003601253 0.03265529 -0.9993446 -0.01562571 0.05493384 -0.9981181 -0.02725327 0.05478119 -0.9981164 -0.02761948 0.008057057 -0.9999628 -0.003082394 0.01748746 -0.9998099 -0.008636891 0.1692256 -0.9819057 -0.08499431 0.09116071 -0.9947723 -0.04602289 0.09094583 -0.994789 -0.04608327 0.05450677 -0.9981212 -0.02798581 0.03238058 -0.9993438 -0.01623606 0.03201442 -0.9993454 -0.01684647 0.01654154 -0.9998173 -0.009583055 0.05429279 -0.9981156 -0.02859604 0.03183114 -0.9993398 -0.0175178 0.02154642 -0.999681 -0.01318418 0.02539175 -0.9994968 -0.01901328 0.01644986 -0.9998102 -0.01043754 0.02487266 -0.9995766 -0.01510667 0.03466987 -0.9991396 -0.02276736 0.05444651 -0.9981054 -0.02865767 0.03112947 -0.9993488 -0.0182504 0.04681551 -0.9985384 -0.02700895 0.02938997 -0.9994124 -0.01764005 0.04968482 -0.9983973 -0.0271008 0.01608359 -0.9998107 -0.0109564 0.03164803 -0.9993408 -0.01779246 0.0285356 -0.9994483 -0.01699924 0.02758884 -0.9994855 -0.01635795 0.01605314 -0.9998138 -0.01071226 0.04709082 -0.9985824 -0.02481192 0.02624654 -0.9995363 -0.01544272 0.8603907 -0.3827994 -0.3364411 0.8618654 -0.3809726 -0.3347358 0.6116359 -0.7531537 -0.2422006 0.04159748 -0.9989197 -0.02072244 0.02240079 -0.9996739 -0.01226854 0.61459 -0.7529933 -0.2351177 0.8636869 -0.382189 -0.3285977 0.8650018 -0.3807558 -0.3267982 0.03326612 -0.9993283 -0.01538175 0.03347921 -0.9993413 -0.01400816 0.05676609 -0.9981066 -0.02368301 0.05804693 -0.9980905 -0.02111905 0.01715141 -0.9998205 -0.008056879 0.8681284 -0.3806703 -0.318502 0.617706 -0.7527223 -0.2277027 0.8669779 -0.381607 -0.3205084 0.02047789 -0.9997569 -0.008178949 0.05960333 -0.9980592 -0.01803666 0.03469955 -0.9993305 -0.01159703 0.008819997 -0.999961 -6.10384e-4 0.01577842 -0.9998713 -0.002929806 0.004333674 -0.9999825 0.004058957 0.03616476 -0.9993081 -0.008697807 0.01776224 -0.9998145 -0.007446706 0.005821049 -0.999976 0.003768444 0.01413035 -0.9998998 9.46094e-4 -3.6623e-4 -0.9999597 0.008972585 0.01348942 -0.9998971 0.00488305 0.06140458 -0.9980081 -0.01446604 0.1015971 -0.994517 -0.02478128 0.06347876 -0.9979296 -0.01034581 0.03790509 -0.9992675 -0.005279839 0.03988873 -0.9992033 -0.001342833 0.8808361 -0.378953 -0.2837646 0.6299503 -0.750929 -0.1981622 0.8794692 -0.3819772 -0.2839498 0.04196423 -0.9991154 0.002746701 0.01480156 -0.9998566 0.008240044 -2.74673e-4 -0.9999024 0.01397776 0.0202338 -0.99976 0.008392572 0.03671437 -0.9993156 0.00451678 0.8832796 -0.3786792 -0.2764407 0.6321467 -0.750348 -0.1933094 0.8821274 -0.3811545 -0.2767177 0.06744652 -0.9977203 -0.002288877 0.04498487 -0.9989757 0.004913508 0.06732487 -0.9977273 -0.002777218 0.05230885 -0.9986299 0.001495361 0.1059321 -0.9942539 -0.01541215 0.1892776 -0.9808744 -0.04538142 0.105046 -0.9943055 -0.01794511 0.05667406 -0.9983732 -0.006256401 0.08270734 -0.9964252 -0.01721286 0.06418067 -0.9979287 -0.00439465 0.08133339 -0.9965097 -0.01879972 0.1130736 -0.9928808 -0.03744703 0.8894446 -0.3777332 -0.2573053 0.8906764 -0.3761509 -0.2553553 0.6343069 -0.750096 -0.187112 0.8905907 -0.3793578 -0.2508706 0.8917745 -0.3766694 -0.2507162 0.08487445 -0.9960618 -0.02563625 0.09943121 -0.9946175 -0.02914571 0.8935705 -0.3756909 -0.2457402 0.6335451 -0.7502499 -0.1890655 0.8925088 -0.3781656 -0.2458031 0.08355998 -0.9946634 -0.06051844 0.04355031 -0.997812 -0.04974561 0.02526998 -0.9992333 -0.02990889 0.9024724 -0.3694305 -0.2215057 0.9072456 -0.3649492 -0.2090873 0.6423011 -0.7473777 -0.1699293 0.9063216 -0.3845694 -0.1751788 0.9157978 -0.361259 -0.1755174 0.9232596 -0.3657087 -0.1176811 0.6545449 -0.7439356 -0.1346506 0.9140266 -0.3872612 -0.1207654 0.9221721 -0.3566489 -0.1496668 0.1789332 -0.9815236 -0.06778281 0.08752787 -0.9947294 -0.05340784 0.08011162 -0.9944828 -0.067721 0.01886045 -0.9989036 -0.04284805 0.01388603 -0.9985135 -0.05270588 0.03906393 -0.9975047 -0.05880957 0.04556542 -0.9978922 -0.04620629 0.0388205 -0.9974924 -0.05917686 -0.01834201 -0.9993221 -0.03192311 -0.02359116 -0.9988251 -0.04232978 -0.02496421 -0.9992418 -0.02987772 -0.01483219 -0.9988845 -0.04483228 -0.01535105 -0.9988267 -0.0459311 0.01379466 -0.9984987 -0.05301195 0.01968467 -0.9989457 -0.04147517 -0.003204464 -0.9987961 -0.04895246 -0.02423179 -0.9987534 -0.04364162 -0.03024405 -0.9987268 -0.0403763 0.002319395 -0.9992718 -0.03808724 -0.01007127 -0.9993181 -0.03552424 0.01388633 -0.9997853 -0.01538175 -0.03543275 -0.998619 -0.03878986 -0.03009134 -0.9991485 -0.02822965 0.001098632 -0.9999089 -0.01345866 -0.01910489 -0.9992538 -0.03357088 -0.03097683 -0.9986441 -0.04184156 -0.02600187 -0.9991492 -0.03201401 -0.03134286 -0.9990361 -0.03073251 -0.03622627 -0.9985277 -0.0403769 0.01840293 -0.9996178 0.02063077 -0.00814855 -0.9998957 -0.0119329 -0.04324758 -0.9982302 -0.04081839 -0.03994941 -0.9987969 -0.02844375 -0.04358154 -0.9983167 -0.03827118 -0.03567695 -0.9989249 -0.0296036 -0.04610836 -0.9981629 -0.03930604 -0.04394668 -0.9986588 -0.0273751 -0.04712194 -0.9981984 -0.03714209 -0.04977726 -0.9980381 -0.03797852 0.3855848 -0.8257694 0.4116181 0.6516814 -0.4705181 0.5949153 0.4164725 -0.7553943 0.5058954 -0.04651147 -0.9985632 -0.02661287 -0.05020332 -0.9980852 -0.03613418 0.06131231 -0.9902445 0.1251271 0.07150709 -0.9895021 0.1255876 0.1053513 -0.9755986 0.1926355 0.009308397 -0.9975857 0.06882107 -0.01318407 -0.9996128 0.02450656 0.01397752 -0.9975627 0.06836169 -0.03619593 -0.9993258 -0.006164908 -0.04822033 -0.9984967 -0.02606338 -0.01995939 -0.9994667 0.02584958 -0.03784406 -0.9992676 -0.005676567 -0.04855543 -0.9984844 -0.02591043 -0.02163827 -0.9994205 0.02627724 0.002349972 -0.9975584 0.06979793 -0.05276799 -0.9979835 -0.03528034 -0.05334669 -0.9979624 -0.03500497 6.10375e-4 -0.9975354 0.07016253 -0.02206528 -0.999408 0.02639895 0.222091 -0.8607745 0.4579769 -0.03994965 -0.999169 0.008087575 -0.03967499 -0.9991089 0.01440507 -0.04654163 -0.9986767 0.02188217 -0.05079925 -0.9983083 0.02828717 -0.05191761 -0.9982653 0.02776873 -0.0531305 -0.9982635 0.02543842 -0.05237835 -0.9982653 0.02689123 -0.05158036 -0.9983301 0.02600896 -0.05183106 -0.9983363 0.02526628 -0.05287551 -0.9983408 0.02280104 -0.05396449 -0.9982545 0.02399736 -0.04958516 -0.9987139 0.01057678 -0.06192314 -0.9976685 -0.02868789 -0.05972659 -0.9978649 -0.02642983 -0.07181072 -0.9971105 -0.02478122 -0.06714099 -0.997624 -0.01544243 -0.07723617 -0.9967212 -0.02411961 -0.05670481 -0.9983776 0.005188226 -0.04034572 -0.9984816 0.03750753 0.0109564 -0.9903833 0.1379169 0.1455775 -0.9072805 0.3945242 0.04425299 -0.978327 0.202282 0.07809942 -0.96048 0.2671679 0.2243155 -0.8697338 0.4395974 0.2253201 -0.8762551 0.42592 0.1114853 -0.9372025 0.3304883 0.2347885 -0.8282148 0.5088561 0.2084431 -0.8397544 0.5013623 -0.0342428 -0.9993591 0.0104376 -0.03875863 -0.9992408 0.003967404 -0.05114209 -0.9982838 0.02853012 -0.03741669 -0.9990811 0.02090573 -0.05120277 -0.998328 0.02682805 -0.03769052 -0.9990896 0.01998972 -0.04617512 -0.9986107 0.02539175 -0.03906482 -0.9990838 0.01748758 -0.047365 -0.9986027 0.02343833 -0.03854578 -0.9990777 0.01892191 -0.04684597 -0.9985985 0.02462846 -0.03201454 -0.9993788 0.0147407 -0.03949111 -0.9990895 0.01614433 -0.04907423 -0.9986066 0.01940995 -0.04806691 -0.9986025 0.02197343 -0.05220252 -0.9983469 0.02405315 -0.05556565 -0.9982663 0.01941531 -0.03845369 -0.9991566 0.01440489 -0.04727345 -0.9987859 0.01385545 -0.05496436 -0.9980875 -0.02829092 -0.05578947 -0.9979243 -0.03216743 -0.07723528 -0.9967211 -0.02412277 -0.06286931 -0.9975772 -0.02978658 -0.05823016 -0.998092 -0.02053922 -0.0478841 -0.9988529 0 -0.03161782 -0.9989843 0.03210616 0.1187503 -0.9389244 0.3229851 0.1518015 -0.9100767 0.3856381 0.05240058 -0.9791619 0.1962047 0.1800964 -0.8753948 0.4486082 0.08585166 -0.9616121 0.2606375 -0.03841519 -0.9992485 0.005194664 -0.036071 -0.9993475 0.001852393 -0.03048855 -0.9993774 0.01776206 -0.03079372 -0.9993781 0.01718223 -0.03112941 -0.999377 0.01663285 -0.0315566 -0.9993755 0.01590037 -0.03299081 -0.9993688 0.01318407 -0.03271609 -0.9993683 0.01388603 -0.05154663 -0.9982172 -0.03009176 -0.05264592 -0.9980447 -0.03369337 -0.05633836 -0.9978544 -0.03335744 -0.05169922 -0.9983695 -0.02420157 -0.04138398 -0.9991363 -0.00375384 -0.002838253 -0.99739 0.07214677 -0.02514767 -0.9992851 0.02823007 0.1571419 -0.9118748 0.3791975 0.1247922 -0.9401074 0.3172146 0.02563613 -0.991447 0.127967 0.05847531 -0.9796756 0.191876 0.09152597 -0.9623201 0.256053 0.2122913 -0.84828 0.4851325 -0.03688025 -0.9992938 0.007213532 -0.03380376 -0.9994246 0.002795815 -0.02845418 -0.9994522 0.01690304 -0.02862256 -0.9994536 0.01653271 -0.02862513 -0.9994536 0.01653504 -0.02890539 -0.9994544 0.01598143 -0.02928751 -0.9994551 0.01522833 -0.02976965 -0.9994549 0.0142734 -0.03057193 -0.999459 0.01213204 -0.03135561 -0.999435 0.01211631 -0.03241074 -0.9993827 0.0135644 -0.05334681 -0.9979646 -0.03494399 -0.04873824 -0.9984779 -0.0258187 -0.05516111 -0.9978173 -0.03630328 -0.03845363 -0.9992458 -0.00540179 -0.02218723 -0.9994021 0.0265209 0.09430253 -0.9626185 0.253915 9.15574e-5 -0.9975183 0.07040762 0.02847421 -0.9915928 0.1262266 0.1864722 -0.8803568 0.4361193 0.06128174 -0.9798678 0.1900101 -0.03536981 -0.9993319 0.009205758 -0.03232985 -0.9994657 0.004823923 -0.02844059 -0.9994528 0.01689201 -0.02696168 -0.999504 0.01627212 -0.02890592 -0.9994544 0.01598173 -0.02701455 -0.9995123 0.01566916 -0.02707844 -0.9995094 0.01574176 -0.02928584 -0.9994551 0.01522666 -0.02976906 -0.9994549 0.01427268 -0.02773779 -0.999511 0.01444101 -0.03035444 -0.9994532 0.01311874 -0.02821958 -0.9995108 0.01349133 -0.03106093 -0.9994232 0.01373982 -0.02932709 -0.9995059 0.01130533 -0.05014312 -0.998254 -0.03122115 -0.05511367 -0.9978172 -0.03637689 -0.03388661 -0.9993637 0.01113337 -0.03097689 -0.9994964 0.006887257 -0.02677047 -0.999513 0.01603555 -0.02665007 -0.9995166 0.0160135 -0.02735769 -0.9995104 0.01519167 -0.02773857 -0.9995109 0.01444202 -0.02821987 -0.9995107 0.01349174 -0.02880191 -0.999509 0.01234167 -0.02880209 -0.999509 0.01234197 -0.02898806 -0.9995223 0.01072335 -0.03094297 -0.9994702 0.01008993 -0.03250598 -0.9993891 0.01284337 -0.02983933 -0.9995145 0.008970916 -0.02634054 -0.9995273 0.015854 -0.02677232 -0.9995234 0.01537561 -0.02719068 -0.9995298 0.01417928 -0.02648741 -0.9995294 0.0154761 -0.02683711 -0.9995284 0.01492559 -0.02718502 -0.9995302 0.01416039 -0.02763909 -0.9995307 0.01321345 -0.02870821 -0.9995218 0.01149773 -0.02879703 -0.9995254 0.01095008 -0.04022425 -0.9989236 -0.02310299 -0.05200374 -0.9980815 -0.03360098 -0.05334764 -0.9978823 -0.03721415 -0.04800695 -0.998503 -0.02621614 -0.03784406 -0.9992671 -0.00576812 0.02914583 -0.9916313 0.1257698 0.2134825 -0.850634 0.4804654 -0.03128093 -0.999409 0.01425772 -0.02903515 -0.999518 0.01098507 -0.02679997 -0.9995222 0.01540476 -0.02711468 -0.9995251 0.01464247 -0.0276339 -0.999531 0.01319628 -0.0281893 -0.99953 0.01205122 -0.02807623 -0.9995246 0.01274502 -0.02818375 -0.9995304 0.01203292 -0.02896487 -0.9995417 0.008803844 -0.05335199 -0.9978795 -0.03728514 -0.02908474 -0.9993801 -0.01983743 0.0356763 -0.9987839 -0.03402829 0.008942067 -0.9996251 -0.02588021 -0.02151566 -0.9994272 0.026124 7.32456e-4 -0.9975438 0.07004106 0.1588508 -0.9125149 0.3769389 0.188274 -0.881613 0.4327952 0.06161755 -0.9798999 0.1897358 0.09460878 -0.96266 0.2536432 0.1266552 -0.9404834 0.3153561 -0.02989166 -0.9994263 0.01592946 -0.02846747 -0.9995135 0.01274394 -0.02646464 -0.9995237 0.01587611 -0.02662861 -0.9995214 0.01574277 -0.02663028 -0.9995211 0.01576417 -0.0290392 -0.9995375 0.009033203 -0.05862063 -0.9980161 0.02296686 -0.02943009 -0.9995133 0.01034945 -0.07852536 -0.9963737 0.03276103 -0.1005183 -0.9939541 0.04417616 -0.0518499 -0.9977705 0.04202139 -0.05337101 -0.998207 0.02710288 -0.04751718 -0.9985653 0.02469164 -0.03628212 -0.9991572 0.01920223 -0.01791059 -0.9997879 0.01016515 0.0371651 -0.9991612 -0.01719784 0.06664305 -0.997268 -0.03186684 0.08148473 -0.9961894 -0.03109848 0.03579866 -0.9993421 -0.005829095 0.101629 -0.9938592 -0.04376459 0.1116387 -0.9923583 -0.05255383 0.0413227 -0.9989175 -0.02136325 0.1074271 -0.9926636 -0.05548363 0.1037762 -0.993839 -0.03891807 0.03122061 -0.9991822 -0.02569669 0.08417046 -0.9951829 -0.05026417 0.0420857 -0.9990103 -0.01440495 -0.02651864 -0.9995211 0.01595276 -0.02646946 -0.9995234 0.01588803 -0.02924287 -0.9995149 0.01071941 -0.0523892 -0.9983196 0.02476513 -0.05563795 -0.9980254 0.02915364 -0.04807662 -0.9984214 0.0290445 -0.03765946 -0.9988908 0.02826774 -0.02675193 -0.999512 0.0161302 -0.028418 -0.9994533 0.01690107 -0.02783447 -0.9995049 0.01466923 -0.02688592 -0.9995081 0.01614904 -0.02698719 -0.9995086 0.01594817 -0.02698749 -0.9995086 0.01594853 -0.02721565 -0.9995095 0.01549732 -0.0279622 -0.9995148 0.01372069 -0.02812242 -0.999511 0.01367187 -0.02752453 -0.9995108 0.01485693 -0.02849423 -0.9995137 0.01266855 -0.02752465 -0.9995108 0.01485151 -0.02761954 -0.9995149 0.01439696 -0.02795505 -0.9995111 0.01400208 -0.02810055 -0.9995148 0.01344585 -0.02879071 -0.9995092 0.01235204 -0.02912008 -0.9995074 0.01170057 -0.03022491 -0.9994976 0.009546041 -0.02938443 -0.9995058 0.01117962 -0.03019905 -0.9994995 0.009426414 -0.02923101 -0.9995041 0.01171422 -0.0301671 -0.9995009 0.009372651 -0.02989417 -0.999503 0.01001733 -0.02924239 -0.9995059 0.01152414 -0.0284115 -0.9995074 0.01333516 -0.02410739 -0.9994728 0.0217483 -0.02719539 -0.9995062 0.01574665 -0.02410793 -0.9994719 0.02178937 -0.02792453 -0.9993324 0.02356034 -0.02340823 -0.9994433 0.02377444 -0.02145451 -0.9993909 0.02752768 -0.02073913 -0.9993794 0.02847611 -0.01730406 -0.9996082 0.02200394 -0.02031952 -0.9993641 0.02930265 -0.01962327 -0.9993369 0.03067409 -0.0249952 -0.9994741 0.02066147 -0.02893203 -0.9994997 0.01278746 -0.03390604 -0.9994207 0.002960264 -0.03994935 -0.9991623 -0.008881032 -0.03839266 -0.9992476 -0.00552386 -0.04678606 -0.9986531 -0.02243167 -0.05224788 -0.998081 -0.03323477 -0.05374377 -0.997873 -0.03689396 1.83112e-4 -0.9975314 0.07022333 -0.02718806 -0.9995108 0.01545804 -0.02723896 -0.9995142 0.01514792 -0.02764099 -0.999511 0.01462203 -0.02879077 -0.9995092 0.01235079 -0.02848744 -0.9995103 0.01295089 -0.02912008 -0.9995074 0.0117017 -0.02980542 -0.999504 0.01017135 -0.03028988 -0.9994985 0.009236991 -0.03017061 -0.9995 0.009469509 -0.02987909 -0.9995008 0.01027089 -0.02841109 -0.9995076 0.01332873 -0.0258665 -0.9994983 0.01827901 -0.02031964 -0.999364 0.02930617 -0.01933377 -0.9993247 0.03124737 0.02853506 -0.9916182 0.1260123 -0.0270155 -0.9995024 0.01628601 -0.02738183 -0.99949 0.01643306 -0.02723848 -0.9994958 0.01631754 -0.02729815 -0.9994978 0.01609402 -0.02754676 -0.999498 0.01565617 -0.02821671 -0.9994951 0.01461362 -0.02781581 -0.9994981 0.01516264 -0.02870011 -0.9994948 0.0136615 -0.02837496 -0.9994951 0.01430118 -0.02890962 -0.9994943 0.01324802 -0.03021824 -0.999489 0.01042753 -0.03067624 -0.9994818 0.00976032 -0.03069275 -0.9994843 0.009444773 -0.0302844 -0.9994859 0.0105344 -0.02587288 -0.9994866 0.01889878 -0.01974594 -0.9993251 0.03097534 -0.02114242 -0.9993783 0.02821552 -0.05425864 -0.997835 -0.03716474 -0.02735424 -0.9994917 0.01637542 -0.02738636 -0.9994891 0.01648122 -0.02755737 -0.9994974 0.01567298 -0.02993869 -0.9994915 0.01097923 -0.03019732 -0.9994867 0.01070588 -0.03060358 -0.9994853 0.009620487 -0.03073567 -0.9994811 0.009643077 -0.02760094 -0.9994994 0.01546621 -0.01965349 -0.9993213 0.03115695 -0.02233988 -0.9994052 0.02627682 0.0290538 -0.9916149 0.1259203 -0.02851194 -0.9994922 0.01423072 -0.02916717 -0.9994886 0.01311492 -0.02824068 -0.9994922 0.0147649 -0.02943825 -0.9994863 0.01267325 -0.02872419 -0.9994919 0.01381176 -0.02965903 -0.9994885 0.01196587 -0.02941149 -0.9994924 0.01225161 -0.02965861 -0.9994894 0.01189386 -0.02999305 -0.9994862 0.01130634 -0.03038823 -0.9994832 0.01048052 -0.02884119 -0.9994924 0.01353591 -0.02974158 -0.9994886 0.01175731 -0.02884125 -0.9994924 0.01353555 -0.02767115 -0.9994916 0.01584553 -0.0213325 -0.9993926 0.02755826 -0.02073568 -0.9993457 0.02963733 -0.019818 -0.9993125 0.03133475 -0.02122521 -0.9993654 0.02860605 -0.02862715 -0.9995099 0.01266551 -0.03384506 -0.9994227 0.002990782 0.03082424 -0.9915961 0.1256471 0.06360286 -0.9798017 0.1895878 0.1883037 -0.8814874 0.4330376 0.1596171 -0.9122897 0.3771603 -0.02776706 -0.99949 0.01577895 -0.02763831 -0.999484 0.01637065 -0.0280326 -0.9994918 0.01517546 -0.02778422 -0.9994886 0.01583397 -0.02805024 -0.9994907 0.0152198 -0.03087872 -0.9994755 0.009753823 -0.02974152 -0.9994886 0.01175796 -0.02074551 -0.9993493 0.0295062 -0.02493435 -0.99948 0.02044796 -0.05212622 -0.9980894 -0.03317397 0.1273579 -0.940306 0.3156022 0.2191897 -0.8470638 0.484189 -0.0272215 -0.999528 0.01423919 -0.03089743 -0.9994754 0.009716808 -0.05439233 -0.9978416 -0.03679144 -0.03955322 -0.9991768 -0.009033739 0.005096673 -0.997578 0.06936991 -0.04638862 -0.9986683 -0.0225839 0.03366279 -0.9915422 0.1253429 0.06183189 -0.97988 0.1897684 0.09479159 -0.9626262 0.2537034 -0.02665925 -0.9995554 0.01335543 -0.02737021 -0.9994912 0.016384 -0.0272808 -0.999499 0.01604765 -0.02795362 -0.9994935 0.01521408 -0.02887767 -0.9994878 0.01380121 -0.02836298 -0.9994888 0.01475709 -0.02905809 -0.9994947 0.01288235 -0.02888983 -0.999487 0.01382726 -0.02995526 -0.9994873 0.0113092 -0.03036504 -0.9994838 0.01049804 -0.03005725 -0.9994794 0.01172286 -0.03036516 -0.9994838 0.01049971 -0.03074312 -0.9994813 0.009597241 -0.03076314 -0.9994795 0.009712219 -0.02613961 -0.9994856 0.01858574 -0.02748906 -0.9994953 0.01592361 -0.02322524 -0.9994497 0.02368301 -0.02612459 -0.999482 0.01879304 -0.02459037 -0.9994552 0.02201372 -0.01985812 -0.9993298 0.03074991 -0.02118623 -0.9993662 0.02860873 -0.02111506 -0.9993743 0.0283764 -0.02194344 -0.9994187 0.02609407 -0.01727378 -0.9995315 0.0252698 -0.05404567 -0.997867 -0.03661477 -0.02741348 -0.9994887 0.0164591 -0.02738654 -0.9994924 0.0162844 -0.02754098 -0.9994983 0.01564085 -0.0281161 -0.9995035 0.01422274 -0.02847731 -0.9994939 0.01417636 -0.02853941 -0.9995087 0.01296246 -0.02771949 -0.999557 0.01084566 -0.03076916 -0.9994795 0.009700059 -0.03072315 -0.9994816 0.009636759 -0.03038346 -0.9994836 0.01046216 -0.02462714 -0.9994605 0.0217325 -0.01981788 -0.9993125 0.03133481 -0.0202198 -0.9993889 0.0285117 -0.05234003 -0.9980017 -0.03540199 0.04260444 -0.9912564 0.1248836 0.03805702 -0.9914067 0.125158 0.2806229 -0.8267009 0.4876644 0.2240713 -0.8867328 0.4043477 0.2462902 -0.8754749 0.4157941 0.07129216 -0.9792907 0.1894919 0.06650114 -0.9796334 0.1894627 -0.02657431 -0.9995185 0.01602107 -0.02748799 -0.9995113 0.01488572 -0.02699178 -0.9995141 0.01558935 -0.02736252 -0.999521 0.014463 -0.02773898 -0.9995274 0.01324963 -0.02902948 -0.9995075 0.01192778 -0.02927786 -0.9995118 0.01091432 -0.02852666 -0.9995096 0.01292061 -0.02943062 -0.9995214 0.009534358 -0.0290746 -0.9995042 0.01208621 -0.03002542 -0.9995054 0.009349644 -0.0292561 -0.9995131 0.01084822 -0.02962279 -0.9995098 0.01014494 -0.03002566 -0.9995054 0.00935018 -0.03004074 -0.9995052 0.009320259 -0.02734696 -0.9995097 0.01524907 -0.02974319 -0.9995023 0.01051855 -0.02923351 -0.9995062 0.01152551 -0.02833199 -0.9995101 0.01330411 -0.02163797 -0.9994997 0.02307242 -0.0202949 -0.9994259 0.02713108 -0.02355742 -0.999482 0.02192842 -0.02009075 -0.999361 0.02956503 -0.02331656 -0.9995314 0.01983737 -0.01923871 -0.9993509 0.03045856 -0.02041721 -0.9994668 0.02548336 -0.03274667 -0.9994607 0.002471983 -0.03357112 -0.9994128 -0.006866812 -0.05044782 -0.9981532 -0.03384548 0.1340995 -0.9390935 0.3164187 0.1044057 -0.9615338 0.2540712 0.1406935 -0.9376108 0.317949 -0.0269376 -0.9995883 0.009878039 -0.02696633 -0.999509 0.01596307 -0.02631598 -0.999529 0.01579177 -0.02802908 -0.9995061 0.01421469 -0.02748554 -0.9995583 0.01130765 -0.0300408 -0.9995053 0.009320318 -0.02962136 -0.9995098 0.01014876 -0.02923351 -0.9995062 0.01152497 -0.02833211 -0.9995101 0.01330518 -0.02000004 -0.9993742 0.02917742 -0.01931565 -0.9993298 0.03109329 -0.0269789 -0.9995644 0.01196348 -0.05359619 -0.9978608 -0.03743618 -0.03796601 -0.9992329 -0.009613573 -0.04477101 -0.9987274 -0.02322477 0.5845333 -0.3150187 0.7477193 0.5436365 -0.3370223 0.7686842 0.4824807 -0.4879131 0.7274291 0.1118827 -0.9604338 0.2550475 0.09662431 -0.9624589 0.2536465 0.1910176 -0.8805305 0.4337953 -0.02514839 -0.9995717 0.01496601 -0.02659124 -0.9995327 0.01508069 -0.02586716 -0.9995676 0.01398688 -0.02568942 -0.9995598 0.01484447 -0.02797907 -0.9995082 0.0141645 -0.02615672 -0.9995553 0.01432442 -0.0262047 -0.9995686 0.0132659 -0.02718478 -0.9995771 0.01033008 -0.02800786 -0.9995594 0.009835958 -0.02702796 -0.9995601 0.01221114 -0.02953439 -0.9995186 0.009512186 -0.02797591 -0.9995436 0.01141268 -0.02800637 -0.9995595 0.009833276 -0.02898472 -0.9995386 0.009089291 -0.02836185 -0.9995519 0.009576857 -0.02907752 -0.9995375 0.008905947 -0.02878481 -0.9995474 0.008741676 -0.02836203 -0.9995518 0.009576976 -0.02569109 -0.9995568 0.01504606 -0.02681529 -0.9995607 0.01262897 -0.02565079 -0.9995596 0.01492923 -0.02430593 -0.9995465 0.0177825 -0.02282738 -0.999525 0.02070379 -0.02181774 -0.9995447 0.02084589 -0.01858627 -0.9994804 0.02633821 -0.01871013 -0.9994153 0.02862203 -0.01950895 -0.9994337 0.02741974 -0.01805192 -0.9993702 0.03055292 -0.01798248 -0.9993782 0.03033089 -0.03088498 -0.9995214 0.001770079 -0.05211192 -0.9979477 -0.0372129 0.1298871 -0.9399119 0.3157454 0.1647411 -0.9108373 0.3784652 -0.02539712 -0.9995611 0.01525366 -0.02348101 -0.9996234 0.01420557 -0.02581977 -0.9995546 0.01496243 -0.02618509 -0.9995695 0.01323825 -0.02686691 -0.9995616 0.01244151 -0.02591061 -0.9995912 0.01208364 -0.02844399 -0.9995552 0.008968889 -0.02786904 -0.9995769 0.008322954 -0.02788096 -0.9995769 0.008299231 -0.02658975 -0.9996079 0.008779406 -0.02681559 -0.9995607 0.01262986 -0.02771914 -0.999557 0.01084446 -0.02231425 -0.9996078 0.01692324 -0.02430647 -0.9995464 0.01778471 -0.02232563 -0.9995174 0.02160269 -0.01785677 -0.9993813 0.03030437 -0.01870989 -0.9994153 0.02862143 -0.02066117 -0.9996104 0.01876896 -0.01773124 -0.9995439 0.02444535 -0.024598 -0.9996375 0.01095616 -0.0180906 -0.9994543 0.02763658 -0.03546309 -0.9993156 -0.01052904 -0.04229879 -0.9988142 -0.02410972 -0.02957302 -0.9995321 -0.007812857 -0.04782336 -0.9982487 -0.03482222 -0.05134344 -0.9979538 -0.03810715 0.07852596 -0.9786599 0.1898906 0.2348459 -0.8572869 0.4581556 0.1954746 -0.8996409 0.3904303 0.2079241 -0.89426 0.3963163 0.09952384 -0.9621554 0.2536774 -0.02392596 -0.9996077 0.01456075 -0.0217688 -0.9996828 0.01267379 -0.02346897 -0.9996327 0.01355546 -0.0243467 -0.9996164 0.01320755 -0.02434682 -0.9996163 0.01320761 -0.02478128 -0.9996162 0.01239013 -0.02476823 -0.9996166 0.01237553 -0.02543085 -0.9996154 0.01106524 -0.02491104 -0.9996275 0.01115989 -0.0265913 -0.9995874 0.01087033 -0.02607524 -0.9996121 0.009794235 -0.02590769 -0.9996131 0.01012432 -0.02667123 -0.999602 0.009198129 -0.02657324 -0.9996167 0.007776498 -0.02649623 -0.9996088 0.008963108 -0.02651309 -0.9996188 0.0077129 -0.02694451 -0.9996044 0.008078575 -0.02082777 -0.999733 0.01001828 -0.02659189 -0.9996165 0.007739901 -0.02594327 -0.9996128 0.01005619 -0.02658975 -0.9996079 0.008779287 -0.02370488 -0.9996142 0.01447552 -0.02503627 -0.9996165 0.01184558 -0.02327215 -0.9996327 0.01389312 -0.02324479 -0.9995545 0.01872766 -0.01598995 -0.9994313 0.02969092 -0.01691532 -0.9994686 0.02786642 -0.01714909 -0.9994982 0.02663528 -0.01581531 -0.9994432 0.02938097 -0.02792459 -0.9996098 6.40893e-4 -0.02514749 -0.9996455 -0.008758902 0.04763972 -0.9910349 0.1248216 0.1507646 -0.9351068 0.3206952 -0.02577304 -0.9996204 0.009743034 -0.02509462 -0.9996337 0.01014101 -0.02190846 -0.9996689 0.01349347 -0.02150374 -0.9996822 0.01315611 -0.02210336 -0.9996691 0.01315307 -0.02394992 -0.9996154 0.01399123 -0.02199447 -0.9996861 0.01200115 -0.02246308 -0.9996675 0.01266795 -0.02292275 -0.9996653 0.01198947 -0.02231878 -0.9996889 0.01113766 -0.02190631 -0.9996979 0.01114499 -0.02282291 -0.9996899 0.009957015 -0.02324217 -0.9996909 0.008831501 -0.02376443 -0.9996738 0.009359955 -0.022421 -0.9997304 0.006048321 -0.02456682 -0.9996634 0.00834614 -0.02422326 -0.9996756 0.007884263 -0.02496242 -0.999664 0.006993949 -0.02542322 -0.9996491 0.007442772 -0.02496039 -0.999664 0.006997287 -0.02496057 -0.999664 0.006997823 -0.02452564 -0.9996684 0.007856607 -0.02452528 -0.9996684 0.007856726 -0.02166485 -0.9996742 0.01350045 -0.02503669 -0.9996164 0.0118463 -0.02594304 -0.9996129 0.01005542 -0.02296322 -0.9996765 0.01094323 -0.02187949 -0.9996669 0.01369255 -0.02004498 -0.9996106 0.01941913 -0.01666754 -0.9994851 0.02741926 -0.01407033 -0.9995536 0.02635937 -0.01173394 -0.9995402 0.02796083 -0.01483279 -0.9995259 0.02698355 -0.01484322 -0.9995536 0.02593255 -0.01389461 -0.9994877 0.02883368 -0.01400804 -0.9996393 0.02291947 -0.01687693 -0.9997078 0.01730418 -0.01362824 -0.9995046 0.02837294 -0.02072232 -0.9997397 0.009552419 -0.01500582 -0.9995435 0.02622538 -0.03161746 -0.9994292 -0.01190227 -0.02066129 -0.9997398 -0.009674489 -0.03851443 -0.9989347 -0.02542197 0.1398689 -0.9702011 0.1978551 0.1695932 -0.964365 0.2030724 0.2057012 -0.9383517 0.2778187 -0.04388689 -0.9983817 -0.03616547 -0.008636832 -0.9996802 0.02377426 -0.04821813 -0.9980579 -0.03943932 0.3270148 -0.8261588 0.4588279 0.2904788 -0.8810196 0.3733987 0.08664268 -0.9778507 0.1905284 0.1203079 -0.9590149 0.2565471 0.1962723 -0.8782354 0.4360963 -0.02434372 -0.9996687 0.008374094 -0.02397018 -0.9996452 0.01162219 -0.01963537 -0.9997369 0.01186597 -0.01998901 -0.9997236 0.01237386 -0.02051162 -0.9997193 0.01186048 -0.01982533 -0.9997397 0.01130574 -0.02059656 -0.9997265 0.01108688 -0.01991492 -0.999747 0.01045691 -0.02141201 -0.9997147 0.01058822 -0.01926755 -0.9997771 0.008628606 -0.02326601 -0.9996758 0.01034408 -0.01868999 -0.9997926 0.008090972 -0.02176833 -0.9997257 0.008645534 -0.02147793 -0.9997354 0.008247733 -0.02177876 -0.9997382 0.007019579 -0.02243131 -0.9997172 0.007900536 -0.02247583 -0.9997246 0.006762564 -0.02217108 -0.9997375 0.005803644 -0.0228427 -0.9997209 0.00603795 -0.02293318 -0.9997199 0.005857586 -0.02239918 -0.9997253 0.006910562 -0.0230599 -0.9997147 0.006245315 -0.02174395 -0.9997299 0.008207499 -0.02240002 -0.9997252 0.006912112 -0.01886063 -0.9997661 0.01059001 -0.005798518 -0.9999774 0.003418087 -0.01263463 -0.99988 0.008972406 -0.02174288 -0.9997299 0.008206367 -0.02296143 -0.9996766 0.01094126 -0.02082723 -0.9997329 0.01001709 -0.02011567 -0.9997143 0.01291549 -0.01258015 -0.9995753 0.02628797 -0.01173263 -0.9995403 0.0279594 -0.01202255 -0.9995525 0.02739155 -0.02453696 -0.9996988 -5.79854e-4 -0.04037725 -0.9984146 -0.03921753 0.04190254 -0.9968714 0.06701964 0.05548286 -0.9962202 0.06683582 0.0855152 -0.9882774 0.1264721 -0.004028558 -0.9997243 0.02313369 0.01870805 -0.9975102 0.06799608 0.615495 -0.4072576 0.6747646 0.6086221 -0.3233247 0.7245966 0.575477 -0.3952589 0.7159586 0.09488511 -0.9769294 0.1913267 0.1288517 -0.957446 0.2582528 0.1618116 -0.9321413 0.3239285 0.1731334 -0.9081189 0.3812415 0.2034416 -0.8749884 0.4393253 -0.02174741 -0.9997299 0.008209049 -0.0181905 -0.9997996 0.008365988 -0.01716965 -0.9997943 0.0107966 -0.01773375 -0.9997803 0.01117604 -0.01760435 -0.9997887 0.01060825 -0.01846593 -0.9997711 0.01080435 -0.02474826 -0.9996322 0.0110929 -0.02619826 -0.9995984 0.01080667 -0.0284686 -0.9995294 0.0114215 -0.02683472 -0.9995898 0.01001185 -0.02299273 -0.9996944 0.009082615 -0.02694696 -0.9995976 0.008865654 -0.01831668 -0.9998093 0.006777644 -0.02246057 -0.9997302 0.005937635 -0.01787215 -0.999834 0.003548979 -0.01257628 -0.9999197 0.001534819 -0.01146686 -0.9999321 0.002070128 -0.01904374 -0.999794 0.007027626 -0.01812064 -0.9997967 0.008851706 -0.01812022 -0.9997966 0.00885123 -0.01813691 -0.999736 0.01411437 -0.01809746 -0.9997568 0.01260411 -0.009574115 -0.9996552 0.02445381 -0.009906113 -0.9996411 0.02489066 -0.008814871 -0.9996021 0.02679586 -0.009403586 -0.9995937 0.02690899 -0.009281158 -0.9995985 0.02677124 -0.01071476 -0.9996466 0.0243299 -0.01214641 -0.9995786 0.02636814 -0.008118093 -0.9996585 0.02484267 -0.009918749 -0.9997233 0.02133303 -0.0127263 -0.9997946 0.01577818 -0.01660227 -0.9998293 0.008117973 -0.02142423 -0.9997691 -0.001678526 -0.02746719 -0.9995329 -0.01339787 -0.03954148 -0.9983475 -0.04169839 -0.03430372 -0.9990514 -0.0268265 -0.01519834 -0.9998275 -0.01068156 -0.03967428 -0.9985108 -0.03744643 0.001556456 -0.9997479 0.02240109 -0.0435304 -0.9982321 -0.04046958 0.02450644 -0.9974095 0.06762921 0.05359196 -0.990719 0.1249157 0.6387953 -0.11347 0.7609633 0.6064499 -0.3212466 0.7273371 0.419518 -0.6096531 0.6725533 0.365925 -0.6946471 0.6193258 0.1734701 -0.9286938 0.3277743 0.2382032 -0.8336655 0.4982582 -0.01354789 -0.9998977 0.004604279 -0.008061707 -0.9999658 0.001904606 -0.01605296 -0.9998624 0.004181087 -0.005218684 -0.9999759 -0.004577755 2.13635e-4 -0.9999969 -0.002472043 0.02015078 -0.9997235 -0.01212722 0.005848109 -0.9999718 -0.004737734 0.01551562 -0.9998643 -0.005545318 -0.01626217 -0.9997894 0.01252192 0.001512229 -0.9999931 0.003404259 -0.009736657 -0.9999472 0.00330156 0.002807676 -0.9997981 0.01989829 -0.004211544 -0.9997292 0.02288895 -0.004882931 -0.9996673 0.02533042 -0.00560981 -0.9996632 0.02533614 -0.005298495 -0.9996705 0.02511751 -0.01214635 -0.9997895 0.01654106 -0.002410948 -0.9997664 0.0214852 -0.008850574 -0.9997518 0.0204479 -0.0124213 -0.9999009 0.006622612 -0.01736551 -0.9998446 -0.003051877 -0.02331644 -0.9996182 -0.01483219 0.008850336 -0.9997281 0.02157664 -0.03954213 -0.9983475 -0.04169774 0.03201478 -0.9972195 0.06729513 0.441858 -0.6711494 0.5952479 0.3609494 -0.7588574 0.5420803 0.4615774 -0.5652827 0.683668 0.1839976 -0.9041186 0.3856352 0.2159226 -0.8683905 0.4464029 -0.003448545 -0.9995746 0.02896207 0.01932877 -0.9997248 0.01329976 0.005798637 -0.9998127 0.01846414 0.01716727 -0.9998 0.01025974 0.004608273 -0.9997618 0.0213353 7.30692e-4 -0.9998953 0.01444941 -0.008270561 -0.999792 0.01864689 -0.01516795 -0.9997134 0.01852506 -0.01806712 -0.9997653 0.01196336 -0.01242107 -0.9999131 -0.004425168 -0.01818907 -0.9996983 -0.01651054 0.03155654 -0.9993118 0.01950156 0.241716 -0.9035661 0.3537538 0.1752128 -0.9469303 0.2694877 0.1396561 -0.9552832 0.2606344 0.3467922 -0.7298719 0.5890859 0.3133091 -0.8012181 0.5097911 -0.02786403 -0.999444 0.0183115 -0.009888112 -0.9999228 -0.007538139 -0.01156681 -0.9997553 -0.01886099 -0.003143429 -0.9997668 -0.02136313 -0.002197325 -0.9999008 -0.01391673 0.07742571 -0.9968599 0.01660209 0.03173947 -0.9993367 -0.01785343 0.05832237 -0.9980731 -0.02118039 0.04999023 -0.9985841 0.01818937 0.07452678 -0.9949727 0.06689709 0.1051073 -0.9861894 0.1279965 0.6801295 -0.5437679 0.4916709 0.3517324 -0.8798651 0.3195653 0.1197569 -0.9735284 0.1946812 0.1545188 -0.9520167 0.2641744 0.1889477 -0.9236804 0.3333367 0.2565406 -0.8435992 0.4717283 0.002044796 -0.999998 2.13636e-4 0.04184168 -0.9987993 -0.02548342 0.008301079 -0.9997957 -0.01843333 0.1028485 -0.9924119 0.06738561 0.1342231 -0.9822883 0.1307439 0.2103985 -0.9160606 0.3414169 0.3941208 -0.6700724 0.6290246 0.2663061 -0.8111561 0.5206793 0.0151177 -0.9998672 -0.006114065 0.01757913 -0.9998157 -0.007721364 0.8416563 -0.3842052 -0.3794748 0.8427155 -0.3821396 -0.3792097 0.5967487 -0.7538633 -0.2749201 0.8446254 -0.3838735 -0.3731611 0.8455921 -0.3821904 -0.372699 0.5990394 -0.7537129 -0.2703124 0.6011378 -0.7537035 -0.2656396 0.1717927 -0.9818952 -0.07980775 0.1713351 -0.9818348 -0.08151692 0.09201437 -0.9947928 -0.04382508 0.09118998 -0.9947891 -0.04559499 0.0549646 -0.9981222 -0.02703976 0.05566632 -0.998118 -0.02572733 0.03250271 -0.9993442 -0.0159614 0.01684665 -0.9998151 -0.00927788 0.09744596 -0.9946939 -0.03299063 0.1815899 -0.981501 -0.06067234 0.09940099 -0.9946205 -0.02914583 0.01925754 -0.9995636 -0.02240103 0.00891149 -0.9996456 -0.02508646 0.1218914 -0.9924354 0.01464891 0.101446 -0.9945005 -0.02603292 0.2181788 -0.9758384 0.01171916 0.1486281 -0.9864999 0.06875956 0.1810365 -0.974063 0.1357468 0.2171462 -0.9528492 0.2119579 0.2539193 -0.922258 0.2914883 0.6922584 -0.2738759 0.6676603 0.7045693 -0.1409077 0.695505 0.2783627 -0.8574585 0.4327577 0.3039407 -0.7758897 0.5528249 0.8228927 -0.3830786 -0.4196408 0.8237122 -0.3818863 -0.4191196 0.5846244 -0.7539445 -0.2996368 0.5869035 -0.753993 -0.2950235 0.8266311 -0.3832546 -0.4120643 0.827264 -0.3821052 -0.4118618 0.8328515 -0.3816181 -0.4009065 0.5914611 -0.7539451 -0.2859034 0.8314737 -0.3824706 -0.4029492 0.8352568 -0.3814628 -0.3960206 0.5930514 -0.7539493 -0.2825784 0.8338827 -0.3825307 -0.3978819 0.8358839 -0.3852714 -0.3909784 0.8373128 -0.3820338 -0.3910979 0.8386958 -0.3846629 -0.3855175 0.8399598 -0.3821356 -0.3852791 0.5951048 -0.7537161 -0.2788591 0.8538389 -0.3819493 -0.3536579 0.6060752 -0.7535426 -0.2546498 0.8516158 -0.382043 -0.3588786 0.8570849 -0.3834801 -0.3440181 0.8588032 -0.381029 -0.3424531 0.6087965 -0.7533963 -0.2485176 0.8736429 -0.3800557 -0.3038188 0.624296 -0.7519873 -0.211588 0.8712617 -0.3805437 -0.3099834 0.876365 -0.3835679 -0.2913078 0.8782212 -0.3793234 -0.2912755 0.6273866 -0.7514479 -0.2042356 0.103888 -0.9943826 -0.02026486 0.0656467 -0.9978243 -0.006103813 0.8854761 -0.3784347 -0.2696652 0.6335116 -0.7501244 -0.189675 0.8847504 -0.3796278 -0.2703692 0.04141366 -0.9989341 -0.02038639 0.9073566 -0.4192987 -0.02987796 0.9353225 -0.3525275 -0.02993935 0.6691419 -0.7391538 -0.07681775 0.6843074 -0.729171 -0.00576812 0.924085 -0.379687 0.04364216 0.935067 -0.3512719 0.04751783 0.2469335 -0.9662787 0.07300269 0.7046036 -0.6869633 0.1778066 0.2802554 -0.9485591 0.1472843 0.709114 -0.6475567 0.2789762 0.3160536 -0.9201751 0.2310585 0.7045578 -0.5961549 0.3849645 0.8264032 -0.3818277 -0.4138425 0.8283855 -0.3815829 -0.4100879 0.8306079 -0.3815498 -0.4055988 0.5897341 -0.7539916 -0.2893277 0.8415274 -0.3818216 -0.3821573 0.8443779 -0.381583 -0.376059 0.8473505 -0.3811917 -0.3697163 0.8485019 -0.3822256 -0.3659893 0.8503524 -0.3809388 -0.3630242 0.6035236 -0.7536491 -0.2603315 0.8703427 -0.3804506 -0.3126678 0.6209378 -0.7524132 -0.2197971 0.8823414 -0.3782858 -0.2799529 0.8848069 -0.377459 -0.2732061 0.8869821 -0.3770658 -0.2666165 0.6343106 -0.7500087 -0.1874487 0.8888723 -0.3766072 -0.2609088 0.6345543 -0.7500082 -0.1866246 0.8875396 -0.3780459 -0.2633534 0.934647 -0.344713 -0.08722352 0.9421017 -0.322681 0.09122228 0.6956509 -0.7135961 0.0827676 0.9023603 -0.4014797 0.1567159 0.9321806 -0.3281737 0.1527794 0.8731934 -0.4082593 0.2661911 0.9188508 -0.299488 0.2569438 0.8432135 -0.3894243 0.370594 0.8918259 -0.2761358 0.3583234 0.8155042 -0.3388244 0.4692025 0.8352093 -0.2912413 0.4664806 0.7327188 -0.3586074 0.5783804 0.7628563 -0.2920681 0.5768421 0.6429162 -0.3846327 0.6623569 0.697231 -0.2770186 0.6611579 0.09088504 -0.9947918 -0.04614442 0.8213866 -0.3822191 -0.4233587 0.5836568 -0.7539867 -0.3014115 0.8205487 -0.3817386 -0.4254121 0.8219733 -0.3817645 -0.4226297 0.8334114 -0.3827381 -0.398669 0.8359342 -0.3825643 -0.3935208 0.838688 -0.3820042 -0.388169 0.8551942 -0.381558 -0.3507941 0.09317588 -0.9947816 -0.04156744 0.09433454 -0.9947702 -0.03915596 0.09576892 -0.9947397 -0.03634822 0.8768687 -0.3798381 -0.2946599 0.8752977 -0.3796619 -0.2995178 0.8797236 -0.3791433 -0.286944 0.105749 -0.9942543 -0.01660239 0.8891268 -0.3778324 -0.2582566 0.8910313 -0.3768175 -0.2531242 0.892832 -0.376024 -0.2479054 0.8948901 -0.3744121 -0.2428734 0.8972704 -0.3719399 -0.2378377 0.9022585 -0.3652188 -0.2292268 0.6362411 -0.7480952 -0.1885498 0.9106698 -0.3678814 -0.1879998 0.07922607 -0.9944466 -0.06927704 0.9388585 -0.34395 0.01559519 0.9306684 -0.3043937 0.20298 0.9108539 -0.2731189 0.309437 0.8842331 -0.2256895 0.4088963 0.8406874 -0.2065553 0.5005792 0.774735 -0.1646216 0.6104796 0.1684938 -0.981909 -0.08639842 0.1689858 -0.9818697 -0.08588153 0.8309795 -0.3827426 -0.4037093 0.169959 -0.9818499 -0.08417075 0.1702681 -0.9819027 -0.08292138 0.8508335 -0.3826446 -0.3600912 0.1730117 -0.9818549 -0.07764011 0.1741713 -0.9818235 -0.07541215 0.1756694 -0.9817772 -0.07248347 0.177408 -0.981711 -0.06906491 0.1793623 -0.981625 -0.06512832 0.1840593 -0.9813341 -0.05572742 0.1866242 -0.9811275 -0.05060058 0.188699 -0.9809417 -0.04632782 0.1897959 -0.9808409 -0.0439164 0.8871261 -0.378466 -0.2641419 0.1874204 -0.9810501 -0.0491364 0.1846401 -0.9812784 -0.05478161 0.1808271 -0.9815327 -0.06241202 0.9023394 -0.3682788 -0.2239521 0.1671236 -0.9818055 -0.09015393 0.1695328 -0.9817648 -0.08600246 0.9308553 -0.3597561 -0.06390643 0.1952899 -0.980112 -0.03524923 0.9294142 -0.3466916 0.1264691 0.8189722 -0.2096337 0.5341707 0.7623019 -0.1423403 0.6313756 0.6843584 -0.1447517 0.7146333 0.6222788 -0.07455748 0.7792371 0.5815085 -0.7538796 -0.3058 0.8476962 -0.3832272 -0.3668081 0.8942831 -0.3787778 -0.2382964 0.9099584 -0.3408682 0.2361875 0.8849966 -0.315874 0.3420595 0.8573158 -0.2642965 0.4417659 0.7836846 -0.2679323 0.5604025 0.7369748 -0.1907747 0.648439 0.6533916 -0.216139 0.7255091 0.5921095 -0.1811334 0.785237 0.5935708 0.7727193 -0.224897 0.5938112 0.7732943 -0.222271 0.6582294 0.7114542 -0.2461035 -0.08005172 0.9959924 0.0398885 -0.08646005 0.995344 0.04260438 -0.07965379 0.9960083 0.04028463 -0.09247314 0.994651 0.04602289 -0.08584946 0.9953411 0.04388606 -0.03991889 0.9989798 0.02111917 -0.03015285 0.99941 0.0164498 -0.04022443 0.9989883 0.02011221 -0.02063059 0.9997311 0.01058995 -0.02008128 0.9997305 0.01165813 -0.01034593 0.9999286 0.005981743 0.5739499 0.7745547 -0.2657944 0.5723613 0.7746136 -0.2690287 0.4680056 0.8565404 -0.2175074 0.466672 0.8565571 -0.2202889 0.3996457 0.8971657 -0.1880883 0.6346154 0.7125309 -0.2992709 0.6333467 0.7131559 -0.3004673 0.6349888 0.7131797 -0.2969242 0.5707352 0.774663 -0.2723208 0.2521172 0.9604321 -0.1183525 0.2801083 0.9512026 -0.1294333 0.2791591 0.9512225 -0.1313241 0.6288429 0.7131362 -0.3098284 0.5665352 0.7747703 -0.2806581 0.5679349 0.7747036 -0.2780009 0.633213 0.7125935 -0.3020793 0.6320658 0.7129738 -0.3035808 0.5692803 0.7747072 -0.2752249 0.6316875 0.7129603 -0.304399 0.6307418 0.7129607 -0.3063524 0.6301004 0.7132654 -0.3069626 0.346518 0.9223593 -0.1708174 0.3475258 0.922239 -0.1694139 0.3963221 0.8972334 -0.1946818 0.6299828 0.7125379 -0.3088875 0.4640778 0.8566487 -0.2253551 0.4629477 0.856647 -0.2276741 0.5653402 0.7747334 -0.2831584 0.6275843 0.713128 -0.3123883 0.6272922 0.7130207 -0.3132188 0.4618186 0.8566778 -0.2298411 0.6286361 0.7128388 -0.3109304 0.3073545 0.9392759 -0.1526243 0.3454183 0.9223567 -0.1730449 0.3057985 0.9393081 -0.1555238 0.3495938 0.9221892 -0.1653819 0.3984845 0.897193 -0.190407 0.4607238 0.8567156 -0.2318879 0.3942787 0.8972977 -0.1984974 0.3930246 0.8972911 -0.2009986 0.6258555 0.712774 -0.3166359 0.5642099 0.7747625 -0.2853248 0.6260077 0.7133839 -0.3149571 0.4597458 0.8568352 -0.2333827 0.6266193 0.7129274 -0.3147745 0.5630798 0.7747612 -0.2875522 0.6249149 0.7131769 -0.3175847 0.6243978 0.7129347 -0.3191421 0.6236873 0.7132303 -0.3198702 0.5619575 0.7748929 -0.2893869 0.4585787 0.8568518 -0.2356067 0.6232938 0.7129287 -0.3213062 0.6227157 0.7131443 -0.321948 0.561334 0.7745696 -0.2914555 0.4578182 0.8566428 -0.2378359 0.6219418 0.7131318 -0.3234683 0.560002 0.7748287 -0.2933228 0.6214973 0.7132387 -0.3240857 0.6209437 0.712776 -0.3261587 0.5587431 0.7747877 -0.2958213 0.6197569 0.7136956 -0.3264047 0.4565981 0.8565526 -0.2404915 0.4554957 0.8566066 -0.2423816 0.6200919 0.7129012 -0.327503 0.6189925 0.7132666 -0.3287844 0.0964697 0.9938424 -0.05450642 0.08356118 0.9953486 -0.04794543 0.08371329 0.9953432 -0.04779255 0.557856 0.7747847 -0.2974988 0.6189204 0.7127961 -0.3299383 0.6183739 0.7130435 -0.3304281 0.5570978 0.774883 -0.2986611 0.4547991 0.8565862 -0.2437579 0.1830839 0.9779532 -0.1004382 0.1832079 0.9779331 -0.1004088 0.2015191 0.9732616 -0.1102358 0.4558354 0.8562783 -0.2429026 0.3024139 0.9392257 -0.1624838 0.3022307 0.9391949 -0.1630025 0.3405891 0.9221542 -0.1833871 0.6182269 0.7127447 -0.3313466 0.3409624 0.9221427 -0.1827499 0.3892729 0.8974183 -0.2076224 0.3458146 0.920158 -0.1836348 0.4056597 0.8886854 -0.2137252 0.3190476 0.9319034 -0.1725249 0.625611 0.7083178 -0.3269511 0.6352291 0.7018528 -0.3223145 0.6564103 0.6669699 -0.3525291 0.462852 0.8538316 -0.2382012 0.4254041 0.8772377 -0.2224529 0.5589378 0.7750173 -0.2948508 0.5293944 0.8007144 -0.2803538 0.4883643 0.8397597 -0.2372848 0.5937753 0.7440809 -0.3062264 0.3795647 0.902355 -0.204172 0.3616231 0.9131983 -0.1878767 -0.1033569 0.9932996 0.05170542 -0.1148034 0.9917455 0.05710661 -0.125594 0.9901323 0.06216442 -0.1267949 0.9899277 0.06297868 -0.1294078 0.9895241 0.06399923 -0.1273715 0.9896283 0.06642603 -0.04818958 0.9984925 0.02627688 -0.04867851 0.9985048 0.02487331 -0.05664324 0.9979409 0.0300917 -0.1399036 0.9877573 0.06901156 -0.115177 0.9917926 0.05551326 -0.1149329 0.9918227 0.05548274 -0.1272948 0.9899148 0.06216722 0.5794637 0.7740526 -0.2550776 0.5810847 0.7739656 -0.2516304 0.6430109 0.7123508 -0.2812353 0.6444944 0.7116966 -0.2794905 0.6448761 0.7119578 -0.2779407 0.6457489 0.7118222 -0.2762569 0.5822818 0.7739138 -0.2490087 0.5834604 0.7738678 -0.2463791 0.5849403 0.7737046 -0.243364 0.6475011 0.711897 -0.2719284 0.6498759 0.7113415 -0.2676839 0.6488217 0.7118757 -0.2688189 0.5863078 0.7736053 -0.2403706 0.5876141 0.7734447 -0.2376825 0.6507883 0.7114906 -0.2650579 0.6517948 0.7112153 -0.2633181 0.6518979 0.7115025 -0.2622851 0.5886849 0.7734786 -0.2349063 0.6529633 0.7110419 -0.2608801 -0.1377635 0.988577 0.06112986 -0.1303481 0.9895593 0.06149643 -0.1241203 0.9905211 0.05884039 0.5904021 0.7730622 -0.2319492 0.6529953 0.7115927 -0.2592937 -0.1367251 0.9879916 0.07196378 0.654916 0.7104918 -0.2574617 0.6538067 0.7110602 -0.2587088 0.6545822 0.7114706 -0.2556008 0.6549391 0.7113078 -0.2551394 0.6561672 0.7106443 -0.2538298 0.5911042 0.7732453 -0.2295381 0.6561912 0.7110036 -0.2527592 0.5921924 0.7731706 -0.2269704 0.6571086 0.7109444 -0.250532 0.6569338 0.7105872 -0.2520001 0.6569261 0.7114029 -0.2497082 0.6581422 0.7104822 -0.2491266 0.6589341 0.7101754 -0.2479052 0.6585065 0.7110601 -0.2465012 0.6585435 0.7113417 -0.245588 0.6590844 0.7116073 -0.2433571 0.5953704 0.7729316 -0.2193421 0.6595878 0.7114099 -0.2425691 0.6609545 0.7106398 -0.2411018 0.6606881 0.7113201 -0.2398229 0.5966217 0.7728096 -0.2163513 0.6617553 0.7108307 -0.2383271 0.6632837 0.7110164 -0.2334753 0.6618437 0.7119261 -0.2347857 0.5979992 0.7726013 -0.2132703 0.6644104 0.7104339 -0.23204 0.6655018 0.7103345 -0.2291992 0.5995495 0.7725018 -0.2092396 0.6654465 0.7112563 -0.226485 0.6018657 0.7723144 -0.2031956 0.6679183 0.709913 -0.2234024 0.6044034 0.7716795 -0.1980089 0.6686433 0.7101188 -0.2205616 0.6711294 0.7097063 -0.2142486 0.6702389 0.7095175 -0.2176346 0.6058062 0.7714645 -0.1945294 0.6731309 0.7092961 -0.20927 0.6095927 0.7705516 -0.1861373 0.6761887 0.7080205 -0.2036562 0.607387 0.7711819 -0.190682 0.6113888 0.7701491 -0.1818632 0.6780504 0.7080205 -0.1973692 0.613344 0.7698159 -0.1766145 0.6811656 0.7071072 -0.1897705 0.6152715 0.7692115 -0.1724957 0.6177191 0.7685475 -0.1666071 0.6843683 0.7058234 -0.1829031 0.6196355 0.7681124 -0.1614171 0.6857181 0.7058306 -0.1777471 0.6217059 0.7676485 -0.1555562 0.6875461 0.7053696 -0.1724358 0.6893815 0.7050077 -0.1664856 0.6242353 0.76682 -0.1493904 0.6913545 0.703959 -0.1626985 0.6267859 0.7658343 -0.1436569 0.6930025 0.7034706 -0.1577239 0.6288084 0.7653799 -0.1370902 0.6943708 0.7034044 -0.1518936 0.6309756 0.7648004 -0.1301931 0.6335609 0.7638195 -0.1232085 0.6962577 0.7028498 -0.1456971 0.6986801 0.701671 -0.1396566 0.6365323 0.7624532 -0.1161549 0.7010486 0.7004382 -0.1338557 0.7021817 0.70032 -0.128424 0.6388661 0.7615548 -0.1090159 0.7040498 0.6996855 -0.1214668 0.6444158 0.7589549 -0.09335863 0.7065786 0.6983385 -0.1143246 0.6414104 0.7604942 -0.1011998 0.6475805 0.7572044 -0.08533084 0.7094934 0.6965225 -0.1071244 0.7116481 0.6955034 -0.09915703 0.7135055 0.6944922 -0.09268641 0.6502687 0.7557424 -0.07748776 0.7159763 0.6929649 -0.08472079 0.6529372 0.7542929 -0.06866919 0.7187784 0.6910368 -0.07632744 0.6560367 0.7523548 -0.05981725 0.6591788 0.7502779 -0.05066144 0.7217727 0.6888122 -0.06769096 0.7236506 0.6877596 -0.05759048 0.726195 0.6856355 -0.05044758 0.6622058 0.7481479 -0.04193335 0.7289276 0.6833314 -0.04150646 0.6648892 0.7462531 -0.03207552 0.7315247 0.6810758 -0.03174036 0.7303344 0.6781458 0.08203673 0.6753329 0.7339606 0.07230037 0.727856 0.6793913 0.09302294 0.6678013 0.744009 -0.02218776 0.7387157 0.6701087 0.07248294 0.7494837 0.6587814 0.06543254 0.6836553 0.7280299 0.05087506 0.6462857 0.711781 -0.2751048 0.5776714 0.7742163 -0.2586215 0.6414961 0.7122716 -0.284872 0.6403456 0.7120342 -0.2880365 0.6388662 0.7128151 -0.2893866 0.5756542 0.7744871 -0.2622824 0.638624 0.7122985 -0.2911881 0.6371421 0.7128899 -0.292981 0.3108398 0.9390813 -0.1466456 0.3506923 0.9221583 -0.1632149 0.6356906 0.7127829 -0.2963748 0.6712021 0.7411819 -0.01171922 0.7344802 0.6782939 -0.02136355 0.7398779 0.6727355 -0.002777218 0.7372815 0.6755107 -0.01007127 0.6743817 0.7383804 -0.001953184 0.6767612 0.7361513 0.008697926 0.7419216 0.6704456 0.007416129 0.745733 0.6655289 0.03088527 0.7437853 0.6681585 0.01864725 0.6794543 0.7334432 0.02008175 0.7480956 0.6624883 0.03824096 0.6822862 0.7304455 0.03058016 0.7489107 0.6608628 0.04892224 0.7491151 0.6596949 0.06024414 0.6838153 0.728465 0.04165881 0.6777486 0.7328365 0.06006252 0.7286596 0.6770812 0.1030347 0.6783562 0.7294458 0.0879876 0.7289229 0.6742019 0.1188421 0.6788072 0.7264476 0.1072138 0.7245524 0.673372 0.1469491 0.7284247 0.6724225 0.1313227 0.7338075 0.6519851 0.1908985 0.7229226 0.6680786 0.1762213 0.6824179 0.7182174 0.1359037 0.6907999 0.7022141 0.1723108 0.7013942 0.6786573 0.2178772 0.7369503 0.6380372 0.2231879 0.710915 0.650731 0.2667381 0.7503309 0.5989829 0.279684 0.7515709 0.6048032 0.263352 0.7553781 0.5617955 0.3373275 0.7169499 0.6186181 0.3213945 0.7570654 0.5667155 0.3250931 0.7183328 0.5853602 0.3759673 0.7557185 0.5213609 0.3963235 0.7549863 0.5295097 0.3868015 0.7110956 0.5573707 0.4285801 0.7407035 0.5050945 0.4429877 0.7487671 0.4954852 0.4402753 0.7243114 0.4858956 0.4891611 0.7029858 0.5227683 0.4822078 0.73166 0.4767356 0.4872341 0.703811 0.4754028 0.5278659 0.7220188 0.4392296 0.5345711 0.6665629 0.5013642 0.5516593 0.7083897 0.4180876 0.5686711 0.6888583 0.492373 0.532018 0.6914851 0.4198291 0.5878707 0.6763039 0.4478988 0.5848075 0.6584879 0.4473542 0.6052009 0.6627851 0.3897604 0.6393769 0.6511247 0.3588739 0.6687648 0.6681888 0.4092633 0.6213111 0.6474667 0.1918137 0.7375597 0.6515516 0.3494738 0.6733117 0.6470699 0.3023241 0.6999292 0.6122453 0.3611945 0.7033451 0.6380664 0.1344068 0.7581597 -0.08594292 0.989687 0.1146008 -0.09695774 0.9876754 0.1228681 -0.09876 0.9878752 0.1197878 -0.09332811 0.9874839 0.1271436 -0.08838343 0.9898278 0.1114864 -0.09781348 0.9866801 0.1299805 -0.1074262 0.9883823 0.1075178 -0.1094413 0.9880544 0.1084952 -0.1123408 0.9886054 0.1001942 -0.1257402 0.9897469 0.06775325 -0.1326053 0.9896724 0.05444598 -0.1287613 0.9902626 0.05292057 -0.1462159 0.988995 0.02258396 -0.1431661 0.9894668 0.02142453 -0.134589 0.9901903 0.0375384 -0.1396534 0.989995 0.02017283 -0.1560437 0.9875949 -0.01751786 -0.1638258 0.9857324 -0.03863698 -0.1509172 0.988363 -0.01904392 -0.1800344 0.9782106 -0.1034 -0.1662675 0.9823763 -0.08539217 -0.1751788 0.9809712 -0.08371353 -0.1791152 0.97404 -0.1384335 -0.1785376 0.9720379 -0.1525352 -0.1639777 0.9766027 -0.1391353 -0.1361754 0.9775823 -0.1605906 -0.1411196 0.9752943 -0.16996 -0.1227777 0.9783763 -0.1664503 -0.1079171 0.9808068 -0.1623945 -0.1132257 0.9790515 -0.1692282 -0.09485191 0.982273 -0.1616877 -0.1187193 0.9802128 -0.1583942 -0.04663336 0.9893115 -0.1381605 -0.04205536 0.9911096 -0.1262272 0.001037657 0.9949305 -0.1005612 0.2042951 0.9721567 0.1147825 0.244886 0.9481703 0.2024948 0.3042506 0.9153156 0.2638731 0.07315355 0.9921667 -0.1012614 0.09934002 0.9917216 -0.08136415 0.0935111 0.9912974 -0.09265655 0.1319656 0.9899868 -0.05011272 0.171702 0.9851353 -0.005188286 0.1572352 0.9869621 -0.03439515 0.264054 0.9491844 0.1712444 0.3655291 0.870348 0.3299741 0.3524975 0.853868 0.3829557 0.4063007 0.7980745 0.4449685 0.4918413 0.7283317 0.4771007 0.4283647 0.8096997 0.4011113 0.5090568 0.6424553 0.572811 0.4414941 0.8602511 0.2550508 0.4202172 0.8864877 0.1937961 0.3751417 0.9140189 0.1543965 0.4590148 0.7278621 0.5094333 0.5807572 0.7357661 0.3483811 0.6420459 0.6442738 0.4155581 0.5694622 0.7700359 0.2876762 0.5066174 0.8308526 0.2302668 0.5226465 0.8019 0.2894775 0.6424937 0.6006823 0.4757969 0.1489323 0.9888436 0.002716183 0.09894382 0.9945047 -0.03421223 0.1736834 0.9835039 0.05053937 0.2204107 0.9736893 0.05786466 0.2937451 0.9428532 0.1572948 0.2505621 0.9646186 0.08203542 0.1884853 0.9815521 0.03207546 0.2321258 0.9674451 0.100834 0.2839522 0.9524487 0.1105107 0.5311225 0.4931873 0.6889669 0.5927755 0.4077373 0.6945268 0.5553333 0.5350683 0.6366373 0.5703729 0.3370843 0.7490321 0.6242671 0.2014257 0.754797 0.5960747 0.09345042 0.7974723 0.3785353 0.7810592 0.4966464 0.46374 0.6519828 0.5998864 -0.1058093 0.9925691 0.06009185 0.522589 0.4736964 0.7088812 0.3192021 0.9370974 0.1412742 0.3435208 0.9168796 0.2032864 0.3830729 0.8914257 0.2421062 0.3935471 0.8677874 0.3034235 0.422443 0.8613663 0.282117 0.4638937 0.8238692 0.3256412 0.3978443 0.8923725 0.2130524 0.3569877 0.9175411 0.175152 0.5510547 0.7190629 0.4234234 0.4880939 0.8189833 0.3017131 0.5066828 0.7775118 0.372489 0.589967 0.6943427 0.412101 0.5959207 0.6450873 0.4782686 0.639446 0.5509698 0.5362288 0.5378714 0.7651178 0.3539623 0.3892738 0.8970847 -0.2090573 0.3904685 0.897278 -0.2059772 0.3895235 0.8972805 -0.2077479 0.3915305 0.8973247 -0.203746 0.3046737 0.9392606 -0.1579982 0.2746702 0.9511219 -0.1411499 0.3953472 0.8972374 -0.1966359 0.3973667 0.8972187 -0.1926099 0.4653285 0.856617 -0.2228828 0.6368057 0.7126755 -0.2942319 0.6408134 0.7125948 -0.2855994 0.6427754 0.7119941 -0.2826734 0.4694668 0.8564724 -0.2146064 0.4709774 0.856378 -0.2116529 0.6471247 0.7118555 -0.2729313 0.4720471 0.8564113 -0.2091205 0.6487713 0.7113351 -0.2703672 0.473164 0.8563889 -0.2066735 0.6502089 0.7118269 -0.265577 0.4745422 0.8563061 -0.2038373 0.4759193 0.8561909 -0.2010922 0.4802476 0.855876 -0.1919342 0.4793948 0.855879 -0.1940407 0.4772247 0.8560562 -0.1985562 0.4815046 0.8557335 -0.1894034 0.4783912 0.8559463 -0.196209 0.4828984 0.8555325 -0.1867443 0.4836684 0.8555145 -0.1848243 0.485074 0.8551512 -0.1828107 0.4861755 0.8552173 -0.1795462 0.4879781 0.8549765 -0.1757624 0.4903768 0.8545583 -0.1710581 0.4928796 0.8542535 -0.1652901 0.4950546 0.8539318 -0.1603792 0.496858 0.8536313 -0.1563515 0.4986493 0.8533102 -0.1523506 0.5005818 0.8529302 -0.1480809 0.5025916 0.8525258 -0.1435322 0.5047231 0.8520599 -0.1387394 0.506933 0.851562 -0.133646 0.5092447 0.8509997 -0.1283336 0.5116505 0.8503805 -0.1227473 0.514159 0.8496884 -0.1169195 0.5167204 0.8489524 -0.1108152 0.5193777 0.8481316 -0.1044981 0.5220953 0.847249 -0.09790623 0.5249047 0.846275 -0.09107011 0.5277395 0.8452316 -0.08411115 0.5305479 0.8441338 -0.0771833 0.5332912 0.8429993 -0.07037705 0.5359492 0.8418442 -0.06369376 0.5385327 0.8406677 -0.05710041 0.5410478 0.8394665 -0.05063164 0.5434908 0.8382478 -0.04425323 0.5458634 0.837015 -0.03793513 0.5481933 0.8357492 -0.03174036 0.550441 0.8344814 -0.02560544 0.5526703 0.8331713 -0.0195322 0.5548324 0.8318518 -0.01355034 0.5566118 0.8307366 -0.007751882 0.5590237 0.8291509 -0.001190245 0.5602618 0.8283073 0.003723263 0.5630097 0.8263864 0.01028478 0.5641222 0.8255521 0.01516813 0.5668413 0.823542 0.02166891 0.5678644 0.8226968 0.02645981 0.5704668 0.8206641 0.03283876 0.5723847 0.8190702 0.03872865 0.5756474 0.8162279 0.04901331 0.5805364 0.8116279 0.06509745 0.5871022 0.8047668 0.08752971 0.5950575 0.7952004 0.1164601 0.6040084 0.7823635 0.1519253 0.6134881 0.7655021 0.1940077 0.6230209 0.7436637 0.2425063 0.6067537 0.1284861 0.7844369 0.6049593 0.1725577 0.777334 0.631382 0.7164391 0.296769 0.6381062 0.6830312 0.3553715 0.575738 -0.01886063 0.8174167 0.4502478 0.8742187 0.1817105 0.4691416 0.8503573 0.2383247 0.3414161 0.9221624 -0.1818017 0.3423977 0.9221451 -0.1800342 0.2026494 0.973236 -0.1083747 0.2034409 0.9732263 -0.1069697 0.2231517 0.9675911 -0.1181983 0.3435846 0.9221362 -0.1778045 0.3448086 0.9221755 -0.1752121 0.4008667 0.8971358 -0.1856164 0.4020639 0.8971511 -0.1829338 0.4035594 0.8970599 -0.180065 0.4048693 0.8969627 -0.1775919 0.4063296 0.8968305 -0.1749042 0.4075472 0.8967627 -0.1724004 0.4086543 0.8966895 -0.1701455 0.4121043 0.8965092 -0.1626077 0.4110069 0.8966341 -0.1646835 0.4094502 0.8966948 -0.1681932 0.4103596 0.8967117 -0.1658712 0.4130463 0.8964392 -0.1605918 0.4140203 0.896159 -0.1596447 0.4143841 0.8962453 -0.1582094 0.4154565 0.896224 -0.1554948 0.4171022 0.8960359 -0.1521369 0.4191451 0.8958181 -0.1477414 0.4215323 0.8955577 -0.1424334 0.4240382 0.8951376 -0.1375514 0.4255871 0.8949078 -0.1342224 0.4275085 0.8945694 -0.1303156 0.4294083 0.8942497 -0.1261978 0.4314498 0.8938767 -0.1218021 0.4335548 0.8934781 -0.117163 0.4358107 0.8930152 -0.1122182 0.4381383 0.8925129 -0.107032 0.4405974 0.8919373 -0.1015965 0.4431387 0.891313 -0.09586077 0.4457942 0.8906118 -0.08987909 0.4485126 0.8898531 -0.08365356 0.4513412 0.88901 -0.07715129 0.4542521 0.8880866 -0.07040846 0.4571754 0.8870974 -0.06363219 0.4599862 0.886096 -0.05697941 0.4626679 0.8850812 -0.05069202 0.4651781 0.8840888 -0.04468053 0.4675542 0.8831036 -0.03900349 0.4697512 0.8821569 -0.03366261 0.4718335 0.8812239 -0.02859687 0.4737777 0.880322 -0.02383536 0.4772322 0.8786542 -0.01471036 0.4754308 0.8795378 -0.01947134 0.4783909 0.8780725 -0.01144474 0.4801592 0.8771534 -0.0070194 0.4824196 0.8759363 -0.002685666 0.4846793 0.8746873 0.002868771 0.4862927 0.8737643 0.007446646 0.4882104 0.8726568 0.01098674 0.4882796 0.8725797 0.01370316 0.4904462 0.8712668 0.01889145 0.4945594 0.8686302 0.02987802 0.5006945 0.8643589 0.04678559 0.508844 0.8580123 0.06994962 0.518772 0.8490855 0.09964644 0.5302973 0.8367991 0.136206 0.6320191 0.4952327 0.5960676 0.5430654 0.8201832 0.1799434 0.5564834 0.7981634 0.2307846 0.6196271 0.4329424 0.6546934 0.3339706 0.9349527 0.1196959 0.2939321 0.9426824 -0.1579682 0.2769045 0.9492515 -0.1491493 0.2710402 0.9513415 -0.1465832 0.3036973 0.9392306 -0.1600431 0.3029313 0.9391909 -0.16172 0.2472972 0.9605618 -0.127143 0.2250459 0.9675999 -0.1144762 0.2484241 0.9605833 -0.1247614 0.3485621 0.9222049 -0.16746 0.3518543 0.9221337 -0.1608355 0.3533535 0.9220822 -0.1578157 0.3548153 0.9220436 -0.1547319 0.3560383 0.9219885 -0.1522303 0.3571358 0.9219244 -0.1500324 0.358115 0.9218699 -0.1480192 0.3617388 0.9215137 -0.1412713 0.3606417 0.9216706 -0.143042 0.3593359 0.9217787 -0.1456082 0.3621746 0.9215051 -0.1402065 0.3628425 0.9214046 -0.1391369 0.3638837 0.9214134 -0.1363304 0.3655904 0.9212549 -0.1327893 0.3678496 0.9210126 -0.1281507 0.3703166 0.9208168 -0.1223198 0.372911 0.9204209 -0.1173148 0.3745632 0.9201868 -0.1138369 0.3765797 0.9198567 -0.1097785 0.3785864 0.9195333 -0.1055037 0.3806936 0.9191703 -0.1009873 0.3829542 0.9187483 -0.09616577 0.3853011 0.9182832 -0.0910989 0.3877446 0.9177689 -0.0857585 0.3903352 0.9171808 -0.08011174 0.3930013 0.916535 -0.07425421 0.3957724 0.9158189 -0.06811875 0.3986424 0.915028 -0.06170988 0.4015962 0.9141587 -0.05508631 0.4045634 0.9132282 -0.04840356 0.4073653 0.9122994 -0.04199385 0.4099618 0.9113892 -0.03607344 0.412372 0.9105023 -0.03057998 0.4145365 0.9096733 -0.02557468 0.4164964 0.9088943 -0.02102774 0.4182685 0.9081661 -0.01690775 0.4197316 0.9075517 -0.01324534 0.4216254 0.9067313 -0.00839281 0.4237912 0.9057523 -0.003723323 0.4252898 0.905057 -7.01949e-4 0.4260439 0.9047023 5.18821e-4 0.4263526 0.9045572 -1.22077e-4 0.4243981 0.9054701 -0.003204464 0.4237928 0.9057558 -0.00250256 0.4279394 0.9037939 0.004944086 0.4323909 0.9015266 0.01696842 0.4397771 0.8974078 0.03543239 0.4493921 0.8913072 0.06015288 0.4612397 0.8825295 0.09164971 0.5978712 0.5866401 0.5462633 0.4747601 0.8704138 0.1303179 0.4903219 0.8534398 0.1767063 0.592592 0.5238322 0.6119107 0.2966148 0.9508216 0.08920723 0.1207932 0.9926531 0.006988763 0.04889136 0.9964134 -0.06906437 0.2586799 0.9561635 -0.1372444 0.2445837 0.9608474 -0.1301965 0.1673659 0.9817335 -0.09048867 0.1590066 0.9835218 -0.08603447 0.1510694 0.9850032 -0.08334755 0.2719568 0.9511315 -0.1462481 0.2725967 0.9511586 -0.1448742 0.273545 0.9511356 -0.1432273 0.2240076 0.9675968 -0.1165205 0.2760145 0.9510964 -0.1386786 0.2772651 0.9511553 -0.1357485 0.3087987 0.9392145 -0.1500656 0.3098037 0.9391165 -0.1485996 0.3118421 0.9390665 -0.1445985 0.3129748 0.9390159 -0.1424638 0.3153225 0.9388871 -0.138068 0.3163673 0.9388779 -0.1357211 0.3174271 0.9388226 -0.1336117 0.3183482 0.9387778 -0.1317219 0.3200815 0.9387288 -0.1278129 0.3210598 0.9386422 -0.1259824 0.3192004 0.9387099 -0.1301339 0.3216412 0.9385858 -0.1249148 0.3216407 0.9385535 -0.1251587 0.3212493 0.9386913 -0.1251303 0.3225019 0.938512 -0.1232386 0.3237181 0.9384071 -0.1208258 0.3256969 0.9382097 -0.1169787 0.3281468 0.9379591 -0.1120374 0.3308868 0.9376956 -0.1060229 0.3332739 0.9374091 -0.1009588 0.3352863 0.9371293 -0.09680759 0.3372655 0.9368419 -0.09262514 0.339372 0.9365081 -0.08820009 0.3415958 0.9361305 -0.08349913 0.3439456 0.935703 -0.07849407 0.3463914 0.9352263 -0.07324576 0.3489859 0.9346778 -0.06772184 0.3516734 0.9340724 -0.06192356 0.3544515 0.9334033 -0.05588084 0.3573453 0.9326564 -0.04956257 0.3603352 0.9318299 -0.04303145 0.363301 0.9309589 -0.03643995 0.366111 0.9300796 -0.0302447 0.3686406 0.9292466 -0.02459841 0.3709041 0.9284657 -0.0195325 0.3729111 0.9277456 -0.0150153 0.3745329 0.927146 -0.01120054 0.37596 0.9266092 -0.007049798 0.3780452 0.9257789 -0.003906488 0.3798363 0.9250537 -3.66225e-4 0.380329 0.9248507 0.00112915 0.3798731 0.9250385 3.66231e-4 0.377973 0.9258126 -0.002746641 0.3756352 0.9267274 -0.008637011 0.371787 0.9281551 -0.01739603 0.3733687 0.9275621 -0.01498478 0.3772183 0.9261077 -0.005554497 0.3834987 0.9234976 0.009002983 0.3921714 0.9194207 0.02945095 0.4033126 0.9133207 0.05643016 0.5610115 0.6619094 0.497134 0.4167711 0.9044994 0.09045904 0.4326356 0.8918226 0.1322078 0.55063 0.6248835 0.5534682 0.2311821 0.9649528 -0.1241822 0.2212007 0.9677529 -0.1205189 0.2713133 0.9511837 -0.1471012 0.1511302 0.9850017 -0.08325588 0.1663299 0.9818047 -0.09161877 0.24452 0.9604707 -0.1330638 0.2449206 0.9605159 -0.1319977 0.2455909 0.9605118 -0.1307763 0.2463522 0.9605358 -0.1291579 0.2043853 0.9732182 -0.1052293 0.1854351 0.9779905 -0.09564739 0.2055174 0.9732017 -0.1031554 0.249673 0.9606046 -0.1220745 0.2781794 0.9512423 -0.1332453 0.2273669 0.9676674 -0.1091971 0.2068253 0.9731806 -0.1007117 0.2079861 0.9732166 -0.09793508 0.3139773 0.9389714 -0.1405389 0.2810785 0.9511806 -0.1274772 0.2821159 0.9511494 -0.1254018 0.2832183 0.9511008 -0.1232671 0.2842537 0.9510626 -0.1211603 0.2850466 0.9510607 -0.1192984 0.285809 0.95112 -0.1169787 0.2888619 0.9507569 -0.1123402 0.2884387 0.95074 -0.1135627 0.2873053 0.9508482 -0.1155142 0.2888015 0.9507895 -0.1122184 0.2881041 0.950896 -0.1131052 0.2888628 0.9507601 -0.1123101 0.2901435 0.9507259 -0.1092578 0.2919791 0.9505877 -0.1055055 0.2943314 0.9503818 -0.1007148 0.297077 0.9501031 -0.09512931 0.2995174 0.9498248 -0.09012377 0.3014714 0.949583 -0.08606487 0.303447 0.9493132 -0.08200359 0.3055241 0.9490138 -0.07763987 0.3077562 0.9486607 -0.07300204 0.3101046 0.948259 -0.06811863 0.3125498 0.9478126 -0.06296163 0.3151369 0.9473029 -0.05749738 0.3178266 0.946735 -0.05176049 0.3206071 0.9461039 -0.04580968 0.3235052 0.9453982 -0.03958356 0.3264912 0.9446212 -0.03308248 0.3294883 0.9437845 -0.02661293 0.3322662 0.9429621 -0.02053964 0.3347351 0.9421902 -0.01516807 0.3369001 0.9414829 -0.01040697 0.338765 0.9408511 -0.00613439 0.3410491 0.9400444 -0.00149542 0.3429718 0.9393424 0.002502501 0.3437945 0.9390336 0.00463885 0.3437418 0.9390563 0.00387597 0.3737357 0.927442 -0.01315367 0.3422747 0.9395998 6.10387e-4 0.337872 0.9411648 -0.007171869 0.3339377 0.9424538 -0.01632755 0.3318381 0.9430818 -0.02191293 0.3292118 0.9438404 -0.02801668 0.3279866 0.9442242 -0.02942019 0.3318685 0.943051 -0.02276748 0.3363218 0.9416707 -0.011994 0.3439483 0.9389758 0.004913508 0.3540176 0.9348201 0.02798569 0.5233151 0.7237967 0.449733 0.3669294 0.9284475 0.05786389 0.3823119 0.9191111 0.09524989 0.4001936 0.9055856 0.1405698 0.2962219 0.9000495 0.3196303 0.2393929 0.9358117 0.2587422 0.2817573 0.8785994 0.3855851 0.21415 0.9699467 -0.1155134 0.2022781 0.9733033 -0.1084635 0.2219985 0.9675584 -0.1206129 0.2224855 0.967583 -0.1195135 0.1680093 0.9818399 -0.08810949 0.1845799 0.9779868 -0.09732562 0.2262662 0.9675976 -0.1120649 0.251176 0.9605119 -0.1196977 0.2530637 0.9604033 -0.1165521 0.2540119 0.9603806 -0.1146609 0.2549893 0.9603527 -0.112708 0.2559058 0.9603257 -0.1108467 0.2568515 0.9603243 -0.1086491 0.2581955 0.960237 -0.106208 0.260758 0.9601108 -0.1009582 0.2602357 0.9601593 -0.101842 0.2592911 0.9602253 -0.1036126 0.2609391 0.9600424 -0.1011406 0.2603302 0.9600783 -0.1023619 0.2600854 0.9601675 -0.1021481 0.2613991 0.9601114 -0.09927976 0.2632909 0.9599572 -0.09570884 0.2655171 0.9597983 -0.09103876 0.268112 0.9595877 -0.0854845 0.2708882 0.9592484 -0.08038753 0.2725649 0.9590587 -0.07690781 0.2746683 0.9587756 -0.07284814 0.2767498 0.958492 -0.06857705 0.2789431 0.9581727 -0.06399822 0.281262 0.9578047 -0.05917608 0.2837058 0.9573853 -0.05407989 0.2863011 0.9569008 -0.04870873 0.2889823 0.9563669 -0.04303145 0.2917634 0.9557693 -0.03714179 0.2946631 0.9550991 -0.03097701 0.2976793 0.9543498 -0.02456754 0.3006698 0.9535555 -0.01815855 0.3034215 0.9527778 -0.01223814 0.3058277 0.9520608 -0.007049798 0.3079103 0.951412 -0.002563595 0.3096737 0.9508422 0.001159667 0.3113848 0.9502685 0.005432367 0.3131288 0.9496714 0.008636951 0.3131848 0.9496563 0.008270561 0.3111385 0.9503535 0.004608273 0.3400775 0.9403939 -0.002563595 0.3365908 0.9415935 -0.01040685 0.3089764 0.9510697 -3.05192e-5 0.3072935 0.9516059 -0.004119992 0.305069 0.9522877 -0.009003102 0.3024455 0.9530542 -0.01464921 0.2994544 0.9538776 -0.02108871 0.2960338 0.9547548 -0.02841311 0.2897793 0.9562259 -0.04074305 0.2914908 0.9558066 -0.03830182 0.2957319 0.9548264 -0.02914589 0.3021666 0.9531326 -0.0152899 0.3112307 0.9503247 0.004303097 0.4863222 0.7735377 0.4063621 0.3230496 0.9458929 0.03042799 0.3375468 0.9391493 0.06372493 0.3551815 0.9288799 0.1050162 0.03949105 0.9977753 -0.05371272 0.1924513 0.9758375 -0.1034586 0.2021276 0.9732217 -0.1094717 0.07092672 0.9966366 -0.04104834 0.08407986 0.9953472 -0.04706031 0.2286207 0.9676477 -0.1067263 0.2295641 0.9675751 -0.1053516 0.2305094 0.9675415 -0.1035812 0.2314278 0.9675228 -0.1016903 0.2327077 0.9674537 -0.09940052 0.2337166 0.9674307 -0.09723442 0.2357892 0.9673889 -0.09253334 0.2367074 0.9672776 -0.09134411 0.2347838 0.9674266 -0.09467041 0.2365878 0.9673183 -0.091223 0.2360662 0.9673678 -0.09204596 0.2356664 0.9673248 -0.09350967 0.2363401 0.9672426 -0.09265607 0.2377445 0.9672142 -0.08929914 0.2397906 0.9670672 -0.08533215 0.242355 0.9668566 -0.08032721 0.2451905 0.9666319 -0.07419192 0.2476616 0.9663841 -0.06903398 0.2497373 0.9661415 -0.06482243 0.2517789 0.9658851 -0.06061005 0.253977 0.9655824 -0.05609339 0.2562719 0.9652391 -0.05136424 0.2587136 0.9648425 -0.04632854 0.2612717 0.9643948 -0.04098677 0.2639595 0.9638839 -0.03540211 0.266768 0.963307 -0.02957302 0.2696677 0.9626674 -0.02346926 0.2726569 0.9619596 -0.01709061 0.2756482 0.9611982 -0.01077318 0.2783918 0.9604547 -0.005005061 0.2807418 0.9597834 0 0.282638 0.9592176 0.004181087 0.284776 0.9585515 0.009033679 0.286789 0.9579065 0.0129401 0.2870292 0.9578321 0.01312303 0.2850161 0.958477 0.009369254 0.2931039 0.9554261 -0.03537142 0.2827863 0.9591721 0.004577755 0.2810194 0.9597021 3.66229e-4 0.2786418 0.9603836 -0.004699945 0.2758623 0.9611386 -0.01062065 0.2726837 0.9619465 -0.01739555 0.2690598 0.9627983 -0.02502596 0.264967 0.9636719 -0.03360152 0.2608154 0.9644616 -0.04229933 0.2580975 0.9648826 -0.0488606 0.2566639 0.9652212 -0.04971528 0.2611188 0.9643633 -0.04266524 0.2655485 0.9635556 -0.0323199 0.2736033 0.9617162 -0.01559519 0.4461236 0.8193072 0.3601521 0.2841051 0.958767 0.007080495 0.2976815 0.9539603 0.03668373 0.3144342 0.9463852 0.0740689 0.1777428 0.9792948 -0.0968979 0.1840589 0.9779444 -0.09872829 0.1835698 0.9779404 -0.09967398 0.1560131 0.985031 -0.07330662 0.1710607 0.9818367 -0.08206641 0.1548244 0.9850409 -0.0756573 0.2085343 0.973333 -0.09558457 0.2096053 0.9733161 -0.09338849 0.2106141 0.973232 -0.09198534 0.2117426 0.973198 -0.08972656 0.2132039 0.9731203 -0.08706992 0.2144892 0.9730451 -0.08472138 0.2154346 0.972981 -0.08304256 0.2154622 0.9729983 -0.08276677 0.2150049 0.9730002 -0.08392667 0.214003 0.9730854 -0.08548521 0.2144554 0.9730606 -0.08462852 0.2158616 0.9730103 -0.08157753 0.2178463 0.9728924 -0.07761043 0.2202846 0.9727253 -0.07266521 0.2231248 0.9724896 -0.06692826 0.2256572 0.9722427 -0.06183141 0.2277002 0.9720215 -0.05768036 0.229745 0.9717777 -0.05352985 0.2319176 0.9714967 -0.0490753 0.2342314 0.9711676 -0.04437422 0.2366485 0.9707961 -0.03940069 0.2392048 0.9703695 -0.03411978 0.2418617 0.9698885 -0.02862662 0.2446691 0.9693379 -0.02282804 0.2475678 0.9687252 -0.01678526 0.2505925 0.9680361 -0.010468 0.253555 0.9673118 -0.004211664 0.2562698 0.9666042 0.001434385 0.2585613 0.965973 0.006500601 0.2613378 0.9651767 0.01168888 0.2636863 0.9644693 0.01638883 0.2641737 0.9643134 0.01767057 0.2622492 0.9648867 0.01480168 0.2603912 0.9654497 0.01016294 0.2584691 0.9660013 0.005951285 0.2561122 0.9666466 9.15558e-4 0.2533107 0.9673723 -0.004974603 0.250073 0.9681555 -0.01178032 0.2463796 0.9689772 -0.01950162 0.2422022 0.969816 -0.02819991 0.2375332 0.970642 -0.03784412 0.2327395 0.9713656 -0.04776257 0.2282834 0.9719439 -0.05667406 0.2284375 0.9719201 -0.05646079 0.2333502 0.9712754 -0.0466029 0.2400289 0.9702174 -0.03262436 0.2495248 0.9682824 -0.01290959 0.2620684 0.9649564 0.01339793 0.1841528 0.9827486 -0.01712125 0.229687 0.9725533 0.03720277 0.2128727 0.9770781 0.001922667 0.2775992 0.9595422 0.04709053 0.2620035 0.9630803 0.06189203 0.09021502 0.9946546 -0.05023473 0.09695774 0.9938398 -0.05368226 0.1671857 0.9818423 -0.08963572 0.1665406 0.9818484 -0.09076267 0.1102961 0.9921154 -0.05951225 0.0968365 0.9938483 -0.05374377 0.09732508 0.9938513 -0.05279785 0.1688944 0.98184 -0.08640044 0.1863779 0.9780035 -0.09366196 0.1875377 0.978004 -0.09131211 0.1887597 0.9780104 -0.08868807 0.1723707 0.9818236 -0.07944065 0.1903783 0.9779552 -0.08578926 0.1916889 0.9779156 -0.08328592 0.1937937 0.9777884 -0.0798369 0.1958118 0.9777163 -0.07568782 0.1959626 0.9777683 -0.07461899 0.1948035 0.9777718 -0.07754909 0.1962068 0.9777076 -0.07477158 0.1956245 0.9777563 -0.07565569 0.1948022 0.977765 -0.07764011 0.1948008 0.977758 -0.07773107 0.196209 0.9777187 -0.07461982 0.1981 0.9776211 -0.07080447 0.2005112 0.977469 -0.065952 0.2033185 0.9772537 -0.06030583 0.2058539 0.9770206 -0.05527079 0.2078641 0.9768179 -0.05118012 0.2098826 0.9765933 -0.04706102 0.2120446 0.976327 -0.04269576 0.2143331 0.9760202 -0.03802633 0.2167469 0.9756662 -0.03311324 0.2192786 0.9752634 -0.02789431 0.2219623 0.9747972 -0.02243119 0.22471 0.9742827 -0.01669377 0.227643 0.973686 -0.01068168 0.2306306 0.9730314 -0.004425227 0.2336207 0.9723262 0.001739561 0.2362767 0.9716582 0.007324516 0.2386879 0.9710185 0.01229906 0.2411348 0.9703379 0.01727402 0.243084 0.9697726 0.02124124 0.243327 0.969707 0.02145475 0.2412567 0.9703066 0.01733505 0.2386305 0.971033 0.01226872 0.2363702 0.9716355 0.007324576 0.2336565 0.9723178 0.001617491 0.2304498 0.9730714 -0.005005121 0.226787 0.9738628 -0.01260435 0.2226687 0.9746641 -0.02118039 0.2180007 0.9754638 -0.03076362 0.2128105 0.9762181 -0.04135352 0.2073779 0.9768581 -0.0523709 0.1992904 0.9776522 -0.06692862 0.2013949 0.97731 -0.06561583 0.2042018 0.9771534 -0.05893194 0.2099677 0.9765634 -0.04730373 0.2183301 0.9754053 -0.03027445 0.229503 0.9732822 -0.007080376 0.1078222 0.9920687 -0.06460791 0.1451788 0.9891206 -0.02374374 0.243942 0.9695118 0.0232253 -0.006836175 0.9962505 -0.08624565 0.1212208 0.9829509 0.1382504 0.1898894 0.9395898 0.2848037 0.1440821 0.9862653 -0.08075433 0.1361154 0.987814 -0.0754739 0.1523498 0.9849945 -0.08108842 0.1516188 0.9850035 -0.08234047 0.1529613 0.9850316 -0.07947146 0.1699017 0.9818413 -0.08438628 0.1926661 0.9778575 -0.08169919 0.1735945 0.9818406 -0.07651221 0.1749683 0.9817817 -0.07410132 0.1756055 0.9817616 -0.07284855 0.1767036 0.9817274 -0.07062035 0.17863 0.9815955 -0.06753939 0.1787532 0.981571 -0.06757032 0.1778669 0.9816557 -0.06866854 0.1779552 0.9816377 -0.06869781 0.176917 0.9817566 -0.06967419 0.1764301 0.9817035 -0.07162797 0.1768911 0.9816604 -0.07107996 0.1782032 0.9816288 -0.0681805 0.1800652 0.9815386 -0.06448775 0.1824425 0.981399 -0.05975615 0.1852229 0.9812023 -0.05417209 0.1876904 0.9809955 -0.04919624 0.1897084 0.9808011 -0.04516863 0.1917228 0.9805878 -0.04110956 0.1938584 0.98034 -0.0367757 0.1961438 0.9800475 -0.03216671 0.1985251 0.979716 -0.02728384 0.2010601 0.979329 -0.02212637 0.2037125 0.9788884 -0.01669371 0.2064933 0.9783864 -0.01098692 0.2093889 0.9778195 -0.005035579 0.2123814 0.9771862 0.00112915 0.215341 0.9765119 0.007263481 0.2179952 0.9758665 0.01275682 0.2203177 0.9752698 0.01757901 0.2225763 0.97466 0.02230948 0.2245892 0.974105 0.0260632 0.2242212 0.9742193 0.02493381 0.2222084 0.9747446 0.02227878 0.220776 0.9751498 0.01846408 0.2186987 0.9756906 0.01409971 0.2161627 0.9763181 0.008758783 0.2036241 0.9771636 -0.06073319 0.2131119 0.9770248 0.002441465 0.2095766 0.9777802 -0.004852533 0.2055158 0.9785655 -0.01315373 0.2009708 0.9793397 -0.0224623 0.1959047 0.980073 -0.03283894 0.1902274 0.9807409 -0.04428362 0.1843669 0.9812555 -0.0560944 0.1793608 0.9815559 -0.06616544 0.1759731 0.9816776 -0.07309323 0.1749072 0.9817509 -0.07465064 0.1782599 0.9815438 -0.069247 0.3280168 0.9150471 0.2347206 0.1823537 0.9813837 -0.06027591 0.1895865 0.980802 -0.04565697 0.1995972 0.9795522 -0.0252701 0.08450621 0.9933529 -0.07815837 0.0619536 0.9939435 -0.09076356 0.09576737 0.9938082 -0.05633735 0.1801514 0.9637477 0.1968146 0.1308658 0.9871094 0.09213709 0.1309557 0.9887752 -0.07193255 0.1228412 0.9901462 -0.06723457 0.1364185 0.9877675 -0.07553368 0.07172042 0.9966085 -0.0403465 0.06506621 0.9972042 -0.03674471 0.05826139 0.9977077 -0.03442579 0.1368768 0.9877714 -0.07464897 0.1373353 0.9877765 -0.07373374 0.1380079 0.9877551 -0.07275784 0.1108456 0.9921177 -0.0584442 0.1537872 0.9850442 -0.0777024 0.1133785 0.9921154 -0.05340844 0.1263474 0.9900876 -0.06134253 0.1123421 0.9921262 -0.05536228 0.1573573 0.9850091 -0.07068258 0.1587926 0.9849845 -0.06775313 0.16047 0.9849159 -0.06473124 0.1617183 0.9848673 -0.06231904 0.1625447 0.9848209 -0.0608856 0.1623021 0.9848608 -0.06088614 0.1616306 0.9848912 -0.06216794 0.1608375 0.9849236 -0.06369405 0.1600735 0.9849483 -0.06521964 0.160319 0.9849264 -0.06494551 0.1615661 0.9849 -0.06219714 0.1633991 0.9848202 -0.05856609 0.1657185 0.9846975 -0.05392718 0.1684659 0.9845184 -0.04840338 0.1709354 0.9843207 -0.04351967 0.1729198 0.9841414 -0.03955239 0.1749064 0.983944 -0.03552448 0.1770389 0.9837086 -0.03122061 0.1792971 0.9834334 -0.02667331 0.1816809 0.9831154 -0.0218212 0.1842131 0.9827446 -0.01669389 0.1868392 0.9823253 -0.01132261 0.1896173 0.9818416 -0.005707085 0.1924819 0.9813005 1.83113e-4 0.1954724 0.9806887 0.006347894 0.1984363 0.9800352 0.0124213 0.2010593 0.9794163 0.01785361 0.2032577 0.9788725 0.02224844 0.2046916 0.978473 0.02630746 0.2069836 0.9779074 0.02923768 0.2067679 0.9779282 0.03006142 0.2051782 0.9783735 0.02621567 0.2027408 0.9790034 0.02118051 0.2002679 0.9796097 0.01605314 0.1974263 0.9802649 0.01019328 0.1941015 0.9809759 0.003326535 0.1902534 0.9817247 -0.00451672 0.1858637 0.9824834 -0.01345908 0.1809494 0.9832124 -0.02346938 0.175485 0.9838758 -0.03454762 0.1693787 0.9844414 -0.04675459 0.1630644 0.9848263 -0.05939048 0.1575683 0.9849929 -0.07043725 0.1530227 0.9850343 -0.07931911 0.152718 0.9850372 -0.07986867 0.1569293 0.9850045 -0.07168936 0.1631544 0.9848169 -0.05929833 0.1721263 0.9842027 -0.04144459 0.199837 0.9797142 0.01501524 0.0634492 0.9946178 0.08191329 0.09061241 0.9790658 0.1822625 0.1153305 0.9912812 -0.06372326 0.1091677 0.992123 -0.0614354 0.1226557 0.9900963 -0.06830143 0.05810773 0.9977198 -0.03433358 0.1235731 0.9901109 -0.06641024 0.1230837 0.9901017 -0.06744724 0.1244565 0.9900974 -0.06494438 0.138589 0.9877938 -0.07111036 0.1395939 0.9877781 -0.06933915 0.1406612 0.9877724 -0.06723296 0.1418841 0.9877566 -0.06485342 0.1432278 0.9877315 -0.06222915 0.1444166 0.987722 -0.05957335 0.1464285 0.987614 -0.05636793 0.1472237 0.9875953 -0.05459851 0.1470732 0.9876092 -0.05475187 0.1463074 0.9876511 -0.05603259 0.1454527 0.9876807 -0.05771106 0.1446586 0.987707 -0.05923676 0.1444448 0.9877364 -0.05926722 0.1457275 0.9877125 -0.05645984 0.1476505 0.9876228 -0.0529198 0.1499071 0.9875192 -0.04831081 0.1525028 0.9873777 -0.04275691 0.1553124 0.987145 -0.03772175 0.1570523 0.9869943 -0.03430366 0.1591596 0.9867895 -0.03024488 0.1612939 0.9865638 -0.02600234 0.1635493 0.9863012 -0.02148509 0.1659002 0.9860013 -0.01669377 0.1684052 0.9856497 -0.01159727 0.1710583 0.9852411 -0.006256341 0.1738044 0.98478 -6.71413e-4 0.1766776 0.9842553 0.005157768 0.1796957 0.9836575 0.01129198 0.182628 0.9830298 0.01730448 0.1852482 0.9824259 0.02285844 0.1882122 0.9817129 0.028566 0.1904073 0.9811517 0.03296035 0.1907445 0.9810677 0.03350996 0.1885154 0.9816414 0.02902346 0.1855864 0.9823477 0.02346915 0.1830202 0.9829443 0.01800596 0.179942 0.9836078 0.01168888 0.1763371 0.9843203 0.004333615 0.1722168 0.9850507 -0.004058957 0.1675207 0.985775 -0.01358109 0.1622718 0.9864494 -0.02420186 0.1564386 0.9870343 -0.03592044 0.150002 0.9874806 -0.04880023 0.1432881 0.9877266 -0.06216776 0.1372121 0.9877686 -0.0740689 0.1292481 0.9876875 -0.08813893 0.1294006 0.9876866 -0.08792525 0.1342542 0.9876337 -0.08096754 0.1385282 0.9877648 -0.07162934 0.1867787 0.9716154 0.1451807 0.1496965 0.9865625 0.0654636 0.1464912 0.9876255 -0.05600237 0.0712313 0.9948273 -0.07242155 0.03939956 0.9939008 -0.1030004 0.1046815 0.992796 -0.05829203 0.1093798 0.9921092 -0.06128197 0.1097771 0.9921141 -0.06048876 0.1253716 0.9900946 -0.06320464 0.1274788 0.9900745 -0.05917674 0.1450887 0.9876965 -0.05835288 0.1287274 0.990054 -0.0567646 0.1298872 0.9900546 -0.05404847 0.1310176 0.9900327 -0.05166846 0.1326657 0.9899724 -0.04852503 0.1329401 0.98994 -0.04843342 0.1319039 0.990012 -0.04977679 0.1318749 0.9899927 -0.05023515 0.1308643 0.9900274 -0.05215644 0.1299493 0.990063 -0.05374372 0.1307117 0.9899973 -0.05310255 0.1321182 0.9899864 -0.04971599 0.134224 0.9898944 -0.04574847 0.1368163 0.9897595 -0.04071223 0.1396871 0.9895908 -0.03460896 0.1422188 0.989398 -0.02942037 0.1443238 0.9892087 -0.0252391 0.14643 0.9889975 -0.02102756 0.1486275 0.9887549 -0.0165413 0.1510099 0.9884621 -0.01178044 0.1535121 0.9881238 -0.006744742 0.1561332 0.987735 -0.001434326 0.1588818 0.9872892 0.004089534 0.1617524 0.9867815 0.009918749 0.1647392 0.9862076 0.01599168 0.1676692 0.9855985 0.02197337 0.1703863 0.9849937 0.02749741 0.1731666 0.9843399 0.03299134 0.1753647 0.9837946 0.03735578 0.1749678 0.9838848 0.03683692 0.1734092 0.9842394 0.03466963 0.1716393 0.9846984 0.03015285 0.1695342 0.9851909 0.02563613 0.1667264 0.9858012 0.01995956 0.1634294 0.9864666 0.0132147 0.1595842 0.9871696 0.005401849 0.1551905 0.9878785 -0.003479182 0.1335532 0.9876405 -0.08203631 0.150213 0.9885612 -0.01351976 0.1446588 0.9891736 -0.02468961 0.1384953 0.989671 -0.03701955 0.1317189 0.989998 -0.05053901 0.1246397 0.9900984 -0.06457823 0.1182623 0.9899854 -0.07709175 0.1134392 0.9897626 -0.08661299 0.1100808 0.9895372 -0.09326499 0.1105095 0.9895809 -0.09228962 0.1155762 0.9898595 -0.08258491 0.1052286 0.994087 0.02679544 0.1223511 0.9900704 -0.06921732 0.01742613 0.9932908 -0.1143229 -0.002716183 0.9922978 -0.1238464 0.02270579 0.9946008 -0.1012607 -0.08902519 0.9863577 -0.1384667 -0.0808745 0.9857231 -0.1476799 -0.1125541 0.9801185 -0.1633989 0.03341871 0.9992354 -0.02029538 0.02136296 0.9996663 -0.01452684 0.02172929 0.9996697 -0.01373338 0.1117011 0.9920948 -0.05719333 0.07413017 0.9966531 -0.03445571 0.08664292 0.9953411 -0.04229909 0.07327634 0.9966624 -0.03598201 0.09979707 0.9938505 -0.04797583 0.1008035 0.9938442 -0.04596126 0.1145063 0.9921034 -0.05117988 0.1159126 0.9920629 -0.04873943 0.1171643 0.9920356 -0.04623699 0.1182598 0.9919785 -0.04464876 0.1184445 0.9920225 -0.04315394 0.1187815 0.9920333 -0.04196417 0.1189921 0.992008 -0.0419631 0.1185678 0.9920025 -0.04327648 0.117011 0.9920608 -0.04608416 0.1181682 0.9919784 -0.0448929 0.1160961 0.9920669 -0.04822081 0.1162762 0.9920709 -0.0477007 0.1178659 0.9920335 -0.04446673 0.1198791 0.9919633 -0.04046833 0.1224129 0.9918466 -0.03543287 0.1253097 0.9916741 -0.02966415 0.1300131 0.991304 -0.02032595 0.1320865 0.9911068 -0.01614457 0.1343153 0.9908694 -0.0117194 0.136665 0.9905927 -0.006988883 0.1391648 0.9902672 -0.002014219 0.1279367 0.9914795 -0.02450692 0.1417624 0.9898955 0.003235042 0.1444788 0.9894694 0.008728504 0.1473472 0.9889782 0.01452714 0.1503369 0.9884209 0.0205698 0.153265 0.9878301 0.02649021 0.1559503 0.9872481 0.03195303 0.1585457 0.9866459 0.0373246 0.1606832 0.9861648 0.04074299 0.1583958 0.9866929 0.03671485 0.1607722 0.9861184 0.04150533 0.1566529 0.9870996 0.03308236 0.1540611 0.9876641 0.02801662 0.151071 0.9882794 0.02194344 0.1475601 0.9889424 0.01480174 0.1434689 0.9896332 0.006561517 0.1388311 0.9903122 -0.002777218 0.1336112 0.9909446 -0.01330614 0.1277512 0.9914913 -0.02499479 0.1212822 0.9918953 -0.03787392 0.1141703 0.9921008 -0.05197328 0.106725 0.992052 -0.06665354 0.1000107 0.9917758 -0.07986819 0.09473043 0.9914042 -0.09024417 0.09030503 0.9910054 -0.09875869 0.09015256 0.990946 -0.09949135 0.05130225 0.9924444 -0.111455 0.0305801 0.9924203 -0.1190245 0.05557465 0.9931118 -0.1031535 0.1194499 0.9919774 -0.0413832 0.07965356 0.9957919 -0.04532009 0.08450758 0.9953524 -0.04617547 0.09790533 0.9938552 -0.0516383 0.09879034 0.9938549 -0.04992926 0.1019342 0.993828 -0.04376453 0.1030005 0.9938099 -0.04162746 0.1046499 0.9937618 -0.03854554 0.105565 0.9937276 -0.03689736 0.1054444 0.9937416 -0.03686738 0.1046189 0.993758 -0.03872853 0.1033689 0.9938008 -0.04092639 0.1024515 0.9938134 -0.04287886 0.1025437 0.9938197 -0.04251289 0.1041 0.9937874 -0.03936934 0.1060836 0.9937258 -0.03543239 0.1085577 0.9936216 -0.03051942 0.111456 0.9934604 -0.02478152 0.1140204 0.993284 -0.01965445 0.116094 0.9931167 -0.0155341 0.1181687 0.9929283 -0.01138347 0.1203986 0.9927011 -0.006988883 0.1227159 0.9924392 -0.002319395 0.1251873 0.9921297 0.002624571 0.1277824 0.9917712 0.007843315 0.1305006 0.991359 0.01330637 0.133367 0.9908832 0.0190742 0.1363291 0.9903468 0.02505618 0.1392596 0.9897722 0.03094655 0.1419441 0.9892139 0.03616505 0.1463404 0.9882481 0.04416149 0.1438072 0.9887967 0.04001086 0.1443845 0.9886572 0.04135298 0.1465545 0.9881597 0.04541295 0.1417914 0.9892436 0.03595137 0.1390142 0.9898238 0.03039693 0.1358709 0.9904361 0.023988 0.1321458 0.9910933 0.01648002 0.1278425 0.9917636 0.007843255 0.1229602 0.9924098 -0.001953184 0.1174671 0.9929926 -0.01293998 0.1113647 0.9934622 -0.02511733 0.1046198 0.9937663 -0.03851521 0.09720224 0.9938438 -0.05316364 0.08945119 0.9936381 -0.06842362 0.08236968 0.9931972 -0.08230865 0.07660335 0.9926699 -0.09348052 0.06863647 0.9918873 -0.1069985 0.06906473 0.9918409 -0.1071526 0.01254343 0.9922143 -0.1239085 0.03518873 0.9930672 -0.1121584 0.07703125 0.9927082 -0.09271824 -0.02539205 0.9903213 -0.1364519 -0.009063959 0.9929524 -0.1181679 0.04098695 0.9991 0.01092576 -4.5779e-4 0.9999956 -0.002929806 -0.001709043 0.999994 -0.003021359 0.009552359 0.9999215 -0.008117973 0.07123219 0.9966409 -0.04040765 0.07147556 0.9966603 -0.03949159 0.08511793 0.9953522 -0.04504626 0.05975574 0.99772 -0.03137326 0.04687726 0.9985841 -0.02514767 0.06030505 0.99772 -0.03030514 0.0857284 0.9953529 -0.04385602 0.08746773 0.99535 -0.0403462 0.08850443 0.9953392 -0.03830105 0.1036127 0.9937967 -0.04040741 0.08957195 0.9953325 -0.03592032 0.09079349 0.9952799 -0.03427261 0.09115928 0.9953059 -0.03250235 0.09204673 0.9952708 -0.03103828 0.09259438 0.995222 -0.03097665 0.09161889 0.9952647 -0.03247249 0.09033721 0.995297 -0.03497517 0.08890312 0.9953305 -0.03759992 0.08902513 0.9953299 -0.0373252 0.09051829 0.995305 -0.03427243 0.09247207 0.9952503 -0.03042727 0.09491342 0.995157 -0.02557474 0.09778267 0.995009 -0.01989829 0.1003479 0.9948418 -0.01483243 0.1023923 0.9946858 -0.0107733 0.1044346 0.9945095 -0.00665301 0.1066319 0.994296 -0.002288877 0.1089539 0.9940442 0.002319455 0.1114234 0.9937466 0.007263422 0.1140198 0.9934008 0.0124213 0.1167358 0.993002 0.01788419 0.1195741 0.992545 0.02359127 0.1225343 0.9920245 0.0295425 0.1254332 0.9914714 0.03537154 0.1279662 0.9909526 0.04046821 0.1300424 0.9905012 0.04468011 0.1318746 0.9900825 0.04843437 0.132147 0.9900343 0.04867768 0.1300742 0.9905108 0.04437536 0.1269877 0.9911515 0.0386365 0.124212 0.9917122 0.03283834 0.1208553 0.9923264 0.02612429 0.1169794 0.9929667 0.01825034 0.1124632 0.9936132 0.009216785 0.107366 0.9942191 -9.7661e-4 0.1016291 0.9947452 -0.01239079 0.0731849 0.9922078 -0.1008352 0.09528052 0.9951352 -0.02505612 0.08825987 0.9953349 -0.03897225 0.0805695 0.9952776 -0.05414026 0.07251256 0.9949117 -0.06994897 0.06509637 0.9942995 -0.08444523 0.05908459 0.9936044 -0.09622609 0.05450636 0.9929565 -0.1051979 0.05105823 0.9924158 -0.1118215 0.07956224 0.9965272 -0.02456754 0.06216686 0.9980272 -0.00878942 0.08423155 0.9952446 0.0489214 -0.1373664 0.9747802 -0.1758816 -0.1227468 0.9798693 -0.1574468 0.05237132 0.9981076 -0.03222846 0.04526025 0.9985942 -0.02758949 0.05856549 0.9977201 -0.03354012 0.05917578 0.9977184 -0.03250241 0.07205551 0.9966615 -0.03839296 0.07275694 0.9966545 -0.03723299 0.0750454 0.9966483 -0.03256338 0.07632696 0.9966148 -0.03054904 0.07760894 0.9965868 -0.02813816 0.07867717 0.9965578 -0.026124 0.0791673 0.9965502 -0.02490383 0.078372 0.9965882 -0.02587985 0.07904374 0.9965616 -0.02484232 0.07709127 0.996632 -0.02795547 0.07608413 0.9966324 -0.03058016 0.07544249 0.9966223 -0.03244149 0.0755344 0.9966272 -0.0320754 0.07690888 0.9966111 -0.02917653 0.07883042 0.9965654 -0.02536123 0.08124202 0.9964816 -0.02060043 0.0840792 0.9963464 -0.01498466 0.08664238 0.9961896 -0.009979546 0.08865731 0.9960446 -0.005920648 0.09070342 0.9958762 -0.001861631 0.09286862 0.9956754 0.002441465 0.09518837 0.9954344 0.007049858 0.09762907 0.9951514 0.01193273 0.1002234 0.9948182 0.01709043 0.1029106 0.9944363 0.02249258 0.1057473 0.993994 0.02816873 0.1087091 0.993489 0.0340898 0.1115763 0.9929562 0.03985738 0.114081 0.9924566 0.04489386 0.1161558 0.9920239 0.04895263 0.1180493 0.991608 0.05270707 0.1177717 0.991675 0.05206489 0.1163385 0.9919292 0.05041742 0.1145681 0.9923545 0.04590046 0.1123402 0.9928116 0.04129207 0.109411 0.9933661 0.03540211 0.1059009 0.9939733 0.02832162 0.1017798 0.9946037 0.02011179 0.09708034 0.9952189 0.01071208 0.0917409 0.995783 9.15578e-5 0.08582025 0.9962413 -0.01174992 0.07919776 0.9965494 -0.02484273 0.07193398 0.9966381 -0.03921729 0.06396752 0.9964406 -0.05490338 0.05563658 0.9959048 -0.07126247 0.04791516 0.9951103 -0.08636945 0.04153591 0.9942381 -0.09881955 0.03647071 0.9934076 -0.1086797 0.03207528 0.9925948 -0.1171618 0.01263499 0.9987788 -0.04776287 -0.04348921 0.9887475 -0.1431331 -0.06393772 0.986289 -0.1521382 0.04828089 0.9951297 -0.08594119 -0.1514049 0.9718484 -0.1805201 -0.05649125 0.9981037 -0.02444595 -0.01391661 0.9968725 0.07779288 0.04074341 0.9988698 -0.02447652 0.03329581 0.9992414 -0.02020329 0.04553413 0.9985775 -0.02774161 0.04577875 0.9985873 -0.0269789 0.04626697 0.9985859 -0.02618539 0.0611 0.9977132 -0.02890193 0.06210613 0.9976965 -0.02728396 0.06311231 0.9976819 -0.02545243 0.06369268 0.9976893 -0.02365201 0.06415104 0.9976989 -0.02194321 0.06491345 0.9976896 -0.02005082 0.06583034 0.9976486 -0.01907461 0.06573885 0.9976505 -0.0192883 0.06460845 0.9976924 -0.02087485 0.06302082 0.9977135 -0.02441483 0.06430399 0.9976734 -0.02264523 0.06198334 0.9977159 -0.02685642 0.06195265 0.9977128 -0.0270394 0.06332737 0.9977038 -0.02401858 0.06521898 0.9976646 -0.02029508 0.06762903 0.9975897 -0.01553392 0.07040625 0.9974682 -0.01001006 0.07290953 0.9973257 -0.005066096 0.07495528 0.9971864 -0.001037597 0.0769692 0.9970291 0.002960324 0.07913541 0.9968377 0.007232964 0.0814256 0.9966095 0.01181095 0.08386743 0.9963377 0.01666361 0.08642995 0.9960197 0.02179056 0.08911544 0.9956518 0.02713137 0.09192335 0.9952266 0.03277742 0.09488373 0.9947383 0.0386371 0.09775257 0.9942196 0.04440522 0.1002255 0.9937402 0.04934972 0.1022082 0.9933332 0.05331671 0.1040388 0.9929625 0.05658197 0.1039462 0.9929826 0.05639827 0.1022085 0.9933365 0.05325585 0.1001927 0.9937481 0.04925704 0.0976929 0.9942336 0.04422271 0.094608 0.9947881 0.03802627 0.09094721 0.9953842 0.03064125 0.08664393 0.9959937 0.02212637 0.08176106 0.9965758 0.01232975 0.07620632 0.9970912 0.001312315 0.07001084 0.9974867 -0.01089531 0.06317472 0.9977031 -0.02444583 0.05566716 0.9976753 -0.03930878 0.04745715 0.9973328 -0.05545312 0.03885048 0.9966238 -0.07232969 0.03085434 0.9956411 -0.08801579 0.02414041 0.9945793 -0.1011395 0.01861679 0.9935572 -0.1117923 0.009796679 0.9920304 -0.1256175 0.02655166 0.9995029 -0.01699912 0.02096629 0.9996684 -0.01495409 0.03302186 0.9992328 -0.02105832 0.04742687 0.9985895 -0.02386599 0.04815924 0.998587 -0.02246206 0.04889154 0.9985841 -0.02096658 0.04953277 0.9985904 -0.01907449 0.05078405 0.9985603 -0.0172739 0.05194377 0.9985297 -0.01550376 0.0527364 0.9985133 -0.01379448 0.05249273 0.9985227 -0.01403874 0.05175971 0.9985421 -0.01532036 0.05084508 0.9985603 -0.01709079 0.04983711 0.9985741 -0.01913523 0.04858642 0.998586 -0.021577 0.0486167 0.9985812 -0.02172946 0.04992866 0.9985736 -0.01892161 0.05179023 0.9985424 -0.01519829 0.05413997 0.9984775 -0.01055943 0.05691778 0.9983661 -0.005066096 0.05938929 0.9982349 -1.52593e-4 0.06140494 0.9981058 0.003784358 0.06341755 0.9979571 0.007751703 0.06558442 0.9977747 0.01202428 0.06784468 0.9975584 0.01657205 0.07028514 0.9972981 0.02136325 0.07281827 0.9969942 0.02645993 0.07550477 0.9966391 0.03177058 0.0783115 0.9962289 0.03735512 0.08411043 0.9952564 0.04889148 0.08655154 0.9947934 0.05380475 0.08853566 0.9944015 0.05768096 0.08124279 0.9957584 0.04318499 0.09003049 0.9940894 0.06067138 0.08975553 0.9941475 0.06012189 0.0880782 0.9944965 0.05673503 0.08591109 0.9949206 0.05246222 0.08328634 0.9954081 0.04718238 0.08005148 0.995959 0.04071241 0.0762065 0.9965442 0.03305226 0.07175105 0.9971297 0.02417135 0.0666542 0.997677 0.01406937 0.06091684 0.9981393 0.002685666 0.05453759 0.9984623 -0.009949207 0.04745727 0.9985874 -0.02389651 0.01529014 0.9927918 -0.1188725 0.03970575 0.9984428 -0.03918689 0.03125178 0.9979516 -0.0558198 0.02240115 0.9970668 -0.07318538 0.01413023 0.9958938 -0.08942043 0.007080316 0.9946371 -0.1031839 0.001342833 0.9934319 -0.1144166 -0.003112971 0.9923686 -0.1232678 -0.006988942 0.9913954 -0.130715 -0.04437398 0.9885886 -0.1439561 -0.06415122 0.9863175 -0.1518632 -0.03405922 0.9960197 -0.08237087 -0.007355034 0.9995284 -0.02981704 -0.008423209 0.9912553 -0.1316892 -0.07687771 0.9850661 -0.1540606 -0.05237013 0.9964678 -0.06564581 0.0070194 0.9995381 0.0295732 0.01699918 0.999781 -0.01220768 -0.06708025 0.997262 0.03112912 -0.06631678 0.9973158 0.03103733 -0.05835223 0.9979397 0.02667355 0.03384596 0.999235 -0.01959341 0.03430283 0.9992387 -0.0185858 0.03488272 0.9992395 -0.01742607 0.03555411 0.9992384 -0.01608324 5.1883e-4 0.9999992 0.001190245 0.01147508 0.9999205 -0.005249202 -1.83117e-4 1 6.10389e-5 0.03644007 0.9992339 -0.014283 0.03744679 0.9992223 -0.01236015 0.03820943 0.9992137 -0.01058995 0.03930813 0.9991833 -0.009369194 0.03979617 0.9991781 -0.007721185 0.03994965 0.9991692 -0.008057057 0.03885084 0.9991962 -0.009888172 0.03793466 0.9992112 -0.01174968 0.03686696 0.9992242 -0.01385563 0.03561598 0.9992317 -0.01635831 0.03558534 0.9992288 -0.01660239 0.03866785 0.9991996 -0.01025444 0.041018 0.9991427 -0.005615532 0.04376435 0.9990419 -2.13634e-4 0.04620593 0.9989213 0.004608333 0.04822021 0.9988002 0.008545339 0.05020308 0.9986608 0.01251262 0.05233997 0.9984889 0.01675486 0.0546292 0.9982808 0.0212413 0.05700963 0.998035 0.02600222 0.05957388 0.9977412 0.03103822 0.06222879 0.997401 0.03631794 0.06500619 0.997006 0.0418725 0.06793606 0.9965487 0.04770171 0.07080507 0.9960626 0.05334794 0.07321482 0.9956184 0.058169 0.07513713 0.9952468 0.061953 0.07623696 0.9950181 0.06424295 0.07657313 0.9949625 0.06470108 0.07428395 0.9954176 0.06021457 0.07199531 0.9958487 0.05569791 0.06921815 0.9963391 0.05017399 0.06583029 0.9968853 0.04342907 0.06183165 0.9974554 0.03549367 0.05722385 0.9980147 0.0263077 0.05197393 0.9985224 0.01586985 0.04605376 0.9989303 0.004150629 0.03946065 0.999182 -0.008850395 0.03219717 0.9992117 -0.02322465 0.02423208 0.9989489 -0.03891175 0.01553422 0.9983115 -0.05597209 0.006470084 0.9972525 -0.07379591 -0.002044737 0.9958899 -0.09054929 -0.009369373 0.9944361 -0.1049248 -0.01544266 0.9930322 -0.1168273 -0.0204479 0.9917555 -0.1265025 -0.0280472 0.9899231 -0.1388016 -0.1224713 0.989476 -0.07705962 -0.1678869 0.9717668 -0.1657811 -0.1417629 0.978149 -0.1520785 -0.1760643 0.9673011 -0.1825649 0.02105838 0.9996632 -0.01516813 0.00979644 0.9999126 -0.008880913 0.009765982 0.9999192 -0.008148491 -0.01196342 0.9999228 0.00338757 -8.54542e-4 0.9999977 -0.001983702 -0.01220756 0.9999218 0.002716183 0.02209556 0.9996729 -0.01287889 0.02255344 0.9996766 -0.01174974 0.02322483 0.9996749 -0.01052898 0.02404868 0.9996684 -0.009216606 0.02499526 0.999659 -0.007568776 0.0255751 0.9996575 -0.005554497 0.02639877 0.9996458 -0.00338757 0.02749758 0.9996199 -0.002044737 0.0276196 0.9996158 -0.002349913 0.02679526 0.9996361 -0.00314337 0.02630716 0.9996429 -0.004699885 0.02539193 0.9996563 -0.006531059 0.02432328 0.9996669 -0.008636713 0.02301108 0.9996718 -0.0112614 0.02291953 0.9996704 -0.01156657 0.02414023 0.999669 -0.00891143 0.02594113 0.9996491 -0.005371332 0.02826088 0.9996003 -8.24022e-4 0.03097712 0.9995098 0.004547357 0.03341799 0.9993979 0.009338736 0.03540205 0.9992855 0.01324522 0.03738546 0.9991537 0.01715153 0.03949207 0.9989915 0.02136355 0.04174995 0.9987945 0.025819 0.04416126 0.9985572 0.0305497 0.04666358 0.9982777 0.03555464 0.04931908 0.9979493 0.0408042 0.05209553 0.997567 0.04632747 0.05499583 0.9971282 0.05206596 0.05783343 0.9966586 0.05768084 0.0602442 0.9962269 0.06247204 0.06210666 0.9958739 0.06616574 0.06347864 0.9956076 0.0688194 0.06338739 0.9956741 0.06793469 0.06085526 0.9961163 0.06363254 0.05847525 0.9965514 0.05887198 0.0555759 0.9970397 0.05313432 0.05206543 0.9975757 0.0461753 0.04794555 0.9981282 0.03796577 0.04315334 0.9986618 0.02850437 0.03772145 0.9991305 0.017762 0.03161722 0.9994838 0.005706965 0.02487325 0.9996613 -0.007660329 0.01739597 0.9995984 -0.02237063 0.009247183 0.9992164 -0.03848421 -0.02340793 0.9908559 -0.1328791 3.96749e-4 0.998434 -0.05594158 -0.008850455 0.9972048 -0.07419139 -0.01764005 0.9956576 -0.09140491 -0.02520889 0.9940115 -0.106329 -0.03161817 0.9924023 -0.1189039 -0.03686743 0.9909346 -0.1291886 -0.04095607 0.9896904 -0.1372425 -0.07526046 0.99096 -0.1110595 -0.01336747 0.9999076 0.002472043 -0.001525938 0.9999945 -0.002960324 0.01007121 0.9999243 -0.007080376 0.01089519 0.9999198 -0.006469964 0.01208543 0.9999193 -0.003936886 0.01303142 0.9999119 -0.002563536 0.01382523 0.9999039 -0.001098692 0.0149542 0.999888 7.32452e-4 0.0157479 0.9998726 0.00262463 0.01556485 0.9998746 0.002929806 0.01507622 0.9998844 0.002014219 0.01425242 0.9998984 4.27268e-4 0.01330608 0.9999105 -0.001464843 0.01217699 0.9999192 -0.003662228 0.01083415 0.9999215 -0.006317377 0.0107426 0.9999198 -0.006714105 0.01193284 0.9999204 -0.004119992 0.01370316 0.999906 -6.10387e-4 0.01599192 0.9998647 0.003875911 0.01864731 0.9997842 0.009155809 0.0210886 0.9996808 0.01391667 0.02304154 0.9995762 0.01779234 0.02502518 0.9994514 0.02169865 0.02713173 0.9992976 0.02584993 0.02939003 0.9991095 0.0302751 0.03173965 0.9988842 0.03497463 0.03424239 0.9986149 0.03994947 0.03689712 0.9982979 0.04516768 0.03967422 0.9979292 0.05063039 0.04254305 0.9975033 0.05636799 0.04535096 0.9970501 0.06192266 0.04776239 0.9966324 0.06665372 0.04950118 0.996311 0.07010126 0.05096703 0.9960243 0.07306289 0.05020421 0.9962108 0.07101839 0.04782408 0.9966151 0.06686824 0.04544335 0.9970383 0.06204593 0.04245233 0.9975243 0.056064 0.03881961 0.9980494 0.04889076 0.03454756 0.9985847 0.04043775 0.02963358 0.9990893 0.03070175 0.02404868 0.999517 0.01968449 0.01779276 0.9998149 0.007324635 0.01083415 0.9999212 -0.006347894 0.003204464 0.9997654 -0.02142417 -0.005096554 0.9992696 -0.0378735 -0.01413041 0.998346 -0.05572813 -0.02359086 0.9969515 -0.07437384 -0.03256368 0.9952223 -0.09204506 -0.04040694 0.9933883 -0.1074568 -0.04709029 0.9915825 -0.1206098 -0.1182617 0.9781694 -0.1708767 -0.09595257 0.9820799 -0.1622099 -0.05267518 0.9899029 -0.1315964 -0.05719321 0.9884302 -0.1404805 -0.05060124 0.9920657 -0.1150889 -0.1405724 0.9737219 -0.1791794 -0.1265014 0.9766701 -0.1735312 -4.27272e-4 0.9999992 -0.001220762 0.001190245 0.9999956 0.002716183 0.002075254 0.9999881 0.004425227 0.003051817 0.9999746 0.006439387 0.003875911 0.9999608 0.007965505 0.004120051 0.9999591 0.008056998 0.003570735 0.999969 0.00701946 0.002716124 0.9999819 0.005371272 0.001709043 0.9999929 0.003387629 5.79869e-4 0.9999993 0.001129209 -6.40907e-4 0.9999985 -0.001648008 -0.001312315 0.9999969 -0.002136349 -3.05194e-5 0.9999999 5.4935e-4 0.001831114 0.9999905 0.003967463 0.006622493 0.9998821 0.01385545 0.009369373 0.9997795 0.01879984 0.01110905 0.9996942 0.02209603 0.004028499 0.9999563 0.008453726 0.01318395 0.9995735 0.02606278 0.01528984 0.9994274 0.03018301 0.0175178 0.9992485 0.03457784 0.01986771 0.9990321 0.03924709 0.02237057 0.9987726 0.04419183 0.02499526 0.9984688 0.04934966 0.02777189 0.9981105 0.05481135 0.03064113 0.9976986 0.06048876 0.03344839 0.9972581 0.06601184 0.0358293 0.9968422 0.07086509 0.03845417 0.9964222 0.0752604 0.03845435 0.9963033 0.07681709 0.03735482 0.9965873 0.07361102 0.03549391 0.9969124 0.07004171 0.03302162 0.9973325 0.06509715 0.02990841 0.9978121 0.05896228 0.02615445 0.9983266 0.05157649 0.02175974 0.9988434 0.04287862 0.01672446 0.9993187 0.03289961 0.01098674 0.9997062 0.02160733 0.004577815 0.9999493 0.008972525 -0.002471983 0.9999845 -0.005005061 -0.01025432 0.9997397 -0.02038663 -0.0187692 0.9991338 -0.03714168 -0.02795577 0.9980767 -0.0553317 -0.05990839 0.9874054 -0.1464292 -0.0375989 0.9965237 -0.07434326 -0.04675531 0.9946197 -0.09244257 -0.05478191 0.9926064 -0.1083126 -0.06170892 0.9906083 -0.122014 -0.07919722 0.9844875 -0.1565634 -0.06756931 0.9887276 -0.1336126 -0.07239151 0.9870521 -0.143135 -0.076146 0.9856559 -0.1506134 -0.1962359 0.9619527 -0.1901016 -0.1894955 0.9660335 -0.1757007 -0.02545297 0.9996257 0.01004081 -0.03292953 0.9993613 0.01388591 -0.02273666 0.999712 0.007690787 -0.04986774 0.9984852 0.02325534 -0.04046833 0.9990136 0.01828092 -0.05002069 0.9984915 0.02264511 -0.01095634 0.9999288 0.004730463 -0.009582996 0.9999288 0.007110953 -0.008819997 0.9999251 0.008484244 -0.008026421 0.999918 0.009979605 -0.008087575 0.9999054 0.01113951 -0.00689733 0.9999014 0.0122382 -0.006836175 0.9998874 0.01336723 -0.006836235 0.999895 0.01278746 -0.007385611 0.9999031 0.01181095 -0.008270561 0.9999151 0.01007115 -0.009308278 0.9999243 0.008056998 -0.01043748 0.9999284 0.005859613 -0.01248222 0.9999207 0.001709043 -0.01141411 0.9999266 0.004089534 -0.01171928 0.9999263 0.003173947 -0.01019334 0.9999275 0.006408989 -0.008178949 0.9999135 0.01031529 -0.005676507 0.9998676 0.01525956 -0.00262463 0.999771 0.02124118 0 0.9996563 0.02621597 0.001922667 0.9995407 0.0302447 0.003997921 0.9994015 0.03436422 0.006195366 0.9992306 0.03872889 0.008575916 0.9990224 0.04336804 0.01104795 0.9987727 0.04828143 0.01367235 0.9984793 0.05340766 0.01638883 0.9981328 0.0588411 0.0192576 0.9977347 0.06445658 0.02206534 0.9973065 0.06994998 0.02450656 0.9968973 0.07480162 0.0267347 0.9965102 0.07907503 0.02722334 0.9964311 0.07990002 0.02569705 0.9966928 0.07709121 0.02371352 0.9970364 0.07318538 0.02114963 0.9974531 0.06811845 0.01791441 0.9979279 0.06180012 0.01409977 0.9984306 0.05420178 0.009582996 0.9989266 0.0453211 0.00439471 0.9993732 0.03512728 -0.001403868 0.9997207 0.02359139 -0.007934808 0.9999116 0.0106815 -0.01516771 0.9998788 -0.003540098 -0.02310264 0.9995482 -0.01922672 -0.03174006 0.9988362 -0.03631794 -0.04107922 0.9976513 -0.05481296 -0.05087465 0.9959478 -0.07416045 -0.06018334 0.9938806 -0.09262502 -0.06839376 0.9916945 -0.1089234 -0.1439909 0.973663 -0.1767688 -0.07556456 0.9895117 -0.1231129 -0.08169853 0.9874322 -0.1352893 -0.08679604 0.9855505 -0.1454536 -0.0909776 0.983907 -0.153786 -0.1576011 0.9701744 -0.1841832 -0.08853602 0.9960228 0.01001024 -0.1691682 0.9796075 -0.1084044 -0.02046078 0.9997783 0.004958033 -0.0223096 0.9997213 0.007721364 -0.0217598 0.9997308 0.008056879 -0.03210586 0.9994019 0.01284843 -0.02154612 0.9997287 0.008850395 -0.02169907 0.9997157 0.009888172 -0.01977658 0.999725 0.01260447 -0.01953214 0.9997107 0.01403874 -0.01861661 0.9997121 0.01513743 -0.01773148 0.9997085 0.01638865 -0.01712089 0.9996984 0.01760923 -0.01712089 0.9996978 0.01763975 -0.01770102 0.9997115 0.01623606 -0.01867783 0.9997218 0.01440507 -0.01986807 0.9997239 0.01254343 -0.02090519 0.9997286 0.01028472 -0.02267569 0.9997152 0.007446646 -0.02261483 0.9997233 0.006470084 -0.02136307 0.9997313 0.009002983 -0.01977598 0.9997274 0.01242101 -0.0175178 0.9997062 0.0167548 -0.01474064 0.9996506 0.02194315 -0.01260429 0.9995574 0.02694821 -0.0107733 0.9994762 0.03051924 -0.008850455 0.9993713 0.0343337 -0.006775081 0.9992398 0.03839236 -0.004577875 0.9990764 0.04272687 -0.002227842 0.9988766 0.04733443 2.13632e-4 0.9986374 0.0521872 0.002807736 0.9983522 0.05731552 0.005554497 0.9980178 0.06268703 0.008392632 0.9976295 0.06830108 0.01116997 0.9972131 0.07376474 0.01361149 0.9968168 0.07855629 0.01577842 0.9964516 0.08267647 0.01617515 0.9963918 0.08331745 0.01452708 0.9966628 0.08032631 0.0124824 0.9970093 0.07626807 0.009827136 0.9974245 0.07104837 0.006531119 0.9978932 0.06454855 0.002563595 0.9983825 0.05679666 -0.002014219 0.9988582 0.04773175 -0.007293939 0.9992766 0.03732442 -0.01324516 0.999586 0.02554428 -0.01989865 0.9997249 0.01242136 -0.02725362 0.9996265 -0.002044737 -0.03531014 0.9992142 -0.01800602 -0.04406958 0.9984021 -0.0353716 -0.05356132 0.9970958 -0.05414122 -0.06347924 0.9952511 -0.0737946 -0.07291013 0.9930309 -0.09259498 -0.08130276 0.9906795 -0.1092888 -0.08865714 0.9883217 -0.123937 -0.09500437 0.9860559 -0.1366317 -0.100378 0.9839737 -0.1473778 -0.1110288 0.9847323 -0.1340708 -0.1050145 0.9820892 -0.1564384 -0.2136043 0.9571451 -0.1955674 -0.2073464 0.9610757 -0.1825955 -0.04965388 0.9985111 0.02258384 -0.05023407 0.9984869 0.02237033 -0.04135346 0.998984 0.01791471 -0.04113906 0.9989961 0.0177313 -0.03204464 0.9993963 0.01342821 -0.03134304 0.9994072 0.01425236 -0.03067177 0.9994127 0.01529008 -0.02948129 0.9994054 0.01788407 -0.02865713 0.9994003 0.01944047 -0.0278024 0.9993911 0.0210883 -0.02725362 0.9993817 0.02221792 -0.02713149 0.9993808 0.02240103 -0.02786397 0.9993808 0.02148544 -0.02871793 0.999392 0.01977604 -0.02969479 0.9994007 0.01779246 -0.03057992 0.9994035 0.01605296 -0.03143453 0.999406 0.01413029 -0.03241121 0.9994081 0.01153618 -0.03286874 0.9993997 0.01095622 -0.03177028 0.9994062 0.01333677 -0.03009176 0.9994084 0.01666337 -0.02789479 0.999391 0.02096688 -0.02530008 0.9993385 0.02612406 -0.02295053 0.9992651 0.03070247 -0.0210579 0.9991844 0.03445565 -0.01913511 0.9990854 0.03823971 -0.01706033 0.9989606 0.04226934 -0.01489335 0.9988039 0.04657238 -0.01257377 0.9986103 0.05118024 -0.01010185 0.9983795 0.05600297 -0.007507741 0.9981035 0.06109964 -0.004791438 0.9977791 0.06643921 -0.001953184 0.9974009 0.07202547 7.93496e-4 0.9969978 0.07742691 0.003204405 0.9966143 0.08215594 0.005218684 0.9962576 0.08627676 0.005493402 0.9962296 0.08658218 0.003875851 0.9965028 0.08346915 0.001739561 0.9968502 0.07928901 -9.76603e-4 0.997264 0.07391661 -0.004333674 0.9977259 0.06726378 -0.008392572 0.9982016 0.05935859 -0.01306194 0.9986598 0.05008095 -0.01846414 0.9990494 0.03949195 -0.02453738 0.9993199 0.02752828 -0.03128206 0.9994099 0.01419138 -0.03872847 0.9992497 -5.18821e-4 -0.04690742 0.9987598 -0.01669377 -0.05581927 0.9978504 -0.03433388 -0.06543362 0.9964283 -0.0533784 -0.07544219 0.994452 -0.0733059 -0.08499586 0.9920866 -0.09241199 -0.1569915 0.9740859 -0.1628206 -0.09354102 0.9895821 -0.1094415 -0.1010501 0.9870621 -0.1244891 -0.1076111 0.9846148 -0.1376727 -0.1132549 0.9823359 -0.1489617 -0.1513454 0.9734758 -0.1715798 -0.1621457 0.9714706 -0.1730714 -0.1665123 0.9691346 -0.1818023 -0.1744492 0.966368 -0.1889459 -0.09140527 0.9912976 -0.09473192 -0.05923712 0.9978761 0.02710074 -0.04022383 0.999004 0.0193184 -0.038881 0.9990049 0.02185148 -0.03827065 0.9990046 0.02291965 -0.03790485 0.9989854 0.02432376 -0.03732454 0.9989736 0.02566635 -0.0366531 0.9989737 0.0266124 -0.03668355 0.9989709 0.02667337 -0.03729414 0.9989778 0.02554434 -0.03821009 0.9989869 0.0237745 -0.0391553 0.9989942 0.02185124 -0.04004043 0.9989969 0.0200507 -0.04144495 0.998983 0.01776212 -0.0426045 0.9989783 0.01507633 -0.04254364 0.9989823 0.01498484 -0.04150623 0.9989885 0.01730442 -0.0398572 0.9989943 0.02053898 -0.03766053 0.9989818 0.0248425 -0.0350964 0.9989354 0.02993875 -0.0327472 0.9988674 0.03451734 -0.03085458 0.9987921 0.03824013 -0.02896231 0.9986981 0.04199385 -0.02691763 0.9985778 0.04602247 -0.02472037 0.9984285 0.05029523 -0.02243131 0.9982414 0.05487287 -0.01995915 0.998019 0.05966383 -0.01739573 0.9977532 0.06469994 -0.01467984 0.9974361 0.07004207 -0.01184147 0.9970682 0.07559651 -0.009094774 0.9966753 0.0809682 -0.006714224 0.9963064 0.08560693 -0.004822015 0.9960014 0.08920824 -0.004425287 0.9959374 0.08994042 -0.006286859 0.9962302 0.0865212 -0.008484363 0.9965807 0.08218872 -0.01126146 0.9969911 0.07669395 -0.01471 0.9974422 0.06994879 -0.01883012 0.9979071 0.06186181 -0.02362185 0.9983451 0.052432 -0.02908474 0.9987086 0.04165858 -0.03524923 0.9989428 0.02951169 -0.04211646 0.9989848 0.01599204 -0.04968488 0.9987645 0.001037597 -0.05795472 0.9982012 -0.01535081 -0.06695836 0.9972042 -0.03317397 -0.07663273 0.9956767 -0.05249238 -0.08676534 0.9935752 -0.07266563 -0.1259509 0.9805979 -0.1502133 -0.09644001 0.9910737 -0.09204524 -0.1051079 0.9884238 -0.1094111 -0.1127992 0.9857423 -0.1248543 -0.1195419 0.9831308 -0.138433 -0.1248221 0.9851791 -0.1176502 -0.1531746 0.9788648 -0.1355041 -0.2081116 0.9577895 -0.1983149 -0.2077162 0.9577041 -0.1991402 -0.1900415 0.9623238 -0.1944668 -0.2239183 0.9564061 -0.1874785 -0.2289843 0.9529264 -0.19874 -0.08053916 0.9959821 0.03915566 -0.07370316 0.996656 0.03527981 -0.08038711 0.9960194 0.03851503 -0.04910457 0.9985107 0.02377402 -0.04764002 0.9984878 0.02743649 -0.04702937 0.9984824 0.02865707 -0.04580843 0.9984784 0.03070175 -0.04583901 0.9984798 0.0306102 -0.04638862 0.9984858 0.02957278 -0.04721361 0.9985055 0.02752852 -0.04858589 0.998483 0.02591043 -0.04901301 0.9985115 0.02392667 -0.05035668 0.9984975 0.02160757 -0.05175948 0.9984763 0.01913511 -0.05175977 0.9984821 0.01883006 -0.05072253 0.9984896 0.02111911 -0.04910534 0.9984967 0.02435427 -0.04693806 0.9984877 0.02862673 -0.04440456 0.9984474 0.0336315 -0.04208505 0.9983843 0.03817868 -0.04019379 0.9983142 0.04187232 -0.0383017 0.9982255 0.04559582 -0.03625607 0.9981113 0.04959273 -0.0340895 0.9979662 0.05386573 -0.03177028 0.9977887 0.05838286 -0.02935916 0.9975707 0.06317406 -0.02679598 0.9973111 0.06821072 -0.02407974 0.9970053 0.0734905 -0.02127146 0.9966467 0.07901269 -0.018525 0.9962611 0.08438491 -0.01617515 0.9959036 0.08896356 -0.0140081 0.9955855 0.09280776 -0.01403862 0.9955823 0.09283798 -0.01593089 0.9958639 0.08945101 -0.01818948 0.9962126 0.08502686 -0.0210579 0.9966197 0.07940971 -0.02456796 0.9970626 0.07254415 -0.02874892 0.9975162 0.06430369 -0.03363168 0.9979336 0.05475068 -0.03918612 0.9982705 0.04382497 -0.04541277 0.9984717 0.03149598 -0.05237108 0.9984692 0.0177927 -0.06003135 0.998193 0.00262463 -0.06839215 0.997561 -0.01394695 -0.07745772 0.9964826 -0.03198409 -0.08725333 0.9948533 -0.05151575 -0.1312339 0.981569 -0.1389248 -0.09747809 0.9926347 -0.07193356 -0.107244 0.9900081 -0.0915572 -0.1160026 0.9872282 -0.1091969 -0.1238172 0.9844035 -0.1249769 -0.1423699 0.9781561 -0.1514645 -0.1857385 0.9651014 -0.1846092 -0.1856201 0.9638087 -0.1913578 -0.1692891 0.9676062 -0.1872953 -0.0581994 0.9979355 0.02716171 -0.05771112 0.997936 0.02816885 -0.05734568 0.9979191 0.02948158 -0.0563693 0.9979236 0.03116029 -0.05572843 0.9979237 0.0322895 -0.04635804 0.9984844 0.02966427 -0.05526947 0.9979029 0.03369271 -0.05508732 0.9979202 0.03347963 -0.05441558 0.9979142 0.03473073 -0.05584895 0.9979269 0.03198343 -0.05719178 0.997927 0.02951145 -0.05847507 0.9979227 0.02704012 -0.05948221 0.9979225 0.02475118 -0.06048858 0.9979092 0.02276712 -0.06051933 0.9979136 0.02249252 -0.05948227 0.9979233 0.02472066 -0.05786359 0.9979339 0.02792465 -0.0557574 0.9979271 0.03213602 -0.05319529 0.9978932 0.03714209 -0.05087447 0.9978359 0.04165786 -0.04901397 0.9977679 0.04535168 -0.04712074 0.9976845 0.04904341 -0.045107 0.997573 0.05304193 -0.04297119 0.9974327 0.05728477 -0.04065102 0.9972623 0.06176996 -0.03824013 0.9970513 0.06653112 -0.03567624 0.9967998 0.07153564 -0.03299075 0.9964994 0.07681578 -0.03018355 0.9961495 0.08231049 -0.02746713 0.9957753 0.08762013 -0.02511674 0.995424 0.09219658 -0.02322471 0.995124 0.09585928 -0.02313321 0.995126 0.09585946 -0.02505636 0.9954198 0.09226 -0.02737534 0.9957671 0.08774149 -0.0303052 0.9961662 0.08206522 -0.03387635 0.9966068 0.07501631 -0.03814828 0.9970447 0.06668323 -0.04309248 0.9974451 0.05697852 -0.04870826 0.9977564 0.04593098 -0.05502653 0.9979246 0.03344929 -0.06207555 0.9978792 0.01959317 -0.06979751 0.9975522 0.004242122 -0.07825171 0.9968555 -0.0124824 -0.0873748 0.9957005 -0.03076273 -0.1346206 0.982996 -0.1248849 -0.09726458 0.9939793 -0.05044817 -0.1464292 0.9793789 -0.1391962 -0.107519 0.991659 -0.07107907 -0.1758185 0.970649 -0.1640993 -0.1174073 0.9889134 -0.09091663 -0.1812511 0.9677202 -0.1751168 -0.1262569 0.9860064 -0.1088611 -0.1773766 0.9728553 -0.1486276 -0.1366018 0.9902411 -0.02761942 -0.1961442 0.9729083 -0.1223803 -0.06595098 0.9973219 0.0316174 -0.06585979 0.9972974 0.03256368 -0.06534212 0.9973145 0.03308308 -0.06479114 0.9973196 0.03399777 -0.06445556 0.9973225 0.0345472 -0.06387585 0.9973244 0.0355544 -0.05429261 0.9979283 0.03451651 -0.06329566 0.9973193 0.03671389 -0.06262576 0.9973124 0.0380271 -0.06265562 0.9973024 0.03824037 -0.06323587 0.9973084 0.0371114 -0.0639975 0.9973176 0.03552365 -0.06515806 0.9973304 0.03296047 -0.06653052 0.9973176 0.03051859 -0.06750702 0.997316 0.02835172 -0.06860685 0.9973025 0.02609378 -0.06897389 0.9972836 0.02584993 -0.06799739 0.9972853 0.028261 -0.06628769 0.9973062 0.03140419 -0.06421202 0.9973005 0.03561568 -0.06176984 0.9972598 0.04071193 -0.05917656 0.9972127 0.04544293 -0.05749863 0.9971626 0.04858696 -0.05548346 0.9970853 0.05237054 -0.05346852 0.9969808 0.05630671 -0.05133312 0.9968463 0.06051939 -0.04904347 0.9966791 0.06500476 -0.04663294 0.9964749 0.06973582 -0.04409986 0.9962297 0.07471036 -0.04138422 0.9959385 0.0799607 -0.03860664 0.995594 0.08545345 -0.03589046 0.9952283 0.09073328 -0.03357094 0.9948902 0.09521937 -0.03173983 0.9945868 0.09894287 -0.03183138 0.9946172 0.09860718 -0.03366202 0.9949076 0.09500449 -0.03607344 0.9952551 0.09036672 -0.03903383 0.9956529 0.0845682 -0.04266566 0.9960824 0.07745742 -0.04696887 0.9965102 0.0690037 -0.05197334 0.9968938 0.05917578 -0.05768102 0.9971802 0.04800647 -0.06408894 0.9973162 0.03540152 -0.07117003 0.9972354 0.02136319 -0.07898205 0.9968587 0.005890071 -0.08749741 0.9961035 -0.01104778 -0.1360242 0.9847334 -0.1086179 -0.09674668 0.9948733 -0.02945125 -0.149025 0.9809467 -0.1246402 -0.1066352 0.9930743 -0.0493195 -0.1615371 0.9750216 -0.1524425 -0.1170104 0.9906513 -0.07013297 -0.1274181 0.9877573 -0.0900014 -0.07407057 0.9966416 0.03491419 -0.07440435 0.9966158 0.03494375 -0.07324647 0.9966712 0.0357992 -0.07291054 0.9966682 0.03656208 -0.07257413 0.9966586 0.03747731 -0.07196384 0.9966598 0.03860652 -0.07150512 0.9966472 0.03976577 -0.07062107 0.9966608 0.04098707 -0.0703473 0.9966433 0.04187268 -0.07025432 0.9966537 0.04178029 -0.07089579 0.9966613 0.04049879 -0.07193398 0.9966691 0.03842377 -0.07260531 0.9966982 0.0363484 -0.07397741 0.9966508 0.03485238 -0.0748021 0.9966596 0.03277742 -0.07590013 0.9966512 0.03042715 -0.0772739 0.9965953 0.02874881 -0.07608377 0.9966583 0.02972543 -0.07477182 0.9966629 0.03274697 -0.07281768 0.9966805 0.03640884 -0.07040834 0.9966734 0.04104864 -0.06769204 0.9966116 0.04672521 -0.06531035 0.9965327 0.05154633 -0.06332713 0.9964494 0.05548375 -0.06131231 0.9963483 0.05942016 -0.05917561 0.9962195 0.06360077 -0.05688792 0.9960582 0.06805801 -0.05447614 0.9958609 0.07275694 -0.0519737 0.9956187 0.07773166 -0.04928755 0.9953343 0.08294957 -0.04651027 0.9949976 0.08841234 -0.04379469 0.9946432 0.09363216 -0.04150581 0.9943089 0.09811854 -0.03973561 0.9940318 0.1015974 -0.03979653 0.9940293 0.1015972 -0.04175037 0.9943495 0.09760069 -0.04419112 0.9946972 0.0928685 -0.0472123 0.9950909 0.08697813 -0.0509063 0.995512 0.07977765 -0.05526995 0.9959274 0.07123136 -0.06033605 0.9962934 0.06131267 -0.06607323 0.9965618 0.04998981 -0.07251399 0.9966711 0.0372641 -0.07968634 0.9965522 0.02310323 -0.0875582 0.9961312 0.007507562 -0.1543964 0.9841514 -0.08722376 -0.1695015 0.9799288 -0.1049237 -0.09616565 0.9953195 -0.009552478 -0.145363 0.9835122 -0.1075802 -0.1054424 0.9940273 -0.02813827 -0.1158496 0.9921075 -0.04797565 -0.1263173 0.9895721 -0.0692166 -0.1914485 0.9676194 -0.1644998 -0.1396874 0.9862049 -0.08881151 -0.1981278 0.9609749 -0.1930617 -0.08124071 0.9959467 0.0386061 -0.1018729 0.9935206 0.05038708 -0.09750849 0.9940376 0.04879999 -0.09778428 0.9940491 0.04800707 -0.0790742 0.9960119 0.04132246 -0.07846391 0.9960128 0.04245167 -0.07788544 0.9959999 0.04379528 -0.07727432 0.9959905 0.04507666 -0.07739609 0.9959865 0.04495441 -0.07803744 0.9959921 0.04370337 -0.07864743 0.9959878 0.04269605 -0.07950145 0.9960118 0.04049843 -0.08060157 0.9959985 0.03860694 -0.08136421 0.9959945 0.03708082 -0.08224773 0.9960066 0.03473019 -0.08389633 0.9959523 0.03225839 -0.08368241 0.9959492 0.0328992 -0.08197402 0.9959881 0.03589034 -0.08014374 0.9959983 0.03955304 -0.07779294 0.9959883 0.04422205 -0.07501482 0.9959455 0.04965382 -0.07257479 0.9958741 0.05447685 -0.07055944 0.9957976 0.05838239 -0.06857722 0.9956974 0.0623207 -0.06644064 0.9955719 0.06650167 -0.06418204 0.9954168 0.07089626 -0.06177037 0.9952235 0.07559543 -0.05926829 0.9949878 0.08054023 -0.05661273 0.9947063 0.08575838 -0.05380558 0.9943816 0.09116131 -0.05111896 0.9940283 0.0964089 -0.04886108 0.9937027 0.1008352 -0.04699981 0.9934363 0.1042847 -0.04718244 0.9934567 0.104009 -0.04922735 0.9937648 0.1000418 -0.05173033 0.9941083 0.09525102 -0.05478203 0.9945 0.08926874 -0.05853497 0.9949116 0.08200389 -0.0629304 0.9953197 0.07333737 -0.06802612 0.9956719 0.06332623 -0.07382488 0.9959192 0.05191242 -0.08035743 0.9959991 0.03909528 -0.08792597 0.9958127 0.02502578 -0.09567654 0.9953721 0.008972525 -0.1045274 0.9944906 -0.00790435 -0.1564119 0.9819617 -0.106238 -0.113898 0.9931286 -0.02688747 -0.1648628 0.978495 -0.1239675 -0.12708 0.9908214 -0.04608327 -0.1381302 0.9880919 -0.06778329 -0.212534 0.957502 -0.1949856 -0.2278667 0.9522606 -0.203167 -0.2416512 0.9495752 -0.1997788 -0.2369821 0.9529029 -0.1892499 -0.08749806 0.995287 0.04181104 -0.0871616 0.9953087 0.04199379 -0.08533108 0.9953463 0.04477131 -0.08523911 0.9953111 0.04571717 -0.08392685 0.9953119 0.04806721 -0.08386737 0.9953302 0.04779338 -0.08453863 0.9953284 0.0466336 -0.08581876 0.9953085 0.04467946 -0.08676522 0.9953434 0.04199397 -0.0882312 0.9953253 0.03927826 -0.09006059 0.9952751 0.03628665 -0.09027552 0.9953196 0.03448659 -0.08981812 0.9952936 0.03637892 -0.08868712 0.995304 0.03878915 -0.08691769 0.9953119 0.04242122 -0.08459997 0.9953016 0.04709154 -0.08194285 0.9952473 0.05261433 -0.07913583 0.9951956 0.05765044 -0.07736563 0.9951327 0.06103795 -0.07525992 0.9950429 0.06500554 -0.07312387 0.9949244 0.06912589 -0.07086521 0.9947683 0.07358139 -0.06848424 0.9945787 0.07825028 -0.0659523 0.994351 0.08316522 -0.06329709 0.994076 0.08835345 -0.06051898 0.9937573 0.09372359 -0.0578649 0.9934091 0.09894412 -0.05557513 0.9930894 0.1033679 -0.05374348 0.9928352 0.106724 -0.05377382 0.992863 0.106449 -0.05649089 0.9931232 0.1025443 -0.05908566 0.9934701 0.09760129 -0.06216758 0.9938573 0.09155756 -0.06595259 0.9942637 0.08420324 -0.07013183 0.9946948 0.07525902 -0.07541173 0.9950014 0.06546258 -0.08142453 0.9952229 0.0538659 -0.08789551 0.9952949 0.04077374 -0.09784394 0.9948286 0.02725344 -0.102758 0.9946503 0.01055961 -0.1146291 0.9933916 -0.00576806 -0.124518 0.9919017 -0.02502566 -0.1923635 0.9694778 -0.1520169 -0.1912326 0.9718807 -0.1373969 -0.1970605 0.9644581 -0.176033 -0.202034 0.9614927 -0.1863169 -0.2146438 0.9586487 -0.186871 -0.223916 0.9547485 -0.1957472 -0.09354221 0.9945999 0.04495519 -0.09262496 0.9947037 0.04455763 -0.1112278 0.9923163 0.05419272 -0.09244149 0.9947001 0.04501521 -0.09131294 0.9946762 0.04776227 -0.09186267 0.9946806 0.04660272 -0.08459877 0.9953176 0.04675513 -0.0906403 0.9946935 0.0486772 -0.08969438 0.9946956 0.05035579 -0.09051924 0.9946743 0.04928809 -0.08990955 0.9946513 0.05084496 -0.09158766 0.9946771 0.04721295 -0.09250354 0.9946805 0.04532092 -0.09366363 0.9946537 0.04348993 -0.09451711 0.9946729 0.04113948 -0.09585994 0.9946424 0.03869795 -0.09613573 0.9946544 0.03769129 -0.0952509 0.9946563 0.0398277 -0.09363299 0.994683 0.04287952 -0.09152555 0.9946959 0.0469377 -0.08887201 0.994683 0.05203527 -0.08594292 0.9946004 0.05817013 -0.08368349 0.9944665 0.06351035 -0.08166837 0.9943645 0.06759917 -0.07931894 0.9942792 0.07153654 -0.0769391 0.9941355 0.075993 -0.07483267 0.9939136 0.08084493 -0.07242065 0.9936858 0.08569622 -0.06976598 0.9934175 0.09085446 -0.06677663 0.9931346 0.09604477 -0.06424283 0.9927585 0.1015068 -0.06186211 0.9924798 0.1056264 -0.05990833 0.9922268 0.1090741 -0.06009274 0.9923089 0.1082219 -0.06518959 0.9922797 0.1055058 -0.06784349 0.9926276 0.1004377 -0.07095748 0.9930086 0.09433531 -0.07471084 0.9934288 0.08670485 -0.0762977 0.9940981 0.07712173 -0.08423185 0.9941194 0.06805688 -0.09045827 0.9943089 0.05627697 -0.09711164 0.9943414 0.04306238 -0.1398064 0.9892046 -0.04391646 -0.1508532 0.98636 -0.06585901 -0.112278 0.9935951 0.01275676 -0.1783524 0.9762997 -0.1225944 -0.220655 0.9544933 -0.2006343 -0.2006921 0.9666245 -0.1592475 -0.166573 0.9850025 -0.04498505 -0.2100015 0.9694987 -0.1263794 -0.09854477 0.9939932 0.04760909 -0.09814929 0.9940366 0.04751819 -0.09714269 0.9940418 0.04944109 -0.09671556 0.9940436 0.05023473 -0.09064239 0.9946556 0.04944127 -0.09613651 0.9940515 0.05118119 -0.09576773 0.9940251 0.05237007 -0.09509825 0.9940456 0.05319517 -0.09488427 0.9940726 0.05307292 -0.09549355 0.9940914 0.05160737 -0.09640872 0.9941177 0.04934877 -0.09796643 0.9940693 0.04721307 -0.09878897 0.9940549 0.04577803 -0.09970504 0.9940596 0.04364192 -0.100928 0.9940504 0.04095715 -0.1017807 0.994002 0.04001033 -0.100865 0.9940006 0.04229915 -0.09924721 0.9940289 0.04535096 -0.09720313 0.9940358 0.0494408 -0.09439575 0.9940398 0.05453771 -0.09155583 0.9939612 0.06048786 -0.0908541 0.9936271 0.0667138 -0.08905577 0.9935308 0.07046943 -0.08462965 0.9936739 0.07382583 -0.0825845 0.9935169 0.07812875 -0.08224964 0.993069 0.08395868 -0.07989937 0.9928524 0.08865839 -0.07721346 0.9926053 0.09366327 -0.0720247 0.992568 0.0980879 -0.07159787 0.9919638 0.1043144 -0.06723326 0.9918974 0.107793 -0.06561553 0.9916489 0.1110275 -0.06589078 0.9916884 0.1105097 -0.08447623 0.9932367 0.07965421 -0.1356867 0.9904888 -0.02282804 -0.1092598 0.9935623 0.02993959 -0.1877866 0.9768997 -0.1019963 -0.1817696 0.9798955 -0.08224797 -0.1258293 0.9920462 -0.003357052 -0.2029218 0.9674571 -0.1511613 -0.2038707 0.9651201 -0.1642562 -0.2095715 0.961795 -0.1761536 -0.2242823 0.9564883 -0.1866222 -0.2321276 0.9528038 -0.1956574 -0.2205017 0.961174 -0.1659027 -0.1027579 0.9934587 0.04980719 -0.1021777 0.993517 0.04983758 -0.1018711 0.9934724 0.05133229 -0.1014463 0.9934665 0.05227965 -0.1009561 0.9934776 0.05301105 -0.1004981 0.9934764 0.05389606 -0.1001015 0.9934461 0.05517786 -0.1003755 0.9934405 0.05478078 -0.09952217 0.9934822 0.05557489 -0.1013549 0.9934369 0.05301219 -0.1025736 0.993447 0.050417 -0.1034589 0.9934805 0.04788404 -0.1045285 0.9934635 0.04587042 -0.1065728 0.9934281 0.04175013 -0.1053508 0.9934473 0.04431325 -0.1060854 0.9934373 0.04275768 -0.1048318 0.9934456 0.04556441 -0.1028488 0.9934827 0.04913544 -0.100316 0.9935163 0.05349981 -0.09824025 0.9934809 0.05783325 -0.09735536 0.9931165 0.06512737 -0.09891271 0.9931865 0.06161826 -0.09131234 0.9928693 0.07663279 -0.08920723 0.9927242 0.08087551 -0.07883 0.9917691 0.1008951 -0.07388699 0.9911418 0.1103574 -0.07016313 0.9911342 0.1128286 -0.07028561 0.9912016 0.112158 -0.07440537 0.9912886 0.1086782 -0.07700061 0.991639 0.1035526 -0.08017301 0.9920153 0.09735512 -0.08426415 0.9924009 0.08966612 -0.09378594 0.9930694 0.07083541 -0.09982913 0.993256 0.05896359 -0.1066347 0.9932537 0.04556542 -0.1501826 0.9877687 -0.0419327 -0.1611083 0.9848695 -0.06384515 -0.1220145 0.9924134 0.01510685 -0.1887633 0.9745194 -0.1211625 -0.2106433 0.9659624 -0.1501543 -0.2131475 0.963223 -0.1636145 -0.2493141 0.9477843 -0.1988653 -0.1047269 0.9931995 0.0508632 -0.1046863 0.9932051 0.05083841 -0.1046774 0.9931703 0.05153101 -0.1043052 0.9932224 0.05128306 -0.1028454 0.9933104 0.05251115 -0.1047729 0.993098 0.05271852 -0.1042106 0.9931079 0.05363762 -0.1025821 0.9932401 0.05432575 -0.1013287 0.9933286 0.05505359 -0.1016595 0.993197 0.05679178 -0.101957 0.9931939 0.05630797 -0.1026082 0.9932075 0.05486994 -0.1018857 0.9932042 0.05625605 -0.1036792 0.9932168 0.05263996 -0.1026165 0.9932062 0.05487573 -0.1051156 0.9932087 0.04987293 -0.103738 0.9932085 0.05268108 -0.1061447 0.9931983 0.04786056 -0.1071767 0.9931827 0.04584068 -0.1051235 0.9932075 0.04987877 -0.109559 0.9929854 0.0444622 -0.1061514 0.9931972 0.04786747 -0.1068463 0.9932335 0.04551118 -0.1083168 0.9932224 0.04215228 -0.1075459 0.9933148 0.04194802 -0.1068748 0.9932737 0.04455596 -0.1048024 0.9933527 0.04761242 -0.1104773 0.9929228 0.04358053 -0.1094708 0.9929283 0.04593074 -0.1023474 0.9934148 0.05149793 -0.1080075 0.9929426 0.04898333 -0.1010053 0.993279 0.05652201 -0.1009076 0.9931131 0.05953288 -0.1055664 0.993008 0.05282896 -0.1039478 0.9929668 0.05667376 -0.09437644 0.9930428 0.07042133 -0.1041324 0.9927372 0.06024539 -0.09699004 0.9925458 0.07379543 -0.09872967 0.9926377 0.07016366 -0.09012264 0.9921119 0.08713173 -0.08765178 0.991912 0.09180241 -0.08517831 0.9916518 0.09680604 -0.07974559 0.9910065 0.1074567 -0.0730049 0.9909234 0.1128777 -0.0717498 0.9907679 0.1150266 -0.09268623 0.9922952 0.08221822 -0.13468 0.9908883 -0.001281738 -0.1444153 0.9892995 -0.02075278 -0.1179578 0.9924935 0.03228956 -0.1578138 0.9866493 -0.04022401 -0.1963881 0.9731819 -0.1197861 -0.2002946 0.9702218 -0.1362052 -0.218824 0.9598043 -0.1757611 -0.2359268 0.9501772 -0.2037199 -0.2402437 0.9509343 -0.1949539 -0.2333788 0.9544819 -0.1857386 -0.2308791 0.9519301 -0.2013058 -0.108472 0.9926996 0.05273884 -0.1076625 0.9928059 0.05239522 -0.10789 0.9927417 0.05313915 -0.1083724 0.992673 0.05343931 -0.1074745 0.9927352 0.05409353 -0.1069961 0.9927353 0.05503249 -0.1074257 0.9927422 0.05406165 -0.1115717 0.9920766 0.05775731 -0.1029597 0.9932357 0.05368775 -0.1035539 0.9931445 0.05422884 -0.1069639 0.9927401 0.05500912 -0.1035557 0.9930887 0.05523699 -0.1065964 0.9927392 0.05573362 -0.1052538 0.9928637 0.05606591 -0.1030986 0.9930649 0.05650538 -0.1015032 0.9932183 0.05669748 -0.1060029 0.9926428 0.05851334 -0.1057553 0.992697 0.05803912 -0.1044915 0.9928325 0.05801159 -0.1073952 0.9925786 0.05704355 -0.1045675 0.9928901 0.05687701 -0.1090743 0.992506 0.05508816 -0.1052656 0.9929313 0.05483323 -0.1097911 0.9925949 0.05197387 -0.1071613 0.9928219 0.05311518 -0.1104761 0.99263 0.04980695 -0.1095127 0.9926458 0.0515902 -0.1116213 0.9926079 0.0476486 -0.1104895 0.9926277 0.04982519 -0.1111763 0.9926803 0.04717648 -0.113736 0.9925032 0.04473859 -0.1104184 0.9928742 0.04481858 -0.1105208 0.9928513 0.04507374 -0.1130247 0.9926058 0.04426217 -0.1097205 0.9928242 0.04755741 -0.1072821 0.9929181 0.05103152 -0.1121864 0.9925717 0.04707372 -0.10871 0.9925205 0.05554521 -0.1113362 0.9925135 0.05021291 -0.1087997 0.9923208 0.05884033 -0.1055665 0.9923072 0.06467056 -0.1103884 0.9925191 0.05215752 -0.1040089 0.9922661 0.0677523 -0.09799784 0.9920035 0.07953363 -0.09592145 0.9918702 0.08362227 -0.08566659 0.9909186 0.1036422 -0.076918 0.9905849 0.1132484 -0.07184845 0.990754 0.1150841 -0.08075261 0.9903034 0.1130415 -0.07773303 0.9902345 0.1157298 -0.07452815 0.9906263 0.1144779 -0.07492387 0.990674 0.1138049 -0.07587182 0.9902677 0.1166763 -0.07935047 0.9901419 0.1154245 -0.08157753 0.9904361 0.1112726 -0.08426392 0.9907803 0.1060853 -0.08749902 0.9911469 0.09985935 -0.09152615 0.9915283 0.09216701 -0.1295551 0.9914245 0.01712137 -0.1012314 0.992172 0.07312345 -0.1072731 0.9923449 0.06118988 -0.1141095 0.9923166 0.04782283 -0.1686771 0.983711 -0.06213617 -0.202128 0.9721555 -0.1185667 -0.2069509 0.9689858 -0.1350476 -0.2164444 0.9648444 -0.1490879 -0.220169 0.9617974 -0.1627004 -0.2178471 0.9678294 -0.1258923 -0.1830257 0.9819972 -0.04672539 -0.1114865 0.9922783 0.05435639 -0.1117692 0.9922167 0.05489742 -0.1103683 0.9923998 0.05441921 -0.1095561 0.9924498 0.0551458 -0.111985 0.9921503 0.05565369 -0.1092689 0.9924243 0.05616456 -0.1111139 0.9922108 0.05631738 -0.1066872 0.9927255 0.0558027 -0.1087496 0.9924439 0.05682331 -0.1069328 0.992608 0.05739992 -0.1046404 0.9928614 0.05724191 -0.1084684 0.992398 0.05814409 -0.1095209 0.9922272 0.05908006 -0.104919 0.9927697 0.05831331 -0.1087104 0.9922564 0.06007844 -0.109356 0.9921736 0.06027334 -0.1090101 0.9922934 0.05891305 -0.109844 0.9923182 0.05691206 -0.1089158 0.9923076 0.05884963 -0.1111199 0.9923188 0.05436807 -0.1099005 0.9923097 0.05695235 -0.1155775 0.9921786 0.04715579 -0.1144655 0.9921973 0.04941952 -0.1153352 0.9922934 0.04529714 -0.1149114 0.9922945 0.0463379 -0.1151021 0.9923222 0.04525864 -0.1143193 0.9922826 0.04802531 -0.1129084 0.9923005 0.05090624 -0.1166798 0.9920821 0.0464639 -0.1110484 0.9923049 0.05476665 -0.1144604 0.9922568 0.04822063 -0.1103579 0.9922549 0.05702072 -0.1132678 0.9922354 0.05137425 -0.1132861 0.992155 0.05286514 -0.1100531 0.9919431 0.06274795 -0.1112319 0.992255 0.05529475 -0.1048948 0.9918159 0.07278847 -0.1030918 0.991732 0.07641851 -0.09625637 0.9913125 0.08963376 -0.09381568 0.9911075 0.094365 -0.09134209 0.9908465 0.09939897 -0.08591067 0.9902163 0.1099596 -0.07561606 0.9903061 0.1165164 -0.08105772 0.9898139 0.1170393 -0.1244242 0.9916403 0.03418076 -0.09903424 0.9915022 0.08435457 -0.1412419 0.9899751 4.27266e-4 -0.1935811 0.9759013 -0.1007122 -0.2256918 0.958313 -0.1752126 -0.2388455 0.9499495 -0.2013675 -0.113942 0.9919284 0.0556364 -0.1139561 0.9919263 0.05564576 -0.1137831 0.9919295 0.05594044 -0.1137872 0.9919289 0.05594331 -0.113528 0.99193 0.05644667 -0.1135594 0.9919253 0.05646753 -0.1127294 0.9919818 0.0571357 -0.113888 0.9918297 0.05747503 -0.1104362 0.9922364 0.05719202 -0.1137546 0.9918011 0.05822932 -0.1101896 0.9921908 0.0584436 -0.1117191 0.9919755 0.05919069 -0.1075904 0.9924274 0.0592643 -0.1125268 0.9917758 0.06097871 -0.1111745 0.9919117 0.06124913 -0.1116574 0.9919269 0.06011372 -0.1141098 0.9917223 0.05887174 -0.1123136 0.9918261 0.06055408 -0.1112126 0.9920631 0.05867534 -0.1138258 0.9919161 0.05609029 -0.1146529 0.991941 0.05392223 -0.111914 0.9921053 0.05659162 -0.1155695 0.9919328 0.05208885 -0.1136464 0.9919513 0.0558325 -0.1168604 0.9919096 0.04958945 -0.1146366 0.9919447 0.05389136 -0.1155748 0.9919316 0.05209761 -0.1188664 0.9917991 0.04696333 -0.1182951 0.9917875 0.0486204 -0.1183013 0.9918652 0.0469951 -0.1184958 0.9918599 0.04661208 -0.1113931 0.9919371 0.06043446 -0.1077961 0.9918817 0.06746059 -0.1065169 0.9918448 0.06998616 -0.111831 0.9919405 0.05956447 -0.1109371 0.9915672 0.06698954 -0.1033667 0.9912774 0.08175951 -0.1093791 0.991523 0.07013201 -0.1012926 0.9911351 0.08597201 -0.09106975 0.9902008 0.1058716 -0.0830211 0.9897997 0.1157758 -0.07888466 0.9899193 0.1176317 -0.08618646 0.9895881 0.1152713 -0.08359253 0.9894686 0.118171 -0.0835905 0.989811 0.1152689 -0.08198446 0.9894506 0.1194403 -0.08722436 0.9897436 0.1131353 -0.08981806 0.9900745 0.1080991 -0.09305298 0.9904389 0.1018425 -0.09707963 0.9908164 0.09411931 -0.1128916 0.9916086 0.06299221 -0.1197564 0.9915608 0.0496543 -0.1352282 0.9906361 0.01879948 -0.1068477 0.9914461 0.0749551 -0.1515563 0.9884423 0.003540158 -0.1597374 0.987021 -0.01654136 -0.1746284 0.9827654 -0.06064075 -0.1869896 0.9790171 -0.08099722 -0.1981922 0.9750912 -0.0995844 -0.2067077 0.9713401 -0.117347 -0.2211124 0.963922 -0.1482018 -0.2121714 0.9680172 -0.133889 -0.2269117 0.9604148 -0.1616002 -0.2310016 0.957242 -0.1741439 -0.2332547 0.9579527 -0.1670901 -0.1164266 0.9915676 0.05690908 -0.1162075 0.9915986 0.05681663 -0.1166544 0.9914962 0.05768185 -0.1154981 0.9916808 0.05682909 -0.1161825 0.9914953 0.05864077 -0.1145048 0.9916926 0.05860584 -0.1155641 0.9915916 0.05823397 -0.1161366 0.9914384 0.05968505 -0.1133356 0.9917861 0.05929303 -0.1124749 0.9918493 0.0598706 -0.1136819 0.9917361 0.05946379 -0.1113955 0.9919644 0.05998218 -0.1143935 0.9915343 0.06143271 -0.1110324 0.9919328 0.06116533 -0.113627 0.9915626 0.06239199 -0.1141287 0.9915671 0.06139481 -0.1153745 0.9914728 0.06058406 -0.1147343 0.9914692 0.0618475 -0.1156328 0.9915805 0.05828648 -0.1147669 0.9915806 0.05997174 -0.1170435 0.9915038 0.05675393 -0.1160327 0.9915143 0.05861735 -0.1203423 0.9915357 0.04873323 -0.1188774 0.9915644 0.05165499 -0.120629 0.9915156 0.04843151 -0.120847 0.9915102 0.04799658 -0.119484 0.9915513 0.05049383 -0.1179893 0.9915795 0.05337345 -0.1205261 0.991533 0.04833084 -0.1172854 0.9915818 0.05486071 -0.1162689 0.9915529 0.05748409 -0.119479 0.9915523 0.05048751 -0.1155683 0.9915534 0.05887055 -0.1180092 0.9915741 0.05342984 -0.1123627 0.9915688 0.06454533 -0.1173561 0.9915452 0.05537122 -0.1162698 0.9915527 0.05748742 -0.1066693 0.9914083 0.07570642 -0.1130189 0.9915773 0.06325596 -0.1077625 0.9910731 0.07849478 -0.1096228 0.9911525 0.0748316 -0.1010488 0.9906511 0.09164893 -0.09860807 0.990445 0.09641069 -0.09604406 0.9901973 0.1014155 -0.09064143 0.989579 0.1118827 -0.08155602 0.9895287 0.1190863 -0.08206164 0.9900034 0.1147139 -0.0857892 0.9893208 0.1178331 -0.08466953 0.9893269 0.1185889 -0.1039471 0.9908549 0.08603256 -0.1295836 0.990921 0.03582924 -0.1464908 0.9892101 0.001983702 -0.1697477 0.9847932 -0.03698921 -0.1803689 0.9818357 -0.05887168 -0.2358548 0.9562682 -0.1729846 -0.2409479 0.952866 -0.1843656 -0.1181047 0.9913186 0.0577827 -0.1194216 0.9911127 0.05860203 -0.1191983 0.9910916 0.05940842 -0.1171276 0.9914262 0.05792587 -0.1184604 0.9911344 0.06016594 -0.1165851 0.9914414 0.05875349 -0.1162191 0.9914171 0.05987918 -0.1169556 0.9913081 0.06024754 -0.114975 0.9915098 0.06073826 -0.1138361 0.9916537 0.06053352 -0.1169627 0.991207 0.06187397 -0.1129253 0.9917188 0.0611695 -0.1136717 0.9915558 0.06241762 -0.1169616 0.9911243 0.06318753 -0.1154147 0.9913048 0.06320124 -0.1166818 0.9911995 0.06252127 -0.1164353 0.991113 0.06432563 -0.1189218 0.9911162 0.05955183 -0.1177746 0.9911134 0.06183332 -0.1172859 0.9912608 0.06038308 -0.1193254 0.9912728 0.05603373 -0.1202344 0.9912645 0.05420762 -0.1183161 0.9912778 0.05804985 -0.1209468 0.9913069 0.05179429 -0.1193287 0.9912719 0.0560413 -0.1202644 0.9912578 0.05426484 -0.1226617 0.9912601 0.04855495 -0.1216215 0.9913111 0.0501042 -0.1227381 0.9912251 0.04907274 -0.123121 0.991185 0.04892367 -0.1163334 0.9912337 0.06262886 -0.1125278 0.9912131 0.06952911 -0.113591 0.9909157 0.07199388 -0.1169327 0.9912373 0.06144589 -0.1137803 0.9912393 0.06707382 -0.1075494 0.990682 0.08356142 -0.1125288 0.9912133 0.06952393 -0.105442 0.9905444 0.08777165 -0.0954014 0.9895989 0.1076699 -0.08777183 0.9891517 0.1177923 -0.08433771 0.9891742 0.12009 -0.09048861 0.9889962 0.11704 -0.08840101 0.989005 0.1185517 -0.08792573 0.9891875 0.1173768 -0.08600592 0.9888918 0.1212279 -0.08827686 0.9892311 0.1167441 -0.09149748 0.9891678 0.1147838 -0.09424376 0.989468 0.1098697 -0.1113635 0.9908277 0.07654148 -0.09744733 0.9898549 0.1033985 -0.1174667 0.990975 0.06457769 -0.1014752 0.9902149 0.09579867 -0.1242737 0.990924 0.05124151 -0.1921796 0.9781416 -0.07941102 -0.2027385 0.9742924 -0.09824103 -0.2111642 0.9705498 -0.1159434 -0.2171463 0.9671025 -0.1325157 -0.2467785 0.9480494 -0.2007555 -0.2447648 0.9510731 -0.1885482 -0.244664 0.9479002 -0.2040216 -0.2541025 0.9468571 -0.1972148 -0.119848 0.9910482 0.05882263 -0.1206488 0.9909307 0.05916452 -0.1213078 0.990797 0.06004911 -0.1187652 0.9911568 0.0591861 -0.1205785 0.9908459 0.06070697 -0.1194289 0.9909796 0.06079822 -0.1195871 0.9909138 0.06155508 -0.1190159 0.9910507 0.06044644 -0.1176713 0.99117 0.06112062 -0.1192125 0.9909792 0.06122606 -0.1190431 0.9909701 0.06170123 -0.1164994 0.9912859 0.06148439 -0.1159905 0.9913008 0.06220215 -0.1156665 0.991266 0.06334936 -0.1179194 0.9909761 0.06373029 -0.1177417 0.9909605 0.06429898 -0.1178287 0.9909462 0.0643596 -0.119233 0.9907663 0.06454163 -0.118772 0.9909901 0.0619027 -0.118088 0.9909867 0.06325209 -0.120714 0.9909784 0.05822288 -0.1196849 0.9909754 0.06036019 -0.1237444 0.9908365 0.05413484 -0.1239683 0.9909923 0.05065792 -0.1256383 0.9908229 0.04985231 -0.1234889 0.9908961 0.0536229 -0.1247689 0.9908444 0.05157542 -0.1235408 0.9909588 0.05233049 -0.1221477 0.9909754 0.05520689 -0.1244071 0.9909361 0.05068188 -0.1205847 0.9910746 0.05683869 -0.1202087 0.9909778 0.05926972 -0.1235671 0.9909529 0.05237925 -0.1194435 0.9909919 0.06056737 -0.1222079 0.9909587 0.05537301 -0.1167065 0.9909346 0.06654709 -0.1201636 0.9909906 0.05914694 -0.1134403 0.9905967 0.07648146 -0.1172928 0.9909421 0.06539285 -0.1115469 0.9905248 0.08011233 -0.1048331 0.9901011 0.0933274 -0.1024532 0.9898929 0.09805846 -0.09988844 0.9896372 0.103154 -0.09448796 0.9890416 0.1134405 -0.08759576 0.9891231 0.1181633 -0.08937913 0.9886359 0.120874 -0.107764 0.990324 0.08743804 -0.2328584 0.959267 -0.159949 -0.2254781 0.9631344 -0.1467377 -0.2468991 0.9495087 -0.1935823 -0.2478614 0.9474177 -0.2023969 -0.1216333 0.9907774 0.05971163 -0.1221047 0.990687 0.06024873 -0.1210865 0.9908309 0.05993497 -0.1226938 0.9905583 0.06115913 -0.1213098 0.9907305 0.06113064 -0.1210668 0.9907296 0.06162643 -0.1211298 0.9907614 0.06098788 -0.1210609 0.9907307 0.06162142 -0.1233801 0.9902881 0.06408482 -0.1208522 0.9907293 0.06204962 -0.1183415 0.9910023 0.06252747 -0.1206379 0.9906454 0.06378352 -0.1189743 0.990768 0.06499278 -0.1212678 0.9904925 0.06495195 -0.1201424 0.9907348 0.06332916 -0.1208174 0.9907355 0.06201863 -0.120812 0.9907369 0.0620079 -0.1215889 0.9907354 0.06049597 -0.1220795 0.9907257 0.05965989 -0.1230941 0.9906833 0.05826306 -0.1226286 0.990782 0.05756199 -0.1229036 0.9908886 0.05508595 -0.123402 0.9907726 0.05605006 -0.1271221 0.9904896 0.05263602 -0.1272456 0.9905576 0.0510317 -0.126598 0.9906918 0.05002796 -0.1261676 0.9907047 0.05085384 -0.1175422 0.9906719 0.06894189 -0.1163507 0.9906518 0.0712161 -0.1163562 0.9906463 0.0712819 -0.1149593 0.9906131 0.07396149 -0.110876 0.9901931 0.08499574 -0.1087103 0.9900516 0.08933049 -0.09949189 0.9889982 0.1094716 -0.09427458 0.988464 0.1185376 -0.09165054 0.9885937 0.1195102 -0.08757716 0.9887285 0.1214345 -0.09163856 0.988602 0.1194512 -0.09073048 0.9890567 0.1163398 -0.08989262 0.9883894 0.1224982 -0.08869057 0.9886611 0.1211753 -0.1004697 0.9894372 0.1044982 -0.09200352 0.9887111 0.1182619 -0.1058713 0.9895875 0.09750908 -0.09854727 0.9888606 0.1115486 -0.09479236 0.9886973 0.1161558 -0.11582 0.9901928 0.07812893 -0.1218618 0.9903373 0.06619542 -0.1748439 0.9839662 -0.03521901 -0.1636434 0.9864077 -0.01486277 -0.1852797 0.9810273 -0.05707013 -0.2516886 0.9470291 -0.1994709 -0.2511445 0.9465193 -0.2025534 -0.1234115 0.9905121 0.0604602 -0.1231293 0.990552 0.06038212 -0.1235603 0.9904721 0.0608108 -0.1233526 0.9904817 0.06107431 -0.1228586 0.99057 0.06063854 -0.1229858 0.9905061 0.06141883 -0.122489 0.9905902 0.06105393 -0.1231264 0.9904424 0.06215953 -0.1224652 0.9905065 0.06244391 -0.1227583 0.9905064 0.06186753 -0.1223955 0.9905244 0.06229698 -0.1222994 0.990494 0.0629642 -0.1222327 0.9905061 0.06290441 -0.120135 0.9907609 0.06293296 -0.120054 0.9907658 0.06301075 -0.1198486 0.9907416 0.06377649 -0.1195727 0.9907518 0.06413573 -0.1205244 0.9905383 0.06563466 -0.120662 0.9905157 0.0657218 -0.1197521 0.9906789 0.06492108 -0.1211869 0.990508 0.06486648 -0.1219022 0.9905117 0.06345462 -0.1227614 0.9905157 0.06171172 -0.1233141 0.9905637 0.05980956 -0.1269585 0.9902599 0.05715608 -0.1257308 0.9906212 0.05349361 -0.1259175 0.9903562 0.05778926 -0.1246956 0.9907129 0.05421245 -0.1270783 0.990579 0.05103486 -0.1278138 0.9903625 0.05334633 -0.1284981 0.9903827 0.05128878 -0.1276591 0.9904057 0.0529139 -0.1274636 0.99049 0.05179417 -0.126586 0.9904062 0.05542182 -0.1263652 0.9905314 0.05365967 -0.124992 0.990413 0.05881398 -0.1235494 0.9904722 0.06083083 -0.1246626 0.9905877 0.05652761 -0.1221767 0.9904987 0.06312787 -0.1235488 0.9904865 0.06059902 -0.122141 0.9904724 0.06360781 -0.1213908 0.9904958 0.06467211 -0.1157853 0.9903362 0.07634204 -0.1143487 0.9903212 0.07866692 -0.1172859 0.9900178 0.0781601 -0.1086466 0.989539 0.09491318 -0.1146605 0.990042 0.08166927 -0.1062056 0.9893298 0.09973561 -0.1037044 0.9890679 0.1048336 -0.09833312 0.9884585 0.1152408 -0.1049872 0.9878873 0.1142652 -0.1062988 0.9876975 0.1146917 -0.1107543 0.989891 0.08859729 -0.2215048 0.9663138 -0.1310473 -0.1249663 0.9902591 0.0614047 -0.1244384 0.9903342 0.06126564 -0.1249448 0.9902371 0.06180065 -0.1242516 0.9903086 0.06205213 -0.1244676 0.9903067 0.0616492 -0.1243217 0.9902966 0.06210333 -0.1240153 0.9903087 0.06252086 -0.1223948 0.9904567 0.06336551 -0.1234705 0.9903228 0.06337136 -0.1235508 0.9902348 0.06457793 -0.1230447 0.9902473 0.06534808 -0.1210044 0.9905055 0.06524586 -0.121698 0.9904043 0.06549072 -0.1224263 0.9902421 0.06657671 -0.1222526 0.9902716 0.06645619 -0.1224466 0.9902585 0.0662955 -0.1225308 0.990243 0.06637042 -0.1229447 0.9903124 0.06454449 -0.1227693 0.9902909 0.06520473 -0.12357 0.9903158 0.06328666 -0.1235767 0.9903142 0.06329852 -0.1242744 0.9903155 0.06189531 -0.1264106 0.9900851 0.0612533 -0.1256785 0.9903836 0.0578382 -0.1249349 0.9902577 0.06148988 -0.1244547 0.990486 0.05872333 -0.1281259 0.9901775 0.05596673 -0.1277892 0.9903655 0.05335056 -0.1299269 0.9900974 0.05316138 -0.1290775 0.9903012 0.05140775 -0.1215346 0.9903235 0.06699806 -0.1208356 0.9903155 0.06836736 -0.1139276 0.9897331 0.08630788 -0.1117913 0.9895809 0.09073317 -0.09479349 0.9884214 0.118479 -0.09296697 0.9879689 0.1235912 -0.09253764 0.9883238 0.1210491 -0.104162 0.9888831 0.1061152 -0.09519046 0.98831 0.1190881 -0.196514 0.9774126 -0.07776325 -0.2454994 0.9519972 -0.1828427 -0.2508701 0.9487893 -0.191998 -0.2533913 0.9462227 -0.2011361 -0.1255549 0.9901698 0.06164234 -0.1257359 0.9901393 0.06176537 -0.1257905 0.990108 0.06215292 -0.125544 0.990142 0.06210982 -0.125324 0.9901384 0.06260901 -0.12529 0.9901443 0.06258428 -0.1253111 0.9900876 0.06343346 -0.1248388 0.9901748 0.06300175 -0.125343 0.9900498 0.063959 -0.1242389 0.9902011 0.06377136 -0.1243572 0.9901541 0.06426638 -0.1224659 0.9903604 0.06471854 -0.124167 0.9901314 0.06498014 -0.1240578 0.9900581 0.06629294 -0.1241386 0.9901579 0.0646317 -0.1242282 0.9903254 0.06183087 -0.1274891 0.9900243 0.05998837 -0.1283623 0.9899648 0.05910092 -0.1271502 0.9902302 0.05724614 -0.1279688 0.9903292 0.05359399 -0.1282866 0.9901586 0.05593448 -0.1308043 0.9900199 0.0524494 -0.1299553 0.9900405 0.05414426 -0.1286612 0.990105 0.05602097 -0.1289387 0.9900396 0.05653774 -0.1271961 0.990127 0.05890375 -0.1213303 0.9901276 0.07018917 -0.1199452 0.9900999 0.07290649 -0.119944 0.9900997 0.0729115 -0.1187125 0.9900685 0.07531118 -0.09802585 0.9879189 0.1200298 -0.09387576 0.9881854 0.1211481 -0.09266513 0.9879931 0.1236244 -0.09565502 0.9880707 0.120692 -0.09787344 0.9882566 0.1173444 -0.09455496 0.9878705 0.1231719 -0.113469 0.9894818 0.08972537 -0.1391374 0.9894963 0.03921723 -0.1561657 0.987717 0.005249261 -0.2293528 0.9624276 -0.1453636 -0.2403977 0.9553955 -0.1715469 -0.2495244 0.950305 -0.1861667 -0.2396382 0.9567828 -0.1647436 -0.1267424 0.9899761 0.0623216 -0.1265833 0.9899863 0.06248265 -0.1263731 0.9899753 0.0630775 -0.1260265 0.9899093 0.06478416 -0.1252202 0.9900702 0.06388276 -0.1252447 0.9900054 0.06483119 -0.1252724 0.989977 0.06521105 -0.1238134 0.9901297 0.06567859 -0.123577 0.9901688 0.06553393 -0.1244186 0.9900361 0.06594485 -0.1246721 0.9899566 0.06665503 -0.1241641 0.9899731 0.06735426 -0.1241811 0.9899699 0.06737029 -0.1239352 0.9900728 0.06630212 -0.1245065 0.9899346 0.06728899 -0.1254516 0.9899023 0.06599551 -0.1257895 0.9899603 0.06446593 -0.1269143 0.9898597 0.06380039 -0.1257006 0.9899836 0.06428134 -0.1260606 0.9900401 0.06268656 -0.1269356 0.9900116 0.06135457 -0.1295622 0.9898869 0.05777066 -0.129855 0.9899633 0.05577182 -0.1302753 0.9900324 0.05351942 -0.1309151 0.9898581 0.0551576 -0.1312808 0.9899507 0.05256593 -0.129986 0.9900366 0.05414026 -0.1241354 0.9899423 0.06785899 -0.1231067 0.9899294 0.06988954 -0.1172282 0.9897791 0.08120828 -0.1178641 0.9895463 0.08310306 -0.1031236 0.988449 0.1110586 -0.09694319 0.9882022 0.118569 -0.09479242 0.9876833 0.1244843 -0.09672123 0.987727 0.1226395 -0.1024828 0.9882664 0.113256 -0.109898 0.9889909 0.09909439 -0.1198195 0.989595 0.07965588 -0.1494813 0.9884751 0.02392673 -0.167244 0.9858245 -0.01339781 -0.2065512 0.9736412 -0.09674453 -0.2149736 0.9698839 -0.1145061 -0.2549559 0.9464558 -0.1980379 -0.2544478 0.9459066 -0.2012888 -0.1276648 0.9898334 0.06270319 -0.1274083 0.9898713 0.06262582 -0.1277751 0.9897994 0.06301313 -0.1271465 0.9898915 0.06283903 -0.1271694 0.9898733 0.06307786 -0.1272025 0.9898146 0.06392699 -0.1267654 0.989865 0.06401497 -0.1267576 0.9898425 0.06437754 -0.1269091 0.989835 0.06419283 -0.1268847 0.9897915 0.06490784 -0.1267564 0.9898427 0.06437689 -0.1265483 0.9898318 0.06495046 -0.1248481 0.9900301 0.06521999 -0.1263202 0.9897888 0.06604188 -0.1252757 0.9899163 0.06611901 -0.1247502 0.9899481 0.06663471 -0.1261515 0.9898154 0.06596636 -0.1280661 0.989758 0.06307393 -0.128778 0.989785 0.06117182 -0.1283911 0.9898971 0.06016421 -0.1290679 0.9898648 0.0592398 -0.1304844 0.9897551 0.0579552 -0.1327131 0.9897195 0.05331683 -0.1314631 0.9897927 0.05502712 -0.1304877 0.9898154 0.05690711 -0.1300501 0.9897554 0.05891728 -0.1285554 0.9898506 0.0605753 -0.1305014 0.9898123 0.05693179 -0.1274986 0.9898574 0.06266045 -0.1262795 0.9898583 0.06506866 -0.1285248 0.98984 0.06081247 -0.127497 0.9898572 0.06266766 -0.1233793 0.9897862 0.0714209 -0.1262807 0.9898586 0.06506395 -0.1221047 0.9897623 0.07389968 -0.1253735 0.989854 0.06686246 -0.1200955 0.9897548 0.07721722 -0.1221054 0.9897606 0.07392114 -0.1166436 0.989304 0.0875895 -0.1199876 0.9897018 0.07806068 -0.1142943 0.9891878 0.09189325 -0.1186338 0.9897031 0.0800867 -0.1119133 0.9890302 0.09640961 -0.1094723 0.9888215 0.1012321 -0.1068764 0.9885609 0.1064186 -0.1017215 0.9879472 0.1166761 -0.09612441 0.9878535 0.1220882 -0.09490782 0.9876521 0.1246435 -0.1008669 0.987824 0.1184461 -0.09786707 0.9878275 0.1209083 -0.1223518 0.9891911 0.08081507 -0.188546 0.9804821 -0.05572754 -0.1992892 0.9769445 -0.07657223 -0.2364027 0.9586426 -0.1584869 -0.2225153 0.9672137 -0.1224124 -0.1285271 0.9896888 0.06322187 -0.128184 0.9897331 0.06322431 -0.1285785 0.9896628 0.063524 -0.1284115 0.9896677 0.0637837 -0.1282836 0.9896916 0.06367027 -0.1257779 0.9898362 0.06636524 -0.125678 0.9898559 0.06626129 -0.1258226 0.9897981 0.06684803 -0.125793 0.9897098 0.06819671 -0.1258566 0.9896979 0.06825101 -0.1260888 0.9897117 0.06762027 -0.1257848 0.9897761 0.06724327 -0.1274705 0.9897772 0.06397336 -0.1276801 0.9896093 0.06611663 -0.1285315 0.9895451 0.06542366 -0.1295108 0.9897683 0.05988144 -0.1313706 0.9897224 0.05649417 -0.1312074 0.9895749 0.0593816 -0.1324469 0.98966 0.0550549 -0.1315301 0.9896795 0.0568723 -0.1322223 0.9897183 0.05454331 -0.1329072 0.9896931 0.05332255 -0.1321196 0.9897087 0.05496668 -0.1325599 0.9896759 0.0544942 -0.09795111 0.9875953 0.1227242 -0.09696352 0.9873976 0.1250768 -0.1280894 0.9893741 0.06879043 -0.1419761 0.9890413 0.04049921 -0.1590035 0.9872564 0.006531 -0.1781109 0.9834251 -0.03393751 -0.2090541 0.9732154 -0.09564602 -0.2172069 0.9695114 -0.1134408 -0.2243154 0.965838 -0.1297672 -0.2317644 0.9620333 -0.1441432 -0.2431184 0.9549248 -0.1703293 -0.2481206 0.9515866 -0.1814363 -0.2423821 0.9567103 -0.1611099 -0.1291217 0.9895929 0.06351023 -0.1288045 0.9896271 0.06362038 -0.128655 0.9895945 0.06442421 -0.12859 0.9895984 0.06449532 -0.1284252 0.9895952 0.0648725 -0.1285829 0.9896025 0.06444776 -0.1284107 0.9895985 0.06485038 -0.1281815 0.9895627 0.06584346 -0.1279363 0.9896519 0.06497359 -0.1278336 0.989638 0.06538498 -0.1278598 0.9896011 0.06589037 -0.1277764 0.9895808 0.06635665 -0.127388 0.9895806 0.06710118 -0.1268864 0.9896154 0.06753766 -0.1272169 0.9895284 0.06818777 -0.1268692 0.9895933 0.06789302 -0.1282598 0.9897365 0.06301647 -0.1307526 0.9895852 0.06020808 -0.1297371 0.9895946 0.06221503 -0.132381 0.9895593 0.05698853 -0.1328946 0.9895488 0.05596804 -0.1199721 0.9865422 0.1110909 -0.09720784 0.9873991 0.1248752 -0.1007735 0.9874707 0.1214348 -0.1001186 0.9877342 0.1198232 -0.0977807 0.9874098 0.124342 -0.1164286 0.989018 0.09103715 -0.1696845 0.9854217 -0.01229906 -0.1290713 0.9896019 0.06347262 -0.1302664 0.9893989 0.06419068 -0.1296095 0.9894716 0.06439942 -0.1292369 0.9895135 0.06450688 -0.1292977 0.9895296 0.06413602 -0.1279489 0.9894993 0.06723177 -0.1275418 0.9895622 0.06708174 -0.1268532 0.9896253 0.06745386 -0.1270597 0.9895414 0.0682916 -0.1267393 0.9895923 0.06815028 -0.127399 0.989458 0.06886494 -0.1272119 0.9894813 0.06887513 -0.1276381 0.9894626 0.0683549 -0.1268927 0.9895483 0.06850177 -0.1269451 0.9896727 0.06658077 -0.1278623 0.9895938 0.06599694 -0.128323 0.9893659 0.06847321 -0.1304944 0.9896421 0.05983215 -0.133376 0.9893435 0.05839765 -0.1340565 0.9894044 0.05574929 -0.1333596 0.9893627 0.05811017 -0.1342058 0.9893567 0.05623245 -0.1348028 0.9893941 0.05410629 -0.1346286 0.9894144 0.05416959 -0.1340584 0.9893915 0.0559715 -0.1344044 0.9893831 0.05528736 -0.1259482 0.98949 0.07104021 -0.1267904 0.9894988 0.06940138 -0.2070448 0.9703395 0.1247946 -0.1201081 0.9893223 0.0825572 -0.09896236 0.9875848 0.1219949 -0.09762305 0.9872016 0.1261066 -0.09894621 0.9873924 0.1235554 -0.1351073 0.9892712 0.05557495 -0.1907724 0.980108 -0.05471998 -0.2387193 0.9582649 -0.1572947 -0.2534934 0.9484181 -0.1903795 -0.1306375 0.9893461 0.0642513 -0.1301317 0.989421 0.064125 -0.130418 0.9893682 0.06435787 -0.1303132 0.9893624 0.06465816 -0.1303207 0.9893612 0.06465959 -0.1301893 0.9893604 0.06493747 -0.1293724 0.9894393 0.06536769 -0.1297852 0.9893673 0.06563645 -0.1289915 0.989431 0.0662387 -0.129771 0.9893301 0.06622409 -0.1288701 0.9894022 0.06690055 -0.1288153 0.9893863 0.06724125 -0.1291064 0.9894017 0.06645244 -0.1288794 0.9894012 0.06689983 -0.1278207 0.9893946 0.06899636 -0.1281431 0.9893782 0.06863105 -0.127483 0.9894601 0.0686807 -0.1296306 0.9893578 0.06608521 -0.1303235 0.9893803 0.0643621 -0.1295242 0.9894185 0.06538045 -0.1311973 0.9893928 0.0623629 -0.1302666 0.9894085 0.06404346 -0.1323875 0.9893258 0.06089448 -0.1313653 0.9893391 0.0628609 -0.1315872 0.9893761 0.06180524 -0.1330101 0.9893745 0.0587061 -0.1348702 0.9893395 0.05492985 -0.1350595 0.9893334 0.05457502 -0.1350437 0.9893308 0.05466246 -0.1331341 0.989397 0.0580427 -0.1341149 0.9893691 0.05623203 -0.1321094 0.9894207 0.05994933 -0.1339264 0.9893412 0.0571646 -0.1331492 0.989404 0.05789011 -0.1321073 0.989421 0.05994731 -0.131169 0.9894312 0.06181335 -0.1300891 0.98944 0.06391698 -0.1288609 0.9894421 0.06632697 -0.1259877 0.9893514 0.07287627 -0.1229071 0.9893435 0.07806116 -0.1997182 0.9717956 0.1254038 -0.1899802 0.9737974 0.1250054 -0.17765 0.976297 0.1236317 -0.1622703 0.9792985 0.1210084 -0.1435024 0.9827263 0.116859 -0.103062 0.9876198 0.1182605 -0.1028802 0.98751 0.1193301 -0.1006531 0.9874341 0.1218313 -0.1516497 0.988119 0.02496463 -0.1796069 0.9831841 -0.03302204 -0.2259324 0.9655919 -0.1287903 -0.1290931 0.9893009 0.06796252 -0.1275437 0.989484 0.06822061 -0.1280646 0.989341 0.06931155 -0.1281151 0.989329 0.06938809 -0.1280817 0.9893344 0.06937313 -0.1280778 0.9893342 0.06938165 -0.1281382 0.9893289 0.06934738 -0.1283047 0.9893088 0.06932473 -0.1285648 0.9892817 0.06923156 -0.1286411 0.9892643 0.06933683 -0.1284592 0.9893137 0.06896865 -0.1285123 0.9893257 0.06869703 -0.128972 0.9892899 0.06834906 -0.1296727 0.9891752 0.06868517 -0.1291932 0.9893065 0.06768894 -0.129123 0.9893926 0.06655389 -0.1325334 0.9892802 0.06131702 -0.1325013 0.9893753 0.05983388 -0.2105379 0.9731065 0.09347563 -0.136282 0.9890762 0.05617451 -0.1355861 0.9892491 0.05479568 -0.1355981 0.9892616 0.05454087 -0.1356944 0.9892528 0.05446195 -0.2695842 0.9038066 0.3323522 -0.2827391 0.9496561 0.1349515 -0.1311702 0.9894314 0.0618059 -0.291789 0.9459289 0.1416958 -0.1300852 0.9894379 0.06395632 -0.2992336 0.9426527 0.1478686 -0.1288597 0.9894419 0.06633281 -0.3047708 0.9399773 0.1534844 -0.1275816 0.9894352 0.06885409 -0.3082572 0.9380455 0.1582669 -0.3088377 0.9370673 0.1628624 -0.1240235 0.9894536 0.07483136 -0.1230089 0.9892867 0.07861793 -0.3038911 0.9380567 0.1664329 -0.1208972 0.9892711 0.08201587 -0.09938532 0.9870607 0.1258325 -0.1003285 0.9871987 0.123988 -0.09905815 0.9870133 0.1264607 -0.09939688 0.9870665 0.1257777 -0.09939253 0.9870103 0.1262215 -0.1002179 0.9871512 0.1244553 -0.2008762 0.9767003 -0.07553458 -0.2564236 0.9466798 -0.1950492 -0.1311751 0.9892517 0.06460869 -0.1309349 0.9892825 0.06462448 -0.1307927 0.9892832 0.06490224 -0.1311224 0.9892391 0.06490695 -0.1305812 0.9892877 0.06525737 -0.1309213 0.9892429 0.06525653 -0.1302117 0.9893027 0.0657655 -0.1305986 0.9892581 0.06566971 -0.1299568 0.9892994 0.06631767 -0.1304703 0.9892399 0.06619721 -0.1298985 0.9892712 0.06684935 -0.1299567 0.9892238 0.06743615 -0.1301505 0.989246 0.066733 -0.129419 0.989268 0.06782114 -0.129778 0.9892611 0.06723308 -0.1293542 0.9892769 0.06781399 -0.129141 0.9892554 0.06853079 -0.12857 0.9893208 0.06866097 -0.0972895 0.9937582 0.05458384 -0.09535545 0.9943379 0.04689991 -0.09055835 0.9945683 0.05131471 -0.0885365 0.9951147 0.0436818 -0.08376252 0.9953302 0.04797542 -0.0816642 0.9958391 0.04044395 -0.07698291 0.9960368 0.04454797 -0.07483333 0.9965013 0.03722029 -0.07025671 0.9966807 0.04112821 -0.06806612 0.9971002 0.03403484 -0.06366062 0.9972596 0.03769218 -0.06146162 0.9976302 0.03092896 -0.05736929 0.9977663 0.03422331 -0.05488717 0.9981043 0.02784639 -0.04848158 0.9983807 0.02975833 -0.04855072 0.9983949 0.02916234 -0.04127341 0.9989188 0.02139574 -0.03887587 0.99897 0.02340525 -0.03327006 0.999288 0.01779574 -0.0325005 0.9992942 0.01884263 -0.03050482 0.9993888 0.01707601 -0.03503823 0.9992187 0.01828533 -0.03716766 0.9991572 0.01742446 -0.04266119 0.9987914 0.0244075 -0.04853159 0.998587 0.02164828 -0.05292499 0.9981626 0.02950161 -0.06036579 0.9978323 0.02620369 -0.06640666 0.9971224 0.03656691 -0.07598775 0.9965791 0.03250044 -0.08391296 0.9954259 0.04567092 -0.09597373 0.994539 0.04100292 -0.1058469 0.9927468 0.05701059 -0.1213872 0.9912463 0.05192172 -0.133686 0.9884527 0.07133942 -0.1502273 0.9865265 0.06478559 -0.1646862 0.9824789 0.0872569 -0.1849718 0.979426 0.08068639 -0.2013626 0.9737601 0.1060396 -0.2235093 0.9696745 0.0988689 -0.2414548 0.9621275 0.1265323 -0.2655298 0.9566789 0.1194135 -0.2841008 0.9472565 0.1482974 -0.3090091 0.9405336 0.1411026 -0.3275302 0.929341 0.1704386 -0.3527336 0.9213821 0.1632 -0.3706631 0.9086188 0.192408 -0.3952682 0.8996931 0.1852447 -0.4119488 0.8858605 0.2134237 -0.4354251 0.8762407 0.2064149 -0.4505445 0.8618014 0.2330412 -0.472569 0.8517881 0.2261319 -0.4860212 0.8371 0.2510914 -0.5060721 0.8270693 0.2446374 -0.5174589 0.8129633 0.2670714 -0.2724776 0.9513193 0.1440398 -0.2828822 0.9474304 0.14951 -0.2918616 0.9439372 0.1542708 -0.2992601 0.9409621 0.1582205 -0.3047733 0.9386794 0.1612274 -0.308302 0.9372058 0.1630808 -0.3089521 0.9368042 0.1641544 -0.3038715 0.9388942 0.1616789 -0.2965121 0.9402111 0.167582 -0.2963868 0.9418848 0.1581391 -0.2892605 0.9439574 0.1589742 -0.2753433 0.9489609 0.1538162 -0.2567561 0.955305 0.1465216 -0.2326458 0.962903 0.1367248 -0.2021552 0.9714682 0.1240276 -0.164008 0.9805687 0.1076397 -0.1138039 0.9874606 0.1094092 -0.1009967 0.9872136 0.1233245 -0.1025144 0.9872084 0.1221078 -0.1021386 0.9873623 0.1211757 -0.1001539 0.9870887 0.1250007 -0.1297049 0.9891145 0.06949132 -0.1437739 0.9887475 0.04132241 -0.1607112 0.9869729 0.007507562 -0.2107343 0.9729485 -0.09467017 -0.2186065 0.9692789 -0.1127367 -0.2447623 0.9546953 -0.1692583 -0.2497661 0.9513942 -0.1801832 -0.257386 0.9455153 -0.199382 -0.2570961 0.946226 -0.1963623 -0.1296802 0.9892228 0.06797999 -0.1271879 0.9899278 0.06217908 -0.1229912 0.9901757 0.06652307 -0.1213237 0.9908521 0.05910003 -0.1167682 0.9911122 0.06373327 -0.1151284 0.9917596 0.05619913 -0.1104269 0.9920228 0.06080061 -0.1086866 0.992653 0.05317324 -0.1039254 0.9929075 0.05774366 -0.1020889 0.9935144 0.0500701 -0.1133178 0.9884256 0.100866 -0.1182301 0.9887196 0.09195333 -0.2574371 0.945565 -0.1990804 -0.1315518 0.9891944 0.0647189 -0.1314166 0.9892135 0.0647037 -0.1312329 0.9892207 0.06496381 -0.1315559 0.9891777 0.06496638 -0.1310552 0.9892205 0.06532508 -0.1314138 0.9891793 0.06522947 -0.1308879 0.9892101 0.06581693 -0.1312599 0.9891742 0.06561499 -0.1305837 0.989221 0.06625461 -0.1311092 0.9891608 0.06611663 -0.1303311 0.9892162 0.06682378 -0.1306824 0.9891746 0.06675267 -0.1299821 0.9892273 0.067335 -0.1304184 0.989176 0.0672459 -0.1295382 0.9891955 0.06864553 -0.1301526 0.9891802 0.06769818 -0.104436 0.9875296 0.1178069 -0.1050783 0.9874253 0.1181101 -0.1040081 0.9873144 0.1199694 -0.1020968 0.9872182 0.1223783 -0.1241497 0.9888945 0.08169829 -0.136389 0.9890574 0.05624634 -0.2332856 0.96183 -0.1430415 -0.2525125 0.9503552 -0.181831 -0.1297739 0.9891969 0.0681796 -0.1293597 0.9892195 0.06863576 -0.1143563 0.9882497 0.1014161 -0.1809762 0.9829483 -0.0325635 -0.1846727 0.9824799 -0.02508687 -0.1324453 0.9890413 0.06523525 -0.1320981 0.9890985 0.06507205 -0.1319078 0.9891189 0.06514757 -0.1318655 0.9891038 0.06546121 -0.1320754 0.9890841 0.06533724 -0.1315552 0.9891253 0.06576138 -0.1319087 0.9890921 0.06555128 -0.13134 0.9891244 0.06620222 -0.1316935 0.9890946 0.06594461 -0.1307719 0.9891172 0.06742304 -0.1312026 0.9890787 0.06715166 -0.1306419 0.9890989 0.0679419 -0.1308748 0.9890863 0.06767821 -0.1304569 0.9890883 0.06845009 -0.1303513 0.9890821 0.0687403 -0.1306703 0.9890891 0.06802886 -0.1065236 0.9876515 0.1148799 -0.1070919 0.9875408 0.1153016 -0.1390749 0.9886007 0.05768078 -0.2415565 0.9579861 -0.1546389 -0.247052 0.9545457 -0.1667563 -0.2562094 0.9483261 -0.1871748 -0.1304474 0.9890912 0.06842613 -0.1299115 0.9891325 0.06884753 -0.1124631 0.9875394 0.1100826 -0.1727384 0.9849141 -0.0102849 -0.2584667 0.9463378 -0.1940102 -0.1327285 0.9889915 0.06541496 -0.1323887 0.9890525 0.06518071 -0.1322197 0.9890615 0.06538695 -0.1320559 0.9890649 0.06566572 -0.1320953 0.9890324 0.06607437 -0.1319612 0.989051 0.06606489 -0.1317728 0.9890452 0.06652599 -0.1318287 0.9890329 0.06659656 -0.1316794 0.9890329 0.06689184 -0.1314321 0.9890495 0.06713247 -0.1312047 0.9890783 0.06715226 -0.1305972 0.9890307 0.06901162 -0.1306056 0.9890128 0.06925272 -0.130249 0.989054 0.0693354 -0.1021064 0.986952 0.1244997 -0.1053518 0.9867122 0.1236938 -0.1009216 0.9868074 0.1265943 -0.1022688 0.9870064 0.1239331 -0.1009506 0.9868197 0.1264753 -0.1005582 0.9867573 0.1272714 -0.1016954 0.9868921 0.1253079 -0.1005548 0.9867547 0.127295 -0.103269 0.9871047 0.122311 -0.1017339 0.9869096 0.1251384 -0.1032789 0.9871109 0.1222518 -0.1064519 0.9868782 0.1214065 -0.1453301 0.9884709 0.04248201 -0.153663 0.9877772 0.02615475 -0.1624829 0.9866778 0.00814855 -0.2202246 0.9690679 -0.1113941 -0.2276732 0.965353 -0.1275092 -0.2514171 0.9512525 -0.1786288 -0.2584595 0.9455119 -0.1980049 -0.2240417 0.9687417 -0.1065121 -0.1313338 0.9890167 0.06780523 -0.1213741 0.9881751 0.09369337 -0.1270493 0.9883782 0.08346861 -0.1926075 0.9798231 -0.05337828 -0.2026793 0.9764073 -0.07449781 -0.2359389 0.9615787 -0.1403548 -0.2585799 0.9456195 -0.1973331 -0.1326478 0.9889807 0.06574159 -0.1325751 0.9889963 0.06565296 -0.1324974 0.9889992 0.06576699 -0.1323448 0.9889931 0.06616258 -0.1324638 0.9889705 0.0662623 -0.1320562 0.989005 0.06656157 -0.1318651 0.9889685 0.06747525 -0.1312184 0.9890381 0.06771582 -0.1313965 0.9889649 0.06843614 -0.1313709 0.988971 0.06839632 -0.1308528 0.9890237 0.06862741 -0.1061449 0.9873616 0.1176882 -0.1078852 0.98702 0.1189637 -0.1102337 0.9869761 0.1171614 -0.1173168 0.9877321 0.1030642 -0.1328514 0.9885576 0.07144618 -0.1493619 0.9877602 0.04495501 -0.1574481 0.9871106 0.02868795 -0.1662348 0.9860257 0.01092565 -0.1837844 0.9824928 -0.03051882 -0.2133576 0.9725764 -0.09259432 -0.2560566 0.9512244 -0.1720676 -0.2587151 0.947025 -0.19029 -0.2553246 0.9515312 -0.1714575 -0.1337457 0.9888174 0.06597232 -0.1332321 0.9889084 0.06564682 -0.1321205 0.9890692 0.06547147 -0.1329662 0.9888926 0.06641781 -0.1334418 0.9888082 0.06672221 -0.132754 0.9888929 0.06683659 -0.1321499 0.9889265 0.06753492 -0.130704 0.9890825 0.06806135 -0.1313576 0.9888735 0.06981694 -0.1061317 0.9861186 0.127696 -0.1069334 0.9864655 0.1243036 -0.1128594 0.9857046 0.1250976 -0.178904 0.9838501 -0.005707085 -0.1891574 0.9815862 -0.02661263 -0.1962708 0.9792481 -0.05050969 -0.2063689 0.9758424 -0.07171946 -0.2236741 0.9686442 -0.1081595 -0.2311521 0.9649244 -0.1244571 -0.2445171 0.9582008 -0.1485353 0.04635882 -0.8308269 0.5545968 0.02450692 -0.9136541 0.4057531 -0.1347894 0.9886382 0.06653219 -0.1344921 0.9886904 0.06635671 -0.1353536 0.9885053 0.06735658 -0.1334314 0.9888141 0.06665509 -0.1342316 0.9886311 0.06775331 -0.1343287 0.9886126 0.06783026 -0.1338081 0.9886449 0.06838607 -0.1334936 0.9887034 0.06815516 -0.133942 0.9885563 0.06939816 -0.1339545 0.9885538 0.06940919 -0.1332442 0.9886083 0.06999719 -0.1327016 0.9887313 0.06928724 -0.109404 0.9874017 0.1143194 -0.1038485 0.9865638 0.1261252 -0.1053329 0.9859129 0.1299262 -0.1026875 0.9865109 0.1274816 -0.1027548 0.9864602 0.1278198 -0.127327 0.9870892 0.09717375 -0.1326357 0.9873518 0.08685714 -0.1385272 0.9875134 0.07501643 -0.1453004 0.9874689 0.06158709 -0.2186976 0.9718096 -0.08807718 -0.2110705 0.9751178 -0.06778305 -0.2407008 0.9610943 -0.1355029 -0.2465341 0.9576315 -0.1488726 -0.2519661 0.9543337 -0.1605002 -0.2605158 0.9485815 -0.1797913 -0.2624348 0.9467368 -0.1865945 -0.2606189 0.945658 -0.1944447 -0.1376522 0.9881526 0.06786918 -0.1362602 0.9883854 0.06728714 -0.1370404 0.9882137 0.06821858 -0.1369009 0.988239 0.0681324 -0.1365423 0.9882338 0.06892257 -0.1362018 0.9882338 0.06959336 -0.1360465 0.988263 0.06948149 -0.1349648 0.9883811 0.0699104 -0.1360679 0.9881706 0.07074189 -0.1349426 0.988313 0.07090848 -0.135815 0.9881407 0.07164061 -0.1320117 0.9886468 0.07176715 -0.1090139 0.9862222 0.124426 -0.1050149 0.9862428 0.1276597 -0.1116708 0.9855662 0.1272358 -0.1078253 0.9857484 0.1291279 -0.1080074 0.9858917 0.1278753 -0.1121585 0.9849499 0.1315077 -0.1125841 0.9850275 0.1305598 -0.1043826 0.9861704 0.1287333 -0.1074438 0.9862348 0.1256859 -0.1155458 0.9860156 0.1200932 -0.1186889 0.9864091 0.1136227 -0.1227176 0.9867457 0.1061761 -0.1543353 0.9868367 0.04831176 -0.1623301 0.9862191 0.03195327 -0.1712126 0.9851285 0.01443552 -0.2010279 0.9784662 -0.04681593 -0.2355157 0.9644336 -0.120001 -0.26157 0.9459831 -0.1915653 -0.2620657 0.9477946 -0.1816789 -0.1433769 0.9871279 0.07086443 -0.1433476 0.9871057 0.07123124 -0.1387716 0.9879429 0.06863808 -0.1430123 0.9871388 0.0714451 -0.1387407 0.987879 0.06961447 -0.1365628 0.98823 0.06893634 -0.1426771 0.9871429 0.07205575 -0.1383414 0.9878919 0.07022362 -0.1418825 0.9872263 0.0724824 -0.1378248 0.9879072 0.07101821 -0.1413626 0.9872491 0.07318383 -0.1372137 0.9879328 0.07184189 -0.141303 0.9871984 0.07397806 -0.1349545 0.9883233 0.07074272 -0.1413336 0.9872599 0.07309305 -0.1132577 0.985107 0.129372 -0.1135869 0.9844792 0.1337863 -0.115691 0.9847377 0.1300283 -0.1141116 0.9854981 0.1255868 -0.1167647 0.9858164 0.120549 -0.1200017 0.986169 0.1143251 -0.1238755 0.9865485 0.1066629 -0.1285179 0.9868806 0.0977236 -0.1397775 0.9872931 0.07559579 -0.146553 0.987234 0.06238114 -0.1539975 0.9869147 0.04779231 -0.1620842 0.9862694 0.03164774 -0.1707834 0.9852091 0.0140081 -0.1800941 0.9836356 -0.005218744 -0.1901952 0.9814036 -0.02594125 -0.2007534 0.9784976 -0.04733484 -0.2106714 0.9751679 -0.06830108 -0.2196763 0.9716356 -0.08755922 -0.2281616 0.9680388 -0.1041315 -0.2279141 0.9680247 -0.1048014 -0.2417138 0.9609039 -0.1350484 -0.2476331 0.9574803 -0.1480183 -0.2529407 0.9542042 -0.1597359 -0.2576144 0.9511986 -0.169871 -0.2259028 -0.3047643 0.9252495 0.02407968 -0.7345682 0.6781076 -0.2629205 0.9480398 -0.1791461 0.01519852 -0.5577383 0.8298778 -0.1393816 0.9878487 0.06875997 -0.1456519 0.9867092 0.0720458 -0.1458892 0.9866635 0.07219111 -0.1459125 0.9866238 0.07268399 -0.1451571 0.9867711 0.07219636 -0.1458235 0.9866113 0.07303184 -0.144844 0.986767 0.07287728 -0.1455937 0.9866093 0.07351619 -0.1445172 0.986781 0.07333564 -0.144503 0.9867841 0.07332259 -0.1441683 0.9867717 0.07414412 -0.1436899 0.9867396 0.07548761 -0.1452871 0.9867327 0.07245957 -0.1384353 0.9880908 0.06717282 -0.1063794 0.9861149 0.1275176 -0.104435 0.9849912 0.1374257 -0.1110896 0.9845166 0.1355965 -0.1147159 0.9847547 0.1307619 -0.1130719 0.9853278 0.127843 -0.1148842 0.984667 0.131273 -0.1135037 0.9845015 0.1336935 -0.1154875 0.9848794 0.1291332 -0.1337973 0.9871519 0.08734667 -0.2352119 0.9644391 -0.1205511 -0.1449064 0.9868471 0.07165968 -0.1420344 0.9873742 0.07013213 -0.1419737 0.9873765 0.07022386 -0.1451802 0.9867802 0.07202553 -0.1420655 0.9873175 0.07086491 -0.1445397 0.9868742 0.07202565 -0.144631 0.9868116 0.07269698 -0.1414234 0.9873701 0.07141363 -0.1443264 0.9868156 0.07324665 -0.1418523 0.9872284 0.0725131 -0.1410293 0.9872967 0.07318508 -0.1405404 0.9873234 0.07376462 -0.1441724 0.986959 0.07159793 -0.142495 0.987455 0.06802773 -0.1415165 0.9879608 0.06250286 -0.1390186 0.9882776 0.06309813 -0.1001636 0.9841188 0.1465527 -0.1071206 0.9846557 0.1377614 -0.08401978 0.9895594 0.1171028 -0.09717184 0.9877715 0.1219226 -0.1115782 0.9850687 0.1311105 -0.1117907 0.9848446 0.1326045 -0.1125833 0.9851124 0.129918 -0.08649188 0.9898044 0.1131658 -0.09985685 0.98804 0.1174966 -0.08871954 0.9901067 0.1087096 -0.1024831 0.9883916 0.1121577 -0.1059937 0.9887049 0.1059632 -0.09161722 0.9904244 0.1032754 -0.109838 0.9890917 0.09814924 -0.0957995 0.9908036 0.09555536 -0.1145385 0.9894629 0.08856672 -0.1000409 0.9911314 0.08746713 -0.1072144 0.9910546 0.07947236 -0.1085267 0.9915732 0.07074379 -0.1196973 0.9897459 0.07794666 -0.1260415 0.9898079 0.06628626 -0.1222883 0.9915212 0.04394686 -0.140511 0.9893451 0.0381186 -0.1327885 0.9897339 0.052859 -0.1305289 0.9910674 0.02734482 -0.1487194 0.9886347 0.02200424 -0.1392295 0.9902026 0.01068174 -0.1577225 0.9874752 0.004059016 -0.1488716 0.988815 -0.009064137 -0.1674585 0.9857686 -0.01477122 -0.1595236 0.9867754 -0.02874898 -0.1776847 0.9834306 -0.03595197 -0.1703871 0.9840217 -0.05166852 -0.188458 0.9804091 -0.05728513 -0.1991996 0.9768322 -0.07822102 -0.1824414 0.9804779 -0.07333666 -0.2082899 0.9731487 -0.09796488 -0.1938284 0.9764361 -0.09488463 -0.2169589 0.9693112 -0.1156056 -0.2031073 0.9724737 -0.114204 -0.2122309 0.9681931 -0.1325146 -0.2147301 0.9661329 -0.1431025 -0.223946 0.9653362 -0.1340685 -0.2312763 0.9615761 -0.1479277 0.2291683 -0.9577217 0.1739286 -0.2750657 0.9588997 -0.06964379 -0.06781286 -0.7339784 0.6757789 0.2360685 -0.9534911 0.1874204 0.06821 -0.8351532 0.5457717 0.2417731 -0.9495443 0.1997787 0.2481213 -0.9455774 0.2105216 0.2525792 -0.9436621 0.2137889 0.1432576 -0.8717538 0.4685326 0.2526692 -0.9433817 0.2149168 0.2458341 -0.9448514 0.2163828 0.2359452 -0.9534859 0.1876025 -0.1810107 0.9826037 0.04153692 0.1981289 -0.9799633 0.02041715 0.2173271 -0.9552503 0.2006636 -0.1396872 0.9877978 0.06886982 -0.1401532 0.9877005 0.0693168 -0.1390443 0.9878818 0.06896471 -0.1404272 0.9876114 0.07002907 -0.1385295 0.9879166 0.06950157 -0.1398836 0.987645 0.07063883 -0.1385747 0.9878507 0.07034248 -0.1395896 0.9876245 0.07150244 -0.138071 0.98787 0.07105815 -0.1381657 0.9877783 0.07214152 -0.1385512 0.9877048 0.07240855 -0.1376316 0.9878142 0.07266914 -0.1379224 0.9877529 0.07295107 -0.1447038 0.987696 0.05930793 -0.09794795 0.9841884 0.1475787 -0.09759443 0.9837043 0.1510009 -0.1095739 0.9856606 0.1283236 -0.1095529 0.9856672 0.1282903 -0.08423405 0.9894759 0.117653 -0.08383536 0.9895752 0.117101 -0.108295 0.9854447 0.1310385 -0.08472132 0.9898911 0.1137452 -0.08417111 0.9896367 0.1163381 -0.08716344 0.989867 0.1120978 -0.08945006 0.990329 0.1060522 -0.09341824 0.9905202 0.1007122 -0.09668511 0.9910837 0.09167993 -0.1030315 0.9912819 0.08212614 -0.1152101 0.9916615 0.05774235 -0.144384 0.989508 0.005218684 -0.1534788 0.9880443 -0.01458793 -0.1639168 0.9857597 -0.03753817 -0.1746895 0.9828272 -0.05945056 -0.1868063 0.978986 -0.08179068 -0.1961773 0.9749353 -0.1049554 -0.2060058 0.9708216 -0.1227489 -0.2228217 0.9620305 -0.1576324 0.2503783 -0.9448395 0.2111613 0.2563643 -0.9440312 0.2075635 0.2531283 -0.9426847 0.2174205 0.2516898 -0.9396786 0.2316388 -0.2634586 0.945703 -0.1903562 0.2526382 -0.9437158 0.213482 0.2448219 -0.9511797 0.1879348 0.2343875 -0.9556481 0.1783237 -0.112737 0.9921103 0.05484253 -0.1260137 0.9901036 0.06177079 -0.11231 0.9921738 0.05456799 -0.1112422 0.9922991 0.05447661 -0.1254626 0.9901507 0.06213617 -0.1114549 0.9922601 0.05475085 -0.111515 0.9922214 0.05533021 -0.1118823 0.9921696 0.05551385 -0.1265624 0.9899156 0.06363219 -0.1137759 0.9918766 0.05688792 -0.114448 0.9917604 0.05755966 -0.1142618 0.9917641 0.05786329 -0.1154242 0.9916045 0.05829197 -0.1279056 0.9896436 0.0651583 -0.1171 0.991306 0.05999958 -0.1170723 0.9913 0.06015366 -0.1179881 0.9911487 0.06085568 -0.1283642 0.989497 0.06647104 -0.1185966 0.9910421 0.0614041 -0.1185976 0.9910193 0.06177079 -0.117895 0.991105 0.06173992 -0.1168894 0.991241 0.06146615 -0.1272333 0.9896061 0.06701952 -0.1167951 0.9912484 0.06152576 -0.1153333 0.9914271 0.0614053 -0.08615595 0.9890689 0.1196661 -0.1077641 0.9855235 0.1308825 -0.109851 0.98541 0.13 -0.1139572 0.9910374 0.06970494 -0.1196973 0.9913029 0.05469083 -0.1279662 0.9909223 0.04120069 -0.1351076 0.9905551 0.02337753 -0.2235226 0.9646508 -0.1395948 -0.2298056 0.9609414 -0.1542108 0.2357007 -0.9565976 0.171366 0.2396706 -0.9519376 0.1907171 0.2469009 -0.9487221 0.1973986 0.1974592 -0.9535722 0.2273985 0.4519613 -2.50334e-5 0.8920376 0.4520372 1.34215e-4 0.8919992 0.4515484 -8.24746e-4 0.8922463 0.4520041 3.40365e-4 0.8920158 0.4521809 1.38366e-4 0.8919262 0.451706 -8.4431e-5 0.8921669 0.4517887 -1.15135e-4 0.8921251 0.4518965 -1.16133e-4 0.8920704 0.4519259 4.10185e-5 0.8920555 0.451909 3.78356e-5 0.8920641 0.4518935 4.4182e-5 0.8920719 0.4518887 4.61205e-5 0.8920744 0.4518681 0 0.8920848 0.4519342 4.42639e-5 0.8920513 0.4519671 1.32549e-4 0.8920347 0.4518427 -4.81196e-5 0.8920977 0.4518898 0 0.8920738 0.451839 -9.94571e-5 0.8920996 0.451868 4.05263e-4 0.8920848 0.4519223 -1.36863e-4 0.8920573 0.4516777 -8.4174e-5 0.8921813 0.4521236 1.3734e-4 0.8919553 0.4519427 5.80306e-5 0.8920471 0.4519477 5.2847e-5 0.8920445 0.4518425 0 0.8920977 0.4520214 6.67486e-5 0.8920072 0.4518012 -1.30565e-4 0.8921186 0.4518246 -1.06344e-4 0.892107 0.4518114 -5.4765e-5 0.8921136 0.4519625 1.34406e-4 0.892037 0.4518893 0 0.8920741 0.4519 -4.47869e-5 0.8920686 0.4518101 -1.01975e-4 0.8921141 0.4519142 8.08825e-5 0.8920615 0.4518687 -4.81018e-5 0.8920846 0.4518479 -2.99952e-5 0.892095 0.4518846 0 0.8920764 0.451878 1.39799e-4 0.8920798 0.4519116 8.91224e-5 0.8920628 0.451889 1.18689e-4 0.8920742 0.4518861 -1.3326e-4 0.8920758 0.4518831 -1.32436e-4 0.8920773 0.4518461 3.13086e-5 0.8920959 0.4518898 3.57086e-6 0.8920738 0.4518821 -1.0027e-6 0.8920777 0.4518988 -7.87967e-5 0.8920693 0.4517149 0 0.8921623 0.4518803 -1.70137e-6 0.8920786 0.4518925 -3.64445e-6 0.8920724 0.4518827 -6.25981e-6 0.8920774 0.4518874 -9.16765e-6 0.892075 0.4518909 -5.83881e-6 0.8920732 0.4518882 -9.2457e-6 0.8920747 0.4518873 -9.29267e-6 0.8920751 0.4519293 7.82426e-5 0.8920539 0.451981 -5.78425e-5 0.8920276 0.4518824 -6.51104e-5 0.8920776 0.4518279 3.21496e-6 0.8921052 0.4518193 1.07627e-4 0.8921095 0.4518751 -1.14558e-4 0.8920813 0.4520176 -1.53887e-4 0.8920091 0.4519364 -1.51901e-4 0.8920502 0.4518064 8.30526e-5 0.892116 0.4519077 1.04576e-4 0.8920648 0.4518902 1.03939e-5 0.8920737 0.4518936 0 0.892072 0.4518852 -1.17409e-4 0.8920761 0.4518902 4.9582e-5 0.8920736 0.4518998 1.30919e-4 0.8920687 0.4518887 -8.69518e-6 0.8920745 0.4518761 1.50013e-5 0.8920807 0.4519529 0 0.8920418 0.4518888 0 0.8920744 0.4518878 0 0.8920749 0.4518965 1.53694e-5 0.8920704 0.45179 9.74946e-5 0.8921244 0.4519606 0 0.892038 0.4518905 -2.42958e-6 0.8920735 0.4517494 2.78593e-6 0.8921449 0.4518852 0 0.8920761 0.4517869 -1.04548e-4 0.8921259 0.4518913 4.88959e-6 0.892073 0.4518607 0 0.8920885 0.4519231 1.2529e-4 0.8920569 0.4519368 1.02202e-4 0.8920501 0.451847 -1.12107e-4 0.8920955 0.4518247 -1.07654e-4 0.8921068 0.4518552 3.87432e-5 0.8920913 0.4519278 -3.2701e-5 0.8920546 0.4519343 7.26051e-5 0.8920513 -0.8800117 -0.1639474 0.4457587 -0.8920711 3.0519e-5 0.4518952 -0.8920711 -6.1038e-5 0.4518952 -0.7041205 -0.6139958 0.356684 -0.7842597 -0.476562 0.3972724 -0.7842252 -0.4766206 0.3972703 -0.8799872 -0.1640706 0.4457617 -0.8436366 -0.3250273 0.4273575 -0.4872644 -0.8376516 0.2468061 -0.358812 -0.9155399 0.1817712 -0.4872768 -0.8376425 0.2468124 -0.7040578 -0.6140859 0.3566526 -0.6046098 -0.7352916 0.3062571 -0.6046506 -0.7352432 0.3062928 0.07358092 -0.9965928 -0.03726351 -0.2191302 -0.9693613 0.1109995 -0.3587874 -0.915555 0.1817437 -0.2190954 -0.9693728 0.1109668 0.4875747 -0.8374163 -0.2469918 0.3576506 -0.9161154 -0.18116 0.357626 -0.9161304 -0.1811324 0.2191302 -0.9693613 -0.1109995 0.7042272 -0.6138603 -0.3567067 0.7853299 -0.4743354 -0.3978227 0.7042745 -0.6137834 -0.3567457 0.4875426 -0.8374442 -0.2469605 0.6043688 -0.7355398 -0.3061366 0.6044426 -0.7354637 -0.3061736 0.8795567 -0.1669387 -0.4455464 0.8795521 -0.1669684 -0.4455441 0.8436706 -0.3249371 -0.4273592 0.7852823 -0.4744471 -0.3977835 0.8436394 -0.3250589 -0.4273284 0.7840847 0.4768722 -0.397246 0.8435829 0.3251217 -0.4273918 0.8436226 0.3249726 -0.4274269 0.8795273 0.1668474 -0.4456385 0.8799702 0.1642256 -0.445738 0.8920711 -3.0519e-5 -0.4518952 0.60321 0.7367311 -0.3055572 0.4887052 0.8365945 -0.2475419 0.6044404 0.7354915 -0.3061114 0.7853742 0.4742947 -0.3977838 0.7042976 0.6137768 -0.3567114 0.7042635 0.6138347 -0.3566791 0.2190032 0.9694007 -0.1109055 0.2188813 0.9694316 -0.110875 0.07434546 0.9965223 -0.03763049 0.3581998 0.9158403 -0.1814651 0.4871785 0.8376919 -0.2468395 0.3586038 0.9156451 -0.1816518 -0.07330584 0.9966177 0.0371412 -0.07391661 0.9965623 0.0374161 -0.2188529 0.9694415 0.1108456 -0.2194314 0.9692828 0.1110891 -0.3586589 0.9156302 0.1816184 -0.4885233 0.8367186 0.2474814 -0.3578077 0.9160354 0.1812538 -0.4876708 0.8373326 0.2470857 -0.6043188 0.7355532 0.3062033 -0.6044392 0.7354291 0.3062635 -0.7028661 0.6157327 0.3561636 -0.7842752 0.4764919 0.3973258 -0.7042042 0.6138668 0.356741 -0.7853032 0.4744293 0.3977637 -0.8436648 0.3249959 0.4273259 -0.8435909 0.3252163 0.4273042 -0.8800004 0.1639814 0.4457684 -0.879974 0.1641597 0.445755 0.8437586 0.3246305 -0.4274185 0.8799079 0.1645612 -0.4457374 0.8437612 0.324662 -0.4273893 0.8890235 0.08264589 -0.4503409 0.879899 0.1646205 -0.4457329 0.8890257 0.08261555 -0.450342 0.7039896 0.6142017 -0.356588 0.6041687 0.7357394 -0.3060519 0.6043688 0.7355398 -0.3061366 0.704115 0.6140215 -0.3566507 0.7846285 0.4758006 -0.3974568 0.7845576 0.4759472 -0.3974213 0.2192804 0.9693203 -0.1110594 0.3583242 0.9157853 -0.1814968 0.2189742 0.9694072 -0.1109062 0.3586304 0.9156351 -0.1816499 0.4881812 0.8369823 -0.2472645 0.4879119 0.8371746 -0.2471452 -0.2189742 0.9694072 0.1109062 -0.2187026 0.9694822 0.1107857 -0.07367187 0.996585 0.03729373 0.07364153 0.9965873 -0.03729379 -0.07333618 0.9966155 0.03714114 0.07397717 0.9965556 -0.03747683 -0.4879119 0.8371746 0.2471452 -0.6041687 0.7357394 0.3060519 -0.6040403 0.7358843 0.3059571 -0.3580793 0.9159054 0.1813743 -0.3583242 0.9157853 0.1814968 -0.4876977 0.8373264 0.2470534 -0.703961 0.6142339 0.3565889 -0.7845094 0.4760466 0.3973973 -0.7038983 0.614324 0.3565576 -0.8437101 0.324788 0.4273943 -0.7845576 0.4759472 0.3974213 -0.8437612 0.324662 0.4273893 -0.8799066 0.1646525 0.4457062 -0.8799148 0.1645568 0.4457254 -0.8890257 0.08261555 0.450342 -0.8890235 0.08264589 0.4503409 0 1 0 0 1 0 0 1 0 0 1 0 0.4518877 -5.32094e-6 0.892075 0.4518874 3.5208e-6 0.892075 0.4518879 0 0.8920748 0.4518878 0 0.8920748 0 1 0 0 1 0 -0.4518879 7.89945e-6 -0.8920747 -0.4518876 0 -0.8920749 -0.4518875 8.33384e-7 -0.892075 -0.4518876 -5.32094e-6 -0.892075 -2.65846e-7 1 0 0 1 0 0 1 0 0 1 0 0 1 0 -1.66239e-6 1 5.11829e-7 0 1 0 0 1 0 0 1 0 -2.76936e-7 1 1.21265e-7 0 1 0 -1.63453e-7 1 0 0 1 0 -1.24869e-7 1 0 -0.4518867 1.38104e-6 -0.8920754 -0.4518783 0 -0.8920797 -0.451879 7.13275e-6 -0.8920793 -0.451875 1.56775e-5 -0.8920812 -0.4518924 9.34328e-6 -0.8920725 -0.4518905 5.80295e-6 -0.8920735 -0.4518935 1.25465e-5 -0.8920719 -0.4518838 -1.84971e-5 -0.8920769 -0.4518845 -1.0325e-5 -0.8920764 -0.4518967 1.1643e-5 -0.8920703 -0.45189 -5.98023e-6 -0.8920737 -0.4518958 -8.60033e-6 -0.8920707 -0.4518826 1.47203e-6 -0.8920774 -0.4518903 -1.16545e-5 -0.8920736 -0.4518837 -1.24751e-5 -0.8920769 -0.451883 1.64806e-5 -0.8920773 -0.4518897 -1.81515e-6 -0.8920739 -0.451894 -3.59468e-6 -0.8920717 -0.4518884 2.4264e-6 -0.8920746 -0.4518832 -5.56397e-6 -0.8920772 -0.4518896 1.79534e-5 -0.8920739 -0.4518898 -1.01738e-5 -0.8920739 -0.4518887 1.62984e-5 -0.8920744 -0.4518813 -1.50501e-5 -0.8920781 -0.4518896 -1.45147e-6 -0.8920738 -0.4518831 0 -0.8920772 -0.4518782 -7.70733e-6 -0.8920797 -0.4518914 2.28507e-6 -0.892073 -0.4518957 -1.21758e-6 -0.8920708 -0.4518809 -1.02786e-5 -0.8920783 -0.4518872 1.089e-5 -0.8920751 -0.4518879 -1.64362e-5 -0.8920748 -0.4518849 -1.47125e-6 -0.8920763 -0.4518832 -1.06095e-5 -0.8920772 -0.4518834 -1.13356e-5 -0.8920771 -0.4518834 1.28946e-5 -0.8920772 -0.4518848 1.82432e-5 -0.8920763 -0.4518821 -1.19781e-6 -0.8920777 -0.4518969 -4.85278e-6 -0.8920702 -0.4518938 -1.81101e-5 -0.8920718 0 1 0 0 1 0 0 1 0 0 1 0 0 1 0 0 1 0 0 1 0 0 1 0 0 1 0 0 1 0 0 1 0 0 1 0 0.4518925 0 0.8920724 0.4518899 0 0.8920738 -0.892075 0 0.4518877 -0.8920753 0 0.4518869 -0.4518908 0 -0.8920733 -0.4518944 0 -0.8920714 -0.8920748 0 0.4518879 -0.8920756 0 0.4518862 0.4518938 0 0.8920719 0.4518936 0 0.8920719 -0.8920745 -1.54821e-6 0.4518883 -0.8920745 0 0.4518884 -0.8920745 3.00832e-7 0.4518884 -0.8920747 1.16189e-6 0.4518881 0.4518877 0 0.8920749 0.4518887 0 0.8920744 -0.8920746 0 0.4518882 -0.8920739 0 0.4518895 -0.8920744 0 0.4518887 -0.8920745 4.00608e-7 0.4518884 -0.8920746 0 0.4518883 -0.4518899 0 -0.8920738 -0.4518893 3.90226e-6 -0.8920741 -0.4518871 -4.86503e-7 -0.8920753 -0.4518808 5.30152e-6 -0.8920783 -0.4518866 0 -0.8920754 -0.4518914 -4.50369e-6 -0.8920731 -0.4518845 -4.34053e-6 -0.8920766 -0.4518784 2.68829e-6 -0.8920797 -0.4518891 0 -0.8920742 -0.4519029 0 -0.8920672 -0.4518706 -4.26744e-6 -0.8920835 -0.4518988 -2.65479e-6 -0.8920693 -0.4518843 0 -0.8920767 -0.4518762 3.64311e-6 -0.8920808 -0.4518866 9.24199e-7 -0.8920754 -0.4518929 0 -0.8920723 -0.4518875 2.08351e-7 -0.892075 -0.4518859 -1.79599e-6 -0.8920758 -0.4518824 -5.58696e-7 -0.8920776 -0.4519003 4.19175e-6 -0.8920685 -0.4518824 4.36703e-6 -0.8920776 -0.4518843 0 -0.8920765 -0.4518807 3.97209e-6 -0.8920784 -0.4518885 -2.56252e-7 -0.8920744 -0.4518873 9.14592e-7 -0.8920751 0.8920746 0 -0.4518883 0.8920745 0 -0.4518884 -0.4518878 0 -0.8920748 0.8920746 0 -0.4518884 0.8920745 0 -0.4518885 0.4518877 0 0.8920749 0.4518876 0 0.892075 0.8920747 4.10422e-6 -0.451888 0.8920746 -9.6471e-7 -0.4518884 0.8920745 7.53832e-7 -0.4518883 0.4518933 0 0.892072 0.4518935 -3.63311e-6 0.892072 0.4518702 -1.54367e-5 0.8920838 0.4518787 3.93643e-6 0.8920794 0.4518418 1.9183e-5 0.8920981 0.4519296 1.10811e-5 0.8920537 0.4518899 -4.01823e-5 0.8920737 0.4518978 3.40759e-5 0.8920698 0.4518909 4.83611e-6 0.8920733 0.4518905 0 0.8920734 0.4518659 3.21414e-5 0.8920859 0.4518849 -9.9657e-6 0.8920763 0.451923 -1.79249e-5 0.892057 0.4519037 8.62807e-6 0.8920667 0.4518864 0 0.8920755 0.4519035 -2.01204e-5 0.8920668 0.4518846 -4.5915e-6 0.8920764 0.4518887 -1.31915e-5 0.8920744 0.4518966 -6.40599e-6 0.8920703 0.4518854 -1.70381e-5 0.8920761 0.4518631 -4.01835e-5 0.8920874 0.4518862 1.47351e-5 0.8920757 0.4518898 0 0.8920738 0.4518951 0 0.8920711 -0.8920748 0 0.4518879 -0.8920741 0 0.4518893 -0.8920746 -1.90331e-6 0.4518882 -0.8920747 5.18042e-7 0.4518882 -0.8920745 0 0.4518883 -0.4518895 0 -0.892074 -0.4519006 0 -0.8920683 -0.8920732 0 0.4518911 -0.8920677 0 0.4519019 -0.8836813 0.1366952 0.4476851 -0.8586744 0.2708535 0.4351053 -0.8821741 0.1490839 0.4467024 0.4460077 0.8660435 -0.2259336 0.325793 0.9309287 -0.1650176 -0.8038994 0.4336436 0.4070616 -0.8211495 0.3907067 0.4160072 -0.8211612 0.3907733 0.4159215 0.5561529 0.7818735 -0.2817234 -0.8526008 0.2945465 0.4316414 -0.8896269 0.07480186 0.4505205 -0.8899716 0.06857669 0.4508302 -0.5563018 0.7817462 0.2817826 -0.6537835 0.6803657 0.3311644 -0.7372322 0.5630567 0.3734382 -0.8035468 0.4342614 0.4070991 -0.19874 0.9748701 0.1006518 -0.06695878 0.9971795 0.03390663 -0.4460439 0.8660241 0.2259365 -0.3259795 0.9308469 0.1651108 0.06695878 0.9971795 -0.03390663 0.1982516 0.9749916 -0.1004381 0.06631737 0.9972327 -0.03360116 0.6541016 0.6799824 -0.3313235 0.6537835 0.6803657 -0.3311644 0.8525399 0.2945665 -0.4317481 0.8821365 0.1490879 -0.4467753 0.8587053 0.2708536 -0.4350444 0.73688 0.563624 -0.3732773 0.7372322 0.5630567 -0.3734382 0.8034217 0.4343513 -0.4072501 0.8211206 0.3907991 -0.4159774 0.8211532 0.3908916 -0.415826 0.8038799 0.4335885 -0.4071587 0.858847 0.2708293 -0.4347797 0.85221 0.2949348 -0.4321478 0.883743 0.1366952 -0.4475633 0.8819782 0.1491174 -0.4470777 0.889489 0.07474207 -0.4508026 0.8899716 0.06857669 -0.4508302 0.8895941 0.0748322 -0.4505804 0.8836897 0.1367269 -0.4476588 -0.654088 0.6799988 0.3313167 -0.8523369 0.2949669 0.4318755 -0.8587589 0.2708609 0.434934 -0.8837085 0.1367251 0.4476223 -0.8820667 0.1491474 0.446893 -0.8895568 0.07483422 0.4506534 0.4518873 0 0.892075 0.4518885 7.90304e-6 0.8920745 0.4518879 -1.80504e-6 0.8920748 0.4518878 -6.28838e-6 0.8920749 -0.8920747 0 0.4518882 -0.8920747 0 0.4518881 -0.4518879 6.35357e-6 -0.8920748 -0.4518876 -8.6395e-6 -0.8920749 -0.4518874 1.6764e-6 -0.8920751 -0.4518874 0 -0.892075 -0.008857727 -0.999858 0.0143404 0.01254326 -0.9998927 -0.007568657 -0.006592035 -0.9999759 0.002197325 -0.00439471 -0.9999813 0.004272639 0.025972 -0.9996327 -0.007751882 0.04684686 -0.9982505 -0.03607362 0.006805658 -0.9974476 -0.07107836 -0.007722079 -0.9998701 0.01415026 0.5156204 -0.8180255 -0.2548922 -0.01959335 -0.9997494 0.01083433 -0.0855748 -0.994609 0.05856561 -0.09988808 -0.9937236 0.05035603 0.02542221 -0.999676 -0.001312255 0.03201389 -0.9994514 -0.008484125 -0.005218684 -0.9999752 0.004730343 -0.01880586 -0.9997755 0.009766221 -0.002685129 -0.9999926 0.002768099 -0.01922672 -0.999791 0.006958246 -0.01434385 -0.9998915 0.003357052 -0.01120042 -0.9999248 0.005005061 -0.01878386 -0.999776 0.009749472 -0.004652798 -0.999985 0.002895414 -0.004789531 -0.9999843 0.002925097 0.04080408 -0.9990746 -0.01361149 -0.01068174 -0.9999073 0.008453845 0.05118 -0.9986667 -0.006744623 0.006683588 -0.9999777 0 -0.01025432 -0.9999226 0.007049858 -0.03225874 -0.9993502 0.01608359 -0.02127158 -0.9996435 0.01614439 0.01535236 -0.9998336 -0.009860873 -0.03628712 -0.9991635 0.01886075 -0.003055632 -0.9999938 0.00180763 -0.01217705 -0.9998958 0.007751822 0.02548319 -0.9996748 0.00100708 0.02066147 -0.9997792 0.003845393 0.03344887 -0.9994392 -0.001556456 0.01858597 -0.9997987 0.007568657 -0.01339763 -0.9997867 0.01571702 0.02145504 -0.9997201 0.009979784 -0.008331716 -0.9998432 0.01562589 0.002655088 -0.9999507 0.009582877 -0.04577851 -0.998491 0.0303359 4.27267e-4 -0.9999889 -0.004699885 -0.03631812 -0.9991759 0.01812851 -0.003396332 -0.9999912 0.002468645 -0.002639353 -0.9999953 0.001599133 -0.003647685 -0.9999911 0.002145111 -0.002055704 -0.9999963 0.001819312 0.001861631 -0.9999983 0 0.002014279 -0.999998 -1.83116e-4 0.001220762 -0.9999992 5.49349e-4 -0.002067625 -0.999997 0.001356363 -0.002334833 -0.9999963 0.001462757 -0.001709342 -0.9999973 0.001582741 -0.001819729 -0.9999976 0.001262187 -0.001857876 -0.9999976 0.001278817 -0.001556456 -0.9999975 0.001617491 0.001831114 -0.999998 -8.85062e-4 9.76621e-4 -0.9999993 -7.93505e-4 0.01034599 -0.999902 -0.009430408 0.00238049 -0.9999969 -7.32464e-4 0.001831114 -0.999998 -9.15581e-4 -0.001686573 -0.9999974 0.001554608 -0.00183326 -0.999997 0.001663327 -0.00276196 -0.9999938 0.002200365 -0.00232762 -0.9999954 0.001976728 -0.005956649 -0.9999776 0.003087222 -0.005171418 -0.9999822 0.002988934 0.02334707 -0.9995625 -0.01815885 0.01263475 -0.9997957 -0.01577818 0.02090555 -0.9997747 0.003692805 0.04446667 -0.9987766 -0.02163821 0.01333689 -0.9999011 0.004486322 -0.1877059 -0.9775899 0.09531319 0.006378531 -0.9998756 -0.01443564 0.003692805 -0.9999267 -0.01153618 -0.006390929 -0.9999703 0.004324495 -0.007115244 -0.9999623 0.004992842 -0.005326092 -0.9999801 0.003394305 -0.004340946 -0.9999873 0.002605199 -0.004742085 -0.9999846 0.002909421 -0.004091084 -0.9999887 0.002428233 0.01757913 -0.9998164 0.007629811 0.04373306 -0.9987803 -0.02291941 0.02905404 -0.9994656 -0.01498478 -0.008697807 -0.999947 0.00552386 0.1537857 -0.9819783 -0.1098577 -0.05601519 -0.9953588 -0.07825124 -0.002471983 -0.9997056 0.02414035 -0.004666805 -0.999985 0.002899348 0.06293332 -0.9974239 -0.03442484 -0.001861631 -0.9999932 0.003204464 -0.04211598 -0.9988204 0.02417087 -0.02587985 -0.9994578 0.02035593 2.74669e-4 -0.9999484 0.01016271 0.01336729 -0.9998946 0.005676507 -5.79865e-4 -0.9999013 0.0140388 0.0114445 -0.9999166 0.006012141 0 1 0 0 1 -1.50624e-6 -2.90981e-7 1 2.57199e-6 0 1 0 0 1 0 -2.22977e-7 1 0 0 1 4.69287e-7 0 1 0 1.28702e-7 1 0 -1.24098e-7 1 0 0 1 -3.29257e-7 -1.88674e-7 1 -1.1688e-6 -1.4704e-7 1 7.49826e-7 -1.5702e-7 1 0 0 1 0 -4.77696e-7 1 -2.14494e-7 0 1 -2.34643e-7 0 1 0 0 1 0 0 1 0 -1.44838e-7 1 0 0 1 8.04097e-7 0 1 0 0 1 -5.9585e-7 0 1 -2.23734e-7 0 1 0 0 1 0 0 1 0 0 1 0 -8.3833e-7 1 -5.85383e-7 0 1 -2.10303e-7 0 1 0 0 1 4.02054e-7 0 1 -2.17137e-6 0.926297 -8.24026e-4 -0.3767936 0.8516709 -4.57789e-4 -0.5240769 0.9177804 1.83117e-4 -0.3970884 0.7655756 3.66231e-4 -0.643346 0.852646 2.74673e-4 -0.5224891 0.6571423 4.27271e-4 -0.7537665 0.7538796 -5.7986e-4 -0.6570124 0.6354471 -8.85066e-4 -0.772144 0.5384819 6.71424e-4 -0.8426368 0.4997169 -0.00112915 -0.8661881 0.4098671 8.54525e-4 -0.912145 0.2734833 9.76617e-4 -0.9618763 0.3502635 -0.001220703 -0.9366504 0.1912657 -0.001190245 -0.9815376 0.1289424 9.46087e-4 -0.9916517 0.0270707 -0.001098692 -0.999633 -0.02063113 7.62986e-4 -0.999787 -0.1694102 5.18821e-4 -0.9855455 -0.1377629 -9.15571e-4 -0.9904648 -0.298963 -6.10378e-4 -0.9542646 -0.3143136 1.83113e-4 -0.9493193 -0.3769721 -4.27268e-4 -0.9262246 -0.3839327 0 -0.9233612 0.9650007 5.18818e-4 -0.262247 0.9757101 -0.001190185 -0.2190625 0.9927551 8.24015e-4 -0.1201536 0.999378 0.001098632 0.03524953 0.9984605 -0.001312315 -0.05545306 0.9813527 0.001281797 0.1922115 0.9939658 -0.001190185 0.1096844 0.9623949 -0.001129209 0.2716521 0.9395468 0.00112915 0.3424191 0.8758932 9.15568e-4 0.4825043 0.9044983 -0.001220762 0.4264757 0.7941167 7.62987e-4 0.6077648 0.8219763 -0.001098692 0.5695207 0.717046 -8.85054e-4 0.6970255 0.6946849 5.18831e-4 0.719314 0.5796521 1.83116e-4 0.814864 0.5924929 -5.79858e-4 0.8055755 0.5237381 -3.96748e-4 0.8518793 0.5173876 0 0.8557512 -0.6002832 0 -0.7997876 -0.5281899 0 -0.8491263 -0.5279591 0 -0.8492699 -0.9195408 6.10382e-5 -0.3929945 -0.837341 6.10374e-5 -0.5466811 -0.837415 3.05192e-5 -0.5465675 -0.7298027 3.05191e-5 -0.6836578 -0.5998829 3.05191e-5 -0.8000879 -0.7297143 3.05192e-5 -0.6837524 -0.9985017 3.05194e-5 -0.05472117 -0.9928803 6.10383e-5 0.1191163 -0.9984884 6.10379e-5 -0.0549646 -0.9195944 3.05189e-5 -0.3928693 -0.9738374 3.05192e-5 -0.227246 -0.9737953 6.10377e-5 -0.2274264 -0.8921513 0 0.4517369 -0.8003881 0 0.5994823 -0.9571593 3.05187e-5 0.2895618 -0.9928289 3.05195e-5 0.1195448 -0.9569832 0 0.2901438 -0.3929319 -3.0519e-5 0.9195676 -0.5466243 -3.05189e-5 0.837378 -0.5465675 -3.05192e-5 0.837415 -0.6837524 -3.05192e-5 0.7297143 -0.6842091 0 0.729286 -0.8000879 0 0.5998829 -0.05481243 -3.05192e-5 0.9984967 -0.227275 -3.0519e-5 0.9738307 -0.227246 -3.05192e-5 0.9738374 -0.3928693 -3.05189e-5 0.9195944 -0.05472117 -3.05194e-5 0.9985017 0.1192668 -3.05186e-5 0.9928624 0.1195748 -3.05194e-5 0.9928252 0.2901717 -3.05187e-5 0.9569746 0.3729372 -3.05186e-5 0.9278567 0.2901438 0 0.9569832 0.3723639 0 0.9280869 -0.1200931 -0.9908976 0.06082475 0.02734506 -0.9995304 -0.01382511 0.02704018 -0.9995409 -0.01367264 -0.8908603 0.05227965 0.4512593 -0.8908588 0.05231004 0.4512585 -0.871021 0.2159851 0.4412176 0.1734409 -0.9809197 -0.08783441 0.173745 -0.9808523 -0.08798646 0.3153882 -0.9354218 -0.1597388 0.3150835 -0.9355453 -0.1596171 0.4484151 -0.8644801 -0.2271526 0.448152 -0.864655 -0.2270058 0.5690092 -0.7701645 -0.288228 0.5692188 -0.769976 -0.2883175 0.6744749 -0.6544848 -0.3416627 0.674332 -0.6546773 -0.341576 0.7613595 -0.5211438 -0.3856696 0.7612662 -0.5213258 -0.3856077 0.8274394 -0.3737394 -0.4191216 0.8274383 -0.3737084 -0.4191516 0.8710153 -0.2160142 -0.4412147 0.871021 -0.2159851 -0.4412176 0.8908574 -0.0523405 -0.4512578 0.8908588 -0.05231004 -0.4512585 -0.1197561 -0.9909478 0.0606715 -0.2639324 -0.9552291 0.1337058 -0.2636515 -0.9553284 0.1335501 -0.400592 -0.8935039 0.2029206 -0.4003533 -0.8936381 0.2028012 -0.5261192 -0.8075667 0.2665235 -0.5263257 -0.807403 0.2666115 -0.6377123 -0.6992709 0.3230221 -0.6375527 -0.6994463 0.3229575 -0.7316894 -0.5720758 0.3706209 -0.7315771 -0.5722361 0.3705953 -0.8056452 -0.4294048 0.4081024 -0.8057093 -0.4292538 0.4081345 -0.8577383 -0.2747631 0.4344999 -0.8577201 -0.2748586 0.4344756 -0.8863936 -0.1127371 0.4489954 -0.8863874 -0.1127974 0.4489923 -0.8274394 0.3737394 0.4191216 -0.5690298 0.7701511 0.288223 -0.674332 0.6546773 0.341576 -0.5690092 0.7701645 0.288228 -0.7612662 0.5213258 0.3856077 -0.3150835 0.9355453 0.1596171 -0.1734409 0.9809197 0.08783441 -0.448152 0.864655 0.2270058 0.2639324 0.9552291 -0.1337058 0.1200931 0.9908976 -0.06082475 -0.02704018 0.9995409 0.01367264 0.6377123 0.6992709 -0.3230221 0.5263257 0.807403 -0.2666115 0.400592 0.8935039 -0.2029206 0.8056987 0.4292787 -0.4081291 0.7316894 0.5720758 -0.3706209 0.7316753 0.5720887 -0.3706292 0.8577383 0.2747631 -0.4344999 0.8057093 0.4292538 -0.4081345 0.8577455 0.2747349 -0.4345036 0.8863936 0.1127371 -0.4489954 -0.4518821 1.28895e-5 -0.8920778 -0.4519019 5.52555e-6 -0.8920678 -0.4519035 7.36515e-6 -0.892067 -0.4518831 7.36551e-6 -0.8920772 -0.4518889 -3.68282e-6 -0.8920742 -0.4519031 2.20972e-5 -0.892067 -0.4518841 2.20977e-5 -0.8920767 -0.4518294 -3.68323e-5 -0.8921045 -0.4518909 -2.76339e-5 -0.8920733 -0.4519168 2.94658e-5 -0.8920602 -0.4518764 3.31636e-5 -0.8920806 -0.4518924 1.38102e-6 -0.8920725 -0.451863 -1.10511e-5 -0.8920874 -0.4518742 0 -0.8920817 -0.4518872 7.36753e-6 -0.8920751 -0.4518809 7.36766e-6 -0.8920783 -0.4518691 -7.36759e-6 -0.8920844 -0.4519232 7.36751e-6 -0.892057 -0.4518782 -3.3154e-5 -0.8920797 -0.4518936 7.36751e-6 -0.8920719 -0.451889 -5.52558e-6 -0.8920742 -0.4519016 5.52555e-6 -0.8920679 -0.4518628 -1.47355e-5 -0.8920874 -0.4519148 1.47348e-5 -0.8920612 -0.4518617 0 -0.892088 -0.4518855 5.52562e-6 -0.892076 -0.451884 0 -0.8920768 -0.4518815 1.10484e-5 -0.892078 -0.4518879 7.36742e-6 -0.8920748 -0.4519181 5.52548e-6 -0.8920596 -0.4518772 -7.37686e-6 -0.8920801 -0.4518893 -2.21027e-5 -0.8920742 -0.4519008 3.31543e-5 -0.8920682 -0.4518885 -8.28525e-6 -0.8920745 -0.4518778 0 -0.8920798 -0.4518942 -5.53249e-6 -0.8920716 -0.4518892 2.5319e-6 -0.8920741 -0.4518861 2.76207e-6 -0.8920757 -0.4519107 1.47413e-5 -0.8920633 -0.45187 -9.66644e-6 -0.8920838 -0.451844 -3.68527e-5 -0.892097 -0.4518846 1.93368e-5 -0.8920764 -0.4518671 2.76256e-6 -0.8920853 -0.4518932 -1.38133e-5 -0.892072 -0.4519035 3.31543e-5 -0.8920669 -0.4518821 2.21049e-5 -0.8920777 -0.4518912 5.52648e-6 -0.8920732 -0.4518932 5.52681e-6 -0.8920722 -0.4518964 1.65813e-5 -0.8920705 -0.4518658 0 -0.892086 -0.4518902 -8.29177e-6 -0.8920736 -0.4519068 1.4735e-5 -0.8920652 -0.4518938 -2.21018e-5 -0.8920717 -0.4518788 3.68339e-5 -0.8920794 -0.45189 -7.36553e-6 -0.8920738 -0.4518863 -7.36553e-6 -0.8920757 -0.4519113 2.21021e-5 -0.8920629 -0.4518716 -2.94705e-5 -0.8920831 -0.4518951 2.21026e-5 -0.8920711 -0.4518589 0 -0.8920894 -0.4518665 5.52566e-6 -0.8920856 -0.4518715 0 -0.8920831 -0.4518797 0 -0.892079 -0.4519014 1.65766e-5 -0.8920679 -0.4518681 5.52571e-6 -0.8920849 -0.4519219 5.5256e-6 -0.8920575 -0.4518676 -1.65774e-5 -0.8920851 -0.4519273 -1.10512e-5 -0.8920549 -0.4518683 2.21027e-5 -0.8920847 -0.4518768 3.68374e-5 -0.8920803 -0.4518864 -3.68382e-5 -0.8920756 -0.4518958 5.52561e-6 -0.8920708 -0.451895 1.10513e-5 -0.8920713 -0.4518834 2.11818e-5 -0.892077 -0.4518907 -1.47349e-5 -0.8920733 0.4519724 -1.47349e-5 0.892032 0.4519017 -5.52555e-6 0.8920677 0.4517588 0 0.8921402 0.4517302 1.47379e-5 0.8921546 0.4519303 0 0.8920533 0.4518975 1.65792e-5 0.8920699 0.4519 -2.21021e-5 0.8920687 0.4518313 -3.86804e-5 0.8921034 0.4518278 1.47343e-5 0.8921052 0.4518678 2.76284e-5 0.892085 0.451906 2.9467e-5 0.8920657 0.4519125 2.94646e-5 0.8920623 0.451884 -2.94656e-5 0.8920767 0.4518846 1.10482e-5 0.8920764 0.4518978 -2.2102e-5 0.8920698 0.4518326 9.67013e-6 0.8921028 0.4519446 -2.76277e-6 0.8920461 0.4518911 -2.94699e-5 0.8920732 0.4518984 0 0.8920695 0.4519405 -1.65765e-5 0.8920481 0.4518528 -1.47356e-5 0.8920925 0.4518396 1.47357e-5 0.8920993 0.4519006 7.36738e-6 0.8920683 0.4518914 -1.47349e-5 0.892073 0.4519082 -2.21025e-5 0.8920645 0.4518957 -1.47351e-5 0.8920708 0.4519046 6.07815e-5 0.8920663 0.4519257 0 0.8920557 0.4518878 2.94697e-5 0.8920748 0.4519004 -2.21021e-5 0.8920685 0.4518693 -1.10514e-5 0.8920842 0.4518367 2.21033e-5 0.8921008 0.4518761 5.52578e-6 0.8920808 0.4518681 -1.10514e-5 0.8920848 0.4518938 -2.21024e-5 0.8920719 0.4518787 1.10511e-5 0.8920794 0.4518364 2.21033e-5 0.8921008 0.4518691 2.94704e-5 0.8920843 0.4518686 -2.94607e-5 0.8920846 0.4519208 2.76289e-6 0.8920581 0.4518299 -1.4731e-5 0.8921042 0.4518809 -5.5253e-6 0.8920783 0.4518848 0 0.8920764 0.4518708 1.10503e-5 0.8920835 0.4518934 -3.31495e-5 0.892072 0.4518634 -1.10499e-5 0.8920872 0.4519535 -1.10493e-5 0.8920415 0.4518836 0 0.892077 0.451965 0 0.8920357 0.4519189 1.10494e-5 0.892059 0.4519356 -4.42034e-5 0.8920506 0.4519185 0 0.8920593 0.4519079 -2.94748e-5 0.8920646 0.4518993 4.42171e-5 0.8920691 0.4518691 -5.90139e-5 0.8920844 0.4519037 2.94618e-5 0.8920668 0.4519144 0 0.8920614 0.451895 4.42052e-5 0.8920711 0.4517779 -1.47361e-5 0.8921306 0.4518003 0 0.8921192 0.4518666 -3.3154e-5 0.8920856 0.4518627 -2.21025e-5 0.8920875 0.4518576 0 0.8920901 0.4518843 -2.21024e-5 0.8920767 0.451879 0 0.8920792 0.4519482 0 0.8920443 0.4518478 1.10514e-5 0.8920952 0.4518849 2.2103e-5 0.8920763 0.4519447 1.10511e-5 0.892046 0.4518331 -2.7629e-5 0.8921026 0.4518885 -5.89394e-5 0.8920745 0.4518513 2.94711e-5 0.8920933 0.4519045 0 0.8920663 0.4518929 -2.21026e-5 0.8920723 0.4519422 -4.32831e-5 0.8920474 0.4518439 1.10515e-5 0.892097 -0.8908574 0.0523405 0.4512578 -0.7316753 -0.5720887 0.3706292 -0.8577455 -0.2747349 0.4345036 -0.5263387 -0.8073925 0.266618 -0.6376987 -0.6992865 0.3230152 -0.120063 -0.9909013 0.06082499 -0.2639335 -0.955233 0.1336758 0.4481763 -0.8646431 -0.2270027 0.1734114 -0.9809249 -0.08783489 0.8710267 -0.215956 -0.4412205 0.82743 -0.3737657 -0.4191168 0.8057734 0.4291028 -0.4081665 0.8577608 0.2746995 -0.4344959 0.8577272 0.2748304 -0.4344792 0.8863905 0.1127672 -0.4489938 0.6375527 0.6994463 -0.3229575 0.5265538 0.8072116 -0.2667409 0.6378837 0.6990749 -0.3231077 0.8056452 0.4294048 -0.4081024 0.7316041 0.5722028 -0.3705936 0.731819 0.5718681 -0.3706857 0.2642341 0.9551246 -0.1338566 0.2636515 0.9553284 -0.1335501 0.1203663 0.9908552 -0.06097662 0.4008673 0.8933527 -0.203043 0.5261235 0.8075731 -0.2664952 0.4003533 0.8936381 -0.2028012 -0.02673441 0.9995512 0.01351982 -0.02734506 0.9995304 0.01382511 -0.1731364 0.9809844 0.08771264 0.1197561 0.9909478 -0.0606715 -0.173745 0.9808523 0.08798646 -0.3148353 0.9356552 0.1594624 -0.4479558 0.8647824 0.2269077 -0.3153882 0.9354218 0.1597388 -0.4484182 0.8644861 0.2271236 -0.5688492 0.770307 0.2881632 -0.5692188 0.769976 0.2883175 -0.6742287 0.6548185 0.3415091 -0.761201 0.521445 0.3855751 -0.6744749 0.6544848 0.3416627 -0.7613595 0.5211438 0.3856696 -0.8274015 0.3738276 0.4191179 -0.8274383 0.3737084 0.4191516 -0.8710153 0.2160142 0.4412147</float_array>
          <technique_common>
            <accessor source="#ID84_013-mesh-normals-array" count="9120" stride="3">
              <param name="X" type="float"/>
              <param name="Y" type="float"/>
              <param name="Z" type="float"/>
            </accessor>
          </technique_common>
        </source>
        <vertices id="ID84_013-mesh-vertices">
          <input semantic="POSITION" source="#ID84_013-mesh-positions"/>
        </vertices>
        <triangles material="ID90_002-material" count="176">
          <input semantic="VERTEX" source="#ID84_013-mesh-vertices" offset="0"/>
          <input semantic="NORMAL" source="#ID84_013-mesh-normals" offset="1"/>
          <p>0 0 2 0 1 0 1 0 3 0 0 0 4 1 6 1 5 1 5 1 7 1 4 1 8 2 10 2 9 2 9 2 11 2 8 2 12 3 14 3 13 3 13 3 15 3 12 3 16 4 18 4 17 4 17 4 19 4 16 4 20 5 22 5 21 5 21 5 23 5 20 5 24 6 26 6 25 6 27 7 29 7 28 7 30 6 32 6 31 6 33 6 35 6 34 6 36 6 37 6 30 6 38 6 40 6 39 6 41 8 30 8 42 8 30 9 37 9 42 9 30 10 41 10 32 10 30 11 44 11 43 11 31 6 44 6 30 6 45 6 26 6 43 6 30 6 43 6 26 6 26 12 46 12 25 12 26 13 45 13 46 13 26 14 48 14 47 14 24 6 48 6 26 6 40 6 26 6 49 6 47 6 49 6 26 6 50 6 40 6 51 6 40 15 49 15 51 15 40 16 50 16 39 16 40 17 53 17 52 17 38 6 53 6 40 6 35 6 40 6 52 6 54 6 35 6 55 6 35 18 52 18 55 18 35 19 54 19 34 19 35 20 57 20 56 20 33 6 57 6 35 6 58 6 28 6 56 6 35 6 56 6 28 6 29 6 59 6 28 6 28 21 58 21 27 21 28 22 61 22 60 22 59 23 61 23 28 23 36 6 28 6 62 6 60 6 62 6 28 6 63 6 36 6 64 6 36 24 62 24 64 24 65 25 36 25 66 25 36 26 63 26 66 26 37 6 36 6 67 6 36 27 65 27 67 27 68 28 70 28 69 28 71 28 72 28 69 28 73 28 75 28 74 28 76 28 78 28 77 28 79 28 81 28 80 28 82 28 84 28 83 28 85 28 86 28 69 28 69 28 86 28 71 28 69 28 70 28 85 28 69 28 88 28 87 28 68 28 69 28 87 28 89 28 88 28 75 28 69 28 75 28 88 28 75 28 73 28 90 28 75 28 90 28 89 28 75 28 92 28 91 28 74 28 75 28 91 28 80 28 93 28 75 28 92 28 75 28 93 28 94 28 95 28 80 28 80 28 95 28 93 28 80 28 81 28 94 28 80 28 97 28 96 28 79 28 80 28 96 28 98 28 97 28 82 28 80 28 82 28 97 28 82 28 83 28 99 28 82 28 99 28 98 28 82 28 101 28 100 28 84 28 82 28 100 28 102 28 101 28 76 28 82 28 76 28 101 28 78 28 76 28 103 28 76 28 77 28 102 28 76 28 105 28 104 28 103 28 76 28 104 28 72 28 106 28 76 28 105 28 76 28 106 28 107 28 108 28 72 28 72 28 108 28 106 28 109 28 110 28 72 28 72 28 110 28 107 28 71 28 111 28 72 28 72 28 111 28 109 28 112 29 114 30 113 30 115 31 117 32 116 32 118 33 120 29 119 33 121 34 123 35 122 34 124 31 126 36 125 36 127 37 129 37 128 38 130 39 132 35 131 39 133 40 135 41 134 41 136 42 138 42 137 38 139 43 141 44 140 43 142 40 144 45 143 45 145 46 147 46 146 47 148 48 150 44 149 48 151 49 153 50 152 51 154 52 156 52 155 47 157 53 159 54 158 55 160 56 162 57 161 58 163 59 165 60 164 61 166 62 168 63 167 64 169 65 171 66 170 67 171 66 169 65 172 68 173 69 174 70 170 67 170 67 171 66 173 69 175 71 174 70 176 72 173 69 176 72 174 70 175 71 178 73 177 74 178 73 175 71 176 72 179 75 180 76 177 74 177 74 178 73 179 75 181 77 180 76 182 78 179 75 182 78 180 76 181 77 184 79 183 80 184 79 181 77 182 78 185 81 186 82 183 80 183 80 184 79 185 81 114 30 186 82 187 82 185 81 187 82 186 82 113 30 114 30 187 82 172 68 164 61 165 60 169 65 164 61 172 68 166 62 167 64 163 59 163 59 167 64 165 60 157 53 168 63 159 54 159 54 168 63 166 62 162 57 158 55 161 58 162 57 157 53 158 55 160 56 151 49 152 51 160 56 161 58 151 49 153 50 156 52 154 52 152 51 153 50 154 52 146 47 147 46 155 47 156 52 146 47 155 47 148 48 149 48 145 46 145 46 149 48 147 46 139 43 150 44 141 44 141 44 150 44 148 48 144 45 139 43 140 43 142 40 143 45 133 40 144 45 140 43 143 45 134 41 135 41 136 42 142 40 133 40 134 41 138 42 128 38 137 38 135 41 138 42 136 42 127 37 131 39 129 37 128 38 129 37 137 38 123 35 132 35 130 39 130 39 131 39 127 37 126 36 121 34 122 34 121 34 132 35 123 35 124 31 125 36 115 31 126 36 122 34 125 36 116 32 117 32 119 33 124 31 115 31 116 32 118 33 112 29 120 29 117 32 118 33 119 33 113 30 120 29 112 29</p>
        </triangles>
        <triangles material="ID53_002-material" count="1526">
          <input semantic="VERTEX" source="#ID84_013-mesh-vertices" offset="0"/>
          <input semantic="NORMAL" source="#ID84_013-mesh-normals" offset="1"/>
          <p>188 83 189 83 190 83 188 84 190 84 191 84 192 85 193 85 194 85 192 86 194 86 195 86 196 87 197 87 198 87 196 88 198 88 199 88 200 89 201 89 202 89 200 90 202 90 203 90 204 91 205 91 206 91 204 92 206 92 207 92 208 93 209 93 210 93 208 94 210 94 211 94 212 95 213 95 214 95 215 96 216 96 217 96 218 97 212 97 214 97 219 98 213 98 212 98 212 99 218 99 220 99 221 100 222 100 219 100 219 101 223 101 221 101 223 102 219 102 224 102 225 103 212 103 226 103 219 104 227 104 224 104 212 105 225 105 228 105 229 106 230 106 217 106 219 107 231 107 227 107 232 108 215 108 217 108 233 109 234 109 235 109 236 110 237 110 216 110 238 111 239 111 235 111 240 112 241 112 237 112 238 113 242 113 243 113 241 114 244 114 237 114 237 115 245 115 238 115 242 116 238 116 246 116 246 117 238 117 245 117 237 118 236 118 247 118 237 119 247 119 240 119 238 120 243 120 248 120 249 121 235 121 239 121 216 122 237 122 217 122 217 123 250 123 232 123 249 124 233 124 235 124 230 125 251 125 217 125 235 126 252 126 253 126 212 127 228 127 254 127 217 128 254 128 229 128 234 129 252 129 235 129 250 130 217 130 251 130 217 131 212 131 254 131 245 132 237 132 244 132 239 133 238 133 255 133 248 134 255 134 238 134 231 135 219 135 235 135 253 136 231 136 235 136 222 137 213 137 219 137 220 138 226 138 212 138 256 139 257 139 258 139 259 140 260 140 261 140 262 141 257 141 256 141 256 142 263 142 262 142 264 143 265 143 266 143 267 144 266 144 265 144 266 145 267 145 268 145 263 146 256 146 269 146 270 147 266 147 268 147 271 148 269 148 256 148 272 149 261 149 273 149 270 150 274 150 266 150 275 6 261 6 260 6 276 6 277 6 278 6 279 151 280 151 281 151 278 152 282 152 283 152 279 153 284 153 285 153 286 154 287 154 288 154 279 155 289 155 284 155 279 156 287 156 290 156 291 157 292 157 287 157 292 158 290 158 287 158 280 159 279 159 293 159 285 160 293 160 279 160 294 161 287 161 283 161 288 162 287 162 294 162 295 163 282 163 278 163 279 164 281 164 261 164 296 165 297 165 261 165 296 166 261 166 275 166 261 167 297 167 273 167 274 168 278 168 266 168 274 169 276 169 278 169 298 170 271 170 256 170 272 171 298 171 256 171 277 172 299 172 278 172 278 173 299 173 295 173 258 174 266 174 256 174 264 175 266 175 258 175 272 176 256 176 261 176 281 177 259 177 261 177 290 178 289 178 279 178 278 179 283 179 287 179 291 180 287 180 286 180 300 181 301 181 302 182 303 183 304 184 305 184 301 181 306 185 307 185 306 185 301 181 300 181 308 186 307 185 309 186 306 185 309 186 307 185 310 187 311 187 308 186 308 186 309 186 310 187 311 187 312 188 313 188 312 188 311 187 310 187 314 189 313 188 315 189 312 188 315 189 313 188 316 190 317 190 314 189 314 189 315 189 316 190 317 190 318 191 319 191 318 191 317 190 316 190 320 192 319 191 321 192 318 191 321 192 319 191 322 193 323 193 320 192 320 192 321 192 322 193 300 181 302 182 324 182 325 194 326 194 324 182 324 182 302 182 325 194 326 194 327 195 328 195 327 195 326 194 325 194 329 196 328 195 330 196 327 195 330 196 328 195 331 197 332 197 329 196 329 196 330 196 331 197 332 197 333 198 334 198 333 198 332 197 331 197 335 199 334 198 336 199 333 198 336 199 334 198 337 200 338 200 335 199 335 199 336 199 337 200 338 200 339 201 340 201 339 201 338 200 337 200 339 201 305 184 340 201 340 201 305 184 304 184 341 202 342 203 343 204 344 205 345 206 346 183 347 207 348 208 349 209 350 210 351 211 352 212 353 213 354 214 355 215 356 216 357 217 358 218 359 219 360 220 361 221 362 222 363 223 364 224 365 225 366 226 367 227 368 228 369 229 366 226 370 230 371 231 365 225 365 225 367 227 370 230 371 231 372 232 373 233 372 232 371 231 370 230 374 234 373 233 375 235 372 232 375 235 373 233 323 193 322 193 374 234 374 234 375 235 323 193 359 219 369 229 368 228 366 226 369 229 367 227 360 220 362 222 361 221 368 228 360 220 359 219 364 224 363 223 354 214 361 221 362 222 364 224 353 213 355 215 357 217 354 214 363 223 355 215 349 209 356 216 358 218 356 216 353 213 357 217 352 212 348 208 347 207 347 207 349 209 358 218 350 210 341 202 351 211 352 212 351 211 348 208 342 203 345 206 343 204 350 210 342 203 341 202 344 205 346 183 303 183 343 204 345 206 344 205 304 184 303 183 346 183 680 497 682 498 681 497 683 499 685 498 684 499 686 500 688 501 687 501 689 500 691 502 690 502 692 503 694 504 693 503 695 504 697 505 696 505 698 506 700 506 699 507 701 508 703 507 702 508 704 509 706 510 705 510 707 511 709 511 708 509 710 512 712 513 711 512 713 513 715 514 714 514 716 515 718 515 717 516 719 517 721 516 720 517 722 518 724 519 723 519 725 520 727 520 726 518 728 521 730 522 729 521 731 522 733 523 732 523 734 524 736 524 735 525 737 526 739 525 738 526 740 527 736 524 734 524 740 527 742 527 741 528 742 527 740 527 734 524 743 528 744 529 741 528 741 528 742 527 743 528 745 530 744 529 746 529 743 528 746 529 744 529 745 530 748 530 747 531 748 530 745 530 746 529 749 531 750 532 747 531 747 531 748 530 749 531 751 533 750 532 752 532 749 531 752 532 750 532 751 533 754 533 753 534 754 533 751 533 752 532 755 534 684 499 753 534 753 534 754 533 755 534 735 525 739 525 737 526 755 534 683 499 684 499 736 524 739 525 735 525 728 521 729 521 738 526 738 526 729 521 737 526 732 523 730 522 731 522 731 522 730 522 728 521 724 519 733 523 723 519 724 519 732 523 733 523 722 518 726 518 727 520 722 518 723 519 726 518 725 520 718 515 716 515 727 520 725 520 716 515 721 516 719 517 717 516 718 515 721 516 717 516 710 512 711 512 720 517 720 517 711 512 719 517 714 514 712 513 713 513 713 513 712 513 710 512 706 510 714 514 715 514 704 509 705 510 708 509 706 510 715 514 705 510 709 511 707 511 698 506 704 509 708 509 709 511 700 506 703 507 699 507 707 511 700 506 698 506 702 508 693 503 701 508 703 507 701 508 699 507 695 504 694 504 692 503 692 503 693 503 702 508 688 501 696 505 697 505 696 505 694 504 695 504 686 500 687 501 689 500 688 501 697 505 687 501 690 502 691 502 681 497 686 500 689 500 690 502 680 497 685 498 682 498 691 502 680 497 681 497 683 499 682 498 685 498 756 535 758 535 757 535 759 536 761 536 760 536 762 537 764 537 763 537 756 538 765 538 764 538 766 539 767 539 757 539 768 540 769 540 762 540 768 541 770 541 769 541 771 542 772 542 770 542 773 543 767 543 774 543 775 544 776 544 771 544 773 545 778 545 777 545 779 546 781 546 780 546 782 547 779 547 777 547 783 548 785 548 784 548 786 549 788 549 787 549 789 550 791 550 790 550 792 551 794 551 793 551 795 552 797 552 796 552 798 553 800 553 799 553 801 554 803 554 802 554 804 555 806 555 805 555 807 556 803 556 808 556 808 557 810 557 809 557 805 558 812 558 811 558 810 559 813 559 812 559 814 560 816 560 815 560 817 561 819 561 818 561 820 562 821 562 800 562 820 563 806 563 822 563 798 564 759 564 760 564 823 565 825 565 824 565 826 566 761 566 792 566 801 567 802 567 819 567 790 568 791 568 827 568 794 569 829 569 828 569 830 570 784 570 831 570 832 571 788 571 829 571 786 572 834 572 833 572 831 573 780 573 830 573 833 574 835 574 775 574 789 575 824 575 791 575 824 576 789 576 823 576 827 577 785 577 783 577 827 578 783 578 790 578 785 579 831 579 784 579 780 580 781 580 830 580 779 581 782 581 781 581 777 582 778 582 782 582 773 583 774 583 778 583 767 584 766 584 774 584 757 585 758 585 766 585 757 586 765 586 756 586 765 587 763 587 764 587 763 588 768 588 762 588 770 589 772 589 769 589 771 590 776 590 772 590 775 591 835 591 776 591 833 592 834 592 835 592 786 593 787 593 834 593 788 594 832 594 787 594 788 595 828 595 829 595 828 596 793 596 794 596 793 597 826 597 792 597 826 598 760 598 761 598 798 599 799 599 759 599 800 600 821 600 799 600 820 601 822 601 821 601 806 602 804 602 822 602 805 603 811 603 804 603 812 604 813 604 811 604 812 605 809 605 810 605 809 606 807 606 808 606 807 607 802 607 803 607 818 608 816 608 817 608 819 609 817 609 801 609 815 610 797 610 814 610 818 611 815 611 816 611 795 612 796 612 825 612 814 613 797 613 795 613 824 614 825 614 796 614 836 615 838 616 837 617 839 618 841 619 840 620 842 621 844 622 843 623 845 624 847 625 846 626 848 627 850 628 849 629 848 627 852 630 851 631 853 632 855 633 854 634 854 634 857 635 856 636 858 637 860 638 859 639 861 640 863 641 862 642 864 643 866 644 865 645 867 646 860 638 868 647 869 648 871 649 870 650 872 651 874 652 873 653 875 654 877 655 876 656 878 657 879 658 876 656 880 659 882 660 881 661 883 662 885 663 884 664 886 665 888 666 887 667 889 668 891 669 890 670 892 671 894 672 893 673 895 674 892 671 896 675 897 676 894 672 892 671 898 677 897 676 899 678 897 676 898 677 894 672 899 678 901 679 900 680 900 680 898 677 899 678 902 681 903 682 901 679 900 680 901 679 903 682 904 683 902 681 905 684 902 681 904 683 903 682 905 684 907 685 906 686 906 686 904 683 905 684 908 687 909 688 907 685 906 686 907 685 909 688 910 689 908 687 911 690 908 687 910 689 909 688 911 690 913 691 912 692 912 692 910 689 911 690 839 618 914 693 913 691 912 692 913 691 914 693 892 671 893 673 896 675 839 618 840 620 914 693 886 665 895 674 896 675 887 667 888 666 889 668 895 674 886 665 887 667 891 669 881 661 890 670 888 666 891 669 889 668 880 659 884 664 882 660 881 661 882 660 890 670 877 655 885 663 883 662 883 662 884 664 880 659 879 658 875 654 876 656 875 654 885 663 877 655 869 648 870 650 879 658 869 648 879 658 878 657 874 652 872 651 871 649 872 651 870 650 871 649 866 644 873 653 865 645 873 653 874 652 865 645 866 644 864 643 868 647 859 639 860 638 867 646 867 646 868 647 864 643 858 637 862 642 863 641 859 639 862 642 858 637 861 640 855 633 853 632 861 640 853 632 863 641 857 635 854 634 915 694 915 694 854 634 855 633 850 628 856 636 849 629 856 636 857 635 849 629 852 630 844 622 851 631 850 628 848 627 851 631 845 624 842 621 843 623 843 623 844 622 852 630 837 617 846 626 847 625 846 626 842 621 845 624 838 616 836 615 841 619 837 617 847 625 836 615 841 619 839 618 838 616 916 695 918 695 917 696 919 499 921 499 920 697 918 695 923 698 922 698 923 698 918 695 916 695 924 699 922 698 925 699 923 698 925 699 922 698 926 700 927 700 924 699 924 699 925 699 926 700 927 700 929 701 928 701 929 701 927 700 926 700 930 702 928 701 931 702 929 701 931 702 928 701 932 703 933 703 930 702 930 702 931 702 932 703 933 703 935 704 934 704 935 704 933 703 932 703 936 705 934 704 937 706 935 704 937 706 934 704 938 707 939 707 936 705 936 705 937 706 938 707 940 516 939 707 938 707 940 516 941 516 939 707 916 695 917 696 942 696 943 708 942 696 944 708 917 696 944 708 942 696 945 709 946 709 943 708 943 708 944 708 945 709 946 709 948 710 947 710 948 710 946 709 945 709 949 711 947 710 950 711 948 710 950 711 947 710 951 712 952 712 949 711 949 711 950 711 951 712 952 712 954 713 953 713 954 713 952 712 951 712 955 714 953 713 956 714 954 713 956 714 953 713 957 715 958 715 955 714 955 714 956 714 957 715 958 715 960 716 959 716 960 716 958 715 957 715 960 716 921 499 959 716 961 717 963 697 962 717 959 716 921 499 919 499 964 718 966 719 965 718 967 720 969 720 968 719 970 721 972 722 971 722 973 723 975 721 974 724 976 725 978 725 977 726 979 726 981 727 980 727 982 728 984 729 983 728 985 730 987 730 986 729 988 731 990 731 989 732 991 733 990 731 992 733 993 734 994 732 989 732 988 731 989 732 994 732 993 734 996 735 995 734 995 734 994 732 993 734 997 735 996 735 998 736 996 735 997 735 995 734 941 516 999 736 998 736 997 735 998 736 999 736 940 516 999 736 941 516 991 733 992 733 982 728 992 733 990 731 988 731 984 729 986 729 983 728 982 728 983 728 991 733 985 730 978 725 987 730 984 729 985 730 986 729 976 725 977 726 979 726 987 730 978 725 976 725 980 727 981 727 971 722 979 726 977 726 981 727 975 721 972 722 970 721 972 722 980 727 971 722 964 718 973 723 974 724 974 724 975 721 970 721 966 719 968 719 965 718 964 718 965 718 973 723 967 720 961 717 969 720 966 719 967 720 968 719 962 717 963 697 920 697 969 720 961 717 962 717 919 499 920 697 963 697 1000 735 1002 737 1001 738 1003 516 1005 736 1004 516 1006 739 1008 740 1007 731 1009 732 1011 741 1010 742 1012 729 1014 743 1013 744 1015 728 1017 733 1016 745 1018 746 1020 726 1019 747 1021 748 1023 725 1022 730 1024 749 1026 750 1025 751 1027 727 1029 752 1028 722 1030 753 1032 754 1031 755 1033 718 1035 724 1034 756 1036 697 1038 697 1037 757 1039 758 1041 717 1040 759 1042 716 1044 760 1043 761 1045 499 1047 499 1046 762 1048 763 1050 764 1049 765 1051 766 1053 767 1052 768 1054 769 1056 770 1055 771 1057 772 1059 773 1058 774 1060 775 1062 776 1061 777 1063 778 1065 779 1064 780 1062 776 1066 781 1061 777 1067 782 1066 781 1068 783 1062 776 1068 783 1066 781 1067 782 1070 784 1069 785 1070 784 1067 782 1068 783 1071 786 1072 787 1069 785 1069 785 1070 784 1071 786 1073 788 1072 787 1074 789 1071 786 1074 789 1072 787 1073 788 1076 790 1075 791 1076 790 1073 788 1074 789 1077 792 1078 793 1075 791 1075 791 1076 790 1077 792 1079 794 1078 793 1080 795 1077 792 1080 795 1078 793 1079 794 1082 796 1081 797 1082 796 1079 794 1080 795 1083 798 1004 516 1081 797 1081 797 1082 796 1083 798 1060 775 1064 780 1065 779 1083 798 1003 516 1004 516 1060 775 1061 777 1064 780 1063 778 1056 770 1054 769 1065 779 1063 778 1054 769 1059 773 1057 772 1055 771 1056 770 1059 773 1055 771 1048 763 1049 765 1058 774 1058 774 1049 765 1057 772 1052 768 1050 764 1051 766 1051 766 1050 764 1048 763 1044 760 1053 767 1043 761 1044 760 1052 768 1053 767 1042 716 1046 762 1047 499 1042 716 1043 761 1046 762 1045 499 1038 697 1036 697 1047 499 1045 499 1036 697 1041 717 1039 758 1037 757 1038 697 1041 717 1037 757 1030 753 1031 755 1040 759 1040 759 1031 755 1039 758 1033 718 1032 754 1030 753 1026 750 1034 756 1035 724 1034 756 1032 754 1033 718 1024 749 1025 751 1028 722 1026 750 1035 724 1025 751 1029 752 1027 727 1018 746 1024 749 1028 722 1029 752 1020 726 1023 725 1019 747 1027 727 1020 726 1018 746 1022 730 1013 744 1021 748 1023 725 1021 748 1019 747 1015 728 1014 743 1012 729 1012 729 1013 744 1022 730 1008 740 1016 745 1017 733 1016 745 1014 743 1015 728 1006 739 1007 731 1009 732 1008 740 1017 733 1007 731 1010 742 1011 741 1001 738 1006 739 1009 732 1010 742 1000 735 1005 736 1002 737 1011 741 1000 735 1001 738 1003 516 1002 737 1005 736 1084 799 1086 800 1085 801 1087 802 1089 803 1088 804 1084 799 1091 805 1090 806 1090 806 1086 800 1084 799 1092 807 1091 805 1093 808 1091 805 1092 807 1090 806 1093 808 1095 809 1094 810 1092 807 1093 808 1094 810 1095 809 1097 811 1096 812 1097 811 1095 809 1093 808 1098 813 1096 812 1099 814 1097 811 1099 814 1096 812 1100 815 1101 816 1098 813 1098 813 1099 814 1100 815 1101 816 1103 817 1102 818 1103 817 1101 816 1100 815 1104 819 1102 818 1105 820 1103 817 1105 820 1102 818 1106 821 1107 822 1104 819 1104 819 1105 820 1106 821 1108 823 1107 822 1106 821 1108 823 1109 824 1107 822 1085 801 1111 825 1110 826 1111 825 1085 801 1086 800 1112 827 1110 826 1113 828 1111 825 1113 828 1110 826 1114 829 1115 830 1112 827 1112 827 1113 828 1114 829 1115 830 1117 831 1116 832 1117 831 1115 830 1114 829 1118 833 1116 832 1119 834 1117 831 1119 834 1116 832 1120 835 1121 836 1118 833 1118 833 1119 834 1120 835 1121 836 1123 837 1122 838 1123 837 1121 836 1120 835 1124 839 1122 838 1125 840 1123 837 1125 840 1122 838 1126 841 1127 842 1124 839 1124 839 1125 840 1126 841 1127 842 1129 843 1128 844 1129 843 1127 842 1126 841 1128 844 1130 845 1089 803 1129 843 1130 845 1128 844 1131 846 1133 847 1132 848 1128 844 1089 803 1087 802 1134 849 1136 850 1135 851 1137 852 1139 853 1138 854 1140 855 1142 856 1141 857 1143 858 1145 859 1144 860 1146 861 1148 862 1147 863 1149 864 1150 865 1141 857 1151 866 1153 867 1152 868 1154 869 1156 870 1155 871 1157 872 1159 873 1158 874 1160 875 1162 876 1161 877 1163 878 1158 874 1164 879 1159 873 1164 879 1158 874 1165 880 1166 881 1163 878 1163 878 1164 879 1165 880 1166 881 1168 882 1167 883 1168 882 1166 881 1165 880 1169 884 1167 883 1170 885 1168 882 1170 885 1167 883 1171 886 1108 823 1169 884 1169 884 1170 885 1171 886 1109 824 1108 823 1171 886 1157 872 1161 877 1162 876 1162 876 1159 873 1157 872 1153 867 1151 866 1160 875 1153 867 1160 875 1161 877 1152 868 1154 869 1155 871 1153 867 1154 869 1152 868 1148 862 1156 870 1147 863 1155 871 1156 870 1148 862 1149 864 1146 861 1150 865 1146 861 1147 863 1150 865 1142 856 1140 855 1145 859 1142 856 1149 864 1141 857 1134 849 1143 858 1144 860 1144 860 1145 859 1140 855 1136 850 1138 854 1135 851 1134 849 1135 851 1143 858 1137 852 1131 846 1139 853 1136 850 1137 852 1138 854 1132 848 1133 847 1088 804 1139 853 1131 846 1132 848 1087 802 1088 804 1133 847 1172 887 1174 887 1173 887 1175 888 1177 888 1176 888 1178 889 1174 889 1172 889 1173 890 1180 890 1179 890 1181 891 1182 891 1178 891 1183 892 1184 892 1180 892 1185 893 1183 893 1186 893 1187 894 1188 894 1186 894 1189 895 1190 895 1181 895 1191 896 1187 896 1192 896 1193 897 1194 897 1189 897 1195 898 1197 898 1196 898 1191 899 1198 899 1196 899 1199 900 1201 900 1200 900 1202 901 1201 901 1197 901 1203 902 1205 902 1204 902 1203 903 1199 903 1206 903 1207 904 1208 904 1204 904 1207 905 1204 905 1205 905 1207 906 1209 906 1208 906 1210 907 1208 907 1209 907 1211 908 1212 908 1193 908 1207 909 1213 909 1209 909 1214 910 1216 910 1215 910 1217 911 1219 911 1218 911 1220 912 1222 912 1221 912 1223 913 1225 913 1224 913 1226 914 1228 914 1227 914 1229 915 1231 915 1230 915 1232 916 1234 916 1233 916 1235 917 1234 917 1227 917 1236 918 1238 918 1237 918 1232 919 1239 919 1236 919 1240 920 1175 920 1241 920 1241 921 1237 921 1242 921 1243 922 1176 922 1244 922 1245 923 1247 923 1246 923 1243 924 1246 924 1247 924 1248 925 1218 925 1249 925 1250 926 1245 926 1248 926 1251 927 1217 927 1252 927 1253 928 1255 928 1254 928 1216 929 1214 929 1220 929 1211 930 1257 930 1256 930 1257 931 1253 931 1258 931 1259 932 1255 932 1252 932 1209 933 1223 933 1210 933 1229 934 1228 934 1231 934 1203 935 1206 935 1205 935 1199 936 1200 936 1206 936 1201 937 1202 937 1200 937 1197 938 1195 938 1202 938 1196 939 1198 939 1195 939 1191 940 1192 940 1198 940 1191 941 1188 941 1187 941 1188 942 1185 942 1186 942 1185 943 1184 943 1183 943 1184 944 1179 944 1180 944 1179 945 1172 945 1173 945 1178 946 1182 946 1174 946 1181 947 1190 947 1182 947 1189 948 1194 948 1190 948 1193 949 1212 949 1194 949 1211 950 1256 950 1212 950 1257 951 1258 951 1256 951 1253 952 1254 952 1258 952 1255 953 1259 953 1254 953 1255 954 1251 954 1252 954 1251 955 1219 955 1217 955 1219 956 1249 956 1218 956 1249 957 1250 957 1248 957 1250 958 1247 958 1245 958 1243 959 1244 959 1246 959 1176 960 1177 960 1244 960 1175 961 1240 961 1177 961 1241 962 1242 962 1240 962 1237 963 1238 963 1242 963 1236 964 1239 964 1238 964 1232 965 1233 965 1239 965 1234 928 1235 928 1233 928 1234 966 1226 966 1227 966 1226 967 1231 967 1228 967 1230 968 1222 968 1229 968 1221 969 1216 969 1220 969 1230 970 1221 970 1222 970 1224 971 1214 971 1215 971 1223 972 1224 972 1260 972 1215 973 1260 973 1224 973 1210 974 1223 974 1260 974 1261 499 1263 975 1262 499 1264 976 1263 975 1265 977 1263 975 1264 976 1262 499 1266 978 1267 979 1265 977 1264 976 1265 977 1267 979 1266 978 1269 980 1268 981 1268 981 1267 979 1266 978 1270 982 1269 980 1271 983 1269 980 1270 982 1268 981 1272 984 1273 985 1271 983 1270 982 1271 983 1273 985 1272 984 1275 986 1274 987 1274 987 1273 985 1272 984 1276 988 1275 986 1277 989 1275 986 1276 988 1274 987 1278 990 1279 991 1277 989 1276 988 1277 989 1279 991 1278 990 1281 992 1280 993 1280 993 1279 991 1278 990 1282 994 1281 992 1283 995 1281 992 1282 994 1280 993 1284 996 1285 997 1283 995 1282 994 1283 995 1285 997 1284 996 1287 998 1286 999 1286 999 1285 997 1284 996 1288 1000 1287 998 1289 1001 1287 998 1288 1000 1286 999 1290 1002 1291 1003 1289 1001 1288 1000 1289 1001 1291 1003 1290 1002 1293 1004 1292 1005 1292 1005 1291 1003 1290 1002 1294 1006 1293 1004 1295 1007 1293 1004 1294 1006 1292 1005 1296 1008 1297 1009 1295 1007 1294 1006 1295 1007 1297 1009 1296 1008 1299 1010 1298 1011 1298 1011 1297 1009 1296 1008 1300 1012 1299 1010 1301 1013 1299 1010 1300 1012 1298 1011 1302 1014 1303 1015 1301 1013 1300 1012 1301 1013 1303 1015 1302 1014 1305 1016 1304 1017 1304 1017 1303 1015 1302 1014 1305 1016 1306 1016 1304 1017 1307 1018 1261 499 1262 499 1308 1019 1309 1020 1307 1018 1261 499 1307 1018 1309 1020 1308 1019 1311 1021 1310 1022 1310 1022 1309 1020 1308 1019 1312 1023 1311 1021 1313 1024 1311 1021 1312 1023 1310 1022 1314 1025 1315 1026 1313 1024 1312 1023 1313 1024 1315 1026 1314 1025 1317 1027 1316 1028 1316 1028 1315 1026 1314 1025 1318 1029 1317 1027 1319 1030 1317 1027 1318 1029 1316 1028 1320 1031 1321 1032 1319 1030 1318 1029 1319 1030 1321 1032 1320 1031 1323 1033 1322 1034 1322 1034 1321 1032 1320 1031 1324 1035 1323 1033 1325 1036 1323 1033 1324 1035 1322 1034 1326 1037 1327 1038 1325 1036 1324 1035 1325 1036 1327 1038 1326 1037 1329 1039 1328 1040 1328 1040 1327 1038 1326 1037 1330 1041 1329 1039 1331 1042 1329 1039 1330 1041 1328 1040 1332 1043 1333 1044 1331 1042 1330 1041 1331 1042 1333 1044 1332 1043 1335 1045 1334 1046 1334 1046 1333 1044 1332 1043 1336 1047 1335 1045 1337 1048 1335 1045 1336 1047 1334 1046 1338 1049 1339 1050 1337 1048 1336 1047 1337 1048 1339 1050 1338 1049 1341 1051 1340 1052 1340 1052 1339 1050 1338 1049 1342 1053 1341 1051 1343 1054 1341 1051 1342 1053 1340 1052 1344 1055 1345 1056 1343 1054 1342 1053 1343 1054 1345 1056 1344 1055 1347 1057 1346 1058 1346 1058 1345 1056 1344 1055 1348 1059 1347 1057 1349 1060 1347 1057 1348 1059 1346 1058 1348 1059 1349 1060 1350 1060 1351 1061 1353 1061 1352 1061 1354 1061 1351 1061 1355 1061 1352 1062 1355 1062 1351 1062 1356 1063 1358 499 1357 499 1359 1064 1361 1065 1360 1065 1362 1066 1364 1063 1363 1066 1365 1067 1367 1068 1366 1067 1368 1064 1370 1069 1369 1069 1371 1070 1373 1070 1372 1071 1374 1072 1376 1068 1375 1072 1377 1073 1379 1074 1378 1074 1380 1075 1382 1075 1381 1071 1383 1076 1385 1077 1384 1076 1386 1073 1388 1078 1387 1078 1389 1079 1391 1079 1390 1080 1392 1081 1394 1077 1393 1081 1395 1082 1397 1083 1396 1083 1398 1084 1400 1084 1399 1080 1401 1085 1403 1086 1402 1085 1404 1082 1406 1087 1405 1087 1407 1088 1409 1088 1408 1089 1410 1090 1412 1086 1411 1090 1413 1091 1415 1091 1414 1092 1415 1091 1413 1091 1416 1089 1417 1092 1418 1093 1414 1092 1414 1092 1415 1091 1417 1092 1419 1094 1418 1093 1420 1093 1417 1092 1420 1093 1418 1093 1419 1094 1422 1094 1421 1095 1422 1094 1419 1094 1420 1093 1423 1095 1424 1096 1421 1095 1421 1095 1422 1094 1423 1095 1425 1097 1424 1096 1426 1096 1423 1095 1426 1096 1424 1096 1425 1097 1428 1097 1427 1098 1428 1097 1425 1097 1426 1096 1429 1098 1430 1099 1427 1098 1427 1098 1428 1097 1429 1098 1358 499 1430 1099 1431 1099 1429 1098 1431 1099 1430 1099 1357 499 1358 499 1431 1099 1416 1089 1408 1089 1409 1088 1413 1091 1408 1089 1416 1089 1410 1090 1411 1090 1407 1088 1407 1088 1411 1090 1409 1088 1401 1085 1412 1086 1403 1086 1403 1086 1412 1086 1410 1090 1406 1087 1402 1085 1405 1087 1406 1087 1401 1085 1402 1085 1404 1082 1395 1082 1396 1083 1404 1082 1405 1087 1395 1082 1397 1083 1400 1084 1398 1084 1396 1083 1397 1083 1398 1084 1390 1080 1391 1079 1399 1080 1400 1084 1390 1080 1399 1080 1392 1081 1393 1081 1389 1079 1389 1079 1393 1081 1391 1079 1383 1076 1394 1077 1385 1077 1385 1077 1394 1077 1392 1081 1388 1078 1383 1076 1384 1076 1386 1073 1387 1078 1377 1073 1388 1078 1384 1076 1387 1078 1378 1074 1379 1074 1380 1075 1386 1073 1377 1073 1378 1074 1382 1075 1372 1071 1381 1071 1379 1074 1382 1075 1380 1075 1371 1070 1375 1072 1373 1070 1372 1071 1373 1070 1381 1071 1367 1068 1376 1068 1374 1072 1374 1072 1375 1072 1371 1070 1370 1069 1365 1067 1366 1067 1365 1067 1376 1068 1367 1068 1368 1064 1369 1069 1359 1064 1370 1069 1366 1067 1369 1069 1360 1065 1361 1065 1363 1066 1368 1064 1359 1064 1360 1065 1362 1066 1356 1063 1364 1063 1361 1065 1362 1066 1363 1066 1357 499 1364 1063 1356 1063 1432 1100 1434 1100 1433 1100 1433 1101 1435 1101 1432 1101 1436 1102 1438 1102 1437 1102 1439 1103 1441 1103 1440 1103 1442 1104 1438 1104 1439 1104 1443 1105 1436 1105 1437 1105 1439 1106 1436 1106 1441 1106 1438 1107 1436 1107 1439 1107 1444 1108 1446 1108 1445 1108 1445 1109 1447 1109 1444 1109 1448 1110 1450 1110 1449 1110 1448 1111 1451 1111 1450 1111 1452 1112 1453 1112 1448 1112 1454 1113 1455 1113 1451 1113 1450 1114 1451 1114 1455 1114 1448 1115 1453 1115 1451 1115 1456 1116 1458 1116 1457 1117 1459 1118 1461 1118 1460 1117 1462 1119 1464 1120 1463 1120 1465 1119 1467 1121 1466 1121 1468 1122 1470 1122 1469 1123 1471 1123 1473 1124 1472 1124 1474 1125 1476 1126 1475 1125 1477 1127 1479 1127 1478 1126 1480 1128 1482 1129 1481 1129 1483 1130 1485 1128 1484 1131 1486 1132 1488 1133 1487 1133 1488 1133 1486 1132 1489 1132 1490 1134 1487 1133 1491 1134 1488 1133 1491 1134 1487 1133 1492 1135 1493 1135 1490 1134 1490 1134 1491 1134 1492 1135 1493 1135 1495 1136 1494 1136 1495 1136 1493 1135 1492 1135 1496 1137 1494 1136 1497 1137 1495 1136 1497 1137 1494 1136 1481 1129 1489 1132 1486 1132 1482 1129 1489 1132 1481 1129 1480 1128 1484 1131 1485 1128 1482 1129 1480 1128 1485 1128 1483 1130 1474 1125 1475 1125 1483 1130 1484 1131 1474 1125 1478 1126 1476 1126 1477 1127 1478 1126 1475 1125 1476 1126 1468 1122 1479 1127 1470 1122 1470 1122 1479 1127 1477 1127 1473 1124 1471 1123 1469 1123 1469 1123 1471 1123 1468 1122 1463 1120 1464 1120 1472 1124 1473 1124 1463 1120 1472 1124 1462 1119 1467 1121 1465 1119 1464 1120 1462 1119 1465 1119 1466 1121 1458 1116 1456 1116 1466 1121 1467 1121 1458 1116 1459 1118 1460 1117 1457 1117 1460 1117 1456 1116 1457 1117 1498 1138 1500 1138 1499 1138 1501 1139 1503 1139 1502 1139 1501 1140 1505 1140 1504 1140 1506 1141 1508 1141 1507 1141 1509 1142 1501 1142 1510 1142 1501 1143 1504 1143 1510 1143 1511 1144 1501 1144 1512 1144 1501 1145 1509 1145 1512 1145 1501 1146 1513 1146 1503 1146 1501 1147 1511 1147 1513 1147 1501 1148 1515 1148 1514 1148 1502 1149 1515 1149 1501 1149 1516 1150 1500 1150 1514 1150 1501 1151 1514 1151 1500 1151 1517 1152 1500 1152 1518 1152 1500 1153 1516 1153 1518 1153 1519 1154 1500 1154 1520 1154 1500 1155 1517 1155 1520 1155 1521 1156 1500 1156 1522 1156 1500 1157 1519 1157 1522 1157 1500 1158 1521 1158 1499 1158 1506 1159 1500 1159 1523 1159 1498 1160 1523 1160 1500 1160 1524 1161 1506 1161 1525 1161 1506 1162 1523 1162 1508 1162 1526 1163 1506 1163 1527 1163 1506 1164 1507 1164 1527 1164 1506 1165 1528 1165 1525 1165 1506 1166 1526 1166 1528 1166 1506 1167 1530 1167 1529 1167 1524 1168 1530 1168 1506 1168 1505 1169 1506 1169 1531 1169 1529 1170 1531 1170 1506 1170 1532 1171 1505 1171 1533 1171 1505 1172 1531 1172 1533 1172 1534 1173 1505 1173 1535 1173 1505 1174 1532 1174 1535 1174 1536 1175 1505 1175 1537 1175 1505 1176 1534 1176 1537 1176 1538 1177 1505 1177 1539 1177 1505 1178 1536 1178 1539 1178 1504 1179 1505 1179 1538 1179 1540 1180 1542 1180 1541 1180 1542 1181 1540 1181 1543 1181 1544 1182 1546 1182 1545 1182 1545 1183 1548 1183 1547 1183 1545 1184 1549 1184 1544 1184 1550 1185 1552 1185 1551 1185 1553 1186 1545 1186 1554 1186 1545 1187 1546 1187 1554 1187 1555 1188 1545 1188 1556 1188 1545 1189 1553 1189 1556 1189 1545 1190 1555 1190 1548 1190 1545 1191 1558 1191 1557 1191 1547 1192 1558 1192 1545 1192 1550 1193 1545 1193 1559 1193 1557 1194 1559 1194 1545 1194 1560 1195 1550 1195 1561 1195 1550 1196 1559 1196 1561 1196 1562 1197 1550 1197 1563 1197 1550 1198 1560 1198 1563 1198 1550 1199 1564 1199 1552 1199 1550 1200 1562 1200 1564 1200 1550 1201 1566 1201 1565 1201 1551 1202 1566 1202 1550 1202 1567 1203 1569 1203 1568 1203 1550 1204 1565 1204 1567 1204 1570 1205 1567 1205 1571 1205 1567 1206 1565 1206 1571 1206 1572 1207 1567 1207 1573 1207 1567 1208 1570 1208 1573 1208 1567 1209 1574 1209 1569 1209 1567 1210 1572 1210 1574 1210 1567 1211 1576 1211 1575 1211 1568 1212 1576 1212 1567 1212 1577 1213 1549 1213 1575 1213 1567 1214 1575 1214 1549 1214 1578 1215 1549 1215 1579 1215 1549 1216 1577 1216 1579 1216 1580 1217 1549 1217 1581 1217 1549 1218 1578 1218 1581 1218 1582 1219 1549 1219 1583 1219 1549 1220 1580 1220 1583 1220 1584 1221 1549 1221 1585 1221 1549 1222 1582 1222 1585 1222 1544 1223 1549 1223 1584 1223 1586 1224 1588 1225 1587 1225 1589 1226 1591 1227 1590 1227 1586 1224 1593 1224 1592 1228 1593 1224 1586 1224 1587 1225 1594 1228 1595 1229 1592 1228 1592 1228 1593 1224 1594 1228 1596 1230 1595 1229 1597 1229 1594 1228 1597 1229 1595 1229 1596 1230 1599 1230 1598 1231 1599 1230 1596 1230 1597 1229 1600 1231 1601 1232 1598 1231 1598 1231 1599 1230 1600 1231 1602 1233 1601 1232 1603 1232 1600 1231 1603 1232 1601 1232 1602 1233 1605 1233 1604 1234 1605 1233 1602 1233 1603 1232 1606 1234 1607 1235 1604 1234 1604 1234 1605 1233 1606 1234 1608 1236 1607 1235 1609 1235 1606 1234 1609 1235 1607 1235 1610 1236 1608 1236 1609 1235 1611 1237 1587 1225 1588 1225 1612 1238 1611 1237 1613 1237 1588 1225 1613 1237 1611 1237 1612 1238 1615 1238 1614 1239 1615 1238 1612 1238 1613 1237 1616 1239 1617 1240 1614 1239 1614 1239 1615 1238 1616 1239 1618 1241 1617 1240 1619 1240 1616 1239 1619 1240 1617 1240 1618 1241 1621 1241 1620 1242 1621 1241 1618 1241 1619 1240 1622 1242 1623 1243 1620 1242 1620 1242 1621 1241 1622 1242 1624 1244 1623 1243 1625 1243 1622 1242 1625 1243 1623 1243 1624 1244 1627 1244 1626 1245 1627 1244 1624 1244 1625 1243 1628 1245 1591 1227 1626 1245 1626 1245 1627 1244 1628 1245 1628 1245 1590 1227 1591 1227 1629 1246 1631 1247 1630 1247 1632 1248 1634 1249 1633 1248 1635 1250 1637 1251 1636 1250 1638 1246 1640 1252 1639 1252 1641 1253 1643 1253 1642 1254 1644 1255 1646 1251 1645 1255 1647 1256 1649 1257 1648 1257 1650 1258 1652 1258 1651 1254 1653 1259 1655 1260 1654 1261 1656 1256 1658 1262 1657 1262 1659 1263 1655 1260 1660 1260 1653 1259 1660 1260 1655 1260 1659 1263 1662 1263 1661 1264 1662 1263 1659 1263 1660 1260 1663 1264 1664 1265 1661 1264 1661 1264 1662 1263 1663 1264 1665 1266 1664 1265 1666 1265 1663 1264 1666 1265 1664 1265 1667 1266 1665 1266 1666 1265 1657 1262 1658 1262 1654 1261 1658 1262 1653 1259 1654 1261 1656 1256 1647 1256 1648 1257 1656 1256 1657 1262 1647 1256 1649 1257 1652 1258 1650 1258 1648 1257 1649 1257 1650 1258 1642 1254 1643 1253 1651 1254 1652 1258 1642 1254 1651 1254 1644 1255 1645 1255 1641 1253 1641 1253 1645 1255 1643 1253 1635 1250 1646 1251 1637 1251 1637 1251 1646 1251 1644 1255 1640 1252 1636 1250 1639 1252 1640 1252 1635 1250 1636 1250 1638 1246 1629 1246 1630 1247 1638 1246 1639 1252 1629 1246 1631 1247 1632 1248 1633 1248 1630 1247 1631 1247 1633 1248 1589 1226 1590 1227 1634 1249 1632 1248 1589 1226 1634 1249 1668 1267 1670 1267 1669 1267 1671 1268 1673 1268 1672 1268 1673 1269 1675 1269 1674 1269 1676 1270 1678 1270 1677 1270 1668 1267 1679 1267 1670 1267 1675 1271 1673 1271 1671 1271 1680 1272 1681 1272 1674 1272 1672 1273 1682 1273 1671 1273 1683 1274 1681 1274 1684 1274 1674 1275 1675 1275 1680 1275 1683 1276 1686 1276 1685 1276 1680 1277 1684 1277 1681 1277 1683 1278 1684 1278 1686 1278 1687 1279 1685 1279 1686 1279 1687 1280 1688 1280 1685 1280 1688 1281 1687 1281 1689 1281 1690 1282 1688 1282 1689 1282 1689 1283 1691 1283 1690 1283 1690 1284 1691 1284 1692 1284 1693 1285 1692 1285 1691 1285 1694 1286 1692 1286 1693 1286 1695 1287 1697 1287 1696 1287 1698 1288 1699 1288 1697 1288 1700 939 1692 939 1701 939 1702 1289 1704 1289 1703 1289 1705 1290 1707 1290 1706 1290 1677 1291 1708 1291 1679 1291 1708 1292 1709 1292 1670 1292 1692 1293 1694 1293 1701 1293 1710 1294 1711 1294 1699 1294 1695 1295 1696 1295 1709 1295 1712 1296 1713 1296 1711 1296 1699 1297 1698 1297 1710 1297 1714 1298 1716 1298 1715 1298 1717 1299 1718 1299 1716 1299 1712 1300 1711 1300 1719 1300 1720 1301 1717 1301 1721 1301 1714 1302 1713 1302 1712 1302 1722 1303 1721 1303 1723 1303 1723 1304 1671 1304 1682 1304 1723 1305 1682 1305 1722 1305 1723 1306 1721 1306 1717 1306 1720 1307 1718 1307 1717 1307 1718 1308 1715 1308 1716 1308 1715 1309 1713 1309 1714 1309 1719 1310 1711 1310 1710 1310 1698 1311 1697 1311 1695 1311 1696 1312 1670 1312 1709 1312 1670 909 1679 909 1708 909 1724 1313 1726 1313 1725 1313 1678 1314 1726 1314 1724 1314 1727 1315 1729 1315 1728 1315 1730 1316 1729 1316 1731 1316 1732 1317 1734 1317 1733 1317 1735 1318 1737 1318 1736 1318 1738 1319 1740 1319 1739 1319 1739 1320 1741 1320 1738 1320 1742 1321 1744 1321 1743 1321 1706 1322 1739 1322 1740 1322 1745 1323 1747 1323 1746 1323 1745 1324 1707 1324 1748 1324 1743 1325 1744 1325 1749 1325 1750 1326 1752 1326 1751 1326 1703 1327 1751 1327 1753 1327 1750 1328 1755 1328 1754 1328 1756 1329 1750 1329 1754 1329 1702 1330 1749 1330 1704 1330 1742 1331 1743 1331 1746 1331 1752 1332 1750 1332 1757 1332 1750 1333 1756 1333 1757 1333 1753 1334 1702 1334 1703 1334 1752 1335 1753 1335 1751 1335 1744 1336 1704 1336 1749 1336 1747 1337 1745 1337 1748 1337 1742 1338 1746 1338 1747 1338 1748 1339 1707 1339 1705 1339 1706 1340 1707 1340 1739 1340 1734 1341 1741 1341 1739 1341 1733 1342 1737 1342 1732 1342 1734 1343 1732 1343 1741 1343 1736 1344 1737 1344 1733 1344 1727 1345 1728 1345 1735 1345 1735 1346 1736 1346 1727 1346 1728 1347 1729 1347 1730 1347 1730 1348 1731 1348 1725 1348 1676 1349 1726 1349 1678 1349 1731 1350 1724 1350 1725 1350 1676 1351 1677 1351 1679 1351 1758 1352 1760 1353 1759 1353 1758 1352 1762 1354 1761 1352 1761 1352 1760 1353 1758 1352 1763 1354 1762 1354 1764 1355 1762 1354 1763 1354 1761 1352 1765 1356 1766 1355 1764 1355 1763 1354 1764 1355 1766 1355 1765 1356 1768 1357 1767 1356 1767 1356 1766 1355 1765 1356 1769 1357 1768 1357 1770 1358 1768 1357 1769 1357 1767 1356 1771 1359 1772 1358 1770 1358 1769 1357 1770 1358 1772 1358 1771 1359 1774 1360 1773 1359 1773 1359 1772 1358 1771 1359 1775 1360 1774 1360 1776 1361 1774 1360 1775 1360 1773 1359 1777 1362 1778 1361 1776 1361 1775 1360 1776 1361 1778 1361 1777 1362 1779 1362 1778 1361 1760 1353 1780 1363 1759 1353 1780 1363 1781 1363 1759 1353 1782 1364 1781 1363 1783 1364 1780 1363 1783 1364 1781 1363 1784 1365 1785 1366 1782 1364 1782 1364 1783 1364 1784 1365 1785 1366 1787 1367 1786 1367 1787 1367 1785 1366 1784 1365 1788 1368 1786 1367 1789 1368 1787 1367 1789 1368 1786 1367 1790 1369 1791 1369 1788 1368 1788 1368 1789 1368 1790 1369 1791 1369 1793 1370 1792 1370 1793 1370 1791 1369 1790 1369 1794 1371 1792 1370 1795 1371 1793 1370 1795 1371 1792 1370 1796 1372 1797 1372 1794 1371 1794 1371 1795 1371 1796 1372 1797 1372 1799 1373 1798 1373 1799 1373 1797 1372 1796 1372 1799 1373 1800 1374 1798 1373 1798 1373 1800 1374 1801 1374 1802 1375 1804 1375 1803 1375 1805 1376 1807 1376 1806 1376 1808 1377 1810 1377 1809 1377 1809 1378 1810 1378 1811 1378 1812 1379 1813 1379 1811 1379 1811 1380 1810 1380 1812 1380 1814 1381 1816 1381 1815 1381 1817 1382 1813 1382 1812 1382 1818 1383 1819 1383 1817 1383 1813 1384 1817 1384 1819 1384 1818 1385 1821 1385 1820 1385 1820 1386 1819 1386 1818 1386 1822 1387 1824 1387 1823 1387 1821 1388 1807 1388 1820 1388 1806 1389 1807 1389 1821 1389 1825 1390 1805 1390 1806 1390 1803 1391 1825 1391 1802 1391 1825 1392 1803 1392 1805 1392 1802 1393 1826 1393 1804 1393 1804 1394 1826 1394 1827 1394 1828 1395 1826 1395 1802 1395 1829 1396 1831 1396 1830 1396 1831 1397 1832 1397 1830 1397 1833 1398 1835 1398 1834 1398 1836 1399 1838 1399 1837 1399 1839 1400 1841 1400 1840 1400 1842 1401 1837 1401 1843 1401 1844 1402 1846 1402 1845 1402 1847 1403 1849 1403 1848 1403 1845 1404 1848 1404 1850 1404 1850 1405 1844 1405 1845 1405 1851 1406 1852 1406 1844 1406 1849 1407 1847 1407 1853 1407 1848 1408 1849 1408 1850 1408 1847 1409 1854 1409 1853 1409 1843 1410 1853 1410 1854 1410 1843 1411 1854 1411 1842 1411 1855 1412 1856 1412 1838 1412 1836 1413 1837 1413 1842 1413 1857 1414 1859 1414 1858 1414 1860 1415 1856 1415 1855 1415 1855 1416 1862 1416 1861 1416 1834 1417 1858 1417 1863 1417 1861 1418 1860 1418 1855 1418 1864 1419 1866 1419 1865 1419 1857 1420 1868 1420 1867 1420 1838 1421 1836 1421 1855 1421 1869 1422 1831 1422 1835 1422 1870 1423 1868 1423 1871 1423 1871 1424 1873 1424 1872 1424 1841 1425 1874 1425 1873 1425 1851 1426 1839 1426 1875 1426 1844 1427 1852 1427 1846 1427 1851 1428 1875 1428 1852 1428 1839 1429 1840 1429 1875 1429 1839 1430 1874 1430 1841 1430 1874 1431 1872 1431 1873 1431 1872 1432 1870 1432 1871 1432 1870 1433 1867 1433 1868 1433 1867 1434 1859 1434 1857 1434 1859 1435 1863 1435 1858 1435 1869 1436 1835 1436 1833 1436 1863 1437 1833 1437 1834 1437 1832 1438 1827 1438 1830 1438 1869 1439 1832 1439 1831 1439 1826 1440 1830 1440 1827 1440 1864 1441 1865 1441 1876 1441 1877 1442 1866 1442 1878 1442 1877 1443 1880 1443 1879 1443 1879 1444 1881 1444 1823 1444 1864 1445 1878 1445 1866 1445 1824 1446 1883 1446 1882 1446 1878 1447 1880 1447 1877 1447 1815 1448 1884 1448 1883 1448 1809 1449 1816 1449 1885 1449 1809 1450 1885 1450 1808 1450 1816 1451 1814 1451 1885 1451 1816 1452 1884 1452 1815 1452 1884 1453 1882 1453 1883 1453 1882 1454 1823 1454 1824 1454 1822 1455 1823 1455 1881 1455 1881 1456 1879 1456 1880 1456 1886 1457 1876 1457 1887 1457 1865 1458 1887 1458 1876 1458 1886 1459 1887 1459 1888 1459 1886 1460 1888 1460 1889 1460 1890 1461 1886 1461 1891 1461 1889 1462 1891 1462 1886 1462 1892 1463 1894 1463 1893 1463 1894 1464 1892 1464 1895 1464 1896 1465 1898 1465 1897 1465 1899 1466 1901 1466 1900 1466 1899 1467 1903 1467 1902 1467 1904 1468 1899 1468 1905 1468 1899 1469 1902 1469 1905 1469 1906 1470 1899 1470 1907 1470 1899 1471 1904 1471 1907 1471 1899 1472 1908 1472 1901 1472 1899 1473 1906 1473 1908 1473 1899 1474 1910 1474 1909 1474 1900 1475 1910 1475 1899 1475 1897 1476 1899 1476 1911 1476 1909 1477 1911 1477 1899 1477 1912 1478 1897 1478 1913 1478 1897 1479 1911 1479 1913 1479 1914 1480 1897 1480 1915 1480 1897 1481 1912 1481 1915 1481 1897 1482 1916 1482 1896 1482 1897 1483 1914 1483 1916 1483 1897 1484 1918 1484 1917 1484 1898 1485 1918 1485 1897 1485 1919 1486 1897 1486 1917 1486 1919 1487 1921 1487 1920 1487 1922 1488 1919 1488 1923 1488 1919 1489 1917 1489 1923 1489 1924 1490 1919 1490 1925 1490 1919 1491 1922 1491 1925 1491 1919 1492 1926 1492 1921 1492 1919 1493 1924 1493 1926 1493 1919 1494 1928 1494 1927 1494 1920 1495 1928 1495 1919 1495 1929 1496 1903 1496 1927 1496 1919 1497 1927 1497 1903 1497 1930 1498 1903 1498 1931 1498 1903 1499 1929 1499 1931 1499 1932 1500 1903 1500 1933 1500 1903 1501 1930 1501 1933 1501 1934 1502 1903 1502 1935 1502 1903 1503 1932 1503 1935 1503 1936 1504 1903 1504 1937 1504 1903 1505 1934 1505 1937 1505 1902 1506 1903 1506 1936 1506 1938 1507 1940 1507 1939 1507 1939 1508 1942 1508 1941 1508 1939 1509 1943 1509 1938 1509 1944 1510 1946 1510 1945 1510 1947 1511 1939 1511 1948 1511 1939 1512 1940 1512 1948 1512 1949 1513 1939 1513 1950 1513 1939 1514 1947 1514 1950 1514 1939 1515 1949 1515 1942 1515 1939 1516 1952 1516 1951 1516 1941 1517 1952 1517 1939 1517 1953 1518 1945 1518 1951 1518 1939 1519 1951 1519 1945 1519 1954 1520 1945 1520 1955 1520 1945 1521 1953 1521 1955 1521 1956 1522 1945 1522 1957 1522 1945 1523 1954 1523 1957 1523 1958 1524 1945 1524 1959 1524 1945 1525 1956 1525 1959 1525 1945 1526 1958 1526 1944 1526 1946 1527 1960 1527 1945 1527 1945 1528 1960 1528 1961 1528 1962 1529 1961 1529 1963 1529 1961 1530 1960 1530 1963 1530 1964 1531 1965 1531 1961 1531 1966 1532 1961 1532 1967 1532 1961 1533 1962 1533 1967 1533 1961 1534 1968 1534 1964 1534 1961 1535 1966 1535 1968 1535 1961 1536 1970 1536 1969 1536 1965 1537 1970 1537 1961 1537 1943 1538 1961 1538 1971 1538 1969 1539 1971 1539 1961 1539 1972 1540 1943 1540 1973 1540 1943 1541 1971 1541 1973 1541 1974 1542 1943 1542 1975 1542 1943 1543 1972 1543 1975 1543 1976 1544 1943 1544 1977 1544 1943 1545 1974 1545 1977 1545 1978 1546 1943 1546 1979 1546 1943 1547 1976 1547 1979 1547 1938 1548 1943 1548 1978 1548 1980 1063 1982 1549 1981 1549 1983 1064 1985 1065 1984 1065 1986 1066 1988 1063 1987 1066 1989 1067 1991 1068 1990 1067 1992 1064 1994 1069 1993 1069 1995 1070 1997 1070 1996 1071 1998 1072 2000 1068 1999 1072 2001 1073 2003 1074 2002 1074 2004 1075 2006 1075 2005 1071 2007 1076 2009 1077 2008 1076 2010 1073 2012 1078 2011 1078 2013 1079 2015 1079 2014 1080 2016 1081 2018 1077 2017 1081 2019 1550 2021 1551 2020 1552 2022 1553 2024 1554 2023 1080 2025 1555 2027 1556 2026 1557 2028 1558 2030 1559 2029 1560 2031 1561 2033 1562 2032 1563 2034 1564 2036 1565 2035 1566 2037 1567 2039 1568 2038 1569 2039 1568 2037 1567 2040 1570 2041 1571 2042 1572 2038 1569 2038 1569 2039 1568 2041 1571 2043 1573 2042 1572 2044 1574 2041 1571 2044 1574 2042 1572 2043 1573 2046 1575 2045 1576 2046 1575 2043 1573 2044 1574 2047 1577 2048 1578 2045 1576 2045 1576 2046 1575 2047 1577 2049 1579 2048 1578 2050 1580 2047 1577 2050 1580 2048 1578 2049 1579 2052 1581 2051 1098 2052 1581 2049 1579 2050 1580 2053 1582 2054 1583 2051 1098 2051 1098 2052 1581 2053 1582 1982 1549 2054 1583 2055 1583 2053 1582 2055 1583 2054 1583 1981 1549 1982 1549 2055 1583 2040 1570 2032 1563 2033 1562 2037 1567 2032 1563 2040 1570 2034 1564 2035 1566 2031 1561 2031 1561 2035 1566 2033 1562 2025 1555 2036 1565 2027 1556 2027 1556 2036 1565 2034 1564 2030 1559 2026 1557 2029 1560 2030 1559 2025 1555 2026 1557 2028 1558 2019 1550 2020 1552 2028 1558 2029 1560 2019 1550 2021 1551 2024 1554 2022 1553 2020 1552 2021 1551 2022 1553 2014 1080 2015 1079 2023 1080 2024 1554 2014 1080 2023 1080 2016 1081 2017 1081 2013 1079 2013 1079 2017 1081 2015 1079 2007 1076 2018 1077 2009 1077 2009 1077 2018 1077 2016 1081 2012 1078 2007 1076 2008 1076 2010 1073 2011 1078 2001 1073 2012 1078 2008 1076 2011 1078 2002 1074 2003 1074 2004 1075 2010 1073 2001 1073 2002 1074 2006 1075 1996 1071 2005 1071 2003 1074 2006 1075 2004 1075 1995 1070 1999 1072 1997 1070 1996 1071 1997 1070 2005 1071 1991 1068 2000 1068 1998 1072 1998 1072 1999 1072 1995 1070 1994 1069 1989 1067 1990 1067 1989 1067 2000 1068 1991 1068 1992 1064 1993 1069 1983 1064 1994 1069 1990 1067 1993 1069 1984 1065 1985 1065 1987 1066 1992 1064 1983 1064 1984 1065 1986 1066 1980 1063 1988 1063 1985 1065 1986 1066 1987 1066 1981 1549 1988 1063 1980 1063</p>
        </triangles>
        <triangles material="ID10_002-material" count="10761">
          <input semantic="VERTEX" source="#ID84_013-mesh-vertices" offset="0"/>
          <input semantic="NORMAL" source="#ID84_013-mesh-normals" offset="1"/>
          <p>376 236 377 237 378 238 379 239 380 239 381 240 382 241 378 238 383 242 377 237 383 242 378 238 384 243 385 244 382 241 382 241 383 242 384 243 385 244 386 245 387 246 386 245 385 244 384 243 388 247 387 246 389 248 386 245 389 248 387 246 390 249 391 250 388 247 388 247 389 248 390 249 391 250 392 251 393 252 392 251 391 250 390 249 394 253 393 252 395 254 392 251 395 254 393 252 396 255 397 256 394 253 394 253 395 254 396 255 398 257 397 256 396 255 398 257 399 258 397 256 377 237 376 236 400 259 401 260 402 261 400 259 400 259 376 236 401 260 402 261 403 262 404 263 403 262 402 261 401 260 405 264 404 263 406 265 403 262 406 265 404 263 407 266 408 267 405 264 405 264 406 265 407 266 408 267 409 268 410 269 409 268 408 267 407 266 411 270 410 269 412 271 409 268 412 271 410 269 413 272 414 273 411 270 411 270 412 271 413 272 414 273 415 274 416 275 415 274 414 273 413 272 415 274 380 239 416 275 417 276 418 240 419 277 416 275 380 239 379 239 420 278 421 279 422 280 423 281 424 281 425 279 426 282 427 283 428 283 429 284 430 282 431 285 432 286 433 287 434 288 435 289 436 290 437 290 438 291 439 292 440 293 441 294 442 294 443 292 444 295 445 296 446 296 438 291 446 296 445 296 444 295 447 297 448 295 448 295 445 296 444 295 449 297 447 297 450 298 447 297 449 297 448 295 399 258 451 298 450 298 449 297 450 298 451 298 398 257 451 298 399 258 439 292 443 292 440 293 438 291 440 293 446 296 441 294 433 287 442 294 439 292 441 294 443 292 432 286 434 288 435 289 442 294 433 287 432 286 437 290 436 290 428 283 435 289 434 288 436 290 430 282 427 283 426 282 427 283 437 290 428 283 420 278 429 284 431 285 431 285 430 282 426 282 421 279 425 279 422 280 420 278 422 280 429 284 423 281 417 276 424 281 421 279 423 281 425 279 419 277 418 240 381 240 424 281 417 276 419 277 379 239 381 240 418 240 452 299 453 299 454 299 455 300 456 300 457 300 458 301 454 301 459 301 452 302 460 302 461 302 462 303 458 303 463 303 464 304 465 304 460 304 466 305 467 305 464 305 468 306 469 306 466 306 470 307 462 307 471 307 472 308 468 308 473 308 474 309 475 309 471 309 476 310 477 310 478 310 473 311 479 311 480 311 481 312 482 312 457 312 483 313 484 313 485 313 486 314 487 314 488 314 455 315 489 315 490 315 491 316 492 316 493 316 494 317 495 317 496 317 493 318 497 318 498 318 499 319 500 319 501 319 502 320 503 320 504 320 501 321 505 321 506 321 486 322 507 322 508 322 491 323 508 323 509 323 510 324 511 324 512 324 513 325 514 325 515 325 485 326 516 326 517 326 518 327 487 327 490 327 519 328 520 328 482 328 517 329 483 329 485 329 521 330 478 330 520 330 522 331 479 331 523 331 498 332 500 332 499 332 524 333 474 333 525 333 477 334 526 334 525 334 516 335 527 335 517 335 527 336 516 336 512 336 523 337 479 337 484 337 523 338 484 338 483 338 480 339 479 339 522 339 472 340 473 340 480 340 469 341 468 341 472 341 467 342 466 342 469 342 465 343 464 343 467 343 461 344 460 344 465 344 453 345 452 345 461 345 459 346 454 346 453 346 463 347 458 347 459 347 471 348 462 348 463 348 471 349 475 349 470 349 474 350 524 350 475 350 525 351 526 351 524 351 477 352 476 352 526 352 478 353 521 353 476 353 520 354 519 354 521 354 482 355 481 355 519 355 457 356 456 356 481 356 455 357 490 357 456 357 518 358 490 358 489 358 488 359 487 359 518 359 507 360 486 360 488 360 509 361 508 361 507 361 492 362 491 362 509 362 497 363 493 363 492 363 500 364 498 364 497 364 506 365 499 365 501 365 502 366 506 366 505 366 503 367 496 367 504 367 503 368 502 368 505 368 494 369 513 369 495 369 503 370 494 370 496 370 515 371 514 371 510 371 495 372 513 372 515 372 512 373 511 373 527 373 510 374 514 374 511 374 528 375 529 375 530 375 531 376 532 376 533 376 534 377 530 377 535 377 536 378 537 378 528 378 538 379 539 379 534 379 536 380 540 380 541 380 542 381 543 381 540 381 543 382 544 382 545 382 539 383 546 383 547 383 545 384 548 384 549 384 550 385 547 385 551 385 552 386 553 386 554 386 555 387 552 387 550 387 556 388 557 388 558 388 559 389 560 389 561 389 562 390 563 390 564 390 565 391 566 391 567 391 568 392 569 392 570 392 571 393 572 393 573 393 574 394 575 394 576 394 577 395 575 395 578 395 579 396 580 396 568 396 581 397 582 397 576 397 572 398 583 398 584 398 577 399 585 399 583 399 586 400 587 400 588 400 589 401 590 401 591 401 592 402 533 402 567 402 593 403 531 403 571 403 594 404 565 404 595 404 596 405 556 405 558 405 597 406 595 406 561 406 580 407 579 407 581 407 557 408 556 408 598 408 599 409 600 409 549 409 559 410 600 410 601 410 596 411 558 411 602 411 602 412 564 412 596 412 554 413 598 413 552 413 554 414 557 414 598 414 555 415 553 415 552 415 551 416 555 416 550 416 546 417 551 417 547 417 538 418 546 418 539 418 535 419 538 419 534 419 529 420 535 420 530 420 537 421 529 421 528 421 541 422 537 422 536 422 543 423 541 423 540 423 543 424 542 424 544 424 545 425 544 425 548 425 549 426 548 426 599 426 600 427 599 427 601 427 559 428 601 428 560 428 561 429 560 429 597 429 595 430 597 430 594 430 565 431 594 431 566 431 567 432 566 432 592 432 533 433 592 433 531 433 593 434 532 434 531 434 573 435 593 435 571 435 584 436 573 436 572 436 585 437 584 437 583 437 578 438 585 438 577 438 574 439 578 439 575 439 582 440 574 440 576 440 579 441 582 441 581 441 603 442 568 442 580 442 570 443 569 443 590 443 568 444 603 444 569 444 589 445 591 445 586 445 570 446 590 446 589 446 587 447 563 447 588 447 591 448 587 448 586 448 564 449 602 449 562 449 563 450 562 450 588 450 604 274 605 451 606 451 607 268 608 271 609 271 610 272 611 274 612 452 613 265 614 453 615 265 616 268 617 454 618 454 619 455 620 455 621 456 622 260 623 262 624 260 625 457 626 244 627 244 628 241 629 241 630 238 631 250 632 252 633 458 634 457 635 459 636 247 637 256 638 256 639 257 640 460 641 461 642 460 643 462 644 463 645 464 646 465 647 466 648 258 649 467 650 468 651 469 652 470 653 471 654 472 655 473 656 474 657 475 658 476 659 477 660 478 661 479 662 480 663 481 662 480 661 479 664 482 665 483 666 484 663 481 663 481 662 480 665 483 667 485 666 484 668 486 665 483 668 486 666 484 667 485 669 487 670 488 669 487 667 485 668 486 671 489 672 490 670 488 670 488 669 487 671 489 673 491 672 490 674 492 671 489 674 492 672 490 673 491 675 493 676 494 675 493 673 491 674 492 677 495 678 496 676 494 676 494 675 493 677 495 605 451 678 496 679 496 677 495 679 496 678 496 606 451 605 451 679 496 664 482 657 475 656 474 661 479 657 475 664 482 658 476 660 478 655 473 655 473 660 478 656 474 649 467 659 477 650 468 650 468 659 477 658 476 653 471 651 469 654 472 653 471 649 467 651 469 652 470 643 462 645 464 652 470 654 472 643 462 644 463 647 466 646 465 645 464 644 463 646 465 639 257 638 256 648 258 647 466 639 257 648 258 640 460 642 460 637 256 637 256 642 460 638 256 631 250 641 461 632 252 632 252 641 461 640 460 635 459 631 250 633 458 634 457 636 247 625 457 635 459 633 458 636 247 627 244 626 244 628 241 634 457 625 457 627 244 629 241 621 456 630 238 626 244 629 241 628 241 619 455 624 260 620 455 621 456 620 455 630 238 614 453 623 262 622 260 622 260 624 260 619 455 617 454 613 265 615 265 613 265 623 262 614 453 616 268 618 454 607 268 617 454 615 265 618 454 609 271 608 271 612 452 616 268 607 268 609 271 610 272 604 274 611 274 608 271 610 272 612 452 606 451 611 274 604 274 2548 1847 2549 1847 2550 1847 2551 1848 2552 1848 2553 1848 2554 1849 2555 1849 2556 1849 2557 1850 2558 1850 2559 1850 2560 1851 2561 1851 2562 1851 2563 1852 2564 1852 2565 1852 2563 1853 2559 1853 2558 1853 2566 1854 2567 1854 2568 1854 2567 1855 2569 1855 2565 1855 2568 1856 2570 1856 2566 1856 2571 1857 2572 1857 2573 1857 2570 1858 2568 1858 2571 1858 2574 1859 2575 1859 2576 1859 2577 1860 2572 1860 2574 1860 2555 1861 2578 1861 2579 1861 2578 1862 2580 1862 2581 1862 2582 1863 2583 1863 2584 1863 2554 1864 2585 1864 2583 1864 2586 1865 2587 1865 2582 1865 2582 1866 2584 1866 2586 1866 2588 1867 2587 1867 2586 1867 2583 1868 2585 1868 2584 1868 2554 1869 2556 1869 2585 1869 2555 1870 2579 1870 2556 1870 2578 1871 2581 1871 2579 1871 2580 1872 2575 1872 2581 1872 2576 1873 2577 1873 2574 1873 2580 1874 2576 1874 2575 1874 2572 1875 2571 1875 2574 1875 2570 1876 2571 1876 2573 1876 2569 1877 2567 1877 2566 1877 2564 1878 2563 1878 2558 1878 2565 1879 2564 1879 2567 1879 2560 1880 2557 1880 2559 1880 2589 1881 2562 1881 2561 1881 2562 1882 2557 1882 2560 1882 2589 1883 2552 1883 2551 1883 2552 1884 2589 1884 2561 1884 2549 1885 2548 1885 2553 1885 2548 1886 2551 1886 2553 1886 2590 1887 2591 1887 2592 1887 2593 1888 2594 1888 2595 1888 2595 1889 2596 1889 2593 1889 2594 1890 2597 1890 2598 1890 2597 1891 2594 1891 2593 1891 2599 1892 2598 1892 2600 1892 2597 1893 2600 1893 2598 1893 2601 1894 2602 1894 2599 1894 2599 1895 2600 1895 2601 1895 2602 1896 2591 1896 2590 1896 2591 1897 2602 1897 2601 1897 2603 1898 2604 1898 2605 1898 2592 1899 2606 1899 2607 1899 2608 1900 2609 1900 2610 1900 2611 1901 2612 1901 2613 1901 2614 1902 2615 1902 2616 1902 2617 1903 2618 1903 2619 1903 2620 1904 2621 1904 2622 1904 2623 1905 2624 1905 2625 1905 2625 1906 2626 1906 2627 1906 2618 1907 2627 1907 2626 1907 2627 1908 2623 1908 2625 1908 2619 1909 2618 1909 2626 1909 2620 1910 2617 1910 2621 1910 2621 1911 2617 1911 2619 1911 2611 1912 2613 1912 2622 1912 2622 1913 2613 1913 2620 1913 2616 1914 2615 1914 2612 1914 2611 1915 2616 1915 2612 1915 2614 1916 2610 1916 2609 1916 2615 1917 2614 1917 2609 1917 2608 1918 2603 1918 2605 1918 2608 1919 2610 1919 2603 1919 2606 1920 2604 1920 2607 1920 2606 1921 2605 1921 2604 1921 2607 1922 2590 1922 2592 1922 2628 1923 2629 1923 2630 1923 2631 1924 2632 1924 2633 1924 2632 1925 2634 1925 2635 1925 2631 1926 2634 1926 2632 1926 2636 1927 2632 1927 2637 1927 2632 1928 2635 1928 2637 1928 2638 1929 2639 1929 2632 1929 2638 1930 2632 1930 2636 1930 2632 1931 2640 1931 2641 1931 2639 1932 2640 1932 2632 1932 2642 1933 2632 1933 2641 1933 2643 1934 2644 1934 2642 1934 2645 1935 2642 1935 2646 1935 2647 1936 2642 1936 2648 1936 2647 1937 2646 1937 2642 1937 2648 1938 2642 1938 2649 1938 2642 1939 2644 1939 2650 1939 2649 1940 2642 1940 2650 1940 2651 1941 2642 1941 2630 1941 2642 1942 2651 1942 2643 1942 2630 938 2642 938 2641 938 2641 1943 2628 1943 2630 1943 2652 1944 2653 1944 2654 1944 2655 1945 2656 1945 2654 1945 2655 1946 2654 1946 2653 1946 2654 1947 2657 1947 2658 1947 2656 1948 2657 1948 2654 1948 2654 1949 2658 1949 2659 1949 2660 1950 2629 1950 2654 1950 2660 1951 2654 1951 2659 1951 2654 1952 2629 1952 2661 1952 2662 1953 2663 1953 2661 1953 2629 1954 2628 1954 2661 1954 2661 1955 2664 1955 2665 1955 2662 1956 2661 1956 2665 1956 2661 1957 2666 1957 2667 1957 2664 1958 2661 1958 2667 1958 2661 1959 2668 1959 2669 1959 2666 1960 2661 1960 2669 1960 2628 1961 2670 1961 2661 1961 2668 315 2661 315 2670 315 2671 1962 2672 1962 2673 1962 2674 1963 2675 1963 2676 1963 2675 1964 2677 1964 2678 1964 2674 1965 2677 1965 2675 1965 2679 1966 2675 1966 2680 1966 2675 1967 2678 1967 2680 1967 2681 1968 2682 1968 2675 1968 2681 1969 2675 1969 2679 1969 2675 1970 2683 1970 2673 1970 2682 1971 2683 1971 2675 1971 2672 1972 2675 1972 2673 1972 2684 1973 2685 1973 2672 1973 2686 1974 2672 1974 2687 1974 2688 1975 2672 1975 2689 1975 2688 1976 2687 1976 2672 1976 2689 1977 2672 1977 2690 1977 2691 1978 2684 1978 2672 1978 2690 1979 2672 1979 2685 1979 2692 1980 2672 1980 2671 1980 2692 1981 2691 1981 2672 1981 2671 1328 2673 1328 2693 1328 2671 1943 2693 1943 2694 1943 2695 1982 2696 1982 2697 1982 2698 1983 2696 1983 2695 1983 2699 1984 2695 1984 2700 1984 2695 1985 2697 1985 2700 1985 2701 1986 2702 1986 2695 1986 2701 1987 2695 1987 2699 1987 2702 1988 2703 1988 2695 1988 2695 1989 2703 1989 2694 1989 2695 1990 2694 1990 2704 1990 2705 1991 2706 1991 2704 1991 2694 1992 2693 1992 2704 1992 2704 1993 2707 1993 2708 1993 2705 1994 2704 1994 2708 1994 2704 1995 2709 1995 2710 1995 2707 1996 2704 1996 2710 1996 2704 1997 2711 1997 2712 1997 2709 1998 2704 1998 2712 1998 2693 1999 2713 1999 2704 1999 2711 2000 2704 2000 2713 2000 2714 2001 2715 2001 2716 2001 2717 2002 2718 2002 2719 2002 2720 2003 2716 2003 2721 2003 2720 2004 2714 2004 2716 2004 2722 2005 2716 2005 2723 2005 2722 2006 2721 2006 2716 2006 2724 2007 2716 2007 2725 2007 2724 2008 2723 2008 2716 2008 2726 2009 2716 2009 2727 2009 2726 2010 2725 2010 2716 2010 2727 2011 2716 2011 2728 2011 2729 2012 2727 2012 2730 2012 2717 2013 2731 2013 2718 2013 2717 2014 2719 2014 2732 2014 2733 2015 2734 2015 2718 2015 2733 2016 2718 2016 2731 2016 2718 2017 2735 2017 2736 2017 2734 2018 2735 2018 2718 2018 2737 2019 2718 2019 2738 2019 2718 2020 2736 2020 2738 2020 2718 2021 2729 2021 2730 2021 2729 2022 2718 2022 2737 2022 2728 2023 2730 2023 2727 2023 2730 2024 2739 2024 2740 2024 2730 2025 2740 2025 2741 2025 2730 2026 2742 2026 2743 2026 2739 2027 2730 2027 2743 2027 2730 2028 2744 2028 2745 2028 2742 2029 2730 2029 2745 2029 2746 2030 2744 2030 2728 2030 2730 2031 2728 2031 2744 2031 2747 2032 2748 2032 2728 2032 2728 2033 2748 2033 2746 2033 2749 2034 2750 2034 2728 2034 2728 2035 2750 2035 2747 2035 2751 2036 2752 2036 2728 2036 2728 2037 2752 2037 2749 2037 2753 2038 2754 2038 2728 2038 2728 2039 2754 2039 2751 2039 2755 2040 2756 2040 2757 2040 2758 2041 2759 2041 2760 2041 2755 2042 2758 2042 2761 2042 2755 2043 2757 2043 2759 2043 2755 2044 2759 2044 2758 2044 2758 2045 2762 2045 2761 2045 2763 2046 2764 2046 2765 2046 2765 2047 2766 2047 2763 2047 2767 2048 2768 2049 2769 2048 2770 2050 2771 2049 2772 2051 2773 2052 2774 2053 2775 523 2776 2052 2777 518 2778 2054 2779 526 2780 521 2781 526 2782 521 2783 2055 2784 522 2785 527 2786 527 2787 2056 2788 2057 2789 524 2790 525 2791 2058 2792 2059 2793 2059 2794 528 2795 528 2796 529 2797 2060 2798 532 2799 2060 2799 2060 2792 2059 2797 2060 2800 2061 2798 532 2801 532 2797 2060 2801 532 2798 532 2800 2061 2802 2061 2803 534 2802 2061 2800 2061 2801 532 2804 2062 2805 2063 2803 534 2803 534 2802 2061 2804 2062 2792 2059 2799 2060 2793 2059 2804 2062 2806 2064 2805 2063 2791 2058 2793 2059 2796 529 2795 528 2794 528 2785 527 2791 2058 2796 529 2795 528 2786 527 2789 524 2787 2056 2794 528 2786 527 2785 527 2790 525 2781 526 2788 2057 2789 524 2788 2057 2787 2056 2782 521 2780 521 2779 526 2779 526 2781 526 2790 525 2774 2053 2784 522 2783 2055 2784 522 2780 521 2782 521 2773 2052 2775 523 2776 2052 2774 2053 2783 2055 2775 523 2778 2054 2777 518 2769 2048 2773 2052 2776 2052 2778 2054 2767 2048 2771 2049 2768 2049 2777 518 2767 2048 2769 2048 2770 2050 2768 2049 2771 2049 2809 2065 2808 2065 2807 2065 2810 2066 2811 2066 2812 2066 2808 2067 2809 2067 2813 2067 2814 2068 2815 2068 2812 2068 2812 2069 2815 2069 2809 2069 2810 2070 2812 2070 2809 2070 2812 2071 2811 2071 2816 2071 2807 2072 2810 2072 2809 2072 2817 2073 2818 2074 2819 2073 2820 2075 2821 2074 2822 2075 2823 791 2824 2076 2825 2076 2826 791 2827 2077 2828 2077 2829 782 2830 2078 2831 782 2832 2078 2833 2079 2834 2079 2835 780 2836 780 2837 777 2838 781 2839 777 2840 781 2841 770 2842 2080 2843 2080 2844 778 2845 778 2846 770 2847 712 2848 712 2849 2081 2847 712 2850 2082 2851 2082 2852 2081 2853 2083 2849 2081 2849 2081 2848 712 2852 2081 2854 2084 2853 2083 2855 2083 2852 2081 2855 2083 2853 2083 2854 2084 2856 2084 2857 2085 2856 2084 2854 2084 2855 2083 2858 2085 2859 2086 2857 2085 2857 2085 2856 2084 2858 2085 2847 712 2851 2082 2848 712 2858 2085 2860 2086 2859 2086 2842 2080 2851 2082 2850 2082 2841 770 2843 2080 2846 770 2842 2080 2850 2082 2843 2080 2845 778 2844 778 2835 780 2841 770 2846 770 2845 778 2836 780 2839 777 2837 777 2844 778 2836 780 2835 780 2840 781 2831 782 2838 781 2839 777 2838 781 2837 777 2832 2078 2830 2078 2829 782 2829 782 2831 782 2840 781 2824 2076 2834 2079 2833 2079 2834 2079 2830 2078 2832 2078 2823 791 2825 2076 2826 791 2824 2076 2833 2079 2825 2076 2828 2077 2827 2077 2819 2073 2823 791 2826 791 2828 2077 2817 2073 2821 2074 2818 2074 2827 2077 2817 2073 2819 2073 2820 2075 2818 2074 2821 2074 2861 2087 2862 2087 2863 2087 2862 2088 2864 2088 2865 2088 2862 2089 2861 2089 2866 2089 2864 2090 2862 2090 2867 2090 2868 2091 2866 2091 2869 2091 2862 2092 2866 2092 2867 2092 2866 2093 2861 2093 2869 2093 2870 2094 2861 2094 2863 2094 2871 2095 2872 2096 2873 2097 2874 499 2875 2098 2876 499 2877 2099 2878 2100 2879 2101 2880 2102 2881 2103 2882 2104 2883 2105 2884 2106 2885 2107 2886 2108 2887 2109 2888 2110 2889 2111 2890 2112 2891 2113 2892 2114 2893 2115 2894 2116 2895 2117 2896 2118 2897 2119 2898 2120 2899 2121 2900 2122 2901 2123 2902 2124 2903 2125 2904 2126 2905 2127 2906 2128 2907 2129 2908 2130 2909 516 2910 2131 2911 516 2912 2132 2913 2133 2914 2134 2915 2134 2916 2135 2917 2135 2918 2054 2919 2136 2920 2137 2921 2136 2922 2137 2923 2138 2924 2138 2925 2139 2926 2140 2927 2141 2928 2142 2929 2143 2930 2142 2931 2144 2926 2140 2925 2139 2931 2144 2932 2145 2933 2146 2932 2145 2931 2144 2925 2139 2934 2146 2935 2147 2933 2146 2933 2146 2932 2145 2934 2146 2936 2148 2935 2147 2937 2147 2934 2146 2937 2147 2935 2147 2936 2148 2938 2148 2939 2149 2938 2148 2936 2148 2937 2147 2940 2149 2941 2150 2939 2149 2939 2149 2938 2148 2940 2149 2942 2151 2941 2150 2943 2152 2940 2149 2943 2152 2941 2150 2942 2151 2944 2151 2945 2153 2944 2151 2942 2151 2943 2152 2946 2153 2876 499 2945 2153 2945 2153 2944 2151 2946 2153 2927 2141 2929 2143 2928 2142 2946 2153 2874 499 2876 499 2926 2140 2929 2143 2927 2141 2919 2136 2921 2136 2930 2142 2930 2142 2921 2136 2928 2142 2924 2138 2920 2137 2922 2137 2922 2137 2920 2137 2919 2136 2914 2134 2923 2138 2915 2134 2914 2134 2924 2138 2923 2138 2913 2133 2918 2054 2917 2135 2913 2133 2915 2134 2918 2054 2916 2135 2908 2130 2907 2129 2917 2135 2916 2135 2907 2129 2911 516 2910 2131 2909 516 2908 2130 2911 516 2909 516 2901 2123 2903 2125 2912 2132 2912 2132 2903 2125 2910 2131 2906 2128 2902 2124 2904 2126 2904 2126 2902 2124 2901 2123 2896 2118 2906 2128 2905 2127 2895 2117 2897 2119 2900 2122 2896 2118 2905 2127 2897 2119 2899 2121 2898 2120 2889 2111 2895 2117 2900 2122 2899 2121 2890 2112 2893 2115 2891 2113 2898 2120 2890 2112 2889 2111 2894 2116 2885 2107 2892 2114 2893 2115 2892 2114 2891 2113 2886 2108 2884 2106 2883 2105 2883 2105 2885 2107 2894 2116 2878 2100 2888 2110 2887 2109 2888 2110 2884 2106 2886 2108 2877 2099 2879 2101 2880 2102 2878 2100 2887 2109 2879 2101 2882 2104 2881 2103 2873 2097 2877 2099 2880 2102 2882 2104 2871 2095 2875 2098 2872 2096 2881 2103 2871 2095 2873 2097 2874 499 2872 2096 2875 2098 2949 2154 2950 2155 2951 2156 2953 2157 2954 2158 2947 2159 2955 2160 2956 2161 2957 2162 2959 2163 2956 2161 2960 2164 2955 2160 2960 2164 2956 2161 2958 2165 2955 2160 2957 2162 2952 2166 2958 2165 2957 2162 2952 2166 2953 2157 2958 2165 2954 2158 2948 2167 2947 2159 2952 2166 2954 2158 2953 2157 2947 2159 2948 2167 2951 2156 2949 2154 2951 2156 2948 2167 2961 2168 2962 2168 2963 2168 2961 2169 2964 2169 2962 2169 2965 2170 2966 2171 2967 2172 2968 2173 2969 2174 2970 2175 2971 2176 2972 2177 2973 2178 2974 2179 2975 2180 2976 2181 2977 2182 2978 2183 2979 2184 2977 2182 2980 2185 2981 2185 2982 2186 2978 2183 2983 2187 2978 2183 2982 2186 2979 2184 2977 2182 2979 2184 2980 2185 2982 2186 2983 2187 2984 2188 2973 2178 2981 2185 2980 2185 2971 2176 2974 2179 2972 2177 2973 2178 2972 2177 2981 2185 2975 2180 2966 2171 2976 2181 2971 2176 2975 2180 2974 2179 2965 2170 2967 2172 2970 2175 2976 2181 2966 2171 2965 2170 2968 2173 2970 2175 2967 2172 2985 2189 2986 2189 2987 2189 2985 2190 2988 2190 2986 2190 2989 2191 2990 2192 2991 2193 2992 2194 2993 2195 2994 2196 2995 2197 2996 2198 2997 2199 2996 2198 2990 2192 2989 2191 2998 2200 2997 2199 3000 2201 2999 2202 3001 2203 3002 2204 3001 2203 2999 2202 2998 2200 3003 2205 3002 2204 3004 2205 3001 2203 3004 2205 3002 2204 2997 2199 2998 2200 2999 2202 2997 2199 2996 2198 3000 2201 2995 2197 2990 2192 2996 2198 2989 2191 2991 2193 2994 2196 2992 2194 2994 2196 2991 2193 3005 2206 3006 2206 3007 2206 3005 2207 3008 2207 3006 2207 3011 2208 3012 2209 3009 2210 3014 2211 3015 2212 3016 2213 3017 2214 3018 2215 3019 2216 3021 2217 3018 2215 3022 2218 3017 2214 3022 2218 3018 2215 3020 2219 3017 2214 3019 2216 3013 2220 3020 2219 3019 2216 3013 2220 3014 2211 3020 2219 3015 2212 3010 2221 3016 2213 3013 2220 3015 2212 3014 2211 3016 2213 3010 2221 3009 2210 3011 2208 3009 2210 3010 2221 3023 2222 3024 2222 3025 2222 3023 2223 3026 2223 3024 2223 3029 2224 3030 2225 3027 2226 3031 2227 3032 2228 3033 2229 3035 2230 3036 2231 3037 2232 3038 2233 3033 2229 3032 2228 3039 2163 3036 2231 3040 2234 3035 2230 3040 2234 3036 2231 3038 2233 3035 2230 3037 2232 3033 2229 3038 2233 3037 2232 3031 2227 3034 2235 3032 2228 3031 2227 3028 2236 3034 2235 3034 2235 3028 2236 3027 2226 3029 2224 3027 2226 3028 2236 3041 2237 3042 2237 3043 2237 3041 2238 3044 2238 3042 2238 3045 2239 3046 2240 3047 2241 3048 2242 3049 2243 3050 2244 3051 2245 3052 2246 3053 2247 3054 2248 3055 2249 3056 2250 3057 2251 3058 2252 3059 2253 3057 2251 3060 2254 3061 2255 3062 2256 3058 2252 3063 2257 3058 2252 3062 2256 3059 2253 3057 2251 3059 2253 3060 2254 3062 2256 3063 2257 3064 2258 3053 2247 3061 2255 3060 2254 3051 2245 3054 2248 3052 2246 3053 2247 3052 2246 3061 2255 3055 2249 3046 2240 3056 2250 3051 2245 3055 2249 3054 2248 3045 2239 3047 2241 3050 2244 3056 2250 3046 2240 3045 2239 3048 2242 3050 2244 3047 2241 3065 2259 3066 2259 3067 2259 3065 2260 3068 2260 3066 2260 3071 2261 3072 2262 3069 2263 3073 2264 3074 2265 3075 2266 3077 2267 3078 2268 3079 2269 3080 2270 3075 2266 3074 2265 3081 2271 3078 2268 3082 2272 3077 2267 3082 2272 3078 2268 3080 2270 3077 2267 3079 2269 3075 2266 3080 2270 3079 2269 3073 2264 3076 2273 3074 2265 3073 2264 3070 2274 3076 2273 3076 2273 3070 2274 3069 2263 3071 2261 3069 2263 3070 2274 3083 2275 3084 2275 3085 2275 3083 2276 3086 2276 3084 2276 3089 2277 3090 2209 3087 2210 3092 2211 3093 2278 3094 2213 3095 2279 3096 2280 3097 2281 3099 2282 3096 2280 3100 2283 3095 2279 3100 2283 3096 2280 3098 2219 3095 2279 3097 2281 3091 2220 3098 2219 3097 2281 3091 2220 3092 2211 3098 2219 3093 2278 3088 2284 3094 2213 3091 2220 3093 2278 3092 2211 3094 2213 3088 2284 3087 2210 3089 2277 3087 2210 3088 2284 3101 2285 3102 2285 3103 2285 3101 2286 3104 2286 3102 2286 3105 2287 3106 2288 3107 2289 3108 2290 3109 2291 3110 2289 3111 2292 3112 2293 3113 2294 3114 2292 3115 2295 3116 2296 3117 2297 3118 2298 3119 2299 3120 2300 3121 2301 3122 2302 3123 2303 3124 2304 3125 2305 3126 2306 3127 2307 3128 2308 3129 2309 3130 2310 3131 2311 3132 2312 3130 2310 3133 2313 3134 2314 3135 2315 3131 2311 3129 2309 3131 2311 3135 2315 3134 2314 3136 2316 3137 2317 3137 2317 3135 2315 3134 2314 3138 2318 3136 2316 3139 2319 3136 2316 3138 2318 3137 2317 3130 2310 3129 2309 3133 2313 3138 2318 3139 2319 3140 2319 3133 2313 3123 2303 3132 2312 3125 2305 3124 2304 3128 2308 3132 2312 3123 2303 3125 2305 3127 2307 3126 2306 3118 2298 3128 2308 3124 2304 3126 2306 3120 2300 3117 2297 3119 2299 3117 2297 3127 2307 3118 2298 3113 2294 3122 2302 3121 2301 3121 2301 3120 2300 3119 2299 3111 2292 3114 2292 3112 2293 3113 2294 3112 2293 3122 2302 3115 2295 3106 2288 3116 2296 3111 2292 3115 2295 3114 2292 3105 2287 3107 2289 3110 2289 3116 2296 3106 2288 3105 2287 3108 2290 3110 2289 3107 2289 3141 2320 3142 2320 3143 2320 3141 2321 3144 2321 3142 2321 3145 2322 3146 2323 3147 2324 3148 2325 3149 2326 3150 2324 3151 2327 3152 2328 3153 2329 3154 2330 3155 2331 3156 2332 3157 2333 3158 2334 3159 2335 3160 2336 3161 2337 3162 2338 3163 2097 3164 2339 3165 2340 3165 2340 3158 2334 3163 2097 3166 2341 3164 2339 3167 2342 3164 2339 3166 2341 3165 2340 3158 2334 3157 2333 3163 2097 3166 2341 3167 2342 3168 2343 3160 2336 3157 2333 3159 2335 3153 2329 3162 2338 3161 2337 3161 2337 3160 2336 3159 2335 3151 2327 3154 2330 3152 2328 3153 2329 3152 2328 3162 2338 3155 2331 3146 2323 3156 2332 3151 2327 3155 2331 3154 2330 3145 2322 3147 2324 3150 2324 3156 2332 3146 2323 3145 2322 3148 2325 3150 2324 3147 2324 3169 2344 3170 2344 3171 2344 3169 2345 3172 2345 3170 2345 3173 2346 3174 1137 3175 2347 3176 2348 3177 2349 3178 2350 3179 2351 3180 2352 3181 2353 3182 2354 3183 2355 3184 2356 3185 2357 3186 2358 3187 2359 3188 2360 3189 2361 3190 2362 3186 2358 3191 2363 3192 2363 3191 2363 3186 2358 3185 2357 3193 2364 3192 2363 3194 2365 3191 2363 3194 2365 3192 2363 3188 2360 3185 2357 3187 2359 3181 2353 3190 2362 3189 2361 3189 2361 3188 2360 3187 2359 3179 2351 3182 2354 3180 2352 3181 2353 3180 2352 3190 2362 3183 2355 3174 1137 3184 2356 3179 2351 3183 2355 3182 2354 3173 2346 3175 2347 3178 2350 3184 2356 3174 1137 3173 2346 3176 2348 3178 2350 3175 2347 3195 2366 3196 2366 3197 2366 3197 2367 3198 2367 3195 2367 3199 2368 3200 2368 3201 2368 3199 1181 3202 1181 3200 1181 3201 2369 3200 2369 3203 2369 3204 2370 3205 2370 3203 2370 3203 2371 3200 2371 3204 2371 3205 2223 3204 2223 3206 2223 3207 2372 3208 2372 3209 2372 3209 2373 3210 2373 3207 2373 3211 2374 3212 2374 3213 2374 3213 2375 3214 2375 3211 2375 3213 2376 3212 2376 3215 2376 3215 2377 3212 2377 3216 2377 3217 2378 3218 2378 3219 2378 3219 2379 3220 2379 3217 2379 3221 2380 3223 2380 3222 2380 3224 2381 3222 2381 3225 2381 3224 2382 3221 2382 3222 2382 3222 2383 3226 2383 3225 2383 3226 2384 3227 2384 3228 2384 3225 2385 3226 2385 3228 2385 3226 2386 3229 2386 3227 2386 3229 2387 3226 2387 3230 2387 3226 2388 3231 2388 3230 2388 3232 2389 3233 2389 3234 2389 3235 2390 3236 2390 3234 2390 3232 2391 3237 2391 3233 2391 3238 2392 3236 2392 3235 2392 3232 2393 3234 2393 3236 2393 3239 2394 3240 2394 3241 2394 3242 2395 3243 2395 3239 2395 3241 2396 3242 2396 3239 2396 3244 2397 3245 2397 3246 2397 3245 2398 3244 2398 3247 2398 3248 2399 3249 2399 3250 2399 3249 2400 3248 2400 3251 2400 3252 2401 3253 2401 3254 2401 3253 2402 3252 2402 3255 2402 3256 2403 3257 2403 3258 2403 3257 2404 3256 2404 3259 2404 3260 2405 3261 2405 3262 2405 3263 2406 3264 2406 3262 2406 3260 2407 3265 2407 3261 2407 3266 2408 3264 2408 3263 2408 3260 2409 3262 2409 3264 2409 3267 2410 3268 2410 3269 2410 3268 2411 3267 2411 3270 2411 3267 2412 3269 2412 3271 2412 3272 2413 3273 2413 3274 2413 3270 2414 3267 2414 3272 2414 3275 2415 3273 2415 3276 2415 3275 2416 3274 2416 3273 2416 3272 2375 3267 2375 3273 2375 3277 2417 3278 2417 3279 2417 3280 2418 3281 2418 3282 2418 3283 2419 3284 2419 3285 2419 3286 2420 3287 2420 3288 2420 3287 2421 3289 2421 3288 2421 3286 2422 3290 2422 3291 2422 3291 2423 3287 2423 3286 2423 3292 2424 3290 2424 3284 2424 3290 2425 3292 2425 3291 2425 3283 2426 3285 2426 3293 2426 3292 2427 3284 2427 3283 2427 3294 2428 3295 2428 3293 2428 3293 2429 3285 2429 3294 2429 3296 2430 3295 2430 3294 2430 3297 2431 3298 2431 3296 2431 3295 2432 3296 2432 3298 2432 3297 2433 3299 2433 3300 2433 3300 1284 3298 1284 3297 1284 3281 2434 3299 2434 3278 2434 3299 2435 3281 2435 3300 2435 3279 2436 3301 2436 3277 2436 3277 2437 3302 2437 3278 2437 3281 2438 3278 2438 3302 2438 3280 2439 3282 2439 3303 2439 3302 2440 3282 2440 3281 2440 3304 2441 3305 2441 3306 2441 3307 2442 3305 2442 3304 2442 3305 2443 3308 2443 3306 2443 3309 2444 3305 2444 3307 2444 3310 2445 3308 2445 3305 2445 3305 2446 3309 2446 3311 2446 3310 2447 3305 2447 3312 2447 3311 2448 3313 2448 3305 2448 3305 2449 3314 2449 3312 2449 3315 2450 3305 2450 3313 2450 3316 2189 3314 2189 3305 2189 3305 2451 3315 2451 3317 2451 3316 2452 3305 2452 3318 2452 3317 2453 3319 2453 3305 2453 3320 2454 3305 2454 3321 2454 3321 2455 3305 2455 3319 2455 3305 2456 3322 2456 3323 2456 3322 2457 3305 2457 3320 2457 3324 2458 3323 2458 3325 2458 3323 2459 3322 2459 3325 2459 3326 2460 3327 2460 3323 2460 3326 2461 3323 2461 3324 2461 3327 2462 3328 2462 3323 2462 3329 2463 3323 2463 3328 2463 3329 2464 3330 2464 3323 2464 3331 2465 3332 2465 3333 2465 3333 2466 3334 2466 3331 2466 3335 2467 3336 2467 3337 2467 3337 2468 3338 2468 3335 2468 3337 2469 3336 2469 3339 2469 3340 2470 3341 2470 3342 2470 3342 2471 3343 2471 3340 2471 3344 2472 3346 2472 3345 2472 3347 2473 3344 2473 3345 2473 3348 2474 3349 2474 3347 2474 3347 2475 3345 2475 3348 2475 3349 2476 3348 2476 3350 2476 3351 2477 3352 2477 3353 2477 3354 2478 3355 2478 3356 2478 3357 2479 3358 2479 3353 2479 3353 2480 3358 2480 3351 2480 3359 2481 3360 2481 3353 2481 3353 2482 3360 2482 3357 2482 3361 2031 3362 2031 3363 2031 3364 2408 3359 2408 3353 2408 3366 2483 3367 2483 3368 2483 3369 2484 3370 2484 3371 2484 3372 971 3365 971 3373 971 3374 2485 3375 2485 3376 2485 3375 2486 3374 2486 3377 2486 3378 2487 3379 2487 3380 2487 3381 2488 3382 2488 3383 2488 3386 2489 3380 2489 3379 2489 3386 2490 3379 2490 3387 2490 3388 2491 3389 2491 3390 2491 3391 2492 3392 2492 3393 2492 3396 2493 3397 2493 3398 2493 3399 2494 3400 2494 3401 2494 3402 2495 3353 2495 3393 2495 3403 2496 3397 2496 3404 2496 3387 2497 3405 2497 3406 2497 3407 2379 3387 2379 3406 2379 3408 2498 3409 2498 3410 2498 3411 2499 3412 2499 3413 2499 3414 2500 3415 2500 3416 2500 3353 2501 3402 2501 3417 2501 3418 2502 3419 2502 3420 2502 3421 2503 3422 2503 3423 2503 3424 2504 3425 2504 3426 2504 3427 2505 3428 2505 3429 2505 3430 2506 3431 2506 3432 2506 3433 2507 3434 2507 3435 2507 3436 2508 3437 2508 3438 2508 3439 2509 3440 2509 3441 2509 3442 2510 3443 2510 3444 2510 3445 2511 3386 2511 3446 2511 3447 2512 3448 2512 3449 2512 3452 909 3450 909 3453 909 3454 2513 3455 2513 3456 2513 3457 2379 3458 2379 3459 2379 3458 2514 3460 2514 3461 2514 3462 2515 3408 2515 3463 2515 3464 2516 3465 2516 3466 2516 3467 2517 3468 2517 3469 2517 3464 2518 3466 2518 3470 2518 3473 2519 3408 2519 3474 2519 3408 2520 3475 2520 3476 2520 3478 2521 3475 2521 3408 2521 3450 2522 3479 2522 3480 2522 3481 2523 3482 2523 3408 2523 3408 2524 3483 2524 3484 2524 3463 2525 3408 2525 3485 2525 3486 2526 3408 2526 3450 2526 3487 2527 3488 2527 3408 2527 3489 2528 3408 2528 3462 2528 3490 2529 3408 2529 3488 2529 3408 2530 3489 2530 3487 2530 3491 2531 3485 2531 3408 2531 3408 2532 3490 2532 3492 2532 3493 2533 3408 2533 3494 2533 3491 2534 3408 2534 3486 2534 3452 2535 3495 2535 3450 2535 3450 2536 3495 2536 3486 2536 3408 2537 3496 2537 3478 2537 3451 2538 3453 2538 3450 2538 3451 2539 3450 2539 3480 2539 3450 2540 3497 2540 3479 2540 3477 2541 3408 2541 3498 2541 3499 2542 3497 2542 3450 2542 3408 2543 3477 2543 3472 2543 3450 2544 3469 2544 3499 2544 3469 2545 3468 2545 3499 2545 3472 2546 3474 2546 3408 2546 3473 2547 3471 2547 3408 2547 3408 2548 3410 2548 3500 2548 3408 2549 3471 2549 3409 2549 3467 2550 3469 2550 3501 2550 3502 2551 3408 2551 3503 2551 3408 2552 3500 2552 3503 2552 3454 2553 3467 2553 3455 2553 3455 2554 3467 2554 3501 2554 3504 2555 3505 2555 3454 2555 3454 2556 3456 2556 3504 2556 3505 2557 3506 2557 3460 2557 3460 2558 3506 2558 3507 2558 3507 2559 3461 2559 3460 2559 3508 2560 3509 2560 3458 2560 3460 2561 3458 2561 3509 2561 3510 2562 3511 2562 3458 2562 3458 2563 3511 2563 3508 2563 3457 2564 3512 2564 3458 2564 3458 2565 3512 2565 3510 2565 3513 2566 3457 2566 3459 2566 3459 2567 3514 2567 3515 2567 3459 2568 3515 2568 3513 2568 3514 2569 3459 2569 3516 2569 3517 2570 3518 2570 3466 2570 3519 2571 3520 2571 3521 2571 3466 2572 3465 2572 3517 2572 3519 2573 3521 2573 3522 2573 3523 2574 3519 2574 3522 2574 3524 2575 3523 2575 3522 2575 3525 2576 3526 2576 3527 2576 3528 2577 3524 2577 3529 2577 3525 2578 3527 2578 3530 2578 3531 2579 3532 2579 3527 2579 3527 2580 3532 2580 3530 2580 3449 2581 3448 2581 3527 2581 3529 2582 3443 2582 3533 2582 3534 2583 3535 2583 3529 2583 3536 2584 3444 2584 3443 2584 3533 2585 3443 2585 3442 2585 3537 2586 3443 2586 3538 2586 3537 2587 3536 2587 3443 2587 3539 2588 3443 2588 3540 2588 3539 2589 3538 2589 3443 2589 3386 2590 3541 2590 3540 2590 3540 2591 3443 2591 3386 2591 3386 2592 3445 2592 3542 2592 3541 2593 3386 2593 3542 2593 3543 2594 3386 2594 3544 2594 3386 2595 3543 2595 3446 2595 3545 2596 3546 2596 3387 2596 3546 2597 3544 2597 3386 2597 3407 2598 3547 2598 3387 2598 3387 2599 3547 2599 3545 2599 3420 2600 3419 2600 3548 2600 3415 2601 3414 2601 3421 2601 3549 2602 3550 2602 3424 2602 3551 2603 3429 2603 3428 2603 3434 2604 3433 2604 3552 2604 3553 2605 3554 2605 3555 2605 3556 2606 3557 2606 3431 2606 3441 2607 3558 2607 3559 2607 3440 2608 3439 2608 3432 2608 3560 2609 3436 2609 3438 2609 3561 2610 3436 2610 3562 2610 3563 2611 3560 2611 3438 2611 3436 2612 3560 2612 3564 2612 3561 2613 3562 2613 3559 2613 3561 2614 3437 2614 3436 2614 3558 2615 3441 2615 3440 2615 3562 2616 3441 2616 3559 2616 3431 2617 3430 2617 3556 2617 3439 2618 3430 2618 3432 2618 3355 2619 3354 2619 3557 2619 3355 2620 3557 2620 3556 2620 3434 2621 3565 2621 3356 2621 3565 2622 3354 2622 3356 2622 3433 2623 3435 2623 3555 2623 3434 2624 3552 2624 3565 2624 3553 2625 3566 2625 3554 2625 3435 2626 3553 2626 3555 2626 3549 2627 3566 2627 3550 2627 3566 2628 3549 2628 3554 2628 3429 2629 3426 2629 3425 2629 3550 2630 3425 2630 3424 2630 3427 2631 3567 2631 3428 2631 3551 2632 3426 2632 3429 2632 3567 2633 3418 2633 3420 2633 3418 2634 3567 2634 3427 2634 3548 2635 3568 2635 3569 2635 3548 2636 3419 2636 3568 2636 3568 1283 3423 1283 3422 1283 3422 2637 3569 2637 3568 2637 3570 2638 3414 2638 3416 2638 3415 2639 3421 2639 3423 2639 3571 2640 3413 2640 3570 2640 3570 2641 3416 2641 3571 2641 3411 2642 3406 2642 3412 2642 3571 2643 3411 2643 3413 2643 3387 2644 3572 2644 3405 2644 3406 2645 3405 2645 3412 2645 3573 2646 3387 2646 3574 2646 3575 2647 3572 2647 3387 2647 3576 2648 3577 2648 3403 2648 3403 2649 3578 2649 3387 2649 3579 2650 3398 2650 3580 2650 3581 2402 3403 2402 3582 2402 3398 2651 3401 2651 3400 2651 3400 2652 3399 2652 3583 2652 3576 2653 3403 2653 3581 2653 3584 2654 3388 2654 3583 2654 3399 2655 3584 2655 3583 2655 3585 2656 3586 2656 3395 2656 3587 2657 3388 2657 3584 2657 3388 2658 3587 2658 3389 2658 3395 2659 3586 2659 3400 2659 3589 2660 3590 2660 3591 2660 3592 971 3593 971 3594 971 3597 2661 3589 2661 3588 2661 3596 2662 3597 2662 3598 2662 3599 2663 3600 2663 3601 2663 3602 2664 3596 2664 3598 2664 3595 2665 3596 2665 3603 2665 3601 2666 3602 2666 3598 2666 3605 2667 3606 2667 3382 2667 3607 2668 3608 2668 3609 2668 3610 2669 3611 2669 3612 2669 3613 2670 3614 2670 3615 2670 3616 2671 3617 2671 3611 2671 3606 2672 3605 2672 3618 2672 3619 2408 3620 2408 3621 2408 3619 2673 3622 2673 3383 2673 3623 2674 3624 2674 3625 2674 3626 2675 3627 2675 3628 2675 3629 2676 3619 2676 3621 2676 3630 2677 3631 2677 3619 2677 3624 2678 3632 2678 3625 2678 3633 2679 3634 2679 3635 2679 3632 2680 3624 2680 3636 2680 3636 2681 3637 2681 3632 2681 3629 2682 3630 2682 3619 2682 3637 2683 3638 2683 3632 2683 3633 2684 3639 2684 3638 2684 3625 2685 3640 2685 3641 2685 3639 2466 3632 2466 3638 2466 3625 2686 3642 2686 3643 2686 3643 2687 3640 2687 3625 2687 3643 2688 3642 2688 3644 2688 3645 2465 3646 2465 3642 2465 3642 2689 3646 2689 3644 2689 3369 2690 3647 2690 3370 2690 3648 2691 3649 2691 3391 2691 3375 2692 3650 2692 3651 2692 3588 2465 3589 2465 3591 2465 3375 2693 3651 2693 3652 2693 3653 2694 3654 2694 3655 2694 3384 2695 3656 2695 3590 2695 3590 2696 3589 2696 3384 2696 3657 2697 3594 2697 3593 2697 3656 2698 3384 2698 3385 2698 3394 2699 3395 2699 3385 2699 3384 2700 3394 2700 3385 2700 3585 2701 3395 2701 3394 2701 3594 2702 3388 2702 3390 2702 3580 2703 3400 2703 3586 2703 3592 2678 3594 2678 3390 2678 3649 2704 3658 2704 3391 2704 3375 2705 3377 2705 3650 2705 3392 2706 3391 2706 3658 2706 3353 2707 3391 2707 3393 2707 3659 2708 3660 2708 3661 2708 3662 2707 3383 2707 3382 2707 3352 1347 3391 1347 3353 1347 3663 2709 3611 2709 3610 2709 3372 2710 3373 2710 3664 2710 3641 2711 3665 2711 3625 2711 3663 2712 3616 2712 3611 2712 3611 2713 3617 2713 3666 2713 3626 2714 3628 2714 3667 2714 3668 2715 3669 2715 3670 2715 3634 2716 3671 2716 3635 2716 3639 2717 3633 2717 3635 2717 3641 2718 3672 2718 3665 2718 3613 2719 3615 2719 3673 2719 3604 2720 3603 2720 3674 2720 3675 2721 3608 2721 3607 2721 3676 2722 3375 2722 3652 2722 3383 2723 3662 2723 3677 2723 3353 2570 3361 2570 3678 2570 3678 2724 3364 2724 3353 2724 3679 2725 3361 2725 3363 2725 3678 2726 3361 2726 3679 2726 3362 2727 3367 2727 3363 2727 3366 2728 3363 2728 3367 2728 3366 2729 3368 2729 3365 2729 3366 2730 3365 2730 3372 2730 3372 2731 3664 2731 3617 2731 3617 2732 3664 2732 3666 2732 3383 2733 3369 2733 3381 2733 3619 2734 3383 2734 3677 2734 3647 2735 3369 2735 3383 2735 3371 2736 3680 2736 3369 2736 3681 2737 3376 2737 3369 2737 3681 2738 3369 2738 3680 2738 3376 2739 3375 2739 3369 2739 3657 2740 3593 2740 3375 2740 3676 2739 3657 2739 3375 2739 3398 2741 3579 2741 3396 2741 3580 2742 3398 2742 3400 2742 3398 2743 3397 2743 3403 2743 3404 2744 3582 2744 3403 2744 3682 2745 3378 2745 3380 2745 3403 2746 3577 2746 3578 2746 3387 2747 3578 2747 3683 2747 3683 2748 3574 2748 3387 2748 3573 2749 3575 2749 3387 2749 3546 2750 3386 2750 3387 2750 3682 2751 3684 2751 3685 2751 3378 2752 3682 2752 3685 2752 3655 2753 3654 2753 3682 2753 3684 2466 3682 2466 3654 2466 3653 2754 3655 2754 3686 2754 3648 2755 3687 2755 3655 2755 3686 2756 3655 2756 3687 2756 3391 2757 3688 2757 3648 2757 3648 2758 3688 2758 3687 2758 3517 2759 3465 2759 3689 2759 3690 2760 3691 2760 3692 2760 3693 2761 3505 2761 3504 2761 3506 2762 3505 2762 3693 2762 3694 2763 3695 2763 3696 2763 3408 2764 3697 2764 3483 2764 3698 2765 3408 2765 3493 2765 3494 2766 3408 2766 3492 2766 3698 2767 3481 2767 3408 2767 3697 2745 3408 2745 3482 2745 3408 2768 3484 2768 3496 2768 3476 2769 3498 2769 3408 2769 3502 2770 3695 2770 3408 2770 3699 2771 3700 2771 3695 2771 3695 2772 3700 2772 3408 2772 3695 2773 3694 2773 3699 2773 3701 2774 3696 2774 3466 2774 3695 2775 3466 2775 3696 2775 3702 2776 3703 2776 3466 2776 3466 2777 3703 2777 3701 2777 3518 2778 3704 2778 3466 2778 3466 2779 3704 2779 3702 2779 3526 2780 3525 2780 3517 2780 3689 2781 3526 2781 3517 2781 3705 2782 3528 2782 3529 2782 3527 2783 3448 2783 3531 2783 3706 2784 3707 2784 3449 2784 3449 2785 3707 2785 3447 2785 3533 2786 3705 2786 3529 2786 3706 2787 3708 2787 3534 2787 3708 2788 3706 2788 3449 2788 3529 2789 3535 2789 3709 2789 3534 2790 3708 2790 3535 2790 3709 2791 3443 2791 3529 2791 3524 2792 3522 2792 3529 2792 3710 2793 3521 2793 3520 2793 3520 2794 3711 2794 3712 2794 3710 2795 3520 2795 3712 2795 3713 2796 3711 2796 3691 2796 3520 2797 3691 2797 3711 2797 3714 2798 3715 2798 3691 2798 3691 2799 3715 2799 3713 2799 3691 2800 3516 2800 3692 2800 3691 2801 3690 2801 3714 2801 3459 2802 3692 2802 3516 2802 3627 2803 3671 2803 3634 2803 3619 2804 3631 2804 3622 2804 3623 2805 3625 2805 3665 2805 3641 2806 3660 2806 3716 2806 3716 2807 3672 2807 3641 2807 3660 2808 3659 2808 3717 2808 3716 2672 3660 2672 3717 2672 3661 2809 3660 2809 3718 2809 3621 2810 3620 2810 3719 2810 3718 2811 3720 2811 3721 2811 3661 2812 3718 2812 3721 2812 3613 2722 3673 2722 3718 2722 3720 2813 3718 2813 3673 2813 3620 2814 3722 2814 3719 2814 3723 2736 3674 2736 3613 2736 3614 2815 3613 2815 3674 2815 3723 2816 3604 2816 3674 2816 3620 2817 3724 2817 3725 2817 3604 2818 3595 2818 3603 2818 3599 2819 3601 2819 3608 2819 3597 2820 3596 2820 3589 2820 3595 2821 3589 2821 3596 2821 3601 2822 3600 2822 3602 2822 3599 2823 3608 2823 3675 2823 3609 2824 3608 2824 3726 2824 3726 2825 3725 2825 3727 2825 3725 2826 3726 2826 3608 2826 3728 2827 3620 2827 3725 2827 3724 2828 3727 2828 3725 2828 3620 2829 3728 2829 3729 2829 3729 2830 3722 2830 3620 2830 3662 1943 3382 1943 3606 1943 3605 2831 3612 2831 3618 2831 3611 2832 3730 2832 3618 2832 3618 2833 3612 2833 3611 2833 3668 346 3730 346 3669 346 3611 2834 3669 2834 3730 2834 3670 2835 3669 2835 3667 2835 3669 2836 3626 2836 3667 2836 3627 2837 3634 2837 3628 2837 3733 2838 3734 2838 3735 2838 3736 2839 3737 2839 3732 2839 3731 2840 3732 2840 3737 2840 3737 2841 3736 2841 3738 2841 3732 2842 3731 2842 3739 2842 3732 2843 3739 2843 3740 2843 3741 2844 3737 2844 3738 2844 3742 2845 3741 2845 3743 2845 3738 2846 3743 2846 3741 2846 3744 2847 3742 2847 3743 2847 3744 2848 3734 2848 3733 2848 3733 2849 3742 2849 3744 2849 3735 2850 3734 2850 3745 2850 3746 2851 3747 2851 3745 2851 3735 2852 3745 2852 3747 2852 3746 2853 3748 2853 3749 2853 3749 2854 3747 2854 3746 2854 3750 2855 3749 2855 3748 2855 3751 2856 3752 2856 3753 2856 3751 2857 3753 2857 3756 2857 3752 2858 3757 2858 3753 2858 3757 2859 3752 2859 3758 2859 3753 2860 3759 2860 3756 2860 3758 2861 3760 2861 3757 2861 3759 2862 3761 2862 3756 2862 3762 2863 3757 2863 3760 2863 3754 2864 3755 2864 3761 2864 3754 2865 3761 2865 3759 2865 3754 2866 3763 2866 3755 2866 3764 2867 3754 2867 3765 2867 3754 2868 3764 2868 3763 2868 3766 2869 3767 2869 3764 2869 3764 2870 3765 2870 3766 2870 3768 2871 3767 2871 3766 2871 3769 2872 3768 2872 3766 2872 3770 2873 3769 2873 3766 2873 3771 2874 3769 2874 3770 2874 3770 2875 3772 2875 3771 2875 3770 2876 3773 2876 3772 2876 3770 2877 3774 2877 3773 2877 3775 2878 3773 2878 3774 2878 3774 2879 3776 2879 3777 2879 3777 2880 3775 2880 3774 2880 3776 2881 3778 2881 3777 2881 3779 2882 3778 2882 3776 2882 3779 2883 3780 2883 3778 2883 3779 2884 3781 2884 3780 2884 3781 2885 3779 2885 3782 2885 3779 2886 3783 2886 3782 2886 3783 2887 3784 2887 3782 2887 3783 2888 3785 2888 3784 2888 3785 2889 3786 2889 3784 2889 3786 2890 3785 2890 3787 2890 3787 2891 3785 2891 3788 2891 3789 2892 3790 2893 3791 2894 3792 2895 3791 2894 3793 2896 3791 2894 3792 2895 3789 2892 3792 2895 3793 2896 3794 2897 3795 2898 3792 2895 3796 2899 3794 2897 3796 2899 3792 2895 3792 2895 3795 2898 3797 2900 3798 2901 3789 2892 3799 2902 3797 2900 3800 2903 3801 2904 3801 2904 3802 2905 3803 2906 3801 2904 3804 2907 3805 2908 3803 2906 3804 2907 3801 2904 3806 2909 3801 2904 3805 2908 3807 2910 3808 2911 3806 2909 3806 2909 3805 2908 3807 2910 3806 2909 3809 2912 3810 2913 3802 2905 3801 2904 3800 2903 3810 2913 3811 2914 3806 2909 3812 2915 3813 2916 3811 2914 3812 2915 3814 2917 3813 2916 3808 2911 3809 2912 3806 2909 3814 2917 3815 2918 3813 2916 3816 2919 3817 2920 3813 2916 3818 2921 3813 2916 3815 2918 3817 2920 3819 2922 3813 2916 3811 2914 3813 2916 3806 2909 3818 2921 3816 2919 3813 2916 3819 2922 3820 2923 3821 2924 3822 2925 3823 2926 3824 2927 3821 2924 3825 2928 3819 2922 3819 2922 3826 2929 3823 2926 3827 2930 3822 2925 3828 2931 3829 2932 3830 2933 3831 2934 3832 2935 3822 2925 3824 2927 3819 2922 3823 2926 3822 2925 3822 2925 3832 2935 3828 2931 3833 2936 3822 2925 3827 2930 3834 2937 3835 2938 3836 2939 3826 2929 3819 2922 3825 2928 3837 2940 3833 2936 3838 2941 3837 2940 3839 2942 3840 2943 3838 2941 3839 2942 3837 2940 3841 2944 3835 2938 3837 2940 3841 2944 3837 2940 3840 2943 3835 2938 3834 2937 3837 2940 3836 2939 3842 2945 3834 2937 3837 2940 3822 2925 3833 2936 3843 2946 3834 2937 3844 2947 3834 2937 3842 2945 3844 2947 3845 2948 3846 2949 3847 2950 3848 2951 3834 2937 3843 2946 3849 2952 3834 2937 3848 2951 3850 2953 3846 2949 3851 2954 3834 2937 3849 2952 3846 2949 3845 2948 3851 2954 3846 2949 3846 2949 3849 2952 3847 2950 3850 2953 3854 2955 3846 2949 3855 2956 3846 2949 3854 2955 3855 2956 3857 2957 3858 2958 3856 2959 3859 2960 3855 2956 3860 2961 3855 2956 3858 2958 3861 2962 3862 2963 3863 2964 3817 2920 3820 2923 3819 2922 3857 2957 3855 2956 3854 2955 3864 2965 3865 2966 3859 2960 3864 2965 3859 2960 3856 2959 3865 2966 3866 2967 3859 2960 3862 2963 3859 2960 3866 2967 3869 2968 3870 2969 3789 2892 3799 2902 3789 2892 3870 2969 3789 2892 3871 2970 3872 2971 3872 2971 3869 2968 3789 2892 3873 2972 3874 2973 3871 2970 3871 2970 3874 2973 3872 2971 3875 2974 3876 2975 3871 2970 3877 2976 3873 2972 3871 2970 3883 2977 3886 2977 3887 2977 3885 2978 3888 2978 3889 2978 3888 2979 3893 2979 3889 2979 3898 2980 3899 2980 3900 2980 3906 2981 3867 2982 3868 2983 3867 2982 3905 2984 3868 2983 3907 2985 3906 2981 3868 2983 3908 2986 3909 2987 3910 2988 3907 2985 3910 2988 3906 2981 3911 2989 3912 2990 3913 2991 3913 2991 3868 2983 3911 2989 3914 2992 3913 2991 3912 2990 3913 2991 3914 2992 3915 2993 3915 2993 3917 2994 3913 2991 3917 2994 3916 2995 3913 2991 3916 2995 3917 2994 3920 2996 3916 2995 3920 2996 3918 2997 3919 2998 3918 2997 3920 2996 3918 2997 3921 2999 3922 3000 3921 2999 3918 2997 3919 2998 3922 3000 3921 2999 3923 3001 3922 3000 3923 3001 3924 3002 3926 3003 3922 3000 3927 3004 3929 3005 3930 3005 3931 3005 3926 3003 3928 3006 3929 3007 3935 3008 3929 3007 3928 3006 3933 3009 3931 3009 3930 3009 3929 3007 3936 3010 3937 3011 3937 3011 3938 3012 3930 3013 3930 3013 3929 3007 3937 3011 3926 3003 3927 3004 3928 3006 3922 3000 3925 3014 3927 3004 3925 3014 3922 3000 3924 3002 3922 3015 3926 3015 3941 3015 3942 3016 3882 3016 3943 3016 3892 3017 3897 3017 3896 3017 3899 3018 3895 3018 3946 3018 3947 3019 3948 3019 3949 3019 3950 3020 3951 3020 3952 3020 3953 3021 3957 3021 3958 3021 3963 3022 3964 3022 3965 3022 3968 3023 3964 3023 3963 3023 3969 3024 3970 3025 3971 3026 3974 3027 3975 3027 3976 3027 3981 3028 3982 3029 3983 3030 3986 3031 3987 3031 3988 3031 3979 3032 3972 3033 3989 3034 3979 3032 3981 3028 3983 3030 3990 3035 3979 3032 3989 3034 3991 3036 3992 3036 3993 3036 3994 3037 3995 3037 3996 3037 3902 3038 3903 3038 3897 3038 3994 3039 3998 3039 3995 3039 3880 3040 3996 3040 3995 3040 3999 3041 4000 3042 3983 3030 4001 3043 4002 3043 4003 3043 4005 3044 4006 3044 4007 3044 4008 3045 4009 3045 4007 3045 4010 3046 4009 3046 4008 3046 4011 3047 4012 3047 4013 3047 4012 3048 4010 3048 4008 3048 4014 3049 4013 3049 4015 3049 4016 3050 4017 3051 4018 3052 4019 3053 3998 3053 4020 3053 4001 3054 4019 3054 4024 3054 4025 3055 4022 3055 4026 3055 4029 3056 4030 3056 4028 3056 4031 3057 4032 3057 4415 3057 4033 3058 4034 3058 4035 3058 4036 3059 4037 3059 4038 3059 4034 3060 4039 3060 4029 3060 4040 3061 4041 3062 4042 3063 4043 3064 4044 3065 4045 3066 4046 3067 4045 3066 4047 3068 4048 3069 4049 3070 4050 3071 4051 3072 4047 3068 4045 3066 4052 3073 4053 3074 4054 3075 4055 3076 3981 3028 4056 3077 4057 3078 3982 3029 3981 3028 4058 3079 4059 3080 3981 3028 4055 3076 4058 3079 3981 3028 4060 3081 4061 3082 4057 3078 4062 3083 4063 3084 4064 3085 4065 3086 4066 3087 4067 3088 4068 3089 4069 3090 4070 3091 4071 3092 4072 3093 4073 3094 4074 3095 4075 3096 4076 3097 4074 3095 4077 3098 4075 3096 4078 3099 4079 3100 4064 3085 4080 3101 3940 3101 3939 3101 4081 3102 4082 3103 4083 3104 3939 3105 3940 3106 3969 3024 3970 3025 3969 3024 3940 3106 4062 3107 4064 3107 4079 3107 4085 3108 4086 3108 4063 3108 3973 3109 3979 3032 4088 3110 3983 3030 3982 3029 3999 3041 3981 3028 4059 3080 4090 3111 4090 3111 4060 3081 3981 3028 4091 3112 4060 3081 4061 3082 4057 3078 3981 3028 4060 3081 4092 3113 4093 3114 4061 3082 4092 3113 4091 3112 4061 3082 4094 3115 4095 3116 4061 3082 4094 3115 4061 3082 4093 3114 4061 3082 4096 3117 4097 3118 4096 3117 4061 3082 4095 3116 4097 3118 4098 3119 4099 3120 4096 3117 4098 3119 4097 3118 4097 3118 4100 3121 4101 3122 4099 3120 4100 3121 4097 3118 4101 3122 4102 3123 4097 3118 3979 3032 3990 3035 3980 3124 4102 3123 4103 3125 4097 3118 4105 3126 3983 3030 4000 3042 3973 3109 4086 3127 4087 3128 4078 3099 4064 3085 4084 3129 4063 3084 4062 3083 4085 3130 4080 3131 4084 3129 3940 3106 4108 3132 4106 3133 4109 3134 4110 3135 3970 3025 4111 3136 4077 3098 4110 3135 4111 3136 4113 3137 4114 3138 4803 3139 4114 3138 4115 3140 4109 3134 4111 3136 4112 3141 4116 3142 4111 3136 4117 3143 4075 3096 4115 3140 4114 3138 4118 3144 4119 3145 4117 3143 4116 3142 4120 3146 4121 3147 4122 3148 4120 3146 4123 3149 4124 3150 4118 3144 4128 3151 4125 3152 4130 3153 4129 3154 4131 3155 4126 3156 4125 3152 4132 3157 4131 3155 4129 3154 4134 3158 4129 3154 4127 3159 4126 3156 4126 3156 4135 3160 4134 3158 4136 3161 4131 3155 4134 3158 4134 3158 4137 3162 4136 3161 4138 3163 4139 3164 4140 3165 4137 3162 4141 3166 4136 3161 4141 3166 4137 3162 4142 3167 4143 3168 4144 3169 4145 3170 4141 3166 4142 3167 4146 3171 4147 3172 4148 3173 4149 3174 4146 3171 4142 3167 4150 3175 4151 3176 4152 3177 4153 3178 4154 3179 4146 3171 4150 3175 4155 3180 4156 3181 4149 3174 4157 3182 4154 3179 4150 3175 4158 3183 4159 3184 4157 3182 4156 3181 4160 3185 4158 3183 4157 3182 4161 3186 4158 3183 4157 3187 4159 3187 4154 3187 4159 3184 4158 3183 4162 3188 4163 3189 4162 3188 4164 3190 4165 3191 4166 3192 4167 3193 4164 3190 4168 3194 4169 3195 4170 3196 4171 3197 4172 3198 4162 3188 4158 3183 4160 3185 4173 3199 4174 3200 4169 3195 4163 3189 4174 3200 4175 3201 4176 3202 4177 3203 4175 3201 4175 3201 4174 3200 4176 3202 4178 3204 4179 3205 4180 3206 4181 3207 4182 3208 4183 3209 4177 3203 4182 3208 4184 3210 4176 3202 4182 3208 4177 3203 4185 3211 4186 3212 4187 3213 4188 3214 4177 3203 4184 3210 4189 3215 4188 3214 4190 3216 4184 3210 4190 3216 4188 3214 4190 3216 4191 3217 4189 3215 4053 3074 4190 3216 4181 3207 4189 3215 4191 3217 4192 3218 4193 3219 4194 3220 4195 3221 4195 3221 4196 3222 4197 3223 4198 3224 4191 3217 4052 3073 4190 3216 4053 3074 4191 3217 4047 3068 4052 3073 4199 3225 4198 3224 4052 3073 4047 3068 4200 3226 4201 3227 4202 3228 4203 3229 4043 3064 4048 3069 4199 3225 4046 3067 4047 3068 4204 3230 4205 3231 4044 3065 4206 3232 4207 3233 4208 3234 4208 3234 4209 3235 4210 3236 4203 3229 4204 3230 4044 3065 4211 3237 4212 3238 4213 3239 4212 3238 4210 3236 4214 3240 4215 3241 4216 3242 4217 3243 4218 3244 4219 3245 4040 3061 4220 3246 4216 3242 4221 3247 4220 3246 4219 3245 4222 3248 4223 3249 4224 3250 4225 3251 4223 3249 4042 3063 4226 3252 4227 3253 4224 3250 4226 3252 4228 3254 4229 3255 4230 3256 4231 3257 4232 3258 4224 3250 4230 3256 4233 3259 4227 3253 4234 3260 4233 3259 4235 3261 4232 3258 4236 3262 4237 3263 4234 3260 4238 3264 4239 3265 4239 3265 4240 3266 4231 3257 4241 3267 4242 3268 4243 3269 4243 3269 4236 3262 4240 3266 4238 3264 4244 3270 4245 3271 4246 3272 4247 3272 4248 3272 4249 3273 4247 3274 4250 3275 4247 3276 4251 3276 4248 3276 4253 3277 4251 3278 4249 3273 4252 3279 4251 3279 4254 3279 4255 3280 4256 3281 4257 3282 4258 3283 4254 3284 4253 3277 4259 3285 4260 3286 4261 3287 4263 3288 4264 3289 4265 3290 4258 3283 4262 3291 4266 3292 4268 3293 4267 3294 4262 3291 4270 3295 4266 3292 4267 3294 4269 3296 4268 3293 4271 3297 4276 3298 4273 3299 4270 3295 4274 3300 4279 3301 4269 3296 4280 3302 3875 2974 3871 2970 3936 3010 3929 3007 3935 3008 3933 3303 3934 3304 3931 3305 3941 3306 3929 3306 3931 3306 4283 3307 3922 3307 3941 3307 4284 3308 3913 3308 4281 3308 3918 3309 4283 3309 4281 3309 3916 3310 3918 3310 4281 3310 3913 3311 3916 3311 4281 3311 3868 2983 3905 2984 3911 2989 4285 3312 3907 3312 3868 3312 4284 3313 4285 3313 3868 3313 3908 2986 3910 2988 3907 2985 4286 3314 3908 3314 3907 3314 4287 3315 3863 2964 4288 3316 3856 2959 3855 2956 3860 2961 3859 2960 3862 2963 3861 2962 4289 3317 4290 3318 3855 2956 4289 3319 3855 3319 3859 3319 4291 3320 3834 2937 3846 2949 4290 3318 3846 2949 3855 2956 3831 2934 3837 2940 4292 3321 3846 2949 4290 3318 4291 3320 4293 3322 3822 2925 3831 2934 3834 2937 4291 3320 4292 3321 3792 2895 3797 2900 3801 2904 3837 2940 3834 2937 4292 3321 3789 2892 3798 2901 3790 2893 3831 2934 3822 2925 3837 2940 3876 2975 3877 2976 3871 2970 3822 2925 4293 3322 3819 2922 4294 3323 3792 2895 3801 2904 4295 3324 3819 2922 4293 3322 3813 2916 4295 3324 4296 3325 4297 3326 3871 2970 4298 3327 4297 3326 4280 3302 3871 2970 4299 3328 3806 2909 4296 3325 3801 2904 4299 3328 4294 3323 4300 3329 3871 2970 4301 3330 4298 3327 3871 2970 4300 3329 4302 3331 3933 3303 4303 3332 4302 3331 3934 3304 3933 3303 3941 3333 3926 3333 3929 3333 3904 3334 3931 3305 3934 3304 4283 3335 3918 3335 3922 3335 3904 3334 4282 3336 3941 3337 4306 3338 4281 3339 4305 3340 4283 3341 4282 3336 4305 3340 4307 3342 4306 3338 4305 3340 4308 3343 4285 3344 4284 3345 4284 3345 4281 3339 4306 3338 3913 3346 4284 3346 3868 3346 4306 3338 4308 3343 4284 3345 3907 3347 4285 3347 4286 3347 4309 3348 4286 3349 4285 3344 4310 3350 4311 3351 4288 3316 3861 3352 4289 3352 3859 3352 3861 2962 3863 2964 4287 3315 4289 3317 4312 3353 4313 3354 4312 3353 4289 3317 3861 2962 4314 3355 4291 3320 4290 3318 4313 3354 4290 3318 4289 3317 3829 2932 4292 3321 4315 3356 4290 3318 4313 3354 4314 3355 3819 2922 4295 3324 3813 2916 4315 3356 4291 3320 4314 3355 3806 2909 3813 2916 4296 3325 4315 3356 4292 3321 4291 3320 3801 2904 3806 2909 4299 3328 4292 3321 3829 2932 3831 2934 4299 3328 4316 3357 4317 3358 3830 2933 4293 3322 3831 2934 4293 3322 3830 2933 4318 3359 3792 2895 4319 3360 3789 2892 4319 3360 3792 2895 4294 3323 4320 3361 4295 3324 4318 3359 4296 3325 4320 3361 4316 3357 3871 2970 3789 2892 4301 3330 4319 3360 4301 3330 3789 2892 4299 3328 4296 3325 4316 3357 4321 3362 4303 3362 4322 3362 4321 3363 4302 3363 4303 3363 3904 3334 3941 3337 3931 3305 4323 3364 3934 3304 4302 3331 4282 3336 4283 3341 3941 3337 4323 3364 3901 3365 3904 3334 4305 3340 4281 3339 4283 3341 3904 3334 3901 3365 4304 3366 4324 3367 4307 3342 4305 3340 4324 3367 4282 3336 4304 3366 4308 3343 4306 3338 4326 3368 4327 3369 4326 3368 4306 3338 4308 3343 4309 3348 4285 3344 4328 3370 4329 3371 4310 3350 4287 3315 4312 3353 3861 2962 4287 3315 4288 3316 4311 3351 4312 3353 4330 3372 4331 3373 4330 3372 4312 3353 4287 3315 4332 3374 4314 3355 4313 3354 4331 3373 4313 3354 4312 3353 4333 3375 4315 3356 4334 3376 4332 3374 4313 3354 4331 3373 4293 3322 4318 3359 4295 3324 4332 3374 4334 3376 4314 3355 4296 3325 4295 3324 4320 3361 4314 3355 4334 3376 4315 3356 4335 3377 4316 3357 4336 3378 4333 3375 3829 2932 4315 3356 3830 2933 3829 2932 4337 3379 4317 3358 4319 3360 4294 3323 4294 3323 4299 3328 4317 3358 4338 3380 3830 2933 4337 3379 4318 3359 4338 3380 4339 3381 4336 3378 4320 3361 4339 3381 4316 3357 4320 3361 4336 3378 4301 3330 4340 3382 4300 3329 4341 3383 4322 3383 4342 3383 4341 3384 4321 3384 4322 3384 4323 3364 3904 3334 3934 3304 4302 3385 4321 3385 4343 3385 4304 3366 4282 3336 3904 3334 3898 3386 4323 3386 4343 3386 3898 3387 3901 3387 4323 3387 4324 3367 4305 3340 4282 3336 3901 3388 3898 3388 4344 3388 4344 3389 4345 3389 4304 3389 4307 3342 4327 3369 4306 3338 4325 3390 4307 3390 4324 3390 4326 3391 4327 3391 4347 3391 4326 3368 4309 3348 4308 3343 4326 3392 4347 3392 4348 3392 4348 3393 4309 3393 4326 3393 4311 3351 4330 3372 4287 3315 4311 3351 4310 3350 4329 3371 4330 3372 4349 3394 3852 3395 4349 3396 4330 3396 4311 3396 3853 3397 4332 3374 4331 3373 3852 3395 4331 3373 4330 3372 4337 3379 3829 2932 4333 3375 3852 3395 3853 3397 4331 3373 3830 2933 4338 3380 4318 3359 4332 3374 3853 3397 4350 3398 4320 3361 4318 3359 4339 3381 4332 3374 4350 3398 4334 3376 4351 3399 4339 3381 4338 3380 4352 3400 4333 3375 4334 3376 4337 3379 4333 3375 4353 3401 4335 3377 4354 3402 4317 3358 4317 3358 4316 3357 4335 3377 4355 3403 4337 3379 4353 3401 4338 3380 4355 3403 4351 3399 4319 3360 4354 3402 4340 3382 4354 3402 4319 3360 4317 3358 4351 3399 4336 3378 4339 3381 4319 3360 4340 3382 4301 3330 4356 3404 4342 3404 4357 3404 4356 3405 4341 3405 4342 3405 4343 3406 4323 3406 4302 3406 4321 3407 4341 3407 4358 3407 4344 3408 4304 3408 3901 3408 3899 3409 4343 3409 4358 3409 3899 3410 3898 3410 4343 3410 4345 3411 4324 3411 4304 3411 4345 3412 4325 3412 4324 3412 4344 3413 3900 3413 3958 3413 4325 3414 4347 3414 4307 3414 4345 3415 4346 3415 4325 3415 4307 3416 4347 3416 4327 3416 4347 3417 4359 3417 4360 3417 4361 3418 4329 3371 4328 3370 4329 3419 4349 3419 4311 3419 4334 3376 4350 3398 4352 3400 4353 3401 4333 3375 4352 3400 4337 3379 4355 3403 4338 3380 4362 3420 4357 3420 4363 3420 4362 3421 4356 3421 4357 3421 4358 3422 4343 3422 4321 3422 4358 3423 4341 3423 4356 3423 3900 3424 4344 3424 3898 3424 3958 3425 4345 3425 4344 3425 3958 3426 4346 3426 4345 3426 4346 3427 4359 3427 4325 3427 4325 3428 4359 3428 4347 3428 4347 3429 4360 3429 4348 3429 4348 3430 4360 3430 4364 3430 4366 3431 4363 3431 4367 3431 4366 3432 4362 3432 4363 3432 4358 3433 4356 3433 4362 3433 3899 3434 3894 3434 3895 3434 3953 3435 3900 3435 3954 3435 3894 3436 3899 3436 4358 3436 3900 3437 3899 3437 3946 3437 3900 3438 3953 3438 3958 3438 3958 3439 3957 3439 3959 3439 4359 3440 4368 3440 4369 3440 4359 3441 4369 3441 4360 3441 4370 3442 4365 3443 4361 3418 4329 3371 4361 3418 4365 3443 4349 3444 4329 3444 4276 3444 4349 3394 4276 3298 4277 3445 4277 3445 4278 3446 3852 3395 4278 3446 3853 3397 3852 3395 4350 3398 3853 3397 4278 3446 4355 3403 4353 3401 4371 3447 4340 3382 4373 3448 4300 3329 4374 3449 4367 3449 4375 3449 4374 3450 4366 3450 4367 3450 3895 3451 3894 3451 3945 3451 3954 3452 3900 3452 3946 3452 3959 3453 4346 3453 3958 3453 3962 3454 4368 3454 4346 3454 3959 3455 3962 3455 4346 3455 4346 3456 4368 3456 4359 3456 4364 3457 4360 3457 3880 3457 3852 3395 4349 3394 4277 3445 4365 3458 4276 3458 4329 3458 4376 3459 4377 3460 4378 3461 4353 3401 4352 3400 4371 3447 4379 3462 4380 3463 4350 3398 4335 3377 4336 3378 4372 3464 4380 3463 4371 3447 4352 3400 4335 3377 4382 3465 4354 3402 4382 3465 4335 3377 4372 3464 4381 3466 4383 3467 4355 3403 4384 3468 4351 3399 4383 3467 4340 3382 4354 3402 4373 3448 4382 3465 4373 3448 4354 3402 4384 3468 4372 3464 4336 3378 4385 3469 4375 3469 4386 3469 4385 3470 4374 3470 4375 3470 4366 3471 4387 3471 4362 3471 4358 3472 3945 3472 3894 3472 3945 3473 4358 3473 4387 3473 4360 3474 3996 3474 3880 3474 3994 3475 4020 3475 3998 3475 4388 3476 3996 3476 4360 3476 4020 3477 4024 3477 4019 3477 4024 3478 4002 3478 4001 3478 4389 3479 4003 3479 4002 3479 4003 3480 4391 3480 4390 3480 4390 3481 4392 3481 4393 3481 4393 3482 4006 3482 4005 3482 4005 3483 4007 3483 4009 3483 4010 3484 4012 3484 4011 3484 4011 3485 4013 3485 4014 3485 4014 3486 4015 3487 4038 3488 4037 3489 4394 3490 4395 3491 4038 3492 4015 3492 4036 3492 4395 3491 4396 3493 4397 3494 4037 3489 4036 3495 4394 3490 4397 3494 4378 3461 4377 3460 4395 3491 4394 3490 4396 3493 4377 3460 4376 3459 4370 3442 4378 3461 4397 3494 4396 3493 4350 3398 4278 3446 4379 3462 4370 3442 4376 3459 4365 3443 4352 3400 4350 3398 4380 3463 4355 3403 4371 3447 4381 3466 4351 3399 4355 3403 4383 3467 4336 3378 4351 3399 4384 3468 4374 3496 4387 3496 4366 3496 4387 3497 4358 3497 4362 3497 4388 3498 4360 3498 4369 3498 4003 3499 4389 3499 4004 3499 4003 3500 4004 3500 4391 3500 4391 3501 4392 3501 4390 3501 4393 3502 4392 3502 4006 3502 4277 3445 4276 3298 4270 3295 4385 3503 4387 3503 4374 3503 4400 3504 4386 3504 4401 3504 4400 3505 4385 3505 4386 3505 4385 3506 3903 3506 4387 3506 4387 3507 3902 3507 3945 3507 3903 3508 3902 3508 4387 3508 3902 3509 4402 3509 3945 3509 3953 3510 4398 3510 4399 3510 3957 3511 4399 3511 4403 3511 3946 3512 4402 3512 4404 3512 3959 3513 4403 3513 3985 3513 3954 3514 3946 3514 4404 3514 3954 3515 4398 3515 3953 3515 3953 3516 4399 3516 3957 3516 4403 3517 3959 3517 3957 3517 3962 3518 3985 3518 3984 3518 4368 3519 3984 3519 4405 3519 4406 3520 3994 3520 3996 3520 4405 3521 4388 3521 4369 3521 4407 3522 4406 3522 3996 3522 4408 3523 4389 3523 4002 3523 4406 3524 4409 3524 4020 3524 4409 3525 4410 3525 4024 3525 4410 3526 4408 3526 4002 3526 4389 3527 4408 3527 4411 3527 4006 3528 4392 3528 4412 3528 4411 3529 4391 3529 4004 3529 4413 3530 4412 3530 4392 3530 4006 3531 4412 3532 4414 3533 4415 3534 4015 3534 4013 3534 4414 3533 4007 3535 4006 3531 4416 3536 4008 3536 4007 3536 4415 3537 4013 3537 4012 3537 4015 3487 4417 3538 4036 3495 4036 3495 4418 3539 4394 3490 4394 3490 4419 3540 4396 3493 4378 3461 4396 3493 4420 3541 4279 3301 4278 3446 4272 3542 4378 3461 4421 3543 4376 3459 4376 3459 4422 3544 4365 3443 4422 3545 4276 3545 4365 3545 4278 3446 4277 3445 4270 3295 4279 3301 4275 3546 4379 3462 4275 3546 4371 3447 4380 3463 4402 3547 3895 3547 3945 3547 4402 3548 3946 3548 3895 3548 3954 3549 4404 3549 4398 3549 3984 3550 4368 3550 3962 3550 3985 3551 3962 3551 3959 3551 4405 3552 4369 3552 4368 3552 4407 3553 3996 3553 4388 3553 4406 3554 4020 3554 3994 3554 4409 3555 4024 3555 4020 3555 4410 3556 4002 3556 4024 3556 4411 3557 4004 3557 4389 3557 4413 3558 4392 3558 4391 3558 4007 3559 4414 3559 4416 3559 4012 3560 4008 3560 4416 3560 4418 3539 4036 3495 4417 3538 4419 3540 4394 3490 4418 3539 4420 3541 4396 3493 4419 3540 4421 3543 4378 3461 4420 3541 4422 3544 4376 3459 4421 3543 4379 3462 4278 3446 4279 3301 4380 3463 4379 3462 4275 3546 4381 3466 4371 3447 4423 3561 4400 3562 3903 3562 4385 3562 4424 3563 4400 3563 4401 3563 3896 3564 3903 3564 4400 3564 3897 3565 3903 3565 3896 3565 3902 3566 3897 3566 4425 3566 4398 3567 4404 3567 4426 3567 4404 3568 4402 3568 4425 3568 4403 3569 4399 3569 3956 3569 4398 3570 4426 3570 4399 3570 3985 3571 4403 3571 3956 3571 3960 3572 3961 3572 4388 3572 3961 3573 4427 3573 4407 3573 4427 3574 4428 3574 4406 3574 4428 3575 4410 3575 4409 3575 4429 3576 4413 3576 4391 3576 4031 3577 4012 3577 4416 3577 4415 3578 4430 3578 4015 3578 4273 3579 4276 3579 4422 3579 4371 3447 4275 3546 4423 3561 4272 3542 4278 3446 4270 3295 4424 3580 4401 3580 4432 3580 3896 3581 4400 3581 4424 3581 4425 3582 4402 3582 3902 3582 3960 3583 4388 3583 4405 3583 3961 3584 4407 3584 4388 3584 4427 3585 4406 3585 4407 3585 4428 3586 4409 3586 4406 3586 4429 3587 4391 3587 4411 3587 4012 3588 4031 3588 4415 3588 4417 3538 4015 3487 4430 3589 4275 3546 4274 3300 4431 3590 3955 3591 4399 3591 4426 3591 3956 3592 4436 3592 3985 3592 4404 3593 4435 3593 4426 3593 3985 3594 4437 3594 3984 3594 3956 3595 4399 3595 3955 3595 4438 3596 4405 3596 3984 3596 4437 3597 3985 3597 4436 3597 4437 3598 4438 3598 3984 3598 4405 3599 4438 3599 3960 3599 4410 3600 4428 3600 4439 3600 4441 3601 4411 3601 4408 3601 4439 3602 4442 3602 4410 3602 4442 3603 4441 3603 4408 3603 4411 3604 4441 3604 4429 3604 4443 3605 4414 3533 4412 3532 4443 3606 4444 3606 4414 3606 4444 3607 4031 3607 4416 3607 4415 3608 4032 3608 4430 3608 4417 3538 4445 3609 4418 3539 4418 3539 4446 3610 4419 3540 4271 3297 4434 3611 4274 3300 4431 3590 4434 3611 4433 3612 4372 3464 4447 3613 4382 3465 4447 3613 4373 3448 4382 3465 4384 3468 4448 3614 4372 3464 4449 3615 4425 3615 3897 3615 3892 3616 3896 3616 4424 3616 4435 3617 4404 3617 4425 3617 3892 3618 4449 3618 3897 3618 4449 3619 4435 3619 4425 3619 4440 3620 4427 3620 3961 3620 4442 3621 4408 3621 4410 3621 4444 3622 4416 3622 4414 3622 4446 3610 4418 3539 4445 3609 4420 3541 4419 3540 4446 3610 4417 3538 4450 3623 4445 3609 4269 3296 4272 3542 4267 3294 4451 3624 4422 3544 4421 3543 4447 3613 4372 3464 4448 3614 4383 3467 4452 3625 4384 3468 4373 3448 4453 3626 4300 3329 4432 3627 3944 3627 3893 3627 4440 3628 4428 3628 4427 3628 4450 3623 4417 3538 4430 3589 4273 3629 4422 3629 4451 3629 4420 3541 4446 3610 4455 3630 4456 3631 4271 3297 4268 3293 4421 3543 4420 3541 4457 3632 4458 3633 4434 3611 4271 3297 4273 3299 4266 3292 4270 3295 4270 3295 4267 3294 4272 3542 4272 3542 4269 3296 4279 3301 4279 3301 4274 3300 4275 3546 4448 3614 4384 3468 4452 3625 4275 3546 4431 3590 4423 3561 4423 3561 4475 3634 4381 3466 4460 3635 4383 3467 4381 3466 4447 3613 4453 3626 4373 3448 3893 3636 3944 3636 3889 3636 4432 3637 4461 3637 4424 3637 4462 3638 3892 3638 4424 3638 4449 3639 4465 3639 4435 3639 4463 3640 3956 3640 3955 3640 4464 3641 4426 3641 4435 3641 4463 3642 4436 3642 3956 3642 4463 3643 3955 3643 4464 3643 4454 3644 3960 3644 4438 3644 4466 3645 3961 3645 3960 3645 4454 3646 4438 3646 4437 3646 4466 3647 3960 3647 4454 3647 4440 3648 3961 3648 3978 3648 4440 3649 4467 3649 4428 3649 4468 3650 4429 3650 4469 3650 4429 3651 4441 3651 4469 3651 4470 3652 4443 3605 4412 3532 4429 3653 4468 3653 4413 3653 4413 3654 4470 3654 4412 3654 4032 3655 4031 3655 4023 3655 4471 3656 4430 3656 4032 3656 4023 3657 4471 3657 4032 3657 4430 3589 4471 3658 4450 3623 4420 3541 4455 3630 4457 3632 4451 3624 4421 3543 4457 3632 4268 3293 4262 3291 4472 3659 4451 3660 4474 3660 4273 3660 4475 3634 4423 3561 4431 3590 4460 3635 4381 3466 4475 3634 4452 3625 4383 3467 4460 3635 3893 3661 4461 3661 4432 3661 4461 3662 4462 3662 4424 3662 4449 3663 3892 3663 4462 3663 4465 3664 4464 3664 4435 3664 3955 3665 4426 3665 4464 3665 3948 3666 4476 3666 4463 3666 3966 3667 3967 3667 4477 3667 4466 3668 3978 3668 3961 3668 3978 3669 4467 3669 4440 3669 4467 3670 4439 3670 4428 3670 4468 3671 4470 3671 4413 3671 4023 3672 4031 3672 4444 3672 4471 3673 4023 3673 4478 3673 4266 3292 4273 3299 4474 3674 4263 3288 4479 3675 4480 3676 4481 3677 4482 3678 4483 3679 4484 3680 4473 3681 4458 3633 3893 3682 3888 3682 4461 3682 4449 3683 4485 3683 4486 3683 4485 3684 4449 3684 4462 3684 4465 3685 4449 3685 4486 3685 3948 3686 4463 3686 4464 3686 4436 3687 4476 3687 4487 3687 4437 3688 4487 3688 4488 3688 4476 3689 4436 3689 4463 3689 4454 3690 4488 3690 4489 3690 4487 3691 4437 3691 4436 3691 4489 3692 3977 3692 4466 3692 4454 3693 4437 3693 4488 3693 4466 3694 4454 3694 4489 3694 3977 3695 3978 3695 4466 3695 4467 3696 3978 3696 3997 3696 4490 3697 4469 3697 4441 3697 4467 3698 4477 3698 4439 3698 4439 3699 4491 3699 4442 3699 4442 3700 4490 3700 4441 3700 4492 3701 4493 3702 4470 3652 4468 3703 4492 3703 4470 3703 4443 3605 4470 3652 4493 3702 4494 3704 4444 3704 4443 3704 4471 3658 4495 3705 4450 3623 4023 3706 4444 3706 4027 3706 4471 3658 4478 3707 4495 3705 4450 3623 4495 3705 4445 3609 4446 3610 4496 3708 4455 3630 4497 3709 4262 3291 4258 3283 4451 3624 4457 3632 4498 3710 4499 3711 4500 3712 4501 3713 3885 3714 3889 3714 3932 3714 3888 3715 4462 3715 4461 3715 3888 3716 3881 3716 4462 3716 4465 3717 3948 3717 4464 3717 4476 3718 3947 3718 4502 3718 3977 3719 3997 3719 3978 3719 3997 3720 4477 3720 4467 3720 4477 3721 4491 3721 4439 3721 4491 3722 4490 3722 4442 3722 4493 3723 4494 3723 4443 3723 4494 3724 4027 3724 4444 3724 4496 3708 4446 3610 4445 3609 4445 3609 4503 3725 4496 3708 4451 3726 4498 3726 4474 3726 4455 3630 4504 3727 4505 3728 4505 3728 4498 3710 4457 3632 4506 3729 4507 3730 4508 3731 4480 3676 4458 3633 4456 3631 4509 3732 4500 3712 4484 3680 4474 3674 4258 3283 4266 3292 4473 3681 4433 3612 4434 3611 4262 3291 4267 3294 4266 3292 4268 3293 4269 3296 4267 3294 4271 3297 4274 3300 4269 3296 4434 3611 4431 3590 4274 3300 4431 3590 4433 3612 4475 3634 4459 3733 4460 3635 4475 3634 4447 3613 4510 3734 4453 3626 4510 3734 4447 3613 4448 3614 3888 3735 3890 3735 3881 3735 3881 3736 4485 3736 4462 3736 4485 3737 4511 3737 4512 3737 3881 3738 4511 3738 4485 3738 4486 3739 3948 3739 4465 3739 4486 3740 4485 3740 4512 3740 4513 3741 3948 3741 4486 3741 4514 3742 4476 3742 4502 3742 4515 3743 4487 3743 4514 3743 3947 3744 4476 3744 3948 3744 4516 3745 4489 3745 4488 3745 4514 3746 4487 3746 4476 3746 4515 3747 4488 3747 4487 3747 4517 3748 3977 3748 4516 3748 3966 3749 3997 3749 4517 3749 3977 3750 4489 3750 4516 3750 3977 3751 4517 3751 3997 3751 3997 3752 3966 3752 4477 3752 4490 3753 4021 3753 4469 3753 4491 3754 3967 3754 4518 3754 4490 3755 4518 3755 4021 3755 4469 3756 4021 3756 4022 3756 4492 3757 4468 3757 4022 3757 4492 3758 4022 3758 4016 3758 4519 3759 4493 3702 4492 3701 4521 3760 4494 3760 4493 3760 4023 3761 4028 3761 4478 3761 4027 3762 4494 3762 4028 3762 4028 3763 4023 3763 4027 3763 4503 3725 4445 3609 4495 3705 4504 3727 4455 3630 4496 3708 4505 3728 4457 3632 4455 3630 4496 3708 4522 3764 4504 3727 4254 3284 4258 3283 4474 3674 4254 3765 4474 3765 4498 3765 4459 3733 4475 3634 4433 3612 4452 3625 4460 3635 4459 3733 4459 3733 4523 3766 4452 3625 4524 3767 4448 3614 4452 3625 3885 3768 3890 3768 3888 3768 3885 3769 3884 3769 3891 3769 3881 3770 3890 3770 4511 3770 4512 3771 4513 3771 4486 3771 4513 3772 3949 3772 3948 3772 4525 3773 3949 3773 4513 3773 4488 3774 4515 3774 4526 3774 4516 3775 4526 3775 4517 3775 4526 3776 4516 3776 4488 3776 3966 3777 4517 3777 3964 3777 4491 3778 4518 3778 4490 3778 4477 3779 3967 3779 4491 3779 4021 3780 4026 3780 4022 3780 4469 3781 4022 3781 4468 3781 4025 3782 4016 3782 4022 3782 4521 3783 4028 3783 4494 3783 4493 3784 4519 3784 4521 3784 4527 3785 4478 3707 4520 3786 4528 3787 4495 3705 4527 3785 4028 3788 4520 3788 4478 3788 4522 3764 4496 3708 4503 3725 4495 3705 4478 3707 4527 3785 4503 3725 4495 3705 4528 3787 4529 3789 4530 3790 4504 3727 4531 3791 4497 3709 4253 3277 4530 3790 4252 3792 4505 3728 4264 3289 4472 3659 4497 3709 4252 3793 4254 3793 4498 3793 4263 3288 4456 3631 4472 3659 4480 3676 4532 3794 4484 3680 4258 3283 4253 3277 4497 3709 4533 3795 4534 3796 4535 3797 4472 3659 4262 3291 4497 3709 4456 3631 4268 3293 4472 3659 4458 3633 4271 3297 4456 3631 4524 3767 4452 3625 4523 3766 4458 3633 4473 3681 4434 3611 4510 3734 4448 3614 4524 3767 4433 3612 4473 3681 4536 3798 4536 3798 4523 3766 4459 3733 3890 3799 3885 3799 3891 3799 3891 3800 3879 3800 4537 3800 4537 3801 3890 3801 3891 3801 4512 3802 4511 3802 4538 3802 4511 3803 4537 3803 4538 3803 4512 3804 4539 3804 4513 3804 4539 3805 4512 3805 4538 3805 3947 3806 3949 3806 4525 3806 4539 3807 4525 3807 4513 3807 3947 3808 4540 3808 4502 3808 4502 3809 4540 3809 4514 3809 4525 3810 4540 3810 3947 3810 4514 3811 4541 3811 4515 3811 4515 3812 4542 3812 4526 3812 4540 3813 4541 3813 4514 3813 4541 3814 4542 3814 4515 3814 4526 3815 4543 3815 4517 3815 3975 3816 3963 3816 3976 3816 4542 3817 4543 3817 4526 3817 3966 3818 3964 3818 3968 3818 3964 3819 4517 3819 4543 3819 4518 3820 4544 3820 4545 3820 3967 3821 3968 3821 4544 3821 4545 3822 4021 3822 4518 3822 4021 3823 4545 3823 4026 3823 4492 3701 4016 3050 4519 3759 4016 3050 4018 3052 4519 3759 4035 3824 4029 3824 4521 3824 4521 3825 4519 3825 4035 3825 4028 3826 4030 3826 4520 3826 4521 3827 4029 3827 4028 3827 4528 3787 4522 3764 4503 3725 4504 3727 4522 3764 4529 3789 4530 3790 4505 3728 4504 3727 4522 3764 4528 3787 4546 3828 4252 3792 4498 3710 4505 3728 4531 3791 4249 3273 4547 3829 4479 3675 4265 3290 4548 3830 4251 3278 4253 3277 4254 3284 4501 3713 4509 3732 4549 3831 4536 3798 4459 3733 4433 3612 4523 3766 4499 3711 4524 3767 3932 3832 3884 3832 3885 3832 3887 3833 3932 3833 4551 3833 3884 3834 3887 3834 3886 3834 3886 3835 3891 3835 3884 3835 3886 3836 3879 3836 3891 3836 3890 3837 4537 3837 4511 3837 4537 3838 4552 3838 4538 3838 4537 3839 3879 3839 4552 3839 4553 3840 4538 3840 4552 3840 4553 3841 4539 3841 4538 3841 4539 3842 4553 3842 3952 3842 4539 3843 3952 3843 3951 3843 4525 3844 4554 3844 4540 3844 4525 3845 3951 3845 4554 3845 4555 3846 4556 3846 4557 3846 4540 3847 4554 3847 4555 3847 4541 3848 4540 3848 4555 3848 4542 3849 4541 3849 4557 3849 4541 3850 4555 3850 4557 3850 4543 3851 4542 3851 4558 3851 4542 3852 4557 3852 4558 3852 3964 3853 4543 3853 3965 3853 4558 3854 3965 3854 4543 3854 4544 3855 3975 3855 4559 3855 3967 3856 4544 3856 4518 3856 3966 3857 3968 3857 3967 3857 3968 3858 3963 3858 3975 3858 4559 3859 4545 3859 4544 3859 4026 3860 4560 3860 4025 3860 4519 3861 4018 3861 4035 3861 4018 3862 4561 3862 4033 3862 4034 3863 4033 3863 4562 3863 4035 3864 4018 3864 4033 3864 4030 3865 4039 3865 4563 3865 4034 3866 4029 3866 4035 3866 4563 3867 4564 3868 4520 3786 4039 3869 4030 3869 4029 3869 4564 3868 4565 3870 4527 3785 4563 3871 4520 3871 4030 3871 4520 3786 4564 3868 4527 3785 4546 3828 4529 3789 4522 3764 4528 3787 4527 3785 4565 3870 4529 3789 4546 3828 4566 3872 4547 3829 4250 3275 4567 3873 4568 3874 4530 3790 4529 3789 4569 3875 4570 3876 4571 3877 4568 3874 4248 3878 4530 3790 4572 3879 4264 3289 4531 3791 4252 3880 4248 3880 4251 3880 4257 3282 4573 3881 4574 3882 4532 3794 4548 3830 4575 3883 4249 3273 4531 3791 4253 3277 4509 3732 4532 3794 4576 3884 4264 3289 4497 3709 4531 3791 4264 3289 4263 3288 4472 3659 4500 3712 4536 3798 4473 3681 4480 3676 4456 3631 4263 3288 4499 3711 4523 3766 4536 3798 4484 3680 4458 3633 4480 3676 4500 3712 4473 3681 4484 3680 4550 3885 4510 3734 4524 3767 4536 3798 4500 3712 4499 3711 4550 3885 4453 3626 4510 3734 3932 3886 3887 3886 3884 3886 4551 3887 3943 3887 3883 3887 3886 3888 4577 3888 3879 3888 3886 3889 3883 3889 4577 3889 3879 3890 4577 3890 3878 3890 3879 3891 3878 3891 4552 3891 4578 3892 4552 3892 3878 3892 4578 3893 4553 3893 4552 3893 4553 3894 4578 3894 3952 3894 3987 3895 3952 3895 3988 3895 4539 3896 3951 3896 4525 3896 3950 3897 3952 3897 3987 3897 4579 3898 3951 3898 3950 3898 4579 3899 4554 3899 3951 3899 4580 3900 4555 3900 4554 3900 4580 3901 4554 3901 4579 3901 4555 3902 4580 3902 4581 3902 4555 3903 4581 3903 4556 3903 4557 3904 4583 3904 4558 3904 4557 3905 4556 3905 4582 3905 4558 3906 4584 3906 3965 3906 4557 3907 4582 3907 4583 3907 3965 3908 4585 3908 3963 3908 4558 3909 4583 3909 4584 3909 3976 3910 4586 3911 3993 3912 4585 3913 3965 3913 4584 3913 3968 3914 3975 3914 4544 3914 4585 3915 3976 3915 3963 3915 3974 3916 4559 3916 3975 3916 4561 3917 4587 3917 4033 3917 4587 3918 4562 3918 4033 3918 4562 3919 4039 3919 4034 3919 4565 3870 4546 3828 4528 3787 4566 3872 4568 3874 4529 3789 4546 3828 4565 3870 4588 3920 4252 3792 4530 3790 4248 3878 4246 3921 4242 3268 4250 3275 4589 3922 4590 3923 4591 3924 4547 3829 4592 3925 4572 3879 4572 3879 4593 3926 4265 3290 4247 3274 4249 3273 4251 3278 4594 3927 4595 3928 4596 3929 4597 3930 4598 3931 4575 3883 4598 3931 4599 3932 4576 3884 4501 3713 4601 3933 4499 3711 4524 3767 4601 3933 4602 3934 4551 3935 3883 3935 3887 3935 3943 3936 3882 3936 3883 3936 4603 3937 3883 3937 3882 3937 3883 3938 4603 3938 4577 3938 4577 3939 4603 3939 3878 3939 3878 3940 4603 3940 4604 3940 3986 3941 3950 3941 3987 3941 3986 3942 4579 3942 3950 3942 4579 3943 3986 3943 4605 3943 4605 3944 4580 3944 4579 3944 4581 3945 4605 3945 4606 3945 4605 3946 4581 3946 4580 3946 4556 3947 4606 3947 4607 3947 4606 3948 4556 3948 4581 3948 4607 3949 4582 3949 4556 3949 4608 3950 4583 3950 4582 3950 4608 3951 4584 3951 4583 3951 4584 3952 4609 3952 4585 3952 4586 3953 3976 3953 4585 3953 4609 3954 4586 3954 4585 3954 3974 3955 3992 3955 4559 3955 3993 3912 3974 3956 3976 3910 4610 3957 4611 3957 4561 3957 4587 3958 4561 3958 4611 3958 4562 3959 4587 3959 4611 3959 4039 3960 4562 3960 4612 3960 4562 3961 4611 3961 4612 3961 4563 3962 4039 3962 4613 3962 4039 3963 4612 3964 4613 3965 4614 3966 4564 3868 4563 3867 4563 3867 4613 3965 4614 3966 4615 3967 4565 3870 4564 3868 4564 3868 4614 3966 4615 3967 4588 3920 4566 3872 4546 3828 4616 3968 4565 3870 4615 3967 4588 3920 4565 3870 4616 3968 4566 3872 4588 3920 4617 3969 4246 3970 4618 3970 4243 3970 4568 3874 4566 3872 4619 3971 4242 3268 4620 3972 4567 3873 4618 3973 4568 3874 4619 3971 4567 3873 4621 3974 4592 3925 4246 3975 4248 3975 4618 3975 4592 3925 4622 3976 4593 3926 4247 3274 4246 3921 4250 3275 4593 3926 4623 3977 4548 3830 4250 3275 4547 3829 4249 3273 4624 3978 4506 3729 4625 3979 4531 3791 4547 3829 4572 3879 4626 3980 4627 3981 4506 3729 4572 3879 4265 3290 4264 3289 4599 3932 4628 3982 4535 3797 4479 3675 4263 3288 4265 3290 4480 3676 4479 3675 4532 3794 4601 3933 4524 3767 4499 3711 4484 3680 4532 3794 4509 3732 4602 3934 4550 3885 4524 3767 4500 3712 4509 3732 4501 3713 4453 3626 4550 3885 4629 3983 4602 3934 4629 3983 4550 3885 4300 3329 4453 3626 4629 3983 4607 3984 4608 3984 4582 3984 4608 3985 4630 3985 4584 3985 4584 3986 4630 3987 4609 3988 4630 3989 4631 3989 4609 3989 4631 3990 4632 3990 4586 3990 4631 3991 4586 3991 4609 3991 3993 3992 3992 3992 3974 3992 4586 3993 4632 3993 3993 3993 3991 3994 3993 3994 4632 3994 4634 3995 4611 3996 4610 3997 4612 3998 4611 3998 4635 3998 4611 3999 4633 3999 4635 3999 4613 3965 4636 4000 4614 3966 4612 3964 4635 4001 4637 4002 4614 3966 4638 4003 4615 3967 4613 3965 4637 4002 4636 4000 4615 3967 4639 4004 4616 3968 4614 3966 4636 4000 4638 4003 4617 3969 4588 3920 4616 3968 4639 4004 4615 3967 4638 4003 4617 3969 4619 3971 4566 3872 4640 4005 4616 3968 4639 4004 4248 3878 4568 3874 4618 3973 4617 3969 4616 3968 4640 4005 4236 3262 4618 3973 4619 3971 4237 3263 4619 3971 4617 3969 4239 3265 4245 3271 4241 3267 4619 3971 4237 3263 4236 3262 4245 3271 4641 4006 4620 3972 4236 4007 4243 4007 4618 4007 4641 4006 4642 4008 4621 3974 4242 3268 4246 3921 4243 3269 4259 3285 4622 3976 4642 4008 4250 3275 4242 3268 4567 3873 4597 3930 4623 3977 4259 3285 4567 3873 4592 3925 4547 3829 4573 3881 4643 4009 4644 4010 4572 3879 4592 3925 4593 3926 4300 3329 4645 4011 4506 3729 4548 3830 4265 3290 4593 3926 4599 3932 4534 3796 4549 3831 4532 3794 4479 3675 4548 3830 4549 3831 4600 4012 4501 3713 4601 3933 4600 4012 4646 4013 4634 3995 4610 3997 4647 4014 4648 4015 4633 4015 4634 4015 4634 3995 4633 4016 4611 3996 4648 4017 4649 4017 4633 4017 4633 4018 4649 4018 4635 4018 4649 4019 4650 4019 4635 4019 4612 3964 4637 4002 4613 3965 4635 4001 4650 4020 4637 4002 4637 4002 4650 4020 4651 4021 4652 4022 4636 4000 4651 4021 4636 4000 4637 4002 4651 4021 4653 4023 4639 4004 4638 4003 4653 4023 4638 4003 4652 4022 4237 3263 4617 3969 4640 4005 4654 4024 4639 4004 4653 4023 4225 3251 4640 4005 4654 4024 4639 4004 4654 4024 4640 4005 4228 3254 4041 3062 4219 3245 4640 4005 4225 3251 4237 3263 4655 4025 4238 3264 4235 3261 4225 3251 4232 3258 4237 3263 4244 3270 4655 4025 4590 3923 4236 3262 4232 3258 4240 3266 4244 3270 4589 3922 4641 4006 4240 3266 4241 3267 4243 3269 4589 3922 4260 3286 4642 4008 4620 3972 4242 3268 4241 3267 4656 4026 4657 4027 4571 3877 4620 3972 4621 3974 4567 3873 4261 3287 4658 4028 4597 3930 4622 3976 4592 3925 4621 3974 4658 4028 4628 3982 4598 3931 4593 3926 4622 3976 4623 3977 4659 4029 4481 3677 4660 4030 4623 3977 4575 3883 4548 3830 4600 4012 4601 3933 4501 3713 4575 3883 4576 3884 4532 3794 4646 4013 4602 3934 4601 3933 4509 3732 4576 3884 4549 3831 4646 4013 4629 3983 4602 3934 4652 4022 4651 4021 4661 4031 4662 4032 4652 4022 4661 4031 4638 4003 4636 4000 4652 4022 4652 4022 4662 4032 4653 4023 4662 4032 4663 4033 4653 4023 4664 4034 4662 4032 4665 4035 4223 3249 4654 4024 4663 4033 4663 4033 4654 4024 4653 4023 4666 4036 4667 4037 4668 4038 4225 3251 4654 4024 4223 3249 4667 4037 4669 4039 4235 3261 4232 3258 4225 3251 4224 3250 4669 4039 4670 4040 4655 4025 4240 3266 4232 3258 4231 3257 4670 4040 4671 4041 4590 3923 4240 3266 4239 3265 4241 3267 4672 4042 4255 3280 4673 4043 4241 3267 4245 3271 4620 3972 4591 3924 4674 4044 4260 3286 4641 4006 4621 3974 4620 3972 4674 4044 4675 4045 4261 3287 4622 3976 4621 3974 4642 4008 4675 4045 4676 4046 4658 4028 4259 3285 4623 3977 4622 3976 4676 4046 4482 3678 4628 3982 4597 3930 4575 3883 4623 3977 4482 3678 4677 4047 4535 3797 4598 3931 4576 3884 4575 3883 4599 3932 4549 3831 4576 3884 4549 3831 4534 3796 4600 4012 4646 4013 4600 4012 4533 3795 4110 3135 4678 4048 3971 3026 4122 3148 4076 3097 4075 3096 4076 3097 4122 3148 4121 3147 4121 3147 4120 3146 4124 3150 4126 3156 4123 3149 4117 3143 4679 4049 4124 3150 4123 3149 4127 3159 4679 4049 4123 3149 4130 3153 4679 4049 4127 3159 4129 3154 4130 3153 4127 3159 4680 4050 4664 4034 4665 4035 4042 3063 4663 4033 4664 4034 4663 4033 4662 4032 4664 4034 4668 4038 4229 3255 4221 3247 4663 4033 4042 3063 4223 3249 4227 3253 4234 3260 4231 3257 4226 3252 4224 3250 4223 3249 4681 4051 4669 4039 4666 4036 4227 3253 4231 3257 4224 3250 4682 4052 4670 4040 4681 4051 4239 3265 4231 3257 4234 3260 4570 3876 4671 4041 4682 4052 4245 3271 4239 3265 4238 3264 4671 4041 4569 3875 4591 3924 4245 3271 4244 3270 4641 4006 4657 4027 4674 4044 4569 3875 4589 3922 4642 4008 4641 4006 4675 4045 4657 4027 4683 4053 4259 3285 4642 4008 4260 3286 4676 4046 4683 4053 4483 3679 4259 3285 4261 3287 4597 3930 4645 4011 4684 4054 4644 4010 4597 3930 4658 4028 4598 3931 4534 3796 4533 3795 4600 4012 4598 3931 4628 3982 4599 3932 4533 3795 4685 4055 4646 4013 4599 3932 4535 3797 4534 3796 4300 3329 4629 3983 4685 4055 4646 4013 4685 4055 4629 3983 4078 4056 4084 4056 4080 4056 4107 4057 3970 3025 3940 3106 3970 3025 4107 4057 4111 3136 4110 3135 3971 3026 3970 3025 4075 3096 4077 3098 4111 3136 4686 4058 4687 4059 4688 4060 4122 3148 4075 3096 4117 3143 4689 4061 4690 4062 4691 4063 4120 3146 4122 3148 4117 3143 4692 4064 4693 4065 4694 4066 4123 3149 4120 3146 4117 3143 4693 4065 4133 4067 4695 4068 4123 3149 4126 3156 4127 3159 4696 4069 4128 3151 4133 4067 4126 3156 4134 3158 4129 3154 4696 4069 4697 4070 4132 3157 4697 4070 4148 3173 4698 4071 4134 3158 4135 3160 4137 3162 4699 4072 4142 3167 4135 3160 4137 3162 4135 3160 4142 3167 4161 3186 4150 3175 4699 4072 4150 3175 4142 3167 4699 4072 4700 4073 4701 4074 4702 4075 4157 3182 4150 3175 4161 3186 4155 3180 4702 4075 4165 3191 4162 3188 4160 3185 4168 3194 4162 3188 4163 3189 4159 3184 4703 4076 4704 4077 4680 4050 4664 4034 4704 4077 4040 3061 4680 4050 4704 4077 4664 4034 4041 3062 4230 3256 4226 3252 4040 3061 4042 3063 4664 4034 4705 4078 4706 4079 4707 4080 4042 3063 4041 3062 4226 3252 4705 4078 4666 4036 4668 4038 4226 3252 4230 3256 4227 3253 4708 4081 4681 4051 4666 4036 4233 3259 4234 3260 4227 3253 4709 4082 4682 4052 4681 4051 4235 3261 4238 3264 4234 3260 4710 4083 4570 3876 4682 4052 4244 3270 4238 3264 4655 4025 4711 4084 4571 3877 4570 3876 4244 3270 4590 3923 4589 3922 4712 4085 4713 4086 4594 3927 4591 3924 4260 3286 4589 3922 4683 4053 4656 4026 4714 4087 4261 3287 4260 3286 4674 4044 4483 3679 4714 4087 4660 4030 4261 3287 4675 4045 4658 4028 4481 3677 4715 4088 4677 4047 4628 3982 4658 4028 4676 4046 4535 3797 4628 3982 4482 3678 4535 3797 4677 4047 4533 3795 4084 3129 4107 4057 3940 3106 4108 3132 4107 4057 4084 3129 4719 4089 4720 4090 4721 4091 4108 3132 4112 3141 4107 4057 4722 4092 4723 4093 4724 4094 4111 3136 4107 4057 4112 3141 4725 4095 4726 4096 4727 4097 4728 4098 4729 4099 4730 4100 4731 4101 4732 4102 4729 4099 4733 4103 4734 4104 4735 4105 4117 3143 4111 3136 4116 3142 4126 3156 4119 3145 4125 3152 4126 3156 4117 3143 4119 3145 4736 4106 4737 4107 4738 4108 4741 4109 4742 4110 4740 4111 4135 3160 4132 3157 4698 4071 4135 3160 4126 3156 4132 3157 4699 4072 4698 4071 4147 3172 4161 3186 4147 3172 4156 3181 4699 4072 4135 3160 4698 4071 4743 4112 4744 4113 4745 4114 4161 3186 4699 4072 4147 3172 4156 3181 4158 3183 4161 3186 4748 4115 4749 4116 4747 4117 4167 3193 4750 4118 4751 4119 4164 3190 4174 3200 4163 3189 4162 3188 4168 3194 4164 3190 4173 3199 4751 4119 4183 3209 4174 3200 4164 3190 4169 3195 4182 3208 4176 3202 4173 3199 4173 3199 4176 3202 4174 3200 4752 4120 4753 4121 4754 4122 4755 4123 4205 3231 4703 4076 4205 3231 4218 3244 4704 4077 4704 4077 4703 4076 4205 3231 4756 4124 4757 4125 4758 4126 4040 3061 4704 4077 4218 3244 4759 4127 4760 4128 4761 4129 4040 3061 4219 3245 4041 3062 4233 3259 4229 3255 4667 4037 4230 3256 4041 3062 4228 3254 4762 4130 4763 4131 4764 4132 4230 3256 4229 3255 4233 3259 4764 4132 4765 4133 4766 4134 4233 3259 4667 4037 4235 3261 4766 4134 4767 4135 4673 4043 4235 3261 4669 4039 4655 4025 4673 4043 4711 4084 4710 4083 4670 4040 4590 3923 4655 4025 4255 3280 4574 3882 4711 4084 4591 3924 4590 3923 4671 4041 4574 3882 4656 4026 4571 3877 4591 3924 4569 3875 4674 4044 4573 3881 4714 4087 4656 4026 4657 4027 4675 4045 4674 4044 4714 4087 4644 4010 4660 4030 4683 4053 4676 4046 4675 4045 4677 4047 4715 4088 4533 3795 4676 4046 4483 3679 4482 3678 4482 3678 4481 3677 4677 4047 4300 3329 4685 4055 4715 4088 4533 3795 4715 4088 4685 4055 4064 3085 4108 3132 4084 3129 4106 3133 4108 3132 4064 3085 4071 3092 4073 3094 4720 4090 4768 4136 4722 4092 4072 3093 4769 4137 4070 3091 4724 4094 4109 3134 4112 3141 4108 3132 4069 3090 4770 4138 4771 4139 4112 3141 4109 3134 4115 3140 4116 3142 4115 3140 4118 3144 4115 3140 4116 3142 4112 3141 4772 4140 4688 4060 4734 4104 4773 4141 4691 4063 4687 4059 4118 3144 4119 3145 4116 3142 4774 4142 4692 4064 4690 4062 4775 4143 4776 4144 4777 4145 4125 3152 4119 3145 4118 3144 4132 3157 4128 3151 4696 4069 4128 3151 4132 3157 4125 3152 4138 3163 4140 3165 4742 4110 4144 3169 4143 3168 4139 3164 4153 3178 4152 3177 4145 3170 4697 4070 4698 4071 4132 3157 4151 3176 4778 4146 4779 4147 4147 3172 4698 4071 4148 3173 4160 3185 4155 3180 4165 3191 4149 3174 4156 3181 4147 3172 4168 3194 4165 3191 4167 3193 4155 3180 4160 3185 4156 3181 4169 3195 4167 3193 4751 4119 4165 3191 4168 3194 4160 3185 4780 4148 4179 3205 4170 3196 4167 3193 4169 3195 4168 3194 4781 4149 4753 4121 4178 3204 4751 4119 4173 3199 4169 3195 4752 4120 4782 4150 4783 4151 4183 3209 4182 3208 4173 3199 4784 4152 4785 4153 4786 4154 4184 3210 4182 3208 4181 3207 4181 3207 4187 3213 4053 3074 4181 3207 4190 3216 4184 3210 4052 3073 4191 3217 4053 3074 4051 3072 4198 3224 4047 3068 4191 3217 4198 3224 4192 3218 4755 4123 4045 3066 4044 3065 4218 3244 4204 3230 4222 3248 4044 3065 4205 3231 4755 4123 4787 4155 4758 4126 4211 3237 4218 3244 4205 3231 4204 3230 4228 3254 4220 3246 4221 3247 4219 3245 4218 3244 4222 3248 4788 4156 4789 4157 4761 4129 4220 3246 4228 3254 4219 3245 4789 4157 4790 4158 4791 4159 4229 3255 4228 3254 4221 3247 4792 4160 4793 4161 4763 4131 4667 4037 4229 3255 4668 4038 4794 4162 4795 4163 4765 4133 4667 4037 4666 4036 4669 4039 4767 4135 4796 4164 4797 4165 4681 4051 4670 4040 4669 4039 4798 4166 4799 4167 4672 4042 4682 4052 4671 4041 4670 4040 4800 4168 4256 3281 4801 4169 4569 3875 4671 4041 4570 3876 4643 4009 4257 3282 4594 3927 4657 4027 4569 3875 4571 3877 4645 4011 4643 4009 4506 3729 4656 4026 4683 4053 4657 4027 4684 4054 4659 4029 4660 4030 4483 3679 4683 4053 4714 4087 4483 3679 4660 4030 4481 3677 3973 3109 4087 3128 3972 3033 4089 4170 4106 3133 4063 3084 4063 3084 4106 3133 4064 3085 4063 3084 3973 3109 4089 4170 4802 4171 4717 4172 4716 4173 4719 4089 4721 4091 4718 4174 4803 3139 4109 3134 4106 3133 4089 4170 4803 3139 4106 3133 4804 4175 4726 4096 4725 4095 4109 3134 4803 3139 4114 3138 4805 4176 4729 4099 4728 4098 4806 4177 4735 4105 4732 4102 4114 3138 4695 4068 4118 3144 4695 4068 4128 3151 4118 3144 4128 3151 4695 4068 4133 4067 4741 4109 4740 4111 4739 4178 4807 4179 4697 4070 4696 4069 4133 4067 4807 4179 4696 4069 4808 4180 4148 3173 4697 4070 4807 4179 4808 4180 4697 4070 4809 4181 4149 3174 4148 3173 4808 4180 4809 4181 4148 3173 4700 4073 4155 3180 4149 3174 4149 3174 4809 4181 4700 4073 4155 3180 4700 4073 4702 4075 4810 4182 4747 4117 4746 4183 4165 3191 4702 4075 4166 3192 4749 4116 4811 4184 4171 3197 4166 3192 4750 4118 4167 3193 4812 4185 4183 3209 4751 4119 4750 4118 4812 4185 4751 4119 4185 3211 4181 3207 4183 3209 4812 4185 4185 3211 4183 3209 4813 4186 4785 4153 4784 4152 4181 3207 4185 3211 4187 3213 4814 4187 4195 3221 4194 3220 4053 3074 4187 3213 4054 3075 4197 3223 4815 4188 4201 3227 4052 3073 4054 3075 4199 3225 4200 3226 4816 4189 4050 3071 4817 4190 4818 4191 4819 4192 4051 3072 4045 3066 4755 4123 4045 3066 4046 3067 4043 3064 4820 4193 4208 3234 4207 3233 4043 3064 4203 3229 4044 3065 4821 4194 4222 3248 4204 3230 4203 3229 4821 4194 4204 3230 4217 3243 4220 3246 4222 3248 4821 4194 4217 3243 4222 3248 4757 4125 4822 4195 4759 4127 4217 3243 4216 3242 4220 3246 4706 4079 4668 4038 4221 3247 4216 3242 4706 4079 4221 3247 4791 4159 4823 4196 4763 4131 4706 4079 4705 4078 4668 4038 4793 4161 4824 4197 4765 4133 4708 4081 4666 4036 4705 4078 4795 4163 4825 4198 4767 4135 4709 4082 4681 4051 4708 4081 4797 4165 4826 4199 4672 4042 4682 4052 4709 4082 4710 4083 4799 4167 4827 4200 4256 3281 4570 3876 4710 4083 4711 4084 4256 3281 4800 4168 4712 4085 4711 4084 4574 3882 4571 3877 4594 3927 4596 3929 4625 3979 4574 3882 4573 3881 4656 4026 4506 3729 4508 3731 4626 3980 4573 3881 4644 4010 4714 4087 4684 4054 4660 4030 4644 4010 4300 3329 4715 4088 4659 4029 4481 3677 4659 4029 4715 4088 3973 3109 4063 3084 4086 3127 4088 3110 4089 4170 3973 3109 4089 4170 4088 3110 4828 4201 4803 3139 4089 4170 4828 4201 4803 3139 4828 4201 4829 4202 4113 3137 4803 3139 4829 4202 4830 4203 4771 4139 4770 4138 4114 3138 4113 3137 4831 4204 4114 3138 4831 4204 4832 4205 4695 4068 4114 3138 4832 4205 4694 4066 4695 4068 4832 4205 4833 4206 4777 4145 4776 4144 4695 4068 4694 4066 4693 4065 4133 4067 4693 4065 4834 4207 4807 4179 4133 4067 4835 4208 4133 4067 4834 4207 4835 4208 4808 4180 4807 4179 4836 4209 4807 4179 4835 4208 4836 4209 4809 4181 4808 4180 4837 4210 4837 4210 4808 4180 4836 4209 4838 4211 4700 4073 4809 4181 4838 4211 4809 4181 4837 4210 4700 4073 4838 4211 4701 4074 4166 3192 4702 4075 4839 4212 4702 4075 4701 4074 4839 4212 4750 4118 4166 3192 4840 4213 4166 3192 4839 4212 4840 4213 4812 4185 4750 4118 4841 4214 4750 4118 4840 4213 4841 4214 4185 3211 4812 4185 4842 4215 4812 4185 4841 4214 4842 4215 4843 4216 4783 4151 4782 4150 4185 3211 4842 4215 4186 3212 4054 3075 4187 3213 4844 4217 4187 3213 4186 3212 4844 4217 4199 3225 4054 3075 4845 4218 4054 3075 4844 4217 4845 4218 4046 3067 4199 3225 4846 4219 4199 3225 4845 4218 4846 4219 4049 3070 4043 3064 4046 3067 4049 3070 4046 3067 4846 4219 4847 4220 4819 4192 4818 4191 4043 3064 4049 3070 4048 3069 4821 4194 4203 3229 4848 4221 4203 3229 4048 3069 4848 4221 4217 3243 4821 4194 4849 4222 4821 4194 4848 4221 4849 4222 4850 4223 4758 4126 4787 4155 4217 3243 4849 4222 4215 3241 4706 4079 4216 3242 4851 4224 4216 3242 4215 3241 4851 4224 4852 4225 4789 4157 4788 4156 4706 4079 4851 4224 4707 4080 4708 4081 4705 4078 4762 4130 4707 4080 4762 4130 4705 4078 4709 4082 4708 4081 4764 4132 4762 4130 4764 4132 4708 4081 4710 4083 4709 4082 4766 4134 4764 4132 4766 4134 4709 4082 4826 4199 4853 4226 4672 4042 4673 4043 4710 4083 4766 4134 4827 4200 4854 4227 4256 3281 4711 4084 4673 4043 4255 3280 4713 4086 4855 4228 4594 3927 4574 3882 4255 3280 4257 3282 4624 3978 4856 4229 4506 3729 4573 3881 4257 3282 4643 4009 4506 3729 4627 3981 4300 3329 4644 4010 4643 4009 4645 4011 4300 3329 4659 4029 4684 4054 3973 3109 3972 3033 3979 3032 4056 3077 3979 3032 3980 3124 4104 4230 4088 3110 3983 3030 4067 3088 4088 3110 4104 4230 4083 3104 4828 4201 4088 3110 4083 3104 4088 3110 4067 3088 4717 4172 4828 4201 4083 3104 4721 4091 4829 4202 4828 4201 4721 4091 4828 4201 4717 4172 4721 4091 4073 3094 4829 4202 4722 4092 4113 3137 4829 4202 4073 3094 4722 4092 4829 4202 4070 3091 4113 3137 4722 4092 4771 4139 4831 4204 4113 3137 4771 4139 4113 3137 4070 3091 4726 4096 4831 4204 4771 4139 4729 4099 4832 4205 4831 4204 4729 4099 4831 4204 4726 4096 4735 4105 4832 4205 4729 4099 4688 4060 4694 4066 4832 4205 4735 4105 4688 4060 4832 4205 4688 4060 4691 4063 4694 4066 4857 4231 4692 4064 4774 4142 4692 4064 4694 4066 4691 4063 4777 4145 4834 4207 4693 4065 4777 4145 4693 4065 4692 4064 4737 4107 4835 4208 4834 4207 4737 4107 4834 4207 4777 4145 4740 4111 4836 4209 4835 4208 4740 4111 4835 4208 4737 4107 4140 3165 4837 4210 4836 4209 4740 4111 4140 3165 4836 4209 4143 3168 4838 4211 4837 4210 4140 3165 4143 3168 4837 4210 4152 3177 4701 4074 4838 4211 4152 3177 4838 4211 4143 3168 4779 4147 4839 4212 4701 4074 4779 4147 4701 4074 4152 3177 4744 4113 4840 4213 4839 4212 4744 4113 4839 4212 4779 4147 4747 4117 4841 4214 4840 4213 4747 4117 4840 4213 4744 4113 4171 3197 4842 4215 4841 4214 4747 4117 4171 3197 4841 4214 4171 3197 4179 3205 4842 4215 4753 4121 4186 3212 4842 4215 4753 4121 4842 4215 4179 3205 4783 4151 4844 4217 4186 3212 4783 4151 4186 3212 4753 4121 4785 4153 4845 4218 4844 4217 4785 4153 4844 4217 4783 4151 4195 3221 4846 4219 4845 4218 4195 3221 4845 4218 4785 4153 4201 3227 4049 3070 4846 4219 4195 3221 4201 3227 4846 4219 4858 4232 4050 3071 4816 4189 4050 3071 4049 3070 4201 3227 4819 4192 4848 4221 4048 3069 4819 4192 4048 3069 4050 3071 4208 3234 4849 4222 4848 4221 4208 3234 4848 4221 4819 4192 4212 3238 4215 3241 4849 4222 4212 3238 4849 4222 4208 3234 4758 4126 4851 4224 4215 3241 4758 4126 4215 3241 4212 3238 4759 4127 4707 4080 4851 4224 4759 4127 4851 4224 4758 4126 4789 4157 4762 4130 4707 4080 4789 4157 4707 4080 4759 4127 4859 4233 4763 4131 4823 4196 4763 4131 4762 4130 4789 4157 4860 4234 4765 4133 4824 4197 4765 4133 4764 4132 4763 4131 4861 4235 4767 4135 4825 4198 4766 4134 4765 4133 4767 4135 4862 4236 4672 4042 4853 4226 4673 4043 4767 4135 4672 4042 4863 4237 4256 3281 4854 4227 4672 4042 4256 3281 4255 3280 4864 4238 4594 3927 4855 4228 4256 3281 4594 3927 4257 3282 4865 4239 4506 3729 4856 4229 4506 3729 4643 4009 4594 3927 4300 3329 4684 4054 4645 4011 3979 3032 4056 3077 3981 3028 3979 3032 3983 3030 4088 3110 4105 3126 4104 4230 3983 3030 4065 3086 4104 4230 4105 3126 4067 3088 4104 4230 4065 3086 4081 3102 4067 3088 4066 3087 4083 3104 4067 3088 4081 3102 4716 4173 4083 3104 4082 3103 4717 4172 4083 3104 4716 4173 4718 4174 4717 4172 4802 4171 4718 4174 4721 4091 4717 4172 4720 4090 4073 3094 4721 4091 4072 3093 4722 4092 4073 3094 4723 4093 4722 4092 4768 4136 4724 4094 4070 3091 4722 4092 4068 3089 4070 3091 4769 4137 4771 4139 4070 3091 4069 3090 4727 4097 4771 4139 4830 4203 4726 4096 4771 4139 4727 4097 4730 4100 4726 4096 4804 4175 4729 4099 4726 4096 4730 4100 4731 4101 4729 4099 4805 4176 4732 4102 4735 4105 4729 4099 4733 4103 4735 4105 4806 4177 4734 4104 4688 4060 4735 4105 4686 4058 4688 4060 4772 4140 4687 4059 4691 4063 4688 4060 4689 4061 4691 4063 4773 4141 4692 4064 4691 4063 4690 4062 4775 4143 4692 4064 4857 4231 4777 4145 4692 4064 4775 4143 4738 4108 4777 4145 4833 4206 4737 4107 4777 4145 4738 4108 4739 4178 4737 4107 4736 4106 4740 4111 4737 4107 4739 4178 4742 4110 4140 3165 4740 4111 4139 3164 4143 3168 4140 3165 4145 3170 4152 3177 4143 3168 4779 4147 4152 3177 4151 3176 4745 4114 4779 4147 4778 4146 4744 4113 4779 4147 4745 4114 4746 4183 4744 4113 4743 4112 4747 4117 4744 4113 4746 4183 4748 4115 4747 4117 4810 4182 4749 4116 4171 3197 4747 4117 4172 3198 4171 3197 4811 4184 4170 3196 4179 3205 4171 3197 4180 3206 4179 3205 4780 4148 4178 3204 4753 4121 4179 3205 4754 4122 4753 4121 4781 4149 4783 4151 4753 4121 4752 4120 4786 4154 4783 4151 4843 4216 4785 4153 4783 4151 4786 4154 4193 3219 4785 4153 4813 4186 4195 3221 4785 4153 4193 3219 4196 3222 4195 3221 4814 4187 4197 3223 4201 3227 4195 3221 4202 3228 4201 3227 4815 4188 4050 3071 4201 3227 4200 3226 4817 4190 4050 3071 4858 4232 4819 4192 4050 3071 4817 4190 4206 3232 4819 4192 4847 4220 4208 3234 4819 4192 4206 3232 4209 3235 4208 3234 4820 4193 4210 3236 4212 3238 4208 3234 4213 3239 4212 3238 4214 3240 4758 4126 4212 3238 4211 3237 4756 4124 4758 4126 4850 4223 4757 4125 4759 4127 4758 4126 4760 4128 4759 4127 4822 4195 4789 4157 4759 4127 4761 4129 4790 4158 4789 4157 4852 4225 4763 4131 4789 4157 4791 4159 4792 4160 4763 4131 4859 4233 4765 4133 4763 4131 4793 4161 4794 4162 4765 4133 4860 4234 4767 4135 4765 4133 4795 4163 4796 4164 4767 4135 4861 4235 4767 4135 4797 4165 4672 4042 4798 4166 4672 4042 4862 4236 4672 4042 4799 4167 4256 3281 4801 4169 4256 3281 4863 4237 4256 3281 4712 4085 4594 3927 4595 3928 4594 3927 4864 4238 4594 3927 4625 3979 4506 3729 4507 3730 4506 3729 4865 4239 5105 4240 4866 4241 4867 4242 7082 4243 7297 4244 4870 4245 7297 4244 7346 4246 4872 4247 4953 4248 4954 4249 6965 4250 4873 4251 5018 4252 4874 4253 4895 4254 4896 4255 4897 4256 4897 4256 4899 4257 4900 4258 4898 4259 4901 4260 4896 4255 4896 4255 4902 4261 4898 4259 4903 4262 4896 4255 4901 4260 4904 4263 4905 4264 4906 4265 4907 4266 4908 4267 4909 4268 4901 4260 4910 4269 4903 4262 4911 4270 4912 4271 4903 4262 4903 4262 4910 4269 4911 4270 4911 4270 4913 4272 4912 4271 4913 4272 4914 4273 4912 4271 4912 4271 4914 4273 4909 4268 4916 4274 4909 4268 4914 4273 4917 4275 4918 4276 4919 4277 4916 4274 4920 4278 4909 4268 4915 4279 4909 4268 4921 4280 4909 4268 4920 4278 4907 4266 4922 4281 4923 4282 4924 4283 4908 4267 4925 4284 4921 4280 4926 4285 4908 4267 4907 4266 4922 4281 4908 4267 4923 4282 4929 4286 4930 4287 4931 4288 4923 4282 4908 4267 4926 4285 4932 4289 4900 4258 4933 4290 4922 4281 4934 4291 4925 4284 4937 4292 4934 4291 4938 4293 4939 4294 4940 4295 4941 4296 4942 4297 4934 4291 4940 4295 4943 4298 4941 4296 4940 4295 4942 4297 4940 4295 4936 4299 4940 4295 4922 4281 4943 4298 4936 4299 4940 4295 4944 4300 4940 4295 4939 4294 4944 4300 4944 4300 4945 4301 4936 4299 4922 4281 4924 4283 4943 4298 4945 4301 4948 4302 4949 4303 4935 4304 4936 4299 4949 4303 4936 4299 4945 4301 4949 4303 4949 4303 4955 4305 4956 4306 4949 4303 4957 4307 4952 4308 4957 4307 4956 4306 4958 4309 4957 4307 4949 4303 4956 4306 4952 4308 4957 4307 4959 4310 4959 4310 4957 4307 4958 4309 4959 4310 4958 4309 4961 4311 4963 4312 4959 4310 4961 4311 4968 4313 4959 4310 4969 4314 4959 4310 4963 4312 4969 4314 4962 4315 4968 4313 4971 4316 4970 4317 4968 4313 4969 4314 4976 4318 4968 4313 4970 4317 4977 4319 4978 4320 4974 4321 4979 4322 4971 4316 4968 4313 4979 4322 4968 4313 4976 4318 4976 4318 4986 4323 4979 4322 4979 4322 4987 4324 4988 4325 4986 4323 4987 4324 4979 4322 4982 4326 4979 4322 4988 4325 4991 4327 4984 4328 4992 4329 4993 4330 4982 4326 4988 4325 5000 4331 4989 4332 4985 4333 4995 4334 4988 4325 4987 4324 4997 4335 4996 4336 4998 4337 4996 4336 4993 4330 4999 4338 5000 4331 4997 4335 5001 4339 4988 4325 4995 4334 5003 4340 5002 4341 5003 4340 5004 4342 4993 4330 5005 4343 5006 4344 4993 4330 5007 4345 5005 4343 5007 4345 5008 4346 5009 4347 5006 4344 4999 4338 4993 4330 5007 4345 5003 4340 5010 4348 5009 4347 5005 4343 5007 4345 5010 4348 5003 4340 5002 4341 5011 4349 5012 4350 4996 4336 5007 4345 5010 4348 5008 4346 4955 4305 4949 4303 4948 4302 7473 4351 5016 4351 7432 4351 7624 4352 5017 4352 7585 4352 5021 4353 5022 4353 5023 4353 5026 4354 5023 4354 5022 4354 5031 4355 5032 4355 5027 4355 5030 4356 4877 4356 5029 4356 5046 4357 5047 4358 5048 4359 5051 4360 5052 4360 5049 4360 5055 4361 5056 4362 5051 4363 5057 4364 5059 4365 5060 4366 5064 4367 5059 4365 5065 4368 5067 4369 5065 4368 5068 4370 5070 4371 5072 4372 5073 4373 5077 4374 5078 4375 5079 4376 5079 4376 5080 4377 5081 4378 5083 4379 5080 4377 5085 4380 5085 4380 5080 4377 5087 4381 5088 4382 5085 4380 5087 4381 5089 4383 5090 4384 5091 4385 5087 4381 5092 4386 5093 4387 5091 4385 5094 4388 5089 4383 5095 4389 5096 4390 5092 4386 5092 4386 5096 4390 5093 4387 5092 4386 5097 4391 5095 4389 5097 4391 5092 4386 5098 4392 5099 4393 5098 4392 5100 4394 5092 4386 5100 4394 5098 4392 5100 4394 5101 4395 5099 4393 5102 4396 5103 4397 5104 4398 5102 4396 5101 4395 5100 4394 5102 4396 5104 4398 5101 4395 5102 4396 5105 4240 5106 4399 5106 4399 5103 4397 5102 4396 5105 4240 5107 4400 5106 4399 5108 4401 5107 4400 5105 4240 5105 4240 5109 4402 5108 4401 5109 4402 5105 4240 4867 4242 4866 4241 5110 4403 4867 4242 5110 4403 4866 4241 5111 4404 4866 4241 5112 4405 5113 4406 5113 4406 5112 4405 5114 4407 5115 4408 5114 4407 5112 4405 5116 4409 5115 4408 5112 4405 5116 4409 5117 4410 5115 4408 5116 4409 5118 4411 5119 4412 5118 4411 5120 4413 5121 4414 5116 4409 5119 4412 5117 4410 5122 4415 5121 4414 5123 4416 5118 4411 5116 4409 5120 4413 5123 4416 5124 4417 5122 4415 5123 4416 5121 4414 5120 4413 5125 4418 5124 4417 5123 4416 5125 4418 5126 4419 5124 4417 5125 4418 5127 4420 5128 4421 5129 4422 5130 4423 5127 4420 5125 4418 5128 4421 5126 4419 5129 4422 5131 4424 5132 4425 5127 4420 5130 4423 5128 4421 5131 4424 5129 4422 5127 4420 5132 4425 5134 4426 5135 4427 5133 4428 5132 4425 5131 4424 5135 4427 5134 4426 5136 4429 5135 4427 5136 4429 5137 4430 5137 4430 5138 4431 5139 4432 5138 4431 5137 4430 5136 4429 5139 4432 5140 4433 5141 4434 5139 4432 5141 4434 5142 4435 5143 4436 5142 4435 5141 4434 5143 4436 5144 4437 5142 4435 5144 4437 5145 4438 5146 4439 5145 4438 5144 4437 5143 4436 5147 4440 5146 4439 5148 4441 5148 4441 5149 4442 5147 4440 5148 4441 5150 4443 5149 4442 5149 4442 5150 4443 5151 4444 5151 4444 5150 4443 5152 4445 5153 4446 5151 4444 5152 4445 5154 4447 5155 4448 5156 4449 5153 4446 5152 4445 5154 4447 5156 4449 5155 4448 5157 4450 5157 4450 5155 4448 5158 4451 5159 4452 5157 4450 5158 4451 5158 4451 5160 4453 5159 4452 5158 4451 5161 4454 5160 4453 5160 4453 5161 4454 5162 4455 5163 4456 5164 4457 5165 4458 5164 4457 5162 4455 5165 4458 5163 4456 5166 4459 5167 4460 5167 4460 5164 4457 5163 4456 5167 4460 5166 4459 5168 4461 5169 4462 5168 4461 5166 4459 5170 4463 5169 4462 5166 4459 5170 4463 5171 4464 5169 4462 5171 4464 5172 4465 5173 4466 5172 4465 5171 4464 5170 4463 5174 4467 5175 4468 5176 4469 5172 4465 5174 4467 5173 4466 5175 4468 5177 4470 5176 4469 5177 4470 5175 4468 5178 4471 5178 4471 5175 4468 5179 4472 5180 4473 5178 4471 5179 4472 5181 4474 5182 4475 5180 4473 5180 4473 5179 4472 5181 4474 5183 4476 5184 4477 5185 4478 5186 4479 5182 4475 5181 4474 5187 4480 5188 4481 5189 4482 5148 4441 5146 4439 5145 4438 5087 4381 5093 4387 5088 4382 5139 4432 5138 4431 5140 4433 5079 4376 5078 4375 5072 4372 5190 4483 5068 4370 5070 4371 5053 4484 5057 4364 5191 4485 5134 4426 5132 4425 5133 4428 5192 4486 5193 4487 5053 4484 5194 4488 5193 4487 5195 4489 5195 4489 5199 4490 5194 4488 5199 4490 4895 4254 5194 4488 5201 4491 5202 4492 4932 4289 5203 4493 4902 4261 4896 4255 4895 4254 5203 4493 4896 4255 5154 4447 5156 4449 5153 4446 5162 4455 5161 4454 5165 4458 5174 4467 5176 4469 5173 4466 5186 4479 5205 4494 5206 4495 5205 4494 5207 4496 5208 4497 5206 4495 5182 4475 5186 4479 5209 4498 5207 4496 5205 4494 5205 4494 5208 4497 5206 4495 5209 4498 5210 4499 5211 4500 5211 4500 5207 4496 5209 4498 5212 4501 5213 4502 5214 4503 5210 4499 5213 4502 5211 4500 5215 4504 5216 4505 5217 4506 5216 4505 5215 4504 5214 4503 5189 4482 5188 4481 5218 4507 5217 4506 5219 4508 5218 4507 5187 4480 5220 4509 5183 4476 5221 4510 5222 4511 5223 4512 5221 4510 5185 4478 5184 4477 5224 4513 5225 4514 5226 4515 5222 4511 5224 4513 5223 4512 5227 4516 5228 4517 5229 4518 5229 4518 5225 4514 5224 4513 5230 4519 5231 4520 5232 4521 5232 4521 5227 4516 5230 4519 5233 4522 5234 4523 5231 4520 5235 4524 5231 4520 5234 4523 5236 4525 5233 4522 5237 4526 5233 4522 5236 4525 5238 4527 5237 4526 5239 4528 5240 4529 5236 4525 5237 4526 5241 4530 5242 4531 5243 4532 5239 4528 5239 4528 5244 4533 5240 4529 5245 4534 5242 4531 5246 4535 5247 4536 5243 4532 5242 4531 5246 4535 5248 4537 5249 4538 5245 4534 5246 4535 5249 4538 5250 4539 5251 4540 5252 4541 5252 4541 5251 4540 5248 4537 5253 4542 5254 4543 5255 4544 5254 4543 5253 4542 5252 4541 5256 4545 5257 4546 5258 4547 5255 4544 5254 4543 5258 4547 5259 4548 5260 4549 5261 4550 5256 4545 5260 4549 5257 4546 5262 4551 5261 4550 5263 4552 5262 4551 5259 4548 5261 4550 5279 4553 5280 4554 5281 4555 5283 4556 5284 4557 5285 4558 5284 4557 5281 4555 5285 4558 5270 4559 5269 4560 5266 4561 5265 4562 5264 4563 5288 4564 7803 4565 5290 4566 5289 4567 5290 4566 5291 4568 5289 4567 5297 4569 5298 4570 5294 4571 5304 4572 5301 4573 5299 4574 5305 4575 5307 4576 5308 4577 5312 4578 5313 4579 5314 4580 5315 4581 5316 4582 5317 4583 5314 4580 5315 4581 5318 4584 5320 4585 5322 4586 5324 4587 5329 4588 5330 4589 5331 4590 5332 4591 5333 4592 5334 4593 5335 4594 5336 4595 5337 4596 5338 4597 5331 4590 5339 4598 5331 4590 5340 4599 5341 4600 5342 4601 5343 4602 5344 4603 5345 4604 5346 4605 5347 4606 5348 4607 5339 4598 5341 4600 5349 4608 5350 4609 5351 4610 5349 4608 5352 4611 5353 4612 5252 4541 5350 4609 5354 4613 5355 4614 5356 4615 5357 4616 5358 4617 5359 4618 5360 4619 5358 4617 5361 4620 5362 4621 5360 4619 5359 4618 5364 4622 5348 4607 5365 4623 5344 4603 5366 4624 5367 4625 5368 4626 5344 4603 5365 4623 5367 4625 5369 4627 5366 4624 5370 4628 5371 4629 5363 4630 5340 4599 5372 4631 5373 4632 5370 4628 5374 4633 5375 4634 5376 4635 5359 4618 5377 4636 5375 4634 5378 4637 5379 4638 5380 4639 5378 4637 5381 4640 5376 4635 5382 4641 5383 4642 5384 4643 5384 4643 5345 4604 5379 4638 5385 4644 5386 4645 5387 4646 5388 4647 5382 4641 5386 4645 5372 4631 5370 4628 5368 4626 4996 4336 5012 4350 4998 4337 5007 4345 4988 4325 5003 4340 4982 4326 4996 4336 5392 4648 4971 4316 4982 4326 5392 4648 4979 4322 4982 4326 4971 4316 5393 4649 4962 4315 4973 4650 4959 4310 4968 4313 4962 4315 4951 4651 4935 4304 4952 4308 4952 4308 4959 4310 4962 4315 4942 4297 4935 4304 4938 4293 4931 4288 4947 4652 4946 4653 4935 4304 4949 4303 4952 4308 4925 4284 4937 4292 5395 4654 4936 4299 4935 4304 4942 4297 5395 4654 4919 4277 4921 4280 4922 4281 4940 4295 4934 4291 4919 4277 5396 4655 4915 4279 4912 4271 4915 4279 5397 4656 4908 4267 4922 4281 4925 4284 4896 4255 4903 4262 4899 4257 4908 4267 4921 4280 4909 4268 5203 4493 4895 4254 5204 4657 4909 4268 4915 4279 4912 4271 5204 4657 4895 4254 5199 4490 4912 4271 5397 4656 4903 4262 5194 4488 5053 4484 5193 4487 5192 4486 5053 4484 5054 4658 4899 4257 4903 4262 5397 4656 5054 4658 5053 4484 5191 4485 5191 4485 5057 4364 5058 4659 4897 4256 4896 4255 4899 4257 5058 4659 5057 4364 5060 4366 5060 4366 5059 4365 5064 4367 5398 4660 4895 4254 4897 4256 5068 4370 5065 4368 5059 4365 5067 4369 5068 4370 5190 4483 5399 4661 5194 4488 5398 4660 5190 4483 5070 4371 5071 4662 5071 4662 5070 4371 5073 4373 5400 4663 5053 4484 5399 4661 5073 4373 5072 4372 5074 4664 5401 4665 5057 4364 5400 4663 5074 4664 5072 4372 5078 4375 5401 4665 5059 4365 5057 4364 5079 4376 5082 4666 5077 4374 5082 4666 5079 4376 5081 4378 5402 4667 5068 4370 5059 4365 5081 4378 5080 4377 5083 4379 5403 4668 5070 4371 5068 4370 5404 4669 5080 4377 5405 4670 5070 4371 5406 4671 5072 4372 5407 4672 5087 4381 5404 4669 5079 4376 5072 4372 5408 4673 5405 4670 5080 4377 5079 4376 5409 4674 5100 4394 5407 4672 5087 4381 5080 4377 5404 4669 5092 4386 5087 4381 5407 4672 5410 4675 5105 4240 5409 4674 5100 4394 5092 4386 5407 4672 4866 4241 5410 4675 5411 4676 5102 4396 5100 4394 5409 4674 5111 4404 4866 4241 5113 4406 5409 4674 5105 4240 5102 4396 5116 4409 5411 4676 5412 4677 5410 4675 4866 4241 5105 4240 5120 4413 5412 4677 5413 4678 5411 4676 5112 4405 4866 4241 5123 4416 5413 4678 5414 4679 5411 4676 5116 4409 5112 4405 5125 4418 5414 4679 5415 4680 5412 4677 5120 4413 5116 4409 5131 4424 5415 4680 5416 4681 5413 4678 5123 4416 5120 4413 5133 4428 5416 4681 5417 4682 5134 4426 5417 4682 5418 4683 5414 4679 5125 4418 5123 4416 5418 4683 5419 4684 5136 4429 5138 4431 5419 4684 5420 4685 5415 4680 5127 4420 5125 4418 5140 4433 5420 4685 5421 4686 5415 4680 5131 4424 5127 4420 5422 4687 5423 4688 5143 4436 5416 4681 5133 4428 5131 4424 5424 4689 5145 4438 5423 4688 5417 4682 5134 4426 5133 4428 5425 4690 5148 4441 5424 4689 5418 4683 5136 4429 5134 4426 5425 4690 5426 4691 5150 4443 5419 4684 5138 4431 5136 4429 5426 4691 5427 4692 5152 4445 5420 4685 5140 4433 5138 4431 5428 4693 5154 4447 5427 4692 5421 4686 5141 4434 5140 4433 5429 4694 5155 4448 5428 4693 5422 4687 5143 4436 5141 4434 5429 4694 5430 4695 5158 4451 5423 4688 5145 4438 5143 4436 5430 4695 5431 4696 5161 4454 5424 4689 5148 4441 5145 4438 5431 4696 5432 4697 5165 4458 5425 4690 5150 4443 5148 4441 5433 4698 5163 4456 5432 4697 5426 4691 5152 4445 5150 4443 5434 4699 5166 4459 5433 4698 5427 4692 5154 4447 5152 4445 5434 4699 5435 4700 5170 4463 5428 4693 5155 4448 5154 4447 5436 4701 5172 4465 5435 4700 5429 4694 5158 4451 5155 4448 5437 4702 5174 4467 5436 4701 5430 4695 5161 4454 5158 4451 5437 4702 5438 4703 5175 4468 5431 4696 5165 4458 5161 4454 5438 4703 5439 4704 5179 4472 5432 4697 5163 4456 5165 4458 5440 4705 5181 4474 5439 4704 5433 4698 5166 4459 5163 4456 5441 4706 5186 4479 5440 4705 5434 4699 5170 4463 5166 4459 5441 4706 5442 4707 5205 4494 5435 4700 5172 4465 5170 4463 5443 4708 5209 4498 5442 4707 5436 4701 5174 4467 5172 4465 5214 4503 5213 4502 5210 4499 5174 4467 5437 4702 5175 4468 5212 4501 5214 4503 5215 4504 5175 4468 5438 4703 5179 4472 5219 4508 5217 4506 5216 4505 5181 4474 5179 4472 5439 4704 5219 4508 5189 4482 5218 4507 5440 4705 5186 4479 5181 4474 5220 4509 5187 4480 5189 4482 5186 4479 5441 4706 5205 4494 5220 4509 5184 4477 5183 4476 5209 4498 5205 4494 5442 4707 5222 4511 5221 4510 5184 4477 5443 4708 5210 4499 5209 4498 5226 4515 5223 4512 5224 4513 5444 4709 5214 4503 5210 4499 5228 4517 5225 4514 5229 4518 5445 4710 5216 4505 5214 4503 5229 4518 5230 4519 5227 4516 5446 4711 5219 4508 5216 4505 5235 4524 5232 4521 5231 4520 5447 4712 5189 4482 5219 4508 5238 4527 5234 4523 5233 4522 5448 4713 5220 4509 5189 4482 5241 4530 5237 4526 5240 4529 5449 4714 5184 4477 5220 4509 5243 4532 5244 4533 5239 4528 5450 4715 5222 4511 5184 4477 5245 4534 5247 4536 5242 4531 5451 4716 5224 4513 5222 4511 5246 4535 5252 4541 5248 4537 5452 4717 5229 4518 5224 4513 5253 4542 5250 4539 5252 4541 5453 4718 5230 4519 5229 4518 5254 4543 5256 4545 5258 4547 5454 4719 5231 4520 5230 4519 5260 4549 5256 4545 5261 4550 5455 4720 5233 4522 5231 4520 5261 4550 5369 4627 5263 4552 5456 4721 5233 4522 5455 4720 5237 4526 5456 4721 5457 4722 5458 4723 5459 4724 5369 4627 5369 4627 5459 4724 5263 4552 5460 4725 5239 4528 5457 4722 5242 4531 5460 4725 5461 4726 5370 4628 5462 4727 5458 4723 5458 4723 5369 4627 5370 4628 5350 4609 5246 4535 5461 4726 5353 4612 5463 4728 5464 4729 5361 4620 5355 4614 5362 4621 5370 4628 5373 4632 5462 4727 5354 4613 5387 4646 5254 4543 5011 4349 4996 4336 4999 4338 5007 4345 4993 4330 4988 4325 4996 4336 4997 4335 4985 4333 4982 4326 4993 4330 4996 4336 4973 4650 5392 4648 4985 4333 4971 4316 5392 4648 4973 4650 5393 4649 4972 4730 5468 4731 4962 4315 4971 4316 4973 4650 4960 4732 5470 4733 5469 4734 4962 4315 5393 4649 4952 4308 4950 4735 4938 4293 4951 4651 5393 4649 4951 4651 4952 4308 4935 4304 4951 4651 4938 4293 4937 4292 5471 4736 4930 4287 4930 4287 4917 4275 5395 4654 4938 4293 4934 4291 4942 4297 4925 4284 4934 4291 4937 4292 5396 4655 4933 4290 5397 4656 4933 4290 4899 4257 5397 4656 4925 4284 5395 4654 4921 4280 5202 4492 5473 4737 4900 4258 4921 4280 4919 4277 4915 4279 4895 4254 5398 4660 5194 4488 4915 4279 5396 4655 5397 4656 5194 4488 5399 4661 5053 4484 4933 4290 4900 4258 4899 4257 5053 4484 5400 4663 5057 4364 5473 4737 4897 4256 4900 4258 5059 4365 5401 4665 5402 4667 5474 4738 5398 4660 5473 4737 5068 4370 5402 4667 5403 4668 5475 4739 5399 4661 5474 4738 5475 4739 5400 4663 5399 4661 5070 4371 5403 4668 5406 4671 5476 4740 5401 4665 5400 4663 5072 4372 5406 4671 5408 4673 5477 4741 5402 4667 5401 4665 5079 4376 5408 4673 5405 4670 5478 4742 5403 4668 5402 4667 5406 4671 5403 4668 5480 4743 5481 4744 5404 4669 5479 4745 5482 4746 5408 4673 5406 4671 5408 4673 5483 4747 5405 4670 5484 4748 5407 4672 5481 4744 5404 4669 5405 4670 5479 4745 5407 4672 5404 4669 5481 4744 5485 4749 5409 4674 5484 4748 5409 4674 5407 4672 5484 4748 5486 4750 5410 4675 5485 4749 5410 4675 5409 4674 5485 4749 5487 4751 5412 4677 5486 4750 5488 4752 5413 4678 5487 4751 5411 4676 5410 4675 5486 4750 5489 4753 5414 4679 5488 4752 5490 4754 5415 4680 5489 4753 5412 4677 5411 4676 5486 4750 5491 4755 5416 4681 5490 4754 5413 4678 5412 4677 5487 4751 5492 4756 5417 4682 5491 4755 5493 4757 5418 4683 5492 4756 5414 4679 5413 4678 5488 4752 5494 4758 5419 4684 5493 4757 5495 4759 5420 4685 5494 4758 5415 4680 5414 4679 5489 4753 5496 4760 5421 4686 5495 4759 5141 4434 5421 4686 5422 4687 5490 4754 5416 4681 5415 4680 5422 4687 5496 4760 5497 4761 5491 4755 5417 4682 5416 4681 5423 4688 5497 4761 5498 4762 5492 4756 5418 4683 5417 4682 5424 4689 5498 4762 5499 4763 5493 4757 5419 4684 5418 4683 5425 4690 5499 4763 5500 4764 5494 4758 5420 4685 5419 4684 5426 4691 5500 4764 5501 4765 5495 4759 5421 4686 5420 4685 5427 4692 5501 4765 5502 4766 5496 4760 5422 4687 5421 4686 5428 4693 5502 4766 5503 4767 5497 4761 5423 4688 5422 4687 5429 4694 5503 4767 5504 4768 5498 4762 5424 4689 5423 4688 5430 4695 5504 4768 5505 4769 5499 4763 5425 4690 5424 4689 5431 4696 5505 4769 5506 4770 5500 4764 5426 4691 5425 4690 5432 4697 5506 4770 5507 4771 5501 4765 5427 4692 5426 4691 5433 4698 5507 4771 5508 4772 5502 4766 5428 4693 5427 4692 5434 4699 5508 4772 5509 4773 5503 4767 5429 4694 5428 4693 5435 4700 5509 4773 5510 4774 5504 4768 5430 4695 5429 4694 5436 4701 5510 4774 5511 4775 5505 4769 5431 4696 5430 4695 5437 4702 5511 4775 5512 4776 5506 4770 5432 4697 5431 4696 5513 4777 5439 4704 5514 4778 5507 4771 5433 4698 5432 4697 5515 4779 5440 4705 5513 4777 5508 4772 5434 4699 5433 4698 5516 4780 5441 4706 5515 4779 5509 4773 5435 4700 5434 4699 5517 4781 5442 4707 5516 4780 5510 4774 5436 4701 5435 4700 5511 4775 5437 4702 5436 4701 5210 4499 5443 4708 5444 4709 5437 4702 5512 4776 5438 4703 5214 4503 5444 4709 5445 4710 5439 4704 5438 4703 5514 4778 5216 4505 5445 4710 5446 4711 5513 4777 5440 4705 5439 4704 5219 4508 5446 4711 5447 4712 5440 4705 5515 4779 5441 4706 5189 4482 5447 4712 5448 4713 5442 4707 5441 4706 5516 4780 5220 4509 5448 4713 5449 4714 5517 4781 5443 4708 5442 4707 5184 4477 5449 4714 5450 4715 5517 4781 5444 4709 5443 4708 5222 4511 5450 4715 5451 4716 5518 4782 5445 4710 5444 4709 5224 4513 5451 4716 5452 4717 5518 4782 5446 4711 5445 4710 5229 4518 5452 4717 5453 4718 5519 4783 5447 4712 5446 4711 5230 4519 5453 4718 5454 4719 5519 4783 5448 4713 5447 4712 5231 4520 5454 4719 5455 4720 5520 4784 5449 4714 5448 4713 5456 4721 5237 4526 5233 4522 5520 4784 5450 4715 5449 4714 5237 4526 5457 4722 5239 4528 5521 4785 5451 4716 5450 4715 5239 4528 5460 4725 5242 4531 5522 4786 5452 4717 5451 4716 5242 4531 5461 4726 5246 4535 5523 4787 5453 4718 5452 4717 5246 4535 5350 4609 5252 4541 5524 4788 5454 4719 5453 4718 5252 4541 5354 4613 5254 4543 5525 4789 5455 4720 5454 4719 5254 4543 5387 4646 5256 4545 5526 4790 5456 4721 5455 4720 5457 4722 5456 4721 5527 4791 5528 4792 5261 4550 5256 4545 5256 4545 5387 4646 5528 4792 5529 4793 5460 4725 5457 4722 5460 4725 5529 4793 5530 4794 5261 4550 5531 4795 5369 4627 5531 4795 5261 4550 5528 4792 5351 4610 5461 4726 5530 4794 5347 4606 5532 4796 5380 4639 5531 4795 5366 4624 5369 4627 5385 4644 5354 4613 5349 4608 5370 4628 5366 4624 5368 4626 5001 4339 4997 4335 4998 4337 5000 4331 5465 4797 5534 4798 5534 4798 5390 4799 5000 4331 4996 4336 4985 4333 5392 4648 4972 4730 4985 4333 4989 4332 4973 4650 4985 4333 4972 4730 5537 4800 5468 4731 5536 4801 4972 4730 5393 4649 4973 4650 5468 4731 5537 4800 4950 4735 5393 4649 5468 4731 4951 4651 5471 4736 4950 4735 4947 4652 4950 4735 4951 4651 5468 4731 5394 4802 5538 4803 4927 4804 4938 4293 4950 4735 5471 4736 5471 4736 4937 4292 4938 4293 4918 4276 5539 4805 5396 4655 4930 4287 5395 4654 4937 4292 4919 4277 5395 4654 4917 4275 5396 4655 4919 4277 4918 4276 4897 4256 5473 4737 5398 4660 5396 4655 5539 4805 4933 4290 5398 4660 5474 4738 5399 4661 4932 4289 4933 4290 5539 4805 5400 4663 5475 4739 5476 4740 5202 4492 4900 4258 4932 4289 5401 4665 5476 4740 5477 4741 5542 4806 5473 4737 5202 4492 5402 4667 5477 4741 5478 4742 5543 4807 5474 4738 5542 4806 5403 4668 5478 4742 5480 4743 5543 4807 5476 4740 5475 4739 5406 4671 5480 4743 5482 4746 5544 4808 5477 4741 5476 4740 5408 4673 5482 4746 5483 4747 5545 4809 5478 4742 5477 4741 5405 4670 5483 4747 5479 4745 5546 4810 5480 4743 5478 4742 5480 4743 5548 4811 5482 4746 5550 4812 5481 4744 5547 4813 5483 4747 5482 4746 5549 4814 5549 4814 5479 4745 5483 4747 5551 4815 5484 4748 5550 4812 5547 4813 5481 4744 5479 4745 5550 4812 5484 4748 5481 4744 5552 4816 5486 4750 5551 4815 5551 4815 5485 4749 5484 4748 5553 4817 5487 4751 5552 4816 5551 4815 5486 4750 5485 4749 5554 4818 5488 4752 5553 4817 5555 4819 5489 4753 5554 4818 5487 4751 5486 4750 5552 4816 5556 4820 5490 4754 5555 4819 5488 4752 5487 4751 5553 4817 5557 4821 5492 4756 5556 4820 5558 4822 5493 4757 5557 4821 5489 4753 5488 4752 5554 4818 5559 4823 5494 4758 5558 4822 5560 4824 5495 4759 5559 4823 5490 4754 5489 4753 5555 4819 5561 4825 5496 4760 5560 4824 5562 4826 5497 4761 5561 4825 5491 4755 5490 4754 5556 4820 5563 4827 5498 4762 5562 4826 5492 4756 5491 4755 5556 4820 5564 4828 5499 4763 5563 4827 5493 4757 5492 4756 5557 4821 5565 4829 5500 4764 5564 4828 5494 4758 5493 4757 5558 4822 5566 4830 5501 4765 5565 4829 5495 4759 5494 4758 5559 4823 5567 4831 5502 4766 5566 4830 5496 4760 5495 4759 5560 4824 5568 4832 5503 4767 5567 4831 5497 4761 5496 4760 5561 4825 5569 4833 5504 4768 5568 4832 5498 4762 5497 4761 5562 4826 5570 4834 5505 4769 5569 4833 5499 4763 5498 4762 5563 4827 5571 4835 5506 4770 5570 4834 5500 4764 5499 4763 5564 4828 5572 4836 5507 4771 5571 4835 5501 4765 5500 4764 5565 4829 5573 4837 5508 4772 5572 4836 5502 4766 5501 4765 5566 4830 5574 4838 5509 4773 5573 4837 5503 4767 5502 4766 5567 4831 5575 4839 5510 4774 5574 4838 5504 4768 5503 4767 5568 4832 5576 4840 5511 4775 5575 4839 5505 4769 5504 4768 5569 4833 5577 4841 5512 4776 5576 4840 5506 4770 5505 4769 5570 4834 5438 4703 5512 4776 5514 4778 5571 4835 5507 4771 5506 4770 5514 4778 5577 4841 5578 4842 5572 4836 5508 4772 5507 4771 5573 4837 5509 4773 5508 4772 5515 4779 5578 4842 5579 4843 5574 4838 5510 4774 5509 4773 5575 4839 5511 4775 5510 4774 5517 4781 5579 4843 5580 4844 5576 4840 5512 4776 5511 4775 5444 4709 5517 4781 5518 4782 5512 4776 5577 4841 5514 4778 5513 4777 5514 4778 5578 4842 5446 4711 5518 4782 5519 4783 5578 4842 5515 4779 5513 4777 5515 4779 5579 4843 5516 4780 5448 4713 5519 4783 5520 4784 5517 4781 5516 4780 5579 4843 5450 4715 5520 4784 5521 4785 5580 4844 5518 4782 5517 4781 5451 4716 5521 4785 5522 4786 5452 4717 5522 4786 5523 4787 5581 4845 5519 4783 5518 4782 5453 4718 5523 4787 5524 4788 5454 4719 5524 4788 5525 4789 5582 4846 5520 4784 5519 4783 5455 4720 5525 4789 5526 4790 5456 4721 5526 4790 5527 4791 5583 4847 5521 4785 5520 4784 5457 4722 5527 4791 5529 4793 5583 4847 5522 4786 5521 4785 5530 4794 5461 4726 5460 4725 5584 4848 5523 4787 5522 4786 5461 4726 5351 4610 5350 4609 5585 4849 5524 4788 5523 4787 5350 4609 5349 4608 5354 4613 5586 4850 5525 4789 5524 4788 5354 4613 5385 4644 5387 4646 5587 4851 5526 4790 5525 4789 5387 4646 5386 4645 5528 4792 5588 4852 5527 4791 5526 4790 5529 4793 5527 4791 5589 4853 5590 4854 5531 4795 5528 4792 5528 4792 5386 4645 5590 4854 5591 4855 5530 4794 5529 4793 5351 4610 5530 4794 5592 4856 5531 4795 5593 4857 5366 4624 5593 4857 5531 4795 5590 4854 5352 4611 5351 4610 5592 4856 5532 4796 5594 4858 5381 4640 5326 4859 5356 4615 5595 4860 5385 4644 5353 4612 5388 4647 5368 4626 5365 4623 5372 4631 5465 4797 5000 4331 5001 4339 5390 4799 5389 4861 5391 4862 5000 4331 4985 4333 4997 4335 5910 4863 5597 4864 5598 4865 5536 4801 4989 4332 5599 4866 5600 4867 5536 4801 5599 4866 4989 4332 5536 4801 4972 4730 5601 4868 5537 4800 5600 4867 5468 4731 4972 4730 5536 4801 5537 4800 5601 4868 4947 4652 5469 4734 5470 4733 5602 4869 5537 4800 4947 4652 4950 4735 5471 4736 4947 4652 4931 4288 4928 4870 5472 4871 4929 4286 4929 4286 5605 4872 4918 4276 4931 4288 4930 4287 5471 4736 5605 4872 5541 4873 5539 4805 4917 4275 4930 4287 4929 4286 5606 4874 5201 4491 4906 4265 4918 4276 4917 4275 4929 4286 5473 4737 5542 4806 5474 4738 4918 4276 5605 4872 5539 4805 5474 4738 5543 4807 5475 4739 4932 4289 5539 4805 5541 4873 5201 4491 4932 4289 5541 4873 5476 4740 5543 4807 5544 4808 5606 4874 5202 4492 5201 4491 5477 4741 5544 4808 5545 4809 5607 4875 5542 4806 5606 4874 5607 4875 5543 4807 5542 4806 5478 4742 5545 4809 5546 4810 5480 4743 5546 4810 5548 4811 5609 4876 5544 4808 5543 4807 5482 4746 5548 4811 5549 4814 5610 4877 5545 4809 5544 4808 5611 4878 5546 4810 5545 4809 5479 4745 5549 4814 5547 4813 5612 4879 5548 4811 5546 4810 5547 4813 5613 4880 5614 4881 5548 4811 5615 4882 5549 4814 5550 4812 5614 4881 5616 4883 5613 4880 5547 4813 5549 4814 5616 4883 5617 4884 5551 4815 5614 4881 5550 4812 5547 4813 5616 4883 5551 4815 5550 4812 5617 4884 5618 4885 5552 4816 5619 4886 5552 4816 5618 4885 5620 4887 5553 4817 5619 4886 5617 4884 5552 4816 5551 4815 5621 4888 5554 4818 5620 4887 5622 4889 5555 4819 5621 4888 5619 4886 5553 4817 5552 4816 5623 4890 5556 4820 5622 4889 5620 4887 5554 4818 5553 4817 5624 4891 5558 4822 5623 4890 5625 4892 5559 4823 5624 4891 5621 4888 5555 4819 5554 4818 5626 4893 5560 4824 5625 4892 5627 4894 5561 4825 5626 4893 5622 4889 5556 4820 5555 4819 5628 4895 5562 4826 5627 4894 5629 4896 5563 4827 5628 4895 5623 4890 5557 4821 5556 4820 5630 4897 5564 4828 5629 4896 5623 4890 5558 4822 5557 4821 5631 4898 5565 4829 5630 4897 5624 4891 5559 4823 5558 4822 5632 4899 5566 4830 5631 4898 5625 4892 5560 4824 5559 4823 5633 4900 5567 4831 5632 4899 5626 4893 5561 4825 5560 4824 5634 4901 5568 4832 5633 4900 5627 4894 5562 4826 5561 4825 5635 4902 5569 4833 5634 4901 5628 4895 5563 4827 5562 4826 5636 4903 5570 4834 5635 4902 5629 4896 5564 4828 5563 4827 5637 4904 5571 4835 5636 4903 5630 4897 5565 4829 5564 4828 5638 4905 5572 4836 5637 4904 5631 4898 5566 4830 5565 4829 5639 4906 5573 4837 5638 4905 5632 4899 5567 4831 5566 4830 5640 4907 5574 4838 5639 4906 5633 4900 5568 4832 5567 4831 5641 4908 5575 4839 5640 4907 5634 4901 5569 4833 5568 4832 5642 4909 5576 4840 5641 4908 5635 4902 5570 4834 5569 4833 5643 4910 5577 4841 5642 4909 5636 4903 5571 4835 5570 4834 5637 4904 5572 4836 5571 4835 5644 4911 5578 4842 5643 4910 5573 4837 5572 4836 5638 4905 5574 4838 5573 4837 5639 4906 5645 4912 5579 4843 5644 4911 5575 4839 5574 4838 5640 4907 5576 4840 5575 4839 5641 4908 5642 4909 5577 4841 5576 4840 5518 4782 5580 4844 5581 4845 5577 4841 5643 4910 5578 4842 5519 4783 5581 4845 5582 4846 5644 4911 5579 4843 5578 4842 5580 4844 5579 4843 5645 4912 5520 4784 5582 4846 5583 4847 5646 4913 5581 4845 5580 4844 5522 4786 5583 4847 5584 4848 5523 4787 5584 4848 5585 4849 5647 4914 5582 4846 5581 4845 5524 4788 5585 4849 5586 4850 5525 4789 5586 4850 5587 4851 5526 4790 5587 4851 5588 4852 5648 4915 5583 4847 5582 4846 5527 4791 5588 4852 5589 4853 5529 4793 5589 4853 5591 4855 5650 4916 5584 4848 5583 4847 5530 4794 5591 4855 5592 4856 5651 4917 5585 4849 5584 4848 5352 4611 5349 4608 5351 4610 5651 4917 5586 4850 5585 4849 5349 4608 5353 4612 5385 4644 5652 4918 5587 4851 5586 4850 5385 4644 5388 4647 5386 4645 5653 4919 5588 4852 5587 4851 5386 4645 5382 4641 5590 4854 5654 4920 5589 4853 5588 4852 5591 4855 5589 4853 5655 4921 5656 4922 5593 4857 5590 4854 5590 4854 5382 4641 5656 4922 5657 4923 5592 4856 5591 4855 5352 4611 5592 4856 5658 4924 5593 4857 5659 4925 5366 4624 5659 4925 5593 4857 5656 4922 5463 4728 5353 4612 5352 4611 5383 4642 5464 4729 5346 4605 5659 4925 5367 4625 5366 4624 5464 4729 5383 4642 5388 4647 5368 4626 5367 4625 5365 4623 5389 4861 5390 4799 5534 4798 5466 4926 5725 4927 5391 4862 5000 4331 5390 4799 4990 4928 4990 4928 4989 4332 5000 4331 4981 4929 4983 4930 5598 4865 5599 4866 4990 4928 4994 4931 5599 4866 4989 4332 4990 4928 5661 4932 5662 4933 5600 4867 5663 4934 5601 4868 5662 4933 5537 4800 5536 4801 5600 4867 5663 4934 4946 4653 5601 4868 5394 4802 4928 4870 4946 4653 4947 4652 5601 4868 4946 4653 5792 4935 5727 4936 5664 4937 4927 4804 5666 4938 5472 4871 4928 4870 4931 4288 4946 4653 4929 4286 4931 4288 4928 4870 5472 4871 5540 4939 5541 4873 5667 4940 5852 4941 4887 4942 5605 4872 4929 4286 5472 4871 5202 4492 5606 4874 5542 4806 5605 4872 5472 4871 5541 4873 5543 4807 5607 4875 5608 4943 5541 4873 5540 4939 5201 4491 5201 4491 5540 4939 4906 4265 5543 4807 5608 4943 5609 4876 4905 4264 5606 4874 4906 4265 5544 4808 5609 4876 5610 4877 4905 4264 5607 4875 5606 4874 5545 4809 5610 4877 5611 4878 5668 4944 5608 4943 5607 4875 5546 4810 5611 4878 5612 4879 5669 4945 5609 4876 5608 4943 5548 4811 5612 4879 5615 4882 5670 4946 5610 4877 5609 4876 5549 4814 5615 4882 5613 4880 5671 4947 5611 4878 5610 4877 5672 4948 5612 4879 5611 4878 5612 4879 5674 4949 5615 4882 5676 4950 5614 4881 5673 4951 5613 4880 5615 4882 5675 4952 5673 4951 5614 4881 5613 4880 5616 4883 5676 4950 5677 4953 5676 4950 5616 4883 5614 4881 5617 4884 5677 4953 5678 4954 5677 4953 5617 4884 5616 4883 5618 4885 5678 4954 5679 4955 5620 4887 5679 4955 5680 4956 5678 4954 5618 4885 5617 4884 5621 4888 5680 4956 5681 4957 5679 4955 5619 4886 5618 4885 5622 4889 5681 4957 5682 4958 5679 4955 5620 4887 5619 4886 5683 4959 5684 4960 5624 4891 5680 4956 5621 4888 5620 4887 5684 4960 5685 4961 5625 4892 5685 4961 5686 4962 5626 4893 5681 4957 5622 4889 5621 4888 5686 4962 5687 4963 5627 4894 5687 4963 5688 4964 5628 4895 5682 4958 5623 4890 5622 4889 5688 4964 5689 4965 5629 4896 5689 4965 5690 4966 5630 4897 5683 4959 5624 4891 5623 4890 5690 4966 5691 4967 5631 4898 5684 4960 5625 4892 5624 4891 5691 4967 5692 4968 5632 4899 5685 4961 5626 4893 5625 4892 5692 4968 5693 4969 5633 4900 5686 4962 5627 4894 5626 4893 5693 4969 5694 4970 5634 4901 5687 4963 5628 4895 5627 4894 5694 4970 5695 4971 5635 4902 5688 4964 5629 4896 5628 4895 5695 4971 5696 4972 5636 4903 5689 4965 5630 4897 5629 4896 5696 4972 5697 4973 5637 4904 5690 4966 5631 4898 5630 4897 5697 4973 5698 4974 5638 4905 5691 4967 5632 4899 5631 4898 5699 4975 5639 4906 5698 4974 5692 4968 5633 4900 5632 4899 5700 4976 5640 4907 5699 4975 5693 4969 5634 4901 5633 4900 5701 4977 5641 4908 5700 4976 5694 4970 5635 4902 5634 4901 5695 4971 5636 4903 5635 4902 5702 4978 5643 4910 5701 4977 5696 4972 5637 4904 5636 4903 5697 4973 5638 4905 5637 4904 5703 4979 5644 4911 5702 4978 5698 4974 5639 4906 5638 4905 5699 4975 5640 4907 5639 4906 5704 4980 5645 4912 5703 4979 5700 4976 5641 4908 5640 4907 5701 4977 5642 4909 5641 4908 5580 4844 5645 4912 5646 4913 5642 4909 5701 4977 5643 4910 5581 4845 5646 4913 5647 4914 5702 4978 5644 4911 5643 4910 5582 4846 5647 4914 5648 4915 5645 4912 5644 4911 5703 4979 5583 4847 5648 4915 5649 4981 5704 4980 5646 4913 5645 4912 5583 4847 5649 4981 5650 4916 5584 4848 5650 4916 5651 4917 5705 4982 5647 4914 5646 4913 5586 4850 5651 4917 5652 4918 5707 4983 5648 4915 5647 4914 5587 4851 5652 4918 5653 4919 5588 4852 5653 4919 5654 4920 5709 4984 5649 4981 5648 4915 5589 4853 5654 4920 5655 4921 5710 4985 5650 4916 5649 4981 5591 4855 5655 4921 5657 4923 5711 4986 5651 4917 5650 4916 5592 4856 5657 4923 5658 4924 5352 4611 5658 4924 5463 4728 5712 4987 5652 4918 5651 4917 5464 4729 5388 4647 5353 4612 5713 4988 5653 4919 5652 4918 5388 4647 5383 4642 5382 4641 5714 4989 5654 4920 5653 4919 5382 4641 5384 4643 5656 4922 5715 4990 5655 4921 5654 4920 5657 4923 5655 4921 5716 4991 5717 4992 5659 4925 5656 4922 5656 4922 5384 4643 5717 4992 5718 4993 5658 4924 5657 4923 5463 4728 5658 4924 5719 4994 5720 4995 5464 4729 5463 4728 5330 4589 5533 4996 5340 4599 5345 4604 5383 4642 5346 4605 5371 4629 5722 4997 5723 4998 5725 4927 5660 4999 5535 5000 4994 4931 5390 4799 5391 4862 5724 5001 4994 4931 5725 4927 5661 4932 4994 4931 5724 5001 5599 4866 4994 4931 5661 4932 5662 4933 5726 5002 5469 4734 5661 4932 5600 4867 5599 4866 5600 4867 5662 4933 5601 4868 5602 4869 5394 4802 5663 4934 5603 5003 5727 4936 5604 5004 5394 4802 4946 4653 5663 4934 4927 4804 5538 4803 5665 5005 5394 4802 4927 4804 4928 4870 5666 4938 5730 5006 5540 4939 5472 4871 4928 4870 4927 4804 5607 4875 4905 4264 5668 4944 5472 4871 5666 4938 5540 4939 5608 4943 5668 4944 5669 4945 5540 4939 5730 5006 4906 4265 4906 4265 5730 5006 4904 4263 5609 4876 5669 4945 5670 4946 5610 4877 5670 4946 5671 4947 5731 5007 5668 4944 4905 4264 5611 4878 5671 4947 5672 4948 5732 5008 5669 4945 5668 4944 5612 4879 5672 4948 5674 4949 5733 5009 5670 4946 5669 4945 5615 4882 5674 4949 5675 4952 5734 5010 5671 4947 5670 4946 5735 5011 5672 4948 5671 4947 5613 4880 5675 4952 5673 4951 5736 5012 5674 4949 5672 4948 5674 4949 5736 5012 5675 4952 5739 5013 5676 4950 5737 5014 5738 5015 5673 4951 5675 4952 5740 5016 5677 4953 5739 5013 5737 5014 5676 4950 5673 4951 5741 5017 5677 4953 5740 5016 5677 4953 5676 4950 5739 5013 5742 5018 5679 4955 5741 5017 5678 4954 5677 4953 5741 5017 5743 5019 5680 4956 5742 5018 5744 5020 5681 4957 5743 5019 5679 4955 5678 4954 5741 5017 5745 5021 5682 4958 5744 5020 5623 4890 5682 4958 5683 4959 5742 5018 5680 4956 5679 4955 5683 4959 5745 5021 5746 5022 5743 5019 5681 4957 5680 4956 5684 4960 5746 5022 5747 5023 5685 4961 5747 5023 5748 5024 5744 5020 5682 4958 5681 4957 5686 4962 5748 5024 5749 5025 5687 4963 5749 5025 5750 5026 5745 5021 5683 4959 5682 4958 5688 4964 5750 5026 5751 5027 5689 4965 5751 5027 5752 5028 5746 5022 5684 4960 5683 4959 5690 4966 5752 5028 5753 5029 5747 5023 5685 4961 5684 4960 5691 4967 5753 5029 5754 5030 5748 5024 5686 4962 5685 4961 5692 4968 5754 5030 5755 5031 5749 5025 5687 4963 5686 4962 5693 4969 5755 5031 5756 5032 5750 5026 5688 4964 5687 4963 5694 4970 5756 5032 5757 5033 5751 5027 5689 4965 5688 4964 5695 4971 5757 5033 5758 5034 5752 5028 5690 4966 5689 4965 5696 4972 5758 5034 5759 5035 5753 5029 5691 4967 5690 4966 5697 4973 5759 5035 5760 5036 5754 5030 5692 4968 5691 4967 5698 4974 5760 5036 5761 5037 5755 5031 5693 4969 5692 4968 5699 4975 5761 5037 5762 5038 5756 5032 5694 4970 5693 4969 5763 5039 5764 5040 5701 4977 5757 5033 5695 4971 5694 4970 5758 5034 5696 4972 5695 4971 5764 5040 5765 5041 5702 4978 5759 5035 5697 4973 5696 4972 5760 5036 5698 4974 5697 4973 5761 5037 5699 4975 5698 4974 5765 5041 5766 5042 5703 4979 5762 5038 5700 4976 5699 4975 5763 5039 5701 4977 5700 4976 5766 5042 5767 5043 5704 4980 5646 4913 5704 4980 5705 4982 5701 4977 5764 5040 5702 4978 5647 4914 5705 4982 5706 5044 5765 5041 5703 4979 5702 4978 5647 4914 5706 5044 5707 4983 5648 4915 5707 4983 5708 5045 5704 4980 5703 4979 5766 5042 5648 4915 5708 5045 5709 4984 5649 4981 5709 4984 5710 4985 5767 5043 5705 4982 5704 4980 5650 4916 5710 4985 5711 4986 5768 5046 5706 5044 5705 4982 5651 4917 5711 4986 5712 4987 5769 5047 5707 4983 5706 5044 5652 4918 5712 4987 5713 4988 5770 5048 5708 5045 5707 4983 5653 4919 5713 4988 5714 4989 5771 5049 5709 4984 5708 5045 5654 4920 5714 4989 5715 4990 5772 5050 5710 4985 5709 4984 5655 4921 5715 4990 5716 4991 5773 5051 5711 4986 5710 4985 5657 4923 5716 4991 5718 4993 5658 4924 5718 4993 5719 4994 5775 5052 5712 4987 5711 4986 5463 4728 5719 4994 5720 4995 5776 5053 5713 4988 5712 4987 5464 4729 5720 4995 5346 4605 5776 5053 5714 4989 5713 4988 5345 4604 5384 4643 5383 4642 5777 5054 5715 4990 5714 4989 5384 4643 5379 4638 5717 4992 5778 5055 5716 4991 5715 4990 5718 4993 5716 4991 5779 5056 5780 5057 5659 4925 5717 4992 5717 4992 5379 4638 5780 5057 5781 5058 5719 4994 5718 4993 5720 4995 5719 4994 5782 5059 5659 4925 5342 4601 5367 4625 5342 4601 5659 4925 5780 5057 5783 5060 5346 4605 5720 4995 5324 4587 5328 5061 5595 4860 5342 4601 5344 4603 5367 4625 5345 4604 5347 4606 5380 4639 5660 4999 5725 4927 5466 4926 5390 4799 4994 4931 4990 4928 5596 5062 4991 4327 5535 5000 5724 5001 5535 5000 4992 4329 5726 5002 5724 5001 5785 5063 5785 5063 4960 4732 5726 5002 5661 4932 5724 5001 5726 5002 5726 5002 5662 4933 5661 4932 4974 4321 4975 5064 5789 5065 5663 4934 5662 4933 5469 4734 5792 4935 5538 4803 5602 4869 5602 4869 5663 4934 5469 4734 5538 4803 5394 4802 5602 4869 5665 5005 5667 4940 5666 4938 5666 4938 4927 4804 5665 5005 4905 4264 4904 4263 5731 5007 5668 4944 5731 5007 5732 5008 5667 4940 5730 5006 5666 4938 5669 4945 5732 5008 5733 5009 4904 4263 5730 5006 5667 4940 4890 5066 4904 4263 5667 4940 5670 4946 5733 5009 5734 5010 4890 5066 5731 5007 4904 4263 5671 4947 5734 5010 5735 5011 5795 5067 5732 5008 5731 5007 5672 4948 5735 5011 5736 5012 5796 5068 5733 5009 5732 5008 5797 5069 5734 5010 5733 5009 5675 4952 5736 5012 5738 5015 5798 5070 5735 5011 5734 5010 5799 5071 5736 5012 5735 5011 5673 4951 5738 5015 5737 5014 5802 5072 5801 5073 5737 5014 5736 5012 5800 5074 5738 5015 5803 5075 5739 5013 5801 5073 5802 5072 5737 5014 5738 5015 5804 5076 5740 5016 5803 5075 5801 5073 5739 5013 5737 5014 5805 5077 5741 5017 5804 5076 5803 5075 5740 5016 5739 5013 5806 5078 5742 5018 5805 5077 5804 5076 5741 5017 5740 5016 5807 5079 5743 5019 5806 5078 5805 5077 5742 5018 5741 5017 5808 5080 5744 5020 5807 5079 5809 5081 5745 5021 5808 5080 5806 5078 5743 5019 5742 5018 5810 5082 5746 5022 5809 5081 5807 5079 5744 5020 5743 5019 5811 5083 5748 5024 5810 5082 5812 5084 5749 5025 5811 5083 5808 5080 5745 5021 5744 5020 5813 5085 5750 5026 5812 5084 5814 5086 5751 5027 5813 5085 5809 5081 5746 5022 5745 5021 5815 5087 5752 5028 5814 5086 5816 5088 5753 5029 5815 5087 5810 5082 5747 5023 5746 5022 5817 5089 5754 5030 5816 5088 5810 5082 5748 5024 5747 5023 5818 5090 5755 5031 5817 5089 5811 5083 5749 5025 5748 5024 5819 5091 5756 5032 5818 5090 5812 5084 5750 5026 5749 5025 5820 5092 5757 5033 5819 5091 5813 5085 5751 5027 5750 5026 5821 5093 5758 5034 5820 5092 5814 5086 5752 5028 5751 5027 5822 5094 5759 5035 5821 5093 5815 5087 5753 5029 5752 5028 5823 5095 5760 5036 5822 5094 5754 5030 5753 5029 5816 5088 5824 5096 5761 5037 5823 5095 5755 5031 5754 5030 5817 5089 5825 5097 5762 5038 5824 5096 5756 5032 5755 5031 5818 5090 5700 4976 5762 5038 5763 5039 5819 5091 5757 5033 5756 5032 5763 5039 5825 5097 5826 5098 5820 5092 5758 5034 5757 5033 5821 5093 5759 5035 5758 5034 5764 5040 5826 5098 5827 5099 5822 5094 5760 5036 5759 5035 5823 5095 5761 5037 5760 5036 5765 5041 5827 5099 5828 5100 5824 5096 5762 5038 5761 5037 5825 5097 5763 5039 5762 5038 5826 5098 5764 5040 5763 5039 5766 5042 5828 5100 5829 5101 5764 5040 5827 5099 5765 5041 5705 4982 5767 5043 5768 5046 5706 5044 5768 5046 5769 5047 5707 4983 5769 5047 5770 5048 5765 5041 5828 5100 5766 5042 5708 5045 5770 5048 5771 5049 5709 4984 5771 5049 5772 5050 5829 5101 5767 5043 5766 5042 5710 4985 5772 5050 5773 5051 5711 4986 5773 5051 5774 5102 5830 5103 5768 5046 5767 5043 5711 4986 5774 5102 5775 5052 5831 5104 5769 5047 5768 5046 5712 4987 5775 5052 5776 5053 5832 5105 5770 5048 5769 5047 5833 5106 5771 5049 5770 5048 5714 4989 5776 5053 5777 5054 5834 5107 5772 5050 5771 5049 5715 4990 5777 5054 5778 5055 5835 5108 5773 5051 5772 5050 5716 4991 5778 5055 5779 5056 5836 5109 5774 5102 5773 5051 5718 4993 5779 5056 5781 5058 5837 5110 5775 5052 5774 5102 5719 4994 5781 5058 5782 5059 5838 5111 5776 5053 5775 5052 5720 4995 5782 5059 5783 5060 5346 4605 5783 5060 5347 4606 5839 5112 5777 5054 5776 5053 5380 4639 5379 4638 5345 4604 5840 5113 5778 5055 5777 5054 5379 4638 5378 4637 5780 5057 5841 5114 5779 5056 5778 5055 5781 5058 5779 5056 5842 5115 5843 5116 5342 4601 5780 5057 5780 5057 5378 4637 5843 5116 5844 5117 5782 5059 5781 5058 5783 5060 5782 5059 5845 5118 5846 5119 5347 4606 5783 5060 5378 4637 5380 4639 5381 4640 5365 4623 5363 4630 5372 4631 5725 4927 4994 4931 5391 4862 4991 4327 5784 5120 5910 4863 5535 5000 5724 5001 5725 4927 5785 5063 4992 4329 4984 4328 5785 5063 5724 5001 4992 4329 5850 5121 4960 4732 4965 5122 5604 5004 5470 4733 5850 5121 5469 4734 5726 5002 4960 4732 5604 5004 5792 4935 5470 4733 5792 4935 5602 4869 5470 4733 5664 4937 5852 4941 5665 5005 5792 4935 5664 4937 5538 4803 5664 4937 5665 5005 5538 4803 4893 5123 5853 5124 6042 5125 5731 5007 4890 5066 5795 5067 5852 4941 5667 4940 5665 5005 5732 5008 5795 5067 5796 5068 5733 5009 5796 5068 5797 5069 4890 5066 5667 4940 4887 4942 5734 5010 5797 5069 5798 5070 4887 4942 5795 5067 4890 5066 5854 5126 5796 5068 5795 5067 5735 5011 5798 5070 5799 5071 5855 5127 5797 5069 5796 5068 5736 5012 5799 5071 5800 5074 5856 5128 5798 5070 5797 5069 5738 5015 5800 5074 5802 5072 5857 5129 5799 5071 5798 5070 5858 5130 5800 5074 5799 5071 5860 5131 5802 5072 5800 5074 5859 5132 5861 5133 5803 5075 5859 5132 5801 5073 5802 5072 5861 5133 5862 5134 5804 5076 5859 5132 5803 5075 5801 5073 5862 5134 5863 5135 5805 5077 5861 5133 5804 5076 5803 5075 5863 5135 5864 5136 5806 5078 5862 5134 5805 5077 5804 5076 5864 5136 5865 5137 5807 5079 5865 5137 5866 5138 5808 5080 5863 5135 5806 5078 5805 5077 5866 5138 5867 5139 5809 5081 5867 5139 5868 5140 5810 5082 5864 5136 5807 5079 5806 5078 5868 5140 5869 5141 5811 5083 5865 5137 5808 5080 5807 5079 5869 5141 5870 5142 5812 5084 5870 5142 5871 5143 5813 5085 5866 5138 5809 5081 5808 5080 5871 5143 5872 5144 5814 5086 5872 5144 5873 5145 5815 5087 5867 5139 5810 5082 5809 5081 5873 5145 5874 5146 5816 5088 5875 5147 5817 5089 5874 5146 5868 5140 5811 5083 5810 5082 5876 5148 5818 5090 5875 5147 5869 5141 5812 5084 5811 5083 5877 5149 5819 5091 5876 5148 5870 5142 5813 5085 5812 5084 5878 5150 5820 5092 5877 5149 5871 5143 5814 5086 5813 5085 5879 5151 5821 5093 5878 5150 5872 5144 5815 5087 5814 5086 5880 5152 5822 5094 5879 5151 5873 5145 5816 5088 5815 5087 5881 5153 5823 5095 5880 5152 5874 5146 5817 5089 5816 5088 5882 5154 5824 5096 5881 5153 5875 5147 5818 5090 5817 5089 5883 5155 5825 5097 5882 5154 5876 5148 5819 5091 5818 5090 5877 5149 5820 5092 5819 5091 5884 5156 5826 5098 5883 5155 5878 5150 5821 5093 5820 5092 5879 5151 5822 5094 5821 5093 5885 5157 5827 5099 5884 5156 5880 5152 5823 5095 5822 5094 5881 5153 5824 5096 5823 5095 5882 5154 5825 5097 5824 5096 5886 5158 5828 5100 5885 5157 5883 5155 5826 5098 5825 5097 5826 5098 5884 5156 5827 5099 5767 5043 5829 5101 5830 5103 5768 5046 5830 5103 5831 5104 5885 5157 5828 5100 5827 5099 5769 5047 5831 5104 5832 5105 5770 5048 5832 5105 5833 5106 5771 5049 5833 5106 5834 5107 5886 5158 5829 5101 5828 5100 5772 5050 5834 5107 5835 5108 5773 5051 5835 5108 5836 5109 5887 5159 5830 5103 5829 5101 5774 5102 5836 5109 5837 5110 5888 5160 5831 5104 5830 5103 5775 5052 5837 5110 5838 5111 5889 5161 5832 5105 5831 5104 5890 5162 5833 5106 5832 5105 5776 5053 5838 5111 5839 5112 5891 5163 5834 5107 5833 5106 5777 5054 5839 5112 5840 5113 5892 5164 5835 5108 5834 5107 5778 5055 5840 5113 5841 5114 5893 5165 5836 5109 5835 5108 5779 5056 5841 5114 5842 5115 5894 5166 5837 5110 5836 5109 5781 5058 5842 5115 5844 5117 5895 5167 5838 5111 5837 5110 5782 5059 5844 5117 5845 5118 5783 5060 5845 5118 5846 5119 5896 5168 5839 5112 5838 5111 5347 4606 5846 5119 5532 4796 5897 5169 5840 5113 5839 5112 5380 4639 5532 4796 5381 4640 5897 5169 5841 5114 5840 5113 5376 4635 5843 5116 5378 4637 5898 5170 5842 5115 5841 5114 5844 5117 5842 5115 5899 5171 5377 4636 5342 4601 5843 5116 5843 5116 5376 4635 5377 4636 5900 5172 5845 5118 5844 5117 5846 5119 5845 5118 5901 5173 5902 5174 5903 5175 5904 5176 5343 4602 5342 4601 5377 4636 5846 5119 5905 5177 5532 4796 5594 4858 5907 5178 5374 4633 5343 4602 5348 4607 5344 4603 5381 4640 5374 4633 5376 4635 5365 4623 5348 4607 5363 4630 5784 5120 4991 4327 5596 5062 4984 4328 5910 4863 4983 4930 4991 4327 4992 4329 5535 5000 5911 5179 4978 4320 5912 5180 4965 5122 4984 4328 4983 4930 4965 5122 5785 5063 4984 4328 5913 5181 5850 5121 4964 5182 4960 4732 5785 5063 4965 5122 5914 5183 5791 5184 5915 5185 5470 4733 4960 4732 5850 5121 5916 5186 5794 5187 5727 4936 5604 5004 5727 4936 5792 4935 5794 5187 5917 5188 5852 4941 5794 5187 5664 4937 5727 4936 5917 5188 4886 5189 4887 4942 5853 5124 4894 5190 4886 5189 5852 4941 5664 4937 5794 5187 5795 5067 4887 4942 5854 5126 5796 5068 5854 5126 5855 5127 5917 5188 4887 4942 5852 4941 5797 5069 5855 5127 5856 5128 5798 5070 5856 5128 5857 5129 4886 5189 5854 5126 4887 4942 5918 5191 5855 5127 5854 5126 5799 5071 5857 5129 5858 5130 5918 5191 5856 5128 5855 5127 5919 5192 5857 5129 5856 5128 5800 5074 5858 5130 5860 5131 5921 5193 5858 5130 5857 5129 5802 5072 5860 5131 5859 5132 5859 5132 5924 5194 5923 5195 5860 5131 5858 5130 5922 5196 5859 5132 5923 5195 5925 5197 5860 5131 5924 5194 5859 5132 5861 5133 5925 5197 5926 5198 5925 5197 5861 5133 5859 5132 5862 5134 5926 5198 5927 5199 5926 5198 5862 5134 5861 5133 5863 5135 5927 5199 5928 5200 5927 5199 5863 5135 5862 5134 5928 5200 5929 5201 5865 5137 5929 5201 5930 5202 5866 5138 5928 5200 5864 5136 5863 5135 5930 5202 5931 5203 5867 5139 5931 5203 5932 5204 5868 5140 5928 5200 5865 5137 5864 5136 5932 5204 5933 5205 5869 5141 5929 5201 5866 5138 5865 5137 5933 5205 5934 5206 5870 5142 5934 5206 5935 5207 5871 5143 5930 5202 5867 5139 5866 5138 5935 5207 5936 5208 5872 5144 5936 5208 5937 5209 5873 5145 5931 5203 5868 5140 5867 5139 5937 5209 5938 5210 5874 5146 5938 5210 5939 5211 5875 5147 5932 5204 5869 5141 5868 5140 5939 5211 5940 5212 5876 5148 5933 5205 5870 5142 5869 5141 5940 5212 5941 5213 5877 5149 5934 5206 5871 5143 5870 5142 5941 5213 5942 5214 5878 5150 5935 5207 5872 5144 5871 5143 5942 5214 5943 5215 5879 5151 5936 5208 5873 5145 5872 5144 5943 5215 5944 5216 5880 5152 5937 5209 5874 5146 5873 5145 5944 5216 5945 5217 5881 5153 5938 5210 5875 5147 5874 5146 5945 5217 5946 5218 5882 5154 5939 5211 5876 5148 5875 5147 5946 5218 5947 5219 5883 5155 5940 5212 5877 5149 5876 5148 5941 5213 5878 5150 5877 5149 5947 5219 5948 5220 5884 5156 5942 5214 5879 5151 5878 5150 5943 5215 5880 5152 5879 5151 5948 5220 5949 5221 5885 5157 5944 5216 5881 5153 5880 5152 5945 5217 5882 5154 5881 5153 5946 5218 5883 5155 5882 5154 5949 5221 5950 5222 5886 5158 5947 5219 5884 5156 5883 5155 5829 5101 5886 5158 5887 5159 5830 5103 5887 5159 5888 5160 5885 5157 5884 5156 5948 5220 5831 5104 5888 5160 5889 5161 5832 5105 5889 5161 5890 5162 5833 5106 5890 5162 5891 5163 5886 5158 5885 5157 5949 5221 5834 5107 5891 5163 5892 5164 5835 5108 5892 5164 5893 5165 5950 5222 5887 5159 5886 5158 5836 5109 5893 5165 5894 5166 5951 5223 5888 5160 5887 5159 5837 5110 5894 5166 5895 5167 5952 5224 5889 5161 5888 5160 5838 5111 5895 5167 5896 5168 5953 5225 5890 5162 5889 5161 5954 5226 5891 5163 5890 5162 5839 5112 5896 5168 5897 5169 5955 5227 5892 5164 5891 5163 5956 5228 5893 5165 5892 5164 5841 5114 5897 5169 5898 5170 5957 5229 5894 5166 5893 5165 5842 5115 5898 5170 5899 5171 5958 5230 5895 5167 5894 5166 5844 5117 5899 5171 5900 5172 5959 5231 5896 5168 5895 5167 5845 5118 5900 5172 5901 5173 5846 5119 5901 5173 5905 5177 5961 5232 5897 5169 5896 5168 5532 4796 5905 5177 5594 4858 5381 4640 5594 4858 5374 4633 5962 5233 5898 5170 5897 5169 5375 4634 5377 4636 5376 4635 5963 5234 5899 5171 5898 5170 5900 5172 5899 5171 5964 5235 5965 5236 5901 5173 5900 5172 5905 5177 5901 5173 5966 5237 5335 4594 5967 5238 5968 5239 5905 5177 5969 5240 5594 4858 5904 5176 5907 5178 5969 5240 5324 4587 5322 4586 5323 5241 5364 4622 5375 4634 5374 4633 5723 4998 5970 5242 5971 5243 5908 5244 6031 5245 5598 4865 5910 4863 4984 4328 4991 4327 4964 5182 4983 4930 4981 4929 4964 5182 4965 5122 4983 4930 5973 5246 5913 5181 5972 5247 4964 5182 5850 5121 4965 5122 5850 5121 5913 5181 5604 5004 5728 5248 5916 5186 5603 5003 5603 5003 5604 5004 5913 5181 5794 5187 5916 5186 5793 5249 5916 5186 5727 4936 5603 5003 5917 5188 5793 5249 5853 5124 5917 5188 5794 5187 5793 5249 5854 5126 4886 5189 5918 5191 5917 5188 5853 5124 4886 5189 5856 5128 5918 5191 5919 5192 5857 5129 5919 5192 5920 5250 4894 5190 5918 5191 4886 5189 5857 5129 5920 5250 5921 5193 5858 5130 5921 5193 5922 5196 5976 5251 5919 5192 5918 5191 5977 5252 5920 5250 5919 5192 5860 5131 5922 5196 5924 5194 5978 5253 5921 5193 5920 5250 5979 5254 5922 5196 5921 5193 5981 5255 5923 5195 5980 5256 5982 5257 5924 5194 5922 5196 5980 5256 5923 5195 5924 5194 5983 5258 5926 5198 5981 5255 5981 5255 5925 5197 5923 5195 5984 5259 5927 5199 5983 5258 5985 5260 5927 5199 5984 5259 5981 5255 5926 5198 5925 5197 5986 5261 5928 5200 5985 5260 5983 5258 5927 5199 5926 5198 5929 5201 5986 5261 5987 5262 5927 5199 5985 5260 5928 5200 5930 5202 5987 5262 5988 5263 5931 5203 5988 5263 5989 5264 5928 5200 5986 5261 5929 5201 5932 5204 5989 5264 5990 5265 5929 5201 5987 5262 5930 5202 5933 5205 5990 5265 5991 5266 5934 5206 5991 5266 5992 5267 5988 5263 5931 5203 5930 5202 5935 5207 5992 5267 5993 5268 5936 5208 5993 5268 5994 5269 5989 5264 5932 5204 5931 5203 5937 5209 5994 5269 5995 5270 5938 5210 5995 5270 5996 5271 5990 5265 5933 5205 5932 5204 5939 5211 5996 5271 5997 5272 5991 5266 5934 5206 5933 5205 5940 5212 5997 5272 5998 5273 5992 5267 5935 5207 5934 5206 5941 5213 5998 5273 5999 5274 5993 5268 5936 5208 5935 5207 6000 5275 6001 5276 5943 5215 5994 5269 5937 5209 5936 5208 6001 5276 6002 5277 5944 5216 5995 5270 5938 5210 5937 5209 6002 5277 6003 5278 5945 5217 5996 5271 5939 5211 5938 5210 6003 5278 6004 5279 5946 5218 5997 5272 5940 5212 5939 5211 6004 5279 6005 5280 5947 5219 5998 5273 5941 5213 5940 5212 5999 5274 5942 5214 5941 5213 6005 5280 6006 5281 5948 5220 6000 5275 5943 5215 5942 5214 6001 5276 5944 5216 5943 5215 6002 5277 5945 5217 5944 5216 6006 5281 6007 5282 5949 5221 6003 5278 5946 5218 5945 5217 6004 5279 5947 5219 5946 5218 6007 5282 6008 5283 5950 5222 6008 5283 6009 5284 5950 5222 6005 5280 5948 5220 5947 5219 5887 5159 5950 5222 5951 5223 5888 5160 5951 5223 5952 5224 5949 5221 5948 5220 6006 5281 5889 5161 5952 5224 5953 5225 5890 5162 5953 5225 5954 5226 5891 5163 5954 5226 5955 5227 5950 5222 5949 5221 6007 5282 5892 5164 5955 5227 5956 5228 5893 5165 5956 5228 5957 5229 6009 5284 5951 5223 5950 5222 5894 5166 5957 5229 5958 5230 6010 5285 5952 5224 5951 5223 5895 5167 5958 5230 5959 5231 6011 5286 5953 5225 5952 5224 5896 5168 5959 5231 5960 5287 6012 5288 5954 5226 5953 5225 5896 5168 5960 5287 5961 5232 6013 5289 5955 5227 5954 5226 5897 5169 5961 5232 5962 5233 6014 5290 5956 5228 5955 5227 6015 5291 5957 5229 5956 5228 5898 5170 5962 5233 5963 5234 6016 5292 5958 5230 5957 5229 5899 5171 5963 5234 5964 5235 6017 5293 5959 5231 5958 5230 5900 5172 5964 5235 5965 5236 6018 5294 5960 5287 5959 5231 5901 5173 5965 5236 5966 5237 6019 5295 5961 5232 5960 5287 5905 5177 5966 5237 5969 5240 6020 5296 5962 5233 5961 5232 5594 4858 5969 5240 5907 5178 5374 4633 5907 5178 5364 4622 6021 5297 5963 5234 5962 5233 5375 4634 5364 4622 5359 4618 6022 5298 5964 5235 5963 5234 5377 4636 5359 4618 6023 5299 6024 5300 5965 5236 5964 5235 5966 5237 5965 5236 6025 5301 6023 5299 5339 4598 5343 4602 5343 4602 5377 4636 6023 5299 6026 5302 5969 5240 5966 5237 6027 5303 6028 5304 6029 5305 5847 5306 5722 4997 6030 5307 5339 4598 5348 4607 5343 4602 5364 4622 5907 5178 5903 5175 5348 4607 5341 4600 5363 4630 5908 5244 5598 4865 5597 4864 6031 5245 5848 5308 5849 5309 4981 4929 6031 5245 4980 5310 5598 4865 4983 4930 5910 4863 6330 5311 6032 5312 6097 5313 5972 5247 4981 4929 4980 5310 4981 4929 5972 5247 4964 5182 5973 5246 6035 5314 6036 5315 5972 5247 5913 5181 4964 5182 5729 5316 5728 5248 5973 5246 5914 5183 5915 5185 6040 5317 5913 5181 5973 5246 5603 5003 5603 5003 5973 5246 5728 5248 6041 5318 6042 5125 5793 5249 5728 5248 6041 5318 5916 5186 6041 5318 5793 5249 5916 5186 4891 5319 6156 5320 6219 5321 5793 5249 6042 5125 5853 5124 5918 5191 4894 5190 5976 5251 4893 5123 4894 5190 5853 5124 5919 5192 5976 5251 5977 5252 5920 5250 5977 5252 5978 5253 6043 5322 5976 5251 4894 5190 5921 5193 5978 5253 5979 5254 6044 5323 5977 5252 5976 5251 5922 5196 5979 5254 5982 5257 6044 5323 5978 5253 5977 5252 6045 5324 5979 5254 5978 5253 5924 5194 5982 5257 5980 5256 5979 5254 6046 5325 5982 5257 6048 5326 6047 5327 5981 5255 6048 5326 5980 5256 5982 5257 6048 5326 5981 5255 5980 5256 6047 5327 6049 5328 5983 5258 6049 5328 6050 5329 5984 5259 6050 5329 6051 5330 5985 5260 6047 5327 5983 5258 5981 5255 6051 5330 6052 5331 5986 5261 6049 5328 5984 5259 5983 5258 6050 5329 5985 5260 5984 5259 6052 5331 6053 5332 5987 5262 6051 5330 5986 5261 5985 5260 6053 5332 6054 5333 5988 5263 6055 5334 5989 5264 6054 5333 6056 5335 5990 5265 6055 5334 6052 5331 5987 5262 5986 5261 6057 5336 5991 5266 6056 5335 6053 5332 5988 5263 5987 5262 6058 5337 5992 5267 6057 5336 6059 5338 5993 5268 6058 5337 6054 5333 5989 5264 5988 5263 6060 5339 5994 5269 6059 5338 6061 5340 5995 5270 6060 5339 6055 5334 5990 5265 5989 5264 6062 5341 5996 5271 6061 5340 6063 5342 5997 5272 6062 5341 6056 5335 5991 5266 5990 5265 6064 5343 5998 5273 6063 5342 6057 5336 5992 5267 5991 5266 6065 5344 5999 5274 6064 5343 6058 5337 5993 5268 5992 5267 5942 5214 5999 5274 6000 5275 5993 5268 6059 5338 5994 5269 6000 5275 6065 5344 6066 5345 5994 5269 6060 5339 5995 5270 6001 5276 6066 5345 6067 5346 5995 5270 6061 5340 5996 5271 6002 5277 6067 5346 6068 5347 5996 5271 6062 5341 5997 5272 6003 5278 6068 5347 6069 5348 5997 5272 6063 5342 5998 5273 6004 5279 6069 5348 6070 5349 5998 5273 6064 5343 5999 5274 6005 5280 6070 5349 6071 5350 5999 5274 6065 5344 6000 5275 6005 5280 6071 5350 6072 5351 6000 5275 6066 5345 6001 5276 6001 5276 6067 5346 6002 5277 6002 5277 6068 5347 6003 5278 6006 5281 6072 5351 6073 5352 6003 5278 6069 5348 6004 5279 6004 5279 6070 5349 6005 5280 6007 5282 6073 5352 6074 5353 6005 5280 6072 5351 6006 5281 5951 5223 6009 5284 6010 5285 5952 5224 6010 5285 6011 5286 5953 5225 6011 5286 6012 5288 6006 5281 6073 5352 6007 5282 5954 5226 6012 5288 6013 5289 5955 5227 6013 5289 6014 5290 6008 5283 6007 5282 6074 5353 5956 5228 6014 5290 6015 5291 6074 5353 6009 5284 6008 5283 5957 5229 6015 5291 6016 5292 6075 5354 6010 5285 6009 5284 5958 5230 6016 5292 6017 5293 6076 5355 6011 5286 6010 5285 5959 5231 6017 5293 6018 5294 6077 5356 6012 5288 6011 5286 5960 5287 6018 5294 6019 5295 6078 5357 6013 5289 6012 5288 5961 5232 6019 5295 6020 5296 6079 5358 6014 5290 6013 5289 6080 5359 6015 5291 6014 5290 5962 5233 6020 5296 6021 5297 6081 5360 6016 5292 6015 5291 5963 5234 6021 5297 6022 5298 6082 5361 6017 5293 6016 5292 5964 5235 6022 5298 6024 5300 6083 5362 6018 5294 6017 5293 5965 5236 6024 5300 6025 5301 6084 5363 6019 5295 6018 5294 5966 5237 6025 5301 6026 5302 6085 5364 6020 5296 6019 5295 5969 5240 6026 5302 5904 5176 5907 5178 5904 5176 5903 5175 6086 5365 6021 5297 6020 5296 5364 4622 5903 5175 5360 4619 6087 5366 6022 5298 6021 5297 6087 5366 6024 5300 6022 5298 6088 5367 6025 5301 6024 5300 6026 5302 6025 5301 6089 5368 6090 5369 5904 5176 6026 5302 5902 5174 5337 4596 6091 5370 5903 5175 6091 5370 5360 4619 5971 5243 6094 5371 6095 5372 5362 4621 6023 5299 5359 4618 5363 4630 5371 4629 5372 4631 5848 5308 6031 5245 5908 5244 5909 5373 6153 5374 5849 5309 4980 5310 5849 5309 5467 5375 6031 5245 4981 4929 5598 4865 4966 5376 4975 5064 6097 5313 6035 5314 4980 5310 5467 5375 5972 5247 4980 5310 6035 5314 6099 5377 6036 5315 6098 5378 5973 5246 5972 5247 6035 5314 6036 5315 6099 5377 5729 5316 6039 5379 5851 5380 5729 5316 6041 5318 5728 5248 5851 5380 5973 5246 6036 5315 5729 5316 6041 5318 5851 5380 5975 5381 5851 5380 5728 5248 5729 5316 6042 5125 5975 5381 6100 5382 5975 5381 6042 5125 6041 5318 4894 5190 4893 5123 6043 5322 6042 5125 6100 5382 4893 5123 5976 5251 6043 5322 6044 5323 6101 5383 6043 5322 4893 5123 5978 5253 6044 5323 6045 5324 6102 5384 6044 5323 6043 5322 5979 5254 6045 5324 6046 5325 6103 5385 6045 5324 6044 5323 5982 5257 6046 5325 6048 5326 6105 5386 6046 5325 6045 5324 6048 5326 6046 5325 6106 5387 6106 5387 6107 5388 6047 5327 6107 5388 6108 5389 6049 5328 6106 5387 6047 5327 6048 5326 6108 5389 6109 5390 6050 5329 6109 5390 6110 5391 6051 5330 6107 5388 6049 5328 6047 5327 6110 5391 6111 5392 6052 5331 6108 5389 6050 5329 6049 5328 6109 5390 6051 5330 6050 5329 6111 5392 6112 5393 6053 5332 6110 5391 6052 5331 6051 5330 6112 5393 6113 5394 6054 5333 6113 5394 6114 5395 6055 5334 6114 5395 6115 5396 6056 5335 6111 5392 6053 5332 6052 5331 6115 5396 6116 5397 6057 5336 6112 5393 6054 5333 6053 5332 6116 5397 6117 5398 6058 5337 6117 5398 6118 5399 6059 5338 6113 5394 6055 5334 6054 5333 6118 5399 6119 5400 6060 5339 6119 5400 6120 5401 6061 5340 6114 5395 6056 5335 6055 5334 6120 5401 6121 5402 6062 5341 6121 5402 6122 5403 6063 5342 6115 5396 6057 5336 6056 5335 6122 5403 6123 5404 6064 5343 6116 5397 6058 5337 6057 5336 6123 5404 6124 5405 6065 5344 6117 5398 6059 5338 6058 5337 6124 5405 6125 5406 6066 5345 6118 5399 6060 5339 6059 5338 6125 5406 6126 5407 6067 5346 6119 5400 6061 5340 6060 5339 6126 5407 6127 5408 6068 5347 6120 5401 6062 5341 6061 5340 6127 5408 6128 5409 6069 5348 6121 5402 6063 5342 6062 5341 6128 5409 6129 5410 6070 5349 6122 5403 6064 5343 6063 5342 6123 5404 6065 5344 6064 5343 6129 5410 6130 5411 6072 5351 6124 5405 6066 5345 6065 5344 6125 5406 6067 5346 6066 5345 6130 5411 6131 5412 6072 5351 6126 5407 6068 5347 6067 5346 6127 5408 6069 5348 6068 5347 6128 5409 6070 5349 6069 5348 6131 5412 6132 5413 6074 5353 6129 5410 6071 5350 6070 5349 6129 5410 6072 5351 6071 5350 6009 5284 6074 5353 6075 5354 6010 5285 6075 5354 6076 5355 6011 5286 6076 5355 6077 5356 6131 5412 6073 5352 6072 5351 6012 5288 6077 5356 6078 5357 6013 5289 6078 5357 6079 5358 6074 5353 6073 5352 6131 5412 6014 5290 6079 5358 6080 5359 6015 5291 6080 5359 6081 5360 6132 5413 6075 5354 6074 5353 6016 5292 6081 5360 6082 5361 6133 5414 6076 5355 6075 5354 6017 5293 6082 5361 6083 5362 6134 5415 6077 5356 6076 5355 6018 5294 6083 5362 6084 5363 6135 5416 6078 5357 6077 5356 6019 5295 6084 5363 6085 5364 6136 5417 6079 5358 6078 5357 6020 5296 6085 5364 6086 5365 6137 5418 6080 5359 6079 5358 6138 5419 6081 5360 6080 5359 6021 5297 6086 5365 6087 5366 6139 5420 6082 5361 6081 5360 6140 5421 6083 5362 6082 5361 6024 5300 6087 5366 6088 5367 6141 5422 6084 5363 6083 5362 6025 5301 6088 5367 6089 5368 6142 5423 6085 5364 6084 5363 6026 5302 6089 5368 6090 5369 6143 5424 6086 5365 6085 5364 5904 5176 6090 5369 5902 5174 5903 5175 5902 5174 6091 5370 6145 5425 6087 5366 6086 5365 5360 4619 6091 5370 5358 4617 5359 4618 5358 4617 5362 4621 6146 5426 6088 5367 6087 5366 6023 5299 5362 4621 5338 4597 6147 5427 6089 5368 6088 5367 6090 5369 6089 5368 6148 5428 5906 5429 5330 4589 5325 5430 5339 4598 6023 5299 5338 4597 6090 5369 6149 5431 5902 5174 6150 5432 6028 5304 6151 5433 5331 4590 5341 4600 5339 4598 6091 5370 5336 4595 5358 4617 5341 4600 5340 4599 5363 4630 6153 5374 6096 5434 5912 5180 6152 5435 5467 5375 6153 5374 5849 5309 4980 5310 6031 5245 6098 5378 5467 5375 6152 5435 6035 5314 5467 5375 6098 5378 6099 5377 5790 5436 5914 5183 6036 5315 6035 5314 6098 5378 6099 5377 5914 5183 6039 5379 6099 5377 6039 5379 5729 5316 5975 5381 5974 5437 6156 5320 6039 5379 5974 5437 5851 5380 5975 5381 5851 5380 5974 5437 4892 5438 6100 5382 6156 5320 4893 5123 6100 5382 6101 5383 6100 5382 5975 5381 6156 5320 6043 5322 6101 5383 6102 5384 4892 5438 6101 5383 6100 5382 6044 5323 6102 5384 6103 5385 6045 5324 6103 5385 6104 5439 6157 5440 6102 5384 6101 5383 6045 5324 6104 5439 6105 5386 6158 5441 6103 5385 6102 5384 6158 5441 6104 5439 6103 5385 6046 5325 6105 5386 6106 5387 6159 5442 6105 5386 6104 5439 6106 5387 6162 5443 6161 5444 6160 5445 6106 5387 6105 5386 6161 5444 6107 5388 6106 5387 6161 5444 6108 5389 6107 5388 6109 5390 6108 5389 6164 5446 6110 5391 6109 5390 6165 5447 6108 5389 6161 5444 6164 5446 6111 5392 6110 5391 6166 5448 6164 5446 6165 5447 6109 5390 6165 5447 6166 5448 6110 5391 6112 5393 6111 5392 6167 5449 6113 5394 6112 5393 6168 5450 6166 5448 6167 5449 6111 5392 6114 5395 6113 5394 6169 5451 6115 5396 6114 5395 6170 5452 6167 5449 6168 5450 6112 5393 6116 5397 6115 5396 6171 5453 6117 5398 6116 5397 6171 5453 6168 5450 6169 5451 6113 5394 6118 5399 6117 5398 6172 5454 6119 5400 6118 5399 6173 5455 6169 5451 6170 5452 6114 5395 6120 5401 6119 5400 6174 5456 6121 5402 6120 5401 6175 5457 6170 5452 6171 5453 6115 5396 6122 5403 6121 5402 6176 5458 6123 5404 6122 5403 6177 5459 6171 5453 6172 5454 6117 5398 6124 5405 6123 5404 6178 5460 6172 5454 6173 5455 6118 5399 6125 5406 6124 5405 6179 5461 6173 5455 6174 5456 6119 5400 6126 5407 6125 5406 6180 5462 6174 5456 6175 5457 6120 5401 6127 5408 6126 5407 6181 5463 6175 5457 6176 5458 6121 5402 6128 5409 6127 5408 6182 5464 6176 5458 6177 5459 6122 5403 6129 5410 6128 5409 6183 5465 6177 5459 6178 5460 6123 5404 6178 5460 6179 5461 6124 5405 6130 5411 6129 5410 6184 5466 6179 5461 6180 5462 6125 5406 6180 5462 6181 5463 6126 5407 6131 5412 6130 5411 6185 5467 6181 5463 6182 5464 6127 5408 6182 5464 6183 5465 6128 5409 6183 5465 6184 5466 6129 5410 6132 5413 6131 5412 6186 5468 6184 5466 6185 5467 6130 5411 6075 5354 6132 5413 6133 5414 6076 5355 6133 5414 6134 5415 6077 5356 6134 5415 6135 5416 6185 5467 6186 5468 6131 5412 6078 5357 6135 5416 6136 5417 6079 5358 6136 5417 6137 5418 6187 5469 6132 5413 6186 5468 6080 5359 6137 5418 6138 5419 6187 5469 6188 5470 6132 5413 6081 5360 6138 5419 6139 5420 6188 5470 6189 5471 6133 5414 6082 5361 6139 5420 6140 5421 6189 5471 6190 5472 6134 5415 6083 5362 6140 5421 6141 5422 6190 5472 6191 5473 6135 5416 6084 5363 6141 5422 6142 5423 6191 5473 6192 5474 6136 5417 6085 5364 6142 5423 6143 5424 6192 5474 6193 5475 6137 5418 6086 5365 6143 5424 6144 5476 6193 5475 6138 5419 6137 5418 6086 5365 6144 5476 6145 5425 6194 5477 6139 5420 6138 5419 6195 5478 6140 5421 6139 5420 6087 5366 6145 5425 6146 5426 6196 5479 6141 5422 6140 5421 6088 5367 6146 5426 6147 5427 6197 5480 6142 5423 6141 5422 6089 5368 6147 5427 6148 5428 6198 5481 6143 5424 6142 5423 6090 5369 6148 5428 6149 5431 6199 5482 6144 5476 6143 5424 5902 5174 6149 5431 5337 4596 6200 5483 6145 5425 6144 5476 6091 5370 5337 4596 5336 4595 5358 4617 5336 4595 5361 4620 6201 5484 6146 5426 6145 5425 6202 5485 6147 5427 6146 5426 6202 5485 6148 5428 6147 5427 6149 5431 6148 5428 6203 5486 6204 5487 6030 5307 5906 5429 6205 5488 5337 4596 6149 5431 6206 5489 6207 5490 6208 5491 5361 4620 5336 4595 5968 5239 6210 5492 6093 5493 6211 5494 5338 4597 5362 4621 5357 4616 6096 5434 6153 5374 5909 5373 6152 5435 5912 5180 4977 4319 5849 5309 6153 5374 5467 5375 5790 5436 6152 5435 4977 4319 6098 5378 6152 5435 5790 5436 6099 5377 6098 5378 5790 5436 6508 5495 6565 5496 6217 5497 5974 5437 6039 5379 6218 5498 6039 5379 5914 5183 6040 5317 5974 5437 6218 5498 6219 5321 6040 5317 6218 5498 6039 5379 5196 5499 6339 5500 6220 5501 6276 5502 5200 5503 4891 5319 5974 5437 6219 5321 6156 5320 6101 5383 4892 5438 6157 5440 6156 5320 4891 5319 4892 5438 6102 5384 6157 5440 6158 5441 6221 5504 6157 5440 4892 5438 6104 5439 6158 5441 6159 5442 6222 5505 6158 5441 6157 5440 6105 5386 6159 5442 6160 5445 6223 5506 6159 5442 6158 5441 6106 5387 6160 5445 6162 5443 6224 5507 6160 5445 6159 5442 6163 5508 6160 5445 6224 5507 6161 5444 6162 5443 6225 5509 6162 5443 6163 5508 6225 5509 6225 5509 6226 5510 6161 5444 6161 5444 6227 5511 6164 5446 6161 5444 6226 5510 6227 5511 6165 5447 6164 5446 6229 5512 6166 5448 6165 5447 6229 5512 6164 5446 6227 5511 6228 5513 6164 5446 6228 5513 6229 5512 6167 5449 6166 5448 6230 5514 6166 5448 6229 5512 6230 5514 6168 5450 6167 5449 6231 5515 6167 5449 6230 5514 6231 5515 6169 5451 6168 5450 6232 5516 6170 5452 6169 5451 6233 5517 6168 5450 6231 5515 6232 5516 6171 5453 6170 5452 6234 5518 6169 5451 6232 5516 6233 5517 6172 5454 6171 5453 6235 5519 6173 5455 6236 5520 6174 5456 6170 5452 6233 5517 6234 5518 6174 5456 6237 5521 6175 5457 6175 5457 6238 5522 6176 5458 6171 5453 6234 5518 6235 5519 6176 5458 6239 5523 6177 5459 6177 5459 6240 5524 6178 5460 6172 5454 6235 5519 6241 5525 6178 5460 6242 5526 6179 5461 6173 5455 6241 5525 6236 5520 6179 5461 6243 5527 6180 5462 6174 5456 6236 5520 6237 5521 6180 5462 6244 5528 6181 5463 6175 5457 6237 5521 6238 5522 6181 5463 6245 5529 6182 5464 6176 5458 6238 5522 6239 5523 6182 5464 6246 5530 6183 5465 6177 5459 6239 5523 6240 5524 6183 5465 6247 5531 6184 5466 6178 5460 6240 5524 6242 5526 6179 5461 6242 5526 6243 5527 6184 5466 6248 5532 6185 5467 6180 5462 6243 5527 6244 5528 6181 5463 6244 5528 6245 5529 6182 5464 6245 5529 6246 5530 6185 5467 6250 5533 6186 5468 6183 5465 6246 5530 6247 5531 6184 5466 6247 5531 6248 5532 6186 5468 6250 5533 6187 5469 6187 5469 6251 5534 6188 5470 6248 5532 6249 5535 6185 5467 6133 5414 6132 5413 6188 5470 6134 5415 6133 5414 6189 5471 6250 5533 6185 5467 6249 5535 6135 5416 6134 5415 6190 5472 6136 5417 6135 5416 6191 5473 6137 5418 6136 5417 6192 5474 6251 5534 6187 5469 6250 5533 6193 5475 6194 5477 6138 5419 6251 5534 6252 5536 6188 5470 6139 5420 6194 5477 6195 5478 6252 5536 6253 5537 6189 5471 6140 5421 6195 5478 6196 5479 6253 5537 6254 5538 6190 5472 6141 5422 6196 5479 6197 5480 6254 5538 6255 5539 6191 5473 6142 5423 6197 5480 6198 5481 6255 5539 6256 5540 6192 5474 6143 5424 6198 5481 6199 5482 6256 5540 6257 5541 6193 5475 6144 5476 6199 5482 6200 5483 6257 5541 6258 5542 6194 5477 6145 5425 6200 5483 6201 5484 6258 5542 6259 5543 6195 5478 6259 5543 6196 5479 6195 5478 6146 5426 6201 5484 6202 5485 6260 5544 6197 5480 6196 5479 6261 5545 6198 5481 6197 5480 6148 5428 6202 5485 6203 5486 6262 5546 6199 5482 6198 5481 6149 5431 6203 5486 6205 5488 6263 5547 6200 5483 6199 5482 5337 4596 6205 5488 5335 4594 6264 5548 6201 5484 6200 5483 5336 4595 5335 4594 5968 5239 5361 4620 5968 5239 5355 4614 6265 5549 6202 5485 6201 5484 5362 4621 5355 4614 5357 4616 5338 4597 5357 4616 5329 4588 6266 5550 6203 5486 6202 5485 6205 5488 6203 5486 5334 4593 6267 5551 6268 5552 6269 5553 5331 4590 5338 4597 5329 4588 5333 4592 5335 4594 6205 5488 5967 5238 6027 5303 6270 5554 5330 4589 5340 4599 5331 4590 5968 5239 6270 5554 5355 4614 5340 4599 5533 4996 5371 4629 4978 4320 6212 5555 6330 5311 5912 5180 6152 5435 6153 5374 5791 5184 4977 4319 4974 4321 5790 5436 4977 4319 5791 5184 6274 5556 5915 5185 5789 5065 5914 5183 5790 5436 5791 5184 5915 5185 6274 5556 6038 5557 6218 5498 6040 5317 6038 5557 5915 5185 6038 5557 6040 5317 6219 5321 6155 5558 6276 5502 6038 5557 6155 5558 6218 5498 6155 5558 6219 5321 6218 5498 4892 5438 4891 5319 6221 5504 6219 5321 6276 5502 4891 5319 6157 5440 6221 5504 6222 5505 5200 5503 6221 5504 4891 5319 6158 5441 6222 5505 6223 5506 6277 5559 6222 5505 6221 5504 6159 5442 6223 5506 6224 5507 6278 5560 6223 5506 6222 5505 6162 5443 6160 5445 6163 5508 6163 5508 6280 5561 6282 5562 6225 5509 6281 5563 6226 5510 6282 5562 6281 5563 6225 5509 6226 5510 6281 5563 6227 5511 6227 5511 6283 5564 6228 5513 6228 5513 6283 5564 6229 5512 6281 5563 6283 5564 6227 5511 6229 5512 6284 5565 6230 5514 6283 5564 6284 5565 6229 5512 6230 5514 6285 5566 6231 5515 6284 5565 6285 5566 6230 5514 6231 5515 6286 5567 6232 5516 6232 5516 6287 5568 6233 5517 6285 5566 6286 5567 6231 5515 6233 5517 6288 5569 6234 5518 6234 5518 6289 5570 6235 5519 6286 5567 6287 5568 6232 5516 6235 5519 6290 5571 6241 5525 6287 5568 6288 5569 6233 5517 6173 5455 6172 5454 6241 5525 6291 5572 6236 5520 6241 5525 6234 5518 6288 5569 6289 5570 6292 5573 6237 5521 6236 5520 6293 5574 6238 5522 6237 5521 6235 5519 6289 5570 6290 5571 6294 5575 6239 5523 6238 5522 6295 5576 6240 5524 6239 5523 6241 5525 6290 5571 6291 5572 6296 5577 6242 5526 6240 5524 6236 5520 6291 5572 6292 5573 6297 5578 6243 5527 6242 5526 6237 5521 6292 5573 6293 5574 6298 5579 6244 5528 6243 5527 6238 5522 6293 5574 6294 5575 6299 5580 6245 5529 6244 5528 6239 5523 6294 5575 6295 5576 6300 5581 6246 5530 6245 5529 6240 5524 6295 5576 6296 5577 6301 5582 6247 5531 6246 5530 6242 5526 6296 5577 6297 5578 6302 5583 6248 5532 6247 5531 6243 5527 6297 5578 6298 5579 6244 5528 6298 5579 6299 5580 6249 5535 6248 5532 6304 5584 6245 5529 6299 5580 6300 5581 6246 5530 6300 5581 6301 5582 6250 5533 6249 5535 6304 5584 6247 5531 6301 5582 6302 5583 6248 5532 6302 5583 6303 5585 6248 5532 6303 5585 6304 5584 6251 5534 6306 5586 6252 5536 6189 5471 6188 5470 6252 5536 6190 5472 6189 5471 6253 5537 6304 5584 6305 5587 6250 5533 6191 5473 6190 5472 6254 5538 6192 5474 6191 5473 6255 5539 6306 5586 6250 5533 6305 5587 6193 5475 6192 5474 6256 5540 6194 5477 6193 5475 6257 5541 6306 5586 6307 5588 6252 5536 6195 5478 6194 5477 6258 5542 6307 5588 6308 5589 6253 5537 6259 5543 6260 5544 6196 5479 6308 5589 6309 5590 6254 5538 6197 5480 6260 5544 6261 5545 6309 5590 6310 5591 6255 5539 6198 5481 6261 5545 6262 5546 6310 5591 6311 5592 6256 5540 6199 5482 6262 5546 6263 5547 6311 5592 6312 5593 6257 5541 6200 5483 6263 5547 6264 5548 6312 5593 6313 5594 6258 5542 6201 5484 6264 5548 6265 5549 6313 5594 6314 5595 6259 5543 6314 5595 6315 5596 6260 5544 6202 5485 6265 5549 6266 5550 6315 5596 6316 5597 6261 5545 6316 5597 6262 5546 6261 5545 6203 5486 6266 5550 5334 4593 6317 5598 6263 5547 6262 5546 6205 5488 5334 4593 5333 4592 6318 5599 6264 5548 6263 5547 5335 4594 5333 4592 5967 5238 6319 5600 6265 5549 6264 5548 5968 5239 5967 5238 6270 5554 6321 5601 6266 5550 6265 5549 6322 5602 5334 4593 6266 5550 6323 5603 6324 5604 6268 5552 5332 4591 6267 5551 6325 5605 5333 4592 6325 5605 5967 5238 6326 5606 6327 5607 6207 5490 6209 5608 6094 5371 5970 5242 6270 5554 6029 5305 5355 4614 5533 4996 5906 5429 5722 4997 5357 4616 5326 4859 5329 4588 5371 4629 5723 4998 5372 4631 6212 5555 4978 4320 5911 5179 4974 4321 6330 5311 4975 5064 4978 4320 4977 4319 5912 5180 6331 5609 6332 5610 6333 5611 4974 4321 5789 5065 5791 5184 6274 5556 6335 5612 6336 5613 5789 5065 5915 5185 5791 5184 6274 5556 6336 5613 6037 5614 6155 5558 6038 5557 6037 5614 6038 5557 6274 5556 6037 5614 6337 5615 6509 5616 6338 5617 6155 5558 6154 5618 6339 5500 6037 5614 6154 5618 6155 5558 5197 5619 6276 5502 6339 5500 6155 5558 6339 5500 6276 5502 6221 5504 5200 5503 6277 5559 5197 5619 5200 5503 6276 5502 6222 5505 6277 5559 6278 5560 6340 5620 6277 5559 5200 5503 6223 5506 6278 5560 6279 5621 6223 5506 6279 5621 6280 5561 6278 5560 6277 5559 6341 5622 6224 5507 6223 5506 6280 5561 6163 5508 6224 5507 6280 5561 6341 5622 6342 5623 6279 5621 6342 5623 6343 5624 6280 5561 6225 5509 6163 5508 6282 5562 6282 5562 6345 5625 6281 5563 6282 5562 6343 5624 6345 5625 6345 5625 6344 5626 6281 5563 6281 5563 6346 5627 6283 5564 6283 5564 6347 5628 6284 5565 6344 5626 6346 5627 6281 5563 6284 5565 6347 5628 6285 5566 6346 5627 6347 5628 6283 5564 6285 5566 6348 5629 6286 5567 6347 5628 6348 5629 6285 5566 6286 5567 6349 5630 6287 5568 6287 5568 6350 5631 6288 5569 6348 5629 6349 5630 6286 5567 6288 5569 6351 5632 6289 5570 6289 5570 6352 5633 6290 5571 6349 5630 6350 5631 6287 5568 6290 5571 6353 5634 6291 5572 6350 5631 6351 5632 6288 5569 6291 5572 6354 5635 6292 5573 6292 5573 6355 5636 6293 5574 6351 5632 6352 5633 6289 5570 6293 5574 6356 5637 6294 5575 6294 5575 6357 5638 6295 5576 6352 5633 6353 5634 6290 5571 6295 5576 6358 5639 6296 5577 6296 5577 6359 5640 6297 5578 6353 5634 6354 5635 6291 5572 6297 5578 6360 5641 6298 5579 6354 5635 6355 5636 6292 5573 6298 5579 6361 5642 6299 5580 6355 5636 6356 5637 6293 5574 6299 5580 6362 5643 6300 5581 6356 5637 6357 5638 6294 5575 6300 5581 6363 5644 6301 5582 6357 5638 6358 5639 6295 5576 6301 5582 6364 5645 6302 5583 6358 5639 6359 5640 6296 5577 6302 5583 6365 5646 6303 5585 6359 5640 6360 5641 6297 5578 6303 5585 6366 5647 6304 5584 6360 5641 6361 5642 6298 5579 6361 5642 6362 5643 6299 5580 6362 5643 6363 5644 6300 5581 6304 5584 6367 5648 6305 5587 6363 5644 6364 5645 6301 5582 6364 5645 6365 5646 6302 5583 6305 5587 6368 5649 6306 5586 6365 5646 6366 5647 6303 5585 6251 5534 6250 5533 6306 5586 6304 5584 6366 5647 6367 5648 6253 5537 6252 5536 6307 5588 6254 5538 6253 5537 6308 5589 6367 5648 6368 5649 6305 5587 6255 5539 6254 5538 6309 5590 6256 5540 6255 5539 6310 5591 6369 5650 6306 5586 6368 5649 6257 5541 6256 5540 6311 5592 6258 5542 6257 5541 6312 5593 6369 5650 6370 5651 6307 5588 6259 5543 6258 5542 6313 5594 6370 5651 6371 5652 6308 5589 6260 5544 6259 5543 6314 5595 6371 5652 6372 5653 6309 5590 6261 5545 6260 5544 6315 5596 6372 5653 6373 5654 6310 5591 6316 5597 6317 5598 6262 5546 6373 5654 6374 5655 6311 5592 6263 5547 6317 5598 6318 5599 6374 5655 6375 5656 6312 5593 6264 5548 6318 5599 6319 5600 6375 5656 6376 5657 6313 5594 6265 5549 6319 5600 6320 5658 6376 5657 6377 5659 6314 5595 6265 5549 6320 5658 6321 5601 6377 5659 6378 5660 6315 5596 6378 5660 6379 5661 6316 5597 6266 5550 6321 5601 6322 5602 6379 5661 6380 5662 6317 5598 5334 4593 6322 5602 5332 4591 6380 5662 6318 5599 6317 5598 5333 4592 5332 4591 6325 5605 6381 5663 6319 5600 6318 5599 5967 5238 6325 5605 6027 5303 6382 5664 6320 5658 6319 5600 6270 5554 6027 5303 6029 5305 6383 5665 6321 5601 6320 5658 5355 4614 6029 5305 5356 4615 5357 4616 5356 4615 5326 4859 6384 5666 6322 5602 6321 5601 5329 4588 5326 4859 5325 5430 6267 5551 5332 4591 6322 5602 5325 5430 5721 5667 6204 5487 5327 5668 6385 5669 6030 5307 5330 4589 5329 4588 5325 5430 6269 5553 6027 5303 6325 5605 5906 5429 5533 4996 5330 4589 5356 4615 6029 5305 6150 5432 6211 5494 6387 5670 6388 5671 5533 4996 5722 4997 5371 4629 6328 5672 6450 5673 6097 5313 6330 5311 4974 4321 4978 4320 6335 5612 4975 5064 4966 5376 5789 5065 4975 5064 6335 5612 6336 5613 6391 5674 6392 5675 6335 5612 6274 5556 5789 5065 6154 5618 6037 5614 6275 5676 6336 5613 6275 5676 6037 5614 6339 5500 6394 5677 6220 5501 6154 5618 6275 5676 6394 5677 6154 5618 6394 5677 6339 5500 5200 5503 5197 5619 6340 5620 6339 5500 5196 5499 5197 5619 6277 5559 6340 5620 6341 5622 6395 5678 6340 5620 5197 5619 6279 5621 6278 5560 6341 5622 6280 5561 6279 5621 6342 5623 6396 5679 6341 5622 6340 5620 6396 5679 6397 5680 6341 5622 6282 5562 6280 5561 6343 5624 6397 5680 6398 5681 6343 5624 6345 5625 6399 5682 6344 5626 6398 5681 6399 5682 6345 5625 6344 5626 6401 5683 6346 5627 6344 5626 6399 5682 6400 5684 6346 5627 6402 5685 6347 5628 6344 5626 6400 5684 6401 5683 6347 5628 6403 5686 6348 5629 6346 5627 6401 5683 6402 5685 6347 5628 6402 5685 6403 5686 6348 5629 6404 5687 6349 5630 6348 5629 6403 5686 6404 5687 6349 5630 6405 5688 6350 5631 6350 5631 6406 5689 6351 5632 6349 5630 6404 5687 6405 5688 6351 5632 6407 5690 6352 5633 6352 5633 6408 5691 6353 5634 6350 5631 6405 5688 6406 5689 6353 5634 6409 5692 6354 5635 6351 5632 6406 5689 6407 5690 6354 5635 6410 5693 6355 5636 6355 5636 6411 5694 6356 5637 6352 5633 6407 5690 6408 5691 6356 5637 6412 5695 6357 5638 6357 5638 6413 5696 6358 5639 6353 5634 6408 5691 6409 5692 6358 5639 6414 5697 6359 5640 6359 5640 6415 5698 6360 5641 6354 5635 6409 5692 6410 5693 6360 5641 6416 5699 6361 5642 6355 5636 6410 5693 6411 5694 6361 5642 6417 5700 6362 5643 6356 5637 6411 5694 6412 5695 6362 5643 6418 5701 6363 5644 6357 5638 6412 5695 6413 5696 6363 5644 6419 5702 6364 5645 6413 5696 6414 5697 6358 5639 6364 5645 6420 5703 6365 5646 6414 5697 6415 5698 6359 5640 6365 5646 6421 5704 6366 5647 6415 5698 6416 5699 6360 5641 6366 5647 6422 5705 6367 5648 6416 5699 6417 5700 6361 5642 6417 5700 6418 5701 6362 5643 6418 5701 6419 5702 6363 5644 6367 5648 6424 5706 6368 5649 6419 5702 6420 5703 6364 5645 6420 5703 6421 5704 6365 5646 6368 5649 6424 5706 6369 5650 6421 5704 6422 5705 6366 5647 6422 5705 6423 5707 6367 5648 6307 5588 6306 5586 6369 5650 6308 5589 6307 5588 6370 5651 6424 5706 6367 5648 6423 5707 6309 5590 6308 5589 6371 5652 6310 5591 6309 5590 6372 5653 6311 5592 6310 5591 6373 5654 6425 5708 6369 5650 6424 5706 6312 5593 6311 5592 6374 5655 6425 5708 6426 5709 6369 5650 6313 5594 6312 5593 6375 5656 6426 5709 6427 5710 6370 5651 6314 5595 6313 5594 6376 5657 6427 5710 6428 5711 6371 5652 6315 5596 6314 5595 6377 5659 6428 5711 6429 5712 6372 5653 6316 5597 6315 5596 6378 5660 6429 5712 6430 5713 6373 5654 6317 5598 6316 5597 6379 5661 6430 5713 6431 5714 6374 5655 6380 5662 6381 5663 6318 5599 6431 5714 6432 5715 6375 5656 6319 5600 6381 5663 6382 5664 6432 5715 6433 5716 6376 5657 6320 5658 6382 5664 6383 5665 6433 5716 6434 5717 6377 5659 6321 5601 6383 5665 6384 5666 6434 5717 6435 5718 6378 5660 6435 5718 6436 5719 6379 5661 6322 5602 6384 5666 6267 5551 6436 5719 6437 5720 6380 5662 6437 5720 6438 5721 6381 5663 6325 5605 6267 5551 6269 5553 6438 5721 6382 5664 6381 5663 6027 5303 6269 5553 6028 5304 6439 5722 6383 5665 6382 5664 6029 5305 6028 5304 6150 5432 6440 5723 6384 5666 6383 5665 6441 5724 6267 5551 6384 5666 5721 5667 5595 4860 5328 5061 6444 5725 6209 5608 6385 5669 6028 5304 6269 5553 6324 5604 5320 4585 6445 5726 6446 5727 6151 5433 6206 5489 6447 5728 6150 5432 6447 5728 5356 4615 6387 5670 6448 5729 6388 5671 6389 5730 6449 5731 6095 5372 5326 4859 5721 5667 5325 5430 6328 5672 6097 5313 6032 5312 6450 5673 6272 5732 6273 5733 4966 5376 6450 5673 4967 5734 6097 5313 4975 5064 6330 5311 6391 5674 4966 5376 4967 5734 4966 5376 6391 5674 6335 5612 6392 5675 6453 5735 6454 5736 6392 5675 6275 5676 6336 5613 6335 5612 6391 5674 6336 5613 6337 5615 6394 5677 6275 5676 6392 5675 6337 5615 6275 5676 6220 5501 6338 5617 4889 5737 6337 5615 6338 5617 6394 5677 6394 5677 6338 5617 6220 5501 5197 5619 5196 5499 6395 5678 6220 5501 4889 5737 5196 5499 6340 5620 6395 5678 6396 5679 6455 5738 6395 5678 5196 5499 6342 5623 6341 5622 6397 5680 6456 5739 6396 5679 6395 5678 6343 5624 6342 5623 6397 5680 6456 5739 6457 5740 6396 5679 6457 5740 6458 5741 6397 5680 6345 5625 6343 5624 6398 5681 6458 5741 6459 5742 6398 5681 6459 5742 6460 5743 6399 5682 6461 5744 6400 5684 6399 5682 6399 5682 6460 5743 6461 5744 6461 5744 6401 5683 6400 5684 6462 5745 6402 5685 6401 5683 6401 5683 6461 5744 6462 5745 6464 5746 6403 5686 6402 5685 6464 5746 6404 5687 6403 5686 6402 5685 6462 5745 6463 5747 6402 5685 6463 5747 6464 5746 6404 5687 6464 5746 6465 5748 6406 5689 6405 5688 6466 5749 6404 5687 6465 5748 6466 5749 6407 5690 6406 5689 6467 5750 6408 5691 6407 5690 6468 5751 6409 5692 6408 5691 6469 5752 6406 5689 6466 5749 6467 5750 6410 5693 6409 5692 6470 5753 6407 5690 6467 5750 6468 5751 6411 5694 6410 5693 6471 5754 6412 5695 6411 5694 6472 5755 6408 5691 6468 5751 6469 5752 6413 5696 6412 5695 6473 5756 6414 5697 6413 5696 6474 5757 6409 5692 6469 5752 6470 5753 6414 5697 6475 5758 6415 5698 6415 5698 6476 5759 6416 5699 6410 5693 6470 5753 6471 5754 6416 5699 6477 5760 6417 5700 6411 5694 6471 5754 6472 5755 6417 5700 6478 5761 6418 5701 6412 5695 6472 5755 6473 5756 6418 5701 6479 5762 6419 5702 6413 5696 6473 5756 6474 5757 6419 5702 6480 5763 6420 5703 6414 5697 6474 5757 6475 5758 6420 5703 6481 5764 6421 5704 6415 5698 6475 5758 6476 5759 6421 5704 6482 5765 6422 5705 6416 5699 6476 5759 6477 5760 6422 5705 6483 5766 6423 5707 6417 5700 6477 5760 6478 5761 6418 5701 6478 5761 6479 5762 6423 5707 6484 5767 6424 5706 6419 5702 6479 5762 6480 5763 6420 5703 6480 5763 6481 5764 6421 5704 6481 5764 6482 5765 6424 5706 6485 5768 6425 5708 6422 5705 6482 5765 6483 5766 6425 5708 6486 5769 6426 5709 6423 5707 6483 5766 6484 5767 6370 5651 6369 5650 6426 5709 6371 5652 6370 5651 6427 5710 6372 5653 6371 5652 6428 5711 6424 5706 6484 5767 6485 5768 6373 5654 6372 5653 6429 5712 6374 5655 6373 5654 6430 5713 6485 5768 6486 5769 6425 5708 6375 5656 6374 5655 6431 5714 6486 5769 6487 5770 6426 5709 6376 5657 6375 5656 6432 5715 6487 5770 6488 5771 6427 5710 6377 5659 6376 5657 6433 5716 6488 5771 6489 5772 6428 5711 6378 5660 6377 5659 6434 5717 6489 5772 6490 5773 6429 5712 6379 5661 6378 5660 6435 5718 6490 5773 6491 5774 6430 5713 6380 5662 6379 5661 6436 5719 6491 5774 6492 5775 6431 5714 6381 5663 6380 5662 6437 5720 6492 5775 6493 5776 6432 5715 6438 5721 6439 5722 6382 5664 6493 5776 6494 5777 6433 5716 6383 5665 6439 5722 6440 5723 6494 5777 6495 5778 6434 5717 6384 5666 6440 5723 6441 5724 6495 5778 6496 5779 6435 5718 6496 5779 6497 5780 6436 5719 6267 5551 6441 5724 6268 5552 6497 5780 6498 5781 6437 5720 6498 5781 6499 5782 6438 5721 6269 5553 6268 5552 6324 5604 6499 5782 6500 5783 6439 5722 6028 5304 6324 5604 6151 5433 6500 5783 6440 5723 6439 5722 6150 5432 6151 5433 6447 5728 6501 5784 6441 5724 6440 5723 5356 4615 6447 5728 5595 4860 5326 4859 5595 4860 5721 5667 6503 5785 6268 5552 6441 5724 6204 5487 5328 5061 5327 5668 5906 5429 5325 5430 6204 5487 6324 5604 6323 5603 6151 5433 6030 5307 5722 4997 5906 5429 6447 5728 6208 5491 5595 4860 5722 4997 5847 5306 5723 4998 5721 5667 5328 5061 6204 5487 6272 5732 6450 5673 6328 5672 6329 5786 6390 5787 6273 5733 6450 5673 4966 5376 6097 5313 6453 5735 4967 5734 6334 5788 6334 5788 6508 5495 6453 5735 6391 5674 4967 5734 6453 5735 6391 5674 6453 5735 6392 5675 6337 5615 6392 5675 6509 5616 6454 5736 6509 5616 6392 5675 4889 5737 6512 5789 4888 5790 6509 5616 6512 5789 6338 5617 5196 5499 4889 5737 6455 5738 4889 5737 6338 5617 6512 5789 6395 5678 6455 5738 6456 5739 4888 5790 6455 5738 4889 5737 6397 5680 6396 5679 6457 5740 6513 5791 6456 5739 6455 5738 6398 5681 6397 5680 6458 5741 6514 5792 6515 5793 6457 5740 6515 5793 6516 5794 6458 5741 6399 5682 6398 5681 6459 5742 6517 5795 6459 5742 6516 5794 6460 5743 6517 5795 6461 5744 6461 5744 6518 5796 6462 5745 6517 5795 6518 5796 6461 5744 6462 5745 6519 5797 6463 5747 6463 5747 6520 5798 6464 5746 6518 5796 6519 5797 6462 5745 6464 5746 6521 5799 6465 5748 6519 5797 6520 5798 6463 5747 6520 5798 6521 5799 6464 5746 6465 5748 6522 5800 6466 5749 6405 5688 6404 5687 6466 5749 6465 5748 6521 5799 6522 5800 6523 5801 6467 5750 6466 5749 6466 5749 6522 5800 6523 5801 6524 5802 6468 5751 6467 5750 6525 5803 6469 5752 6468 5751 6467 5750 6523 5801 6524 5802 6526 5804 6470 5753 6469 5752 6468 5751 6524 5802 6525 5803 6527 5805 6471 5754 6470 5753 6528 5806 6472 5755 6471 5754 6469 5752 6525 5803 6526 5804 6529 5807 6473 5756 6472 5755 6530 5808 6474 5757 6473 5756 6470 5753 6526 5804 6527 5805 6531 5809 6475 5758 6474 5757 6532 5810 6476 5759 6475 5758 6471 5754 6527 5805 6528 5806 6533 5811 6477 5760 6476 5759 6472 5755 6528 5806 6529 5807 6534 5812 6478 5761 6477 5760 6473 5756 6529 5807 6530 5808 6535 5813 6479 5762 6478 5761 6474 5757 6530 5808 6531 5809 6536 5814 6480 5763 6479 5762 6475 5758 6531 5809 6532 5810 6482 5765 6481 5764 6537 5815 6476 5759 6532 5810 6533 5811 6483 5766 6482 5765 6538 5816 6477 5760 6533 5811 6534 5812 6484 5767 6483 5766 6539 5817 6478 5761 6534 5812 6535 5813 6479 5762 6535 5813 6536 5814 6480 5763 6536 5814 6541 5818 6485 5768 6484 5767 6540 5819 6481 5764 6541 5818 6537 5815 6482 5765 6537 5815 6538 5816 6486 5769 6485 5768 6542 5820 6483 5766 6538 5816 6539 5817 6487 5770 6486 5769 6543 5821 6484 5767 6539 5817 6540 5819 6427 5710 6426 5709 6487 5770 6428 5711 6427 5710 6488 5771 6429 5712 6428 5711 6489 5772 6485 5768 6540 5819 6542 5820 6430 5713 6429 5712 6490 5773 6431 5714 6430 5713 6491 5774 6542 5820 6543 5821 6486 5769 6432 5715 6431 5714 6492 5775 6543 5821 6544 5822 6487 5770 6433 5716 6432 5715 6493 5776 6544 5822 6545 5823 6488 5771 6434 5717 6433 5716 6494 5777 6545 5823 6546 5824 6489 5772 6435 5718 6434 5717 6495 5778 6546 5824 6547 5825 6490 5773 6436 5719 6435 5718 6496 5779 6547 5825 6548 5826 6491 5774 6437 5720 6436 5719 6497 5780 6548 5826 6549 5827 6492 5775 6438 5721 6437 5720 6498 5781 6549 5827 6550 5828 6493 5776 6439 5722 6438 5721 6499 5782 6550 5828 6551 5829 6494 5777 6500 5783 6501 5784 6440 5723 6551 5829 6552 5830 6495 5778 6441 5724 6501 5784 6502 5831 6552 5830 6553 5832 6496 5779 6441 5724 6502 5831 6503 5785 6553 5832 6554 5833 6497 5780 6554 5833 6555 5834 6498 5781 6268 5552 6503 5785 6323 5603 6555 5834 6556 5835 6499 5782 6556 5835 6557 5836 6500 5783 6151 5433 6323 5603 6206 5489 6557 5836 6558 5837 6501 5784 6447 5728 6206 5489 6208 5491 6558 5837 6502 5831 6501 5784 6559 5838 6503 5785 6502 5831 5324 4587 5595 4860 6327 5607 6503 5785 6560 5839 6323 5603 6561 5840 6562 5841 6445 5726 6563 5842 6386 5843 6209 5608 6030 5307 6204 5487 5327 5668 6206 5489 6323 5603 6442 5844 6446 5727 5319 5845 5320 4585 6504 5846 6389 5730 6271 5847 6327 5607 5595 4860 6208 5491 5847 5306 6385 5669 5970 5242 5723 4998 5971 5243 5372 4631 6390 5787 6507 5848 6333 5611 6450 5673 6273 5733 6334 5788 6334 5788 4967 5734 6450 5673 6737 5849 7022 5850 6214 5851 6508 5495 6393 5852 6454 5736 6509 5616 6454 5736 6393 5852 6454 5736 6453 5735 6508 5495 6512 5789 6509 5616 6566 5853 6509 5616 6393 5852 6566 5853 4888 5790 6567 5854 5198 5855 4885 5856 6680 5857 6739 5858 6566 5853 6567 5854 6512 5789 6455 5738 4888 5790 6513 5791 4888 5790 6512 5789 6567 5854 6456 5739 6513 5791 6514 5792 5198 5855 6513 5791 4888 5790 6457 5740 6456 5739 6514 5792 6458 5741 6457 5740 6515 5793 6568 5859 6514 5792 6513 5791 6568 5859 6569 5860 6514 5792 6459 5742 6458 5741 6516 5794 6569 5860 6570 5861 6515 5793 6570 5861 6571 5862 6516 5794 6460 5743 6459 5742 6517 5795 6517 5795 6571 5862 6572 5863 6517 5795 6573 5864 6518 5796 6517 5795 6572 5863 6573 5864 6518 5796 6573 5864 6519 5797 6519 5797 6574 5865 6520 5798 6520 5798 6575 5866 6521 5799 6519 5797 6573 5864 6574 5865 6521 5799 6576 5867 6522 5800 6520 5798 6574 5865 6575 5866 6521 5799 6575 5866 6576 5867 6522 5800 6577 5868 6523 5801 6522 5800 6576 5867 6577 5868 6523 5801 6578 5869 6524 5802 6523 5801 6577 5868 6578 5869 6524 5802 6579 5867 6525 5803 6525 5803 6580 5870 6526 5804 6526 5804 6581 5871 6527 5805 6578 5869 6579 5867 6524 5802 6527 5805 6582 5872 6528 5806 6579 5867 6580 5870 6525 5803 6528 5806 6583 5873 6529 5807 6529 5807 6584 5874 6530 5808 6580 5870 6581 5871 6526 5804 6530 5808 6585 5875 6531 5809 6531 5809 6586 5876 6532 5810 6581 5871 6582 5872 6527 5805 6532 5810 6587 5877 6533 5811 6533 5811 6588 5878 6534 5812 6582 5872 6583 5873 6528 5806 6534 5812 6589 5879 6535 5813 6583 5873 6584 5874 6529 5807 6535 5813 6590 5880 6536 5814 6584 5874 6585 5875 6530 5808 6536 5814 6591 5881 6541 5818 6585 5875 6586 5876 6531 5809 6481 5764 6480 5763 6541 5818 6532 5810 6586 5876 6587 5877 6592 5882 6537 5815 6541 5818 6533 5811 6587 5877 6588 5878 6593 5883 6538 5816 6537 5815 6534 5812 6588 5878 6589 5879 6594 5884 6539 5817 6538 5816 6535 5813 6589 5879 6590 5880 6595 5885 6540 5819 6539 5817 6536 5814 6590 5880 6591 5881 6541 5818 6591 5881 6592 5882 6537 5815 6592 5882 6593 5883 6597 5886 6542 5820 6540 5819 6538 5816 6593 5883 6594 5884 6539 5817 6594 5884 6595 5885 6597 5886 6543 5821 6542 5820 6540 5819 6595 5885 6596 5887 6488 5771 6487 5770 6544 5822 6489 5772 6488 5771 6545 5823 6596 5887 6597 5886 6540 5819 6490 5773 6489 5772 6546 5824 6491 5774 6490 5773 6547 5825 6492 5775 6491 5774 6548 5826 6597 5886 6598 5888 6543 5821 6493 5776 6492 5775 6549 5827 6598 5888 6599 5889 6544 5822 6494 5777 6493 5776 6550 5828 6599 5889 6600 5890 6545 5823 6495 5778 6494 5777 6551 5829 6600 5890 6601 5891 6546 5824 6496 5779 6495 5778 6552 5830 6601 5891 6602 5892 6547 5825 6497 5780 6496 5779 6553 5832 6602 5892 6603 5893 6548 5826 6498 5781 6497 5780 6554 5833 6603 5893 6604 5894 6549 5827 6499 5782 6498 5781 6555 5834 6604 5894 6605 5895 6550 5828 6500 5783 6499 5782 6556 5835 6605 5895 6606 5896 6551 5829 6501 5784 6500 5783 6557 5836 6606 5896 6607 5897 6552 5830 6558 5837 6559 5838 6502 5831 6607 5897 6608 5898 6553 5832 6503 5785 6559 5838 6560 5839 6608 5898 6609 5899 6554 5833 6609 5899 6610 5900 6555 5834 6323 5603 6560 5839 6442 5844 6610 5900 6611 5901 6556 5835 6611 5901 6612 5902 6557 5836 6206 5489 6442 5844 6207 5490 6612 5902 6613 5903 6558 5837 6208 5491 6207 5490 6327 5607 6613 5903 6559 5838 6558 5837 6093 5493 5322 4586 5319 5845 6560 5839 6559 5838 6614 5904 5328 5061 5324 4587 5323 5241 6560 5839 6443 5905 6442 5844 5327 5668 5323 5241 6444 5725 6326 5606 6443 5905 6561 5840 6207 5490 6442 5844 6326 5606 6326 5606 6445 5726 6327 5607 6385 5669 5847 5306 6030 5307 6449 5731 6389 5730 6616 5906 6617 5907 6618 5908 6619 5909 5847 5306 5970 5242 5723 4998 5327 5668 5328 5061 5323 5241 6507 5848 6390 5787 6329 5786 6334 5788 6390 5787 6564 5910 6565 5496 6564 5910 6034 5911 6565 5496 6334 5788 6564 5910 6034 5911 6216 5912 6565 5496 6620 5913 6621 5914 5786 5915 6508 5495 6334 5788 6565 5496 6622 5916 6566 5853 6393 5852 6393 5852 6508 5495 6217 5497 6567 5854 6566 5853 6623 5917 6393 5852 6217 5497 6622 5916 6567 5854 6623 5917 4882 5918 6622 5916 6623 5917 6566 5853 6513 5791 5198 5855 6568 5859 4882 5918 5198 5855 6567 5854 6624 5919 6568 5859 5198 5855 6515 5793 6514 5792 6569 5860 6516 5794 6515 5793 6570 5861 6625 5920 6626 5921 6569 5860 6517 5795 6516 5794 6571 5862 6626 5921 6627 5922 6571 5862 6573 5864 6572 5863 6628 5923 6572 5863 6627 5922 6629 5924 6572 5863 6629 5924 6628 5923 6574 5865 6573 5864 6630 5925 6573 5864 6628 5923 6630 5925 6575 5866 6574 5865 6631 5926 6576 5867 6575 5866 6632 5927 6574 5865 6630 5925 6631 5926 6577 5868 6576 5867 6633 5928 6575 5866 6631 5926 6632 5927 6576 5867 6632 5927 6633 5928 6578 5869 6577 5868 6634 5929 6577 5868 6633 5928 6634 5929 6578 5869 6635 5930 6579 5867 6578 5869 6634 5929 6635 5930 6579 5867 6636 5931 6580 5870 6580 5870 6637 5932 6581 5871 6581 5871 6638 5933 6582 5872 6579 5867 6635 5930 6636 5931 6582 5872 6639 5934 6583 5873 6580 5870 6636 5931 6637 5932 6583 5873 6640 5935 6584 5874 6584 5874 6641 5936 6585 5875 6581 5871 6637 5932 6638 5933 6585 5875 6642 5937 6586 5876 6586 5876 6643 5938 6587 5877 6582 5872 6638 5933 6639 5934 6587 5877 6644 5939 6588 5878 6588 5878 6645 5940 6589 5879 6583 5873 6639 5934 6640 5935 6589 5879 6646 5941 6590 5880 6584 5874 6640 5935 6641 5936 6590 5880 6647 5942 6591 5881 6585 5875 6641 5936 6642 5937 6591 5881 6648 5943 6592 5882 6586 5876 6642 5937 6643 5938 6592 5882 6649 5944 6593 5883 6587 5877 6643 5938 6644 5939 6593 5883 6650 5945 6594 5884 6588 5878 6644 5939 6645 5940 6594 5884 6651 5946 6595 5885 6589 5879 6645 5940 6646 5941 6595 5885 6652 5947 6596 5887 6590 5880 6646 5941 6647 5942 6591 5881 6647 5942 6648 5943 6596 5887 6653 5948 6597 5886 6592 5882 6648 5943 6649 5944 6593 5883 6649 5944 6650 5945 6594 5884 6650 5945 6651 5946 6597 5886 6654 5949 6598 5888 6595 5885 6651 5946 6652 5947 6544 5822 6543 5821 6598 5888 6653 5948 6596 5887 6652 5947 6545 5823 6544 5822 6599 5889 6546 5824 6545 5823 6600 5890 6597 5886 6653 5948 6654 5949 6547 5825 6546 5824 6601 5891 6548 5826 6547 5825 6602 5892 6549 5827 6548 5826 6603 5893 6654 5949 6655 5950 6598 5888 6550 5828 6549 5827 6604 5894 6655 5950 6656 5951 6599 5889 6551 5829 6550 5828 6605 5895 6656 5951 6657 5952 6600 5890 6552 5830 6551 5829 6606 5896 6657 5952 6658 5953 6601 5891 6553 5832 6552 5830 6607 5897 6658 5953 6659 5954 6602 5892 6554 5833 6553 5832 6608 5898 6659 5954 6660 5955 6603 5893 6555 5834 6554 5833 6609 5899 6660 5955 6661 5956 6604 5894 6556 5835 6555 5834 6610 5900 6661 5956 6662 5957 6605 5895 6557 5836 6556 5835 6611 5901 6662 5957 6663 5958 6606 5896 6558 5837 6557 5836 6612 5902 6663 5958 6664 5959 6607 5897 6613 5903 6614 5904 6559 5838 6664 5959 6665 5960 6608 5898 6560 5839 6614 5904 6615 5961 6665 5960 6666 5962 6609 5899 6560 5839 6615 5961 6443 5905 6666 5962 6667 5963 6610 5900 6667 5963 6668 5964 6611 5901 6442 5844 6443 5905 6326 5606 6668 5964 6669 5965 6612 5902 6669 5965 6670 5966 6613 5903 6670 5966 6671 5967 6614 5904 6327 5607 6445 5726 5320 4585 6671 5967 6615 5961 6614 5904 6615 5961 6672 5968 6443 5905 6674 5969 6504 5846 6386 5843 6385 5669 5327 5668 6444 5725 6209 5608 5970 5242 6385 5669 5320 4585 5324 4587 6327 5607 5971 5243 6095 5372 5372 4631 6332 5610 6331 5609 6451 5970 6273 5733 6390 5787 6334 5788 6564 5910 6333 5611 6034 5911 6033 5971 6621 5914 6216 5912 6216 5912 6679 5972 6217 5497 6679 5972 6622 5916 6217 5497 6217 5497 6565 5496 6216 5912 6511 5973 6623 5917 6622 5916 6622 5916 6679 5972 6511 5973 4883 5974 4882 5918 6680 5857 5198 5855 4882 5918 6624 5919 6511 5973 6680 5857 6623 5917 4882 5918 6623 5917 6680 5857 6568 5859 6624 5919 6625 5920 6569 5860 6568 5859 6625 5920 4883 5974 6624 5919 4882 5918 6570 5861 6569 5860 6626 5921 6571 5862 6570 5861 6626 5921 6681 5975 6682 5976 6625 5920 6682 5976 6683 5977 6626 5921 6572 5863 6571 5862 6627 5922 6683 5977 6684 5978 6627 5922 6684 5978 6628 5923 6629 5924 6630 5925 6628 5923 6685 5979 6628 5923 6684 5978 6685 5979 6631 5926 6630 5925 6686 5980 6630 5925 6685 5979 6686 5980 6632 5927 6631 5926 6687 5981 6633 5928 6632 5927 6688 5982 6631 5926 6686 5980 6687 5981 6634 5929 6633 5928 6689 5983 6632 5927 6687 5981 6688 5982 6633 5928 6688 5982 6689 5983 6635 5930 6634 5929 6690 5984 6634 5929 6689 5983 6690 5984 6636 5931 6635 5930 6691 5985 6635 5930 6690 5984 6691 5985 6637 5932 6636 5931 6692 5986 6638 5933 6637 5932 6693 5987 6639 5934 6638 5933 6694 5988 6636 5931 6691 5985 6692 5986 6640 5935 6639 5934 6695 5989 6637 5932 6692 5986 6693 5987 6641 5936 6640 5935 6696 5990 6642 5937 6641 5936 6697 5991 6638 5933 6693 5987 6694 5988 6643 5938 6642 5937 6698 5992 6644 5939 6643 5938 6699 5993 6639 5934 6694 5988 6695 5989 6645 5940 6644 5939 6700 5994 6646 5941 6645 5940 6701 5995 6640 5935 6695 5989 6696 5990 6647 5942 6646 5941 6702 5996 6641 5936 6696 5990 6697 5991 6648 5943 6647 5942 6703 5997 6642 5937 6697 5991 6698 5992 6649 5944 6648 5943 6704 5998 6643 5938 6698 5992 6699 5993 6650 5945 6649 5944 6705 5999 6644 5939 6699 5993 6700 5994 6651 5946 6650 5945 6706 6000 6645 5940 6700 5994 6701 5995 6652 5947 6651 5946 6707 6001 6646 5941 6701 5995 6702 5996 6653 5948 6652 5947 6708 6002 6647 5942 6702 5996 6703 5997 6648 5943 6703 5997 6704 5998 6654 5949 6653 5948 6709 6003 6649 5944 6704 5998 6705 5999 6650 5945 6705 5999 6706 6000 6651 5946 6706 6000 6707 6001 6655 5950 6654 5949 6710 6004 6652 5947 6707 6001 6708 6002 6599 5889 6598 5888 6655 5950 6709 6003 6653 5948 6708 6002 6600 5890 6599 5889 6656 5951 6601 5891 6600 5890 6657 5952 6602 5892 6601 5891 6658 5953 6710 6004 6654 5949 6709 6003 6603 5893 6602 5892 6659 5954 6604 5894 6603 5893 6660 5955 6710 6004 6711 6005 6655 5950 6605 5895 6604 5894 6661 5956 6711 6005 6712 6006 6656 5951 6606 5896 6605 5895 6662 5957 6712 6006 6713 6007 6657 5952 6607 5897 6606 5896 6663 5958 6713 6007 6714 6008 6658 5953 6608 5898 6607 5897 6664 5959 6714 6008 6715 6009 6659 5954 6609 5899 6608 5898 6665 5960 6715 6009 6716 6010 6660 5955 6610 5900 6609 5899 6666 5962 6716 6010 6717 6011 6661 5956 6611 5901 6610 5900 6667 5963 6717 6011 6718 6012 6662 5957 6612 5902 6611 5901 6668 5964 6718 6012 6719 6013 6663 5958 6613 5903 6612 5902 6669 5965 6719 6013 6720 6014 6664 5959 6614 5904 6613 5903 6670 5966 6720 6014 6721 6015 6665 5960 6671 5967 6672 5968 6615 5961 6721 6015 6722 6016 6666 5962 6443 5905 6672 5968 6561 5840 6722 6016 6723 6017 6667 5963 6723 6017 6724 6018 6668 5964 6326 5606 6561 5840 6445 5726 6724 6018 6725 6019 6669 5965 6725 6019 6726 6020 6670 5966 6727 6021 5321 6022 5316 4582 6728 6023 6671 5967 6726 6020 6728 6023 6672 5968 6671 5967 6729 6024 6561 5840 6672 5968 5323 5241 5322 4586 6092 6025 6444 5725 6092 6025 6563 5842 6731 6026 6727 6021 6732 6027 6092 6025 5322 4586 6093 5493 5970 5242 6094 5371 5971 5243 5323 5241 6092 6025 6444 5725 6390 5787 6333 5611 6564 5910 6034 5911 6332 5610 6033 5971 6033 5971 6451 5970 5786 5915 6216 5912 6034 5911 6033 5971 6621 5914 6511 5973 6679 5972 6679 5972 6216 5912 6621 5914 6680 5857 6511 5973 6739 5858 6511 5973 6621 5914 6510 6028 6510 6028 6739 5858 6511 5973 6624 5919 4883 5974 6681 5975 4885 5856 4883 5974 6680 5857 6625 5920 6624 5919 6681 5975 6626 5921 6625 5920 6682 5976 6740 6029 6681 5975 4883 5974 6627 5922 6626 5921 6683 5977 6740 6029 6741 6030 6682 5976 6741 6030 6742 6031 6683 5977 6629 5924 6627 5922 6684 5978 6743 6032 6684 5978 6742 6031 6743 6032 6685 5979 6684 5978 6744 6033 6686 5980 6685 5979 6685 5979 6743 6032 6744 6033 6745 6034 6687 5981 6686 5980 6686 5980 6744 6033 6745 6034 6746 6035 6688 5982 6687 5981 6687 5981 6745 6034 6746 6035 6747 6036 6689 5983 6688 5982 6748 6037 6690 5984 6689 5983 6688 5982 6746 6035 6747 6036 6689 5983 6747 6036 6748 6037 6749 6038 6691 5985 6690 5984 6690 5984 6748 6037 6749 6038 6750 6039 6692 5986 6691 5985 6691 5985 6749 6038 6750 6039 6751 6040 6693 5987 6692 5986 6752 6041 6694 5988 6693 5987 6692 5986 6750 6039 6751 6040 6696 5990 6695 5989 6754 6042 6693 5987 6751 6040 6752 6041 6697 5991 6696 5990 6755 6043 6698 5992 6697 5991 6756 6044 6694 5988 6752 6041 6753 6045 6699 5993 6698 5992 6757 6046 6700 5994 6699 5993 6758 6047 6695 5989 6753 6045 6754 6042 6701 5995 6700 5994 6759 6048 6702 5996 6701 5995 6760 6049 6696 5990 6754 6042 6755 6043 6703 5997 6702 5996 6761 6050 6697 5991 6755 6043 6756 6044 6704 5998 6703 5997 6762 6051 6698 5992 6756 6044 6757 6046 6705 5999 6704 5998 6763 6052 6699 5993 6757 6046 6758 6047 6706 6000 6705 5999 6764 6053 6700 5994 6758 6047 6759 6048 6707 6001 6706 6000 6765 6054 6701 5995 6759 6048 6760 6049 6708 6002 6707 6001 6766 6055 6702 5996 6760 6049 6761 6050 6709 6003 6708 6002 6767 6056 6703 5997 6761 6050 6762 6051 6704 5998 6762 6051 6763 6052 6705 5999 6763 6052 6764 6053 6710 6004 6709 6003 6768 6057 6706 6000 6764 6053 6765 6054 6707 6001 6765 6054 6766 6055 6711 6005 6710 6004 6769 6058 6708 6002 6766 6055 6767 6056 6656 5951 6655 5950 6711 6005 6657 5952 6656 5951 6712 6006 6658 5953 6657 5952 6713 6007 6709 6003 6767 6056 6768 6057 6659 5954 6658 5953 6714 6008 6660 5955 6659 5954 6715 6009 6768 6057 6769 6058 6710 6004 6661 5956 6660 5955 6716 6010 6769 6058 6770 6059 6711 6005 6662 5957 6661 5956 6717 6011 6770 6059 6771 6060 6712 6006 6663 5958 6662 5957 6718 6012 6771 6060 6772 6061 6713 6007 6664 5959 6663 5958 6719 6013 6772 6061 6773 6062 6714 6008 6665 5960 6664 5959 6720 6014 6773 6062 6774 6063 6715 6009 6666 5962 6665 5960 6721 6015 6774 6063 6775 6064 6716 6010 6667 5963 6666 5962 6722 6016 6775 6064 6776 6065 6717 6011 6668 5964 6667 5963 6723 6017 6776 6065 6777 6066 6718 6012 6669 5965 6668 5964 6724 6018 6777 6066 6778 6067 6719 6013 6670 5966 6669 5965 6725 6019 6778 6067 6779 6068 6720 6014 6671 5967 6670 5966 6726 6020 6779 6068 6780 6069 6721 6015 6728 6023 6729 6024 6672 5968 6780 6069 6781 6070 6722 6016 6561 5840 6729 6024 6730 6071 6781 6070 6782 6072 6723 6017 6561 5840 6730 6071 6562 5841 6782 6072 6783 6073 6724 6018 6783 6073 6784 6074 6725 6019 6445 5726 6562 5841 6446 5727 6784 6074 6785 6075 6726 6020 6446 5727 6673 6076 5319 5845 6785 6075 6786 6077 6728 6023 6211 5494 6093 5493 6727 6021 6728 6023 6786 6077 6729 6024 6730 6071 6729 6024 6787 6078 6563 5842 6210 5492 6674 5969 6788 6079 6562 5841 6730 6071 6209 5608 6444 5725 6563 5842 6446 5727 6562 5841 6673 6076 6386 5843 6094 5371 6209 5608 5320 4585 5319 5845 5322 4586 6094 5371 6386 5843 6271 5847 6789 6080 6790 6081 6617 5907 6333 5611 6332 5610 6034 5911 6734 6082 6677 6083 6452 6084 6793 6085 6792 6086 6215 6087 5786 5915 6621 5914 6033 5971 6794 6088 6510 6028 6621 5914 6739 5858 6510 6028 6794 6088 6621 5914 6620 5913 6794 6088 6739 5858 6794 6088 4874 4253 4883 5974 4885 5856 6740 6029 4885 5856 6739 5858 4874 4253 6682 5976 6681 5975 6740 6029 6795 6089 6740 6029 4885 5856 6795 6089 6796 6090 6740 6029 6683 5977 6682 5976 6741 6030 6796 6090 6797 6091 6741 6030 6684 5978 6683 5977 6742 6031 6797 6091 6798 6092 6742 6031 6798 6092 6799 6093 6742 6031 6744 6033 6743 6032 6800 6094 6799 6093 6800 6094 6743 6032 6744 6033 6801 6095 6745 6034 6744 6033 6800 6094 6801 6095 6745 6034 6802 6096 6746 6035 6745 6034 6801 6095 6802 6096 6746 6035 6803 6097 6747 6036 6747 6036 6804 6098 6748 6037 6746 6035 6802 6096 6803 6097 6748 6037 6805 6099 6749 6038 6747 6036 6803 6097 6804 6098 6748 6037 6804 6098 6805 6099 6749 6038 6807 6100 6750 6039 6749 6038 6805 6099 6806 6101 6749 6038 6806 6101 6807 6100 6750 6039 6808 6102 6751 6040 6751 6040 6809 6103 6752 6041 6750 6039 6807 6100 6808 6102 6752 6041 6810 6104 6753 6045 6695 5989 6694 5988 6753 6045 6811 6105 6754 6042 6753 6045 6809 6103 6751 6040 6808 6102 6812 6106 6755 6043 6754 6042 6810 6104 6752 6041 6809 6103 6812 6106 6756 6044 6755 6043 6813 6107 6757 6046 6756 6044 6811 6105 6753 6045 6810 6104 6814 6108 6758 6047 6757 6046 6815 6109 6759 6048 6758 6047 6812 6106 6754 6042 6811 6105 6816 6110 6760 6049 6759 6048 6817 6111 6761 6050 6760 6049 6813 6107 6756 6044 6812 6106 6818 6112 6762 6051 6761 6050 6814 6108 6757 6046 6813 6107 6819 6113 6763 6052 6762 6051 6815 6109 6758 6047 6814 6108 6820 6114 6764 6053 6763 6052 6816 6110 6759 6048 6815 6109 6821 6115 6765 6054 6764 6053 6817 6111 6760 6049 6816 6110 6822 6116 6766 6055 6765 6054 6818 6112 6761 6050 6817 6111 6823 6117 6767 6056 6766 6055 6819 6113 6762 6051 6818 6112 6820 6114 6763 6052 6819 6113 6821 6115 6764 6053 6820 6114 6824 6118 6768 6057 6767 6056 6822 6116 6765 6054 6821 6115 6823 6117 6766 6055 6822 6116 6825 6119 6769 6058 6768 6057 6824 6118 6767 6056 6823 6117 6712 6006 6711 6005 6770 6059 6713 6007 6712 6006 6771 6060 6714 6008 6713 6007 6772 6061 6768 6057 6824 6118 6825 6119 6715 6009 6714 6008 6773 6062 6716 6010 6715 6009 6774 6063 6825 6119 6826 6120 6769 6058 6717 6011 6716 6010 6775 6064 6826 6120 6827 6121 6770 6059 6718 6012 6717 6011 6776 6065 6827 6121 6828 6122 6771 6060 6719 6013 6718 6012 6777 6066 6828 6122 6829 6123 6772 6061 6720 6014 6719 6013 6778 6067 6829 6123 6830 6124 6773 6062 6721 6015 6720 6014 6779 6068 6830 6124 6831 6125 6774 6063 6722 6016 6721 6015 6780 6069 6831 6125 6832 6126 6775 6064 6723 6017 6722 6016 6781 6070 6832 6126 6833 6127 6776 6065 6724 6018 6723 6017 6782 6072 6833 6127 6834 6128 6777 6066 6725 6019 6724 6018 6783 6073 6834 6128 6835 6129 6778 6067 6726 6020 6725 6019 6784 6074 6835 6129 6836 6130 6779 6068 6728 6023 6726 6020 6785 6075 6836 6130 6837 6131 6780 6069 6786 6077 6787 6078 6729 6024 6837 6131 6838 6132 6781 6070 6730 6071 6787 6078 6788 6079 6838 6132 6839 6133 6782 6072 6562 5841 6788 6079 6673 6076 6839 6133 6840 6134 6783 6073 6840 6134 6841 6135 6784 6074 6842 6136 6731 6026 6732 6027 6785 6075 6841 6135 6843 6137 5319 5845 5317 4583 5321 6022 6844 6138 6786 6077 6843 6137 6844 6138 6787 6078 6786 6077 6787 6078 6845 6139 6788 6079 6092 6025 6093 5493 6210 5492 6673 6076 6788 6079 6846 6140 5313 4579 6732 6027 5314 4580 5319 5845 6673 6076 5317 4583 6387 5670 6731 6026 6848 6141 5319 5845 5321 6022 6093 5493 6676 6142 6616 5906 6850 6143 6094 5371 6271 5847 6095 5372 6563 5842 6092 6025 6210 5492 6734 6144 6452 6144 6451 6144 6332 5610 6451 5970 6033 5971 6451 5970 6452 6084 5787 6145 5787 6145 5786 5915 6451 5970 6791 6146 5787 6145 5788 6147 5787 6145 6791 6146 5786 5915 6791 6146 6854 6148 6620 5913 6791 6146 6620 5913 5786 5915 6854 6148 6794 6088 6620 5913 6794 6088 6854 6148 6738 6149 4885 5856 4874 4253 6795 6089 4873 4251 6794 6088 6738 6149 4873 4251 4874 4253 6794 6088 5018 4252 6795 6089 4874 4253 6741 6030 6740 6029 6796 6090 6742 6031 6741 6030 6797 6091 6855 6150 6856 6151 6796 6090 6856 6151 6857 6152 6797 6091 6743 6032 6742 6031 6799 6093 6857 6152 6858 6153 6798 6092 6860 6154 6799 6093 6858 6153 6801 6095 6800 6094 6859 6155 6800 6094 6860 6154 6859 6155 6802 6096 6801 6095 6859 6155 6803 6097 6802 6096 6861 6156 6802 6096 6859 6155 6861 6156 6804 6098 6803 6097 6862 6157 6805 6099 6804 6098 6863 6158 6803 6097 6861 6156 6862 6157 6806 6101 6805 6099 6864 6159 6804 6098 6862 6157 6863 6158 6807 6100 6806 6101 6865 6160 6805 6099 6863 6158 6864 6159 6808 6102 6807 6100 6866 6161 6806 6101 6864 6159 6865 6160 6866 6161 6868 6162 6808 6102 6807 6100 6865 6160 6866 6161 6868 6162 6869 6163 6809 6103 6869 6163 6870 6164 6810 6104 6809 6103 6808 6102 6868 6162 6870 6164 6871 6165 6811 6105 6810 6104 6809 6103 6869 6163 6871 6165 6872 6166 6812 6106 6872 6166 6873 6167 6813 6107 6811 6105 6810 6104 6870 6164 6873 6167 6874 6168 6814 6108 6874 6168 6875 6169 6815 6109 6812 6106 6811 6105 6871 6165 6875 6169 6876 6170 6816 6110 6876 6170 6877 6171 6817 6111 6813 6107 6812 6106 6872 6166 6877 6171 6878 6172 6818 6112 6814 6108 6813 6107 6873 6167 6878 6172 6879 6173 6819 6113 6815 6109 6814 6108 6874 6168 6879 6173 6880 6174 6820 6114 6816 6110 6815 6109 6875 6169 6880 6174 6881 6175 6821 6115 6817 6111 6816 6110 6876 6170 6881 6175 6882 6176 6822 6116 6818 6112 6817 6111 6877 6171 6882 6176 6883 6177 6823 6117 6819 6113 6818 6112 6878 6172 6883 6177 6884 6178 6824 6118 6820 6114 6819 6113 6879 6173 6821 6115 6820 6114 6880 6174 6822 6116 6821 6115 6881 6175 6885 6179 6825 6119 6884 6178 6823 6117 6822 6116 6882 6176 6824 6118 6823 6117 6883 6177 6770 6059 6769 6058 6826 6120 6771 6060 6770 6059 6827 6121 6772 6061 6771 6060 6828 6122 6825 6119 6824 6118 6884 6178 6773 6062 6772 6061 6829 6123 6774 6063 6773 6062 6830 6124 6825 6119 6885 6179 6826 6120 6775 6064 6774 6063 6831 6125 6826 6120 6886 6180 6827 6121 6776 6065 6775 6064 6832 6126 6827 6121 6887 6181 6828 6122 6777 6066 6776 6065 6833 6127 6828 6122 6888 6182 6829 6123 6778 6067 6777 6066 6834 6128 6888 6182 6889 6183 6829 6123 6779 6068 6778 6067 6835 6129 6889 6183 6890 6184 6830 6124 6780 6069 6779 6068 6836 6130 6890 6184 6891 6185 6831 6125 6781 6070 6780 6069 6837 6131 6891 6185 6892 6186 6832 6126 6782 6072 6781 6070 6838 6132 6892 6186 6893 6187 6833 6127 6783 6073 6782 6072 6839 6133 6893 6187 6894 6188 6834 6128 6784 6074 6783 6073 6840 6134 6894 6188 6895 6189 6835 6129 6785 6075 6784 6074 6841 6135 6895 6189 6896 6190 6836 6130 6786 6077 6785 6075 6843 6137 6896 6190 6897 6191 6837 6131 6844 6138 6845 6139 6787 6078 6897 6191 6898 6192 6838 6132 6788 6079 6845 6139 6846 6140 6898 6192 6899 6193 6839 6133 6673 6076 6846 6140 5317 4583 6899 6193 6900 6194 6840 6134 6900 6194 6901 6195 6841 6135 5313 4579 6842 6136 6732 6027 6901 6195 6902 6196 6843 6137 6731 6026 6387 5670 6727 6021 6844 6138 6902 6196 6903 6197 6845 6139 6903 6197 6904 6198 6210 5492 6211 5494 6388 5671 6846 6140 6845 6139 6904 6198 6674 5969 6388 5671 6847 6199 6846 6140 6905 6200 5317 4583 5316 4582 5315 4581 5314 4580 6386 5843 6563 5842 6674 5969 5316 4582 5321 6022 5317 4583 6727 6021 5316 4582 6732 6027 6504 5846 6271 5847 6386 5843 6093 5493 5321 6022 6727 6021 6790 6081 6906 6201 6907 6202 6735 6203 6963 6204 6678 6205 5787 6145 6677 6083 5788 6147 5788 6147 6678 6205 6213 6206 6853 6207 5788 6147 6213 6206 6853 6207 6791 6146 5788 6147 6854 6148 6853 6207 6908 6208 6853 6207 6854 6148 6791 6146 6908 6208 6738 6149 6854 6148 4873 4251 6738 6149 6910 6209 6910 6209 4954 4249 4873 4251 6738 6149 6908 6208 6910 6209 6795 6089 5018 4252 6855 6150 6796 6090 6795 6089 6855 6150 4873 4251 4954 4249 5018 4252 6797 6091 6796 6090 6856 6151 4954 4249 6911 6210 6855 6150 6798 6092 6797 6091 6857 6152 6911 6210 6912 6211 6856 6151 6799 6093 6798 6092 6858 6153 6800 6094 6799 6093 6860 6154 6912 6211 6913 6212 6858 6153 6915 6213 6860 6154 6913 6212 6915 6213 6859 6155 6860 6154 6914 6214 6916 6215 6859 6155 6916 6215 6917 6216 6861 6156 6861 6156 6859 6155 6916 6215 6917 6216 6918 6217 6862 6157 6862 6157 6861 6156 6917 6216 6918 6217 6919 6218 6863 6158 6919 6218 6920 6219 6864 6159 6863 6158 6862 6157 6918 6217 6920 6219 6867 6220 6865 6160 6864 6159 6863 6158 6919 6218 6867 6220 6921 6221 6866 6161 6865 6160 6864 6159 6920 6219 6866 6161 6865 6160 6867 6220 6922 6222 6868 6162 6921 6221 6923 6223 6869 6163 6922 6222 6924 6224 6870 6164 6923 6223 6868 6162 6866 6161 6921 6221 6925 6225 6871 6165 6924 6224 6869 6163 6868 6162 6922 6222 6926 6226 6872 6166 6925 6225 6870 6164 6869 6163 6923 6223 6927 6227 6873 6167 6926 6226 6928 6228 6874 6168 6927 6227 6871 6165 6870 6164 6924 6224 6929 6229 6875 6169 6928 6228 6930 6230 6876 6170 6929 6229 6872 6166 6871 6165 6925 6225 6931 6231 6877 6171 6930 6230 6873 6167 6872 6166 6926 6226 6932 6232 6878 6172 6931 6231 6874 6168 6873 6167 6927 6227 6933 6233 6879 6173 6932 6232 6875 6169 6874 6168 6928 6228 6934 6234 6880 6174 6933 6233 6876 6170 6875 6169 6929 6229 6935 6235 6881 6175 6934 6234 6877 6171 6876 6170 6930 6230 6936 6236 6882 6176 6935 6235 6878 6172 6877 6171 6931 6231 6937 6237 6883 6177 6936 6236 6879 6173 6878 6172 6932 6232 6938 6238 6884 6178 6937 6237 6880 6174 6879 6173 6933 6233 6881 6175 6880 6174 6934 6234 6882 6176 6881 6175 6935 6235 6939 6239 6885 6179 6938 6238 6883 6177 6882 6176 6936 6236 6884 6178 6883 6177 6937 6237 6886 6180 6826 6120 6885 6179 6887 6181 6827 6121 6886 6180 6888 6182 6828 6122 6887 6181 6885 6179 6884 6178 6938 6238 6829 6123 6889 6183 6830 6124 6831 6125 6830 6124 6890 6184 6885 6179 6939 6239 6886 6180 6832 6126 6831 6125 6891 6185 6886 6180 6940 6240 6887 6181 6833 6127 6832 6126 6892 6186 6887 6181 6941 6241 6888 6182 6834 6128 6833 6127 6893 6187 6888 6182 6942 6242 6889 6183 6835 6129 6834 6128 6894 6188 6889 6183 6943 6243 6890 6184 6836 6130 6835 6129 6895 6189 6890 6184 6944 6244 6891 6185 6837 6131 6836 6130 6896 6190 6944 6244 6945 6245 6891 6185 6838 6132 6837 6131 6897 6191 6945 6245 6946 6246 6892 6186 6839 6133 6838 6132 6898 6192 6946 6246 6947 6247 6893 6187 6840 6134 6839 6133 6899 6193 6947 6247 6948 6248 6894 6188 6841 6135 6840 6134 6900 6194 6948 6248 6949 6249 6895 6189 6843 6137 6841 6135 6901 6195 6949 6249 6950 6250 6896 6190 6844 6138 6843 6137 6902 6196 6950 6250 6951 6251 6897 6191 6845 6139 6844 6138 6903 6197 6951 6251 6952 6252 6898 6192 6904 6198 6905 6200 6846 6140 6952 6252 6953 6253 6899 6193 5317 4583 6905 6200 5315 4581 6953 6253 6954 6254 6900 6194 6955 6255 5313 4579 5312 4578 6954 6254 6956 6256 6901 6195 5316 4582 5314 4580 6732 6027 6902 6196 6956 6256 6957 6257 6958 6258 6903 6197 6957 6257 6958 6258 6959 6259 6904 6198 6904 6198 6959 6259 6905 6200 6847 6199 6505 6260 6618 5908 5318 4584 5315 4581 6905 6200 6960 6261 6961 6262 6842 6136 6961 6262 6849 6263 6848 6141 6504 5846 6847 6199 6675 6264 6271 5847 6389 5730 6095 5372 6388 5671 6674 5969 6210 5492 6095 5372 6449 5731 5372 4631 6963 6204 6735 6203 6736 6265 6452 6084 6677 6083 5787 6145 6213 6206 6963 6204 6215 6087 6853 6207 6213 6206 6792 6086 6792 6086 6908 6208 6853 6207 6910 6209 6908 6208 6964 6266 6908 6208 6792 6086 6964 6266 6964 6266 6965 4250 6910 6209 6855 6150 5018 4252 4954 4249 6965 4250 4954 4249 6910 6209 6856 6151 6855 6150 6911 6210 4953 4248 6966 6267 4954 4249 6857 6152 6856 6151 6912 6211 6966 6267 6967 6268 6911 6210 6858 6153 6857 6152 6912 6211 6967 6268 6968 6269 6912 6211 6860 6154 6858 6153 6913 6212 6968 6269 6969 6270 6913 6212 6914 6214 6859 6155 6915 6213 6913 6212 6969 6270 6915 6213 6971 6271 6970 6272 6914 6214 6971 6271 6914 6214 6915 6213 6970 6272 6972 6273 6916 6215 6970 6272 6916 6215 6914 6214 6972 6273 6973 6274 6917 6216 6974 6275 6918 6217 6973 6274 6972 6273 6917 6216 6916 6215 6975 6276 6919 6218 6974 6275 6976 6277 6920 6219 6975 6276 6973 6274 6918 6217 6917 6216 6974 6275 6919 6218 6918 6217 6977 6278 6867 6220 6976 6277 6975 6276 6920 6219 6919 6218 6978 6279 6921 6221 6977 6278 6976 6277 6867 6220 6920 6219 6977 6278 6921 6221 6867 6220 6979 6280 6922 6222 6978 6279 6980 6281 6923 6223 6979 6280 6981 6282 6924 6224 6980 6281 6978 6279 6922 6222 6921 6221 6982 6283 6925 6225 6981 6282 6979 6280 6923 6223 6922 6222 6983 6284 6926 6226 6982 6283 6980 6281 6924 6224 6923 6223 6984 6285 6927 6227 6983 6284 6985 6286 6928 6228 6984 6285 6981 6282 6925 6225 6924 6224 6986 6287 6929 6229 6985 6286 6987 6288 6930 6230 6986 6287 6982 6283 6926 6226 6925 6225 6988 6289 6931 6231 6987 6288 6983 6284 6927 6227 6926 6226 6989 6290 6932 6232 6988 6289 6984 6285 6928 6228 6927 6227 6990 6291 6933 6233 6989 6290 6985 6286 6929 6229 6928 6228 6991 6292 6934 6234 6990 6291 6986 6287 6930 6230 6929 6229 6992 6293 6935 6235 6991 6292 6931 6231 6930 6230 6987 6288 6993 6294 6936 6236 6992 6293 6932 6232 6931 6231 6988 6289 6994 6295 6937 6237 6993 6294 6933 6233 6932 6232 6989 6290 6995 6296 6938 6238 6994 6295 6934 6234 6933 6233 6990 6291 6935 6235 6934 6234 6991 6292 6996 6297 6938 6238 6995 6296 6936 6236 6935 6235 6992 6293 6937 6237 6936 6236 6993 6294 6938 6238 6937 6237 6994 6295 6940 6240 6886 6180 6939 6239 6941 6241 6887 6181 6940 6240 6942 6242 6888 6182 6941 6241 6939 6239 6938 6238 6996 6297 6943 6243 6889 6183 6942 6242 6944 6244 6890 6184 6943 6243 6939 6239 6996 6297 6940 6240 6891 6185 6945 6245 6892 6186 6940 6240 6997 6298 6941 6241 6893 6187 6892 6186 6946 6246 6941 6241 6998 6299 6942 6242 6894 6188 6893 6187 6947 6247 6942 6242 6999 6300 6943 6243 6895 6189 6894 6188 6948 6248 6943 6243 7000 6301 6944 6244 6896 6190 6895 6189 6949 6249 6944 6244 7001 6302 6945 6245 6897 6191 6896 6190 6950 6250 6945 6245 7002 6303 6946 6246 6898 6192 6897 6191 6951 6251 6946 6246 7003 6304 6947 6247 6899 6193 6898 6192 6952 6252 7003 6304 7004 6305 6947 6247 6900 6194 6899 6193 6953 6253 7004 6305 7005 6306 6948 6248 6901 6195 6900 6194 6954 6254 7005 6306 7006 6307 6949 6249 6902 6196 6901 6195 6956 6256 7006 6307 7007 6308 6950 6250 6903 6197 6902 6196 6957 6257 7007 6308 7008 6309 6951 6251 6904 6198 6903 6197 6958 6258 7008 6309 7009 6310 6952 6252 6959 6259 5318 4584 6905 6200 7009 6310 7010 6311 6953 6253 5318 4584 7011 6312 5312 4578 6954 6254 7010 6311 7012 6313 6960 6261 6842 6136 5313 4579 6956 6256 7012 6313 7013 6314 6848 6141 6842 6136 6961 6262 7014 6315 6957 6257 7013 6314 7014 6315 7015 6316 6958 6258 6959 6259 7015 6316 7011 6312 6505 6260 6388 5671 6448 5729 6959 6259 7011 6312 5318 4584 5318 4584 5312 4578 5314 4580 6504 5846 6674 5969 6847 6199 6616 5906 6733 6317 7016 6318 7017 6319 7018 6320 6962 6321 6675 6264 6389 5730 6504 5846 6211 5494 6727 6021 6387 5670 7020 6322 6907 6202 7021 6323 6677 6083 6678 6205 5788 6147 6678 6205 6963 6204 6213 6206 6215 6087 6792 6086 6213 6206 7024 6324 7025 6325 7239 6326 6793 6085 6964 6266 6792 6086 6965 4250 6964 6266 6909 6327 6964 6266 6793 6085 6909 6327 6965 4250 6909 6327 5047 4358 6911 6210 4954 4249 6966 6267 5047 4358 4953 4248 6965 4250 5047 4358 5046 4357 4953 4248 6912 6211 6911 6210 6967 6268 5046 4357 7026 6328 6967 6268 6913 6212 6912 6211 6968 6269 7026 6328 7027 6329 6968 6269 6971 6271 6915 6213 6969 6270 7029 6330 6971 6271 6969 6270 7030 6331 6970 6272 7029 6330 6970 6272 6971 6271 7029 6330 7031 6332 6972 6273 7030 6331 7032 6333 6973 6274 7031 6332 6972 6273 6970 6272 7030 6331 7031 6332 6973 6274 6972 6273 6974 6275 7032 6333 7033 6334 6975 6276 7033 6334 7034 6335 7032 6333 6974 6275 6973 6274 6976 6277 7034 6335 7035 6336 7033 6334 6975 6276 6974 6275 6977 6278 7035 6336 7036 6337 7034 6335 6976 6277 6975 6276 6978 6279 7036 6337 7037 6338 7035 6336 6977 6278 6976 6277 7036 6337 6978 6279 6977 6278 6979 6280 7037 6338 7038 6339 6980 6281 7038 6339 7039 6340 7037 6338 6979 6280 6978 6279 6981 6282 7039 6340 7040 6341 7038 6339 6980 6281 6979 6280 6982 6283 7040 6341 7041 6342 7039 6340 6981 6282 6980 6281 6983 6284 7041 6342 7042 6343 6984 6285 7042 6343 7043 6344 7040 6341 6982 6283 6981 6282 6985 6286 7043 6344 7044 6345 7045 6346 7046 6347 6987 6288 7041 6342 6983 6284 6982 6283 7047 6348 6988 6289 7046 6347 7042 6343 6984 6285 6983 6284 7048 6349 6989 6290 7047 6348 7043 6344 6985 6286 6984 6285 7049 6350 6990 6291 7048 6349 7044 6345 6986 6287 6985 6286 7050 6351 6991 6292 7049 6350 7045 6346 6987 6288 6986 6287 7051 6352 6992 6293 7050 6351 7046 6347 6988 6289 6987 6288 7052 6353 6993 6294 7051 6352 7047 6348 6989 6290 6988 6289 7053 6354 6994 6295 7052 6353 7048 6349 6990 6291 6989 6290 7054 6355 6995 6296 7053 6354 7049 6350 6991 6292 6990 6291 7050 6351 6992 6293 6991 6292 7051 6352 6993 6294 6992 6293 7055 6356 6996 6297 7054 6355 7052 6353 6994 6295 6993 6294 7053 6354 6995 6296 6994 6295 6997 6298 6940 6240 6996 6297 6998 6299 6941 6241 6997 6298 6996 6297 6995 6296 7054 6355 6999 6300 6942 6242 6998 6299 7000 6301 6943 6243 6999 6300 7001 6302 6944 6244 7000 6301 6996 6297 7055 6356 6997 6298 7002 6303 6945 6245 7001 6302 6997 6298 7056 6357 6998 6299 7003 6304 6946 6246 7002 6303 6998 6299 7057 6358 6999 6300 6947 6247 7004 6305 6948 6248 6999 6300 7058 6359 7000 6301 6949 6249 6948 6248 7005 6306 7000 6301 7059 6360 7001 6302 6950 6250 6949 6249 7006 6307 7001 6302 7060 6361 7002 6303 6951 6251 6950 6250 7007 6308 7002 6303 7061 6362 7003 6304 6952 6252 6951 6251 7008 6309 7003 6304 7062 6363 7004 6305 6953 6253 6952 6252 7009 6310 7004 6305 7063 6364 7005 6306 6954 6254 6953 6253 7010 6311 7063 6364 7064 6365 7005 6306 6956 6256 6954 6254 7012 6313 7064 6365 7065 6366 7006 6307 6957 6257 6956 6256 7013 6314 7065 6366 7066 6367 7007 6308 6958 6258 6957 6257 7014 6315 7066 6367 7067 6368 7008 6309 6959 6259 6958 6258 7015 6316 7067 6368 7068 6369 7009 6310 7011 6312 7015 6316 7069 6370 7070 6371 7010 6311 7068 6369 7070 6371 7072 6372 7012 6313 7013 6314 7072 6372 7073 6373 7014 6315 7073 6373 7074 6374 6731 6026 6842 6136 6848 6141 7015 6316 7074 6374 7069 6370 6387 5670 6848 6141 6448 5729 7069 6370 5311 6375 7011 6312 7011 6312 5311 6375 5312 4578 6619 5909 6618 5908 6505 6260 6617 5907 6733 6317 6618 5908 7075 6376 7076 6377 6849 6263 6675 6264 6618 5908 6733 6317 6848 6141 6506 6378 6448 5729 6388 5671 6505 6260 6847 6199 6214 5851 6963 6204 6736 6265 6215 6087 6963 6204 6214 5851 6793 6085 6214 5851 7079 6379 6214 5851 6793 6085 6215 6087 7079 6379 7080 6380 6793 6085 7080 6380 6909 6327 6793 6085 5047 4358 6909 6327 7080 6380 6966 6267 4953 4248 5046 4357 7080 6380 4868 6381 5047 4358 6967 6268 6966 6267 5046 4357 5047 4358 4868 6381 5048 4359 6968 6269 6967 6268 7026 6328 5048 4359 7084 6382 5046 4357 6969 6270 6968 6269 7027 6329 7085 6383 7026 6328 7084 6382 7028 6384 6969 6270 7027 6329 7029 6330 6969 6270 7028 6384 7027 6329 7086 6385 7028 6384 7028 6384 7086 6385 7029 6330 7089 6386 7031 6332 7087 6387 7030 6331 7029 6330 7087 6387 7090 6388 7032 6333 7089 6386 7031 6332 7030 6331 7087 6387 7091 6389 7032 6333 7090 6388 7032 6333 7031 6332 7089 6386 7092 6390 7034 6335 7091 6389 7033 6334 7032 6333 7091 6389 7093 6391 7035 6336 7092 6390 7034 6335 7033 6334 7091 6389 7094 6392 7036 6337 7093 6391 7035 6336 7034 6335 7092 6390 7095 6393 7037 6338 7094 6392 7036 6337 7035 6336 7093 6391 7037 6338 7036 6337 7094 6392 7096 6394 7038 6339 7095 6393 7097 6395 7039 6340 7096 6394 7098 6396 7040 6341 7097 6395 7038 6339 7037 6338 7095 6393 7099 6397 7041 6342 7098 6396 7039 6340 7038 6339 7096 6394 7100 6398 7042 6343 7099 6397 7040 6341 7039 6340 7097 6395 7101 6399 7043 6344 7100 6398 7102 6400 7044 6345 7101 6399 7041 6342 7040 6341 7098 6396 7045 6346 6986 6287 7044 6345 7045 6346 7102 6400 7103 6401 7099 6397 7042 6343 7041 6342 7046 6347 7103 6401 7104 6402 7100 6398 7043 6344 7042 6343 7047 6348 7104 6402 7105 6403 7101 6399 7044 6345 7043 6344 7048 6349 7105 6403 7106 6404 7102 6400 7045 6346 7044 6345 7049 6350 7106 6404 7107 6405 7103 6401 7046 6347 7045 6346 7050 6351 7107 6405 7108 6406 7104 6402 7047 6348 7046 6347 7051 6352 7108 6406 7109 6407 7105 6403 7048 6349 7047 6348 7052 6353 7109 6407 7110 6408 7106 6404 7049 6350 7048 6349 7053 6354 7110 6408 7111 6409 7107 6405 7050 6351 7049 6350 7054 6355 7111 6409 7112 6410 7108 6406 7051 6352 7050 6351 7109 6407 7052 6353 7051 6352 7110 6408 7053 6354 7052 6353 7055 6356 7112 6410 7113 6411 7111 6409 7054 6355 7053 6354 7056 6357 6997 6298 7055 6356 7057 6358 6998 6299 7056 6357 7058 6359 6999 6300 7057 6358 7112 6410 7055 6356 7054 6355 7059 6360 7000 6301 7058 6359 7060 6361 7001 6302 7059 6360 7055 6356 7113 6411 7056 6357 7061 6362 7002 6303 7060 6361 7056 6357 7114 6412 7057 6358 7062 6363 7003 6304 7061 6362 7057 6358 7115 6413 7058 6359 7063 6364 7004 6305 7062 6363 7058 6359 7116 6414 7059 6360 7005 6306 7064 6365 7006 6307 7059 6360 7117 6415 7060 6361 7007 6308 7006 6307 7065 6366 7060 6361 7118 6416 7061 6362 7008 6309 7007 6308 7066 6367 7061 6362 7119 6417 7062 6363 7009 6310 7008 6309 7067 6368 7062 6363 7120 6418 7063 6364 7010 6311 7009 6310 7068 6369 7063 6364 7121 6419 7064 6365 7012 6313 7010 6311 7070 6371 7064 6365 7122 6420 7065 6366 7013 6314 7012 6313 7072 6372 7122 6420 7123 6421 7065 6366 7014 6315 7013 6314 7073 6373 7123 6421 7124 6422 7066 6367 7015 6316 7014 6315 7074 6374 7124 6422 7125 6423 7067 6368 7069 6370 7074 6374 7126 6424 7127 6425 7068 6369 7125 6423 5311 6375 7069 6370 5309 6426 7128 6427 7070 6371 7127 6425 7129 6428 6960 6261 6955 6255 7128 6427 7130 6429 7072 6372 7131 6430 6961 6262 6960 6261 7073 6373 7130 6429 7132 6431 7075 6376 6849 6263 6961 6262 7126 6424 7074 6374 7132 6431 6848 6141 6849 6263 6506 6378 7069 6370 7126 6424 5309 6426 5312 4578 5311 6375 6955 6255 6506 6378 6505 6260 6448 5729 5313 4579 6955 6255 6960 6261 6675 6264 6847 6199 6618 5908 6616 5906 7016 6318 7133 6432 6733 6317 6389 5730 6675 6264 7019 6433 6850 6143 7135 6434 7079 6379 7022 5850 7136 6435 7022 5850 7079 6379 6214 5851 7080 6380 7079 6379 7136 6435 7080 6380 7136 6435 7137 6436 4868 6381 7080 6380 4869 6437 4868 6381 7083 6438 5048 4359 7080 6380 7137 6436 4869 6437 7026 6328 5046 4357 7084 6382 4869 6437 7083 6438 4868 6381 7027 6329 7026 6328 7085 6383 7083 6438 7138 6439 5048 4359 7138 6439 7139 6440 7084 6382 7086 6385 7027 6329 7085 6383 7088 6441 7029 6330 7086 6385 7085 6383 7140 6442 7086 6385 7087 6387 7029 6330 7088 6441 7086 6385 7141 6443 7088 6441 7142 6444 7087 6387 7141 6443 7141 6443 7087 6387 7088 6441 7143 6445 7089 6386 7142 6444 7144 6446 7090 6388 7143 6445 7142 6444 7089 6386 7087 6387 7145 6447 7091 6389 7144 6446 7143 6445 7090 6388 7089 6386 7146 6448 7092 6390 7145 6447 7144 6446 7091 6389 7090 6388 7147 6449 7093 6391 7146 6448 7148 6450 7094 6392 7147 6449 7145 6447 7092 6390 7091 6389 7146 6448 7093 6391 7092 6390 7149 6451 7095 6393 7148 6450 7147 6449 7094 6392 7093 6391 7148 6450 7095 6393 7094 6392 7150 6452 7096 6394 7149 6451 7151 6453 7097 6395 7150 6452 7152 6454 7098 6396 7151 6453 7096 6394 7095 6393 7149 6451 7153 6455 7099 6397 7152 6454 7097 6395 7096 6394 7150 6452 7154 6456 7100 6398 7153 6455 7098 6396 7097 6395 7151 6453 7155 6457 7101 6399 7154 6456 7156 6458 7102 6400 7155 6457 7099 6397 7098 6396 7152 6454 7157 6459 7103 6401 7156 6458 7158 6460 7104 6402 7157 6459 7100 6398 7099 6397 7153 6455 7159 6461 7105 6403 7158 6460 7101 6399 7100 6398 7154 6456 7160 6462 7106 6404 7159 6461 7102 6400 7101 6399 7155 6457 7161 6463 7107 6405 7160 6462 7103 6401 7102 6400 7156 6458 7162 6464 7108 6406 7161 6463 7104 6402 7103 6401 7157 6459 7163 6465 7109 6407 7162 6464 7105 6403 7104 6402 7158 6460 7164 6466 7110 6408 7163 6465 7106 6404 7105 6403 7159 6461 7165 6467 7111 6409 7164 6466 7107 6405 7106 6404 7160 6462 7166 6468 7112 6410 7165 6467 7108 6406 7107 6405 7161 6463 7109 6407 7108 6406 7162 6464 7110 6408 7109 6407 7163 6465 7167 6469 7113 6411 7166 6468 7111 6409 7110 6408 7164 6466 7165 6467 7112 6410 7111 6409 7114 6412 7056 6357 7113 6411 7115 6413 7057 6358 7114 6412 7116 6414 7058 6359 7115 6413 7166 6468 7113 6411 7112 6410 7117 6415 7059 6360 7116 6414 7118 6416 7060 6361 7117 6415 7113 6411 7167 6469 7114 6412 7119 6417 7061 6362 7118 6416 7114 6412 7168 6470 7115 6413 7120 6418 7062 6363 7119 6417 7115 6413 7169 6471 7116 6414 7121 6419 7063 6364 7120 6418 7116 6414 7170 6472 7117 6415 7122 6420 7064 6365 7121 6419 7117 6415 7171 6473 7118 6416 7065 6366 7123 6421 7066 6367 7118 6416 7172 6474 7119 6417 7067 6368 7066 6367 7124 6422 7119 6417 7173 6475 7120 6418 7068 6369 7067 6368 7125 6423 7120 6418 7174 6476 7121 6419 7070 6371 7068 6369 7127 6425 7121 6419 7175 6477 7122 6420 7072 6372 7070 6371 7128 6427 7122 6420 7176 6478 7123 6421 7073 6373 7072 6372 7130 6429 7176 6478 7177 6479 7123 6421 7074 6374 7073 6373 7132 6431 7177 6479 7178 6480 7124 6422 7126 6424 7132 6431 7179 6481 7180 6482 7125 6423 7178 6480 5309 6426 7126 6424 5310 6483 7127 6425 7180 6482 7181 6484 5308 4577 7071 6485 5309 6426 7128 6427 7181 6484 7182 6486 6955 6255 5311 6375 7071 6485 7183 6487 7130 6429 7182 6486 7183 6487 7179 6481 7132 6431 5310 6483 7126 6424 7179 6481 5311 6375 5309 6426 7071 6485 6617 5907 6619 5909 6789 6080 7016 6318 6617 5907 6790 6081 6962 6321 6506 6378 7076 6377 6733 6317 6616 5906 6389 5730 6506 6378 6619 5909 6505 6260 6449 5731 6676 6142 5372 4631 6737 5849 6214 5851 6736 6265 7023 6488 6737 5849 6851 6489 7023 6488 7022 5850 6737 5849 7136 6435 7023 6488 7025 6325 7023 6488 7136 6435 7022 5850 7025 6325 7081 6490 7136 6435 7081 6490 7137 6436 7136 6435 4869 6437 7137 6436 4871 6491 4871 6491 7137 6436 7081 6490 7083 6438 4869 6437 7186 6492 7186 6492 4869 6437 4871 6491 7084 6382 5048 4359 7138 6439 7085 6383 7084 6382 7139 6440 7186 6492 7187 6493 7138 6439 7140 6442 7085 6383 7139 6440 7187 6493 7188 6494 7139 6440 7141 6443 7086 6385 7140 6442 7139 6440 7188 6494 7140 6442 7140 6442 7189 6495 7141 6443 7190 6496 7191 6497 7142 6444 7191 6497 7192 6498 7143 6445 7190 6496 7142 6444 7141 6443 7192 6498 7193 6499 7144 6446 7191 6497 7143 6445 7142 6444 7193 6499 7194 6500 7145 6447 7192 6498 7144 6446 7143 6445 7194 6500 7195 6501 7145 6447 7193 6499 7145 6447 7144 6446 7195 6501 7196 6502 7146 6448 7196 6502 7197 6503 7147 6449 7195 6501 7146 6448 7145 6447 7197 6503 7198 6504 7148 6450 7196 6502 7147 6449 7146 6448 7197 6503 7148 6450 7147 6449 7199 6505 7149 6451 7198 6504 7198 6504 7149 6451 7148 6450 7200 6506 7150 6452 7199 6505 7201 6507 7151 6453 7200 6506 7199 6505 7150 6452 7149 6451 7202 6508 7152 6454 7201 6507 7200 6506 7151 6453 7150 6452 7203 6509 7153 6455 7202 6508 7201 6507 7152 6454 7151 6453 7204 6510 7155 6457 7203 6509 7205 6511 7156 6458 7204 6510 7202 6508 7153 6455 7152 6454 7206 6512 7157 6459 7205 6511 7207 6513 7158 6460 7206 6512 7203 6509 7154 6456 7153 6455 7208 6514 7159 6461 7207 6513 7203 6509 7155 6457 7154 6456 7209 6515 7160 6462 7208 6514 7204 6510 7156 6458 7155 6457 7210 6516 7161 6463 7209 6515 7205 6511 7157 6459 7156 6458 7211 6517 7162 6464 7210 6516 7206 6512 7158 6460 7157 6459 7212 6518 7163 6465 7211 6517 7207 6513 7159 6461 7158 6460 7213 6519 7164 6466 7212 6518 7208 6514 7160 6462 7159 6461 7214 6520 7165 6467 7213 6519 7209 6515 7161 6463 7160 6462 7215 6521 7166 6468 7214 6520 7210 6516 7162 6464 7161 6463 7211 6517 7163 6465 7162 6464 7216 6522 7166 6468 7215 6521 7212 6518 7164 6466 7163 6465 7213 6519 7165 6467 7164 6466 7165 6467 7214 6520 7166 6468 7168 6470 7114 6412 7167 6469 7169 6471 7115 6413 7168 6470 7170 6472 7116 6414 7169 6471 7166 6468 7216 6522 7167 6469 7171 6473 7117 6415 7170 6472 7172 6474 7118 6416 7171 6473 7167 6469 7216 6522 7168 6470 7173 6475 7119 6417 7172 6474 7168 6470 7217 6523 7169 6471 7174 6476 7120 6418 7173 6475 7169 6471 7218 6524 7170 6472 7175 6477 7121 6419 7174 6476 7170 6472 7219 6525 7171 6473 7176 6478 7122 6420 7175 6477 7171 6473 7220 6526 7172 6474 7123 6421 7177 6479 7124 6422 7172 6474 7221 6527 7173 6475 7125 6423 7124 6422 7178 6480 7173 6475 7222 6528 7174 6476 7127 6425 7125 6423 7180 6482 7174 6476 7223 6529 7175 6477 7128 6427 7127 6425 7181 6484 7175 6477 7224 6530 7176 6478 7130 6429 7128 6427 7182 6486 7176 6478 7225 6531 7177 6479 7132 6431 7130 6429 7183 6487 7177 6479 7226 6532 7178 6480 7227 6533 5301 4573 5303 6534 7228 6535 7178 6480 7226 6532 5310 6483 7179 6481 7229 6536 7180 6482 7228 6535 7230 6537 7232 6538 7181 6484 7230 6537 7232 6538 7233 6539 7182 6486 7131 6430 7129 6428 7234 6540 7233 6539 7235 6541 7183 6487 7179 6481 7235 6541 7229 6536 5308 4577 5309 6426 5310 6483 7076 6377 6506 6378 6849 6263 7129 6428 6955 6255 7071 6485 6619 5909 6506 6378 6962 6321 6960 6261 7129 6428 7131 6430 6961 6262 7131 6430 7075 6376 7076 6377 7075 6376 7185 6542 7016 6318 6733 6317 6617 5907 6449 5731 6616 5906 6676 6142 7023 6488 6852 6543 7239 6326 7239 6326 7025 6325 7023 6488 7432 6544 5013 6545 7242 6546 7081 6490 7025 6325 7024 6324 4871 6491 7081 6490 7082 4243 7082 4243 7081 6490 7024 6324 4871 6491 4870 4245 7186 6492 7082 4243 4870 4245 4871 6491 7138 6439 7083 6438 7186 6492 4870 4245 4876 6547 7186 6492 7139 6440 7138 6439 7187 6493 4876 6547 7244 6548 7187 6493 7189 6495 7140 6442 7188 6494 7190 6496 7141 6443 7189 6495 7188 6494 7245 6549 7189 6495 7189 6495 7245 6549 7190 6496 7191 6497 7246 6550 7247 6551 7246 6550 7191 6497 7190 6496 7192 6498 7247 6551 7248 6552 7248 6552 7249 6553 7193 6499 7247 6551 7192 6498 7191 6497 7249 6553 7250 6554 7193 6499 7248 6552 7193 6499 7192 6498 7250 6554 7251 6555 7194 6500 7251 6555 7252 6556 7195 6501 7250 6554 7194 6500 7193 6499 7252 6556 7253 6557 7196 6502 7251 6555 7195 6501 7194 6500 7253 6557 7254 6558 7197 6503 7252 6556 7196 6502 7195 6501 7253 6557 7197 6503 7196 6502 7254 6558 7255 6559 7199 6505 7254 6558 7198 6504 7197 6503 7255 6559 7256 6560 7200 6506 7254 6558 7199 6505 7198 6504 7256 6560 7257 6561 7201 6507 7257 6561 7258 6562 7202 6508 7255 6559 7200 6506 7199 6505 7258 6562 7259 6563 7203 6509 7256 6560 7201 6507 7200 6506 7259 6563 7260 6564 7204 6510 7257 6561 7202 6508 7201 6507 7260 6564 7261 6565 7205 6511 7261 6565 7262 6566 7206 6512 7258 6562 7203 6509 7202 6508 7262 6566 7263 6567 7207 6513 7263 6567 7264 6568 7208 6514 7259 6563 7204 6510 7203 6509 7264 6568 7265 6569 7209 6515 7260 6564 7205 6511 7204 6510 7265 6569 7266 6570 7210 6516 7261 6565 7206 6512 7205 6511 7266 6570 7267 6571 7211 6517 7262 6566 7207 6513 7206 6512 7267 6571 7268 6572 7212 6518 7263 6567 7208 6514 7207 6513 7268 6572 7269 6573 7213 6519 7264 6568 7209 6515 7208 6514 7269 6573 7270 6574 7214 6520 7265 6569 7210 6516 7209 6515 7270 6574 7271 6575 7215 6521 7266 6570 7211 6517 7210 6516 7267 6571 7212 6518 7211 6517 7271 6575 7272 6576 7216 6522 7268 6572 7213 6519 7212 6518 7269 6573 7214 6520 7213 6519 7214 6520 7270 6574 7215 6521 7217 6523 7168 6470 7216 6522 7218 6524 7169 6471 7217 6523 7271 6575 7216 6522 7215 6521 7219 6525 7170 6472 7218 6524 7220 6526 7171 6473 7219 6525 7221 6527 7172 6474 7220 6526 7216 6522 7272 6576 7217 6523 7222 6528 7173 6475 7221 6527 7217 6523 7273 6577 7218 6524 7223 6529 7174 6476 7222 6528 7218 6524 7274 6578 7219 6525 7224 6530 7175 6477 7223 6529 7219 6525 7275 6579 7220 6526 7225 6531 7176 6478 7224 6530 7220 6526 7276 6580 7221 6527 7226 6532 7177 6479 7225 6531 7221 6527 7277 6581 7222 6528 7178 6480 7228 6535 7180 6482 7222 6528 7278 6582 7223 6529 7181 6484 7180 6482 7230 6537 7223 6529 7279 6583 7224 6530 7182 6486 7181 6484 7232 6538 7224 6530 7280 6584 7225 6531 7183 6487 7182 6486 7233 6539 7225 6531 7281 6585 7226 6532 7179 6481 7183 6487 7235 6541 7226 6532 7282 6586 7228 6535 7228 6535 7282 6586 7283 6587 5310 6483 7229 6536 7284 6588 7285 6589 7230 6537 7283 6587 7231 6590 5308 4577 5310 6483 7285 6589 7286 6591 7232 6538 7233 6539 7286 6591 7287 6592 5307 4576 7129 6428 7071 6485 7284 6588 7229 6536 7235 6541 5310 6483 7284 6588 7231 6590 7017 6319 7185 6542 7288 6593 7071 6485 5308 4577 5307 4576 7185 6542 6962 6321 7076 6377 7291 6594 7021 6594 7134 6594 6619 5909 6962 6321 6789 6080 7293 6595 7294 6596 7020 6322 6852 6543 7023 6488 6851 6489 7239 6326 6852 6543 7077 6597 7077 6597 7296 6598 7239 6326 7296 6598 7297 4244 7024 6324 7297 4244 7082 4243 7024 6324 7024 6324 7239 6326 7296 6598 4870 4245 4872 4247 4876 6547 4872 4247 4870 4245 7297 4244 7187 6493 7186 6492 4876 6547 7188 6494 7187 6493 7244 6548 4872 4247 7243 6599 4876 6547 7245 6549 7188 6494 7244 6548 7243 6599 7298 6600 7244 6548 7244 6548 7298 6600 7245 6549 7246 6550 7190 6496 7245 6549 7245 6549 7300 6601 7246 6550 7301 6602 7247 6551 7300 6601 7302 6603 7248 6552 7301 6602 7247 6551 7246 6550 7300 6601 7301 6602 7248 6552 7247 6551 7249 6553 7302 6603 7303 6604 7302 6603 7249 6553 7248 6552 7250 6554 7303 6604 7304 6605 7303 6604 7250 6554 7249 6553 7252 6556 7304 6605 7305 6606 7304 6605 7251 6555 7250 6554 7253 6557 7305 6606 7306 6607 7304 6605 7252 6556 7251 6555 7305 6606 7253 6557 7252 6556 7254 6558 7306 6607 7307 6608 7306 6607 7254 6558 7253 6557 7255 6559 7307 6608 7308 6609 7307 6608 7255 6559 7254 6558 7256 6560 7308 6609 7309 6610 7257 6561 7309 6610 7310 6611 7308 6609 7256 6560 7255 6559 7258 6562 7310 6611 7311 6612 7309 6610 7257 6561 7256 6560 7259 6563 7311 6612 7312 6613 7310 6611 7258 6562 7257 6561 7260 6564 7312 6613 7313 6614 7261 6565 7313 6614 7314 6615 7311 6612 7259 6563 7258 6562 7262 6566 7314 6615 7315 6616 7263 6567 7315 6616 7316 6617 7312 6613 7260 6564 7259 6563 7264 6568 7316 6617 7317 6618 7313 6614 7261 6565 7260 6564 7318 6619 7319 6620 7266 6570 7314 6615 7262 6566 7261 6565 7319 6620 7320 6621 7267 6571 7315 6616 7263 6567 7262 6566 7320 6621 7321 6622 7268 6572 7316 6617 7264 6568 7263 6567 7321 6622 7322 6623 7269 6573 7317 6618 7265 6569 7264 6568 7322 6623 7323 6624 7270 6574 7318 6619 7266 6570 7265 6569 7323 6624 7324 6625 7271 6575 7319 6620 7267 6571 7266 6570 7320 6621 7268 6572 7267 6571 7324 6625 7325 6626 7272 6576 7321 6622 7269 6573 7268 6572 7322 6623 7270 6574 7269 6573 7270 6574 7323 6624 7271 6575 7273 6577 7217 6523 7272 6576 7274 6578 7218 6524 7273 6577 7324 6625 7272 6576 7271 6575 7275 6579 7219 6525 7274 6578 7276 6580 7220 6526 7275 6579 7277 6581 7221 6527 7276 6580 7272 6576 7325 6626 7273 6577 7278 6582 7222 6528 7277 6581 7273 6577 7326 6627 7274 6578 7279 6583 7223 6529 7278 6582 7274 6578 7327 6628 7275 6579 7280 6584 7224 6530 7279 6583 7275 6579 7328 6629 7276 6580 7281 6585 7225 6531 7280 6584 7276 6580 7329 6630 7277 6581 7282 6586 7226 6532 7281 6585 7277 6581 7330 6631 7278 6582 7228 6535 7283 6587 7230 6537 7278 6582 7331 6632 7279 6583 7232 6538 7230 6537 7285 6589 7279 6583 7332 6633 7280 6584 7233 6539 7232 6538 7286 6591 7280 6584 7333 6634 7281 6585 7235 6541 7233 6539 7287 6592 7281 6585 7334 6635 7282 6586 7335 6636 7283 6587 7282 6586 7227 6533 7284 6588 7235 6541 7335 6636 7336 6637 7283 6587 7336 6637 7337 6638 7285 6589 7338 6639 5305 4575 7339 6640 7227 6533 7235 6541 7287 6592 7340 6641 7075 6376 7131 6430 7184 6642 7185 6542 7075 6376 5305 4575 5308 4577 7231 6590 7234 6540 7129 6428 5307 4576 7018 6320 6789 6080 6962 6321 7340 6641 7131 6430 7234 6540 7184 6642 7075 6376 7340 6641 7288 6593 7289 6643 7341 6644 7185 6542 7184 6642 7288 6593 7133 6432 7016 6318 6790 6081 7185 6542 7017 6319 6962 6321 7078 6645 7238 6646 7077 6597 7506 6647 7344 6647 7471 6647 7296 6598 7077 6597 7238 6646 7238 6646 7345 6648 7296 6598 7345 6648 7346 4246 7297 4244 7297 4244 7296 6598 7345 6648 4872 4247 4879 6649 7243 6599 4872 4247 7346 4246 7347 6650 7244 6548 4876 6547 7243 6599 4879 6649 4872 4247 7347 6650 7299 6651 7245 6549 7298 6600 7298 6600 7348 6652 7299 6651 7300 6601 7245 6549 7299 6651 7299 6651 7350 6653 7300 6601 7352 6654 7302 6603 7351 6655 7351 6655 7301 6602 7300 6601 7353 6656 7303 6604 7352 6654 7351 6655 7302 6603 7301 6602 7354 6657 7304 6605 7353 6656 7352 6654 7303 6604 7302 6603 7355 6658 7304 6605 7354 6657 7356 6659 7305 6606 7355 6658 7353 6656 7304 6605 7303 6604 7357 6660 7306 6607 7356 6659 7355 6658 7305 6606 7304 6605 7358 6661 7307 6608 7357 6660 7356 6659 7306 6607 7305 6606 7357 6660 7307 6608 7306 6607 7359 6662 7308 6609 7358 6661 7360 6663 7309 6610 7359 6662 7358 6661 7308 6609 7307 6608 7361 6664 7310 6611 7360 6663 7359 6662 7309 6610 7308 6609 7362 6665 7311 6612 7361 6664 7360 6663 7310 6611 7309 6610 7363 6666 7312 6613 7362 6665 7361 6664 7311 6612 7310 6611 7364 6667 7314 6615 7363 6666 7365 6668 7315 6616 7364 6667 7362 6665 7312 6613 7311 6612 7366 6669 7316 6617 7365 6668 7367 6670 7317 6618 7366 6669 7363 6666 7313 6614 7312 6613 7318 6619 7265 6569 7317 6618 7313 6614 7363 6666 7314 6615 7318 6619 7367 6670 7368 6671 7314 6615 7364 6667 7315 6616 7319 6620 7368 6671 7369 6672 7315 6616 7365 6668 7316 6617 7320 6621 7369 6672 7370 6673 7316 6617 7366 6669 7317 6618 7321 6622 7370 6673 7371 6674 7317 6618 7367 6670 7318 6619 7322 6623 7371 6674 7372 6675 7318 6619 7368 6671 7319 6620 7323 6624 7372 6675 7373 6676 7319 6620 7369 6672 7320 6621 7324 6625 7373 6676 7374 6677 7320 6621 7370 6673 7321 6622 7321 6622 7371 6674 7322 6623 7322 6623 7372 6675 7323 6624 7324 6625 7323 6624 7373 6676 7326 6627 7273 6577 7325 6626 7327 6628 7274 6578 7326 6627 7324 6625 7374 6677 7325 6626 7328 6629 7275 6579 7327 6628 7329 6630 7276 6580 7328 6629 7330 6631 7277 6581 7329 6630 7325 6626 7375 6678 7326 6627 7331 6632 7278 6582 7330 6631 7326 6627 7376 6679 7327 6628 7332 6633 7279 6583 7331 6632 7327 6628 7377 6680 7328 6629 7333 6634 7280 6584 7332 6633 7328 6629 7378 6681 7329 6630 7334 6635 7281 6585 7333 6634 7329 6630 7379 6682 7330 6631 7335 6636 7282 6586 7334 6635 7330 6631 7380 6683 7331 6632 7283 6587 7336 6637 7285 6589 7331 6632 7381 6684 7332 6633 7286 6591 7285 6589 7337 6638 7332 6633 7382 6685 7333 6634 7333 6634 7383 6686 7334 6635 7384 6687 7287 6592 7286 6591 7385 6688 7227 6533 7287 6592 7336 6637 7335 6636 7386 6689 5303 6534 7231 6590 7284 6588 5302 6690 5305 4575 7231 6590 7337 6638 7384 6687 7286 6591 7385 6688 7287 6592 7384 6687 7338 6639 7234 6540 5307 4576 5303 6534 7284 6588 7227 6533 5302 6690 7231 6590 5303 6534 7134 6691 7288 6593 7341 6644 5307 4576 5305 4575 7338 6639 7134 6691 6906 6201 7018 6320 6906 6201 6790 6081 6789 6080 6907 6202 7133 6432 6790 6081 7290 6692 6850 6143 7133 6432 7292 6693 7135 6434 7388 6694 7133 6432 6850 6143 6616 5906 6906 6201 6789 6080 7018 6320 6676 6142 7019 6433 5372 4631 7295 6695 7389 6696 7238 6646 7345 6648 7238 6646 7389 6696 7345 6648 7389 6696 7242 6546 7346 4246 7345 6648 7242 6546 5013 6545 7347 6650 7346 4246 7242 6546 5013 6545 7346 4246 7391 6697 4879 6649 7347 6650 7347 6650 5013 6545 7391 6697 7298 6600 7243 6599 4879 6649 4879 6649 7391 6697 4880 6698 7348 6652 7298 6600 4879 6649 7349 6699 7299 6651 7348 6652 4879 6649 7392 6700 7348 6652 7350 6653 7299 6651 7349 6699 7348 6652 7392 6700 7349 6699 7349 6699 7393 6701 7350 6653 7351 6655 7300 6601 7350 6653 7350 6653 7394 6702 7351 6655 7395 6703 7396 6704 7352 6654 7396 6704 7397 6705 7353 6656 7395 6703 7352 6654 7351 6655 7397 6705 7398 6706 7354 6657 7396 6704 7353 6656 7352 6654 7398 6706 7399 6707 7355 6658 7399 6707 7400 6708 7356 6659 7397 6705 7354 6657 7353 6656 7400 6708 7401 6709 7357 6660 7398 6706 7355 6658 7354 6657 7399 6707 7356 6659 7355 6658 7401 6709 7402 6710 7358 6661 7400 6708 7357 6660 7356 6659 7401 6709 7358 6661 7357 6660 7402 6710 7403 6711 7359 6662 7403 6711 7404 6712 7360 6663 7404 6712 7405 6713 7361 6664 7402 6710 7359 6662 7358 6661 7405 6713 7406 6714 7362 6665 7403 6711 7360 6663 7359 6662 7406 6714 7407 6715 7363 6666 7404 6712 7361 6664 7360 6663 7407 6715 7408 6716 7364 6667 7405 6713 7362 6665 7361 6664 7408 6716 7409 6717 7365 6668 7409 6717 7410 6718 7366 6669 7406 6714 7363 6666 7362 6665 7410 6718 7411 6719 7367 6670 7411 6719 7412 6720 7368 6671 7407 6715 7364 6667 7363 6666 7412 6720 7413 6721 7369 6672 7408 6716 7365 6668 7364 6667 7413 6721 7414 6722 7370 6673 7409 6717 7366 6669 7365 6668 7414 6722 7415 6723 7371 6674 7410 6718 7367 6670 7366 6669 7415 6723 7416 6724 7372 6675 7411 6719 7368 6671 7367 6670 7416 6724 7417 6725 7373 6676 7412 6720 7369 6672 7368 6671 7417 6725 7418 6726 7374 6677 7413 6721 7370 6673 7369 6672 7414 6722 7371 6674 7370 6673 7415 6723 7372 6675 7371 6674 7375 6678 7325 6626 7374 6677 7372 6675 7416 6724 7373 6676 7374 6677 7373 6676 7417 6725 7376 6679 7326 6627 7375 6678 7377 6680 7327 6628 7376 6679 7378 6681 7328 6629 7377 6680 7374 6677 7418 6726 7375 6678 7379 6682 7329 6630 7378 6681 7380 6683 7330 6631 7379 6682 7375 6678 7419 6727 7376 6679 7381 6684 7331 6632 7380 6683 7382 6685 7332 6633 7381 6684 7383 6686 7333 6634 7382 6685 7386 6689 7335 6636 7334 6635 7380 6683 7420 6728 7381 6684 7421 6729 7384 6687 7337 6638 7386 6689 7334 6635 7422 6730 7423 6731 5299 4574 7424 6732 7425 6733 7336 6637 7386 6689 7337 6638 7425 6733 7421 6729 7426 6734 7427 6735 7338 6639 5301 4573 7227 6533 7385 6688 7427 6735 7340 6641 7234 6540 7387 6736 7184 6642 7340 6641 7289 6643 7288 6593 7184 6642 7339 6640 5305 4575 5302 6690 7134 6691 7018 6320 7017 6319 7427 6735 7234 6540 7338 6639 7387 6736 7340 6641 7427 6735 7289 6643 7184 6642 7387 6736 7341 6644 7428 6737 7429 6738 7135 6434 7290 6692 7430 6739 7290 6692 7133 6432 6907 6202 7017 6319 7288 6593 7134 6691 6676 6142 6850 6143 7019 6433 7295 6695 7238 6646 7078 6645 7389 6696 7343 6740 7241 6741 7241 6741 7432 6544 7242 6546 7241 6741 7242 6546 7389 6696 5013 6545 5016 6742 7391 6697 7432 6544 5016 6742 5013 6545 7391 6697 5043 6743 4880 6698 5016 6742 5043 6743 7391 6697 7392 6700 4879 6649 4880 6698 5043 6743 7433 6744 4880 6698 7393 6701 7349 6699 7392 6700 7394 6702 7350 6653 7393 6701 7392 6700 7434 6745 7393 6701 7393 6701 7435 6746 7394 6702 7395 6703 7351 6655 7394 6702 7394 6702 7435 6746 7395 6703 7396 6704 7395 6703 7438 6747 7437 6748 7438 6747 7395 6703 7397 6705 7396 6704 7439 6749 7438 6747 7439 6749 7396 6704 7398 6706 7397 6705 7440 6750 7399 6707 7398 6706 7440 6750 7439 6749 7440 6750 7397 6705 7400 6708 7399 6707 7441 6751 7401 6709 7400 6708 7442 6752 7440 6750 7441 6751 7399 6707 7441 6751 7442 6752 7400 6708 7402 6710 7401 6709 7444 6753 7442 6752 7443 6754 7401 6709 7443 6754 7444 6753 7401 6709 7403 6711 7402 6710 7445 6755 7444 6753 7445 6755 7402 6710 7404 6712 7403 6711 7446 6756 7405 6713 7404 6712 7447 6757 7445 6755 7446 6756 7403 6711 7406 6714 7405 6713 7448 6758 7446 6756 7447 6757 7404 6712 7407 6715 7406 6714 7449 6759 7447 6757 7448 6758 7405 6713 7408 6716 7407 6715 7451 6760 7448 6758 7449 6759 7406 6714 7449 6759 7450 6761 7407 6715 7411 6719 7410 6718 7452 6762 7450 6761 7451 6760 7407 6715 7412 6720 7411 6719 7453 6763 7409 6717 7452 6762 7410 6718 7452 6762 7453 6763 7411 6719 7416 6724 7415 6723 7454 6764 7418 6726 7417 6725 7455 6765 7414 6722 7454 6764 7415 6723 7419 6727 7375 6678 7418 6726 7417 6725 7416 6724 7455 6765 7456 6766 7418 6726 7455 6765 7419 6727 7456 6766 7457 6767 7420 6728 7380 6683 7379 6682 7376 6679 7457 6767 7458 6768 7376 6679 7458 6768 7377 6680 7377 6680 7459 6769 7378 6681 7378 6681 7460 6770 7379 6682 7422 6730 7334 6635 7383 6686 7379 6682 7461 6771 7420 6728 7336 6637 7425 6733 7337 6638 7381 6684 7462 6772 7382 6685 7463 6773 7383 6686 7382 6685 7422 6730 7383 6686 7464 6774 7465 6775 7385 6688 7384 6687 5300 6776 5301 4573 7385 6688 7386 6689 7466 6777 7425 6733 5304 4572 5302 6690 5303 6534 5306 6778 7339 6640 5302 6690 7421 6729 7465 6775 7384 6687 7426 6734 7467 6779 7468 6780 5300 6776 7385 6688 7465 6775 5304 4572 5303 6534 5301 4573 5306 6778 5302 6690 5304 4572 7426 6734 7338 6639 7339 6640 7021 6323 6907 6202 6906 6201 7020 6322 7290 6692 6907 6202 7293 6595 7470 6781 7294 6596 7134 6691 7021 6323 6906 6201 7295 6695 7343 6740 7389 6696 7431 6782 7241 6782 7343 6782 7241 6783 7431 6783 7240 6783 7240 6784 7473 6784 7432 6784 7432 6785 7241 6785 7240 6785 5016 6786 7474 6786 5043 6786 5016 6787 7473 6787 7474 6787 7392 6700 4880 6698 7433 6744 5044 6788 5043 6788 7474 6788 7434 6745 7392 6700 7433 6744 7433 6789 7475 6789 7434 6789 7435 6746 7393 6701 7434 6745 7434 6790 7476 6790 7435 6790 7437 6748 7395 6703 7435 6746 7437 6791 7436 6791 7477 6791 7437 6792 7477 6792 7438 6792 7438 6793 7478 6793 7439 6793 7438 6794 7477 6794 7478 6794 7439 6795 7479 6795 7440 6795 7439 6796 7478 6796 7479 6796 7440 6797 7480 6797 7441 6797 7440 6798 7479 6798 7480 6798 7441 6799 7481 6799 7442 6799 7442 6800 7482 6800 7443 6800 7441 6801 7480 6801 7481 6801 7443 6802 7483 6802 7444 6802 7442 6803 7481 6803 7482 6803 7443 6804 7482 6804 7483 6804 7444 6805 7484 6805 7445 6805 7444 6806 7483 6806 7484 6806 7445 6807 7485 6807 7446 6807 7446 6808 7486 6808 7447 6808 7445 6755 7484 6809 7485 6810 7447 6811 7487 6811 7448 6811 7446 6756 7485 6810 7486 6812 7448 6813 7488 6813 7449 6813 7449 6814 7489 6814 7450 6814 7447 6757 7486 6812 7487 6815 7448 6758 7487 6815 7488 6816 7408 6817 7490 6817 7409 6817 7449 6759 7488 6816 7489 6818 7409 6717 7491 6819 7452 6762 7408 6716 7451 6760 7490 6820 7412 6720 7492 6821 7413 6721 7409 6717 7490 6820 7491 6819 7413 6721 7493 6822 7414 6722 7414 6722 7494 6823 7454 6764 7412 6720 7453 6763 7492 6821 7416 6724 7495 6824 7455 6765 7492 6821 7493 6822 7413 6721 7493 6822 7494 6823 7414 6722 7454 6764 7495 6824 7416 6724 7456 6766 7419 6727 7418 6726 7496 6825 7456 6825 7455 6825 7457 6767 7376 6679 7419 6727 7377 6680 7458 6768 7459 6769 7460 6770 7378 6681 7459 6769 7457 6826 7496 6826 7497 6826 7461 6771 7379 6682 7460 6770 7462 6772 7381 6684 7420 6728 7463 6773 7382 6685 7462 6772 7464 6774 7383 6686 7463 6773 7466 6777 7386 6689 7422 6730 7420 6728 7498 6827 7462 6772 7500 6828 7421 6729 7425 6733 7501 6829 7465 6775 7421 6729 7499 6830 7466 6777 7422 6730 5293 6831 5300 6776 7465 6775 5304 4572 7423 6731 5306 6778 7466 6777 7500 6828 7425 6733 5306 6778 7502 6832 7503 6833 7501 6829 7421 6729 7500 6828 7503 6833 7426 6734 7339 6640 5299 4574 5301 4573 5300 6776 7468 6780 7387 6736 7427 6735 7469 6834 7289 6643 7387 6736 7428 6737 7341 6644 7289 6643 7503 6833 7339 6640 5306 6778 7291 6835 7342 6835 7021 6835 7468 6780 7427 6735 7426 6734 7469 6834 7387 6736 7468 6780 7428 6737 7289 6643 7469 6834 7504 6836 7429 6738 7505 6837 7291 6838 7134 6691 7341 6644 7471 6839 7344 6839 7431 6839 7240 6840 7431 6840 7344 6840 7344 6841 5015 6841 7473 6841 7473 6842 7240 6842 7344 6842 7474 6843 7473 6843 5015 6843 5044 6844 7474 6844 7507 6844 7474 6845 5015 6845 7507 6845 7508 6846 7558 6846 7509 6846 7433 6847 5043 6847 5044 6847 7475 6848 7433 6848 5044 6848 5019 6849 5044 6849 7507 6849 7476 6850 7434 6850 7475 6850 5044 6851 5019 6851 7475 6851 7475 6852 7510 6852 7476 6852 7436 6853 7435 6853 7476 6853 7436 6854 7437 6854 7435 6854 7511 6855 7512 6855 7436 6855 7513 6856 7478 6856 7477 6856 7477 6857 7512 6857 7513 6857 7514 6858 7479 6858 7478 6858 7478 6859 7513 6859 7514 6859 7515 6860 7480 6860 7479 6860 7479 6861 7514 6861 7515 6861 7516 6862 7481 6862 7480 6862 7480 6863 7515 6863 7516 6863 7517 6864 7482 6864 7481 6864 7481 6865 7516 6865 7517 6865 7518 6866 7483 6866 7482 6866 7482 6867 7517 6867 7518 6867 7483 6868 7518 6868 7519 6868 7520 6869 7484 6869 7483 6869 7483 6870 7519 6870 7520 6870 7521 6871 7485 6871 7484 6871 7484 6872 7520 6872 7521 6872 7522 6873 7486 6873 7485 6873 7523 6874 7487 6874 7486 6874 7485 6875 7521 6875 7522 6875 7524 6876 7488 6816 7487 6815 7486 6877 7522 6877 7523 6877 7525 6878 7489 6818 7488 6816 7451 6760 7450 6761 7526 6879 7487 6815 7523 6880 7524 6876 7490 6820 7451 6760 7527 6881 7488 6816 7524 6876 7525 6878 7450 6761 7489 6818 7526 6879 7453 6763 7452 6762 7528 6882 7451 6760 7526 6879 7527 6881 7492 6821 7453 6763 7529 6883 7452 6762 7491 6819 7528 6882 7453 6763 7528 6882 7529 6883 7454 6764 7530 6884 7495 6824 7455 6885 7531 6885 7496 6885 7454 6764 7494 6823 7530 6884 7496 6886 7457 6886 7456 6886 7531 6887 7455 6765 7495 6824 7531 6887 7532 6888 7496 6889 7497 6890 7458 6768 7457 6767 7497 6891 7532 6891 7533 6891 7498 6827 7420 6728 7461 6771 7458 6768 7533 6892 7534 6893 7459 6769 7534 6893 7535 6894 7460 6770 7535 6894 7536 6895 7461 6771 7536 6895 7537 6896 7499 6830 7422 6730 7464 6774 7461 6771 7537 6896 7498 6827 7499 6830 7540 6897 7466 6777 7463 6773 7462 6772 7541 6898 7463 6773 7542 6899 7464 6774 7543 6900 7499 6830 7464 6774 5296 6901 5299 4574 5300 6776 7540 6897 7500 6828 7466 6777 7502 6832 7545 6902 7546 6903 5293 6831 7465 6775 7501 6829 7467 6779 7547 6904 7548 6905 5296 6901 5300 6776 5293 6831 7423 6731 5304 4572 5299 4574 7428 6737 7505 6837 7429 6738 7502 6832 5306 6778 7423 6731 7429 6738 7291 6838 7341 6644 7503 6833 7467 6779 7426 6734 7290 6692 7135 6434 6850 6143 7292 6693 7552 6906 7553 6907 7506 6908 7554 6908 7344 6908 7344 6909 7554 6909 7390 6909 5015 6910 7344 6910 7390 6910 7507 6911 5015 6911 5014 6911 7390 6912 5014 6912 5015 6912 5019 6913 7507 6913 7558 6913 7507 6914 5014 6914 7558 6914 7510 6915 7475 6915 5019 6915 5019 6916 7508 6916 7510 6916 7511 6917 7476 6917 7510 6917 7511 6918 7436 6918 7476 6918 7510 6919 7559 6919 7511 6919 7511 6920 7559 6920 7560 6920 7512 6921 7477 6921 7436 6921 7560 6922 7561 6922 7512 6922 7512 6923 7561 6923 7513 6923 7513 6924 7561 6924 7514 6924 7514 6925 7562 6925 7515 6925 7561 6926 7562 6926 7514 6926 7515 6927 7563 6927 7516 6927 7562 6928 7563 6928 7515 6928 7519 6929 7564 6929 7520 6929 7518 6930 7564 6930 7519 6930 7520 6931 7566 6931 7521 6931 7564 6932 7565 6932 7520 6932 7565 6933 7566 6933 7520 6933 7521 6934 7567 6934 7522 6934 7522 6935 7568 6935 7523 6935 7566 6936 7567 6936 7521 6936 7523 6937 7570 6937 7524 6937 7567 6938 7568 6938 7522 6938 7524 6939 7571 6939 7525 6939 7568 6940 7569 6940 7523 6940 7523 6941 7569 6941 7570 6941 7572 6942 7526 6879 7489 6818 7524 6943 7570 6943 7571 6943 7489 6818 7525 6878 7572 6942 7573 6944 7491 6819 7490 6820 7574 6945 7528 6882 7491 6819 7490 6820 7527 6881 7573 6944 7491 6819 7573 6944 7574 6945 7575 6946 7493 6822 7492 6821 7576 6947 7494 6823 7493 6822 7577 6948 7530 6884 7494 6823 7492 6821 7529 6883 7575 6946 7493 6822 7575 6946 7576 6947 7578 6949 7531 6887 7495 6824 7494 6823 7576 6947 7577 6948 7495 6824 7530 6884 7578 6949 7532 6950 7497 6950 7496 6950 7531 6887 7579 6951 7532 6888 7533 6892 7458 6768 7497 6890 7534 6893 7459 6769 7458 6768 7535 6894 7460 6770 7459 6769 7536 6895 7461 6771 7460 6770 7541 6898 7462 6772 7498 6827 7542 6899 7463 6773 7541 6898 7543 6900 7464 6774 7542 6899 7499 6830 7543 6900 7539 6952 7541 6898 7498 6827 7581 6953 7582 6954 7501 6829 7500 6828 5294 4571 5293 6831 7501 6829 7539 6952 7540 6897 7499 6830 7502 6832 7423 6731 7583 6955 7500 6828 7540 6897 7582 6954 7582 6954 5294 4571 7501 6829 7546 6903 7467 6779 7503 6833 5296 6901 7424 6732 5299 4574 7548 6905 7469 6834 7468 6780 7549 6956 7428 6737 7469 6834 7546 6903 7503 6833 7502 6832 7548 6905 7468 6780 7467 6779 7549 6956 7469 6834 7548 6905 7430 6739 7020 6322 7294 6596 7505 6837 7428 6737 7549 6956 7430 6739 7290 6692 7020 6322 7342 6957 7291 6838 7429 6738 5372 4631 7019 6433 7292 6693 7019 6433 7135 6434 7292 6693 7236 6958 7584 6958 7554 6958 7236 6959 7554 6959 7506 6959 7390 6960 7584 6960 7585 6960 7584 6961 7390 6961 7554 6961 7585 6962 5014 6962 7390 6962 5017 6963 5014 6963 7585 6963 7586 6964 7558 6964 5014 6964 7586 6965 5014 6965 5017 6965 7508 6966 5019 6966 7558 6966 7558 6967 7586 6967 7509 6967 7559 6968 7510 6968 7508 6968 7508 6969 7587 6969 7559 6969 7560 6970 7512 6970 7511 6970 7560 6971 7588 6971 7589 6971 7589 6972 7590 6972 7561 6972 7561 6973 7590 6973 7562 6973 7562 6974 7592 6974 7563 6974 7590 6975 7591 6975 7562 6975 7591 6976 7592 6976 7562 6976 7563 6977 7593 6977 7516 6977 7516 6978 7594 6978 7517 6978 7563 6979 7592 6979 7593 6979 7517 6980 7595 6980 7518 6980 7516 6981 7593 6981 7594 6981 7518 6982 7596 6982 7564 6982 7594 6983 7595 6983 7517 6983 7595 6984 7596 6984 7518 6984 7565 6985 7597 6985 7566 6985 7564 6986 7597 6986 7565 6986 7566 6987 7598 6987 7567 6987 7597 6988 7598 6988 7566 6988 7525 6989 7599 6989 7572 6989 7526 6990 7600 6990 7527 6990 7527 6991 7601 6991 7573 6991 7571 6992 7599 6992 7525 6992 7572 6942 7600 6993 7526 6879 7528 6882 7602 6994 7529 6883 7600 6993 7601 6995 7527 6881 7529 6883 7603 6996 7575 6946 7574 6945 7602 6994 7528 6882 7602 6994 7603 6996 7529 6883 7530 6884 7604 6997 7578 6949 7531 6998 7605 6998 7579 6998 7577 6948 7604 6997 7530 6884 7579 6999 7533 6999 7532 6999 7605 7000 7531 6887 7578 6949 7605 7000 7606 7001 7579 6951 7580 7002 7534 6893 7533 6892 7533 7003 7606 7003 7607 7003 7498 6827 7537 6896 7581 6953 7534 6893 7580 7002 7608 7004 7535 6894 7608 7004 7609 7005 7536 6895 7609 7005 7610 7006 7537 6896 7610 7006 7611 7007 7543 6900 7612 7008 7538 7009 7611 7007 7581 6953 7537 6896 7539 6952 7613 7010 7540 6897 7614 7011 7542 6899 7541 6898 7612 7008 7543 6900 7542 6899 5292 7012 7615 7013 5297 4569 7543 6900 7538 7009 7539 6952 5298 4570 5296 6901 5293 6831 7544 7014 7424 6732 5296 6901 7540 6897 7613 7010 7582 6954 7616 7015 7617 7016 7583 6955 7617 7016 7618 7017 7545 6902 5298 4570 5293 6831 5294 4571 7620 7018 7547 6904 7619 7019 7544 7014 5296 6901 5298 4570 7549 6956 7548 6905 7650 7020 7505 6837 7549 6956 7621 7021 7583 6955 7423 6731 7424 6732 7583 6955 7545 6902 7502 6832 7504 6836 7342 6957 7429 6738 7546 6903 7547 6904 7467 6779 7293 6595 7021 6323 7342 6957 7293 6595 7020 6322 7021 6323 7294 6596 7550 7022 7430 6739 7236 7023 7237 7023 7472 7023 7472 7024 7584 7024 7236 7024 7585 7025 7472 7025 7624 7025 7472 7026 7585 7026 7584 7026 7586 7027 5017 7027 7624 7027 7509 7028 7586 7028 4875 7028 7586 7029 7624 7029 4875 7029 5025 7030 7625 7030 7654 7030 7587 7031 7508 7031 7509 7031 7588 7032 7559 7032 7587 7032 7509 7033 7625 7033 7587 7033 7588 7034 7560 7034 7559 7034 7588 7035 7626 7035 7627 7035 7589 7036 7561 7036 7560 7036 7590 7037 7627 7037 7628 7037 7590 7038 7628 7038 7591 7038 7591 7039 7629 7039 7592 7039 7591 7040 7628 7040 7629 7040 7593 7041 7592 7041 7630 7041 7592 7042 7629 7042 7630 7042 7594 7043 7593 7043 7631 7043 7593 7044 7630 7044 7631 7044 7564 7045 7632 7045 7597 7045 7564 7046 7596 7046 7632 7046 7598 7047 7633 7047 7567 7047 7598 7048 7597 7048 7633 7048 7567 7049 7634 7049 7568 7049 7568 7050 7635 7050 7569 7050 7567 7051 7633 7051 7634 7051 7569 7052 7636 7052 7570 7052 7570 7053 7637 7053 7571 7053 7568 7054 7634 7054 7635 7054 7571 7055 7638 7055 7599 7055 7569 7056 7635 7056 7636 7056 7572 7057 7639 7057 7600 7057 7570 7058 7636 7058 7637 7058 7571 7059 7637 7059 7638 7059 7573 7060 7640 7060 7574 7060 7572 7061 7599 7061 7639 7061 7574 6945 7641 7062 7602 6994 7573 6944 7601 6995 7640 7063 7575 6946 7642 7064 7576 6947 7574 6945 7640 7063 7641 7062 7576 6947 7643 7065 7577 6948 7577 6948 7644 7066 7604 6997 7575 6946 7603 6996 7642 7064 7578 6949 7645 7067 7605 7000 7576 6947 7642 7064 7643 7065 7577 6948 7643 7065 7644 7066 7645 7067 7578 6949 7604 6997 7606 7068 7533 7068 7579 7068 7607 7069 7580 7069 7533 7069 7606 7070 7605 7070 7646 7070 7608 7004 7535 6894 7534 6893 7609 7005 7536 6895 7535 6894 7610 7006 7537 6896 7536 6895 7580 7071 7607 7071 7647 7071 7614 7011 7541 6898 7581 6953 7612 7008 7542 6899 7614 7011 7581 6953 7611 7007 7648 7072 7538 7009 7649 7073 7539 6952 7648 7072 7614 7011 7581 6953 5295 7074 5294 4571 7582 6954 5297 4569 7682 7075 5298 4570 7682 7075 7683 7076 7544 7014 7613 7010 7539 6952 7649 7073 7616 7015 7583 6955 7424 6732 7613 7010 5295 7074 7582 6954 5295 7074 5297 4569 5294 4571 7619 7019 7547 6904 7546 6903 7544 7014 7616 7015 7424 6732 7650 7020 7715 7077 7621 7021 7715 7077 7716 7078 7505 6837 7545 6902 7619 7019 7546 6903 7650 7020 7548 6905 7547 6904 7621 7021 7549 6956 7650 7020 7552 6906 7388 6694 7550 7022 7623 7079 7472 7079 7237 7079 7623 7080 7556 7080 7472 7080 7556 7081 7653 7081 7624 7081 7624 7082 7472 7082 7556 7082 7653 7083 7654 7083 4875 7083 4875 7084 7624 7084 7653 7084 7625 7085 7509 7085 4875 7085 7625 7086 4875 7086 7654 7086 7626 7087 7587 7087 7625 7087 7626 7088 7588 7088 7587 7088 7626 7089 7655 7089 7656 7089 7627 7090 7589 7090 7588 7090 7627 7091 7590 7091 7589 7091 7627 7092 7656 7092 7657 7092 7628 7093 7657 7093 7658 7093 7629 7094 7628 7094 7694 7094 7628 7095 7658 7095 7694 7095 7631 7096 7630 7096 7660 7096 7630 7097 7629 7097 7659 7097 7630 7098 7659 7098 7660 7098 7595 7099 7594 7099 7661 7099 7596 7100 7595 7100 7662 7100 7594 7101 7631 7101 7661 7101 7632 7102 7596 7102 7663 7102 7595 7103 7661 7103 7662 7103 7596 7104 7662 7104 7663 7104 7633 7105 7597 7105 7664 7105 7597 7106 7632 7106 7664 7106 7634 7107 7633 7107 7665 7107 7633 7108 7664 7108 7665 7108 7639 7109 7599 7109 7666 7109 7601 7110 7600 7110 7667 7110 7640 7063 7601 6995 7668 7111 7599 7112 7638 7112 7666 7112 7600 7113 7639 7113 7667 7113 7603 6996 7602 6994 7669 7114 7601 7115 7667 7115 7668 7115 7642 7064 7603 6996 7670 7116 7602 6994 7641 7062 7669 7114 7603 6996 7669 7114 7670 7116 7645 7067 7604 6997 7671 7117 7646 7118 7605 7118 7672 7118 7604 6997 7644 7066 7671 7117 7646 7119 7607 7119 7606 7119 7645 7067 7672 7120 7605 7000 7646 7121 7672 7121 7673 7121 7647 7122 7608 7004 7580 7002 7607 7123 7646 7123 7674 7123 7608 7124 7647 7124 7675 7124 7609 7005 7675 7125 7676 7126 7614 7011 7648 7072 7677 7127 7676 7126 7678 7128 7610 7006 7612 7008 7677 7127 7679 7129 7680 7130 7611 7007 7678 7128 7538 7009 7679 7129 7681 7131 7649 7073 5291 4568 7613 7010 7677 7127 7612 7008 7614 7011 5291 4568 5292 7012 5295 7074 7612 7008 7679 7129 7538 7009 7681 7131 7649 7073 7538 7009 7613 7010 5291 4568 5295 7074 7684 7132 7685 7133 7617 7016 7685 7133 7686 7134 7618 7017 7618 7017 7714 7135 7619 7019 5298 4570 7682 7075 7544 7014 7683 7076 7616 7015 7544 7014 7583 6955 7617 7016 7545 6902 7545 6902 7618 7017 7619 7019 7547 6904 7620 7018 7650 7020 7342 6957 7504 6836 7622 7136 7470 6781 7551 7137 7294 6596 7342 7138 7622 7138 7293 7138 7717 7139 7551 7137 7470 6781 7430 6739 7388 6694 7135 6434 7556 7140 7623 7140 7555 7140 7623 7141 7651 7141 7555 7141 7556 7142 7555 7142 7557 7142 7557 7143 7653 7143 7556 7143 7690 7144 7653 7144 7557 7144 7691 7145 7654 7145 7690 7145 5024 7146 5025 7146 7691 7146 7653 7147 7690 7147 7654 7147 7655 7148 7625 7148 5025 7148 5025 7149 7654 7149 7691 7149 5025 7150 5024 7150 7655 7150 7655 7151 7626 7151 7625 7151 7656 7152 7627 7152 7626 7152 7657 7153 7628 7153 7627 7153 7657 7154 7656 7154 7693 7154 7693 7155 7658 7155 7657 7155 7658 7156 7693 7156 7694 7156 7629 7157 7694 7157 7727 7157 7659 7158 7629 7158 7695 7158 7629 7159 7727 7159 7695 7159 7661 7160 7631 7160 7696 7160 7631 7161 7660 7161 7696 7161 7632 7162 7663 7162 7697 7162 7664 7163 7632 7163 7698 7163 7665 7164 7664 7164 7699 7164 7632 7165 7697 7165 7698 7165 7664 7166 7698 7166 7699 7166 7635 7167 7634 7167 7700 7167 7636 7168 7635 7168 7701 7168 7634 7169 7665 7169 7700 7169 7637 7170 7636 7170 7702 7170 7638 7171 7637 7171 7702 7171 7635 7172 7700 7172 7701 7172 7666 7173 7638 7173 7703 7173 7636 7174 7701 7174 7702 7174 7667 7175 7639 7175 7704 7175 7638 7176 7702 7176 7703 7176 7641 7062 7640 7063 7705 7177 7639 7178 7666 7178 7704 7178 7669 7114 7641 7062 7706 7179 7640 7063 7668 7111 7705 7177 7643 7065 7642 7064 7707 7180 7641 7062 7705 7177 7706 7179 7644 7066 7643 7065 7708 7181 7671 7117 7644 7066 7709 7182 7642 7064 7670 7116 7707 7180 7672 7120 7645 7067 7710 7183 7643 7065 7707 7180 7708 7181 7644 7066 7708 7181 7709 7182 7710 7183 7645 7067 7671 7117 7674 7184 7647 7184 7607 7184 7675 7125 7609 7005 7608 7004 7676 7126 7610 7006 7609 7005 7678 7128 7611 7007 7610 7006 7647 7185 7674 7185 7711 7185 7680 7130 7648 7072 7611 7007 7680 7130 7712 7186 7648 7072 7681 7131 5289 4567 7649 7073 7712 7186 7677 7127 7648 7072 7649 7073 5289 4567 5291 4568 7683 7076 7684 7132 7616 7015 5295 7074 5292 7012 5297 4569 5297 4569 7615 7013 7682 7075 7781 7187 7650 7020 7713 7188 7616 7015 7684 7132 7617 7016 7754 7189 7504 6836 7716 7078 7619 7019 7714 7135 7620 7018 7470 7190 7293 7190 7622 7190 7505 6837 7621 7021 7715 7077 7505 6837 7716 7078 7504 6836 7550 7022 7388 6694 7430 6739 7555 7191 7651 7191 7720 7191 7555 7192 7720 7192 7721 7192 7557 7193 7555 7193 7721 7193 7721 7194 7722 7194 7557 7194 7722 7195 7723 7195 7690 7195 7723 7196 7724 7196 7691 7196 7722 7197 7690 7197 7557 7197 7723 7198 7691 7198 7690 7198 4884 7199 4881 7199 7725 7199 5024 7200 7691 7200 7724 7200 7692 7201 7656 7201 7655 7201 7692 7202 7725 7202 7726 7202 7694 7203 7693 7203 7727 7203 7729 7204 7695 7204 7727 7204 7659 7205 7695 7205 7730 7205 7660 7206 7730 7206 7731 7206 7730 7207 7660 7207 7659 7207 7731 7208 7696 7208 7660 7208 7661 7209 7696 7209 7732 7209 7662 7210 7732 7210 7733 7210 7732 7211 7662 7211 7661 7211 7663 7212 7733 7212 7697 7212 7733 7213 7663 7213 7662 7213 7734 7214 7699 7214 7698 7214 7665 7215 7699 7215 7735 7215 7665 7216 7735 7216 7736 7216 7736 7217 7700 7217 7665 7217 7667 7218 7704 7218 7737 7218 7668 7219 7737 7219 7738 7219 7737 7220 7668 7220 7667 7220 7738 7221 7705 7221 7668 7221 7669 7114 7706 7179 7739 7222 7670 7116 7739 7222 7740 7223 7739 7222 7670 7116 7669 7114 7740 7223 7707 7180 7670 7116 7709 7182 7741 7224 7671 7117 7710 7183 7742 7225 7672 7120 7742 7226 7743 7226 7673 7226 7741 7224 7710 7183 7671 7117 7673 7227 7674 7227 7646 7227 7673 7228 7672 7228 7742 7228 7711 7229 7675 7229 7647 7229 7674 7230 7673 7230 7743 7230 7674 7231 7743 7231 7711 7231 7680 7130 7678 7128 7744 7232 7711 7233 7745 7233 7675 7233 7712 7186 7680 7130 7746 7234 7747 7235 7676 7126 7745 7236 7677 7127 7712 7186 7748 7237 7678 7128 7747 7235 7744 7232 7679 7129 7748 7237 7749 7238 7680 7130 7744 7232 7746 7234 7681 7131 7749 7238 5288 4564 7677 7127 7748 7237 7679 7129 7749 7238 7681 7131 7679 7129 7751 7239 7682 7075 7750 7240 5289 4567 7681 7131 5288 4564 7752 7241 7683 7076 7751 7239 5291 4568 5290 4566 5292 7012 7620 7018 7714 7135 7713 7188 7618 7017 7617 7016 7685 7133 7618 7017 7686 7134 7714 7135 7753 7242 7622 7136 7754 7189 7620 7018 7713 7188 7650 7020 7470 7243 7622 7243 7753 7243 7504 6836 7754 7189 7622 7136 7551 7137 7550 7022 7294 6596 7719 7244 7652 7244 7651 7244 7720 7245 7651 7245 7652 7245 7652 7246 7755 7246 7720 7246 7721 7247 7755 7247 5020 7247 7755 7248 7721 7248 7720 7248 7756 7249 7722 7249 5020 7249 7722 7250 7721 7250 5020 7250 7757 7251 7723 7251 7756 7251 7758 7252 7724 7252 7757 7252 7723 7253 7722 7253 7756 7253 7757 7254 7724 7254 7723 7254 5024 7255 7758 7255 4884 7255 7724 7256 7758 7256 5024 7256 7725 7257 7655 7257 5024 7257 7725 7258 7692 7258 7655 7258 7726 7259 7656 7259 7692 7259 7726 7260 7693 7260 7656 7260 7759 7261 7728 7261 7727 7261 7727 7262 7693 7262 7759 7262 7728 7263 7729 7263 7727 7263 7760 7264 7695 7264 7729 7264 7730 7265 7695 7265 7760 7265 7761 7266 7696 7266 7731 7266 7732 7267 7696 7267 7761 7267 7763 7268 7698 7268 7762 7268 7734 7269 7698 7269 7763 7269 7697 7270 7733 7270 7762 7270 7698 7271 7697 7271 7762 7271 7735 7272 7699 7272 7764 7272 7699 7273 7734 7273 7764 7273 7736 7274 7735 7274 7765 7274 7766 7275 7700 7275 7765 7275 7700 7276 7736 7276 7765 7276 7767 7277 7701 7277 7766 7277 7701 7278 7700 7278 7766 7278 7768 7279 7702 7279 7767 7279 7769 7280 7703 7280 7768 7280 7702 7281 7701 7281 7767 7281 7770 7282 7666 7282 7769 7282 7703 7283 7702 7283 7768 7283 7666 7284 7703 7284 7769 7284 7704 7285 7666 7285 7770 7285 7771 7286 7705 7286 7738 7286 7772 7287 7706 7287 7771 7287 7706 7179 7705 7177 7771 7288 7773 7289 7707 7180 7740 7223 7739 7222 7706 7179 7772 7290 7708 7181 7773 7289 7774 7291 7709 7182 7774 7291 7775 7292 7773 7289 7708 7181 7707 7180 7774 7291 7709 7182 7708 7181 7710 7183 7741 7224 7776 7293 7775 7292 7741 7224 7709 7182 7710 7183 7776 7293 7742 7225 7745 7236 7676 7126 7675 7125 7747 7235 7678 7128 7676 7126 7933 7294 5268 7295 5269 4560 7746 7234 7778 7296 7712 7186 7712 7186 7778 7296 7748 7237 7615 7013 5292 7012 7750 7240 7615 7013 7750 7240 7682 7075 7780 7297 7714 7135 7686 7134 7715 7077 7650 7020 7781 7187 7719 7298 7689 7298 7652 7298 7755 7299 7652 7299 7689 7299 7755 7300 7689 7300 5021 7300 7785 7301 7756 7301 5021 7301 5020 7302 7755 7302 5021 7302 7756 7303 5020 7303 5021 7303 7757 7304 7756 7304 7785 7304 7725 7305 5024 7305 4884 7305 7758 7306 7757 7306 4884 7306 7725 7307 4881 7307 7786 7307 7786 7308 7787 7308 7726 7308 7726 7309 7759 7309 7693 7309 7759 7310 7726 7310 7787 7310 7788 7311 7728 7311 7787 7311 7728 7312 7759 7312 7787 7312 7789 7313 7729 7313 7788 7313 7729 7314 7728 7314 7788 7314 7790 7315 7730 7315 7760 7315 7760 7316 7729 7316 7789 7316 7791 7317 7731 7317 7790 7317 7731 7318 7730 7318 7790 7318 7761 7319 7731 7319 7791 7319 7793 7320 7733 7320 7792 7320 7762 7321 7733 7321 7793 7321 7732 7322 7761 7322 7792 7322 7733 7323 7732 7323 7792 7323 7734 7324 7763 7324 7794 7324 7764 7325 7734 7325 7794 7325 7735 7326 7764 7326 7795 7326 7765 7327 7735 7327 7795 7327 7796 7328 7704 7328 7770 7328 7737 7329 7704 7329 7796 7329 7797 7330 7739 7222 7772 7290 7798 7331 7740 7223 7797 7330 7740 7223 7739 7222 7797 7330 7773 7289 7740 7223 7798 7331 7745 7332 7711 7332 7777 7332 7711 7333 7743 7333 7800 7333 7777 7334 7711 7334 7800 7334 7746 7234 7744 7232 7801 7335 7745 7336 7777 7336 7802 7336 7744 7232 7747 7235 7801 7335 7827 7337 7684 7132 7752 7241 5290 4566 7803 4565 5292 7012 7683 7076 7682 7075 7751 7239 7684 7132 7683 7076 7752 7241 7806 7338 7807 7339 7754 7189 7717 7340 7470 7340 7753 7340 7388 6694 7552 6906 7292 6693 5372 4631 7292 6693 7553 6907 7783 7341 7809 7341 7689 7341 7689 7342 7719 7342 7783 7342 7689 7343 7809 7343 5022 7343 5021 7344 7689 7344 5022 7344 7810 7345 7785 7345 5023 7345 5023 7346 7785 7346 5021 7346 7811 7347 7757 7347 7810 7347 7810 7348 7757 7348 7785 7348 7812 7349 7757 7349 7811 7349 7757 7350 7812 7350 4884 7350 7812 7351 4881 7351 4884 7351 7786 7352 7726 7352 7725 7352 7786 7353 4881 7353 7813 7353 7815 7354 7760 7354 7789 7354 7815 7355 7790 7355 7760 7355 7792 7356 7761 7356 7791 7356 7816 7357 7762 7357 7793 7357 7817 7358 7763 7358 7816 7358 7816 7359 7763 7359 7762 7359 7795 7360 7764 7360 7794 7360 7817 7361 7794 7361 7763 7361 7819 7362 7765 7362 7795 7362 7820 7363 7766 7363 7765 7363 7821 7364 7767 7364 7820 7364 7820 7365 7767 7365 7766 7365 7821 7366 7768 7366 7767 7366 7822 7367 7737 7367 7796 7367 7823 7368 7738 7368 7822 7368 7822 7369 7738 7369 7737 7369 7823 7370 7771 7370 7738 7370 7824 7371 7742 7225 7776 7293 7742 7372 7799 7372 7743 7372 7799 7373 7800 7373 7743 7373 7799 7374 7742 7374 7824 7374 7802 7375 7747 7235 7745 7236 7777 7376 7800 7376 7825 7376 7826 7377 7778 7296 7746 7234 5289 4567 5288 4564 7779 7378 7778 7296 7826 7377 7748 7237 5292 7012 7803 4565 7804 7379 7803 4565 5289 4567 7779 7378 7750 7240 5292 7012 7804 7379 7780 7297 7830 7380 7713 7188 7684 7132 7827 7337 7685 7133 7715 7077 7781 7187 7805 7381 7716 7078 7805 7381 7806 7338 7713 7188 7714 7135 7780 7297 7716 7078 7715 7077 7805 7381 7754 7189 7716 7078 7806 7338 7718 7382 7808 7383 7550 7022 7783 7384 7833 7384 7809 7384 5022 7385 7809 7385 7833 7385 5026 7386 7810 7386 5023 7386 7834 7387 5030 7387 7812 7387 7812 7388 7811 7388 7834 7388 5030 7389 4881 7389 7812 7389 4881 7390 5030 7390 7835 7390 7813 7391 7787 7391 7786 7391 7813 7392 7814 7392 7787 7392 7814 7393 7813 7393 7836 7393 7814 7394 7837 7394 7787 7394 7837 7395 7838 7395 7788 7395 7837 7396 7788 7396 7787 7396 7838 7397 7815 7397 7789 7397 7838 7398 7789 7398 7788 7398 7815 7399 7839 7399 7790 7399 7839 7400 7840 7400 7791 7400 7840 7401 7841 7401 7792 7401 7839 7402 7791 7402 7790 7402 7840 7403 7792 7403 7791 7403 7841 7404 7793 7404 7792 7404 7817 7405 7842 7405 7794 7405 7842 7406 7843 7406 7794 7406 7843 7407 7818 7407 7795 7407 7843 7408 7795 7408 7794 7408 7818 7409 7819 7409 7795 7409 7819 7410 7820 7410 7765 7410 7770 7411 7844 7411 7796 7411 7844 7412 7822 7412 7796 7412 7771 7413 7845 7413 7772 7413 7845 7414 7797 7330 7772 7290 7775 7292 7846 7415 7741 7224 7741 7224 7846 7415 7776 7293 7802 7416 7777 7416 7825 7416 7800 7417 7799 7417 7847 7417 7848 7418 7825 7418 7800 7418 7849 7419 7801 7335 7747 7235 7826 7377 7746 7234 7850 7420 7747 7235 7802 7375 7849 7419 7748 7237 7826 7377 5287 7421 7749 7238 5287 7421 5265 4562 7801 7335 7850 7420 7746 7234 7779 7378 7851 7422 7803 4565 7748 7237 5287 7421 7749 7238 7804 7379 7852 7423 7750 7240 5288 4564 7749 7238 5265 4562 5264 4563 7779 7378 5288 4564 7685 7133 7827 7337 7828 7424 7686 7134 7828 7424 7829 7425 7686 7134 7685 7133 7828 7424 7780 7297 7686 7134 7829 7425 7807 7339 7831 7426 7753 7242 7781 7187 7713 7188 7830 7380 7551 7137 7717 7139 7718 7382 7753 7242 7754 7189 7807 7339 7831 7427 7717 7427 7753 7427 7550 7022 7551 7137 7718 7382 7832 7428 7688 7428 7783 7428 7833 7429 7783 7429 7688 7429 7688 7430 5028 7430 7833 7430 5028 7431 5022 7431 7833 7431 5028 7432 5026 7432 5022 7432 7810 7433 5026 7433 7855 7433 7811 7434 7855 7434 7856 7434 7834 7435 7856 7435 7857 7435 7855 7436 7811 7436 7810 7436 7834 7437 7857 7437 7858 7437 7856 7438 7834 7438 7811 7438 7834 7439 7858 7439 5030 7439 7835 7440 7813 7440 4881 7440 5030 7441 5029 7441 7835 7441 7835 7442 7836 7442 7813 7442 7836 7443 7837 7443 7814 7443 7861 7444 7839 7444 7815 7444 7841 7445 7862 7445 7793 7445 7862 7446 7863 7446 7816 7446 7862 7447 7816 7447 7793 7447 7863 7448 7817 7448 7816 7448 7864 7449 7842 7449 7817 7449 7818 7450 7866 7450 7819 7450 7819 7451 7867 7451 7820 7451 7867 7452 7868 7452 7821 7452 7868 7453 7869 7453 7821 7453 7869 7454 7870 7454 7768 7454 7867 7455 7821 7455 7820 7455 7870 7456 7871 7456 7769 7456 7871 7457 7872 7457 7770 7457 7869 7458 7768 7458 7821 7458 7870 7459 7769 7459 7768 7459 7844 7460 7873 7460 7822 7460 7871 7461 7770 7461 7769 7461 7873 7462 7874 7462 7823 7462 7872 7463 7844 7463 7770 7463 7874 7464 7875 7464 7771 7464 7873 7465 7823 7465 7822 7465 7845 7414 7876 7466 7797 7330 7874 7467 7771 7467 7823 7467 7876 7466 7877 7468 7798 7331 7875 7469 7845 7469 7771 7469 7877 7468 7878 7470 7773 7289 7878 7470 7879 7471 7774 7291 7876 7466 7798 7331 7797 7330 7879 7471 7880 7472 7775 7292 7877 7468 7773 7289 7798 7331 7878 7470 7774 7291 7773 7289 7846 7415 7881 7473 7776 7293 7879 7471 7775 7292 7774 7291 7880 7472 7846 7415 7775 7292 7824 7474 7847 7474 7799 7474 7824 7371 7776 7293 7881 7473 7847 7475 7848 7475 7800 7475 7882 7476 7849 7419 7802 7375 7802 7477 7825 7477 7882 7477 5287 7421 5286 7478 5265 4562 7827 7337 7885 7479 7886 7480 7751 7239 7750 7240 7852 7423 7781 7187 7830 7380 7853 7481 7805 7381 7781 7187 7853 7481 7552 6906 7808 7383 7782 7482 7832 7483 7887 7483 7688 7483 5028 7484 7688 7484 7887 7484 5028 7485 7887 7485 5027 7485 7888 7486 5026 7486 5027 7486 5027 7487 5026 7487 5028 7487 5029 7488 7836 7488 7835 7488 5029 7489 7859 7489 7836 7489 7859 7490 7837 7490 7836 7490 7889 7491 7890 7491 7838 7491 7889 7492 7838 7492 7837 7492 7815 7493 7838 7493 7890 7493 7890 7494 7861 7494 7815 7494 7841 7495 7840 7495 7891 7495 7839 7496 7891 7496 7840 7496 7891 7497 7892 7497 7841 7497 7863 7498 7864 7498 7817 7498 7843 7499 7842 7499 7893 7499 7864 7500 7893 7500 7842 7500 7818 7501 7843 7501 7894 7501 7893 7502 7894 7502 7843 7502 7894 7503 7865 7503 7818 7503 7866 7504 7818 7504 7865 7504 7867 7505 7819 7505 7895 7505 7866 7506 7895 7506 7819 7506 7896 7507 7847 7507 7824 7507 7897 7508 7848 7508 7847 7508 7850 7420 7801 7335 5270 4559 5270 4559 7801 7335 7849 7419 7898 7509 5264 4563 5265 4562 7779 7378 5264 4563 7899 7510 7804 7379 7851 7422 7883 7511 7751 7239 7852 7423 7884 7512 7752 7241 7884 7512 7885 7479 7851 7422 7804 7379 7803 4565 7828 7424 7900 7513 7829 7425 7829 7425 7901 7514 7902 7515 7752 7241 7751 7239 7884 7512 7827 7337 7752 7241 7885 7479 7903 7516 7853 7481 7830 7380 7805 7381 7853 7481 7904 7517 7806 7338 7904 7517 7905 7518 7808 7383 7552 6906 7550 7022 7718 7382 7906 7519 7808 7383 7887 7520 7784 7520 5031 7520 5027 7521 7887 7521 5031 7521 7888 7522 7907 7522 5026 7522 7907 7523 7908 7523 7855 7523 7908 7524 7909 7524 7856 7524 7907 7525 7855 7525 5026 7525 7908 7526 7856 7526 7855 7526 7909 7527 5036 7527 7858 7527 7909 7528 7857 7528 7856 7528 7909 7529 7858 7529 7857 7529 5030 7530 7858 7530 5036 7530 5030 7531 5036 7531 4877 7531 7859 7532 5029 7532 7910 7532 7837 7533 7859 7533 7910 7533 7860 7534 7889 7534 7837 7534 7912 7535 7860 7535 7911 7535 7841 7536 7892 7536 7862 7536 7863 7537 7913 7537 7864 7537 7863 7538 7862 7538 7913 7538 7867 7539 7914 7539 7868 7539 7867 7540 7895 7540 7914 7540 7846 7415 7915 7541 7881 7473 7846 7415 7880 7472 7915 7541 7897 7542 7847 7542 7896 7542 7916 7543 7824 7371 7881 7473 7917 7544 7882 7544 7825 7544 7825 7545 7848 7545 7917 7545 5267 7546 7826 7377 7850 7420 5267 7546 5287 7421 7826 7377 7852 7423 7918 7547 7884 7512 7851 7422 7779 7378 7899 7510 7883 7511 7852 7423 7804 7379 7780 7297 7829 7425 7902 7515 7886 7480 7828 7424 7827 7337 7830 7380 7780 7297 7902 7515 7806 7338 7805 7381 7904 7517 7807 7339 7806 7338 7905 7518 7832 7548 7784 7548 7887 7548 7784 7549 5032 7549 5031 7549 7888 7550 5027 7550 5032 7550 7907 7551 7888 7551 7921 7551 5032 7552 7921 7552 7888 7552 5041 7553 7910 7553 4877 7553 4877 7554 7910 7554 5029 7554 7910 7555 7911 7555 7837 7555 7837 7556 7911 7556 7860 7556 7860 7557 7912 7557 7889 7557 7889 7558 7912 7558 7922 7558 7922 7559 7890 7559 7889 7559 7861 7560 7890 7560 7923 7560 7890 7561 7922 7561 7923 7561 7839 7562 7861 7562 7923 7562 7891 7563 7839 7563 7924 7563 7839 7564 7923 7564 7924 7564 7864 7565 7913 7565 7893 7565 7894 7566 7893 7566 7925 7566 7865 7567 7894 7567 7926 7567 7894 7568 7925 7568 7926 7568 7865 7569 7926 7569 7927 7569 7866 7570 7865 7570 7928 7570 7865 7571 7927 7571 7928 7571 7914 7572 7895 7572 7929 7572 7895 7573 7866 7573 7929 7573 7873 7574 7844 7574 7930 7574 7844 7575 7872 7575 7930 7575 7876 7466 7845 7414 7931 7576 7845 7577 7875 7577 7931 7577 7824 7578 7916 7578 7896 7578 7897 7579 7932 7579 7848 7579 7932 7580 7917 7580 7848 7580 7933 7294 5270 4559 7849 7419 5267 7546 7850 7420 5266 4561 7933 7294 7849 7419 7882 7476 5266 4561 7850 7420 5270 4559 7934 7581 7899 7510 5264 4563 5267 7546 5286 7478 5287 7421 5286 7478 7898 7509 5265 4562 7898 7509 7934 7581 5264 4563 7885 7479 7935 7582 7886 7480 7900 7513 7828 7424 7886 7480 7936 7583 7904 7517 7853 7481 7900 7513 7901 7514 7829 7425 7902 7515 7903 7516 7830 7380 7919 7584 7831 7426 7807 7339 7905 7518 7919 7584 7807 7339 7552 6906 7782 7482 7553 6907 7687 7585 7854 7585 7784 7585 7854 7586 5032 7586 7784 7586 7854 7587 5033 7587 5032 7587 5032 7588 7938 7588 7921 7588 5032 7589 5033 7589 7938 7589 7921 7590 7938 7590 7907 7590 7908 7591 7907 7591 7909 7591 7909 7592 7907 7592 7939 7592 7909 7593 7940 7593 5036 7593 7939 7594 7940 7594 7909 7594 5036 7595 4878 7595 4877 7595 4878 7596 5041 7596 4877 7596 7941 7597 5036 7597 7940 7597 5036 7598 7941 7598 4878 7598 7912 7599 7942 7599 7922 7599 7912 7600 7910 7600 7942 7600 7942 7601 7943 7601 7922 7601 7892 7602 7891 7602 7944 7602 7862 7603 7892 7603 7945 7603 7892 7604 7944 7604 7945 7604 7913 7605 7862 7605 7946 7605 7862 7606 7945 7606 7946 7606 7893 7607 7913 7607 7948 7607 7913 7608 7946 7608 7947 7608 7913 7609 7947 7609 7948 7609 7925 7610 7893 7610 7949 7610 7929 7611 7866 7611 7951 7611 7866 7612 7928 7612 7950 7612 7866 7613 7950 7613 7951 7613 7868 7614 7914 7614 7953 7614 7914 7615 7929 7615 7952 7615 7869 7616 7868 7616 7954 7616 7914 7617 7952 7617 7953 7617 7868 7618 7953 7618 7954 7618 7955 7619 7869 7619 7954 7619 7956 7620 7870 7620 7955 7620 7957 7621 7871 7621 7956 7621 7958 7622 7872 7622 7957 7622 7959 7623 7873 7623 7930 7623 7960 7624 7875 7624 7959 7624 7961 7625 7876 7466 7931 7576 7962 7626 7877 7468 7961 7625 7963 7627 7878 7470 7962 7626 7964 7628 7879 7471 7963 7627 7965 7629 7880 7472 7964 7628 7915 7541 7966 7630 7881 7473 7967 7631 7933 7294 7882 7476 7882 7632 7917 7632 7967 7632 7883 7511 7851 7422 8000 7633 7885 7479 7884 7512 7968 7634 7883 7511 7918 7547 7852 7423 7969 7635 7903 7516 7902 7515 7903 7516 7936 7583 7853 7481 7910 7636 5041 7636 7970 7636 7911 7637 7910 7637 7912 7637 7972 7638 7922 7638 7971 7638 7922 7639 7943 7639 7971 7639 7973 7640 7922 7640 7972 7640 7974 7641 7922 7641 7973 7641 7975 7642 7922 7642 7974 7642 7976 7643 7922 7643 7975 7643 7977 7644 7923 7644 7976 7644 7923 7645 7922 7645 7976 7645 7978 7646 7923 7646 7977 7646 7979 7647 7923 7647 7978 7647 7924 7648 7923 7648 7979 7648 7980 7649 7891 7649 7924 7649 7891 7650 7980 7650 7981 7650 7981 7651 7944 7651 7891 7651 7893 7652 7948 7652 7982 7652 7982 7653 7949 7653 7893 7653 7983 7654 7927 7654 7926 7654 7984 7655 7928 7655 7927 7655 7928 7656 7984 7656 7985 7656 7928 7657 7985 7657 7986 7657 7986 7658 7950 7658 7928 7658 7953 7659 7987 7659 7954 7659 7988 7660 7955 7660 7954 7660 7870 7661 7869 7661 7955 7661 7989 7662 7956 7662 7955 7662 7871 7663 7870 7663 7956 7663 7990 7664 7957 7664 7956 7664 7872 7665 7871 7665 7957 7665 7991 7666 7958 7666 7957 7666 7930 7667 7872 7667 7958 7667 7992 7668 7930 7668 7958 7668 7993 7669 7959 7669 7930 7669 7874 7670 7873 7670 7959 7670 7875 7671 7874 7671 7959 7671 7994 7672 7960 7672 7959 7672 7931 7673 7875 7673 7960 7673 7877 7468 7876 7466 7961 7625 7878 7470 7877 7468 7962 7626 7879 7471 7878 7470 7963 7627 7880 7472 7879 7471 7964 7628 7915 7541 7880 7472 7965 7629 7916 7543 7881 7473 7966 7630 7897 7674 7996 7674 7997 7674 7896 7675 7916 7675 7996 7675 7897 7676 7997 7676 7998 7676 7996 7677 7897 7677 7896 7677 7998 7678 7932 7678 7897 7678 7998 7679 7917 7679 7932 7679 7899 7510 8000 7633 7851 7422 7900 7513 7886 7480 8002 7680 7918 7547 7968 7634 7884 7512 7885 7479 7968 7634 7935 7582 7718 7382 7717 7139 8005 7681 7687 7682 5034 7682 7854 7682 5034 7683 5033 7683 7854 7683 5033 7684 8006 7684 7938 7684 5034 7685 8006 7685 5033 7685 7938 7686 8007 7686 7907 7686 8006 7687 8007 7687 7938 7687 7907 7688 8008 7688 7939 7688 8007 7689 8008 7689 7907 7689 7939 7690 8009 7690 7940 7690 8008 7691 8009 7691 7939 7691 7940 7692 8010 7692 7941 7692 7941 7693 8010 7693 4878 7693 8009 7694 8010 7694 7940 7694 5040 7695 7970 7695 4878 7695 4878 7696 8010 7696 5040 7696 4878 7697 7970 7697 5041 7697 7910 7698 7970 7698 8011 7698 7942 7699 7910 7699 8011 7699 7973 7700 8012 7700 7974 7700 8012 7701 8013 7701 7974 7701 7974 7702 8013 7702 7975 7702 8013 7703 8014 7703 7975 7703 7975 7704 8014 7704 7976 7704 8014 7705 8015 7705 7976 7705 7976 7706 8015 7706 7977 7706 8015 7707 8016 7707 7977 7707 7977 7708 8016 7708 7978 7708 8016 7709 8017 7709 7978 7709 7978 7710 8017 7710 7979 7710 8017 7711 8018 7711 7979 7711 7979 7712 8018 7712 7924 7712 8018 7713 8019 7713 7924 7713 7924 7714 8019 7714 7980 7714 7980 7715 8019 7715 7981 7715 8019 7716 8020 7716 7981 7716 7981 7717 8020 7717 7944 7717 8020 7718 8021 7718 7944 7718 7944 7719 8021 7719 7945 7719 8021 7720 8022 7720 7945 7720 7945 7721 8022 7721 7946 7721 7946 7722 8022 7722 7947 7722 8022 7723 8023 7723 7947 7723 7947 7724 8023 7724 7948 7724 8023 7725 8024 7725 7948 7725 7948 7726 8024 7726 7982 7726 8024 7727 8025 7727 7982 7727 7982 7728 8025 7728 7949 7728 8025 7729 8026 7729 7949 7729 7949 7730 8026 7730 7925 7730 8026 7731 8027 7731 7925 7731 7925 7732 8027 7732 7926 7732 8027 7733 8028 7733 7926 7733 7926 7734 8028 7734 7983 7734 8028 7735 8029 7735 7983 7735 7983 7736 8029 7736 7927 7736 8029 7737 8030 7737 7927 7737 7927 7738 8030 7738 7984 7738 8030 7739 8031 7739 7984 7739 7984 7740 8031 7740 7985 7740 8031 7741 8032 7741 7985 7741 7985 7742 8032 7742 7986 7742 8032 7743 8033 7743 7986 7743 7986 7744 8033 7744 7950 7744 8033 7745 8034 7745 7950 7745 7950 7746 8034 7746 7951 7746 8034 7747 8035 7747 7951 7747 7951 7748 8035 7748 7929 7748 8035 7749 8036 7749 7929 7749 7929 7750 8036 7750 7952 7750 8036 7751 8037 7751 7952 7751 7952 7752 8037 7752 7953 7752 8037 7753 7987 7753 7953 7753 7987 7754 7988 7754 7954 7754 7988 7755 7989 7755 7955 7755 7989 7756 7990 7756 7956 7756 7990 7757 7991 7757 7957 7757 7991 7758 7992 7758 7958 7758 7992 7759 7993 7759 7930 7759 7993 7760 7994 7760 7959 7760 7994 7761 8038 7761 7960 7761 7960 7762 8038 7762 7931 7762 8038 7763 8039 7763 7931 7763 7931 7576 8039 7764 7961 7625 8039 7764 8040 7765 7961 7625 7961 7625 8040 7765 7962 7626 8040 7765 8041 7766 7962 7626 7962 7626 8041 7766 7963 7627 8041 7766 8042 7767 7963 7627 7963 7627 8042 7767 7964 7628 8042 7767 8043 7768 7964 7628 7964 7628 8043 7768 7965 7629 8043 7768 8044 7769 7965 7629 7965 7629 8044 7769 7915 7541 8044 7769 7995 7770 7915 7541 7915 7541 7995 7770 7966 7630 7996 7771 7916 7771 8045 7771 7916 7543 7966 7630 8045 7772 8046 7773 7967 7773 7917 7773 7998 7774 8046 7774 7917 7774 5269 4560 5270 4559 7933 7294 7934 7581 7898 7509 8047 7775 8048 7776 8000 7633 7899 7510 8001 7777 7918 7547 7883 7511 7899 7510 7934 7581 8048 7776 8000 7633 8001 7777 7883 7511 8069 7778 8049 7779 7900 7513 7935 7582 8002 7680 7886 7480 7902 7515 7901 7514 7969 7635 8050 7780 7905 7518 7904 7517 8003 7781 7919 7584 7905 7518 7904 7517 7936 7583 8050 7780 8004 7782 7717 7782 7831 7782 7905 7518 8050 7780 8003 7781 7919 7584 8004 7783 7831 7426 5061 7784 7970 7784 5040 7784 8011 7785 8052 7785 7942 7785 7942 7786 8052 7786 7943 7786 8052 7787 8053 7787 7943 7787 7943 7788 8053 7788 7971 7788 8053 7789 8054 7789 7971 7789 7971 7790 8054 7790 7972 7790 8054 7791 8055 7791 7972 7791 7972 7792 8055 7792 7973 7792 8055 7793 8012 7793 7973 7793 7999 7794 5267 7546 5266 4561 7933 7294 7967 7631 5268 7295 8068 7795 5286 7478 5267 7546 5266 4561 5269 4560 7999 7794 5267 7546 7999 7794 8068 7795 5286 7478 8047 7775 7898 7509 8049 7779 7969 7635 7901 7514 7901 7514 7900 7513 8049 7779 7717 7796 8004 7796 8005 7796 7906 7519 7782 7482 7808 7383 7687 7797 8051 7797 7920 7797 7920 7798 5034 7798 7687 7798 8006 7799 5034 7799 5035 7799 5034 7800 7920 7800 5035 7800 8006 7801 8058 7801 8007 7801 8006 7802 5035 7802 8058 7802 8007 7803 8059 7803 8008 7803 8007 7804 8058 7804 8059 7804 8008 7805 8060 7805 8009 7805 8008 7806 8059 7806 8060 7806 8009 7807 8061 7807 8010 7807 8009 7808 8060 7808 8061 7808 8010 7809 5039 7809 5040 7809 8010 7810 8061 7810 5039 7810 7970 7811 5062 7811 8062 7811 5039 7812 5061 7812 5040 7812 8063 7813 7966 7813 7995 7813 8063 7814 8045 7772 7966 7630 5273 7815 5268 7295 7967 7631 8046 7816 5273 7816 7967 7816 8077 7817 8047 7775 5286 7478 8056 7818 8048 7776 7934 7581 5286 7478 8068 7795 8077 7817 7934 7581 8047 7775 8056 7818 7900 7513 8002 7680 8069 7778 8057 7819 7936 7583 7903 7516 7903 7516 7969 7635 8057 7819 7937 7820 7906 7519 7718 7382 5061 7821 5062 7821 7970 7821 7970 7822 8062 7822 8011 7822 5269 4560 8067 7823 7999 7794 8064 7824 7935 7582 7968 7634 7968 7634 7918 7547 8064 7824 7937 7820 7718 7382 8005 7681 7553 6907 7782 7482 8070 7825 5037 7826 8082 7826 5038 7826 7920 7827 8051 7827 5037 7827 5037 7828 5035 7828 7920 7828 8071 7829 8058 7829 5035 7829 5035 7830 5037 7830 8071 7830 8072 7831 8059 7831 8058 7831 8058 7832 8071 7832 8072 7832 8060 7833 8059 7833 8073 7833 8059 7834 8072 7834 8073 7834 5039 7835 8061 7835 8074 7835 8061 7836 8060 7836 8074 7836 5061 7837 5039 7837 5063 7837 5039 7838 8074 7838 5063 7838 5062 7839 5061 7839 8065 7839 5062 7840 5066 7840 8075 7840 5063 7841 8065 7841 5061 7841 8076 7842 8063 7842 7995 7842 8066 7843 5268 7295 5273 7815 8056 7818 8047 7775 8078 7844 8050 7780 8108 7845 8080 7846 7919 7584 8085 7847 8004 7783 8065 7848 5066 7848 5062 7848 5062 7849 8075 7849 8062 7849 8095 7850 5269 4560 8066 7843 5269 4560 5268 7295 8066 7843 8067 7823 8068 7795 7999 7794 8064 7824 7918 7547 8079 7851 7936 7583 8057 7819 8108 7845 8108 7845 8050 7780 7936 7583 8004 7783 8085 7847 8086 7852 7919 7584 8003 7781 8085 7847 8082 7853 8087 7853 5038 7853 8051 7854 8082 7854 5037 7854 8071 7855 5037 7855 5038 7855 8072 7856 8071 7856 8088 7856 8088 7857 8089 7857 8072 7857 8073 7858 8072 7858 8089 7858 8089 7859 8090 7859 8060 7859 8060 7860 8073 7860 8089 7860 8090 7861 8091 7861 8060 7861 8091 7862 8092 7862 8060 7862 8074 7863 8060 7863 8092 7863 8075 7864 5066 7864 5069 7864 8083 7865 8075 7865 5069 7865 8062 7866 8075 7866 8083 7866 7996 7867 8045 7867 8093 7867 8045 7772 8063 7814 8093 7868 7997 7869 8094 7869 5274 7869 7996 7870 8093 7870 8094 7870 8094 7871 7997 7871 7996 7871 5274 7872 5275 7872 7998 7872 5275 7873 5271 7873 8046 7873 7997 7874 5274 7874 7998 7874 5271 7875 5272 7875 5273 7875 8046 7876 7998 7876 5275 7876 5271 7877 5273 7877 8046 7877 5272 7878 8066 7843 5273 7815 8095 7850 8067 7823 5269 4560 8048 7776 8078 7844 8096 7879 8097 7880 8000 7633 8096 7879 8084 7881 8001 7777 8097 7880 8078 7844 8048 7776 8056 7818 8001 7777 8079 7851 7918 7547 8049 7779 8069 7778 8106 7882 7969 7635 8106 7882 8100 7883 8101 7884 8003 7781 8080 7846 8080 7846 8003 7781 8050 7780 8004 7885 8086 7885 8005 7885 7906 7519 8081 7886 7782 7482 5063 7887 8074 7887 8092 7887 8077 7817 8103 7888 8104 7889 8096 7879 8000 7633 8048 7776 8097 7880 8001 7777 8000 7633 8001 7777 8084 7881 8079 7851 7935 7582 8064 7824 8098 7890 8002 7680 8098 7890 8099 7891 8098 7890 8002 7680 7935 7582 8099 7891 8069 7778 8002 7680 8100 7883 8107 7892 8057 7819 8106 7882 7969 7635 8049 7779 8100 7883 8057 7819 7969 7635 8101 7884 8085 7847 8003 7781 8005 7893 8086 7893 8102 7893 8110 7894 8071 7894 8087 7894 8087 7895 8071 7895 5038 7895 8110 7896 8088 7896 8071 7896 8111 7897 8089 7897 8110 7897 8110 7898 8089 7898 8088 7898 8111 7899 8090 7899 8089 7899 8112 7900 8092 7900 8091 7900 8112 7901 5063 7901 8092 7901 5069 7902 8065 7902 8112 7902 8112 7903 8065 7903 5063 7903 8065 7904 5069 7904 5066 7904 8076 7905 8113 7905 8063 7905 8113 7906 8093 7868 8063 7814 8066 7843 5272 7878 8114 7907 8067 7823 8095 7850 8115 7908 8068 7795 8067 7823 8103 7888 8047 7775 8077 7817 8105 7909 8068 7795 8103 7888 8077 7817 8096 7879 8078 7844 8116 7910 8097 7880 8116 7910 8117 7911 8047 7775 8105 7909 8078 7844 8084 7881 8117 7911 8118 7912 8119 7913 8064 7824 8079 7851 8069 7778 8099 7891 8120 7914 8101 7884 8080 7846 8121 7915 8102 7916 7937 7820 8005 7681 8122 7917 7906 7519 7937 7820 5372 4631 7553 6907 8070 7825 8109 7918 8124 7918 8087 7918 8109 7919 8087 7919 8082 7919 8124 7920 8110 7920 8087 7920 8124 7921 8125 7921 8111 7921 8124 7922 8111 7922 8110 7922 8125 7923 8090 7923 8111 7923 8090 7924 8112 7924 8091 7924 8126 7925 5069 7925 8112 7925 5069 7926 5075 7926 8083 7926 5275 7927 8128 7927 5271 7927 5271 7928 8128 7928 5272 7928 5272 7878 8129 7929 8114 7907 8066 7843 8114 7907 8095 7850 8115 7908 8103 7888 8067 7823 8077 7817 8104 7889 8105 7909 8079 7851 8130 7930 8119 7913 8119 7913 8131 7931 8132 7932 8132 7932 8133 7933 8099 7891 8064 7824 8119 7913 8098 7890 8134 7934 8106 7882 8120 7914 8135 7935 8100 7883 8134 7934 8120 7914 8106 7882 8069 7778 8057 7819 8107 7892 8108 7845 8102 7916 8122 7917 7937 7820 8123 7936 7906 7519 8122 7917 8081 7886 8138 7937 8139 7938 7782 7482 8081 7886 8070 7825 5042 7939 8141 7939 8124 7939 5042 7940 8124 7940 8109 7940 8141 7941 8142 7941 8124 7941 8142 7942 8125 7942 8124 7942 8142 7943 8143 7943 8090 7943 8142 7944 8090 7944 8125 7944 8143 7945 8144 7945 8112 7945 8143 7946 8112 7946 8090 7946 8144 7947 8145 7947 8126 7947 8144 7948 8126 7948 8112 7948 8145 7949 5075 7949 5069 7949 8145 7950 5069 7950 8126 7950 8076 7951 8146 7951 8113 7951 5276 7952 8094 7952 8093 7952 5276 7953 5277 7953 5275 7953 5274 7954 8094 7954 5276 7954 5274 7955 5276 7955 5275 7955 8104 7889 8103 7888 8149 7956 8105 7909 8104 7889 8150 7957 8078 7844 8105 7909 8151 7958 8116 7910 8078 7844 8152 7959 8097 7880 8096 7879 8116 7910 8097 7880 8117 7911 8084 7881 8084 7881 8118 7912 8079 7851 8098 7890 8119 7913 8132 7932 8153 7960 8133 7933 8154 7961 8098 7890 8132 7932 8099 7891 8099 7891 8133 7933 8120 7914 8108 7845 8107 7892 8155 7962 8106 7882 8134 7934 8100 7883 8080 7846 8108 7845 8156 7963 8100 7883 8135 7935 8107 7892 8121 7915 8080 7846 8157 7964 8085 7847 8158 7965 8136 7966 8086 7852 8085 7847 8136 7966 8101 7884 8121 7915 8085 7847 8086 7967 8136 7967 8102 7967 7906 7519 8123 7936 8081 7886 8140 7968 5045 7968 5042 7968 5045 7969 8141 7969 5042 7969 5045 7970 8142 7970 8141 7970 8142 7971 5045 7971 8160 7971 8143 7972 8160 7972 8161 7972 8144 7973 8143 7973 8161 7973 8161 7974 8162 7974 8144 7974 8145 7975 8144 7975 8162 7975 8162 7976 8127 7976 8145 7976 5075 7977 8145 7977 8127 7977 5075 7978 8127 7978 5076 7978 5075 7979 5076 7979 8083 7979 8146 7980 8093 7868 8113 7906 5276 7981 8093 7868 8164 7982 8093 7868 8146 7980 8164 7982 5276 7981 8164 7982 5277 7983 8128 7984 5277 7983 5278 7985 8129 7929 8128 7984 8165 7986 5275 7987 5277 7987 8128 7987 8129 7988 5272 7988 8128 7988 8166 7989 8095 7850 8114 7907 8166 7989 8114 7907 8129 7929 8148 7990 8115 7908 8095 7850 8148 7990 8095 7850 8166 7989 8147 7991 8103 7888 8115 7908 8147 7991 8115 7908 8148 7990 8149 7956 8103 7888 8147 7991 8104 7889 8149 7956 8150 7957 8105 7909 8150 7957 8151 7958 8117 7911 8116 7910 8167 7992 8078 7844 8151 7958 8152 7959 8118 7912 8117 7911 8168 7993 8130 7930 8118 7912 8169 7994 8079 7851 8118 7912 8130 7930 8133 7933 8132 7932 8170 7995 8131 7931 8119 7913 8130 7930 8153 7960 8134 7934 8120 7914 8153 7960 8120 7914 8133 7933 8155 7962 8135 7935 8171 7996 8107 7892 8135 7935 8155 7962 8108 7845 8155 7962 8156 7963 8080 7846 8156 7963 8157 7964 8085 7847 8121 7915 8158 7965 8137 7997 8102 7997 8136 7997 8137 7998 8122 7917 8102 7916 8159 7999 8172 8000 5045 8001 5045 8001 8173 8002 8160 8003 8172 8000 8173 8002 5045 8001 8142 8004 8160 8004 8143 8004 8160 8003 8173 8002 8174 8005 8174 8005 8161 8006 8160 8003 8161 8006 8174 8005 8175 8007 8162 8008 8161 8006 8175 8007 8162 8008 8175 8007 8176 8009 8162 8008 8176 8009 8127 8010 8127 8010 8176 8009 8177 8011 8127 8010 8177 8011 5076 8012 5084 8013 5076 8012 8177 8011 8178 8014 8164 7982 8146 7980 5277 7983 8164 7982 5278 7985 5278 8015 5282 8015 8165 8015 8165 8016 8179 8016 8129 8016 8165 7986 8128 7984 5278 7985 8129 7929 8180 8017 8166 7989 8166 7989 8181 8018 8148 7990 8148 7990 8182 8019 8147 7991 8147 7991 8183 8020 8149 7956 8149 7956 8184 8021 8150 7957 8151 7958 8185 8022 8152 7959 8152 7959 8186 8023 8167 7992 8167 7992 8187 8024 8168 7993 8168 7993 8188 8025 8169 7994 8167 7992 8116 7910 8152 7959 8169 7994 8189 8026 8130 7930 8168 7993 8117 7911 8167 7992 8130 7930 8190 8027 8131 7931 8169 7994 8118 7912 8168 7993 8131 7931 8191 8028 8170 7995 8170 7995 8192 8029 8154 7961 8154 7961 8193 8030 8153 7960 8132 7932 8131 7931 8170 7995 8153 7960 8194 8031 8195 8032 8133 7933 8170 7995 8154 7961 8195 8032 8196 8033 8171 7996 8135 7935 8134 7934 8195 8032 8195 8032 8134 7934 8153 7960 8155 7962 8197 8034 8156 7963 8171 7996 8135 7935 8195 8032 8156 7963 8198 8035 8157 7964 8157 7964 8199 8036 8121 7915 8121 7915 8200 8037 8158 7965 8158 7965 8201 8038 8136 7966 8136 7966 8202 8039 8137 7998 8137 7998 8203 8040 8122 7917 8122 7917 8204 8041 8123 7936 8123 7936 8138 7937 8081 7886 8081 7886 8139 7938 8070 7825 8140 8042 8159 7999 5045 8001 8159 8043 5050 8043 8172 8043 5050 8044 8205 8044 8172 8044 8172 8045 8205 8045 8173 8045 8205 8046 8206 8046 8173 8046 8206 8047 8207 8047 8173 8047 8173 8048 8207 8048 8174 8048 8207 8049 8208 8049 8174 8049 8174 8050 8208 8050 8175 8050 8208 8051 8209 8051 8175 8051 8209 8052 8176 8052 8175 8052 5084 8053 8177 8053 8163 8053 8163 8054 8210 8054 5084 8054 5084 8013 8210 8055 5076 8012 8146 8056 8211 8056 8178 8056 8211 8057 8212 8058 8178 8014 8212 8058 8164 7982 8178 8014 8164 8059 8213 8059 5278 8059 8212 8058 8213 8060 8164 7982 5282 8061 5278 8061 8213 8061 8179 8062 8165 8062 5282 8062 8180 8063 8129 8063 8179 8063 8181 8018 8166 7989 8180 8017 8182 8019 8148 7990 8181 8018 8183 8020 8147 7991 8182 8019 8183 8020 8184 8021 8149 7956 8215 8064 8151 7958 8150 7957 8184 8021 8215 8064 8150 7957 8215 8064 8185 8022 8151 7958 8186 8023 8152 7959 8185 8022 8187 8024 8167 7992 8186 8023 8188 8025 8168 7993 8187 8024 8189 8026 8169 7994 8188 8025 8190 8027 8130 7930 8189 8026 8191 8028 8131 7931 8190 8027 8192 8029 8170 7995 8191 8028 8193 8030 8154 7961 8192 8029 8194 8031 8153 7960 8193 8030 8194 8031 8196 8033 8195 8032 8216 8065 8155 7962 8171 7996 8196 8033 8216 8065 8171 7996 8216 8065 8197 8034 8155 7962 8198 8035 8156 7963 8197 8034 8199 8036 8157 7964 8198 8035 8200 8037 8121 7915 8199 8036 8201 8038 8158 7965 8200 8037 8202 8039 8136 7966 8201 8038 8204 8041 8122 7917 8203 8040 8138 7937 8123 7936 8204 8041 5050 8066 5049 8067 5052 8068 5050 8066 5052 8068 8205 8069 8205 8069 5052 8068 8217 8070 8205 8069 8217 8070 8206 8071 8206 8071 8217 8070 8207 8072 8217 8070 8218 8073 8207 8072 8207 8072 8218 8073 8208 8074 8218 8073 8209 8075 8208 8074 8209 8075 8219 8076 8176 8009 8176 8009 8219 8076 8177 8011 8220 8077 8163 8078 8177 8011 8177 8011 8219 8076 8220 8077 8163 8078 8220 8077 5086 8079 5086 8079 8221 8080 8163 8078 8163 8081 8221 8081 8210 8081 8211 8057 8222 8082 8212 8058 8222 8082 8223 8083 8212 8058 8223 8083 8213 8060 8212 8058 8224 8084 8225 8085 5280 4554 5282 8086 8214 8087 8179 8088 8228 8089 8229 8090 8225 8085 8230 8091 8231 8092 8229 8090 8232 8093 8231 8092 8233 8094 8234 8095 8232 8093 8235 8096 8236 8097 8234 8095 8237 8098 8238 8099 8239 8100 8240 8101 8240 8101 8241 8102 8185 8022 8242 8103 8243 8104 8244 8105 8245 8106 8246 8107 8243 8104 8247 8108 8248 8109 8246 8107 8249 8110 8250 8111 8248 8109 8251 8112 8252 8113 8250 8111 8253 8114 8254 8115 8252 8113 8255 8116 8254 8115 8256 8117 8257 8118 8255 8116 8258 8119 8259 8120 8257 8118 8260 8121 8261 8122 8262 8123 8263 8124 8263 8124 8264 8125 8197 8034 8265 8126 8267 8127 8266 8128 8268 8129 8266 8128 8269 8130 8270 8131 8269 8130 8201 8038 8271 8132 8201 8038 8202 8039 8272 8133 8202 8039 8273 8134 8202 8039 8203 8040 8137 7998 8275 8135 8273 8134 8204 8041 8138 7937 8276 8136 8204 8041 8139 7938 8277 8137 8138 7937 8278 8138 8280 8139 8279 8140 8278 8138 8070 7825 8139 7938 8070 7825 8278 8138 5372 4631 5051 8141 8281 8141 5052 8141 8281 8142 8282 8142 5052 8142 8217 8143 5052 8143 8282 8143 8283 8144 8217 8144 8282 8144 8218 8145 8217 8145 8283 8145 8284 8146 8218 8146 8283 8146 8209 8147 8218 8147 8284 8147 8285 8148 8209 8148 8284 8148 8219 8149 8209 8149 8285 8149 8286 8150 8220 8150 8285 8150 8220 8151 8219 8151 8285 8151 5086 8152 8220 8152 8286 8152 5090 8153 5086 8153 8286 8153 5090 8154 5089 8154 5086 8154 5086 8079 5089 4383 8221 8080 8222 8155 5283 8155 8223 8155 5285 4558 8213 8060 8223 8083 5285 8156 8223 8156 5283 8156 8213 8060 5285 4558 5281 4555 5282 8157 8213 8157 5281 8157 5282 8158 5281 8158 5280 8158 8287 8159 8225 8085 8226 8160 5282 8161 5280 8161 8225 8161 8288 8162 8225 8085 8227 8163 8289 8164 8229 8090 8228 8089 8290 8165 8231 8092 8230 8091 8180 8017 8225 8085 8229 8090 8291 8166 8232 8093 8233 8094 8181 8018 8229 8090 8231 8092 8292 8167 8234 8095 8235 8096 8182 8019 8231 8092 8232 8093 8293 8168 8236 8097 8237 8098 8183 8020 8232 8093 8234 8095 8240 8101 8236 8097 8293 8168 8184 8021 8234 8095 8236 8097 8241 8102 8240 8101 8239 8100 8236 8097 8240 8101 8215 8064 8244 8105 8241 8102 8294 8169 8186 8023 8185 8022 8241 8102 8186 8023 8241 8102 8244 8105 8187 8024 8186 8023 8244 8105 8187 8024 8244 8105 8243 8104 8188 8025 8187 8024 8243 8104 8295 8170 8248 8109 8247 8108 8188 8025 8243 8104 8246 8107 8296 8171 8250 8111 8249 8110 8189 8026 8246 8107 8248 8109 8297 8172 8252 8113 8251 8112 8190 8027 8248 8109 8250 8111 8298 8173 8254 8115 8253 8114 8191 8028 8250 8111 8252 8113 8299 8174 8255 8116 8256 8117 8192 8029 8252 8113 8254 8115 8300 8175 8257 8118 8258 8119 8193 8030 8254 8115 8255 8116 8301 8176 8259 8120 8260 8121 8194 8031 8255 8116 8257 8118 8261 8122 8263 8124 8259 8120 8196 8033 8257 8118 8259 8120 8264 8125 8263 8124 8262 8123 8259 8120 8263 8124 8216 8065 8267 8127 8264 8125 8302 8177 8198 8035 8197 8034 8264 8125 8198 8035 8264 8125 8267 8127 8199 8036 8198 8035 8267 8127 8199 8036 8267 8127 8266 8128 8200 8037 8199 8036 8266 8128 8200 8037 8266 8128 8269 8130 8201 8038 8200 8037 8269 8130 8303 8178 8271 8132 8202 8039 8304 8179 8272 8133 8273 8134 8305 8180 8274 8181 8273 8134 8203 8182 8202 8182 8273 8182 8306 8183 8275 8135 8204 8041 8307 8184 8276 8136 8138 7937 8308 8185 8277 8137 8139 7938 8279 8140 8139 7938 8278 8138 5056 4362 8309 8186 5051 4363 8309 8186 8281 8187 5051 4363 8309 8186 8310 8188 8281 8187 8310 8188 8311 8189 8281 8187 8311 8189 8282 8190 8281 8187 8311 8189 8312 8191 8282 8190 8312 8191 8313 8192 8282 8190 8313 8192 8314 8193 8282 8190 8314 8193 8283 8194 8282 8190 8314 8193 8315 8195 8283 8194 8315 8195 8316 8196 8283 8194 8316 8196 8317 8197 8283 8194 8317 8197 8318 8198 8283 8194 8318 8198 8284 8199 8283 8194 8318 8198 8319 8200 8284 8199 8319 8200 8320 8201 8284 8199 8320 8201 8321 8202 8285 8203 8320 8201 8285 8203 8284 8199 8321 8202 8322 8204 8285 8203 8322 8204 8323 8205 8285 8203 8323 8205 8324 8206 8285 8203 8324 8206 8325 8207 8285 8203 8285 8203 8325 8207 8286 8208 8325 8207 8326 8209 8286 8208 8326 8209 8327 8210 8286 8208 8286 8208 8327 8210 5090 4384 8327 8210 5091 4385 5090 4384 5284 4557 5279 4553 5281 4555 5279 4553 8224 8084 5280 4554 8224 8084 8328 8211 8225 8085 8226 8160 8225 8085 8328 8211 8214 8212 5282 8212 8225 8212 8227 8163 8225 8085 8287 8159 8179 8213 8214 8213 8225 8213 8228 8089 8225 8085 8288 8162 8180 8017 8179 8088 8225 8085 8230 8091 8229 8090 8289 8164 8181 8018 8180 8017 8229 8090 8233 8094 8231 8092 8290 8165 8182 8019 8181 8018 8231 8092 8235 8096 8232 8093 8291 8166 8183 8020 8182 8019 8232 8093 8237 8098 8234 8095 8292 8167 8184 8021 8183 8020 8234 8095 8240 8101 8293 8168 8238 8099 8215 8064 8184 8021 8236 8097 8241 8102 8239 8100 8329 8214 8185 8022 8215 8064 8240 8101 8329 8214 8294 8169 8241 8102 8294 8169 8330 8215 8244 8105 8330 8215 8242 8103 8244 8105 8242 8103 8331 8216 8243 8104 8331 8216 8245 8106 8243 8104 8245 8106 8332 8217 8246 8107 8247 8108 8246 8107 8332 8217 8189 8026 8188 8025 8246 8107 8249 8110 8248 8109 8295 8170 8190 8027 8189 8026 8248 8109 8251 8112 8250 8111 8296 8171 8191 8028 8190 8027 8250 8111 8253 8114 8252 8113 8297 8172 8192 8029 8191 8028 8252 8113 8256 8117 8254 8115 8298 8173 8193 8030 8192 8029 8254 8115 8258 8119 8255 8116 8299 8174 8194 8031 8193 8030 8255 8116 8260 8121 8257 8118 8300 8175 8196 8033 8194 8031 8257 8118 8261 8122 8259 8120 8301 8176 8216 8065 8196 8033 8259 8120 8264 8125 8262 8123 8333 8218 8197 8034 8216 8065 8263 8124 8333 8218 8302 8177 8264 8125 8302 8177 8334 8219 8267 8127 8334 8219 8267 8127 8265 8126 8265 8126 8266 8128 8335 8220 8335 8220 8266 8128 8268 8129 8268 8129 8269 8130 8336 8221 8336 8221 8269 8130 8270 8131 8270 8131 8201 8038 8337 8222 8271 8132 8337 8222 8201 8038 8272 8133 8303 8178 8202 8039 8274 8181 8304 8179 8273 8134 8275 8135 8305 8180 8273 8134 8204 8041 8203 8040 8273 8134 8276 8136 8306 8183 8204 8041 8277 8137 8307 8184 8138 7937 8279 8140 8308 8185 8139 7938 8280 8139 8338 8223 8278 8138 5372 4631 8338 8223 8278 8138 8339 8224 8340 8224 8341 8224 8342 8225 8343 8225 8344 8225 8344 8226 8345 8226 8342 8226 8343 8227 8346 8227 8347 8227 8346 8228 8343 8228 8342 8228 8348 8229 8347 8229 8349 8229 8346 8230 8349 8230 8347 8230 8350 8231 8351 8231 8348 8231 8348 8232 8349 8232 8350 8232 8351 8233 8340 8233 8339 8233 8340 8234 8351 8234 8350 8234 8352 8235 8353 8235 8354 8235 8341 8236 8355 8236 8356 8236 8357 8237 8358 8237 8359 8237 8360 8238 8361 8238 8362 8238 8363 8239 8364 8239 8365 8239 8366 8240 8367 8240 8368 8240 8369 8241 8370 8241 8371 8241 8372 8242 8373 8242 8374 8242 8374 8243 8375 8243 8376 8243 8367 8244 8376 8244 8375 8244 8376 8245 8372 8245 8374 8245 8368 8246 8367 8246 8375 8246 8369 8247 8366 8247 8370 8247 8370 8248 8366 8248 8368 8248 8360 8249 8362 8249 8371 8249 8371 8250 8362 8250 8369 8250 8365 8251 8364 8251 8361 8251 8360 8252 8365 8252 8361 8252 8363 8253 8359 8253 8358 8253 8364 8254 8363 8254 8358 8254 8357 8255 8352 8255 8354 8255 8357 8256 8359 8256 8352 8256 8355 8257 8353 8257 8356 8257 8355 8258 8354 8258 8353 8258 8356 8259 8339 8259 8341 8259 8377 8260 8378 8260 8379 8260 8380 8261 8381 8261 8382 8261 8383 8262 8384 8262 8385 8262 8382 8263 8386 8263 8387 8263 8384 1451 8383 1451 8382 1451 8388 8264 8382 8264 8381 8264 8386 8265 8382 8265 8389 8265 8390 597 8391 597 8392 597 8392 8254 8393 8254 8390 8254 8394 8266 8395 8266 8385 8266 8392 8267 8391 8267 8377 8267 8395 8268 8394 8268 8396 8268 8397 8269 8390 8269 8398 8269 8399 8270 8396 8270 8400 8270 8402 8271 8396 8271 8399 8271 8378 8272 8377 8272 8391 8272 8378 8273 8403 8273 8379 8273 8403 8274 8404 8274 8405 8274 8378 8275 8404 8275 8403 8275 8406 8276 8403 8276 8405 8276 8405 8277 8407 8277 8406 8277 8408 8278 8396 8278 8409 8278 8400 8279 8396 8279 8410 8279 8411 8280 8382 8280 8412 8280 8396 8281 8413 8281 8414 8281 8410 8282 8396 8282 8414 8282 8384 8283 8382 8283 8415 8283 8413 8284 8396 8284 8408 8284 8416 8285 8396 8285 8417 8285 8416 8286 8409 8286 8396 8286 8417 8287 8396 8287 8394 8287 8395 8288 8383 8288 8385 8288 8411 8289 8415 8289 8382 8289 8382 8290 8418 8290 8412 8290 8418 8291 8382 8291 8387 8291 8388 8292 8389 8292 8382 8292 8382 8293 8390 8293 8380 8293 8390 8294 8397 8294 8380 8294 8419 8295 8420 8295 8421 8295 8398 8296 8390 8296 8401 8296 8422 8297 8390 8297 8393 8297 8390 8298 8422 8298 8401 8298 8423 8299 8393 8299 8419 8299 8423 8300 8422 8300 8393 8300 8419 8301 8393 8301 8420 8301 8424 8302 8425 8302 8421 8302 8421 8303 8420 8303 8424 8303 8426 8304 8425 8304 8402 8304 8424 8305 8402 8305 8425 8305 8427 8306 8428 8306 8402 8306 8402 8307 8428 8307 8426 8307 8429 8308 8430 8308 8402 8308 8402 8309 8430 8309 8427 8309 8431 8310 8432 8310 8402 8310 8402 8311 8432 8311 8429 8311 8399 8312 8433 8312 8402 8312 8402 8313 8433 8313 8431 8313 8434 8314 8435 8315 8436 8316 8437 8317 8438 8318 8439 8319 8440 2135 8441 8320 8442 8321 8443 8322 8444 8323 8445 8324 8446 8325 8447 8326 8448 8327 8449 2143 8450 2143 8451 8328 8452 8329 8453 8330 8454 8331 8455 8332 8456 8333 8457 8334 8458 2145 8459 8335 8460 8328 8461 8336 8462 8337 8463 8338 8464 8339 8465 8340 8466 8341 8467 8342 8468 8343 8469 499 8470 8344 8471 8345 8472 8346 8473 8347 8474 8348 8475 8349 8476 8350 8477 8351 8478 8352 8479 8353 8480 8354 8481 8355 8482 8356 8483 8357 8484 8358 8485 8359 8486 8360 8487 8361 8488 8362 8489 8363 8490 8364 8491 8365 8492 8366 8493 8367 8492 8366 8491 8365 8494 2114 8495 8368 8496 8369 8493 8367 8493 8367 8492 8366 8495 8368 8497 8370 8496 8369 8498 8371 8495 8368 8498 8371 8496 8369 8497 8370 8499 8372 8500 8373 8499 8372 8497 8370 8498 8371 8501 8374 8502 8375 8500 8373 8500 8373 8499 8372 8501 8374 8503 8376 8502 8375 8504 8377 8501 8374 8504 8377 8502 8375 8503 8376 8505 8378 8506 8379 8505 8378 8503 8376 8504 8377 8507 8380 8508 8381 8506 8379 8506 8379 8505 8378 8507 8380 8435 8315 8508 8381 8509 8382 8507 8380 8509 8382 8508 8381 8436 8316 8435 8315 8509 8382 8494 2114 8487 8361 8486 8360 8491 8365 8487 8361 8494 2114 8488 8362 8490 8364 8485 8359 8485 8359 8490 8364 8486 8360 8479 8353 8489 8363 8480 8354 8480 8354 8489 8363 8488 8362 8483 8357 8481 8355 8484 8358 8483 8357 8479 8353 8481 8355 8482 8356 8473 8347 8475 8349 8482 8356 8484 8358 8473 8347 8474 8348 8477 8351 8476 8350 8475 8349 8474 8348 8476 8350 8469 499 8468 8343 8478 8352 8477 8351 8469 499 8478 8352 8470 8344 8472 8346 8467 8342 8467 8342 8472 8346 8468 8343 8461 8336 8471 8345 8462 8337 8462 8337 8471 8345 8470 8344 8465 8340 8461 8336 8463 8338 8464 8339 8466 8341 8455 8332 8465 8340 8463 8338 8466 8341 8457 8334 8456 8333 8458 2145 8464 8339 8455 8332 8457 8334 8459 8335 8451 8328 8460 8328 8456 8333 8459 8335 8458 2145 8449 2143 8454 8331 8450 2143 8451 8328 8450 2143 8460 8328 8444 8323 8453 8330 8452 8329 8452 8329 8454 8331 8449 2143 8447 8326 8443 8322 8445 8324 8443 8322 8453 8330 8444 8323 8446 8325 8448 8327 8437 8317 8447 8326 8445 8324 8448 8327 8439 8319 8438 8318 8442 8321 8446 8325 8437 8317 8439 8319 8440 2135 8434 8314 8441 8320 8438 8318 8440 2135 8442 8321 8436 8316 8441 8320 8434 8314 8510 8383 8512 8384 8511 8385 8513 8386 8515 8387 8514 8388 8516 8389 8518 8390 8517 8391 8519 8392 8521 8393 8520 8394 8522 8395 8524 8396 8523 8397 8525 8398 8527 8399 8526 8400 8528 8401 8530 8402 8529 8403 8531 8404 8533 8405 8532 8406 8534 8407 8536 8408 8535 8409 8537 8410 8539 8411 8538 8412 8540 8413 8542 8414 8541 8415 8541 8415 8536 8408 8540 8413 8543 8416 8542 8414 8544 8417 8540 8413 8544 8417 8542 8414 8543 8416 8546 8418 8545 8419 8546 8418 8543 8416 8544 8417 8547 8420 8548 8421 8545 8419 8545 8419 8546 8418 8547 8420 8536 8408 8541 8415 8535 8409 8547 8420 8549 8422 8548 8421 8534 8407 8535 8409 8538 8412 8539 8411 8537 8410 8528 8401 8534 8407 8538 8412 8539 8411 8530 8402 8533 8405 8529 8403 8537 8410 8530 8402 8528 8401 8532 8406 8523 8397 8531 8404 8533 8405 8531 8404 8529 8403 8525 8398 8524 8396 8522 8395 8522 8395 8523 8397 8532 8406 8518 8390 8526 8400 8527 8399 8526 8400 8524 8396 8525 8398 8516 8389 8517 8391 8519 8392 8518 8390 8527 8399 8517 8391 8520 8394 8521 8393 8511 8385 8516 8389 8519 8392 8520 8394 8510 8383 8515 8387 8512 8384 8521 8393 8510 8383 8511 8385 8513 8386 8512 8384 8515 8387 8550 8423 8552 8423 8551 8423 8553 8424 8552 8424 8554 8424 8552 8425 8550 8425 8555 8425 8552 8426 8555 8426 8554 8426 8556 8427 8558 8427 8557 8427 8559 8428 8556 8428 8560 8428 8557 8429 8560 8429 8556 8429 8561 8430 8559 8430 8560 8430 8562 8431 8564 8431 8563 8431 8562 8432 8565 8432 8564 8432 8566 8433 8568 8433 8567 8433 8566 8434 8569 8434 8568 8434 8566 8435 8567 8435 8570 8435 8571 8436 8568 8436 8569 8436 8572 8437 8574 8437 8573 8437 8575 8438 8577 8438 8576 8438 8578 8439 8579 8439 8573 8439 8579 8440 8578 8440 8580 8440 8581 8441 8583 8441 8582 8441 8573 8442 8574 8442 8578 8442 8572 8443 8584 8443 8574 8443 8581 8444 8582 8444 8574 8444 8575 8445 8586 8445 8585 8445 8574 8446 8585 8446 8581 8446 8574 8447 8584 8447 8585 8447 8575 8448 8585 8448 8584 8448 8587 8449 8577 8449 8575 8449 8584 8450 8587 8450 8575 8450 8588 8451 8590 8451 8589 8451 8591 8452 8593 8452 8592 8452 8594 8453 8596 8453 8595 8453 8597 8454 8599 8454 8598 8454 8600 8455 8602 8455 8601 8455 8603 8456 8602 8456 8600 8456 8604 8457 8606 8457 8605 8457 8601 8458 8607 8458 8606 8458 8608 8459 8609 8459 8593 8459 8610 8460 8605 8460 8609 8460 8611 8461 8613 8461 8612 8461 8592 8462 8612 8462 8614 8462 8611 8463 8616 8463 8615 8463 8615 8464 8616 8464 8617 8464 8618 8465 8620 8465 8619 8465 8619 8466 8617 8466 8621 8466 8622 8467 8624 8467 8623 8467 8623 8468 8620 8468 8625 8468 8624 8469 8627 8469 8626 8469 8627 8470 8624 8470 8622 8470 8627 8471 8628 8471 8626 8471 8623 8472 8625 8472 8622 8472 8620 8473 8618 8473 8625 8473 8619 8474 8621 8474 8618 8474 8617 8475 8616 8475 8621 8475 8613 8476 8611 8476 8615 8476 8593 8477 8612 8477 8592 8477 8612 8478 8613 8478 8614 8478 8593 8479 8591 8479 8608 8479 8610 8480 8609 8480 8608 8480 8604 8481 8605 8481 8610 8481 8607 8482 8605 8482 8606 8482 8602 8483 8607 8483 8601 8483 8600 8484 8594 8484 8603 8484 8629 8485 8595 8485 8596 8485 8595 8486 8603 8486 8594 8486 8629 8487 8597 8487 8598 8487 8597 8488 8629 8488 8596 8488 8588 8489 8589 8489 8599 8489 8589 8490 8598 8490 8599 8490 8630 8491 8632 8491 8631 8491 8633 8492 8635 8492 8634 8492 8630 8493 8636 8493 8632 8493 8637 8494 8633 8494 8638 8494 8635 8495 8633 8495 8637 8495 8639 8496 8640 8496 8634 8496 8641 8497 8634 8497 8640 8497 8633 8498 8634 8498 8641 8498 8636 8499 8642 8499 8632 8499 8643 8500 8637 8500 8638 8500 8632 8501 8642 8501 8643 8501 8643 8502 8642 8502 8637 8502 8644 8503 8646 8503 8645 8503 8645 8504 8647 8504 8644 8504 8648 8505 8650 8505 8649 8505 8649 8506 8651 8506 8648 8506 8652 8507 8654 8507 8653 8507 8653 8508 8655 8508 8652 8508 8656 8509 8658 8509 8657 8509 8657 8510 8659 8510 8656 8510 8660 8511 8662 8511 8661 8511 8661 8512 8663 8512 8660 8512 8664 8513 8666 8513 8665 8513 8667 2189 8668 2189 8664 2189 8669 8514 8666 8514 8670 8514 8669 8515 8665 8515 8666 8515 8664 8516 8665 8516 8667 8516 8671 8517 8673 8517 8672 8517 8672 8518 8674 8518 8671 8518 8675 1101 8677 1101 8676 1101 8675 2860 8679 2860 8678 2860 8676 8519 8681 8519 8680 8519 8676 8520 8677 8520 8681 8520 8679 8521 8675 8521 8682 8521 8675 8522 8678 8522 8677 8522 8683 2525 8685 2525 8684 2525 8684 8434 8686 8434 8683 8434 8687 2472 8689 2472 8688 2472 8688 8523 8690 8523 8687 8523 8688 8514 8689 8514 8691 8514 8692 8524 8694 8524 8693 8524 8695 8525 8694 8525 8692 8525 8696 8526 8698 8526 8697 8526 8699 8527 8700 8527 8694 8527 8698 8528 8702 8528 8701 8528 8693 8529 8694 8529 8700 8529 8703 8530 8705 8530 8704 8530 8696 8531 8706 8531 8699 8531 8699 8532 8694 8532 8696 8532 8707 8533 8696 8533 8697 8533 8706 8534 8696 8534 8707 8534 8698 8535 8709 8535 8708 8535 8697 8536 8698 8536 8708 8536 8709 8537 8698 8537 8701 8537 8702 8538 8711 8538 8710 8538 8701 8539 8702 8539 8710 8539 8704 8540 8712 8540 8702 8540 8711 8541 8702 8541 8712 8541 8704 8542 8705 8542 8713 8542 8704 8543 8713 8543 8712 8543 8714 2651 8715 2651 8704 2651 8703 8544 8704 8544 8715 8544 8716 8545 8717 8545 8714 8545 8714 8546 8717 8546 8715 8546 8714 8547 8718 8547 8716 8547 8714 8548 8719 8548 8718 8548 8720 8549 8722 8549 8721 8549 8721 8550 8723 8550 8720 8550 8721 1180 8722 1180 8724 1180 8725 2495 8727 2495 8726 2495 8726 8551 8728 8551 8725 8551 8729 8552 8731 8552 8730 8552 8730 8553 8732 8553 8729 8553 8733 8554 8735 8554 8734 8554 8734 8555 8736 8555 8733 8555 8737 8556 8739 8556 8738 8556 8738 2404 8742 2404 8741 2404 8742 8557 8738 8557 8739 8557 8740 8558 8739 8558 8737 8558 8743 8559 8745 8559 8744 8559 8746 8560 8748 8560 8747 8560 8749 8561 8743 8561 8744 8561 8748 8562 8751 8562 8750 8562 8752 8563 8754 8563 8753 8563 8755 8564 8752 8564 8756 8564 8757 8565 8744 8565 8758 8565 8757 8566 8749 8566 8744 8566 8746 8567 8759 8567 8758 8567 8758 8568 8744 8568 8746 8568 8760 8569 8746 8569 8747 8569 8759 8570 8746 8570 8760 8570 8761 8571 8748 8571 8750 8571 8747 8572 8748 8572 8761 8572 8751 8573 8763 8573 8762 8573 8750 8574 8751 8574 8762 8574 8752 8575 8755 8575 8751 8575 8763 8576 8751 8576 8755 8576 8752 8577 8753 8577 8756 8577 8764 8578 8766 8578 8765 8578 8764 8579 8754 8579 8766 8579 8767 8580 8766 8580 8768 8580 8767 8581 8765 8581 8766 8581 8766 8582 8754 8582 8752 8582 8769 8583 8771 8583 8770 8583 8771 8584 8769 8584 8772 8584 8773 8585 8772 8585 8774 8585 8769 8586 8774 8586 8772 8586 8774 8587 8775 8587 8773 8587 8776 8588 8778 8588 8777 8588 8777 8589 8779 8589 8776 8589 8780 8590 8782 8590 8781 8590 8781 8591 8783 8591 8780 8591 8784 8592 8786 8593 8785 8594 8787 8595 8789 8596 8788 749 8790 750 8787 8595 8788 749 8791 8597 8793 8598 8792 8599 8790 750 8794 8600 8787 8595 8793 8598 8791 8597 8795 8601 8784 8592 8797 8602 8796 8603 8797 8602 8784 8592 8785 8594 8786 8593 8795 8601 8785 8594 8786 8593 8793 8598 8795 8601 8798 745 8800 8604 8799 8605 8801 8606 8803 8607 8802 739 8804 8608 8806 748 8805 8609 8807 8610 8809 743 8808 8611 8788 749 8789 8596 8810 752 8811 8612 8813 8613 8812 8614 8814 756 8816 8615 8815 8616 8794 8600 8790 750 8814 756 8817 8617 8819 8618 8818 8619 8820 8620 8816 8615 8821 8621 8822 8622 8824 8623 8823 8624 8817 8617 8824 8623 8825 8625 8823 8624 8827 8626 8826 8627 8826 8627 8822 8622 8823 8624 8828 8628 8829 8629 8827 8626 8826 8627 8827 8626 8829 8629 8830 8630 8828 8628 8831 8631 8828 8628 8830 8630 8829 8629 8825 8625 8824 8623 8822 8622 8822 8622 8821 8621 8825 8625 8820 8620 8821 8621 8822 8622 8824 8623 8817 8617 8818 8619 8814 756 8815 8616 8794 8600 8816 8615 8820 8620 8815 8616 8819 8618 8833 8632 8832 8633 8832 8633 8818 8619 8819 8618 8834 8631 8832 8633 8833 8632 8789 8596 8813 8613 8810 752 8835 747 8811 8612 8812 8614 8811 8612 8810 752 8813 8613 8805 8609 8806 748 8835 747 8835 747 8812 8614 8805 8609 8808 8611 8836 744 8804 8608 8836 744 8806 748 8804 8608 8807 8610 8798 745 8809 743 8808 8611 8809 743 8836 744 8837 8634 8799 8605 8800 8604 8800 8604 8798 745 8807 8610 8837 8634 8801 8606 8802 739 8802 739 8799 8605 8837 8634 8792 8599 8803 8607 8791 8597 8791 8597 8803 8607 8801 8606 8838 8635 8792 8599 8839 8636 8792 8599 8838 8635 8803 8607 8839 8636 8841 8637 8840 8638 8840 8638 8838 8635 8839 8636 8840 8638 8841 8637 8842 8639 8841 8637 8843 8603 8842 8639 8844 8640 8846 8640 8845 8640 8844 8641 8847 8641 8846 8641 8846 8642 8847 8642 8848 8642 8844 8643 8845 8643 8849 8643 8850 8644 8852 8644 8851 8644 8850 8645 8853 8645 8852 8645 8854 8646 8856 8646 8855 8646 8857 8647 8859 8647 8858 8647 8857 8648 8856 8648 8859 8648 8859 8649 8856 8649 8854 8649 8860 8650 8862 8650 8861 8650 8863 8651 8865 8652 8864 8653 8866 8654 8868 8655 8867 8656 8861 8657 8862 8657 8869 8657 8862 8658 8870 8658 8868 8658 8871 8659 8873 8660 8872 8661 8874 8662 8876 8663 8875 8664 8873 8665 8878 8665 8877 8665 8879 8666 8863 8666 8880 8666 8881 8667 8883 8668 8882 8669 8873 8670 8877 8670 8884 8670 8885 8671 8886 8671 8880 8671 8880 8672 8888 8672 8887 8672 8869 8673 8890 8674 8889 8675 8891 8676 8868 8655 8866 8654 8892 8677 8893 8678 8871 8659 8892 8677 8894 8679 8891 8676 8866 8680 8895 8680 8891 8680 8875 8664 8896 8681 8882 8669 8897 8682 8899 8682 8898 8682 8895 8683 8892 8677 8891 8676 8891 8676 8890 8674 8868 8655 8900 8684 8902 8685 8901 8686 8903 8687 8905 8688 8904 8689 8906 8690 8908 8691 8907 8692 8907 8692 8905 8688 8906 8690 8889 8675 8890 8674 8903 8687 8906 8690 8905 8688 8903 8687 8904 8689 8889 8675 8903 8687 8909 8693 8872 8661 8884 8694 8910 8695 8885 8695 8880 8695 8898 8696 8911 8696 8897 8696 8897 8697 8912 8697 8899 8697 8880 8698 8914 8698 8913 8698 8915 8699 8917 8700 8916 8701 8897 8702 8919 8702 8918 8702 8911 8703 8919 8703 8897 8703 8920 8704 8921 8704 8880 8704 8897 8705 8922 8705 8916 8705 8918 8706 8922 8706 8897 8706 8880 8707 8924 8708 8923 8709 8897 8710 8916 8701 8917 8700 8924 8708 8917 8700 8925 8711 8915 8699 8925 8711 8917 8700 8924 8708 8926 8712 8923 8709 8924 8708 8925 8711 8926 8712 8880 8713 8923 8713 8920 8713 8880 8714 8921 8714 8914 8714 8910 8715 8880 8715 8927 8715 8880 8716 8913 8716 8927 8716 8928 8717 8879 8717 8880 8717 8880 8718 8887 8718 8928 8718 8909 8693 8930 8719 8929 8720 8874 8662 8875 8664 8931 8721 8863 8651 8875 8664 8882 8669 8932 8722 8875 8664 8876 8663 8875 8664 8863 8651 8879 8723 8865 8652 8863 8651 8882 8669 8873 8724 8884 8724 8872 8724 8929 8720 8933 8725 8909 8693 8934 8726 8897 8710 8909 8693 8893 8678 8873 8660 8871 8659 8935 8727 8936 8727 8897 8727 8897 8728 8934 8728 8935 8728 8937 8729 8897 8729 8936 8729 8938 8730 8897 8730 8939 8730 8897 8731 8937 8731 8939 8731 8912 8732 8897 8732 8938 8732 8881 8667 8882 8669 8896 8681 8875 8664 8940 8733 8931 8721 8930 8719 8909 8693 8941 8734 8896 8681 8875 8664 8884 8694 8884 8694 8875 8664 8909 8693 8941 8734 8909 8693 8875 8664 8871 8659 8872 8661 8909 8693 8865 8652 8882 8669 8883 8668 8941 8734 8875 8664 8932 8722 8933 8725 8934 8726 8909 8693 8909 8693 8897 8710 8942 8735 8871 8659 8909 8693 8942 8735 8893 8678 8892 8677 8895 8683 8943 8736 8871 8659 8942 8735 8943 8736 8892 8677 8871 8659 8894 8679 8892 8677 8943 8736 8868 8655 8890 8674 8869 8673 8862 8737 8868 8737 8869 8737 8868 8738 8870 8738 8867 8738 8904 8689 8944 8739 8889 8675 8888 8740 8880 8740 8886 8740 8875 8664 8879 8723 8940 8733 8897 8741 8945 8741 8942 8741 8942 8735 8945 8742 8943 8736 8945 8742 8946 8743 8943 8736 8943 8736 8946 8743 8894 8679 8894 8679 8946 8743 8947 8744 8891 8676 8894 8679 8890 8674 8947 8744 8948 8745 8890 8674 8906 8690 8903 8687 8949 8746 8903 8687 8890 8674 8948 8745 8906 8690 8949 8746 8908 8691 8948 8745 8947 8744 8950 8747 8947 8744 8890 8674 8894 8679 8902 8685 8949 8746 8950 8747 8903 8687 8948 8745 8949 8746 8949 8746 8948 8745 8950 8747 8908 8691 8949 8746 8951 8748 8900 8684 8949 8746 8902 8685 8949 8746 8900 8684 8951 8748 8952 8749 8954 8749 8953 8749 8955 8750 8957 8750 8956 8750 8958 8751 8959 8751 8953 8751 8960 8752 8953 8752 8961 8752 8962 8753 8964 8753 8963 8753 8965 8754 8966 8754 8953 8754 8953 8755 8966 8755 8952 8755 8967 8756 8968 8756 8953 8756 8953 8757 8968 8757 8965 8757 8969 8758 8970 8758 8953 8758 8953 8759 8970 8759 8967 8759 8953 8760 8959 8760 8971 8760 8953 8761 8971 8761 8969 8761 8972 6 8958 6 8963 6 8953 8762 8963 8762 8958 8762 8973 6 8974 6 8963 6 8963 6 8974 6 8972 6 8975 8763 8976 8763 8963 8763 8963 6 8976 6 8973 6 8977 8764 8978 8764 8963 8764 8963 6 8978 6 8975 6 8963 8765 8964 8765 8977 8765 8962 8766 8963 8766 8955 8766 8957 8767 8980 8767 8979 8767 8963 8768 8957 8768 8955 8768 8981 8769 8982 8769 8957 8769 8957 8770 8982 8770 8956 8770 8983 8771 8984 8771 8957 8771 8957 8772 8984 8772 8981 8772 8957 8773 8979 8773 8983 8773 8960 8774 8985 8774 8957 8774 8980 8775 8957 8775 8985 8775 8986 6 8987 6 8960 6 8960 8776 8987 8776 8985 8776 8988 6 8989 6 8960 6 8960 8777 8989 8777 8986 8777 8990 8778 8991 8778 8960 8778 8960 8779 8991 8779 8988 8779 8961 8780 8992 8780 8960 8780 8960 8781 8992 8781 8990 8781 8953 8782 8954 8782 8961 8782 8993 8783 8995 8784 8994 8785 8995 8784 8997 8786 8996 8787 8994 8785 8995 8784 8996 8787 8998 8788 8997 8786 8999 8789 8995 8784 8999 8789 8997 8786 8998 8788 9001 8790 9000 8791 9001 8790 8998 8788 8999 8789 9002 8792 9003 8793 9000 8791 9000 8791 9001 8790 9002 8792 9004 8794 9003 8793 9005 8795 9002 8792 9005 8795 9003 8793 9004 8794 9007 8796 9006 8797 9007 8796 9004 8794 9005 8795 9008 8798 9009 8799 9006 8797 9006 8797 9007 8796 9008 8798 9010 8800 9012 8801 9011 8802 9008 8798 9012 8801 9009 8799 9013 8803 9011 8802 9014 8804 9011 8802 9013 8803 9010 8800 9015 8805 9013 8803 9014 8804 9010 8800 9009 8799 9012 8801 8993 8783 8994 8785 9016 8806 9017 8807 9016 8806 9018 8808 9016 8806 9017 8807 8993 8783 9018 8808 9020 8809 9019 8810 9019 8810 9017 8807 9018 8808 9021 8811 9022 8812 9020 8809 9019 8810 9020 8809 9022 8812 9023 8813 9021 8811 9024 8814 9021 8811 9023 8813 9022 8812 9024 8814 9026 8815 9025 8816 9025 8816 9023 8813 9024 8814 9027 8817 9028 8818 9026 8815 9025 8816 9026 8815 9028 8818 9029 8819 9027 8817 9030 8820 9027 8817 9029 8819 9028 8818 9030 8820 9032 8821 9031 8822 9031 8822 9029 8819 9030 8820 9031 8822 9032 8821 9033 8823 9032 8821 9034 8824 9033 8823 9035 8825 9037 8826 9036 8827 9038 8828 9040 8829 9039 8830 9041 8831 9043 8832 9042 8833 9044 8834 9046 8835 9045 8836 9047 8837 9049 8838 9048 8839 9050 8840 9052 516 9051 8841 9053 8842 9055 8843 9054 8844 9056 8845 9058 8846 9057 8847 9059 8848 9061 8849 9060 8850 9062 8851 9064 8852 9063 8853 9065 8854 9063 8853 9064 8852 9062 8851 9067 8855 9066 8856 9067 8855 9062 8851 9063 8853 9068 8857 9069 8858 9066 8856 9066 8856 9067 8855 9068 8857 9070 8859 9069 8858 9071 8860 9068 8857 9071 8860 9069 8858 9072 8861 9070 8859 9071 8860 9065 8854 9056 8845 9057 8847 9065 8854 9064 8852 9056 8845 9058 8846 9061 8849 9059 8848 9057 8847 9058 8846 9059 8848 9051 8841 9052 516 9060 8850 9061 8849 9051 8841 9060 8850 9053 8842 9054 8844 9050 8840 9050 8840 9054 8844 9052 516 9044 8834 9055 8843 9046 8835 9046 8835 9055 8843 9053 8842 9049 8838 9045 8836 9048 8839 9049 8838 9044 8834 9045 8836 9047 8837 9038 8828 9039 8830 9047 8837 9048 8839 9038 8828 9040 8829 9041 8831 9042 8833 9039 8830 9040 8829 9042 8833 9035 8825 9036 8827 9043 8832 9041 8831 9035 8825 9043 8832 9073 8862 9074 8863 9075 8864 9076 8865 9077 8866 9078 8867 9079 8868 9075 8864 9080 8869 9074 8863 9080 8869 9075 8864 9081 8870 9082 8871 9079 8868 9079 8868 9080 8869 9081 8870 9082 8871 9083 8872 9084 8873 9083 8872 9082 8871 9081 8870 9085 8874 9084 8873 9086 8875 9083 8872 9086 8875 9084 8873 9087 8876 9088 8877 9085 8874 9085 8874 9086 8875 9087 8876 9088 8877 9089 8878 9090 8879 9089 8878 9088 8877 9087 8876 9091 8880 9090 8879 9092 8881 9089 8878 9092 8881 9090 8879 9093 8882 9094 8883 9091 8880 9091 8880 9092 8881 9093 8882 9095 8884 9094 8883 9093 8882 9095 8884 9096 8885 9094 8883 9074 8863 9073 8862 9097 8886 9098 8887 9099 8888 9097 8886 9097 8886 9073 8862 9098 8887 9099 8888 9100 8889 9101 8890 9100 8889 9099 8888 9098 8887 9102 8891 9101 8890 9103 8892 9100 8889 9103 8892 9101 8890 9104 8893 9105 8894 9102 8891 9102 8891 9103 8892 9104 8893 9105 8894 9106 8895 9107 8896 9106 8895 9105 8894 9104 8893 9108 8897 9107 8896 9109 8898 9106 8895 9109 8898 9107 8896 9110 8899 9111 8900 9108 8897 9108 8897 9109 8898 9110 8899 9111 8900 9112 8901 9113 8902 9112 8901 9111 8900 9110 8899 9112 8901 9077 8866 9113 8902 9114 8903 9115 8867 9116 8903 9113 8902 9077 8866 9076 8865 9117 8904 9118 8905 9119 8906 9120 8907 9121 8907 9122 8905 9123 8908 9124 8909 9125 8909 9126 8910 9127 8908 9128 8910 9129 8911 9130 8911 9131 8912 9132 8912 9133 8913 9134 8913 9135 8914 9136 8915 9137 8914 9138 8916 9139 8916 9140 8915 9141 8917 9142 8918 9143 8919 9135 8914 9143 8919 9142 8918 9141 8917 9144 8920 9145 8921 9145 8921 9142 8918 9141 8917 9146 8922 9144 8920 9147 8923 9144 8920 9146 8922 9145 8921 9096 8885 9148 8923 9147 8923 9146 8922 9147 8923 9148 8923 9095 8884 9148 8923 9096 8885 9136 8915 9140 8915 9137 8914 9135 8914 9137 8914 9143 8919 9138 8916 9130 8911 9139 8916 9136 8915 9138 8916 9140 8915 9129 8911 9131 8912 9132 8912 9139 8916 9130 8911 9129 8911 9134 8913 9133 8913 9125 8909 9132 8912 9131 8912 9133 8913 9127 8908 9124 8909 9123 8908 9124 8909 9134 8913 9125 8909 9117 8904 9126 8910 9128 8910 9128 8910 9127 8908 9123 8908 9118 8905 9122 8905 9119 8906 9117 8904 9119 8906 9126 8910 9120 8907 9114 8903 9121 8907 9118 8905 9120 8907 9122 8905 9116 8903 9115 8867 9078 8867 9121 8907 9114 8903 9116 8903 9076 8865 9078 8867 9115 8867 9149 8924 9150 8924 9151 8924 9152 8925 9153 8925 9154 8925 9155 8926 9150 8926 9156 8926 9157 8927 9158 8927 9149 8927 9159 8928 9156 8928 9160 8928 9161 8929 9158 8929 9162 8929 9163 8930 9161 8930 9164 8930 9165 8931 9163 8931 9166 8931 9167 8932 9168 8932 9160 8932 9165 8933 9169 8933 9170 8933 9171 8934 9167 8934 9172 8934 9173 8935 9174 8935 9175 8935 9176 8936 9177 8936 9170 8936 9178 8937 9179 8937 9153 8937 9180 8938 9181 8938 9182 8938 9183 8939 9184 8939 9185 8939 9186 8940 9152 8940 9187 8940 9188 8941 9189 8941 9190 8941 9191 8942 9192 8942 9193 8942 9189 8943 9194 8943 9195 8943 9196 8944 9197 8944 9194 8944 9180 8945 9182 8945 9198 8945 9199 8946 9196 8946 9181 8946 9185 8947 9200 8947 9201 8947 9202 8948 9200 8948 9188 8948 9203 8949 9204 8949 9205 8949 9206 8950 9207 8950 9208 8950 9209 8951 9210 8951 9211 8951 9184 8952 9212 8952 9186 8952 9213 8953 9214 8953 9178 8953 9211 8954 9215 8954 9209 8954 9174 8955 9216 8955 9213 8955 9217 8956 9218 8956 9177 8956 9219 8957 9217 8957 9220 8957 9171 8958 9221 8958 9222 8958 9175 8959 9222 8959 9223 8959 9210 8960 9224 8960 9211 8960 9224 8961 9210 8961 9205 8961 9215 8962 9219 8962 9220 8962 9215 8963 9220 8963 9209 8963 9219 8964 9218 8964 9217 8964 9177 8965 9176 8965 9217 8965 9170 8966 9169 8966 9176 8966 9165 8967 9166 8967 9169 8967 9163 8968 9164 8968 9166 8968 9161 8969 9162 8969 9164 8969 9158 8970 9157 8970 9162 8970 9149 8971 9151 8971 9157 8971 9150 8972 9155 8972 9151 8972 9156 8973 9159 8973 9155 8973 9160 8974 9168 8974 9159 8974 9160 8975 9172 8975 9167 8975 9172 8976 9221 8976 9171 8976 9221 8977 9223 8977 9222 8977 9223 8978 9173 8978 9175 8978 9173 8979 9216 8979 9174 8979 9216 8980 9214 8980 9213 8980 9214 8981 9179 8981 9178 8981 9179 8982 9154 8982 9153 8982 9154 8983 9187 8983 9152 8983 9186 8984 9212 8984 9152 8984 9184 8985 9183 8985 9212 8985 9185 8986 9201 8986 9183 8986 9200 8987 9202 8987 9201 8987 9188 8988 9190 8988 9202 8988 9189 8989 9195 8989 9190 8989 9194 315 9197 315 9195 315 9196 8990 9199 8990 9197 8990 9181 8991 9180 8991 9199 8991 9182 8992 9193 8992 9198 8992 9191 8993 9206 8993 9192 8993 9182 8994 9191 8994 9193 8994 9208 8995 9207 8995 9203 8995 9192 8996 9206 8996 9208 8996 9205 8997 9204 8997 9224 8997 9203 8998 9207 8998 9204 8998 9225 8999 9226 8999 9227 8999 9228 9000 9229 9000 9230 9000 9231 9001 9232 9001 9227 9001 9233 9002 9234 9002 9226 9002 9231 9003 9235 9003 9236 9003 9234 9004 9237 9004 9238 9004 9239 9005 9238 9005 9240 9005 9241 9006 9239 9006 9242 9006 9243 9007 9235 9007 9244 9007 9245 9008 9242 9008 9246 9008 9247 9009 9248 9009 9244 9009 9249 9010 9250 9010 9251 9010 9247 9011 9251 9011 9252 9011 9253 9012 9254 9012 9255 9012 9256 9013 9257 9013 9258 9013 9259 9014 9260 9014 9261 9014 9262 9015 9263 9015 9229 9015 9264 9016 9265 9016 9266 9016 9267 9017 9268 9017 9269 9017 9270 9018 9271 9018 9272 9018 9273 9019 9274 9019 9271 9019 9275 9020 9264 9020 9276 9020 9277 9021 9276 9021 9270 9021 9269 9022 9278 9022 9279 9022 9280 9023 9273 9023 9279 9023 9281 9024 9282 9024 9283 9024 9284 9025 9285 9025 9286 9025 9255 9026 9287 9026 9288 9026 9267 9027 9289 9027 9290 9027 9291 9028 9263 9028 9292 9028 9288 9029 9253 9029 9255 9029 9256 9030 9291 9030 9293 9030 9294 9031 9295 9031 9250 9031 9265 9032 9264 9032 9296 9032 9246 9033 9297 9033 9298 9033 9258 9034 9299 9034 9297 9034 9261 9035 9288 9035 9287 9035 9230 9036 9289 9036 9300 9036 9254 9037 9295 9037 9294 9037 9254 9038 9253 9038 9295 9038 9294 9039 9250 9039 9249 9039 9251 9040 9250 9040 9252 9040 9247 9041 9252 9041 9248 9041 9244 9042 9248 9042 9243 9042 9235 9043 9243 9043 9236 9043 9231 9044 9236 9044 9232 9044 9227 9045 9232 9045 9225 9045 9226 9046 9225 9046 9233 9046 9234 9047 9233 9047 9237 9047 9238 9048 9237 9048 9240 9048 9238 9049 9239 9049 9241 9049 9241 9050 9242 9050 9245 9050 9245 9051 9246 9051 9298 9051 9298 9052 9297 9052 9299 9052 9299 9053 9258 9053 9257 9053 9257 9054 9256 9054 9293 9054 9293 9055 9291 9055 9292 9055 9292 9056 9263 9056 9262 9056 9262 9057 9229 9057 9228 9057 9228 9058 9230 9058 9300 9058 9289 9059 9230 9059 9290 9059 9267 9060 9290 9060 9268 9060 9269 9061 9268 9061 9278 9061 9279 9062 9278 9062 9280 9062 9273 9063 9280 9063 9274 9063 9271 9064 9274 9064 9272 9064 9270 9065 9272 9065 9277 9065 9276 9066 9277 9066 9275 9066 9264 9067 9275 9067 9296 9067 9266 9068 9265 9068 9285 9068 9284 9069 9286 9069 9281 9069 9266 9070 9285 9070 9284 9070 9282 9071 9260 9071 9283 9071 9286 9072 9282 9072 9281 9072 9261 9073 9287 9073 9259 9073 9260 9074 9259 9074 9283 9074 9301 8901 9302 9075 9303 9075 9304 9076 9305 8898 9306 8898 9307 9077 9308 8901 9309 9077 9310 9078 9311 8889 9312 9078 9313 8895 9314 9079 9315 9079 9316 9080 9317 9080 9318 8864 9319 9081 9320 8889 9321 8887 9322 9082 9323 8871 9324 8871 9325 9083 9326 9083 9327 8864 9328 8877 9329 8879 9330 8877 9331 9082 9332 8874 9333 8874 9334 9084 9335 9084 9336 8885 9337 8880 9338 8879 9339 9085 9340 9086 9341 9087 9342 9088 9343 9089 9344 9089 9345 8885 9346 9090 9347 9091 9348 9092 9349 9093 9350 9094 9351 9095 9352 9096 9353 9097 9354 9098 9355 9099 9356 9100 9357 9101 9358 9102 9359 9103 9360 9104 9359 9103 9358 9102 9361 9105 9362 9106 9363 9107 9360 9104 9360 9104 9359 9103 9362 9106 9364 9108 9363 9107 9365 9109 9362 9106 9365 9109 9363 9107 9364 9108 9366 9110 9367 9111 9366 9110 9364 9108 9365 9109 9368 9112 9369 9113 9367 9111 9367 9111 9366 9110 9368 9112 9370 9114 9369 9113 9371 9115 9368 9112 9371 9115 9369 9113 9370 9114 9372 9116 9373 9117 9372 9116 9370 9114 9371 9115 9374 9118 9375 9119 9373 9117 9373 9117 9372 9116 9374 9118 9302 9075 9375 9119 9376 9119 9374 9118 9376 9119 9375 9119 9303 9075 9302 9075 9376 9119 9361 9105 9354 9098 9353 9097 9358 9102 9354 9098 9361 9105 9355 9099 9357 9101 9352 9096 9352 9096 9357 9101 9353 9097 9346 9090 9356 9100 9347 9091 9347 9091 9356 9100 9355 9099 9350 9094 9348 9092 9351 9095 9350 9094 9346 9090 9348 9092 9349 9093 9340 9086 9342 9088 9349 9093 9351 9095 9340 9086 9341 9087 9344 9089 9343 9089 9342 9088 9341 9087 9343 9089 9336 8885 9335 9084 9345 8885 9344 9089 9336 8885 9345 8885 9337 8880 9339 9085 9334 9084 9334 9084 9339 9085 9335 9084 9328 8877 9338 8879 9329 8879 9329 8879 9338 8879 9337 8880 9332 8874 9328 8877 9330 8877 9331 9082 9333 8874 9322 9082 9332 8874 9330 8877 9333 8874 9324 8871 9323 8871 9325 9083 9331 9082 9322 9082 9324 8871 9326 9083 9318 8864 9327 8864 9323 8871 9326 9083 9325 9083 9316 9080 9321 8887 9317 9080 9318 8864 9317 9080 9327 8864 9311 8889 9320 8889 9319 9081 9319 9081 9321 8887 9316 9080 9314 9079 9310 9078 9312 9078 9310 9078 9320 8889 9311 8889 9313 8895 9315 9079 9304 9076 9314 9079 9312 9078 9315 9079 9306 8898 9305 8898 9309 9077 9313 8895 9304 9076 9306 8898 9307 9077 9301 8901 9308 8901 9305 8898 9307 9077 9309 9077 9303 9075 9308 8901 9301 8901</p>
        </triangles>
        <triangles material="ID147_002-material" count="476">
          <input semantic="VERTEX" source="#ID84_013-mesh-vertices" offset="0"/>
          <input semantic="NORMAL" source="#ID84_013-mesh-normals" offset="1"/>
          <p>2056 1584 2057 1584 2058 1584 2059 1585 2058 1585 2057 1585 2060 1586 2056 1586 2058 1586 2057 1587 2061 1587 2059 1587 2062 1588 2063 1588 2064 1588 2062 1589 2065 1589 2063 1589 2066 1590 2067 1590 2068 1590 2066 1591 2069 1591 2067 1591 2070 1592 2071 1592 2072 1592 2070 1593 2073 1593 2071 1593 2074 1594 2075 1594 2076 1594 2074 1595 2077 1595 2075 1595 2078 1596 2079 1596 2080 1596 2078 1597 2081 1597 2079 1597 2082 1598 2083 1598 2084 1598 2082 1599 2085 1599 2083 1599 2086 1600 2087 1600 2088 1600 2089 1601 2090 1601 2091 1601 2087 1602 2092 1602 2088 1602 2086 28 2093 28 2087 28 2092 28 2087 28 2094 28 2093 1603 2086 1603 2095 1603 2095 1604 2096 1604 2093 1604 2097 1605 2093 1605 2096 1605 2098 28 2094 28 2087 28 2097 28 2099 28 2093 28 2100 28 2087 28 2101 28 2090 1606 2102 1606 2103 1606 2090 1607 2104 1607 2101 1607 2089 1608 2105 1608 2090 1608 2106 28 2107 28 2108 28 2091 1609 2109 1609 2110 1609 2111 1610 2106 1610 2112 1610 2091 1611 2113 1611 2114 1611 2115 1612 2116 1612 2117 1612 2118 1613 2091 1613 2115 1613 2119 1614 2118 1614 2115 1614 2117 28 2120 28 2115 28 2119 1615 2115 1615 2120 1615 2109 1616 2091 1616 2121 1616 2121 1617 2091 1617 2114 1617 2106 1618 2111 1618 2115 1618 2106 1619 2122 1619 2112 1619 2110 1620 2089 1620 2091 1620 2123 1621 2124 1621 2090 1621 2125 1622 2122 1622 2106 1622 2124 1623 2102 1623 2090 1623 2106 1624 2126 1624 2127 1624 2106 1625 2127 1625 2107 1625 2090 1626 2101 1626 2087 1626 2103 1627 2104 1627 2090 1627 2099 28 2128 28 2093 28 2093 28 2128 28 2126 28 2098 1628 2087 1628 2100 1628 2105 1629 2123 1629 2090 1629 2118 1630 2113 1630 2091 1630 2111 1631 2129 1631 2115 1631 2116 1632 2115 1632 2129 1632 2093 1633 2126 1633 2106 1633 2125 28 2106 28 2108 28 2130 1634 2131 1635 2132 1635 2133 1636 2134 1636 2135 1637 2136 1638 2132 1635 2137 1638 2131 1635 2137 1638 2132 1635 2138 1639 2139 1639 2136 1638 2136 1638 2137 1638 2138 1639 2139 1639 2140 1640 2141 1640 2140 1640 2139 1639 2138 1639 2142 1641 2141 1640 2143 1641 2140 1640 2143 1641 2141 1640 2144 1642 2145 1642 2142 1641 2142 1641 2143 1641 2144 1642 2145 1642 2146 1643 2147 1643 2146 1643 2145 1642 2144 1642 2148 1644 2147 1643 2149 1644 2146 1643 2149 1644 2147 1643 2150 1645 2151 1645 2148 1644 2148 1644 2149 1644 2150 1645 2152 1646 2151 1645 2150 1645 2152 1646 2153 1646 2151 1645 2131 1635 2130 1634 2154 1634 2155 1647 2156 1647 2154 1634 2154 1634 2130 1634 2155 1647 2156 1647 2157 1648 2158 1648 2157 1648 2156 1647 2155 1647 2159 1649 2158 1648 2160 1649 2157 1648 2160 1649 2158 1648 2161 1650 2162 1650 2159 1649 2159 1649 2160 1649 2161 1650 2162 1650 2163 1651 2164 1651 2163 1651 2162 1650 2161 1650 2165 1652 2164 1651 2166 1652 2163 1651 2166 1652 2164 1651 2167 1653 2168 1653 2165 1652 2165 1652 2166 1652 2167 1653 2168 1653 2169 1654 2170 1654 2169 1654 2168 1653 2167 1653 2169 1654 2134 1636 2170 1654 2171 1655 2172 1637 2173 1655 2170 1654 2134 1636 2133 1636 2174 1656 2175 1657 2176 1656 2177 1658 2178 1658 2179 1657 2180 1583 2181 1659 2182 1659 2183 499 2184 1583 2185 499 2186 1660 2187 1660 2188 1661 2189 1661 2190 1097 2191 1097 2192 1662 2193 1663 2194 1662 2195 1664 2196 1664 2197 1663 2198 1665 2199 1666 2200 1666 2192 1662 2200 1666 2199 1666 2198 1665 2201 1667 2202 1665 2202 1665 2199 1666 2198 1665 2203 1667 2201 1667 2204 1668 2201 1667 2203 1667 2202 1665 2153 1646 2205 1668 2204 1668 2203 1667 2204 1668 2205 1668 2152 1646 2205 1668 2153 1646 2193 1663 2197 1663 2194 1662 2192 1662 2194 1662 2200 1666 2195 1664 2187 1660 2196 1664 2193 1663 2195 1664 2197 1663 2186 1660 2188 1661 2189 1661 2196 1664 2187 1660 2186 1660 2191 1097 2190 1097 2182 1659 2189 1661 2188 1661 2190 1097 2184 1583 2181 1659 2180 1583 2181 1659 2191 1097 2182 1659 2174 1656 2183 499 2185 499 2185 499 2184 1583 2180 1583 2175 1657 2179 1657 2176 1656 2174 1656 2176 1656 2183 499 2177 1658 2171 1655 2178 1658 2175 1657 2177 1658 2179 1657 2173 1655 2172 1637 2135 1637 2178 1658 2171 1655 2173 1655 2133 1636 2135 1637 2172 1637 2206 6 2207 6 2208 6 2209 6 2210 6 2211 6 2210 6 2212 6 2213 6 2209 6 2214 6 2215 6 2216 1669 2212 1669 2217 1669 2218 1670 2219 1670 2215 1670 2220 1671 2217 1671 2221 1671 2222 6 2219 6 2223 6 2224 1672 2225 1672 2221 1672 2222 6 2226 6 2206 6 2227 6 2224 6 2228 6 2229 1673 2230 1673 2231 1673 2232 1674 2233 1674 2234 1674 2235 1675 2236 1675 2237 1675 2238 1676 2239 1676 2240 1676 2241 1677 2242 1677 2243 1677 2244 6 2245 6 2246 6 2247 1678 2248 1678 2242 1678 2249 1679 2247 1679 2250 1679 2251 1680 2252 1680 2253 1680 2250 1681 2254 1681 2255 1681 2256 1682 2241 1682 2257 1682 2258 6 2259 6 2260 6 2256 1683 2261 1683 2237 1683 2240 1684 2262 1684 2238 1684 2263 1685 2262 1685 2264 1685 2240 6 2239 6 2229 6 2265 1686 2266 1686 2267 1686 2268 1687 2269 1687 2270 1687 2229 1688 2239 1688 2230 1688 2231 6 2271 6 2272 6 2233 6 2273 6 2274 6 2275 1689 2234 1689 2276 1689 2277 1690 2208 1690 2272 1690 2278 1691 2276 1691 2227 1691 2236 1692 2279 1692 2280 1692 2280 6 2265 6 2281 6 2251 1693 2253 1693 2254 1693 2230 1694 2271 1694 2231 1694 2271 6 2277 6 2272 6 2208 1695 2207 1695 2272 1695 2206 6 2226 6 2207 6 2222 1696 2223 1696 2226 1696 2219 6 2218 6 2223 6 2215 1697 2214 1697 2218 1697 2209 1698 2211 1698 2214 1698 2210 1699 2213 1699 2211 1699 2212 6 2216 6 2213 6 2217 1700 2220 1700 2216 1700 2221 1701 2225 1701 2220 1701 2221 1702 2228 1702 2224 1702 2228 1703 2278 1703 2227 1703 2278 1704 2275 1704 2276 1704 2275 6 2232 6 2234 6 2232 1705 2273 1705 2233 1705 2273 1706 2269 1706 2274 1706 2269 6 2268 6 2274 6 2270 1707 2267 1707 2266 1707 2270 1708 2266 1708 2268 1708 2267 1709 2281 1709 2265 1709 2280 1710 2279 1710 2265 1710 2236 1711 2235 1711 2279 1711 2237 1712 2261 1712 2235 1712 2256 1713 2257 1713 2261 1713 2241 1714 2243 1714 2257 1714 2242 1715 2248 1715 2243 1715 2247 1716 2249 1716 2248 1716 2250 1717 2255 1717 2249 1717 2254 1718 2253 1718 2255 1718 2251 6 2246 6 2252 6 2244 6 2259 6 2245 6 2251 6 2244 6 2246 6 2258 6 2260 6 2264 6 2245 1719 2259 1719 2258 1719 2262 1720 2263 1720 2238 1720 2264 6 2260 6 2263 6 2282 1661 2283 1661 2284 1097 2285 1654 2286 1636 2287 1636 2283 1661 2288 1721 2289 1721 2288 1721 2283 1661 2282 1661 2290 1722 2289 1721 2291 1722 2288 1721 2291 1722 2289 1721 2292 1663 2293 1663 2290 1722 2290 1722 2291 1722 2292 1663 2293 1663 2294 1662 2295 1662 2294 1662 2293 1663 2292 1663 2296 1666 2295 1662 2297 1666 2294 1662 2297 1666 2295 1662 2298 1665 2299 1665 2296 1666 2296 1666 2297 1666 2298 1665 2299 1665 2300 1667 2301 1667 2300 1667 2299 1665 2298 1665 2302 1668 2301 1667 2303 1668 2300 1667 2303 1668 2301 1667 2304 1646 2305 1646 2302 1668 2302 1668 2303 1668 2304 1646 2282 1661 2284 1097 2306 1097 2307 1659 2308 1659 2306 1097 2306 1097 2284 1097 2307 1659 2308 1659 2309 1723 2310 1723 2309 1723 2308 1659 2307 1659 2311 499 2310 1723 2312 499 2309 1723 2312 499 2310 1723 2313 1656 2314 1656 2311 499 2311 499 2312 499 2313 1656 2314 1656 2315 1724 2316 1725 2315 1724 2314 1656 2313 1656 2317 1726 2316 1725 2318 1726 2315 1724 2318 1726 2316 1725 2319 1655 2320 1655 2317 1726 2317 1726 2318 1726 2319 1655 2320 1655 2321 1637 2322 1637 2321 1637 2320 1655 2319 1655 2321 1637 2287 1636 2322 1637 2322 1637 2287 1636 2286 1636 2323 1727 2324 1728 2325 1729 2326 1653 2327 1730 2328 1731 2329 1732 2330 1733 2331 1734 2332 1735 2333 1736 2334 1075 2335 1737 2336 1738 2337 1739 2338 1740 2339 1741 2340 1742 2341 1743 2342 1744 2343 1745 2344 1746 2345 1747 2346 1748 2347 1749 2348 1750 2349 1751 2350 516 2351 1752 2348 1750 2352 1753 2353 1754 2347 1749 2347 1749 2349 1751 2352 1753 2353 1754 2354 1644 2355 1755 2354 1644 2353 1754 2352 1753 2356 1756 2355 1755 2357 1645 2354 1644 2357 1645 2355 1755 2305 1646 2304 1646 2356 1756 2356 1756 2357 1645 2305 1646 2341 1743 2351 1752 2350 516 2348 1750 2351 1752 2349 1751 2342 1744 2344 1746 2343 1745 2350 516 2342 1744 2341 1743 2346 1748 2345 1747 2336 1738 2343 1745 2344 1746 2346 1748 2335 1737 2337 1739 2339 1741 2336 1738 2345 1747 2337 1739 2331 1734 2338 1740 2340 1742 2338 1740 2335 1737 2339 1741 2334 1075 2330 1733 2329 1732 2329 1732 2331 1734 2340 1742 2332 1735 2323 1727 2333 1736 2334 1075 2333 1736 2330 1733 2324 1728 2327 1730 2325 1729 2332 1735 2324 1728 2323 1727 2326 1653 2328 1731 2285 1654 2325 1729 2327 1730 2326 1653 2286 1636 2285 1654 2328 1731 2358 1757 2359 1757 2360 1757 2361 1758 2362 1758 2363 1758 2364 1759 2361 1759 2365 1759 2366 1760 2367 1760 2368 1760 2369 6 2370 6 2371 6 2367 6 2372 6 2373 6 2370 1761 2374 1761 2375 1761 2376 6 2377 6 2378 6 2374 6 2379 6 2380 6 2381 1762 2382 1762 2383 1762 2379 1763 2360 1763 2384 1763 2385 1764 2386 1764 2387 1764 2359 1765 2388 1765 2389 1765 2390 1766 2391 1766 2392 1766 2393 1767 2394 1767 2395 1767 2396 6 2397 6 2398 6 2399 1768 2400 1768 2401 1768 2402 1769 2403 1769 2404 1769 2405 6 2406 6 2407 6 2406 6 2408 6 2409 6 2410 1770 2399 1770 2411 1770 2405 1771 2412 1771 2411 1771 2408 6 2413 6 2414 6 2401 1772 2415 1772 2416 1772 2404 6 2417 6 2413 6 2402 1773 2418 1773 2419 1773 2420 6 2416 6 2395 6 2393 6 2421 6 2422 6 2369 6 2364 6 2365 6 2397 1774 2396 1774 2387 1774 2423 1775 2421 1775 2392 1775 2424 1776 2425 1776 2390 1776 2385 1777 2387 1777 2396 1777 2426 1778 2386 1778 2427 1778 2428 1779 2424 1779 2429 1779 2426 1780 2430 1780 2431 1780 2427 1781 2386 1781 2385 1781 2389 1782 2432 1782 2429 1782 2418 1783 2398 1783 2419 1783 2419 1784 2398 1784 2397 1784 2403 1785 2402 1785 2419 1785 2417 6 2404 6 2403 6 2414 6 2413 6 2417 6 2409 6 2408 6 2414 6 2407 6 2406 6 2409 6 2412 1786 2405 1786 2407 1786 2410 1787 2411 1787 2412 1787 2400 1788 2399 1788 2410 1788 2415 1789 2401 1789 2400 1789 2420 6 2401 6 2416 6 2394 1790 2420 1790 2395 1790 2422 6 2394 6 2393 6 2423 1791 2422 1791 2421 1791 2391 1792 2423 1792 2392 1792 2425 1793 2391 1793 2390 1793 2428 1794 2425 1794 2424 1794 2432 6 2428 6 2429 6 2388 1795 2432 1795 2389 1795 2358 1796 2388 1796 2359 1796 2384 1797 2360 1797 2359 1797 2380 6 2379 6 2384 6 2375 6 2374 6 2380 6 2371 6 2370 6 2375 6 2364 6 2369 6 2371 6 2361 1798 2363 1798 2365 1798 2362 1799 2368 1799 2363 1799 2433 1800 2367 1800 2366 1800 2366 1801 2368 1801 2362 1801 2373 6 2372 6 2378 6 2367 1802 2433 1802 2372 1802 2377 1803 2376 1803 2381 1803 2373 6 2378 6 2377 6 2382 1804 2431 1804 2383 1804 2376 1805 2382 1805 2381 1805 2426 1806 2427 1806 2430 1806 2431 1807 2430 1807 2383 1807 2434 1808 2435 1808 2436 1808 2437 1809 2438 1809 2439 1809 2440 1810 2441 1810 2436 1810 2434 6 2436 6 2441 6 2440 6 2442 6 2443 6 2443 1811 2441 1811 2440 1811 2443 6 2442 6 2444 6 2445 1812 2446 1812 2444 1812 2444 1813 2442 1813 2445 1813 2446 6 2447 6 2448 6 2447 1814 2446 1814 2445 1814 2449 6 2450 6 2451 6 2447 6 2449 6 2448 6 2452 1815 2453 1815 2454 1815 2455 6 2456 6 2457 6 2437 1816 2439 1816 2458 1816 2459 6 2460 6 2438 6 2461 6 2462 6 2463 6 2464 1817 2465 1817 2466 1817 2467 1818 2468 1818 2469 1818 2470 1819 2467 1819 2471 1819 2471 1820 2462 1820 2470 1820 2467 6 2470 6 2468 6 2463 1821 2465 1821 2461 1821 2471 6 2463 6 2462 6 2464 6 2466 6 2458 6 2461 6 2465 6 2464 6 2439 6 2438 6 2460 6 2458 1822 2466 1822 2437 1822 2453 6 2452 6 2459 6 2459 1823 2452 1823 2460 1823 2453 1824 2455 1824 2454 1824 2456 1825 2450 1825 2457 1825 2455 1826 2457 1826 2454 1826 2449 1827 2451 1827 2448 1827 2456 6 2451 6 2450 6 2472 1097 2473 1097 2474 1661 2475 1645 2476 1646 2477 1646 2473 1097 2478 1659 2479 1659 2478 1659 2473 1097 2472 1097 2480 1583 2479 1659 2481 1583 2478 1659 2481 1583 2479 1659 2482 499 2483 499 2480 1583 2480 1583 2481 1583 2482 499 2483 499 2484 1656 2485 1656 2484 1656 2483 499 2482 499 2486 1657 2485 1656 2487 1657 2484 1656 2487 1657 2485 1656 2488 1726 2489 1726 2486 1657 2486 1657 2487 1657 2488 1726 2489 1726 2490 1655 2491 1655 2490 1655 2489 1726 2488 1726 2492 1637 2491 1655 2493 1637 2490 1655 2493 1637 2491 1655 2494 1636 2495 1636 2492 1637 2492 1637 2493 1637 2494 1636 2472 1097 2474 1661 2496 1661 2497 1721 2498 1721 2496 1661 2496 1661 2474 1661 2497 1721 2498 1721 2499 1722 2500 1722 2499 1722 2498 1721 2497 1721 2501 1663 2500 1722 2502 1663 2499 1722 2502 1663 2500 1722 2503 1662 2504 1662 2501 1663 2501 1663 2502 1663 2503 1662 2504 1662 2505 1666 2506 1666 2505 1666 2504 1662 2503 1662 2507 1665 2506 1666 2508 1665 2505 1666 2508 1665 2506 1666 2509 1667 2510 1667 2507 1665 2507 1665 2508 1665 2509 1667 2510 1667 2511 1668 2512 1668 2511 1668 2510 1667 2509 1667 2511 1668 2477 1646 2512 1668 2512 1668 2477 1646 2476 1646 2513 1828 2514 1829 2515 1830 2516 1831 2517 1644 2518 1645 2519 1640 2520 1832 2521 1833 2522 1642 2523 1834 2524 1641 2525 1835 2526 1836 2527 1837 2528 1838 2529 1638 2530 1639 2531 1839 2532 1648 2533 1840 2534 1647 2535 1634 2536 1841 2537 1842 2538 1650 2539 1843 2540 1649 2541 1844 2538 1650 2542 1845 2543 1652 2537 1842 2537 1842 2539 1843 2542 1845 2543 1652 2544 1846 2545 1653 2544 1846 2543 1652 2542 1845 2546 1654 2545 1653 2547 1654 2544 1846 2547 1654 2545 1653 2495 1636 2494 1636 2546 1654 2546 1654 2547 1654 2495 1636 2531 1839 2541 1844 2540 1649 2538 1650 2541 1844 2539 1843 2532 1648 2534 1647 2533 1840 2540 1649 2532 1648 2531 1839 2536 1841 2535 1634 2526 1836 2533 1840 2534 1647 2536 1841 2525 1835 2527 1837 2529 1638 2526 1836 2535 1634 2527 1837 2521 1833 2528 1838 2530 1639 2528 1838 2525 1835 2529 1638 2524 1641 2520 1832 2519 1640 2519 1640 2521 1833 2530 1639 2522 1642 2513 1828 2523 1834 2524 1641 2523 1834 2520 1832 2514 1829 2517 1644 2515 1830 2522 1642 2514 1829 2513 1828 2516 1831 2518 1645 2475 1645 2515 1830 2517 1644 2516 1831 2476 1646 2475 1645 2518 1645</p>
        </triangles>
      </mesh>
    </geometry>
  </library_geometries>
  <library_visual_scenes>
    <visual_scene id="Scene" name="Scene">
      <node id="Object_003" name="Object.003" type="NODE">
        <matrix sid="transform">0.890852 -0.05233098 -0.4512691 0.08151494 -0.4518879 4.57377e-08 -0.8920749 -0.217131 0.04668314 0.9986299 -0.02364771 0.0394336 0 0 0 1</matrix>
        <instance_geometry url="#ID84_013-mesh" name="Object.003">
          <bind_material>
            <technique_common>
              <instance_material symbol="ID90_002-material" target="#ID90_002-material"/>
              <instance_material symbol="ID53_002-material" target="#ID53_002-material"/>
              <instance_material symbol="ID10_002-material" target="#ID10_002-material"/>
              <instance_material symbol="ID147_002-material" target="#ID147_002-material"/>
            </technique_common>
          </bind_material>
        </instance_geometry>
      </node>
    </visual_scene>
  </library_visual_scenes>
  <scene>
    <instance_visual_scene url="#Scene"/>
  </scene>
</COLLADA>