t,dt,durum,d_h,menzil,tgt_x,tgt_y,tgt_z,tgt_vx,tgt_vy,tgt_vz,iris_x,iris_y,iris_z,iris_roll_deg,iris_pitch_deg,iris_yaw_deg,st_x,st_y,st_z,vx_cmd,vy_cmd,vz_cmd,yaw_cmd_deg,kadraj_yaw_deg,kadraj_elev_deg,kadraj_pitch_hata_deg,u_px,v_px,tgt_omega_dps,ic_kayma_m,ic_yaricap_m
4494.495,0.05,KILIT,2.3,3.25,900.94,-144.84,-15.67,0.0,0.0,0.0,903.14,-145.5,-17.97,-16.5,11.9,-21.4,902.79,-145.4,-15.15,-0.06,0.02,0.6,-27.4,-165.82,-30.54,-55.54,,,0.0,0.0,
4494.545,0.0501,KILIT,2.63,3.47,901.16,-144.89,-15.67,1.32,-0.29,0.0,903.68,-145.64,-17.94,-16.5,10.7,-23.1,903.01,-145.44,-15.15,-0.04,0.04,1.2,-29.1,-165.37,-27.22,-52.22,,,0.0,0.0,
4494.596,0.0509,KILIT,2.82,3.59,901.51,-144.96,-15.67,2.97,-0.61,0.0,904.21,-145.76,-17.9,-19.8,9.8,-21.5,899.62,-144.57,-15.15,-0.62,0.2,1.28,-27.6,-165.55,-25.29,-50.29,,,0.0,0.0,
4494.646,0.0501,KILIT,2.93,3.66,901.94,-145.05,-15.67,4.65,-0.96,0.0,904.74,-145.91,-17.86,-17.7,8.7,-22.3,899.92,-145.26,-15.15,-1.21,0.2,1.4,-28.3,-166.45,-25.24,-50.24,,,-0.38,0.62,
4494.697,0.0502,KILIT,3.0,3.69,902.41,-145.14,-15.67,6.09,-1.23,0.0,905.27,-146.06,-17.82,-20.4,8.2,-23.1,900.63,-144.21,-15.15,-1.57,0.66,1.57,-29.1,-165.4,-23.93,-48.93,,,0.34,0.55,
4494.747,0.0501,KILIT,3.04,3.7,902.92,-145.24,-15.67,7.3,-1.46,0.0,905.8,-146.21,-17.78,-17.8,8.3,-23.9,901.23,-143.83,-15.15,-1.52,1.24,1.73,-29.9,-166.84,-23.67,-48.67,,,0.65,1.05,
4494.797,0.0503,KILIT,3.05,3.68,903.44,-145.34,-15.67,8.24,-1.64,0.0,906.31,-146.37,-17.73,-20.0,8.1,-26.2,901.76,-143.91,-15.15,-1.13,1.67,1.88,-32.2,-165.07,-22.35,-47.35,,,0.66,1.08,
4494.847,0.0501,KILIT,3.6,4.12,903.44,-145.34,-15.67,8.24,-1.64,0.0,906.84,-146.52,-17.68,-20.3,8.3,-26.9,901.76,-143.91,-15.15,-0.87,2.18,2.05,-32.9,-165.74,-17.14,-42.14,,,0.66,1.08,
4494.898,0.0512,KILIT,3.6,4.1,903.97,-145.45,-15.67,7.34,-1.47,0.0,907.36,-146.68,-17.63,-20.4,8.9,-27.1,902.25,-144.2,-15.15,-0.46,2.53,2.35,-33.2,-166.76,-16.15,-41.15,,,0.54,0.89,
4494.949,0.0502,KILIT,3.05,3.63,904.52,-145.57,-15.67,8.4,-1.72,0.0,907.36,-146.68,-17.63,-20.4,8.9,-27.1,902.52,-145.7,-15.15,-0.18,2.0,2.37,-33.1,-166.47,-20.49,-45.49,,,-0.32,0.53,
4494.999,0.0501,KILIT,3.03,3.58,905.06,-145.68,-15.67,9.14,-1.86,0.0,907.86,-146.85,-17.58,-21.4,9.4,-29.7,903.14,-145.44,-15.15,0.29,1.63,2.37,-35.7,-165.51,-18.94,-43.94,,,-0.09,0.15,
4495.05,0.0516,KILIT,3.02,3.55,905.61,-145.79,-15.67,9.57,-1.96,0.0,908.37,-147.02,-17.53,-22.4,11.0,-31.3,903.61,-145.93,-15.15,0.75,1.21,2.37,-37.5,-165.85,-16.6,-41.6,,,-0.33,0.54,
4495.1,0.0501,KILIT,2.99,3.5,906.15,-145.9,-15.67,9.95,-2.02,0.0,908.86,-147.18,-17.48,-20.0,11.8,-33.1,904.27,-145.45,-15.15,1.34,1.07,2.37,-39.1,-166.64,-15.87,-40.87,,,0.04,0.06,
4495.15,0.0501,KILIT,2.99,3.46,906.7,-146.01,-15.67,10.24,-2.07,0.0,909.36,-147.37,-17.42,-21.3,12.7,-34.9,904.88,-145.27,-15.15,1.94,1.06,2.36,-40.9,-166.94,-13.99,-38.99,,,0.22,0.36,
4495.202,0.0512,KILIT,3.51,3.87,907.23,-146.11,-15.67,10.26,-2.04,0.0,910.34,-147.73,-17.3,-21.8,13.4,-36.4,905.55,-144.67,-15.15,2.43,1.44,2.33,-42.5,-168.07,-7.8,-32.8,,,0.67,1.09,
4495.252,0.0503,KILIT,2.98,3.4,907.77,-146.22,-15.67,10.38,-2.1,0.0,910.34,-147.73,-17.3,-20.0,14.6,-37.7,905.87,-145.85,-15.15,2.97,1.17,2.31,-43.7,-168.91,-11.03,-36.03,,,-0.01,0.01,
4495.302,0.0501,KILIT,3.47,3.78,908.31,-146.33,-15.67,10.54,-2.12,0.0,911.3,-148.09,-17.17,-22.1,15.4,-39.6,906.5,-145.54,-15.15,3.56,1.23,2.25,-45.6,-169.15,-4.41,-29.41,,,0.26,0.42,
4495.352,0.0501,KILIT,2.83,3.21,908.98,-146.46,-15.67,11.4,-2.25,0.0,911.3,-148.09,-17.17,-20.9,16.0,-41.3,907.33,-144.87,-15.15,4.14,1.41,2.23,-47.3,-170.55,-9.21,-34.21,,,0.76,1.24,
4495.402,0.0501,KILIT,2.75,3.11,909.61,-146.59,-15.67,11.71,-2.37,0.0,911.77,-148.29,-17.11,-20.1,17.5,-42.1,907.64,-146.54,-15.15,4.62,1.06,2.2,-48.1,-173.15,-8.31,-33.31,,,-0.21,0.34,
4495.453,0.0505,KILIT,3.31,3.56,910.06,-146.68,-15.67,10.92,-2.18,0.0,912.7,-148.68,-16.98,-21.6,18.4,-43.9,908.25,-145.89,-15.15,5.21,1.16,2.11,-50.0,-172.99,-0.78,-25.78,,,0.26,0.42,
4495.503,0.0503,KILIT,3.14,3.38,910.77,-146.81,-15.67,11.83,-2.34,0.0,913.15,-148.86,-16.91,-20.3,19.2,-46.1,909.04,-145.58,-15.15,5.78,1.36,2.06,-52.1,-174.38,-0.51,-25.51,,,0.54,0.87,
4495.554,0.0506,KILIT,3.04,3.26,911.41,-146.95,-15.67,12.09,-2.44,0.02,913.59,-149.07,-16.84,-21.0,20.4,-46.4,909.48,-146.73,-15.15,6.29,1.04,2.01,-52.5,-177.82,0.08,-24.92,,,-0.1,0.16,
4495.604,0.0503,KILIT,2.98,3.17,912.0,-147.06,-15.66,12.02,-2.38,0.03,914.02,-149.25,-16.77,-20.8,21.6,-47.8,910.29,-145.8,-15.15,6.84,1.27,1.96,-53.8,179.96,1.27,-23.73,,,0.56,0.91,
4495.654,0.0501,KILIT,2.95,3.13,912.57,-147.17,-15.66,11.83,-2.31,0.03,914.44,-149.46,-16.7,-18.9,22.2,-49.7,910.96,-145.34,-15.14,7.3,1.65,1.92,-43.7,178.05,2.34,-22.66,,,0.91,1.48,
4495.705,0.0512,KILIT,2.93,3.09,913.14,-147.28,-15.66,11.58,-2.25,0.03,914.87,-149.64,-16.63,-20.5,22.7,-50.1,911.51,-145.53,-15.14,7.81,1.99,1.86,-44.0,175.23,2.88,-22.12,,,0.87,1.41,
4495.756,0.0507,KILIT,2.91,3.04,913.71,-147.39,-15.66,11.47,-2.27,0.02,915.29,-149.83,-16.56,-17.6,23.9,-50.4,911.87,-146.71,-15.14,8.25,1.59,1.77,-44.3,172.01,4.35,-20.65,,,0.2,0.32,
4495.807,0.051,KILIT,2.88,3.0,914.26,-147.51,-15.66,11.31,-2.28,0.02,915.69,-150.02,-16.49,-17.2,24.7,-51.8,912.21,-147.94,-15.14,8.38,0.99,1.72,-45.7,169.58,5.58,-19.42,,,-0.51,0.83,
4495.857,0.0501,KILIT,2.87,2.97,914.82,-147.63,-15.66,11.26,-2.29,0.01,916.07,-150.21,-16.42,-17.8,25.1,-50.8,912.73,-148.24,-15.14,8.55,0.42,1.65,-44.8,164.6,5.19,-19.81,,,-0.63,1.02,
4495.907,0.05,KILIT,3.22,3.3,914.82,-147.63,-15.66,11.26,-2.29,0.01,916.45,-150.41,-16.35,-12.6,26.4,-49.4,912.73,-148.24,-15.14,8.44,-0.16,1.55,-43.4,166.88,11.34,-13.66,,,-0.63,1.02,
4495.958,0.0508,KILIT,3.2,3.26,915.39,-147.74,-15.66,9.56,-1.94,0.01,916.84,-150.59,-16.28,-12.0,27.0,-49.6,913.33,-148.15,-15.14,7.87,-0.28,1.37,-43.5,163.55,12.2,-12.8,,,-0.5,0.81,
4496.008,0.0501,KILIT,3.18,3.22,915.94,-147.85,-15.66,10.03,-2.02,0.01,917.2,-150.77,-16.21,-10.0,27.5,-46.9,913.95,-147.95,-15.14,8.12,0.25,1.22,-40.9,157.31,12.4,-12.6,,,-0.3,0.49,
4496.059,0.0509,KILIT,3.06,3.1,916.73,-148.01,-15.66,11.63,-2.35,0.01,917.58,-150.95,-16.13,-6.4,27.7,-45.0,913.68,-147.96,-14.86,7.8,0.77,1.27,-38.9,149.01,12.33,-12.67,,,-0.34,0.56,
4496.111,0.0522,KILIT,3.01,3.04,917.41,-148.15,-15.66,12.06,-2.45,0.0,917.92,-151.12,-16.06,-6.1,27.7,-42.9,914.4,-148.21,-14.87,8.41,0.63,1.24,-36.6,140.59,10.65,-14.35,,,-0.4,0.65,
4496.162,0.051,KILIT,3.02,3.04,918.04,-148.28,-15.66,12.17,-2.47,0.0,918.27,-151.29,-15.99,-1.9,27.3,-38.8,915.08,-148.13,-14.87,9.01,0.74,1.21,-32.7,131.78,11.02,-13.98,,,-0.27,0.44,
4496.212,0.0501,KILIT,3.23,3.24,918.04,-148.28,-15.66,12.17,-2.47,0.0,918.61,-151.46,-15.91,-0.1,26.1,-35.8,914.88,-148.09,-14.82,8.78,1.29,1.13,-29.8,134.32,14.17,-10.83,,,-0.27,0.44,
4496.262,0.0501,KILIT,3.24,3.25,918.64,-148.4,-15.66,10.31,-2.1,0.0,918.96,-151.63,-15.84,1.0,25.0,-33.7,915.47,-148.26,-14.82,8.2,1.46,1.07,-27.7,127.87,13.34,-11.66,,,-0.3,0.49,
4496.312,0.0501,KILIT,3.12,3.12,919.22,-148.52,-15.66,10.72,-2.18,0.0,918.96,-151.63,-15.84,6.1,23.9,-30.9,916.19,-148.32,-14.85,8.8,1.38,1.05,-24.9,115.76,12.68,-12.32,,,-0.25,0.41,
4496.363,0.0507,KILIT,3.31,3.31,919.79,-148.63,-15.66,10.85,-2.18,0.0,919.62,-151.94,-15.69,6.3,22.2,-28.0,916.7,-147.77,-14.8,9.01,1.95,1.01,-21.9,114.1,14.48,-10.52,,,0.14,0.23,
4496.414,0.0514,KILIT,3.34,3.34,920.36,-148.76,-15.66,10.91,-2.25,0.0,919.95,-152.07,-15.62,10.0,20.3,-25.8,917.0,-149.07,-14.8,9.1,1.34,0.96,-19.6,108.1,16.58,-8.42,,,-0.6,0.98,
4496.465,0.051,KILIT,3.41,3.42,920.92,-148.87,-15.66,10.94,-2.24,0.0,920.26,-152.22,-15.55,12.8,18.6,-23.6,917.57,-148.78,-14.78,9.67,1.14,0.85,-17.5,101.81,18.25,-6.75,,,-0.36,0.59,
4496.517,0.0517,KILIT,3.52,3.53,921.7,-149.03,-15.66,12.21,-2.48,0.0,920.57,-152.36,-15.48,13.0,16.0,-21.1,918.38,-148.29,-14.75,10.22,1.42,0.83,-14.9,91.49,16.45,-8.55,1964.6,-218.3,0.04,0.06,
4496.567,0.0501,KILIT,3.55,3.55,921.7,-149.03,-15.66,12.21,-2.48,0.0,920.9,-152.48,-15.42,17.3,13.7,-18.6,918.35,-148.28,-14.74,10.55,1.92,0.77,-12.6,94.78,22.31,-2.69,2014.9,-452.3,0.04,0.06,
4496.617,0.05,KILIT,3.68,3.7,922.62,-149.21,-15.66,11.29,-2.29,0.0,921.2,-152.61,-15.35,17.0,11.4,-16.9,919.13,-148.46,-14.7,11.09,2.17,0.7,-10.9,82.99,20.47,-4.53,936.0,62.1,0.03,0.04,
4496.667,0.0501,KILIT,3.85,3.87,923.38,-149.37,-15.66,12.48,-2.53,0.0,921.51,-152.73,-15.28,18.9,8.7,-15.1,919.72,-148.63,-14.66,11.68,2.04,0.68,-9.1,74.19,21.72,-3.28,706.0,141.3,-0.0,0.0,
4496.718,0.0506,KILIT,4.03,4.05,924.06,-149.51,-15.66,12.76,-2.63,0.0,921.81,-152.85,-15.22,20.7,6.2,-13.2,920.04,-149.63,-14.61,11.92,1.48,0.67,-7.1,66.76,23.19,-1.81,604.1,171.5,-0.57,0.92,
4496.768,0.0501,KILIT,4.18,4.21,924.69,-149.64,-15.66,12.66,-2.6,0.0,922.12,-152.94,-15.16,19.8,3.3,-11.2,920.58,-149.4,-14.57,12.33,1.04,0.64,-5.2,60.67,22.83,-2.17,553.5,193.2,-0.36,0.59,
4496.818,0.0504,KILIT,4.35,4.38,925.29,-149.76,-15.66,12.45,-2.56,0.0,922.43,-153.04,-15.1,22.4,0.6,-9.4,921.03,-149.46,-14.53,12.76,0.62,0.61,-3.4,54.55,25.76,0.76,506.0,196.1,-0.34,0.56,
4496.869,0.0501,KILIT,4.52,4.56,925.87,-149.88,-15.66,12.19,-2.48,0.0,922.73,-153.13,-15.04,20.9,-2.1,-7.5,921.59,-148.81,-14.48,12.95,1.19,0.6,-1.5,49.69,25.55,0.55,481.1,206.2,0.12,0.2,
4496.919,0.0501,KILIT,4.67,4.72,926.43,-149.99,-15.66,11.92,-2.44,0.0,923.06,-153.22,-14.98,21.7,-4.7,-5.8,922.04,-149.18,-14.46,13.12,1.43,0.52,0.2,44.92,27.43,2.43,456.6,206.9,-0.05,0.08,
4496.969,0.0503,KILIT,4.83,4.88,927.0,-150.11,-15.66,11.72,-2.39,0.0,923.37,-153.29,-14.92,21.2,-7.3,-3.8,922.73,-149.07,-14.48,13.57,1.83,0.46,2.2,40.01,28.41,3.41,436.1,209.9,0.11,0.17,
4497.019,0.05,KILIT,4.65,4.72,927.0,-150.11,-15.66,11.72,-2.39,0.0,923.68,-153.37,-14.87,19.2,-9.6,-1.9,922.8,-149.08,-14.5,12.98,1.9,0.41,4.1,42.19,29.85,4.85,442.4,202.3,0.11,0.17,
4497.069,0.0501,KILIT,4.79,4.86,927.56,-150.22,-15.66,9.88,-2.01,0.0,924.01,-153.43,-14.82,19.5,-12.0,-0.2,923.44,-149.17,-14.52,12.38,1.96,0.37,5.8,37.44,31.57,6.57,423.4,202.4,0.13,0.21,
4497.119,0.0502,KILIT,4.95,5.03,928.12,-150.33,-15.66,10.25,-2.05,0.0,924.32,-153.5,-14.77,16.7,-13.7,1.9,924.22,-148.51,-14.54,12.49,2.55,0.33,7.9,33.87,30.99,5.99,412.3,208.0,0.63,1.02,
4497.169,0.0501,KILIT,5.21,5.29,928.87,-150.49,-15.66,11.68,-2.39,0.0,924.65,-153.54,-14.72,15.5,-15.6,4.3,924.68,-150.13,-14.54,12.71,1.99,0.31,10.3,27.2,31.32,6.32,391.6,212.5,-0.3,0.49,
4497.219,0.0501,KILIT,4.97,5.07,928.87,-150.49,-15.66,11.68,-2.39,0.0,924.98,-153.59,-14.68,14.2,-17.2,6.5,924.68,-150.13,-14.54,12.69,1.39,0.28,12.5,28.44,33.03,8.03,394.0,206.2,-0.3,0.49,
4497.269,0.0501,KILIT,5.34,5.44,929.76,-150.67,-15.66,10.85,-2.23,0.0,925.32,-153.64,-14.64,11.2,-18.5,8.6,925.58,-150.29,-14.54,12.84,0.81,0.23,14.6,22.21,32.16,7.16,377.0,213.1,-0.29,0.47,
4497.32,0.0506,KILIT,5.63,5.73,930.53,-150.83,-15.66,12.12,-2.48,0.0,925.66,-153.67,-14.6,10.3,-19.8,11.5,926.41,-150.11,-14.54,13.41,0.6,0.2,17.6,15.41,32.54,7.54,358.7,215.1,-0.07,0.12,
4497.37,0.0501,KILIT,5.86,5.96,931.2,-150.97,-15.66,12.52,-2.58,0.0,926.01,-153.7,-14.57,7.4,-20.8,14.1,927.01,-150.62,-14.54,13.87,0.22,0.17,20.1,11.24,32.39,7.39,348.1,216.9,-0.31,0.5,
4497.42,0.05,KILIT,6.06,6.16,931.82,-151.1,-15.66,12.51,-2.57,0.0,926.37,-153.73,-14.54,5.3,-21.4,16.0,927.65,-150.67,-14.54,14.38,-0.1,0.14,22.0,8.02,32.42,7.42,339.9,217.6,-0.26,0.42,
4497.47,0.0501,KILIT,6.25,6.35,932.43,-151.22,-15.66,12.39,-2.53,0.0,926.72,-153.75,-14.51,3.6,-21.8,18.8,928.44,-150.28,-14.56,14.98,-0.05,0.1,23.9,3.67,32.44,7.44,329.1,218.1,0.08,0.12,
4497.52,0.0501,KILIT,6.4,6.51,933.01,-151.34,-15.66,12.15,-2.49,0.0,927.09,-153.77,-14.48,0.6,-22.0,21.6,929.02,-150.73,-14.58,15.5,-0.35,0.05,21.6,0.46,32.45,7.45,321.1,218.2,-0.13,0.21,
4497.571,0.0502,KILIT,6.55,6.66,933.58,-151.45,-15.66,11.9,-2.42,0.0,927.46,-153.78,-14.46,-2.0,-21.6,23.9,929.78,-150.3,-14.6,16.04,-0.09,-0.01,20.8,-2.3,32.05,7.05,314.3,219.3,0.23,0.37,
4497.621,0.0501,KILIT,6.69,6.8,934.13,-151.57,-15.66,11.66,-2.38,0.0,927.83,-153.81,-14.43,-3.7,-21.5,26.4,930.33,-150.8,-14.62,16.46,-0.5,-0.09,20.4,-5.59,32.18,7.18,306.1,218.7,-0.01,0.01,
4497.671,0.0501,KILIT,6.81,6.93,934.69,-151.68,-15.66,11.48,-2.35,0.0,928.22,-153.82,-14.41,-6.3,-21.0,28.7,930.95,-150.94,-14.64,16.77,-1.01,-0.2,22.7,-8.14,32.11,7.11,299.7,218.5,-0.01,0.02,
4497.721,0.0501,KILIT,6.92,7.04,935.24,-151.79,-15.66,11.32,-2.31,0.0,928.62,-153.83,-14.4,-8.4,-20.5,30.2,931.57,-151.05,-14.66,16.77,-1.22,-0.26,24.2,-9.97,32.03,7.03,295.1,218.3,-0.0,0.0,
4497.771,0.0504,KILIT,7.05,7.16,935.79,-151.9,-15.66,11.24,-2.28,0.0,929.02,-153.84,-14.38,-9.6,-20.0,31.7,932.28,-150.82,-14.68,16.92,-0.63,-0.28,25.7,-12.34,31.97,6.97,289.0,217.8,0.22,0.36,
4497.821,0.0501,KILIT,7.14,7.26,936.33,-152.01,-15.66,11.09,-2.26,0.0,929.43,-153.85,-14.37,-11.5,-19.5,33.1,932.83,-151.21,-14.7,16.75,-1.21,-0.32,27.1,-14.05,32.09,7.09,284.7,216.9,0.06,0.09,
4497.871,0.0501,KILIT,7.24,7.36,936.87,-152.13,-15.66,10.99,-2.27,0.0,929.84,-153.85,-14.36,-13.3,-18.9,34.4,933.3,-152.01,-14.72,16.62,-1.79,-0.33,28.4,-15.81,32.2,7.2,280.1,216.0,-0.37,0.6,
4497.922,0.0501,KILIT,7.36,7.47,937.43,-152.24,-15.66,11.02,-2.24,0.0,930.25,-153.86,-14.35,-14.5,-18.4,35.8,934.12,-151.21,-14.74,16.82,-1.23,-0.35,29.8,-17.92,32.3,7.3,274.6,214.8,0.21,0.34,
4497.972,0.0501,KILIT,7.46,7.57,937.98,-152.35,-15.66,11.03,-2.27,0.0,930.68,-153.87,-14.34,-15.8,-17.8,37.1,934.6,-152.08,-14.76,16.76,-1.82,-0.37,31.1,-19.86,32.43,7.43,269.5,213.5,-0.26,0.42,
4498.023,0.0513,KILIT,7.54,7.65,938.53,-152.46,-15.66,10.95,-2.23,0.0,931.13,-153.89,-14.34,-17.7,-17.0,38.5,935.32,-151.71,-14.78,16.92,-1.46,-0.44,32.3,-21.38,32.62,7.62,265.5,212.1,0.06,0.09,
4498.073,0.0501,KILIT,7.64,7.75,939.08,-152.58,-15.66,10.97,-2.25,0.0,931.56,-153.9,-14.33,-18.7,-16.2,39.7,935.89,-152.11,-14.8,16.88,-2.06,-0.45,33.7,-23.33,32.6,7.6,260.2,211.1,-0.11,0.18,
4498.123,0.05,KILIT,7.72,7.83,939.63,-152.7,-15.66,10.95,-2.27,0.0,932.01,-153.91,-14.33,-19.8,-15.4,40.7,936.38,-152.85,-14.82,16.79,-2.65,-0.46,34.7,-24.96,32.6,7.6,255.6,210.0,-0.5,0.81,
4498.173,0.05,KILIT,7.79,7.9,940.18,-152.8,-15.66,10.95,-2.23,0.0,932.47,-153.94,-14.33,-21.2,-14.3,41.8,937.25,-151.75,-14.84,16.93,-2.07,-0.47,35.8,-26.29,32.53,7.53,251.8,209.3,0.27,0.45,
4498.224,0.0505,KILIT,7.85,7.97,940.73,-152.91,-15.66,10.93,-2.22,0.0,932.94,-153.94,-14.33,-22.7,-12.0,43.6,937.86,-151.95,-14.85,17.11,-1.49,-0.5,37.5,-28.76,31.84,6.84,244.2,209.7,0.23,0.37,
4498.274,0.0508,KILIT,7.45,7.57,941.28,-153.02,-15.66,10.91,-2.21,0.0,933.89,-153.99,-14.34,-23.5,-10.6,44.3,938.51,-151.92,-14.87,16.61,-1.14,-0.51,38.2,-29.23,31.71,6.71,242.7,209.7,0.32,0.53,
4498.324,0.0501,KILIT,7.96,8.07,941.81,-153.14,-15.66,10.8,-2.23,0.0,933.89,-153.99,-14.34,-24.0,-9.3,44.8,938.87,-153.24,-14.89,16.61,-1.74,-0.52,38.8,-31.33,30.78,5.78,235.6,210.9,-0.43,0.7,
4498.375,0.0501,KILIT,7.53,7.64,942.35,-153.25,-15.66,10.8,-2.21,0.0,934.86,-154.04,-14.35,-23.9,-8.2,45.5,939.59,-152.83,-14.91,16.15,-2.13,-0.54,45.5,-32.25,30.53,5.53,232.5,211.0,-0.09,0.14,
4498.425,0.0501,KILIT,8.07,8.18,942.91,-153.36,-15.66,10.9,-2.23,0.0,934.86,-154.04,-14.35,-23.9,-8.2,45.5,940.25,-152.82,-14.93,16.74,-2.24,-0.56,45.5,-33.79,30.21,5.21,227.3,210.6,-0.0,0.0,
4498.476,0.0511,KILIT,8.13,8.23,943.46,-153.47,-15.66,10.85,-2.22,0.0,935.35,-154.08,-14.36,-23.3,-7.4,45.9,940.88,-152.87,-14.95,17.35,-2.2,-0.59,45.9,-35.23,29.38,4.38,221.8,211.9,0.04,0.07,
4498.527,0.051,KILIT,8.16,8.26,944.01,-153.58,-15.66,10.83,-2.21,0.0,935.86,-154.12,-14.37,-22.5,-5.5,47.0,941.54,-152.85,-14.97,17.45,-1.8,-0.6,47.0,-37.55,27.79,2.79,212.1,214.8,0.14,0.23,
4498.577,0.0501,KILIT,8.18,8.28,944.54,-153.69,-15.66,10.76,-2.21,0.0,936.37,-154.15,-14.38,-21.4,-4.4,48.2,942.05,-153.41,-14.99,17.27,-2.37,-0.61,48.2,-40.01,26.64,1.64,201.8,215.9,-0.14,0.22,
4498.627,0.05,KILIT,8.21,8.3,945.08,-153.8,-15.66,10.78,-2.21,0.0,936.88,-154.2,-14.4,-20.9,-3.6,49.5,942.69,-153.39,-15.01,17.08,-2.8,-0.61,49.5,-42.14,25.98,0.98,192.7,215.7,-0.05,0.07,
4498.677,0.0501,KILIT,8.19,8.28,945.6,-153.91,-15.66,10.69,-2.2,0.0,937.42,-154.24,-14.41,-20.8,-2.9,50.6,943.21,-153.9,-15.03,16.86,-3.36,-0.62,50.6,-43.92,25.73,0.73,185.1,214.2,-0.29,0.47,
4498.728,0.0507,KILIT,7.67,7.77,946.13,-154.02,-15.66,10.58,-2.17,0.0,938.46,-154.36,-14.44,-19.8,-2.3,51.8,943.88,-153.7,-15.05,16.3,-3.13,-0.62,51.8,-45.2,25.18,0.18,178.8,214.5,-0.09,0.14,
4498.778,0.0501,KILIT,8.21,8.3,946.66,-154.13,-15.66,10.63,-2.19,0.0,938.46,-154.36,-14.44,-19.0,-1.8,52.8,944.38,-153.98,-15.05,16.67,-3.3,-0.61,52.8,-47.67,24.1,-0.9,166.0,214.8,-0.19,0.31,
4498.828,0.0501,KILIT,7.68,7.77,947.21,-154.24,-15.66,10.73,-2.2,0.0,939.54,-154.47,-14.48,-19.0,-1.1,53.9,945.08,-153.71,-15.07,16.26,-2.86,-0.61,53.9,-48.67,24.14,-0.86,161.2,213.1,0.06,0.1,
4498.878,0.0503,KILIT,7.68,7.77,947.77,-154.35,-15.66,10.84,-2.2,0.0,940.09,-154.54,-14.5,-18.3,-0.4,54.9,945.82,-153.32,-15.09,16.2,-2.26,-0.6,54.9,-50.29,23.28,-1.72,151.6,213.7,0.38,0.62,
4498.928,0.0502,KILIT,8.24,8.32,948.33,-154.47,-15.66,10.93,-2.22,0.0,940.09,-154.54,-14.5,-17.0,0.3,55.8,946.4,-153.7,-15.11,16.77,-2.07,-0.61,55.8,-52.62,21.62,-3.38,135.6,216.2,0.23,0.37,
4498.979,0.0503,KILIT,7.66,7.74,948.86,-154.58,-15.66,10.82,-2.2,0.0,941.2,-154.68,-14.54,-16.6,1.1,56.7,947.01,-153.97,-15.14,16.16,-2.08,-0.6,56.7,-53.3,21.26,-3.74,130.8,216.4,0.14,0.22,
4499.031,0.0527,KILIT,7.78,7.85,949.53,-154.72,-15.66,11.35,-2.35,0.0,941.75,-154.74,-14.56,-15.9,1.6,57.5,947.51,-154.92,-15.14,16.14,-2.71,-0.6,57.5,-54.97,20.41,-4.59,118.7,216.8,-0.37,0.61,
4499.081,0.0501,KILIT,7.85,7.92,950.15,-154.85,-15.66,11.67,-2.41,0.0,942.3,-154.82,-14.58,-14.0,1.8,58.3,948.15,-154.99,-15.14,16.31,-3.29,-0.59,58.3,-56.58,18.71,-6.29,103.5,220.8,-0.33,0.54,
4499.132,0.0502,KILIT,7.88,7.95,950.75,-154.97,-15.66,11.79,-2.41,0.0,942.87,-154.9,-14.6,-13.1,1.8,59.2,948.87,-154.52,-15.14,16.71,-2.84,-0.57,59.2,-58.0,17.96,-7.04,91.1,221.1,0.04,0.07,
4499.182,0.0502,KILIT,8.36,8.42,951.22,-155.06,-15.66,11.07,-2.27,0.0,942.87,-154.9,-14.6,-12.5,1.8,59.9,949.33,-154.66,-15.14,17.29,-2.69,-0.55,59.9,-59.54,17.21,-7.79,76.8,221.2,0.01,0.02,
4499.232,0.0501,KILIT,7.72,7.78,951.73,-155.16,-15.66,10.75,-2.17,0.0,944.01,-155.06,-14.65,-10.6,1.7,60.8,949.98,-154.04,-15.14,16.98,-2.18,-0.54,60.8,-60.35,15.91,-9.09,65.5,225.6,0.47,0.76,
4499.282,0.0501,KILIT,8.24,8.31,952.25,-155.27,-15.66,10.68,-2.14,0.0,944.01,-155.06,-14.65,-10.6,1.7,60.8,950.59,-153.75,-15.14,17.08,-1.58,-0.53,60.8,-61.09,15.52,-9.48,57.5,225.8,0.71,1.16,
4499.332,0.0501,KILIT,8.21,8.27,952.79,-155.37,-15.66,10.68,-2.13,0.0,944.58,-155.15,-14.67,-10.1,1.5,61.6,951.13,-153.8,-15.14,17.08,-0.98,-0.52,61.6,-62.11,15.16,-9.84,46.6,225.2,0.75,1.22,
4499.382,0.0501,KILIT,8.2,8.25,953.33,-155.48,-15.66,10.74,-2.13,0.0,945.14,-155.23,-14.7,-10.1,1.1,62.2,951.68,-153.9,-15.14,16.97,-0.39,-0.48,62.2,-62.97,15.23,-9.77,38.4,222.7,0.75,1.23,
4499.432,0.0501,KILIT,8.13,8.18,953.86,-155.6,-15.66,10.65,-2.19,0.0,945.73,-155.31,-14.72,-8.5,0.5,62.8,945.94,-154.83,-13.54,16.37,-0.46,-0.43,62.8,-64.1,14.05,-10.95,21.3,226.0,-0.52,0.84,
4499.482,0.0501,KILIT,8.11,8.16,954.39,-155.71,-15.66,10.68,-2.19,0.0,946.29,-155.41,-14.74,-8.6,-0.4,63.4,946.55,-154.71,-13.55,15.78,-0.52,-0.37,63.4,-64.86,14.45,-10.55,14.7,221.8,-0.37,0.6,
4499.532,0.0501,KILIT,8.08,8.13,954.94,-155.82,-15.66,10.77,-2.22,0.0,946.87,-155.5,-14.77,-8.4,-1.4,64.0,947.12,-154.86,-13.56,15.18,-0.58,-0.31,64.0,-65.77,14.53,-10.47,4.5,218.8,-0.39,0.64,
4499.583,0.0501,KILIT,8.05,8.1,955.49,-155.93,-15.66,10.84,-2.22,0.0,947.45,-155.59,-14.79,-6.9,-2.5,64.8,947.75,-154.76,-13.56,14.59,-0.63,-0.23,64.8,-67.01,13.49,-11.51,-16.8,220.8,-0.25,0.41,
4499.633,0.0501,KILIT,8.02,8.06,956.05,-156.04,-15.66,10.91,-2.22,0.0,948.04,-155.68,-14.81,-6.8,-3.6,65.3,948.42,-154.49,-13.57,14.0,-0.6,-0.13,65.3,-67.81,13.7,-11.3,-26.4,217.0,-0.0,0.0,
4499.683,0.0501,KILIT,8.02,8.06,956.61,-156.15,-15.66,10.99,-2.2,0.0,948.6,-155.76,-14.83,-6.4,-4.8,65.8,949.19,-153.55,-13.57,13.47,-0.33,-0.02,65.8,-68.69,13.61,-11.39,-39.4,214.6,0.67,1.1,
4499.733,0.0503,KILIT,7.99,8.03,957.17,-156.27,-15.66,11.03,-2.23,0.0,949.19,-155.85,-14.85,-4.5,-5.6,66.6,949.63,-154.4,-13.58,12.89,-0.33,0.12,66.6,-69.94,11.95,-13.05,-70.9,220.5,0.21,0.34,
4499.783,0.0501,KILIT,7.98,8.02,957.73,-156.38,-15.66,11.06,-2.27,0.0,949.76,-155.93,-14.87,-4.4,-6.4,67.1,950.04,-155.3,-13.58,12.38,-0.62,0.24,67.1,-70.82,11.93,-13.07,-86.5,217.3,-0.29,0.48,
4499.833,0.0503,KILIT,7.94,7.98,958.28,-156.49,-15.66,11.04,-2.25,0.0,950.35,-156.02,-14.89,-3.4,-7.1,67.2,950.73,-154.95,-13.59,11.81,-0.75,0.42,67.2,-71.23,11.07,-13.93,-101.4,221.6,0.01,0.01,
4499.885,0.0518,KILIT,7.91,7.94,958.83,-156.61,-15.66,10.93,-2.26,0.0,950.94,-156.11,-14.91,-1.2,-7.6,67.8,951.15,-155.86,-13.6,11.4,-1.2,0.54,67.8,-72.23,8.93,-16.07,-142.4,233.5,-0.5,0.82,
4499.935,0.0501,KILIT,7.88,7.91,959.38,-156.72,-15.66,10.95,-2.25,0.0,951.52,-156.2,-14.93,-1.5,-7.9,68.4,951.84,-155.46,-13.61,10.9,-1.44,0.77,68.4,-73.0,9.09,-15.91,-159.0,229.3,-0.17,0.27,
4499.986,0.0504,KILIT,7.82,7.86,959.91,-156.83,-15.66,10.83,-2.23,0.0,952.11,-156.28,-14.94,2.3,-8.0,68.6,952.38,-155.79,-13.63,10.5,-1.86,0.95,68.6,-73.6,5.38,-19.62,-220.4,259.1,-0.3,0.5,
4500.036,0.0501,KILIT,7.76,7.8,960.45,-156.94,-15.66,10.8,-2.2,0.0,952.71,-156.35,-14.95,2.3,-8.0,68.6,953.12,-155.19,-13.64,10.46,-1.28,1.09,68.6,-73.89,5.31,-19.69,-230.5,259.0,0.16,0.26,
4500.086,0.0505,KILIT,7.74,7.78,961.0,-157.05,-15.66,10.82,-2.18,0.0,953.28,-156.42,-14.96,2.0,-8.1,69.2,953.78,-154.85,-13.65,10.57,-0.69,1.15,69.2,-74.77,5.43,-19.57,-257.6,254.9,0.45,0.73,
4500.136,0.0502,KILIT,7.71,7.75,961.56,-157.16,-15.66,10.9,-2.22,0.0,953.87,-156.5,-14.97,5.4,-7.7,69.7,954.21,-155.72,-13.66,10.54,-1.28,1.22,69.7,-75.55,1.87,-23.13,-352.1,292.6,-0.03,0.05,
4500.187,0.0503,KILIT,7.67,7.7,962.11,-157.27,-15.66,10.96,-2.21,0.0,954.47,-156.59,-14.97,5.1,-7.1,69.0,954.92,-155.3,-13.67,10.83,-0.76,1.27,69.0,-74.96,2.11,-22.89,-321.4,290.6,0.31,0.51,
4500.237,0.0501,KILIT,7.65,7.69,962.67,-157.39,-15.66,10.99,-2.26,0.0,955.05,-156.65,-14.97,7.3,-6.8,69.1,955.31,-156.33,-13.67,10.76,-1.35,1.28,69.1,-75.47,-0.15,-25.15,-393.0,319.9,-0.27,0.44,
4500.287,0.0503,KILIT,7.63,7.66,963.22,-157.51,-15.66,10.97,-2.26,0.0,955.63,-156.72,-14.96,8.5,-6.5,70.6,955.83,-156.69,-13.68,10.7,-1.95,1.28,70.6,-77.28,-1.57,-26.57,-544.2,344.4,-0.42,0.69,
4500.337,0.0504,KILIT,7.02,7.06,963.22,-157.51,-15.66,10.97,-2.26,0.0,956.23,-156.79,-14.96,9.6,-5.6,70.3,956.4,-156.81,-13.83,10.63,-2.55,1.23,70.3,-76.86,-2.35,-27.35,-539.6,357.6,-0.42,0.69,
4500.388,0.0501,KILIT,7.01,7.05,963.77,-157.62,-15.66,9.33,-1.92,0.0,956.8,-156.86,-14.95,12.9,-4.8,70.2,957.0,-156.77,-13.84,10.05,-2.71,1.19,64.2,-76.98,-5.68,-30.68,-680.8,430.5,-0.33,0.53,
4500.439,0.051,KILIT,7.57,7.61,964.32,-157.73,-15.66,9.77,-1.98,0.0,956.8,-156.86,-14.95,11.3,-4.6,70.9,957.22,-155.79,-13.69,10.1,-2.1,1.2,64.8,-77.98,-4.72,-29.72,-738.8,416.2,0.3,0.5,
4500.489,0.0501,KILIT,7.54,7.57,964.87,-157.84,-15.66,10.14,-2.06,0.0,957.39,-156.93,-14.94,11.3,-4.6,70.9,957.75,-156.14,-13.7,10.28,-1.52,1.22,64.9,-78.34,-4.66,-29.66,-777.5,418.5,0.15,0.25,
4500.539,0.0501,KILIT,7.54,7.58,965.43,-157.96,-15.66,10.45,-2.13,0.0,957.95,-156.99,-14.92,15.5,-3.8,70.9,958.23,-156.61,-13.7,10.41,-2.11,1.22,64.9,-78.59,-8.84,-33.84,-1116.5,569.0,-0.07,0.12,
4500.589,0.0501,KILIT,7.52,7.56,965.98,-158.07,-15.66,10.61,-2.17,0.0,958.53,-157.04,-14.9,15.1,-2.2,69.8,958.78,-156.81,-13.7,10.55,-2.69,1.2,63.8,-77.83,-8.53,-33.53,-955.6,533.7,-0.13,0.21,
4500.639,0.0502,KILIT,7.5,7.54,966.54,-158.18,-15.66,10.75,-2.19,0.0,959.11,-157.11,-14.89,16.7,-1.2,69.7,959.41,-156.68,-13.71,10.85,-2.17,1.19,63.7,-77.91,-10.23,-35.23,-1114.3,609.8,0.03,0.05,
4500.689,0.0501,KILIT,7.48,7.52,967.09,-158.29,-15.66,10.81,-2.2,0.0,959.69,-157.16,-14.87,17.9,-0.1,69.0,959.99,-156.71,-13.71,11.01,-1.95,1.16,63.0,-77.54,-11.44,-36.44,-1158.4,655.8,0.09,0.14,
4500.741,0.0518,KILIT,7.5,7.54,967.64,-158.41,-15.66,10.77,-2.2,0.0,960.24,-157.21,-14.85,17.3,1.4,67.7,960.47,-157.12,-13.71,10.87,-2.56,1.15,61.5,-76.57,-10.99,-35.99,-942.0,595.8,-0.11,0.18,
4500.791,0.0501,KILIT,7.5,7.54,968.19,-158.52,-15.66,10.85,-2.22,0.0,960.8,-157.28,-14.83,20.5,2.8,67.1,961.03,-157.19,-13.71,10.86,-2.9,1.12,61.1,-75.97,-14.25,-39.25,-1118.3,733.2,-0.08,0.14,
4500.841,0.0502,KILIT,7.48,7.53,968.74,-158.63,-15.66,10.86,-2.22,0.0,961.37,-157.33,-14.81,19.3,3.9,66.6,961.6,-157.25,-13.71,10.9,-2.79,1.1,60.6,-75.91,-13.18,-38.18,-1007.9,671.4,-0.05,0.08,
4500.891,0.0501,KILIT,6.93,6.99,968.74,-158.63,-15.66,10.86,-2.22,0.0,961.92,-157.38,-14.79,19.7,5.0,65.7,962.11,-157.36,-13.85,10.82,-2.84,0.94,59.7,-75.23,-13.15,-38.15,-897.9,642.3,-0.05,0.08,
4500.941,0.0501,KILIT,7.18,7.24,969.51,-158.79,-15.66,9.9,-2.02,0.0,962.46,-157.42,-14.76,21.4,6.3,65.1,962.66,-157.38,-13.79,10.27,-2.59,0.96,59.1,-74.94,-15.11,-40.11,-1004.9,726.4,0.01,0.01,
4500.992,0.0507,KILIT,6.63,6.69,969.51,-158.79,-15.66,9.9,-2.02,0.0,963.01,-157.48,-14.74,19.1,7.2,64.4,963.18,-157.48,-13.93,9.85,-2.49,0.81,58.3,-74.64,-12.36,-37.36,-770.0,591.0,0.01,0.01,
4501.042,0.05,KILIT,6.8,6.87,970.19,-158.93,-15.66,8.97,-1.83,0.0,963.54,-157.52,-14.71,20.2,8.2,63.8,963.68,-157.65,-13.88,9.26,-2.57,0.82,57.8,-74.42,-13.62,-38.62,-818.7,633.8,-0.03,0.05,
4501.092,0.0501,KILIT,7.43,7.49,970.81,-159.06,-15.66,9.97,-2.08,0.0,963.54,-157.52,-14.71,20.2,8.2,63.8,963.49,-158.73,-13.72,9.26,-3.17,0.85,57.8,-74.47,-14.29,-39.29,-869.3,664.6,-0.72,1.17,
4501.142,0.0501,KILIT,7.49,7.56,971.4,-159.18,-15.66,10.5,-2.19,0.0,964.08,-157.57,-14.69,19.9,9.0,63.3,964.03,-158.78,-13.7,9.42,-3.75,0.88,63.3,-74.37,-14.11,-39.11,-843.3,652.8,-0.68,1.11,
4501.192,0.0501,KILIT,7.56,7.63,971.97,-159.3,-15.66,10.81,-2.24,0.0,964.6,-157.63,-14.66,17.9,9.7,62.7,964.64,-158.37,-13.69,10.02,-3.73,0.93,62.7,-74.14,-12.23,-37.23,-706.8,573.0,-0.35,0.58,
4501.243,0.0501,KILIT,7.63,7.7,972.54,-159.41,-15.66,10.93,-2.23,0.0,965.11,-157.68,-14.63,19.5,10.6,62.6,965.33,-157.56,-13.67,10.27,-3.19,0.93,62.6,-74.19,-13.82,-38.82,-801.3,634.1,0.23,0.37,
4501.293,0.0501,KILIT,7.09,7.17,972.54,-159.41,-15.66,10.93,-2.23,0.0,965.65,-157.72,-14.6,18.1,11.2,62.8,965.82,-157.67,-13.8,10.53,-2.65,0.89,62.8,-75.01,-11.73,-36.73,-777.2,578.0,0.23,0.37,
4501.343,0.0501,KILIT,7.17,7.25,973.1,-159.53,-15.66,9.34,-1.91,0.0,966.15,-157.77,-14.57,17.1,11.7,62.9,966.3,-157.81,-13.78,10.14,-2.19,0.85,62.9,-75.47,-10.69,-35.69,-771.8,552.5,0.2,0.32,
4501.394,0.0514,KILIT,7.23,7.31,973.65,-159.64,-15.66,9.76,-2.02,0.0,966.66,-157.81,-14.54,18.7,12.3,64.2,966.67,-158.53,-13.77,9.9,-2.75,0.82,64.2,-77.1,-11.98,-36.98,-1121.3,663.8,-0.19,0.32,
4501.444,0.0502,KILIT,7.3,7.39,974.2,-159.76,-15.66,10.13,-2.09,0.0,967.15,-157.87,-14.51,16.1,12.1,65.6,967.15,-158.59,-13.75,9.89,-3.35,0.78,65.6,-78.88,-9.01,-34.01,-1196.8,588.1,-0.17,0.28,
4501.494,0.0501,KILIT,7.87,7.95,974.76,-159.88,-15.66,10.44,-2.16,0.0,967.15,-157.87,-14.51,17.1,12.0,66.5,967.16,-158.69,-13.6,10.26,-3.81,0.91,66.5,-79.62,-10.5,-35.5,-1609.8,719.0,-0.24,0.38,
4501.544,0.0501,KILIT,7.93,8.02,975.31,-159.99,-15.66,10.61,-2.17,0.0,967.66,-157.91,-14.47,17.0,12.0,68.4,967.79,-158.11,-13.58,10.42,-3.23,0.9,68.4,-81.88,-9.82,-34.82,-2686.0,897.4,0.2,0.33,
4501.595,0.0501,KILIT,8.0,8.09,975.86,-160.1,-15.66,10.73,-2.18,0.0,968.15,-157.98,-14.44,17.0,12.0,68.4,968.35,-157.85,-13.57,10.59,-2.66,0.89,68.4,-82.02,-9.65,-34.65,-2737.6,897.2,0.43,0.71,
4501.645,0.0506,KILIT,8.09,8.19,976.42,-160.21,-15.66,10.82,-2.18,0.0,968.63,-158.02,-14.4,15.0,11.5,69.9,968.97,-157.58,-13.56,10.81,-2.09,0.88,69.9,-83.89,-7.13,-32.13,-3482.0,845.2,0.68,1.11,
4501.695,0.0501,KILIT,7.61,7.72,976.42,-160.21,-15.66,10.82,-2.18,0.0,969.11,-158.08,-14.36,16.4,11.2,70.8,969.33,-157.65,-13.66,10.93,-1.51,0.82,70.8,-85.19,-7.42,-32.42,-7583.6,1457.6,0.68,1.11,
4501.746,0.0508,KILIT,7.7,7.82,976.98,-160.32,-15.66,9.23,-1.86,0.0,969.59,-158.13,-14.32,14.0,11.0,71.9,969.74,-158.0,-13.64,10.32,-1.44,0.77,71.9,-86.57,-4.6,-29.6,-7904.9,1048.5,0.52,0.84,
4501.797,0.0512,KILIT,7.79,7.91,977.51,-160.44,-15.66,9.56,-1.99,0.0,970.05,-158.19,-14.28,13.6,10.4,73.8,969.86,-159.68,-13.61,10.13,-2.02,0.76,73.8,-88.73,-3.61,-28.61,,,-0.5,0.82,
4501.848,0.0504,KILIT,8.34,8.45,978.05,-160.55,-15.66,9.92,-2.07,0.0,970.05,-158.19,-14.28,13.6,10.4,73.8,970.2,-159.84,-13.56,10.14,-2.63,0.75,73.8,-88.54,-4.31,-29.31,,,-0.56,0.91,
4501.898,0.0501,KILIT,8.42,8.53,978.59,-160.66,-15.66,10.2,-2.12,0.0,970.53,-158.25,-14.24,10.4,8.5,76.4,970.82,-159.62,-13.56,10.31,-3.2,0.73,76.4,-91.57,-0.47,-25.47,,,-0.35,0.56,
4501.948,0.0501,KILIT,8.51,8.64,979.14,-160.77,-15.66,10.42,-2.15,0.0,970.99,-158.32,-14.2,10.4,8.5,76.4,971.45,-159.32,-13.56,10.89,-3.35,0.69,76.4,-91.64,-0.3,-25.3,,,-0.08,0.13,
4501.998,0.0501,KILIT,8.59,8.72,979.69,-160.88,-15.66,10.57,-2.17,0.0,971.47,-158.37,-14.16,12.2,7.8,77.9,972.07,-159.07,-13.56,11.37,-2.99,0.65,77.9,-93.45,-1.7,-26.7,,,0.15,0.25,
4502.049,0.0512,KILIT,8.71,8.84,980.24,-161.0,-15.66,10.64,-2.19,0.0,971.92,-158.44,-14.12,10.2,7.2,79.0,972.59,-159.37,-13.56,11.93,-3.21,0.58,79.0,-94.69,0.55,-24.45,,,0.03,0.05,
4502.099,0.0502,KILIT,8.82,8.96,980.79,-161.11,-15.66,10.74,-2.21,0.0,972.37,-158.5,-14.08,9.5,6.5,80.5,973.16,-159.37,-13.56,12.41,-3.04,0.52,80.5,-96.4,1.53,-23.47,,,0.1,0.17,
4502.149,0.0501,KILIT,8.35,8.51,980.79,-161.11,-15.66,10.74,-2.21,0.0,972.83,-158.58,-14.03,9.9,6.2,82.4,973.16,-159.37,-13.56,11.81,-2.94,0.5,82.4,-98.59,2.27,-22.73,,,0.1,0.17,
4502.2,0.0501,KILIT,8.47,8.63,981.34,-161.22,-15.66,9.17,-1.88,0.0,973.28,-158.64,-13.99,7.1,6.1,83.4,973.72,-159.45,-13.56,11.23,-2.83,0.48,83.4,-99.73,5.28,-19.72,,,0.13,0.21,
4502.25,0.0505,KILIT,9.03,9.18,981.9,-161.34,-15.66,9.71,-2.02,0.0,973.28,-158.64,-13.99,7.6,6.0,84.6,974.1,-160.43,-13.56,11.24,-3.43,0.47,84.6,-100.66,4.2,-20.8,,,-0.43,0.7,
4502.303,0.0526,KILIT,9.14,9.3,982.45,-161.45,-15.66,9.97,-2.05,0.0,973.73,-158.72,-13.95,4.6,5.9,87.0,974.8,-159.82,-13.56,11.85,-3.28,0.41,87.0,-103.07,7.52,-17.48,,,0.04,0.06,
4502.353,0.0504,KILIT,9.27,9.43,983.01,-161.57,-15.66,10.28,-2.12,0.0,974.17,-158.78,-13.91,4.6,5.9,87.0,975.33,-160.08,-13.56,12.28,-3.7,0.37,87.0,-103.17,7.64,-17.36,,,-0.06,0.1,
4502.403,0.0501,KILIT,9.36,9.53,983.56,-161.68,-15.66,10.48,-2.14,0.0,974.63,-158.86,-13.86,3.6,6.2,88.7,976.0,-159.58,-13.56,12.53,-3.15,0.35,88.7,-104.79,9.07,-15.93,,,0.34,0.55,
4502.453,0.0502,KILIT,9.49,9.67,984.11,-161.79,-15.66,10.62,-2.15,0.0,975.05,-158.94,-13.82,2.4,6.2,89.4,976.61,-159.4,-13.56,12.81,-2.61,0.32,89.4,-105.47,10.39,-14.61,,,0.52,0.85,
4502.503,0.0501,KILIT,9.04,9.23,984.11,-161.79,-15.66,10.62,-2.15,0.0,975.51,-159.0,-13.78,-0.7,6.3,91.1,976.61,-159.4,-13.56,12.42,-2.15,0.28,91.1,-107.76,14.41,-10.59,,,0.52,0.85,
4502.553,0.0501,KILIT,9.6,9.78,984.66,-161.9,-15.66,9.08,-1.86,0.0,975.51,-159.0,-13.78,-0.7,6.3,91.1,977.08,-159.91,-13.56,11.98,-2.56,0.25,91.1,-107.48,13.71,-11.29,,,0.27,0.44,
4502.604,0.0501,KILIT,9.72,9.9,985.2,-162.01,-15.66,9.63,-1.96,0.0,975.94,-159.08,-13.74,-4.3,7.4,94.4,977.64,-159.93,-13.56,12.36,-2.71,0.18,94.4,-110.88,17.88,-7.12,,,0.33,0.54,
4502.654,0.0501,KILIT,9.81,10.0,985.75,-162.13,-15.66,10.02,-2.08,0.0,976.4,-159.16,-13.7,-4.3,7.4,94.4,977.96,-161.16,-13.56,12.3,-3.31,0.17,94.4,-110.93,18.01,-6.99,,,-0.39,0.63,
4502.704,0.0501,KILIT,9.94,10.13,986.31,-162.24,-15.66,10.34,-2.12,0.0,976.83,-159.25,-13.67,-5.0,7.1,94.8,978.68,-160.49,-13.56,12.88,-3.48,0.12,94.8,-111.38,18.61,-6.39,,,0.11,0.19,
4502.754,0.0501,KILIT,10.03,10.23,986.84,-162.35,-15.66,10.44,-2.15,0.0,977.28,-159.33,-13.63,-6.4,7.4,97.4,979.17,-160.78,-13.56,13.06,-4.05,0.08,97.4,-114.21,20.34,-4.66,,,-0.0,0.01,
4502.804,0.0501,KILIT,10.13,10.34,987.38,-162.46,-15.66,10.57,-2.14,0.0,977.72,-159.42,-13.6,-8.4,8.0,98.1,979.88,-160.07,-13.56,13.24,-3.48,0.07,98.1,-115.04,22.49,-2.51,,,0.52,0.85,
4502.854,0.0505,KILIT,10.22,10.43,987.93,-162.57,-15.66,10.62,-2.14,0.0,978.18,-159.5,-13.57,-8.6,7.8,98.6,980.46,-160.0,-13.56,13.42,-2.9,0.05,98.6,-115.65,22.69,-2.31,,,0.64,1.04,
4502.905,0.0501,KILIT,10.29,10.51,988.46,-162.68,-15.66,10.6,-2.2,0.0,978.64,-159.59,-13.54,-9.4,8.5,101.3,980.66,-161.72,-13.56,13.33,-3.49,0.04,101.3,-118.55,23.94,-1.06,,,-0.39,0.64,
4502.955,0.0503,KILIT,10.38,10.59,989.0,-162.79,-15.66,10.66,-2.19,0.0,979.1,-159.68,-13.52,-10.8,9.3,102.6,981.29,-161.43,-13.56,13.31,-4.09,0.01,102.6,-120.06,25.63,0.63,,,-0.13,0.22,
4503.006,0.0512,KILIT,9.92,10.15,989.0,-162.79,-15.66,10.66,-2.19,0.0,979.55,-159.78,-13.49,-10.8,9.0,102.8,981.29,-161.43,-13.56,12.71,-4.2,-0.02,102.8,-120.56,26.19,1.19,,,-0.13,0.22,
4503.056,0.0503,KILIT,9.97,10.21,989.52,-162.9,-15.66,9.01,-1.86,0.0,980.02,-159.88,-13.47,-11.6,9.7,104.5,981.81,-161.59,-13.56,12.11,-4.16,-0.04,104.5,-122.42,27.33,2.33,,,-0.17,0.27,
4503.107,0.0505,KILIT,10.64,10.87,990.18,-163.04,-15.66,10.22,-2.12,0.0,980.02,-159.88,-13.47,-12.3,10.5,106.2,982.41,-161.97,-13.56,12.56,-4.56,-0.06,106.2,-123.95,27.64,2.64,,,-0.32,0.53,
4503.157,0.0501,KILIT,10.8,11.02,990.8,-163.17,-15.66,10.89,-2.24,0.0,980.49,-159.98,-13.46,-12.3,10.5,106.2,983.13,-161.65,-13.56,13.13,-4.36,-0.07,100.2,-123.83,27.52,2.52,,,-0.04,0.06,
4503.207,0.0501,KILIT,10.94,11.16,991.41,-163.29,-15.66,11.25,-2.31,0.0,980.96,-160.07,-13.44,-11.5,10.8,106.9,983.76,-161.65,-13.56,13.69,-4.14,-0.09,100.9,-124.27,27.01,2.01,,,0.04,0.07,
4503.257,0.0501,KILIT,10.91,11.14,991.88,-163.39,-15.66,10.68,-2.19,0.0,981.45,-160.19,-13.42,-11.3,11.6,108.6,984.28,-161.5,-13.56,13.92,-3.59,-0.11,102.6,-125.8,27.5,2.5,,,0.2,0.32,
4503.307,0.0501,KILIT,10.92,11.15,992.38,-163.49,-15.66,10.45,-2.13,0.0,981.94,-160.28,-13.41,-10.1,12.4,110.5,984.79,-161.5,-13.56,13.93,-2.99,-0.13,104.5,-127.39,27.16,2.16,,,0.26,0.43,
4503.357,0.0502,KILIT,10.94,11.18,992.89,-163.6,-15.66,10.41,-2.16,0.0,982.43,-160.39,-13.4,-10.1,12.4,110.5,985.1,-162.65,-13.56,13.75,-3.56,-0.14,104.5,-127.35,27.18,2.18,,,-0.4,0.66,
4503.407,0.0501,KILIT,11.0,11.23,993.43,-163.71,-15.66,10.49,-2.16,0.0,982.91,-160.5,-13.39,-10.3,12.7,111.4,985.77,-162.11,-13.56,13.64,-3.41,-0.17,105.4,-128.23,27.57,2.57,,,0.01,0.02,
4503.458,0.0501,KILIT,11.04,11.27,993.97,-163.82,-15.66,10.58,-2.19,0.0,983.4,-160.63,-13.38,-10.3,12.7,111.4,986.27,-162.39,-13.56,13.61,-3.92,-0.18,105.4,-128.05,27.56,2.56,,,-0.1,0.16,
4503.508,0.0501,KILIT,11.05,11.29,994.49,-163.92,-15.66,10.55,-2.15,0.0,983.91,-160.73,-13.38,-9.6,12.0,111.1,986.95,-161.78,-13.56,13.7,-3.33,-0.18,105.1,-127.65,26.55,1.55,,,0.37,0.6,
4503.558,0.0501,KILIT,10.59,10.83,995.04,-164.03,-15.66,10.63,-2.16,0.0,984.9,-160.97,-13.37,-10.2,10.4,110.0,987.49,-161.9,-13.56,13.35,-2.84,-0.19,104.0,-126.98,26.57,1.57,,,0.36,0.58,
4503.608,0.0502,KILIT,11.13,11.36,995.57,-164.14,-15.66,10.61,-2.17,0.0,984.9,-160.97,-13.37,-10.2,10.4,110.0,987.93,-162.43,-13.56,13.74,-3.3,-0.19,104.0,-126.74,25.98,0.98,,,0.09,0.15,
4503.658,0.0504,KILIT,11.13,11.36,996.09,-164.25,-15.66,10.54,-2.18,0.0,985.42,-161.08,-13.37,-9.0,8.5,109.7,988.35,-163.02,-13.56,13.59,-3.89,-0.19,103.7,-126.46,23.89,-1.11,,,-0.22,0.36,
4503.708,0.0501,KILIT,11.15,11.38,996.63,-164.37,-15.66,10.61,-2.21,0.0,985.94,-161.21,-13.37,-9.0,8.5,109.7,988.84,-163.41,-13.56,13.45,-4.47,-0.19,103.7,-126.34,23.87,-1.13,,,-0.39,0.64,
4503.758,0.0501,KILIT,11.17,11.4,997.16,-164.48,-15.66,10.6,-2.19,0.0,986.44,-161.33,-13.37,-8.9,6.5,108.4,989.43,-163.21,-13.56,13.41,-4.22,-0.19,102.4,-125.21,22.59,-2.41,,,-0.2,0.33,
4503.809,0.0501,KILIT,11.19,11.42,997.7,-164.59,-15.66,10.66,-2.19,0.0,986.96,-161.45,-13.37,-7.9,5.9,108.4,990.07,-162.84,-13.56,13.54,-3.63,-0.19,102.4,-124.99,21.41,-3.59,,,0.11,0.17,
4503.859,0.0508,KILIT,11.19,11.42,998.25,-164.7,-15.66,10.7,-2.23,0.0,987.5,-161.59,-13.38,-8.3,5.5,108.4,990.48,-163.65,-13.56,13.4,-4.23,-0.19,102.3,-125.02,21.46,-3.54,,,-0.34,0.55,
4503.91,0.0501,KILIT,11.21,11.44,998.78,-164.81,-15.66,10.71,-2.19,0.0,988.01,-161.72,-13.38,-7.1,5.2,107.8,991.18,-162.92,-13.56,13.52,-3.64,-0.19,107.8,-124.03,20.28,-4.72,,,0.2,0.32,
4503.96,0.0501,KILIT,11.24,11.46,999.33,-164.92,-15.66,10.79,-2.21,0.0,988.53,-161.84,-13.38,-6.1,4.8,107.0,991.75,-162.95,-13.56,13.67,-3.05,-0.19,107.0,-122.98,19.2,-5.8,,,0.26,0.42,
4504.01,0.0503,KILIT,11.25,11.48,999.89,-165.04,-15.66,10.86,-2.23,0.0,989.06,-161.97,-13.39,-6.1,4.8,107.0,992.24,-163.37,-13.56,13.8,-3.07,-0.17,107.0,-122.87,19.13,-5.87,,,0.06,0.09,
4504.06,0.0501,KILIT,10.71,10.95,1000.45,-165.15,-15.66,10.93,-2.24,0.0,990.14,-162.22,-13.4,-5.1,4.4,106.5,992.83,-163.32,-13.56,13.28,-2.77,-0.17,106.5,-122.3,18.57,-6.43,,,0.16,0.26,
4504.11,0.0505,KILIT,11.0,11.22,1001.24,-165.31,-15.66,12.35,-2.54,-0.02,990.65,-162.34,-13.41,-4.2,4.0,106.7,993.56,-163.78,-13.57,13.76,-3.14,-0.17,106.7,-122.25,17.27,-7.73,,,-0.03,0.04,
4504.161,0.0501,KILIT,11.14,11.36,1001.91,-165.45,-15.67,12.68,-2.61,-0.03,991.18,-162.47,-13.41,-5.0,3.5,107.3,994.25,-163.87,-13.57,14.33,-3.32,-0.18,107.3,-122.93,17.55,-7.45,,,0.01,0.01,
4504.211,0.0501,KILIT,11.22,11.44,1002.54,-165.58,-15.67,12.64,-2.59,-0.03,991.72,-162.61,-13.42,-3.5,2.9,108.5,994.93,-163.73,-13.57,14.89,-3.1,-0.18,108.5,-123.83,15.85,-9.15,,,0.18,0.29,
4504.261,0.0504,KILIT,11.28,11.5,1003.14,-165.7,-15.67,12.43,-2.55,-0.03,992.26,-162.73,-13.42,-3.7,2.2,109.5,995.49,-164.05,-13.57,15.39,-3.43,-0.18,109.5,-124.93,15.57,-9.43,,,0.05,0.09,
4504.311,0.0501,KILIT,11.31,11.53,1003.72,-165.83,-15.67,12.18,-2.54,-0.02,992.8,-162.87,-13.43,-4.4,1.7,109.7,992.66,-164.44,-12.69,14.8,-3.48,-0.13,109.7,-125.21,15.77,-9.23,,,-0.55,0.9,
4504.362,0.0505,KILIT,10.77,11.0,1003.72,-165.83,-15.67,12.18,-2.54,-0.02,993.33,-163.0,-13.44,-3.1,1.3,110.5,993.14,-164.54,-12.82,14.19,-3.52,-0.08,110.5,-125.95,14.97,-10.03,,,-0.55,0.9,
4504.412,0.0501,KILIT,10.8,11.03,1004.3,-165.95,-15.67,10.24,-2.14,-0.02,993.87,-163.12,-13.44,-4.7,1.1,111.7,993.71,-164.51,-12.81,13.59,-3.5,-0.04,111.7,-127.42,16.07,-8.93,,,-0.46,0.75,
4504.462,0.0501,KILIT,10.83,11.05,1004.87,-166.07,-15.67,10.58,-2.19,-0.01,994.41,-163.26,-13.45,-4.8,1.1,112.1,994.37,-164.09,-12.81,13.02,-3.32,0.02,112.1,-127.67,16.07,-8.93,,,-0.12,0.19,
4504.512,0.0504,KILIT,11.4,11.62,1005.43,-166.18,-15.67,10.78,-2.23,-0.01,994.41,-163.26,-13.45,-4.1,1.0,112.5,994.51,-164.15,-12.69,12.45,-3.16,0.11,112.5,-127.79,14.88,-10.12,,,-0.14,0.22,
4504.562,0.0501,KILIT,11.39,11.6,1005.97,-166.29,-15.67,10.78,-2.2,-0.01,994.96,-163.39,-13.45,-4.1,1.0,112.5,995.21,-163.48,-12.69,12.05,-2.72,0.19,112.5,-127.68,14.89,-10.11,,,0.37,0.6,
4504.612,0.0501,KILIT,10.83,11.05,1006.51,-166.41,-15.67,10.8,-2.26,-0.01,996.04,-163.65,-13.47,-3.9,1.1,114.5,995.9,-165.01,-12.81,11.5,-2.94,0.26,114.5,-129.69,15.19,-9.81,,,-0.5,0.81,
4504.662,0.05,KILIT,11.4,11.61,1007.08,-166.52,-15.67,10.93,-2.25,-0.0,996.04,-163.65,-13.47,-3.9,1.1,114.5,996.23,-164.14,-12.69,11.11,-2.5,0.39,114.5,-129.49,14.63,-10.37,,,0.09,0.15,
4504.713,0.0501,KILIT,11.42,11.63,1007.63,-166.64,-15.67,10.99,-2.27,-0.0,996.58,-163.78,-13.47,-3.4,0.8,114.2,996.77,-164.31,-12.69,10.71,-2.1,0.58,114.2,-129.05,14.06,-10.94,,,0.05,0.08,
4504.763,0.0501,KILIT,11.42,11.63,1008.19,-166.75,-15.67,11.03,-2.29,-0.0,997.13,-163.9,-13.47,-3.6,0.3,114.4,997.27,-164.71,-12.69,10.44,-2.62,0.73,114.4,-129.33,13.88,-11.12,,,-0.13,0.21,
4504.813,0.0501,KILIT,11.43,11.64,1008.75,-166.87,-15.67,11.05,-2.31,-0.0,997.67,-164.04,-13.48,-1.0,-0.1,115.2,997.74,-165.23,-12.69,10.39,-3.22,0.75,115.2,-129.68,11.55,-13.45,,,-0.4,0.64,
4504.863,0.0501,KILIT,11.43,11.64,1009.3,-166.99,-15.67,11.04,-2.3,-0.0,998.22,-164.17,-13.48,-1.4,-0.7,115.6,998.33,-165.16,-12.69,10.6,-3.26,0.79,115.6,-130.14,11.47,-13.53,,,-0.28,0.45,
4504.913,0.0502,KILIT,11.45,11.65,1009.86,-167.1,-15.67,11.05,-2.29,-0.0,998.76,-164.29,-13.48,0.2,-1.7,115.9,998.99,-164.8,-12.69,10.77,-2.69,0.79,115.9,-130.33,9.58,-15.42,,,0.03,0.05,
4504.963,0.0504,KILIT,11.44,11.65,1010.41,-167.22,-15.67,11.01,-2.29,-0.0,999.31,-164.42,-13.48,1.9,-2.5,116.7,999.48,-165.19,-12.69,10.88,-2.72,0.79,116.7,-130.99,7.76,-17.24,,,-0.15,0.25,
4505.014,0.0501,KILIT,11.47,11.68,1010.96,-167.33,-15.67,11.05,-2.31,-0.0,999.84,-164.55,-13.47,1.5,-3.4,117.1,1000.01,-165.46,-12.69,10.95,-3.23,0.78,117.1,-131.45,7.49,-17.51,,,-0.25,0.41,
4505.064,0.0501,KILIT,11.46,11.67,1011.51,-167.45,-15.67,11.03,-2.3,-0.0,1000.39,-164.68,-13.46,5.0,-4.3,117.4,1000.58,-165.44,-12.69,11.08,-2.7,0.77,117.4,-131.55,4.32,-20.68,,,-0.17,0.27,
4505.114,0.0501,KILIT,11.48,11.69,1012.07,-167.56,-15.67,11.07,-2.29,-0.0,1000.93,-164.8,-13.46,3.8,-5.3,117.5,1001.26,-165.0,-12.69,11.24,-2.12,0.77,117.5,-131.79,4.54,-20.46,,,0.2,0.32,
4505.164,0.0503,KILIT,11.49,11.7,1012.63,-167.68,-15.67,11.08,-2.31,-0.0,1001.48,-164.93,-13.45,7.4,-6.3,117.8,1001.69,-165.73,-12.69,11.19,-2.73,0.76,117.8,-132.04,1.24,-23.76,,,-0.2,0.32,
4505.214,0.0504,KILIT,11.5,11.71,1013.18,-167.79,-15.67,11.01,-2.28,-0.0,1002.01,-165.07,-13.44,7.0,-7.1,118.3,1002.32,-165.45,-12.69,11.33,-2.14,0.75,118.3,-132.49,1.04,-23.96,,,0.05,0.09,
4505.265,0.0502,KILIT,11.48,11.7,1013.71,-167.9,-15.67,10.87,-2.24,-0.0,1002.55,-165.19,-13.42,8.5,-7.9,118.8,1002.92,-165.22,-12.69,11.37,-1.54,0.74,118.8,-133.04,-0.5,-25.5,,,0.28,0.45,
4505.315,0.0501,KILIT,11.49,11.71,1014.24,-168.01,-15.67,10.82,-2.24,-0.0,1003.08,-165.3,-13.41,9.7,-8.5,119.0,1003.4,-165.62,-12.69,11.16,-1.98,0.72,119.0,-133.34,-1.74,-26.74,,,0.09,0.15,
4505.365,0.0501,KILIT,10.95,11.18,1014.79,-168.13,-15.67,10.87,-2.26,-0.0,1004.15,-165.56,-13.39,11.7,-9.7,119.9,1004.2,-166.02,-12.78,10.67,-2.33,0.66,119.9,-134.37,-3.35,-28.35,,,-0.06,0.1,
4505.415,0.0504,KILIT,11.51,11.74,1015.34,-168.24,-15.67,10.88,-2.28,-0.0,1004.15,-165.56,-13.39,11.7,-9.7,119.9,1004.37,-166.47,-12.69,10.79,-2.92,0.67,119.9,-134.31,-3.91,-28.91,,,-0.31,0.51,
4505.466,0.0507,KILIT,11.53,11.76,1015.87,-168.35,-15.67,10.75,-2.25,-0.0,1004.66,-165.67,-13.37,8.4,-10.2,120.5,1004.93,-166.41,-12.69,11.05,-3.26,0.68,120.5,-134.83,-1.83,-26.83,,,-0.21,0.34,
4505.516,0.0501,KILIT,11.54,11.77,1016.42,-168.46,-15.67,10.77,-2.23,-0.0,1005.19,-165.8,-13.35,10.6,-10.9,120.2,1005.57,-166.04,-12.69,11.18,-2.68,0.67,120.2,-134.6,-3.78,-28.78,,,0.1,0.17,
4505.566,0.0501,KILIT,11.57,11.8,1016.97,-168.57,-15.67,10.85,-2.22,-0.0,1005.71,-165.93,-13.34,9.4,-11.4,121.2,1006.25,-165.55,-12.69,11.33,-2.09,0.66,121.2,-135.46,-3.28,-28.28,,,0.5,0.82,
4505.616,0.0501,KILIT,11.62,11.86,1017.53,-168.69,-15.67,10.93,-2.24,-0.0,1006.21,-166.04,-13.32,10.0,-11.2,122.1,1006.78,-165.81,-12.69,11.57,-1.55,0.65,122.1,-136.3,-3.53,-28.53,,,0.41,0.66,
4505.666,0.0501,KILIT,11.64,11.88,1018.06,-168.81,-15.67,10.84,-2.26,-0.0,1006.72,-166.16,-13.31,11.0,-11.1,121.8,1007.09,-167.02,-12.69,11.48,-2.14,0.64,121.8,-136.0,-4.12,-29.12,,,-0.3,0.49,
4505.717,0.0501,KILIT,11.67,11.91,1018.6,-168.92,-15.67,10.85,-2.24,-0.0,1007.24,-166.28,-13.29,8.6,-11.0,121.8,1007.75,-166.53,-12.69,11.6,-2.19,0.6,121.8,-135.82,-2.31,-27.31,,,0.08,0.14,
4505.768,0.0512,KILIT,11.68,11.93,1019.13,-169.03,-15.67,10.68,-2.21,-0.0,1007.75,-166.38,-13.27,10.8,-10.5,123.0,1008.25,-166.81,-12.69,11.32,-2.74,0.58,123.0,-137.04,-3.4,-28.4,,,-0.02,0.04,
4505.818,0.0501,KILIT,11.71,11.96,1019.65,-169.14,-15.67,10.61,-2.21,-0.0,1008.24,-166.5,-13.25,7.4,-10.1,123.4,1008.73,-167.1,-12.69,11.18,-3.27,0.56,123.4,-137.2,-0.73,-25.73,,,-0.14,0.23,
4505.868,0.0501,KILIT,11.76,12.01,1020.19,-169.25,-15.67,10.65,-2.2,-0.0,1008.73,-166.63,-13.24,8.1,-10.2,123.5,1009.34,-166.89,-12.69,11.36,-2.7,0.55,123.5,-137.18,-1.28,-26.28,,,0.07,0.11,
4505.918,0.0501,KILIT,11.81,12.06,1020.74,-169.36,-15.67,10.76,-2.23,-0.0,1009.23,-166.73,-13.22,7.5,-9.8,125.2,1009.89,-167.01,-12.69,11.73,-2.23,0.53,119.2,-138.79,-0.57,-25.57,,,0.06,0.1,
4505.968,0.0504,KILIT,11.88,12.13,1021.3,-169.47,-15.67,10.85,-2.23,-0.0,1009.72,-166.85,-13.2,7.2,-8.6,125.6,1010.53,-166.7,-12.69,11.94,-1.66,0.52,119.5,-138.93,0.55,-24.45,,,0.34,0.55,
4506.019,0.0502,KILIT,11.94,12.2,1021.86,-169.59,-15.67,10.92,-2.27,-0.0,1010.21,-166.95,-13.17,7.2,-8.6,125.6,1010.91,-167.66,-12.69,11.91,-2.26,0.51,119.6,-138.95,0.63,-24.37,,,-0.21,0.34,
4506.069,0.0503,KILIT,12.02,12.28,1022.41,-169.71,-15.67,10.97,-2.31,-0.0,1010.69,-167.06,-13.15,4.2,-8.4,126.1,1011.37,-168.23,-12.69,11.87,-2.86,0.5,120.1,-139.45,2.75,-22.25,,,-0.51,0.83,
4506.119,0.0501,KILIT,12.09,12.35,1022.98,-169.83,-15.67,11.07,-2.31,-0.0,1011.19,-167.17,-13.13,6.0,-7.7,126.4,1012.06,-167.79,-12.69,12.38,-3.06,0.44,120.4,-139.56,2.13,-22.87,,,-0.14,0.23,
4506.169,0.0501,KILIT,12.16,12.43,1023.54,-169.94,-15.67,11.1,-2.27,-0.0,1011.67,-167.28,-13.11,4.1,-7.2,125.4,1012.83,-166.89,-12.69,12.52,-2.47,0.43,119.4,-138.51,3.79,-21.21,,,0.52,0.84,
4506.219,0.0501,KILIT,12.25,12.52,1024.1,-170.06,-15.67,11.1,-2.32,-0.0,1012.14,-167.39,-13.09,3.9,-6.7,124.5,1013.13,-168.22,-12.69,12.49,-3.07,0.42,118.5,-137.54,4.33,-20.67,,,-0.27,0.44,
4506.271,0.0517,KILIT,12.33,12.61,1024.65,-170.17,-15.67,10.98,-2.3,-0.0,1012.61,-167.5,-13.06,4.6,-5.9,124.6,1013.66,-168.45,-12.69,12.45,-3.69,0.39,118.4,-137.45,4.5,-20.5,,,-0.35,0.56,
4506.321,0.0501,KILIT,12.42,12.69,1025.21,-170.29,-15.67,11.04,-2.32,-0.0,1013.09,-167.6,-13.04,2.1,-5.1,124.0,1014.22,-168.59,-12.69,12.58,-4.18,0.35,118.0,-136.94,6.81,-18.19,,,-0.37,0.6,
4506.371,0.0502,KILIT,12.49,12.77,1025.76,-170.41,-15.67,11.03,-2.31,-0.0,1013.56,-167.72,-13.02,3.7,-4.3,123.1,1014.82,-168.48,-12.69,12.75,-3.6,0.33,117.1,-135.72,6.32,-18.68,,,-0.22,0.36,
4506.421,0.0501,KILIT,12.55,12.83,1026.3,-170.52,-15.67,10.93,-2.27,-0.0,1014.04,-167.81,-13.0,1.7,-3.3,122.9,1015.45,-168.1,-12.69,12.85,-3.01,0.33,116.9,-135.6,8.46,-16.54,,,0.1,0.16,
4506.471,0.0501,KILIT,12.06,12.35,1026.3,-170.52,-15.67,10.93,-2.27,-0.0,1014.52,-167.93,-12.98,2.2,-1.9,122.8,1015.45,-168.1,-12.69,12.44,-2.57,0.32,116.8,-135.18,9.68,-15.32,,,0.1,0.16,
4506.522,0.0505,KILIT,12.15,12.45,1026.85,-170.63,-15.67,9.29,-1.94,-0.0,1014.98,-168.02,-12.95,2.1,-0.9,122.1,1015.97,-168.37,-12.69,11.86,-2.4,0.3,116.0,-134.37,10.49,-14.51,,,-0.0,0.0,
4506.572,0.0501,KILIT,12.23,12.54,1027.4,-170.74,-15.67,9.81,-2.02,-0.0,1015.45,-168.13,-12.93,0.2,0.2,121.6,1016.69,-167.69,-12.69,11.75,-1.81,0.29,115.6,-133.88,12.62,-12.38,,,0.51,0.84,
4506.622,0.0504,KILIT,12.8,13.09,1027.96,-170.86,-15.67,10.18,-2.09,-0.0,1015.45,-168.13,-12.93,1.6,1.2,121.6,1017.22,-167.91,-12.69,12.23,-1.45,0.27,115.5,-133.48,11.75,-13.25,,,0.45,0.73,
4506.672,0.0501,KILIT,12.87,13.16,1028.51,-170.97,-15.67,10.42,-2.14,-0.0,1015.93,-168.23,-12.91,-1.1,1.6,121.1,1017.76,-168.06,-12.69,12.81,-1.29,0.24,121.1,-133.32,14.0,-11.0,,,0.42,0.69,
4506.723,0.0501,KILIT,12.96,13.25,1029.06,-171.09,-15.67,10.61,-2.19,-0.0,1016.4,-168.33,-12.89,-0.6,1.6,119.9,1018.24,-168.54,-12.69,13.02,-1.86,0.22,119.9,-132.01,13.63,-11.37,,,0.19,0.31,
4506.773,0.0501,KILIT,12.58,12.89,1029.61,-171.2,-15.67,10.74,-2.24,-0.0,1017.32,-168.54,-12.84,-1.2,1.7,120.3,1018.69,-169.17,-12.69,12.69,-2.36,0.2,120.3,-132.44,14.71,-10.29,,,-0.14,0.24,
4506.823,0.0502,KILIT,12.65,12.96,1030.16,-171.32,-15.67,10.81,-2.25,-0.0,1017.8,-168.65,-12.82,-3.1,1.6,120.7,1019.26,-169.19,-12.69,12.38,-2.87,0.17,120.7,-133.17,16.06,-8.94,,,-0.09,0.14,
4506.873,0.0503,KILIT,12.73,13.05,1030.72,-171.43,-15.67,10.88,-2.25,-0.0,1018.27,-168.76,-12.8,-2.0,0.9,120.4,1019.9,-168.9,-12.69,12.55,-2.3,0.13,120.4,-132.7,14.79,-10.21,,,0.18,0.29,
4506.924,0.0509,KILIT,12.93,13.25,1031.39,-171.57,-15.67,11.58,-2.42,-0.0,1018.75,-168.86,-12.78,-4.1,0.9,121.8,1020.44,-169.67,-12.69,12.8,-2.86,0.12,121.8,-134.52,16.17,-8.83,,,-0.23,0.38,
4506.974,0.0501,KILIT,13.57,13.87,1032.02,-171.7,-15.67,11.86,-2.47,-0.0,1018.75,-168.86,-12.78,-3.8,1.5,124.1,1021.1,-169.63,-12.69,13.36,-3.07,0.11,124.1,-136.68,15.73,-9.27,,,-0.12,0.19,
4507.024,0.0501,KILIT,13.07,13.4,1032.5,-171.81,-15.67,11.16,-2.34,-0.0,1019.71,-169.08,-12.74,-3.9,0.9,123.8,1021.51,-170.08,-12.69,13.15,-3.64,0.08,123.8,-136.43,15.98,-9.02,,,-0.35,0.56,
4507.075,0.0506,KILIT,13.6,13.91,1033.01,-171.92,-15.67,10.86,-2.29,-0.0,1019.71,-169.08,-12.74,-5.2,1.0,124.4,1022.0,-170.29,-12.69,13.53,-4.12,0.07,124.4,-137.28,16.45,-8.55,,,-0.42,0.68,
4507.125,0.0503,KILIT,13.13,13.46,1033.51,-172.02,-15.67,10.61,-2.23,-0.0,1020.67,-169.29,-12.71,-4.3,2.3,127.4,1022.54,-170.2,-12.69,12.99,-3.85,0.05,127.4,-139.97,17.24,-7.76,,,-0.29,0.48,
4507.178,0.0533,KILIT,13.18,13.51,1034.04,-172.13,-15.67,10.37,-2.17,-0.0,1021.14,-169.39,-12.7,-4.7,2.3,127.5,1023.15,-169.91,-12.69,12.77,-3.25,0.03,127.5,-140.15,17.48,-7.52,,,-0.04,0.06,
4507.229,0.0508,KILIT,13.24,13.57,1034.58,-172.24,-15.67,10.45,-2.16,-0.0,1021.62,-169.5,-12.69,-5.0,2.9,126.7,1023.83,-169.35,-12.69,12.82,-2.64,0.03,126.7,-139.27,18.15,-6.85,,,0.4,0.65,
4507.28,0.0504,KILIT,13.31,13.64,1035.12,-172.35,-15.67,10.54,-2.18,-0.0,1022.1,-169.6,-12.67,-3.7,4.9,129.7,1024.31,-169.78,-12.69,12.88,-2.04,-0.0,129.7,-141.75,18.84,-6.16,,,0.2,0.33,
4507.33,0.0504,KILIT,13.38,13.72,1035.67,-172.47,-15.67,10.64,-2.22,-0.0,1022.57,-169.71,-12.66,-4.1,5.5,130.9,1024.78,-170.25,-12.69,12.91,-2.64,-0.02,130.9,-142.97,19.53,-5.47,,,-0.03,0.05,
4507.38,0.0501,KILIT,13.94,14.26,1036.21,-172.58,-15.67,10.71,-2.23,-0.0,1022.57,-169.71,-12.66,-4.1,5.4,129.7,1025.33,-170.35,-12.69,13.48,-2.82,-0.03,129.7,-141.74,18.96,-6.04,,,-0.02,0.04,
4507.43,0.0501,KILIT,14.01,14.33,1036.77,-172.7,-15.67,10.82,-2.28,-0.0,1023.06,-169.81,-12.66,-2.8,6.4,132.5,1025.75,-171.09,-12.69,13.66,-3.39,-0.03,132.5,-144.15,18.95,-6.05,,,-0.43,0.7,
4507.481,0.0504,KILIT,13.58,13.91,1037.32,-172.82,-15.67,10.89,-2.29,-0.0,1024.04,-170.01,-12.64,-3.5,6.0,133.9,1026.37,-170.92,-12.69,13.08,-3.57,-0.05,133.9,-145.87,19.51,-5.49,,,-0.24,0.4,
4507.532,0.0514,KILIT,13.65,13.99,1037.88,-172.93,-15.67,10.86,-2.26,-0.0,1024.52,-170.11,-12.64,-3.6,5.8,132.9,1027.01,-170.61,-12.69,13.19,-2.97,-0.05,132.9,-144.89,19.32,-5.68,,,0.03,0.05,
4507.584,0.0524,KILIT,13.71,14.05,1038.43,-173.04,-15.67,10.76,-2.23,-0.0,1025.01,-170.23,-12.63,-2.5,6.5,135.2,1027.65,-170.34,-12.69,13.31,-2.35,-0.05,135.2,-146.76,19.31,-5.69,,,0.28,0.46,
4507.635,0.0501,KILIT,13.76,14.09,1038.98,-173.16,-15.67,10.82,-2.27,-0.0,1025.51,-170.33,-12.63,-3.3,6.4,136.8,1028.0,-171.37,-12.69,13.23,-2.94,-0.06,136.8,-148.71,19.64,-5.36,,,-0.31,0.51,
4507.685,0.0501,KILIT,14.03,14.36,1039.74,-173.32,-15.67,12.15,-2.57,-0.0,1026.01,-170.43,-12.62,-3.1,6.1,135.7,1028.71,-171.81,-12.69,13.57,-3.44,-0.06,135.7,-147.58,19.07,-5.93,,,-0.49,0.81,
4507.735,0.0504,KILIT,14.23,14.55,1040.43,-173.46,-15.67,12.57,-2.62,-0.0,1026.5,-170.54,-12.62,-2.3,6.6,137.5,1029.58,-171.08,-12.69,14.14,-3.25,-0.06,137.5,-149.1,18.94,-6.06,,,0.07,0.11,
4507.785,0.0504,KILIT,13.73,14.06,1040.43,-173.46,-15.67,12.57,-2.62,-0.0,1026.99,-170.65,-12.62,-3.3,6.4,139.4,1029.58,-171.08,-12.69,14.4,-2.7,-0.07,139.4,-151.36,19.72,-5.28,,,0.07,0.11,
4507.836,0.0501,KILIT,14.06,14.39,1041.28,-173.64,-15.67,11.33,-2.37,-0.0,1027.51,-170.76,-12.62,-2.5,6.1,138.5,1030.41,-171.33,-12.69,14.39,-2.58,-0.07,138.5,-150.22,18.77,-6.23,,,0.03,0.04,
4507.886,0.0501,KILIT,14.31,14.63,1042.01,-173.79,-15.67,12.31,-2.57,-0.0,1028.0,-170.87,-12.61,-2.1,6.7,139.7,1031.17,-171.33,-12.69,14.99,-2.55,-0.08,139.7,-151.23,18.96,-6.04,,,0.12,0.2,
4507.936,0.0501,KILIT,14.44,14.76,1042.66,-173.93,-15.67,12.53,-2.6,-0.0,1028.52,-170.98,-12.61,-3.2,6.9,141.4,1031.86,-171.32,-12.69,15.58,-2.42,-0.08,141.4,-153.3,19.56,-5.44,,,0.22,0.36,
4507.986,0.0501,KILIT,14.58,14.9,1043.28,-174.06,-15.67,12.51,-2.62,-0.0,1029.01,-171.09,-12.61,-2.5,6.9,141.0,1032.39,-171.88,-12.69,15.89,-2.93,-0.08,141.0,-152.65,19.13,-5.87,,,-0.06,0.1,
4508.036,0.0501,KILIT,14.67,14.99,1043.88,-174.18,-15.67,12.32,-2.53,-0.0,1029.51,-171.2,-12.61,-3.1,7.5,141.5,1033.21,-170.92,-12.69,16.12,-2.38,-0.08,141.5,-153.23,19.87,-5.13,,,0.64,1.05,
4508.086,0.0501,KILIT,14.73,15.04,1044.45,-174.29,-15.67,12.03,-2.47,-0.0,1030.02,-171.32,-12.61,-4.4,7.9,142.7,1033.72,-171.29,-12.69,16.27,-1.8,-0.08,142.7,-154.82,20.75,-4.25,,,0.48,0.78,
4508.136,0.0501,KILIT,14.77,15.08,1045.01,-174.42,-15.67,11.78,-2.46,-0.0,1030.55,-171.42,-12.61,-4.0,8.2,142.7,1034.07,-172.45,-12.69,16.09,-2.37,-0.08,142.7,-154.72,20.83,-4.17,,,-0.19,0.31,
4508.186,0.0501,KILIT,14.82,15.13,1045.56,-174.53,-15.67,11.58,-2.4,-0.0,1031.05,-171.54,-12.61,-5.4,8.9,142.9,1034.72,-172.13,-12.69,15.7,-2.83,-0.08,142.9,-155.3,22.01,-2.99,,,0.09,0.14,
4508.236,0.0502,KILIT,14.85,15.17,1046.12,-174.65,-15.67,11.42,-2.4,-0.0,1031.57,-171.65,-12.61,-6.6,9.6,143.7,1035.13,-172.94,-12.69,15.48,-3.39,-0.08,143.7,-156.57,23.08,-1.92,,,-0.36,0.59,
4508.286,0.0501,KILIT,14.89,15.2,1046.67,-174.77,-15.67,11.28,-2.4,-0.0,1032.08,-171.77,-12.61,-6.4,10.1,144.1,1035.56,-173.61,-12.69,15.27,-3.95,-0.08,144.1,-156.85,23.42,-1.58,,,-0.72,1.18,
4508.337,0.0501,KILIT,14.93,15.24,1047.22,-174.88,-15.67,11.21,-2.33,-0.0,1032.59,-171.88,-12.61,-7.7,10.7,144.1,1036.42,-172.25,-12.69,15.27,-3.35,-0.08,144.1,-157.31,24.44,-0.56,,,0.23,0.38,
4508.387,0.0501,KILIT,14.93,15.24,1047.75,-174.99,-15.67,11.03,-2.3,-0.02,1033.13,-171.98,-12.61,-8.1,11.1,144.6,1036.87,-172.75,-12.7,14.78,-2.99,-0.1,144.6,-158.06,24.95,-0.05,,,-0.02,0.03,
4508.437,0.0501,KILIT,14.94,15.25,1048.3,-175.1,-15.68,10.97,-2.26,-0.03,1033.66,-172.1,-12.61,-7.1,11.6,145.3,1037.58,-172.06,-12.7,14.83,-2.39,-0.11,145.3,-158.31,25.01,0.01,,,0.5,0.82,
4508.487,0.0501,KILIT,14.95,15.26,1048.84,-175.21,-15.68,10.95,-2.25,-0.03,1034.2,-172.21,-12.61,-7.6,11.9,145.4,1038.09,-172.33,-12.7,14.77,-1.8,-0.11,145.4,-158.63,25.46,0.46,,,0.4,0.65,
4508.537,0.0503,KILIT,14.41,14.74,1048.84,-175.21,-15.68,10.95,-2.25,-0.03,1034.72,-172.33,-12.61,-7.1,11.8,145.5,1038.09,-172.33,-12.7,14.21,-1.56,-0.12,145.5,-158.48,25.6,0.6,,,0.4,0.65,
4508.587,0.0501,KILIT,14.43,14.75,1049.39,-175.33,-15.68,9.3,-1.95,-0.02,1035.25,-172.45,-12.61,-5.7,11.7,146.2,1038.53,-172.97,-12.7,13.64,-1.76,-0.12,146.2,-158.63,24.97,-0.03,,,0.06,0.09,
4508.637,0.0501,KILIT,14.66,14.98,1050.15,-175.49,-15.68,11.09,-2.31,-0.02,1035.79,-172.56,-12.62,-6.0,11.1,146.7,1039.35,-172.88,-12.7,13.96,-2.27,-0.1,146.7,-159.34,24.29,-0.71,,,0.22,0.36,
4508.689,0.0513,KILIT,14.81,15.12,1050.84,-175.64,-15.68,11.75,-2.48,-0.02,1036.33,-172.67,-12.62,-5.7,10.3,146.4,1039.9,-173.64,-12.7,14.14,-2.85,-0.1,140.2,-158.96,23.34,-1.66,,,-0.18,0.3,
4508.739,0.0505,KILIT,14.22,14.55,1050.84,-175.64,-15.68,11.75,-2.48,-0.02,1036.9,-172.79,-12.62,-4.5,9.3,146.7,1039.9,-173.64,-12.7,13.67,-3.24,-0.1,140.6,-158.87,22.43,-2.57,,,-0.18,0.3,
4508.789,0.0501,KILIT,14.53,14.85,1051.69,-175.82,-15.68,10.76,-2.26,-0.01,1037.45,-172.89,-12.63,-4.9,8.0,147.6,1040.78,-173.68,-12.7,13.17,-3.35,-0.08,141.6,-160.09,21.05,-3.95,,,-0.09,0.15,
4508.839,0.0502,KILIT,13.98,14.31,1051.69,-175.82,-15.68,10.76,-2.26,-0.01,1037.99,-173.02,-12.63,-4.5,6.9,147.6,1040.78,-173.68,-12.7,12.59,-3.17,-0.08,141.6,-159.94,20.34,-4.66,,,-0.09,0.15,
4508.89,0.0509,KILIT,14.39,14.71,1052.64,-176.01,-15.68,10.35,-2.17,-0.01,1038.54,-173.12,-12.63,-3.0,5.6,147.3,1041.75,-173.8,-12.7,12.7,-2.8,-0.08,141.2,-159.26,18.27,-6.73,,,-0.04,0.06,
4508.941,0.0501,KILIT,14.64,14.95,1053.43,-176.18,-15.68,12.02,-2.51,-0.01,1039.09,-173.24,-12.64,-3.5,4.4,147.0,1042.56,-173.9,-12.7,13.3,-2.86,-0.08,141.0,-159.15,17.09,-7.91,,,0.0,0.01,
4508.991,0.0501,KILIT,14.76,15.07,1054.11,-176.32,-15.68,12.48,-2.62,-0.0,1039.65,-173.35,-12.64,-2.0,3.2,145.9,1043.19,-174.29,-12.7,13.84,-3.12,-0.08,139.9,-157.73,15.35,-9.65,,,-0.15,0.25,
4509.041,0.0501,KILIT,14.8,15.11,1054.72,-176.45,-15.68,12.35,-2.57,-0.0,1040.22,-173.46,-12.65,-0.8,2.0,144.5,1043.91,-173.84,-12.7,14.39,-2.86,-0.07,138.5,-156.14,13.72,-11.28,,,0.22,0.36,
4509.091,0.0501,KILIT,14.82,15.13,1055.3,-176.57,-15.68,12.13,-2.55,-0.0,1040.78,-173.58,-12.65,-1.4,1.0,143.3,1044.37,-174.56,-12.7,14.76,-3.34,-0.07,137.3,-155.14,13.05,-11.95,,,-0.17,0.28,
4509.141,0.0501,KILIT,14.85,15.15,1055.87,-176.69,-15.68,11.92,-2.5,-0.0,1041.33,-173.69,-12.66,0.9,0.3,142.2,1044.98,-174.49,-12.7,15.3,-3.34,-0.05,136.2,-153.67,11.37,-13.63,,,-0.05,0.07,
4509.191,0.0501,KILIT,14.86,15.16,1056.44,-176.81,-15.68,11.75,-2.47,-0.0,1041.89,-173.8,-12.66,0.2,-0.1,140.9,1045.54,-174.66,-12.7,15.02,-3.48,-0.04,134.9,-152.57,11.31,-13.69,,,-0.08,0.14,
4509.241,0.0504,KILIT,14.85,15.15,1057.0,-176.93,-15.68,11.56,-2.44,-0.0,1042.46,-173.93,-12.66,0.7,-0.4,139.5,1046.05,-175.03,-12.7,14.68,-3.98,-0.04,133.5,-151.08,10.81,-14.19,,,-0.25,0.4,
4509.291,0.0501,KILIT,14.87,15.17,1057.56,-177.04,-15.68,11.45,-2.38,-0.0,1043.0,-174.03,-12.66,1.6,-0.2,138.9,1046.8,-174.25,-12.7,14.76,-3.39,-0.04,132.9,-150.34,10.52,-14.48,,,0.34,0.55,
4509.342,0.0503,KILIT,14.85,15.15,1058.1,-177.15,-15.68,11.24,-2.33,-0.0,1043.56,-174.15,-12.67,0.1,0.5,137.3,1047.35,-174.3,-12.7,14.76,-2.78,-0.04,131.3,-148.9,11.84,-13.16,,,0.38,0.62,
4509.392,0.0502,KILIT,14.83,15.13,1058.64,-177.28,-15.68,11.12,-2.36,-0.0,1044.12,-174.27,-12.67,1.7,1.0,135.6,1047.59,-175.86,-12.7,14.54,-3.35,-0.04,129.6,-146.88,11.39,-13.61,,,-0.56,0.91,
4509.442,0.0501,KILIT,14.83,15.13,1059.2,-177.39,-15.68,11.1,-2.33,-0.0,1044.68,-174.37,-12.67,0.4,1.7,135.0,1048.29,-175.28,-12.7,14.03,-3.33,-0.03,129.0,-146.47,12.67,-12.33,,,-0.11,0.17,
4509.492,0.0501,KILIT,14.82,15.12,1059.75,-177.51,-15.68,11.08,-2.33,-0.0,1045.24,-174.5,-12.67,0.2,2.5,134.2,1048.85,-175.37,-12.7,13.99,-3.15,-0.03,128.2,-145.55,13.44,-11.56,,,-0.09,0.15,
4509.542,0.0502,KILIT,14.83,15.13,1060.31,-177.62,-15.68,11.08,-2.33,-0.0,1045.78,-174.62,-12.68,0.6,2.5,132.0,1049.38,-175.59,-12.7,13.96,-3.45,-0.02,126.0,-143.24,13.08,-11.92,,,-0.16,0.26,
4509.592,0.05,KILIT,14.83,15.13,1060.86,-177.73,-15.68,11.07,-2.3,-0.0,1046.34,-174.72,-12.68,-0.6,2.5,131.0,1050.11,-174.85,-12.7,14.08,-2.86,-0.02,125.0,-142.51,13.79,-11.21,,,0.39,0.64,
4509.642,0.0501,KILIT,14.26,14.57,1060.86,-177.73,-15.68,11.07,-2.3,-0.0,1046.9,-174.84,-12.68,0.7,2.7,130.8,1050.11,-174.85,-12.7,13.75,-2.36,-0.02,124.8,-142.0,13.59,-11.41,,,0.39,0.64,
4509.693,0.0503,KILIT,14.22,14.53,1061.39,-177.85,-15.68,9.34,-1.95,-0.0,1047.47,-174.95,-12.68,0.4,2.4,128.7,1050.59,-175.21,-12.7,13.17,-2.17,-0.02,122.7,-140.04,13.5,-11.5,,,0.23,0.37,
4509.743,0.0504,KILIT,14.43,14.74,1062.14,-178.0,-15.68,10.99,-2.27,-0.0,1048.01,-175.07,-12.69,-0.1,1.8,126.9,1051.42,-174.97,-12.7,13.34,-1.59,-0.02,120.9,-138.38,13.12,-11.88,,,0.49,0.8,
4509.793,0.0501,KILIT,13.85,14.17,1062.14,-178.0,-15.68,10.99,-2.27,-0.0,1048.58,-175.19,-12.69,1.6,1.8,127.2,1051.42,-174.97,-12.7,12.83,-1.28,-0.02,121.2,-138.36,12.48,-12.52,,,0.49,0.8,
4509.845,0.0519,KILIT,14.19,14.5,1063.04,-178.19,-15.68,10.33,-2.14,-0.0,1049.14,-175.32,-12.69,0.1,1.3,125.4,1052.28,-175.34,-12.7,12.35,-1.57,-0.01,119.2,-136.85,12.78,-12.22,,,0.37,0.6,
4509.896,0.0507,KILIT,14.4,14.7,1063.8,-178.35,-15.68,11.74,-2.43,-0.0,1049.7,-175.43,-12.69,1.3,-0.5,121.9,1053.06,-175.4,-12.7,12.96,-1.63,-0.01,115.8,-133.48,10.45,-14.55,,,0.44,0.72,
4509.946,0.0501,KILIT,13.83,14.15,1063.8,-178.35,-15.68,11.74,-2.43,-0.0,1050.25,-175.54,-12.7,1.7,-1.1,123.1,1053.06,-175.4,-12.7,12.78,-1.56,-0.0,117.1,-134.73,10.17,-14.83,,,0.44,0.72,
4509.996,0.0503,KILIT,14.19,14.5,1064.71,-178.54,-15.68,10.94,-2.28,-0.0,1050.81,-175.67,-12.7,0.0,-1.7,122.4,1053.91,-175.89,-12.7,12.96,-2.13,-0.0,116.4,-134.31,10.68,-14.32,,,0.24,0.39,
4510.047,0.0504,KILIT,14.41,14.72,1065.48,-178.7,-15.68,12.24,-2.57,-0.0,1051.36,-175.8,-12.7,2.0,-3.9,118.1,1054.57,-176.6,-12.7,13.3,-2.63,-0.0,112.1,-130.08,7.65,-17.35,,,-0.12,0.19,
4510.097,0.0501,KILIT,14.52,14.82,1066.15,-178.85,-15.68,12.6,-2.68,-0.0,1051.93,-175.91,-12.71,0.8,-4.9,117.7,1055.12,-177.31,-12.7,13.56,-3.17,-0.0,111.7,-129.97,7.82,-17.18,,,-0.48,0.79,
4510.147,0.0501,KILIT,14.6,14.89,1066.78,-178.98,-15.68,12.6,-2.67,-0.0,1052.49,-176.02,-12.71,1.5,-4.7,119.9,1055.84,-177.03,-12.7,14.04,-3.53,-0.0,113.9,-132.08,7.25,-17.75,,,-0.22,0.35,
4510.197,0.0501,KILIT,14.65,14.95,1067.38,-179.11,-15.68,12.41,-2.6,-0.0,1053.03,-176.14,-12.72,2.2,-6.1,116.3,1056.54,-176.67,-12.7,14.61,-3.32,0.0,110.3,-128.61,5.91,-19.09,,,0.1,0.16,
4510.247,0.0501,KILIT,14.69,14.98,1067.96,-179.23,-15.68,12.19,-2.55,-0.0,1053.58,-176.25,-12.72,1.9,-6.9,114.0,1057.13,-176.75,-12.7,15.14,-3.04,0.01,108.0,-126.48,5.79,-19.21,,,0.13,0.2,
4510.297,0.0502,KILIT,14.71,15.0,1068.53,-179.35,-15.68,11.91,-2.51,-0.0,1054.13,-176.36,-12.72,3.8,-5.6,116.4,1057.63,-177.22,-12.7,15.1,-3.64,0.01,110.4,-128.6,4.93,-20.07,,,-0.1,0.16,
4510.347,0.0501,KILIT,14.72,15.02,1069.1,-179.47,-15.68,11.74,-2.48,-0.0,1054.68,-176.49,-12.73,0.9,-4.9,114.2,1058.17,-177.45,-12.7,14.83,-4.04,0.03,108.2,-126.49,7.71,-17.29,,,-0.17,0.28,
4510.397,0.0501,KILIT,14.73,15.02,1069.64,-179.58,-15.68,11.45,-2.41,-0.0,1055.22,-176.59,-12.73,2.6,-4.8,109.7,1058.77,-177.28,-12.7,14.74,-3.44,0.03,103.7,-121.96,6.59,-18.41,,,0.01,0.02,
4510.448,0.0501,KILIT,14.7,14.99,1070.18,-179.69,-15.68,11.28,-2.35,-0.0,1055.79,-176.71,-12.73,1.9,-3.3,110.5,1059.4,-176.98,-12.7,14.7,-2.84,0.03,104.5,-122.56,7.98,-17.02,,,0.28,0.45,
4510.498,0.0501,KILIT,14.7,15.0,1070.73,-179.81,-15.68,11.19,-2.34,-0.0,1056.34,-176.81,-12.73,0.1,-1.6,110.9,1059.94,-177.16,-12.7,14.5,-2.28,0.03,104.9,-122.91,10.39,-14.61,,,0.24,0.39,
4510.548,0.0501,KILIT,14.71,15.0,1071.28,-179.92,-15.68,11.13,-2.31,-0.0,1056.88,-176.92,-12.74,1.3,-1.4,107.4,1060.53,-177.06,-12.7,14.46,-1.68,0.03,101.4,-119.29,9.48,-15.52,,,0.38,0.61,
4510.599,0.051,KILIT,14.16,14.47,1071.28,-179.92,-15.68,11.13,-2.31,-0.0,1057.42,-177.02,-12.74,-0.7,-0.6,106.8,1060.53,-177.06,-12.7,13.86,-1.56,0.03,100.7,-118.79,12.05,-12.95,,,0.38,0.61,
4510.649,0.0501,KILIT,14.3,14.6,1071.96,-180.07,-15.68,9.79,-2.06,-0.0,1057.96,-177.14,-12.74,-0.1,1.1,108.2,1061.13,-177.58,-12.7,13.31,-1.81,0.04,102.2,-119.83,12.25,-12.75,,,0.13,0.21,
4510.699,0.0501,KILIT,14.38,14.68,1072.58,-180.2,-15.68,10.6,-2.21,-0.0,1058.51,-177.24,-12.74,-1.4,1.0,104.9,1061.82,-177.38,-12.7,13.08,-1.72,0.04,98.9,-116.72,13.25,-11.75,,,0.34,0.56,
4510.749,0.0501,KILIT,14.41,14.71,1073.18,-180.33,-15.68,11.0,-2.32,-0.0,1059.08,-177.36,-12.74,-2.4,0.2,102.2,1062.28,-178.19,-12.7,13.1,-2.32,0.04,96.2,-114.26,13.8,-11.2,,,-0.1,0.16,
4510.804,0.0553,KILIT,14.88,15.17,1073.65,-180.42,-15.68,10.22,-2.15,-0.0,1059.08,-177.36,-12.74,-1.3,1.1,103.9,1062.75,-178.24,-12.7,13.39,-2.92,0.04,97.3,-115.7,12.82,-12.18,,,-0.07,0.11,
4510.854,0.0502,KILIT,14.84,15.13,1074.14,-180.53,-15.68,10.1,-2.14,-0.0,1059.62,-177.46,-12.74,-1.3,1.1,103.9,1063.18,-178.68,-12.7,13.34,-3.52,0.04,97.9,-115.76,12.85,-12.15,,,-0.29,0.47,
4510.905,0.0501,KILIT,14.79,15.08,1074.64,-180.63,-15.68,10.07,-2.12,-0.0,1060.17,-177.58,-12.73,-2.7,0.3,101.5,1063.76,-178.37,-12.7,13.26,-3.05,0.03,95.5,-113.6,13.88,-11.12,,,-0.02,0.03,
4510.955,0.0502,KILIT,14.78,15.07,1075.17,-180.74,-15.68,10.2,-2.15,-0.0,1060.71,-177.68,-12.73,-1.8,-1.5,97.3,1064.33,-178.33,-12.7,13.4,-2.54,0.03,91.3,-109.67,12.49,-12.51,,,0.08,0.14,
4511.005,0.0504,KILIT,14.21,14.51,1075.17,-180.74,-15.68,10.2,-2.15,-0.0,1061.27,-177.79,-12.73,-0.8,-1.0,99.2,1064.33,-178.33,-12.7,12.81,-2.44,0.03,93.1,-111.45,12.11,-12.89,,,0.08,0.14,
4511.056,0.0504,KILIT,14.19,14.49,1075.7,-180.86,-15.68,8.74,-1.84,-0.0,1061.83,-177.89,-12.74,-0.9,-1.4,97.6,1064.85,-178.51,-12.7,12.2,-2.4,0.03,91.6,-110.01,12.08,-12.92,,,0.03,0.06,
4511.106,0.0504,KILIT,14.42,14.72,1076.46,-181.02,-15.68,10.63,-2.22,-0.0,1062.36,-178.01,-12.74,-0.3,-1.9,94.5,1065.7,-178.23,-12.7,12.64,-1.98,0.03,88.5,-106.91,11.26,-13.74,,,0.32,0.53,
4511.156,0.0501,KILIT,13.86,14.17,1076.46,-181.02,-15.68,10.63,-2.22,-0.0,1062.91,-178.11,-12.74,1.7,-1.0,95.7,1065.7,-178.23,-12.7,12.14,-1.65,0.03,89.7,-107.9,10.05,-14.95,,,0.32,0.53,
4511.208,0.0515,KILIT,14.23,14.53,1077.37,-181.2,-15.68,10.11,-2.1,-0.0,1063.45,-178.23,-12.74,0.3,-0.8,94.2,1066.6,-178.4,-12.7,12.43,-1.5,0.04,88.0,-106.39,11.16,-13.84,,,0.34,0.55,
4511.258,0.0501,KILIT,13.66,13.97,1077.37,-181.2,-15.68,10.11,-2.1,-0.0,1064.01,-178.33,-12.74,2.8,-1.8,90.3,1066.6,-178.4,-12.7,11.83,-1.44,0.04,84.3,-102.69,9.02,-15.98,,,0.34,0.55,
4511.309,0.0514,KILIT,14.12,14.42,1078.35,-181.42,-15.68,9.98,-2.11,-0.0,1064.55,-178.43,-12.74,3.0,-1.6,90.8,1067.49,-179.09,-12.7,11.86,-2.06,0.04,84.6,-103.21,8.48,-16.52,,,0.02,0.03,
4511.359,0.0501,KILIT,13.56,13.87,1078.35,-181.42,-15.68,9.98,-2.11,-0.0,1065.1,-178.54,-12.74,2.8,-1.3,91.6,1067.49,-179.09,-12.7,11.32,-2.33,0.04,85.6,-103.99,9.21,-15.79,,,0.02,0.03,
4511.409,0.0501,KILIT,13.84,14.15,1079.16,-181.59,-15.68,9.43,-2.0,-0.0,1065.64,-178.65,-12.73,5.9,-2.3,87.4,1068.3,-179.29,-12.7,10.99,-2.83,0.03,81.4,-99.98,5.83,-19.17,,,0.0,0.0,
4511.46,0.0507,KILIT,14.23,14.53,1080.09,-181.79,-15.68,12.1,-2.56,-0.0,1066.19,-178.76,-12.73,5.1,-2.7,86.3,1069.25,-179.38,-12.7,11.59,-2.91,0.03,80.2,-99.0,6.26,-18.74,,,0.07,0.11,
4511.51,0.0501,KILIT,14.49,14.78,1080.87,-181.95,-15.68,13.13,-2.76,-0.0,1066.72,-178.86,-12.73,7.9,-1.8,88.1,1070.09,-179.24,-12.7,12.19,-2.9,0.03,82.1,-100.57,3.42,-21.58,,,0.26,0.43,
4511.56,0.0501,KILIT,13.92,14.23,1080.87,-181.95,-15.68,13.13,-2.76,-0.0,1067.27,-178.97,-12.73,6.4,-1.8,85.7,1070.09,-179.24,-12.7,12.78,-2.8,0.03,79.7,-98.28,5.37,-19.63,,,0.26,0.43,
4511.61,0.0502,KILIT,14.09,14.39,1081.56,-182.09,-15.68,11.23,-2.35,-0.0,1067.8,-179.06,-12.73,8.3,-1.7,81.7,1070.78,-179.37,-12.7,13.3,-2.49,0.03,75.7,-94.38,3.43,-21.57,,,0.28,0.45,
4511.661,0.0501,KILIT,14.15,14.46,1082.17,-182.22,-15.68,11.51,-2.44,-0.0,1068.35,-179.16,-12.72,9.4,-0.7,82.6,1071.24,-180.22,-12.7,13.38,-3.08,0.02,76.6,-95.13,2.39,-22.61,,,-0.19,0.31,
4511.711,0.0501,KILIT,14.44,14.74,1082.98,-182.39,-15.68,12.91,-2.71,-0.0,1068.88,-179.27,-12.72,6.8,0.4,82.6,1072.15,-179.87,-12.7,13.98,-3.13,0.02,76.6,-94.91,4.85,-20.15,,,0.15,0.24,
4511.761,0.0501,KILIT,14.59,14.89,1083.66,-182.54,-15.68,13.14,-2.79,-0.0,1069.42,-179.37,-12.72,7.8,0.4,79.6,1072.72,-180.56,-12.7,14.43,-3.52,0.02,73.6,-92.02,3.69,-21.31,,,-0.21,0.34,
4511.811,0.0501,KILIT,14.69,14.98,1084.28,-182.67,-15.68,12.89,-2.72,-0.0,1069.94,-179.47,-12.72,5.7,1.2,78.0,1073.39,-180.48,-12.7,14.99,-3.73,0.02,72.0,-90.32,5.7,-19.3,-4167.9,-176.8,-0.07,0.11,
4511.861,0.0506,KILIT,14.74,15.03,1084.87,-182.79,-15.68,12.54,-2.65,-0.0,1070.49,-179.57,-12.71,6.5,1.9,78.8,1073.98,-180.59,-12.7,15.57,-3.93,0.01,72.7,-91.03,4.94,-20.06,-7906.3,-466.5,-0.06,0.1,
4511.911,0.0501,KILIT,14.81,15.11,1085.45,-182.92,-15.68,12.28,-2.62,-0.0,1071.0,-179.67,-12.71,3.5,1.9,77.5,1074.47,-181.17,-12.7,15.6,-4.53,0.01,71.5,-89.79,7.84,-17.16,-2389.5,-93.7,-0.36,0.59,
4511.962,0.0501,KILIT,14.87,15.17,1086.03,-183.04,-15.68,12.03,-2.55,-0.0,1071.52,-179.77,-12.71,3.4,1.7,74.2,1075.12,-180.94,-12.7,15.7,-4.04,0.01,68.2,-86.6,7.8,-17.2,-1168.4,92.2,-0.13,0.21,
4512.012,0.0501,KILIT,14.91,15.2,1086.6,-183.16,-15.68,11.85,-2.48,-0.0,1072.06,-179.88,-12.7,2.9,2.5,74.9,1075.84,-180.35,-12.7,15.76,-3.44,0.0,68.9,-87.12,8.29,-16.71,-1233.6,67.5,0.33,0.54,
4512.062,0.0503,KILIT,14.38,14.68,1086.6,-183.16,-15.68,11.85,-2.48,-0.0,1072.58,-179.97,-12.7,-0.4,3.1,74.0,1075.84,-180.35,-12.7,15.35,-2.99,0.0,68.0,-86.16,11.92,-13.08,-788.7,58.9,0.33,0.54,
4512.112,0.0501,KILIT,14.41,14.72,1087.16,-183.28,-15.68,9.97,-2.1,-0.0,1073.11,-180.07,-12.7,0.1,2.2,70.1,1076.35,-180.72,-12.7,14.76,-2.86,0.0,64.1,-82.52,11.31,-13.69,-495.5,136.3,0.17,0.28,
4512.162,0.0501,KILIT,14.67,14.98,1087.94,-183.44,-15.68,11.64,-2.44,-0.0,1073.63,-180.19,-12.69,-2.8,2.2,70.0,1077.21,-180.48,-12.7,14.89,-2.27,-0.01,64.0,-82.27,14.01,-10.99,-405.9,116.0,0.43,0.7,
4512.213,0.0508,KILIT,14.86,15.15,1088.63,-183.59,-15.68,12.24,-2.58,-0.0,1074.15,-180.28,-12.69,-3.6,3.3,71.4,1077.78,-181.2,-12.7,15.16,-2.82,-0.01,65.3,-83.52,14.61,-10.39,-459.2,92.1,0.06,0.09,
4512.263,0.0501,KILIT,14.96,15.26,1089.27,-183.72,-15.68,12.37,-2.58,-0.0,1074.68,-180.4,-12.69,-4.6,1.5,66.9,1078.54,-180.75,-12.7,15.66,-2.49,-0.01,60.9,-79.21,15.55,-9.45,-249.8,139.6,0.44,0.71,
4512.313,0.0501,KILIT,14.43,14.74,1089.27,-183.72,-15.68,12.37,-2.58,-0.0,1075.2,-180.5,-12.69,-6.2,0.4,65.7,1078.54,-180.75,-12.7,15.14,-2.18,-0.01,59.7,-78.17,17.7,-7.3,-188.4,134.8,0.44,0.71,
4512.363,0.0501,KILIT,14.73,15.03,1090.09,-183.89,-15.68,11.12,-2.34,-0.0,1075.73,-180.6,-12.69,-6.7,0.6,66.7,1079.3,-181.23,-12.7,14.68,-2.56,-0.01,60.7,-79.18,17.95,-7.05,-212.8,123.8,0.23,0.38,
4512.414,0.0501,KILIT,14.2,14.51,1090.09,-183.89,-15.68,11.12,-2.34,-0.0,1076.25,-180.71,-12.69,-7.0,-1.3,63.4,1079.3,-181.23,-12.7,14.08,-2.58,-0.01,57.4,-76.17,19.0,-6.0,-126.6,143.0,0.23,0.38,
4512.464,0.0504,KILIT,14.61,14.92,1091.03,-184.09,-15.68,10.6,-2.23,-0.0,1076.79,-180.82,-12.69,-8.1,-2.3,62.0,1080.23,-181.48,-12.7,13.56,-2.89,-0.01,56.0,-74.81,19.98,-5.02,-90.9,146.9,0.2,0.33,
4512.514,0.0501,KILIT,14.07,14.39,1091.03,-184.09,-15.68,10.6,-2.23,-0.0,1077.32,-180.93,-12.69,-8.4,-2.8,61.9,1080.23,-181.48,-12.7,12.97,-2.79,-0.01,55.9,-74.83,20.83,-4.17,-84.0,142.0,0.2,0.33,
4512.565,0.0514,KILIT,14.33,14.63,1091.82,-184.26,-15.68,9.75,-2.05,-0.0,1077.86,-181.04,-12.69,-7.2,-4.2,59.3,1080.99,-181.76,-12.7,12.36,-2.87,-0.01,53.1,-72.54,19.92,-5.08,-53.9,161.0,0.13,0.22,
4512.616,0.0501,KILIT,14.48,14.79,1092.51,-184.4,-15.68,10.97,-2.3,-0.0,1078.4,-181.15,-12.69,-7.9,-4.5,57.9,1081.73,-181.71,-12.7,12.95,-2.76,-0.01,51.9,-71.06,20.6,-4.4,-27.8,165.2,0.26,0.42,
4512.666,0.05,KILIT,14.57,14.88,1093.14,-184.53,-15.68,11.44,-2.39,-0.0,1078.94,-181.25,-12.69,-7.0,-4.1,57.9,1082.37,-181.76,-12.7,13.54,-2.69,-0.01,51.9,-71.12,19.54,-5.46,-35.5,170.5,0.31,0.51,
4512.716,0.0501,KILIT,14.65,14.96,1093.74,-184.66,-15.68,11.6,-2.46,-0.0,1079.46,-181.37,-12.69,-5.5,-4.5,55.4,1082.83,-182.57,-12.7,13.76,-3.25,-0.01,49.4,-68.76,18.29,-6.71,-11.7,187.9,-0.13,0.21,
4512.767,0.0517,KILIT,14.68,14.98,1094.32,-184.79,-15.68,11.51,-2.43,-0.0,1080.02,-181.49,-12.69,-5.6,-4.1,53.5,1083.46,-182.48,-12.7,14.23,-3.66,-0.01,47.3,-66.69,18.28,-6.72,13.0,195.8,0.01,0.02,
4512.817,0.0501,KILIT,14.71,15.01,1094.89,-184.91,-15.68,11.45,-2.43,-0.0,1080.56,-181.59,-12.69,-4.5,-3.0,53.6,1080.67,-182.14,-11.8,13.64,-3.59,0.04,47.6,-66.76,16.81,-8.19,4.5,203.2,-0.15,0.24,
4512.869,0.0511,KILIT,14.72,15.02,1095.45,-185.02,-15.68,11.3,-2.38,-0.0,1081.11,-181.71,-12.69,-3.3,-3.0,50.9,1081.28,-181.98,-11.8,13.04,-3.44,0.1,44.8,-64.13,15.76,-9.24,28.8,216.9,0.03,0.05,
4512.919,0.0507,KILIT,15.29,15.58,1096.01,-185.14,-15.68,11.2,-2.34,-0.0,1081.11,-181.71,-12.69,-4.0,-2.4,48.7,1082.0,-181.7,-11.82,12.53,-3.13,0.19,42.6,-61.63,15.73,-9.27,53.3,223.5,0.3,0.49,
4512.97,0.0509,KILIT,14.75,15.05,1096.57,-185.26,-15.68,11.15,-2.33,-0.0,1082.2,-181.93,-12.69,-2.9,-0.7,49.4,1082.64,-181.77,-11.84,11.99,-2.84,0.27,43.3,-62.25,14.35,-10.65,41.9,229.0,0.35,0.57,
4513.02,0.0502,KILIT,14.78,15.08,1097.12,-185.38,-15.68,11.11,-2.38,-0.0,1082.73,-182.03,-12.69,-2.8,-0.6,46.5,1082.95,-183.39,-11.86,11.51,-3.2,0.34,40.5,-59.39,14.16,-10.84,67.6,236.1,-0.63,1.02,
4513.071,0.0503,KILIT,14.78,15.08,1097.67,-185.49,-15.68,11.07,-2.33,-0.0,1083.28,-182.14,-12.69,-3.1,-0.2,43.5,1083.8,-182.47,-11.88,11.0,-2.9,0.46,37.5,-56.26,14.13,-10.87,92.9,241.8,0.06,0.1,
4513.121,0.0501,KILIT,14.79,15.09,1098.22,-185.61,-15.68,11.05,-2.32,-0.0,1083.82,-182.24,-12.69,-1.4,1.9,45.1,1084.45,-182.45,-11.9,10.67,-2.42,0.6,39.1,-57.8,11.61,-13.39,72.6,251.4,0.16,0.26,
4513.171,0.0501,KILIT,15.0,15.3,1098.99,-185.77,-15.68,12.32,-2.59,-0.0,1084.38,-182.36,-12.69,-1.9,2.4,42.5,1085.28,-182.66,-11.91,11.27,-2.43,0.65,36.5,-55.06,11.47,-13.53,94.2,256.0,0.14,0.23,
4513.221,0.0501,KILIT,15.14,15.44,1099.67,-185.92,-15.68,12.67,-2.7,-0.0,1084.92,-182.47,-12.68,-0.8,2.0,38.0,1085.86,-183.63,-11.93,11.59,-2.93,0.67,32.0,-50.78,10.57,-14.43,122.1,265.1,-0.39,0.64,
4513.271,0.0501,KILIT,15.23,15.52,1100.3,-186.05,-15.68,12.64,-2.71,-0.0,1085.47,-182.58,-12.68,1.2,4.0,40.4,1086.51,-184.03,-11.95,11.91,-3.44,0.68,34.4,-53.13,7.8,-17.2,98.5,275.9,-0.56,0.92,
4513.321,0.0501,KILIT,14.67,14.97,1100.3,-186.05,-15.68,12.64,-2.71,-0.0,1086.02,-182.69,-12.68,0.2,5.1,38.7,1086.58,-184.05,-11.97,11.93,-4.05,0.69,32.7,-51.28,8.24,-16.76,113.1,275.3,-0.56,0.92,
4513.372,0.0504,KILIT,14.95,15.25,1101.11,-186.23,-15.68,11.28,-2.42,-0.0,1086.56,-182.81,-12.67,1.8,4.9,34.0,1087.49,-184.1,-11.99,12.03,-4.45,0.68,27.9,-46.77,6.73,-18.27,139.0,285.3,-0.47,0.77,
4513.422,0.0501,KILIT,15.08,15.38,1101.79,-186.37,-15.68,11.99,-2.56,-0.0,1087.11,-182.92,-12.66,2.5,6.2,36.0,1088.33,-183.87,-12.01,12.52,-4.11,0.67,30.0,-48.65,5.37,-19.63,124.1,290.6,-0.22,0.36,
4513.472,0.0501,KILIT,14.52,14.84,1101.79,-186.37,-15.68,11.99,-2.56,-0.0,1087.66,-183.03,-12.65,1.4,8.1,35.9,1088.4,-183.89,-12.03,12.26,-3.57,0.64,29.9,-48.33,5.39,-19.61,126.3,290.7,-0.22,0.36,
4513.522,0.0501,KILIT,14.62,14.94,1102.42,-186.5,-15.68,10.28,-2.18,-0.0,1088.19,-183.15,-12.64,1.7,7.7,31.3,1089.14,-183.85,-12.05,11.87,-3.11,0.62,25.3,-43.83,5.04,-19.96,153.1,294.2,-0.1,0.16,
4513.574,0.0517,KILIT,14.92,15.23,1103.25,-186.68,-15.68,12.02,-2.56,-0.0,1088.73,-183.27,-12.63,-0.2,7.9,30.1,1090.0,-184.28,-12.07,12.46,-3.27,0.6,23.9,-42.49,5.9,-19.1,162.0,291.0,-0.25,0.41,
4513.624,0.0502,KILIT,15.1,15.41,1103.97,-186.83,-15.68,12.68,-2.7,-0.0,1089.27,-183.38,-12.62,1.5,9.2,32.2,1090.83,-184.23,-12.09,13.07,-3.26,0.59,26.2,-44.57,3.89,-21.11,146.7,299.2,-0.12,0.19,
4513.674,0.0501,KILIT,14.56,14.88,1103.97,-186.83,-15.68,12.68,-2.7,-0.0,1089.8,-183.5,-12.6,-1.3,8.4,29.5,1090.9,-184.25,-12.11,13.49,-2.92,0.49,23.5,-41.75,6.6,-18.4,167.0,288.4,-0.12,0.19,
4513.724,0.0503,KILIT,14.67,14.99,1104.61,-186.97,-15.68,10.8,-2.29,-0.0,1090.33,-183.62,-12.59,-0.8,7.3,25.3,1091.64,-184.29,-12.13,12.95,-2.65,0.48,19.3,-37.7,6.64,-18.36,187.0,289.8,-0.04,0.07,
4513.775,0.0505,KILIT,14.97,15.29,1105.45,-187.14,-15.68,12.52,-2.63,-0.0,1090.87,-183.75,-12.57,0.3,7.4,26.0,1092.65,-183.97,-12.15,13.49,-2.37,0.46,19.9,-38.4,5.78,-19.22,182.6,293.0,0.29,0.47,
4513.825,0.0501,KILIT,14.43,14.76,1105.45,-187.14,-15.68,12.52,-2.63,-0.0,1091.4,-183.86,-12.55,-1.8,7.2,25.9,1092.72,-183.99,-12.17,13.59,-1.78,0.42,19.9,-38.12,7.73,-17.27,186.5,285.3,0.29,0.47,
4513.875,0.0501,KILIT,14.61,14.94,1106.16,-187.29,-15.68,10.91,-2.3,-0.0,1091.94,-183.98,-12.53,-0.7,5.1,22.2,1093.49,-184.26,-12.19,12.99,-1.77,0.36,16.2,-34.7,8.39,-16.61,202.5,284.1,0.22,0.36,
4513.925,0.0505,KILIT,14.98,15.31,1107.04,-187.48,-15.68,12.86,-2.72,-0.0,1092.45,-184.1,-12.51,-1.9,4.0,20.5,1094.37,-184.78,-12.21,13.5,-2.11,0.35,14.4,-32.88,9.64,-15.36,211.4,280.2,0.01,0.02,
4513.976,0.0502,KILIT,15.2,15.53,1107.79,-187.64,-15.68,13.46,-2.84,-0.0,1092.98,-184.23,-12.49,0.3,3.9,22.4,1095.23,-184.77,-12.23,14.07,-2.28,0.34,16.4,-34.98,8.49,-16.51,201.5,283.6,0.14,0.22,
4514.027,0.051,KILIT,14.65,15.0,1107.79,-187.64,-15.68,13.46,-2.84,-0.0,1093.51,-184.36,-12.47,0.1,2.1,20.4,1095.3,-184.78,-12.25,14.63,-2.53,0.29,14.3,-33.1,10.55,-14.45,211.4,276.8,0.14,0.22,
4514.077,0.0501,KILIT,14.78,15.13,1108.45,-187.78,-15.68,11.4,-2.41,-0.0,1094.04,-184.49,-12.45,2.1,0.7,16.5,1096.02,-185.03,-12.27,14.07,-2.74,0.22,10.5,-29.64,10.68,-14.32,225.0,277.7,0.08,0.12,
4514.127,0.0504,KILIT,14.89,15.24,1109.07,-187.91,-15.68,11.66,-2.45,-0.0,1094.55,-184.6,-12.43,3.5,0.2,16.7,1096.75,-184.99,-12.29,14.57,-2.44,0.14,10.6,-30.11,10.4,-14.6,223.0,278.5,0.19,0.32,
4514.178,0.0509,KILIT,15.18,15.53,1109.88,-188.08,-15.68,12.94,-2.74,-0.0,1095.08,-184.72,-12.42,2.0,-0.5,15.7,1097.55,-185.54,-12.31,15.02,-2.85,0.14,9.6,-28.92,11.6,-13.4,228.5,274.8,-0.04,0.07,
4514.228,0.0503,KILIT,14.63,15.0,1109.88,-188.08,-15.68,12.94,-2.74,-0.0,1095.61,-184.85,-12.4,4.8,-2.2,11.8,1097.63,-185.56,-12.33,14.8,-3.41,0.09,5.8,-25.82,12.58,-12.42,240.3,272.6,-0.04,0.07,
4514.28,0.0516,KILIT,15.04,15.4,1110.81,-188.28,-15.68,11.77,-2.49,-0.0,1096.13,-184.97,-12.38,3.1,-3.3,11.3,1098.62,-185.78,-12.35,14.99,-3.65,0.03,5.1,-25.07,14.09,-10.91,243.9,267.9,-0.05,0.09,
4514.33,0.0505,KILIT,14.49,14.87,1110.81,-188.28,-15.68,11.77,-2.49,-0.0,1096.67,-185.09,-12.36,3.6,-3.3,12.7,1098.69,-185.8,-12.37,14.41,-3.5,0.02,6.6,-26.64,14.29,-10.71,238.6,266.7,-0.05,0.09,
4514.381,0.0501,KILIT,14.76,15.13,1111.58,-188.44,-15.68,10.55,-2.24,-0.0,1097.18,-185.2,-12.34,3.7,-4.9,8.3,1099.53,-186.02,-12.39,13.81,-3.41,-0.01,2.3,-22.49,15.93,-9.07,253.5,262.9,-0.09,0.14,
4514.431,0.0501,KILIT,14.91,15.28,1112.26,-188.58,-15.68,11.48,-2.43,-0.0,1097.72,-185.32,-12.33,2.5,-6.1,5.8,1100.34,-185.92,-12.41,14.29,-3.05,-0.04,-0.2,-19.77,17.61,-7.39,262.9,258.6,0.09,0.14,
4514.481,0.0501,KILIT,15.14,15.51,1113.01,-188.75,-15.68,12.53,-2.69,-0.0,1098.24,-185.45,-12.31,2.0,-5.6,7.7,1100.97,-187.0,-12.43,14.58,-3.58,-0.06,1.7,-21.41,17.07,-7.93,257.5,259.7,-0.51,0.82,
4514.532,0.0508,KILIT,15.38,15.75,1113.79,-188.91,-15.68,13.34,-2.85,-0.0,1098.78,-185.56,-12.3,1.4,-6.6,4.3,1101.9,-186.76,-12.44,15.15,-3.78,-0.07,-1.8,-17.89,18.28,-6.72,268.9,257.1,-0.23,0.38,
4514.582,0.0504,KILIT,15.53,15.89,1114.47,-189.06,-15.68,13.41,-2.86,-0.0,1099.32,-185.68,-12.29,0.3,-6.7,1.4,1102.67,-186.86,-12.46,15.74,-3.9,-0.1,-4.7,-14.53,18.74,-6.26,279.0,256.6,-0.19,0.31,
4514.632,0.0501,KILIT,14.97,15.35,1114.47,-189.06,-15.68,13.41,-2.86,-0.0,1099.86,-185.79,-12.29,-0.3,-6.4,1.9,1102.74,-186.87,-12.48,16.26,-4.01,-0.19,-4.1,-14.88,19.02,-5.98,278.1,255.7,-0.19,0.31,
4514.684,0.0515,KILIT,15.04,15.42,1115.08,-189.19,-15.68,11.18,-2.38,-0.0,1100.4,-185.9,-12.28,-0.0,-7.0,-0.6,1103.45,-186.91,-12.5,15.68,-3.77,-0.2,-6.8,-12.46,19.58,-5.42,285.3,254.5,-0.12,0.2,
4514.734,0.0501,KILIT,15.33,15.7,1115.88,-189.37,-15.68,12.64,-2.73,-0.0,1100.93,-186.01,-12.27,-1.7,-7.0,-2.8,1104.19,-187.7,-12.52,15.89,-4.33,-0.22,-8.8,-9.6,19.73,-5.27,293.4,254.6,-0.51,0.83,
4514.784,0.0501,KILIT,14.76,15.15,1115.88,-189.37,-15.68,12.64,-2.73,-0.0,1101.48,-186.14,-12.27,-1.2,-7.0,-2.7,1104.26,-187.71,-12.54,15.37,-4.63,-0.24,-8.7,-9.85,20.11,-4.89,292.8,253.4,-0.51,0.83,
4514.834,0.0501,KILIT,14.92,15.31,1116.57,-189.5,-15.68,10.9,-2.32,-0.0,1102.01,-186.25,-12.26,-1.7,-8.1,-4.5,1105.12,-187.41,-12.56,14.97,-4.19,-0.26,-10.5,-7.8,21.17,-3.83,298.7,250.6,-0.21,0.34,
4514.884,0.05,KILIT,15.57,15.94,1117.21,-189.64,-15.68,11.44,-2.46,-0.0,1102.01,-186.25,-12.26,-1.7,-8.1,-4.5,1105.74,-187.97,-12.58,15.48,-4.5,-0.28,-10.5,-7.79,20.64,-4.36,298.6,252.2,-0.47,0.77,
4514.934,0.0501,KILIT,15.62,15.99,1117.81,-189.77,-15.68,11.61,-2.48,-0.0,1102.56,-186.37,-12.26,-2.1,-8.8,-7.8,1106.49,-187.76,-12.6,16.01,-4.21,-0.31,-12.6,-4.18,21.28,-3.72,308.6,250.7,-0.25,0.4,
4514.984,0.0504,KILIT,15.67,16.04,1118.4,-189.89,-15.68,11.64,-2.48,-0.0,1103.1,-186.48,-12.26,-2.1,-8.8,-7.8,1107.2,-187.65,-12.62,16.39,-3.75,-0.33,-12.6,-4.19,21.25,-3.75,308.6,250.8,-0.09,0.14,
4515.035,0.0501,KILIT,15.69,16.06,1118.97,-190.02,-15.68,11.55,-2.47,-0.0,1103.65,-186.59,-12.25,-2.9,-9.5,-8.7,1107.81,-187.95,-12.64,16.66,-3.71,-0.39,-12.6,-2.95,21.98,-3.02,312.0,248.7,-0.19,0.31,
4515.085,0.05,KILIT,15.72,16.09,1119.54,-190.14,-15.68,11.5,-2.46,-0.0,1104.19,-186.71,-12.25,-2.9,-9.9,-11.3,1108.46,-188.02,-12.66,16.62,-3.52,-0.41,-11.3,-0.18,22.24,-2.76,319.5,248.0,-0.15,0.24,
4515.135,0.0501,KILIT,15.16,15.54,1120.1,-190.25,-15.68,11.42,-2.4,-0.0,1105.3,-186.96,-12.25,-3.5,-10.4,-12.0,1109.3,-187.19,-12.68,16.41,-2.96,-0.41,-12.0,0.93,23.14,-1.86,322.5,245.4,0.48,0.78,
4515.185,0.0501,KILIT,15.73,16.1,1120.65,-190.37,-15.68,11.3,-2.42,-0.0,1105.3,-186.96,-12.25,-3.4,-10.7,-13.2,1109.68,-188.46,-12.7,16.37,-3.56,-0.43,-13.2,2.14,22.92,-2.08,325.7,246.0,-0.26,0.43,
4515.235,0.0502,KILIT,15.71,16.08,1121.18,-190.49,-15.68,11.09,-2.4,-0.0,1105.85,-187.07,-12.26,-3.4,-10.7,-13.2,1110.17,-189.14,-12.72,16.2,-4.13,-0.43,-13.2,2.09,22.9,-2.1,325.6,246.1,-0.62,1.0,
4515.287,0.052,KILIT,15.11,15.5,1121.73,-190.61,-15.68,10.9,-2.34,-0.0,1106.97,-187.33,-12.26,-2.5,-11.3,-12.8,1110.89,-188.79,-12.74,15.58,-4.05,-0.45,-12.8,1.41,24.01,-0.99,323.7,242.9,-0.31,0.5,
4515.337,0.0501,KILIT,15.68,16.05,1122.28,-190.72,-15.68,10.92,-2.34,-0.0,1106.97,-187.33,-12.26,-2.0,-11.3,-13.5,1111.56,-188.68,-12.76,15.97,-3.59,-0.48,-13.5,1.93,23.55,-1.45,325.2,244.2,-0.15,0.25,
4515.388,0.0507,KILIT,15.07,15.45,1122.83,-190.84,-15.68,10.9,-2.34,-0.0,1108.11,-187.58,-12.27,-0.6,-11.3,-14.2,1112.18,-188.82,-12.78,15.38,-3.42,-0.49,-14.2,2.08,24.02,-0.98,325.5,242.8,-0.16,0.25,
4515.44,0.0528,KILIT,15.24,15.61,1123.55,-190.99,-15.68,11.76,-2.49,-0.0,1108.67,-187.72,-12.28,-1.2,-11.2,-14.4,1113.11,-188.39,-12.8,15.61,-2.83,-0.5,-14.4,2.65,23.72,-1.28,327.1,243.7,0.23,0.37,
4515.491,0.0503,KILIT,14.63,15.02,1123.55,-190.99,-15.68,11.76,-2.49,-0.0,1109.26,-187.85,-12.29,-0.7,-10.7,-15.0,1113.18,-188.41,-12.82,15.2,-2.39,-0.51,-15.0,3.07,23.7,-1.3,328.2,243.7,0.23,0.37,
4515.543,0.0523,KILIT,14.75,15.13,1124.22,-191.14,-15.68,10.19,-2.16,-0.0,1109.82,-187.97,-12.3,0.4,-10.1,-15.9,1113.91,-188.62,-12.84,14.61,-2.17,-0.52,-12.4,3.54,23.01,-1.99,329.5,245.7,0.19,0.32,
4515.593,0.0501,KILIT,14.76,15.14,1124.83,-191.26,-15.68,10.77,-2.27,-0.0,1110.41,-188.11,-12.31,0.1,-9.4,-16.2,1114.67,-188.35,-12.86,14.58,-1.57,-0.53,-12.3,4.04,22.25,-2.75,330.9,247.9,0.46,0.75,
4515.643,0.0503,KILIT,14.79,15.16,1125.42,-191.39,-15.68,11.05,-2.35,-0.0,1110.97,-188.24,-12.32,0.6,-8.4,-16.6,1115.21,-189.09,-12.88,14.62,-2.18,-0.54,-12.3,4.27,21.22,-3.78,331.6,250.8,0.08,0.13,
4515.694,0.0503,KILIT,14.77,15.14,1125.99,-191.51,-15.68,11.15,-2.38,-0.0,1111.56,-188.37,-12.34,2.1,-7.4,-16.9,1115.77,-189.62,-12.9,14.62,-2.78,-0.54,-12.3,4.02,20.28,-4.72,331.0,253.6,-0.18,0.29,
4515.744,0.0501,KILIT,14.76,15.13,1126.56,-191.63,-15.68,11.23,-2.38,-0.0,1112.14,-188.51,-12.35,1.5,-6.2,-16.3,1116.52,-189.23,-12.91,15.16,-2.51,-0.56,-12.2,3.7,19.0,-6.0,330.2,257.4,0.17,0.27,
4515.794,0.0501,KILIT,15.34,15.69,1127.13,-191.76,-15.68,11.26,-2.4,-0.0,1112.14,-188.51,-12.35,2.2,-5.0,-15.5,1117.07,-189.81,-12.93,15.56,-2.96,-0.57,-12.2,2.68,17.36,-7.64,327.5,262.3,-0.12,0.2,
4515.844,0.0504,KILIT,14.71,15.08,1127.7,-191.88,-15.68,11.26,-2.41,-0.0,1113.32,-188.77,-12.38,3.4,-3.9,-15.0,1117.7,-190.0,-12.95,15.22,-3.46,-0.57,-15.0,1.84,16.68,-8.32,325.2,264.3,-0.16,0.26,
4515.895,0.0503,KILIT,14.68,15.05,1128.26,-191.99,-15.68,11.23,-2.38,-0.0,1113.9,-188.92,-12.4,2.5,-3.0,-14.6,1118.41,-189.72,-12.97,15.22,-2.85,-0.57,-14.6,1.85,15.68,-9.32,325.2,267.3,0.11,0.18,
4515.947,0.0526,KILIT,14.67,15.02,1128.82,-192.11,-15.68,11.06,-2.32,-0.0,1114.48,-189.03,-12.42,3.2,-2.4,-14.6,1119.17,-189.29,-12.99,15.31,-2.23,-0.57,-14.6,1.65,15.05,-9.95,324.7,269.2,0.47,0.77,
4515.997,0.0501,KILIT,14.83,15.18,1129.58,-192.28,-15.68,12.29,-2.63,-0.0,1115.08,-189.18,-12.43,4.0,-1.9,-15.1,1119.74,-190.69,-13.01,15.52,-2.8,-0.57,-12.1,2.04,14.44,-10.56,325.9,271.0,-0.31,0.51,
4516.047,0.0501,KILIT,14.93,15.28,1130.26,-192.42,-15.68,12.68,-2.71,-0.0,1115.66,-189.3,-12.45,2.7,-1.6,-15.9,1120.52,-190.71,-13.03,15.91,-3.25,-0.58,-12.1,3.19,13.97,-11.03,329.2,272.4,-0.22,0.36,
4516.097,0.0501,KILIT,14.97,15.31,1130.89,-192.56,-15.68,12.66,-2.71,-0.0,1116.25,-189.43,-12.47,4.2,-1.3,-16.6,1121.24,-190.78,-13.05,16.38,-3.63,-0.58,-12.1,3.56,13.69,-11.31,330.3,273.2,-0.17,0.28,
4516.148,0.0501,KILIT,14.98,15.31,1131.5,-192.69,-15.68,12.48,-2.67,-0.0,1116.85,-189.55,-12.49,3.6,-1.3,-16.9,1121.93,-190.89,-13.07,16.89,-3.93,-0.58,-12.1,3.98,13.6,-11.4,331.5,273.5,-0.15,0.24,
4516.198,0.0501,KILIT,14.98,15.31,1132.08,-192.81,-15.68,12.22,-2.62,-0.0,1117.43,-189.68,-12.51,2.8,-1.5,-16.8,1122.56,-191.11,-13.09,17.25,-4.41,-0.58,-12.1,4.09,13.66,-11.34,331.8,273.3,-0.2,0.33,
4516.248,0.0501,KILIT,14.96,15.29,1132.65,-192.94,-15.68,11.99,-2.57,-0.0,1118.02,-189.81,-12.52,4.0,-1.9,-16.5,1123.21,-191.25,-13.11,17.02,-4.28,-0.59,-12.1,3.48,14.1,-10.9,330.0,272.0,-0.2,0.33,
4516.298,0.0502,KILIT,14.94,15.26,1133.21,-193.06,-15.68,11.76,-2.53,-0.0,1118.61,-189.93,-12.54,2.0,-2.6,-15.8,1123.83,-191.46,-13.13,16.72,-4.42,-0.59,-12.1,3.24,14.59,-10.41,329.3,270.5,-0.25,0.41,
4516.349,0.0515,KILIT,14.32,14.66,1133.21,-193.06,-15.68,11.76,-2.53,-0.0,1119.21,-190.06,-12.56,2.3,-3.4,-14.7,1123.9,-191.48,-13.15,16.12,-4.26,-0.59,-14.7,2.01,15.78,-9.22,325.7,267.0,-0.25,0.41,
4516.402,0.053,KILIT,14.29,14.62,1133.77,-193.17,-15.68,9.83,-2.11,-0.0,1119.8,-190.19,-12.58,1.9,-4.5,-14.4,1124.56,-191.45,-13.17,15.54,-3.99,-0.59,-14.4,1.82,16.81,-8.19,325.1,264.0,-0.15,0.24,
4516.454,0.0514,KILIT,14.26,14.59,1134.33,-193.29,-15.68,10.15,-2.16,-0.0,1120.39,-190.31,-12.6,0.1,-5.4,-14.6,1125.25,-191.35,-13.19,15.12,-3.54,-0.59,-14.6,2.56,17.59,-7.41,327.2,261.6,0.0,0.01,
4516.504,0.0501,KILIT,14.22,14.55,1134.89,-193.41,-15.68,10.45,-2.23,-0.0,1120.98,-190.44,-12.62,0.6,-6.1,-14.6,1125.89,-191.43,-13.21,14.82,-3.02,-0.59,-14.6,2.42,18.26,-6.74,326.7,259.6,0.04,0.07,
4516.556,0.0518,KILIT,14.17,14.49,1135.45,-193.53,-15.68,10.53,-2.27,-0.0,1121.59,-190.57,-12.64,-0.5,-6.6,-15.2,1126.37,-192.24,-13.23,14.59,-3.59,-0.59,-12.1,3.39,18.67,-6.33,329.4,258.4,-0.4,0.65,
4516.606,0.0501,KILIT,14.14,14.46,1136.0,-193.65,-15.68,10.71,-2.3,-0.0,1122.18,-190.69,-12.66,-1.3,-6.8,-16.3,1127.09,-191.95,-13.25,14.77,-3.2,-0.59,-12.1,4.78,18.74,-6.26,333.3,258.1,-0.13,0.21,
4516.656,0.0502,KILIT,14.7,15.01,1136.56,-193.77,-15.68,10.81,-2.32,-0.0,1122.18,-190.69,-12.66,-0.6,-6.6,-16.7,1127.73,-192.03,-13.27,15.37,-3.28,-0.59,-12.1,4.94,18.13,-6.87,333.8,259.9,-0.09,0.15,
4516.706,0.0501,KILIT,14.05,14.36,1137.11,-193.89,-15.68,10.85,-2.34,-0.0,1123.37,-190.94,-12.71,-1.6,-6.1,-16.8,1128.3,-192.37,-13.29,14.87,-3.61,-0.58,-12.1,5.33,17.87,-7.13,334.9,260.6,-0.22,0.37,
4516.756,0.0501,KILIT,14.62,14.91,1137.66,-194.01,-15.68,10.91,-2.33,-0.0,1123.37,-190.94,-12.71,-2.0,-5.4,-16.8,1129.05,-191.95,-13.31,15.39,-3.32,-0.59,-12.1,5.4,16.69,-8.31,335.2,264.1,0.13,0.21,
4516.806,0.0501,KILIT,13.94,14.24,1138.21,-194.12,-15.68,10.92,-2.33,-0.0,1124.58,-191.2,-12.75,-1.0,-4.6,-16.2,1129.65,-192.17,-13.33,15.08,-2.81,-0.58,-12.1,4.47,16.38,-8.62,332.6,265.1,0.08,0.12,
4516.857,0.0503,KILIT,13.89,14.19,1138.76,-194.25,-15.68,10.92,-2.36,-0.0,1125.18,-191.32,-12.78,-2.1,-3.8,-15.3,1130.11,-193.04,-13.35,14.9,-3.38,-0.58,-12.2,3.77,15.46,-9.54,330.7,267.9,-0.4,0.65,
4516.907,0.0502,KILIT,14.45,14.73,1139.3,-194.36,-15.68,10.9,-2.33,-0.0,1125.18,-191.32,-12.78,-1.6,-3.1,-14.6,1130.88,-192.43,-13.37,15.48,-3.21,-0.58,-14.6,2.89,14.37,-10.63,328.3,271.2,0.07,0.12,
4516.959,0.0522,KILIT,13.77,14.07,1139.86,-194.48,-15.68,10.82,-2.3,-0.0,1126.39,-191.59,-12.82,-0.4,-2.4,-14.5,1131.58,-192.23,-13.39,15.32,-2.6,-0.57,-14.5,2.53,14.11,-10.89,327.3,272.0,0.29,0.47,
4517.009,0.0501,KILIT,14.34,14.62,1140.41,-194.59,-15.68,10.89,-2.31,-0.0,1126.39,-191.59,-12.82,-1.6,-1.8,-14.6,1132.19,-192.45,-13.41,15.91,-2.51,-0.58,-14.6,2.9,13.0,-12.0,328.4,275.4,0.24,0.39,
4517.061,0.0519,KILIT,14.28,14.55,1140.96,-194.71,-15.68,10.79,-2.28,-0.0,1127.0,-191.71,-12.85,-0.1,-1.3,-14.9,1132.85,-192.39,-13.42,16.41,-2.14,-0.58,-14.9,2.81,12.51,-12.49,328.2,276.9,0.36,0.59,
4517.111,0.0502,KILIT,14.22,14.5,1141.51,-194.82,-15.68,10.83,-2.29,-0.0,1127.6,-191.85,-12.87,0.5,-1.1,-15.9,1133.43,-192.7,-13.44,16.48,-2.63,-0.57,-12.1,3.73,12.31,-12.69,330.9,277.4,0.25,0.4,
4517.161,0.0501,KILIT,14.15,14.42,1142.06,-194.94,-15.68,10.87,-2.31,-0.0,1128.22,-191.98,-12.89,0.5,-1.1,-15.9,1133.99,-193.12,-13.46,16.28,-3.2,-0.57,-12.1,3.72,12.28,-12.72,330.8,277.5,0.06,0.1,
4517.212,0.0502,KILIT,13.5,13.78,1142.61,-195.07,-15.68,10.94,-2.38,-0.0,1129.41,-192.24,-12.94,2.4,-1.0,-16.9,1134.37,-194.41,-13.48,15.92,-3.68,-0.57,-12.1,4.29,12.66,-12.34,332.5,276.3,-0.68,1.11,
4517.262,0.0501,KILIT,14.06,14.33,1143.16,-195.18,-15.68,10.93,-2.34,-0.0,1129.41,-192.24,-12.94,2.4,-1.0,-16.9,1135.22,-193.45,-13.5,16.39,-3.32,-0.56,-12.1,4.33,12.21,-12.79,332.6,277.7,0.02,0.04,
4517.313,0.0511,KILIT,13.97,14.23,1143.68,-195.29,-15.68,10.73,-2.29,-0.0,1130.02,-192.38,-12.96,1.8,-1.4,-16.9,1135.84,-193.49,-13.52,16.12,-2.89,-0.56,-12.0,4.49,12.56,-12.44,333.1,276.6,0.08,0.13,
4517.363,0.0501,KILIT,13.91,14.16,1144.22,-195.41,-15.68,10.71,-2.31,-0.0,1130.62,-192.5,-12.99,2.4,-1.9,-16.9,1136.29,-194.32,-13.54,15.96,-3.47,-0.56,-12.1,4.3,13.03,-11.97,332.5,275.2,-0.37,0.61,
4517.413,0.0501,KILIT,13.85,14.1,1144.76,-195.53,-15.68,10.76,-2.31,-0.0,1131.22,-192.63,-13.01,3.3,-2.3,-16.1,1137.0,-194.03,-13.56,15.83,-3.6,-0.55,-12.1,3.28,13.42,-11.58,329.5,274.1,-0.1,0.17,
4517.463,0.0501,KILIT,13.79,14.04,1145.31,-195.65,-15.68,10.83,-2.34,-0.0,1131.83,-192.76,-13.03,1.8,-3.0,-14.8,1137.54,-194.55,-13.58,15.71,-4.19,-0.55,-14.8,2.3,13.95,-11.05,326.6,272.5,-0.35,0.57,
4517.513,0.0503,KILIT,13.72,13.97,1145.86,-195.76,-15.68,10.84,-2.34,-0.0,1132.44,-192.89,-13.05,2.7,-3.5,-14.8,1138.22,-194.39,-13.6,15.78,-3.71,-0.55,-14.8,2.05,14.46,-10.54,325.9,271.0,-0.17,0.27,
4517.564,0.0507,KILIT,13.67,13.91,1146.41,-195.89,-15.68,10.85,-2.36,-0.0,1133.05,-193.02,-13.08,2.2,-3.6,-14.7,1138.76,-194.92,-13.62,15.65,-4.31,-0.55,-14.7,2.06,14.46,-10.54,325.9,271.0,-0.42,0.68,
4517.614,0.0501,KILIT,13.6,13.84,1146.96,-196.0,-15.68,10.87,-2.33,-0.0,1133.66,-193.15,-13.1,1.6,-4.0,-15.2,1139.57,-194.16,-13.64,15.77,-3.72,-0.54,-12.1,2.73,14.82,-10.18,327.8,269.9,0.15,0.25,
4517.664,0.0501,KILIT,13.56,13.8,1147.52,-196.12,-15.68,10.97,-2.32,-0.0,1134.26,-193.27,-13.12,1.6,-4.0,-15.2,1140.31,-193.77,-13.66,15.92,-3.14,-0.54,-12.1,2.71,14.77,-10.23,327.8,270.0,0.49,0.8,
4517.714,0.0501,KILIT,13.51,13.74,1148.08,-196.24,-15.68,11.01,-2.35,-0.0,1134.87,-193.4,-13.15,0.3,-3.7,-16.4,1140.8,-194.54,-13.68,16.1,-3.02,-0.53,-12.1,4.26,14.32,-10.68,332.2,271.3,0.08,0.14,
4517.765,0.0502,KILIT,13.44,13.67,1148.63,-196.35,-15.68,10.99,-2.35,-0.0,1135.49,-193.53,-13.17,-0.5,-3.7,-16.7,1141.44,-194.61,-13.7,16.07,-2.85,-0.53,-12.1,4.76,14.23,-10.77,333.7,271.5,0.13,0.21,
4517.815,0.0505,KILIT,12.81,13.05,1148.63,-196.35,-15.68,10.99,-2.35,-0.0,1136.1,-193.67,-13.19,0.3,-3.7,-16.9,1141.51,-194.62,-13.72,15.47,-2.74,-0.53,-12.1,4.8,14.71,-10.29,333.7,270.1,0.13,0.21,
4517.865,0.0503,KILIT,12.75,12.99,1149.18,-196.47,-15.68,9.33,-1.98,-0.0,1136.71,-193.79,-13.21,-1.2,-3.5,-17.3,1142.15,-194.65,-13.74,14.89,-2.57,-0.53,-12.1,5.55,14.34,-10.66,336.0,271.2,0.19,0.32,
4517.916,0.0503,KILIT,13.31,13.54,1149.72,-196.59,-15.68,9.79,-2.11,-0.0,1136.71,-193.79,-13.21,-0.7,-3.4,-16.6,1142.61,-195.53,-13.76,14.92,-3.17,-0.53,-12.1,4.69,13.85,-11.15,333.5,272.7,-0.28,0.46,
4517.966,0.0502,KILIT,13.25,13.47,1150.27,-196.71,-15.68,10.15,-2.17,-0.0,1137.32,-193.92,-13.24,-0.7,-3.4,-16.6,1143.33,-195.23,-13.78,15.48,-3.38,-0.54,-12.1,4.69,13.77,-11.23,333.5,272.9,-0.01,0.01,
4518.016,0.0501,KILIT,13.18,13.4,1150.82,-196.82,-15.68,10.38,-2.22,-0.0,1137.93,-194.06,-13.26,-0.0,-3.2,-15.5,1143.92,-195.49,-13.8,15.65,-3.81,-0.54,-12.1,3.44,13.6,-11.4,329.9,273.5,-0.08,0.14,
4518.066,0.0501,KILIT,13.11,13.33,1151.37,-196.94,-15.68,10.55,-2.27,-0.0,1138.55,-194.18,-13.28,0.2,-2.2,-14.7,1144.5,-195.77,-13.82,15.61,-4.3,-0.54,-14.7,2.52,12.58,-12.42,327.3,276.7,-0.18,0.3,
4518.117,0.0508,KILIT,13.05,13.27,1151.92,-197.06,-15.68,10.63,-2.29,-0.0,1139.16,-194.31,-13.3,0.2,-2.2,-14.7,1145.1,-196.03,-13.84,15.58,-4.57,-0.54,-14.7,2.5,12.54,-12.46,327.3,276.8,-0.26,0.43,
4518.167,0.0501,KILIT,12.97,13.18,1152.46,-197.18,-15.68,10.71,-2.32,-0.0,1139.78,-194.45,-13.33,-0.9,-1.5,-14.9,1145.67,-196.38,-13.86,15.46,-5.08,-0.53,-14.9,2.95,11.72,-13.28,328.6,279.3,-0.4,0.65,
4518.217,0.0501,KILIT,12.92,13.13,1153.02,-197.3,-15.68,10.84,-2.34,-0.0,1140.39,-194.57,-13.35,-0.9,-1.5,-14.9,1146.36,-196.21,-13.87,15.66,-4.51,-0.53,-14.9,2.9,11.67,-13.33,328.5,279.4,-0.21,0.34,
4518.267,0.0501,KILIT,12.96,13.17,1153.69,-197.44,-15.68,11.59,-2.48,-0.0,1141.02,-194.7,-13.37,0.5,-1.4,-15.8,1147.24,-195.75,-13.89,16.0,-4.02,-0.52,-12.2,3.51,11.53,-13.47,330.3,279.8,0.19,0.31,
4518.317,0.0504,KILIT,12.99,13.19,1154.31,-197.58,-15.68,11.83,-2.54,-0.0,1141.62,-194.82,-13.39,-1.6,-1.6,-16.9,1147.86,-196.26,-13.91,16.59,-3.88,-0.52,-12.3,5.0,11.46,-13.54,334.7,280.0,-0.04,0.07,
4518.368,0.0501,KILIT,12.84,13.04,1154.78,-197.68,-15.68,11.1,-2.39,-0.0,1142.23,-194.96,-13.41,-1.6,-1.6,-16.9,1148.39,-196.41,-13.93,16.37,-3.58,-0.52,-12.2,5.04,11.48,-13.52,334.8,279.9,-0.07,0.11,
4518.418,0.0501,KILIT,12.71,12.9,1155.29,-197.79,-15.68,10.8,-2.32,-0.0,1142.87,-195.1,-13.44,-1.4,-1.9,-17.2,1148.97,-196.52,-13.95,15.82,-3.4,-0.51,-12.2,5.32,11.76,-13.24,335.6,279.0,-0.06,0.09,
4518.468,0.0501,KILIT,12.62,12.81,1155.81,-197.9,-15.68,10.7,-2.33,-0.0,1143.48,-195.23,-13.46,-3.4,-2.3,-16.8,1149.42,-197.31,-13.97,15.65,-3.97,-0.51,-12.2,5.33,11.97,-13.03,335.6,278.4,-0.48,0.78,
4518.518,0.0501,KILIT,12.54,12.73,1156.34,-198.02,-15.68,10.66,-2.32,-0.0,1144.09,-195.36,-13.48,-2.5,-2.7,-16.2,1150.08,-197.17,-13.99,15.36,-4.35,-0.51,-12.2,4.55,12.46,-12.54,333.3,276.9,-0.31,0.5,
4518.568,0.0501,KILIT,12.47,12.66,1156.88,-198.14,-15.68,10.69,-2.32,-0.0,1144.7,-195.49,-13.5,-2.8,-3.0,-15.4,1150.71,-197.2,-14.01,15.47,-3.91,-0.51,-12.2,3.82,12.74,-12.26,331.1,276.1,-0.24,0.39,
4518.618,0.0501,KILIT,12.34,12.53,1157.4,-198.25,-15.68,10.57,-2.28,-0.0,1145.34,-195.62,-13.52,-3.5,-3.3,-14.6,1151.37,-197.01,-14.03,15.43,-3.31,-0.51,-14.6,3.16,13.06,-11.94,329.2,275.2,-0.04,0.07,
4518.668,0.0501,KILIT,12.27,12.45,1157.94,-198.36,-15.68,10.64,-2.26,-0.0,1145.95,-195.75,-13.54,-2.2,-3.5,-14.5,1152.19,-196.14,-14.05,15.55,-2.72,-0.51,-14.5,2.79,13.29,-11.71,328.1,274.5,0.6,0.97,
4518.718,0.0501,KILIT,12.2,12.38,1158.48,-198.47,-15.68,10.71,-2.29,-0.0,1146.56,-195.89,-13.56,-2.9,-3.3,-14.7,1152.7,-196.77,-14.07,15.72,-2.15,-0.51,-14.7,3.18,13.01,-11.99,329.2,275.3,0.28,0.46,
4518.768,0.0501,KILIT,12.1,12.29,1159.0,-198.58,-15.68,10.6,-2.26,-0.0,1147.17,-196.03,-13.58,-2.9,-3.1,-14.8,1153.28,-196.97,-14.09,15.55,-2.25,-0.51,-14.8,3.31,12.79,-12.21,329.6,276.0,0.24,0.39,
4518.818,0.0502,KILIT,12.02,12.2,1159.54,-198.71,-15.68,10.65,-2.32,-0.0,1147.79,-196.16,-13.6,-1.3,-2.9,-15.7,1153.65,-198.21,-14.11,15.43,-2.84,-0.51,-12.2,3.8,12.63,-12.37,331.1,276.5,-0.47,0.77,
4518.869,0.0501,KILIT,11.94,12.12,1160.08,-198.82,-15.68,10.71,-2.3,-0.0,1148.41,-196.31,-13.63,-2.0,-2.4,-16.9,1154.44,-197.54,-14.13,15.5,-2.96,-0.5,-12.1,5.23,11.96,-13.04,335.3,278.4,0.04,0.07,
4518.919,0.0501,KILIT,11.88,12.05,1160.63,-198.94,-15.68,10.79,-2.31,-0.0,1149.02,-196.44,-13.65,-0.7,-1.9,-16.9,1155.12,-197.37,-14.15,15.71,-2.4,-0.5,-12.1,4.94,11.53,-13.47,334.5,279.8,0.23,0.38,
4518.969,0.0501,KILIT,11.79,11.96,1161.18,-199.06,-15.68,10.82,-2.34,-0.0,1149.65,-196.58,-13.67,0.5,-1.6,-16.8,1155.58,-198.26,-14.17,15.59,-2.99,-0.5,-12.1,4.6,11.31,-13.69,333.5,280.5,-0.25,0.41,
4519.02,0.0508,KILIT,11.73,11.9,1161.73,-199.17,-15.68,10.83,-2.33,-0.0,1150.26,-196.72,-13.69,-0.3,-1.1,-16.9,1156.29,-198.0,-14.19,15.65,-3.22,-0.5,-12.1,4.9,10.7,-14.3,334.5,282.4,0.0,0.0,
4519.07,0.05,KILIT,11.66,11.82,1162.29,-199.3,-15.68,10.91,-2.36,-0.0,1150.89,-196.86,-13.71,1.8,-0.7,-15.9,1156.83,-198.53,-14.21,15.56,-3.81,-0.5,-12.1,3.51,10.41,-14.59,330.4,283.3,-0.25,0.41,
4519.12,0.0501,KILIT,11.59,11.75,1162.84,-199.41,-15.68,10.93,-2.36,-0.0,1151.5,-197.01,-13.73,1.3,-0.8,-14.7,1157.51,-198.37,-14.23,15.74,-3.37,-0.5,-14.7,2.5,10.41,-14.59,327.4,283.3,-0.06,0.1,
4519.17,0.0501,KILIT,11.53,11.69,1163.39,-199.54,-15.68,10.98,-2.38,-0.0,1152.12,-197.14,-13.75,1.1,-0.5,-14.8,1158.08,-198.79,-14.25,15.67,-3.97,-0.5,-14.8,2.61,10.06,-14.94,327.7,284.4,-0.24,0.4,
4519.22,0.0501,KILIT,11.47,11.62,1163.95,-199.65,-15.68,11.01,-2.37,-0.0,1152.73,-197.28,-13.77,2.5,-0.4,-14.5,1158.8,-198.47,-14.27,15.84,-3.39,-0.5,-14.5,2.12,9.96,-15.04,326.3,284.7,0.05,0.08,
4519.27,0.0501,KILIT,11.4,11.56,1164.51,-199.77,-15.68,11.04,-2.37,-0.0,1153.35,-197.41,-13.79,0.8,-0.7,-14.2,1159.47,-198.41,-14.28,16.02,-2.82,-0.5,-14.2,2.11,10.14,-14.86,326.2,284.2,0.17,0.27,
4519.32,0.0501,KILIT,11.34,11.49,1165.06,-199.9,-15.68,11.02,-2.39,-0.0,1153.96,-197.55,-13.81,1.7,-0.9,-15.5,1159.93,-199.29,-14.3,15.91,-3.41,-0.49,-11.9,3.26,10.36,-14.64,329.7,283.5,-0.31,0.5,
4519.37,0.0503,KILIT,11.26,11.41,1165.61,-200.01,-15.68,11.02,-2.36,-0.0,1154.59,-197.7,-13.83,1.7,-0.9,-16.4,1160.77,-198.44,-14.32,16.03,-2.82,-0.49,-11.8,4.27,10.36,-14.64,332.6,283.4,0.32,0.52,
4519.421,0.0501,KILIT,11.17,11.32,1166.14,-200.12,-15.68,10.88,-2.32,-0.0,1155.2,-197.83,-13.85,0.4,-1.3,-16.2,1161.37,-198.55,-14.34,16.06,-2.22,-0.49,-11.8,4.31,10.63,-14.37,332.7,282.6,0.33,0.54,
4519.471,0.0501,KILIT,11.08,11.23,1166.67,-200.24,-15.68,10.83,-2.32,-0.0,1155.83,-197.97,-13.87,1.9,-1.6,-16.6,1161.94,-198.87,-14.36,15.79,-2.43,-0.49,-11.8,4.45,11.03,-13.97,333.1,281.4,0.21,0.35,
4519.521,0.0501,KILIT,11.0,11.15,1167.22,-200.36,-15.68,10.83,-2.35,-0.0,1156.45,-198.1,-13.89,1.0,-1.7,-16.8,1162.38,-199.81,-14.38,15.67,-3.01,-0.49,-11.8,4.79,11.02,-13.98,334.1,281.4,-0.3,0.48,
4519.571,0.0501,KILIT,10.38,10.53,1167.22,-200.36,-15.68,10.83,-2.35,-0.0,1157.06,-198.23,-13.91,1.3,-2.0,-15.8,1162.45,-199.82,-14.4,15.18,-3.36,-0.49,-11.8,3.72,11.76,-13.24,330.9,279.1,-0.3,0.48,
4519.621,0.0503,KILIT,10.3,10.45,1167.76,-200.47,-15.68,9.21,-1.99,-0.0,1157.68,-198.37,-13.93,2.5,-2.1,-14.6,1163.1,-199.82,-14.42,14.58,-3.4,-0.49,-14.6,2.31,11.85,-13.15,326.7,278.9,-0.21,0.35,
4519.671,0.0501,KILIT,10.22,10.37,1168.31,-200.6,-15.68,9.75,-2.13,-0.0,1158.31,-198.5,-13.95,1.5,-1.8,-14.5,1163.63,-200.35,-14.44,14.11,-3.78,-0.49,-14.5,2.37,11.47,-13.53,327.0,280.1,-0.47,0.76,
4519.721,0.0501,KILIT,10.36,10.5,1169.06,-200.75,-15.68,11.32,-2.43,-0.0,1158.92,-198.63,-13.97,2.6,-1.8,-14.4,1164.67,-199.54,-14.46,14.54,-3.36,-0.49,-14.4,2.07,11.27,-13.73,326.1,280.7,0.16,0.26,
4519.771,0.0501,KILIT,10.41,10.55,1169.74,-200.9,-15.68,11.98,-2.58,-0.0,1159.55,-198.77,-13.99,2.8,-1.4,-13.9,1165.39,-199.84,-14.48,15.13,-3.22,-0.49,-13.9,1.58,10.71,-14.29,324.6,282.4,0.08,0.13,
4519.822,0.0501,KILIT,10.42,10.55,1170.37,-201.04,-15.68,12.14,-2.62,-0.0,1160.17,-198.9,-14.01,1.4,-0.6,-14.8,1166.06,-200.13,-14.5,15.72,-3.3,-0.49,-14.8,2.74,9.77,-15.23,328.1,285.3,-0.01,0.02,
4519.872,0.0507,KILIT,10.4,10.53,1170.97,-201.17,-15.68,12.05,-2.6,-0.0,1160.79,-199.05,-14.03,2.5,-0.1,-16.0,1166.73,-200.29,-14.52,16.32,-3.39,-0.49,-11.7,3.86,9.29,-15.71,331.5,286.8,-0.02,0.04,
4519.922,0.0501,KILIT,10.36,10.48,1171.55,-201.29,-15.68,11.91,-2.55,-0.0,1161.41,-199.18,-14.05,1.3,0.5,-16.2,1167.47,-199.99,-14.54,16.7,-2.93,-0.49,-11.7,4.26,8.54,-16.46,332.8,289.1,0.26,0.42,
4519.973,0.0503,KILIT,10.31,10.44,1172.12,-201.41,-15.68,11.73,-2.5,-0.0,1162.02,-199.31,-14.07,0.5,1.1,-16.4,1168.11,-200.12,-14.56,17.05,-2.44,-0.49,-11.7,4.58,7.82,-17.18,333.8,291.4,0.26,0.42,
4520.023,0.0501,KILIT,10.24,10.36,1172.68,-201.54,-15.68,11.57,-2.52,-0.0,1162.66,-199.44,-14.09,1.8,1.2,-17.0,1168.48,-201.5,-14.58,16.9,-3.02,-0.49,-11.8,4.92,7.79,-17.21,334.9,291.5,-0.53,0.86,
4520.073,0.0501,KILIT,10.17,10.29,1173.24,-201.66,-15.68,11.45,-2.49,-0.0,1163.28,-199.58,-14.11,-0.5,0.9,-16.2,1169.17,-201.36,-14.6,16.7,-3.58,-0.49,-11.8,4.47,7.84,-17.16,333.5,291.4,-0.35,0.57,
4520.123,0.0501,KILIT,9.55,9.68,1173.24,-201.66,-15.68,11.45,-2.49,-0.0,1163.89,-199.7,-14.13,1.2,0.6,-15.2,1169.24,-201.38,-14.62,16.15,-3.81,-0.49,-11.8,3.18,8.69,-16.31,329.5,288.7,-0.35,0.57,
4520.173,0.0501,KILIT,9.71,9.83,1174.01,-201.82,-15.68,10.33,-2.24,-0.0,1164.51,-199.83,-14.15,0.5,0.0,-15.0,1170.13,-201.35,-14.64,15.55,-3.75,-0.49,-11.8,3.08,8.98,-16.02,329.2,287.8,-0.22,0.36,
4520.223,0.0502,KILIT,9.07,9.2,1174.01,-201.82,-15.68,10.33,-2.24,-0.0,1165.13,-199.97,-14.17,-0.2,-1.0,-14.1,1170.2,-201.36,-14.66,14.96,-3.63,-0.49,-14.1,2.36,10.44,-14.56,327.0,283.2,-0.22,0.36,
4520.273,0.0501,KILIT,9.37,9.49,1174.92,-202.02,-15.68,9.95,-2.15,-0.0,1165.75,-200.09,-14.19,1.3,-1.7,-13.6,1171.21,-201.46,-14.68,14.44,-3.33,-0.49,-13.6,1.49,10.77,-14.23,324.4,282.2,-0.14,0.24,
4520.323,0.0501,KILIT,9.52,9.63,1175.69,-202.18,-15.68,11.57,-2.49,-0.0,1166.37,-200.23,-14.21,-0.4,-2.1,-14.5,1172.09,-201.45,-14.7,15.03,-3.22,-0.49,-14.5,2.76,10.86,-14.14,328.1,281.9,-0.02,0.04,
4520.374,0.0505,KILIT,9.57,9.68,1176.37,-202.33,-15.68,12.15,-2.62,-0.0,1167.0,-200.36,-14.23,0.3,-2.6,-14.9,1172.84,-201.63,-14.72,15.63,-3.25,-0.49,-11.9,2.99,11.22,-13.78,328.8,280.8,-0.03,0.06,
4520.425,0.051,KILIT,9.59,9.7,1177.0,-202.46,-15.68,12.2,-2.61,-0.0,1167.61,-200.48,-14.25,0.2,-2.9,-14.9,1173.63,-201.36,-14.74,16.18,-2.98,-0.49,-14.9,2.97,11.38,-13.62,328.7,280.3,0.23,0.38,
4520.475,0.0501,KILIT,9.58,9.68,1177.59,-202.59,-15.68,12.12,-2.59,-0.0,1168.22,-200.62,-14.27,-0.9,-2.3,-16.6,1174.3,-201.49,-14.76,16.74,-2.77,-0.49,-11.9,4.94,10.59,-14.41,334.6,282.7,0.24,0.38,
4520.525,0.0501,KILIT,9.53,9.63,1178.17,-202.71,-15.68,11.95,-2.56,-0.0,1168.85,-200.75,-14.29,0.0,-2.0,-16.6,1174.92,-201.79,-14.78,17.3,-2.99,-0.49,-11.9,4.73,10.29,-14.71,334.0,283.6,0.14,0.22,
4520.575,0.0501,KILIT,9.48,9.58,1178.74,-202.84,-15.68,11.76,-2.57,-0.0,1169.47,-200.87,-14.31,-0.3,-2.1,-15.7,1175.28,-203.18,-14.79,17.16,-3.58,-0.49,-12.0,3.75,10.3,-14.7,331.1,283.6,-0.65,1.07,
4520.625,0.0501,KILIT,9.39,9.49,1179.3,-202.96,-15.68,11.56,-2.51,-0.0,1170.11,-201.01,-14.33,-0.6,-1.5,-17.1,1175.97,-202.7,-14.79,16.77,-4.03,-0.48,-12.0,5.22,9.62,-15.38,335.6,285.7,-0.27,0.45,
4520.675,0.0501,KILIT,9.32,9.42,1179.85,-203.08,-15.68,11.41,-2.45,-0.0,1170.73,-201.14,-14.35,0.8,-1.4,-16.8,1176.84,-202.08,-14.83,16.81,-3.43,-0.48,-12.0,4.69,9.58,-15.42,334.0,285.8,0.21,0.35,
4520.725,0.0501,KILIT,9.26,9.35,1180.4,-203.2,-15.68,11.27,-2.46,-0.0,1171.34,-201.27,-14.37,-0.1,-2.4,-14.4,1177.15,-203.28,-14.83,16.54,-3.97,-0.47,-14.4,2.39,10.44,-14.56,327.1,283.2,-0.47,0.77,
4520.776,0.0502,KILIT,9.2,9.29,1180.95,-203.33,-15.68,11.21,-2.48,-0.0,1171.96,-201.4,-14.39,0.1,-2.6,-14.8,1177.64,-204.05,-14.85,16.33,-4.53,-0.47,-14.8,2.69,10.58,-14.42,328.0,282.8,-0.87,1.42,
4520.826,0.0501,KILIT,9.12,9.21,1181.5,-203.45,-15.68,11.14,-2.46,-0.0,1172.59,-201.53,-14.41,1.3,-3.1,-14.9,1178.35,-203.77,-14.87,15.95,-5.0,-0.47,-14.9,2.52,11.08,-13.92,327.4,281.2,-0.61,0.99,
4520.876,0.0501,KILIT,9.04,9.12,1182.05,-203.57,-15.68,11.09,-2.41,-0.0,1173.22,-201.66,-14.43,-0.4,-4.3,-13.3,1179.16,-203.04,-14.89,16.0,-4.4,-0.47,-13.3,1.23,12.17,-12.83,323.6,277.9,-0.06,0.1,
4520.926,0.0504,KILIT,8.96,9.04,1182.58,-203.68,-15.68,10.92,-2.34,-0.0,1173.83,-201.79,-14.45,0.4,-4.7,-13.9,1179.94,-202.35,-14.91,16.05,-3.8,-0.47,-13.9,1.68,12.53,-12.47,324.9,276.8,0.45,0.74,
4520.976,0.0501,KILIT,8.86,8.94,1183.12,-203.8,-15.68,10.84,-2.37,-0.0,1174.46,-201.92,-14.46,0.2,-4.7,-15.6,1180.3,-203.63,-14.93,15.55,-4.13,-0.47,-12.2,3.37,12.54,-12.46,329.8,276.7,-0.27,0.44,
4521.027,0.0501,KILIT,8.23,8.31,1183.12,-203.8,-15.68,10.84,-2.37,-0.0,1175.08,-202.05,-14.49,-1.5,-5.3,-14.9,1180.37,-203.64,-14.95,14.96,-4.02,-0.47,-14.9,3.04,13.45,-11.55,328.8,274.0,-0.27,0.44,
4521.077,0.0502,KILIT,8.34,8.43,1183.88,-203.96,-15.68,9.87,-2.15,-0.0,1175.73,-202.19,-14.51,-0.9,-5.2,-15.2,1181.23,-203.68,-14.97,14.44,-3.71,-0.46,-15.2,3.2,13.13,-11.87,329.3,275.0,-0.18,0.29,
4521.127,0.0501,KILIT,8.41,8.49,1184.56,-204.11,-15.68,10.97,-2.39,-0.0,1176.34,-202.32,-14.52,-1.6,-4.7,-16.1,1182.02,-203.68,-14.99,14.95,-3.38,-0.47,-12.3,4.23,12.43,-12.57,332.3,277.1,-0.08,0.12,
4521.177,0.0501,KILIT,8.41,8.49,1185.19,-204.24,-15.68,11.44,-2.46,-0.02,1176.97,-202.45,-14.54,-2.9,-4.4,-15.5,1182.84,-203.25,-15.01,15.32,-2.91,-0.47,-12.3,3.86,11.96,-13.04,331.3,278.5,0.29,0.48,
4521.227,0.0501,KILIT,8.38,8.45,1185.79,-204.37,-15.69,11.58,-2.49,-0.03,1177.6,-202.59,-14.56,-2.0,-3.7,-16.0,1183.53,-203.32,-15.04,15.76,-2.5,-0.48,-12.3,4.18,11.21,-13.79,332.3,280.8,0.34,0.55,
4521.277,0.0502,KILIT,7.72,7.8,1185.79,-204.37,-15.69,11.58,-2.49,-0.03,1178.24,-202.73,-14.58,-2.7,-2.6,-17.4,1183.6,-203.34,-15.06,15.37,-2.05,-0.49,-12.3,5.69,10.49,-14.51,336.8,283.0,0.34,0.55,
4521.327,0.0501,KILIT,7.91,7.98,1186.59,-204.55,-15.69,10.5,-2.27,-0.03,1178.86,-202.87,-14.6,-3.2,-1.9,-16.4,1184.42,-203.76,-15.08,14.84,-2.34,-0.5,-12.2,4.73,9.48,-15.52,334.1,286.2,0.19,0.31,
4521.377,0.0501,KILIT,7.26,7.34,1186.59,-204.55,-15.69,10.5,-2.27,-0.03,1179.49,-203.01,-14.62,-1.5,-1.1,-15.8,1184.49,-203.78,-15.1,14.24,-2.29,-0.5,-12.2,3.85,9.37,-15.63,331.5,286.6,0.19,0.31,
4521.428,0.0501,KILIT,7.54,7.61,1187.5,-204.74,-15.69,10.1,-2.17,-0.02,1180.14,-203.13,-14.64,-2.4,-0.0,-16.1,1185.51,-203.87,-15.12,13.98,-2.13,-0.5,-12.3,4.1,7.76,-17.24,332.4,291.6,0.26,0.43,
4521.478,0.0502,KILIT,7.71,7.77,1188.28,-204.91,-15.69,11.72,-2.52,-0.02,1180.75,-203.28,-14.66,-1.0,0.7,-14.5,1186.31,-204.28,-15.14,14.51,-2.42,-0.5,-14.5,2.42,6.87,-18.13,327.4,294.5,0.12,0.2,
4521.528,0.0501,KILIT,7.06,7.13,1188.28,-204.91,-15.69,11.72,-2.52,-0.02,1181.38,-203.42,-14.68,0.3,1.2,-13.6,1186.38,-204.29,-15.16,14.49,-3.01,-0.49,-13.6,1.4,6.94,-18.06,324.2,294.3,0.12,0.2,
4521.578,0.0501,KILIT,7.34,7.4,1189.19,-205.1,-15.69,10.92,-2.36,-0.01,1182.02,-203.55,-14.7,-0.4,2.5,-15.2,1187.32,-204.59,-15.17,14.91,-3.42,-0.49,-15.2,2.99,5.16,-19.84,329.2,300.1,0.07,0.11,
4521.629,0.0508,KILIT,7.48,7.54,1189.95,-205.27,-15.69,12.14,-2.61,-0.01,1182.64,-203.7,-14.72,1.9,3.5,-14.6,1188.13,-204.54,-15.17,15.5,-3.28,-0.48,-14.6,2.36,3.97,-21.03,327.3,304.0,0.2,0.33,
4521.68,0.0509,KILIT,7.53,7.59,1190.62,-205.42,-15.69,12.45,-2.73,-0.01,1183.26,-203.83,-14.74,1.0,3.5,-13.9,1188.56,-205.81,-15.17,15.66,-3.87,-0.47,-13.9,1.64,3.72,-21.28,325.1,304.9,-0.51,0.82,
4521.73,0.0501,KILIT,6.89,6.95,1190.62,-205.42,-15.69,12.45,-2.73,-0.01,1183.89,-203.97,-14.76,1.8,4.2,-16.9,1188.56,-205.81,-15.17,15.35,-4.39,-0.46,-12.2,4.6,3.65,-21.35,334.4,305.1,-0.51,0.82,
4521.78,0.0502,KILIT,6.87,6.93,1191.25,-205.56,-15.69,10.58,-2.32,-0.01,1184.53,-204.11,-14.78,2.4,5.2,-17.8,1189.21,-205.81,-15.17,14.75,-4.45,-0.44,-12.2,5.5,2.6,-22.4,337.3,308.6,-0.42,0.68,
4521.83,0.0501,KILIT,7.08,7.13,1192.06,-205.73,-15.69,12.28,-2.69,-0.0,1185.14,-204.24,-14.8,0.6,4.3,-15.2,1190.07,-205.81,-15.17,15.35,-4.42,-0.4,-12.2,2.97,2.9,-22.1,329.3,307.6,-0.31,0.5,
4521.881,0.0506,KILIT,7.08,7.13,1192.06,-205.73,-15.69,12.28,-2.69,-0.0,1185.14,-204.24,-14.8,2.1,3.2,-17.3,1190.07,-205.81,-15.17,15.83,-4.31,-0.38,-12.2,4.94,4.16,-20.84,335.4,303.4,-0.31,0.5,
4521.931,0.0501,KILIT,6.52,6.58,1192.77,-205.89,-15.69,10.71,-2.34,-0.0,1186.39,-204.51,-14.83,-0.3,3.8,-18.9,1190.79,-205.88,-15.17,15.26,-4.11,-0.37,-12.9,6.68,3.7,-21.3,340.9,304.9,-0.25,0.41,
4521.981,0.0503,KILIT,6.56,6.61,1193.41,-206.02,-15.69,11.34,-2.45,-0.0,1187.0,-204.65,-14.85,-0.4,3.6,-14.2,1191.58,-205.38,-15.17,15.04,-3.55,-0.36,-14.2,2.11,3.69,-21.31,326.6,305.0,0.15,0.24,
4522.031,0.0503,KILIT,7.31,7.35,1194.14,-206.18,-15.69,12.3,-2.66,-0.0,1187.0,-204.65,-14.85,-0.9,1.6,-13.8,1192.3,-205.56,-15.17,15.59,-3.32,-0.35,-13.8,1.76,4.93,-20.07,325.4,300.8,0.13,0.22,
4522.082,0.0502,KILIT,6.69,6.74,1194.8,-206.32,-15.69,12.55,-2.69,-0.0,1188.26,-204.91,-14.89,-2.9,1.5,-16.4,1193.05,-205.29,-15.17,15.7,-2.73,-0.34,-12.2,4.47,5.1,-19.9,333.8,300.2,0.4,0.64,
4522.132,0.0501,KILIT,7.31,7.36,1195.41,-206.45,-15.69,12.42,-2.67,-0.0,1188.26,-204.91,-14.89,-2.9,1.5,-16.4,1193.61,-205.64,-15.17,16.29,-2.66,-0.32,-12.2,4.44,4.53,-20.47,333.8,302.1,0.25,0.42,
4522.182,0.0501,KILIT,7.15,7.19,1195.88,-206.56,-15.69,11.5,-2.49,-0.0,1188.89,-205.05,-14.91,-1.8,2.1,-13.2,1194.0,-206.08,-15.17,16.0,-3.19,-0.28,-13.2,1.16,4.09,-20.91,323.6,303.6,0.04,0.06,
4522.232,0.0501,KILIT,7.04,7.08,1196.38,-206.67,-15.69,11.05,-2.4,-0.0,1189.5,-205.18,-14.93,-3.0,0.7,-12.5,1194.46,-206.4,-15.17,15.49,-3.51,-0.26,-12.5,0.6,5.44,-19.56,321.8,299.2,-0.09,0.15,
4522.282,0.0504,KILIT,6.93,6.97,1196.9,-206.78,-15.69,10.81,-2.35,-0.0,1190.12,-205.31,-14.95,-1.7,0.6,-14.1,1194.93,-206.74,-15.17,15.0,-3.86,-0.25,-14.1,2.02,5.44,-19.56,326.2,299.2,-0.23,0.38,
4522.332,0.05,KILIT,6.85,6.89,1197.43,-206.9,-15.69,10.74,-2.37,-0.0,1190.73,-205.45,-14.96,-2.7,-0.3,-12.5,1195.31,-207.5,-15.17,14.68,-4.36,-0.24,-12.5,0.58,6.36,-18.64,321.8,296.2,-0.64,1.04,
4522.383,0.0503,KILIT,6.74,6.78,1197.96,-207.02,-15.69,10.7,-2.35,-0.0,1191.37,-205.59,-14.98,-1.3,-1.5,-16.2,1195.93,-207.24,-15.17,14.08,-4.43,-0.21,-12.2,4.17,7.42,-17.58,332.6,292.7,-0.4,0.65,
4522.433,0.0501,KILIT,6.67,6.71,1198.5,-207.13,-15.69,10.75,-2.33,-0.0,1191.98,-205.72,-15.0,-1.1,-0.7,-15.3,1196.68,-206.41,-15.17,14.11,-3.83,-0.21,-12.2,3.24,6.54,-18.46,329.9,295.6,0.2,0.32,
4522.485,0.0525,KILIT,6.6,6.64,1199.05,-207.25,-15.69,10.65,-2.32,-0.0,1192.59,-205.88,-15.02,-1.1,-0.7,-15.3,1197.16,-206.83,-15.17,13.97,-3.22,-0.18,-12.0,3.46,6.43,-18.57,330.6,295.9,0.0,0.01,
4522.535,0.0502,KILIT,5.91,5.94,1199.6,-207.37,-15.69,10.73,-2.36,-0.0,1193.82,-206.14,-15.05,-0.9,-1.2,-15.6,1197.55,-207.68,-15.17,13.42,-3.47,-0.17,-12.1,3.67,7.32,-17.68,331.1,293.0,-0.45,0.73,
4522.586,0.0502,KILIT,6.47,6.5,1200.15,-207.49,-15.69,10.79,-2.36,-0.0,1193.82,-206.14,-15.05,-1.8,-0.0,-14.6,1198.2,-207.35,-15.17,13.89,-3.21,-0.12,-14.6,2.71,5.57,-19.43,328.3,298.8,-0.17,0.28,
4522.636,0.0505,KILIT,5.77,5.8,1200.69,-207.61,-15.69,10.79,-2.34,-0.0,1195.05,-206.41,-15.08,-2.5,1.0,-12.8,1198.89,-206.82,-15.17,13.56,-2.71,-0.12,-12.8,1.04,5.0,-20.0,323.2,300.6,0.24,0.39,
4522.686,0.0502,KILIT,5.7,5.73,1201.24,-207.73,-15.69,10.82,-2.36,-0.0,1195.66,-206.57,-15.09,-0.8,1.0,-15.5,1199.34,-207.36,-15.17,12.98,-2.55,-0.1,-11.7,3.83,4.96,-20.04,331.8,300.7,-0.03,0.05,
4522.736,0.0501,KILIT,5.83,5.86,1202.0,-207.89,-15.69,12.15,-2.64,-0.0,1196.3,-206.7,-15.1,-2.3,2.3,-15.9,1200.16,-207.27,-15.17,13.54,-2.33,-0.09,-11.8,4.21,3.32,-21.68,333.2,306.2,0.13,0.22,
4522.786,0.0501,KILIT,5.2,5.23,1202.0,-207.89,-15.69,12.15,-2.64,-0.0,1196.91,-206.84,-15.11,-0.8,4.4,-12.8,1200.16,-207.27,-15.17,13.02,-2.04,-0.08,-12.8,1.14,1.95,-23.05,323.6,310.9,0.13,0.22,
4522.837,0.0501,KILIT,5.47,5.5,1202.87,-208.08,-15.69,11.11,-2.42,-0.0,1197.52,-206.97,-15.12,-0.1,4.4,-15.2,1201.01,-207.56,-15.17,12.74,-2.31,-0.05,-11.8,3.43,1.55,-23.45,330.9,312.2,0.07,0.12,
4522.887,0.0501,KILIT,4.83,4.87,1202.87,-208.08,-15.69,11.11,-2.42,-0.0,1198.14,-207.11,-15.13,-0.8,4.7,-16.4,1201.01,-207.56,-15.17,12.15,-2.2,-0.05,-11.6,4.77,1.86,-23.14,335.1,311.2,0.07,0.12,
4522.937,0.0505,KILIT,4.97,5.0,1203.62,-208.25,-15.69,10.01,-2.19,-0.0,1198.75,-207.27,-15.14,1.3,7.2,-12.5,1201.72,-207.9,-15.17,11.55,-2.31,-0.04,-12.5,1.13,-0.86,-25.86,323.7,320.7,-0.04,0.06,
4522.988,0.0511,KILIT,5.26,5.28,1204.51,-208.44,-15.69,12.24,-2.66,-0.0,1199.36,-207.4,-15.15,0.1,8.3,-12.6,1202.7,-207.7,-15.17,12.16,-2.24,-0.04,-12.6,1.16,-2.43,-27.43,323.8,326.5,0.21,0.34,
4523.038,0.0501,KILIT,4.64,4.67,1204.51,-208.44,-15.69,12.24,-2.66,-0.0,1199.96,-207.53,-15.16,2.0,8.2,-16.7,1202.7,-207.7,-15.17,12.54,-1.77,-0.02,-11.3,5.39,-1.46,-26.46,337.6,323.0,0.21,0.34,
4523.089,0.0504,KILIT,4.79,4.82,1205.27,-208.61,-15.69,10.82,-2.36,-0.0,1200.57,-207.67,-15.17,1.0,9.7,-14.2,1203.42,-208.02,-15.17,12.05,-2.12,-0.01,-14.2,2.94,-3.44,-28.44,329.7,330.2,0.11,0.18,
4523.139,0.0501,KILIT,5.48,5.51,1205.94,-208.75,-15.69,11.63,-2.49,-0.0,1200.57,-207.67,-15.17,1.5,11.8,-12.9,1204.3,-207.21,-15.17,12.56,-1.81,-0.01,-12.9,1.71,-6.33,-31.33,325.8,341.4,0.71,1.16,
4523.189,0.0501,KILIT,5.51,5.53,1206.57,-208.88,-15.69,11.89,-2.54,-0.0,1201.17,-207.81,-15.18,1.5,11.8,-12.9,1204.94,-207.25,-15.17,13.09,-1.52,-0.0,-12.9,1.85,-6.46,-31.46,326.3,341.9,0.77,1.26,
4523.239,0.0501,KILIT,5.51,5.53,1207.17,-209.01,-15.69,11.89,-2.54,-0.0,1201.76,-207.94,-15.19,1.6,12.3,-15.5,1205.49,-207.59,-15.17,13.69,-1.43,0.0,-11.2,4.53,-6.96,-31.96,335.4,344.0,0.64,1.04,
4523.289,0.0501,KILIT,5.5,5.52,1207.74,-209.14,-15.69,11.78,-2.57,-0.0,1202.35,-208.07,-15.19,0.1,12.1,-15.2,1205.78,-209.08,-15.17,13.78,-2.02,0.0,-11.2,3.99,-6.87,-31.87,333.6,343.6,-0.22,0.36,
4523.339,0.0501,KILIT,5.45,5.47,1208.31,-209.26,-15.69,11.61,-2.54,-0.0,1202.96,-208.22,-15.2,-0.0,13.5,-14.1,1206.33,-209.26,-15.17,13.83,-2.62,0.01,-11.1,3.06,-8.34,-33.34,330.6,349.6,-0.25,0.41,
4523.389,0.0502,KILIT,5.4,5.43,1208.86,-209.38,-15.69,11.46,-2.48,-0.0,1203.56,-208.35,-15.2,-0.0,13.5,-14.1,1207.01,-208.81,-15.17,14.2,-3.03,0.03,-11.0,3.1,-8.3,-33.3,330.7,349.5,0.1,0.17,
4523.44,0.0501,KILIT,5.38,5.4,1209.42,-209.5,-15.69,11.34,-2.45,-0.0,1204.14,-208.48,-15.2,3.4,13.2,-14.0,1207.6,-208.79,-15.17,14.11,-2.47,0.03,-11.0,3.53,-7.78,-32.78,332.1,347.3,0.19,0.31,
4523.49,0.0501,KILIT,5.34,5.36,1209.97,-209.63,-15.69,11.25,-2.48,-0.0,1204.73,-208.61,-15.2,1.6,12.1,-11.8,1207.9,-210.06,-15.17,13.95,-3.05,0.03,-11.8,0.99,-6.83,-31.83,323.4,343.4,-0.53,0.87,
4523.54,0.0501,KILIT,5.3,5.32,1210.52,-209.75,-15.69,11.18,-2.45,-0.0,1205.32,-208.74,-15.2,5.2,11.5,-11.7,1208.51,-209.91,-15.17,13.72,-3.6,0.03,-11.7,1.28,-6.13,-31.13,324.3,340.6,-0.36,0.59,
4523.59,0.0501,KILIT,5.27,5.29,1211.05,-209.86,-15.69,11.0,-2.39,-0.0,1205.88,-208.85,-15.2,2.9,11.5,-13.6,1209.19,-209.33,-15.17,13.65,-3.01,0.03,-13.6,2.85,-6.04,-31.04,329.6,340.3,0.08,0.13,
4523.64,0.0504,KILIT,5.23,5.25,1211.59,-209.98,-15.69,10.91,-2.38,-0.0,1206.46,-208.98,-15.2,5.0,10.1,-13.1,1209.66,-209.8,-15.17,13.15,-3.35,0.03,-13.1,2.47,-4.54,-29.54,328.2,334.4,-0.14,0.23,
4523.69,0.0501,KILIT,5.17,5.19,1212.12,-210.1,-15.69,10.77,-2.38,-0.0,1207.04,-209.11,-15.2,3.7,8.3,-11.9,1210.02,-210.64,-15.17,12.95,-3.92,0.03,-11.9,1.04,-2.82,-27.82,323.4,327.9,-0.6,0.98,
4523.74,0.0501,KILIT,5.13,5.15,1212.65,-210.22,-15.69,10.76,-2.36,-0.0,1207.62,-209.23,-15.2,4.2,8.0,-14.1,1210.69,-210.13,-15.17,12.83,-3.33,0.03,-11.1,3.18,-2.31,-27.31,330.4,326.0,-0.21,0.34,
4523.79,0.0501,KILIT,5.1,5.13,1213.2,-210.33,-15.69,10.78,-2.36,-0.0,1208.19,-209.35,-15.2,3.8,8.0,-16.1,1211.3,-209.96,-15.17,12.93,-2.74,0.03,-11.1,5.12,-2.15,-27.15,336.8,325.5,-0.02,0.04,
4523.841,0.0501,KILIT,5.07,5.09,1213.75,-210.45,-15.69,10.84,-2.34,-0.0,1208.77,-209.48,-15.2,1.4,6.1,-13.8,1212.03,-209.25,-15.17,13.06,-2.15,0.03,-13.8,2.79,-0.5,-25.5,329.0,319.5,0.5,0.81,
4523.891,0.0502,KILIT,5.06,5.09,1214.3,-210.57,-15.69,10.9,-2.36,-0.0,1209.33,-209.59,-15.2,3.0,5.4,-13.7,1212.51,-209.68,-15.17,13.26,-1.58,0.03,-13.7,2.53,0.26,-24.74,328.1,316.7,0.3,0.49,
4523.941,0.0501,KILIT,5.02,5.04,1214.83,-210.69,-15.69,10.79,-2.37,-0.0,1209.91,-209.7,-15.2,0.1,6.4,-16.4,1212.83,-210.76,-15.17,13.1,-2.16,0.03,-11.4,5.0,-0.79,-25.79,336.2,320.5,-0.31,0.5,
4523.991,0.0501,KILIT,5.0,5.02,1215.37,-210.81,-15.69,10.79,-2.38,-0.0,1210.47,-209.83,-15.2,1.5,5.8,-14.4,1213.35,-211.01,-15.17,12.95,-2.75,0.03,-11.3,3.08,-0.11,-25.11,329.9,318.1,-0.39,0.64,
4524.041,0.0501,KILIT,4.97,5.0,1215.91,-210.93,-15.69,10.82,-2.39,-0.0,1211.04,-209.93,-15.2,0.5,4.1,-10.7,1213.91,-211.06,-15.17,12.8,-3.33,0.03,-10.7,-0.9,1.52,-23.48,317.1,312.4,-0.34,0.55,
4524.091,0.0501,KILIT,4.96,4.98,1216.47,-211.05,-15.69,10.9,-2.39,-0.0,1211.61,-210.05,-15.2,0.8,5.3,-14.4,1214.55,-210.78,-15.17,12.99,-2.77,0.03,-14.4,2.75,0.39,-24.61,328.8,316.3,-0.09,0.14,
4524.141,0.0501,KILIT,4.4,4.42,1216.47,-211.05,-15.69,10.9,-2.39,-0.0,1212.16,-210.17,-15.2,1.5,6.3,-15.4,1214.55,-210.78,-15.17,12.4,-2.65,0.03,-11.5,3.83,0.17,-24.83,332.3,317.1,-0.09,0.14,
4524.191,0.0501,KILIT,4.39,4.41,1217.02,-211.17,-15.69,9.27,-2.02,-0.0,1212.72,-210.28,-15.2,0.7,4.5,-9.4,1215.14,-210.69,-15.17,11.86,-2.39,0.03,-9.4,-2.26,1.85,-23.15,312.9,311.2,0.04,0.06,
4524.242,0.0504,KILIT,4.36,4.39,1217.57,-211.28,-15.69,9.81,-2.11,-0.0,1213.3,-210.4,-15.21,1.1,5.2,-11.9,1215.83,-210.23,-15.17,11.7,-1.81,0.03,-11.9,0.2,1.08,-23.92,320.6,313.9,0.41,0.67,
4524.292,0.0504,KILIT,4.61,4.64,1218.36,-211.46,-15.69,11.53,-2.52,-0.0,1213.84,-210.51,-15.21,1.4,5.9,-14.0,1216.42,-211.29,-15.17,12.06,-2.29,0.03,-14.0,2.13,0.09,-24.91,326.8,317.3,-0.15,0.25,
4524.342,0.0504,KILIT,4.04,4.07,1218.36,-211.46,-15.69,11.53,-2.52,-0.0,1214.4,-210.62,-15.22,0.5,5.2,-10.5,1216.42,-211.29,-15.17,11.76,-2.81,0.04,-10.5,-1.46,1.42,-23.58,315.4,312.7,-0.15,0.25,
4524.393,0.0501,KILIT,4.75,4.77,1219.05,-211.61,-15.69,10.13,-2.21,-0.0,1214.4,-210.62,-15.22,1.1,6.2,-12.3,1217.13,-211.32,-15.17,12.34,-2.96,0.04,-12.3,0.32,-0.54,-25.54,321.0,319.6,-0.08,0.13,
4524.443,0.0501,KILIT,4.26,4.28,1219.68,-211.74,-15.69,10.88,-2.37,-0.0,1215.52,-210.83,-15.23,1.1,7.3,-14.7,1217.8,-211.31,-15.17,11.96,-2.49,0.06,-14.7,2.31,-1.09,-26.09,327.5,321.6,0.01,0.02,
4524.493,0.0501,KILIT,4.3,4.32,1220.28,-211.87,-15.69,11.21,-2.44,-0.0,1216.08,-210.96,-15.23,-0.2,6.7,-12.2,1218.4,-211.41,-15.17,12.55,-2.49,0.06,-12.2,-0.09,-0.59,-25.59,319.7,319.8,0.03,0.05,
4524.544,0.0511,KILIT,4.89,4.91,1220.86,-212.0,-15.69,11.25,-2.47,-0.0,1216.08,-210.96,-15.23,1.9,6.4,-13.3,1218.86,-212.09,-15.17,12.91,-2.99,0.06,-13.3,1.0,-1.0,-26.0,323.2,321.2,-0.31,0.51,
4524.594,0.0501,KILIT,4.94,4.96,1221.43,-212.13,-15.69,11.27,-2.48,-0.0,1216.61,-211.06,-15.23,1.9,6.4,-13.3,1219.4,-212.33,-15.17,13.22,-3.5,0.06,-13.3,0.8,-1.05,-26.05,322.6,321.4,-0.39,0.63,
4524.644,0.0503,KILIT,4.93,4.95,1221.98,-212.25,-15.69,11.22,-2.45,-0.0,1217.17,-211.18,-15.23,-0.4,7.7,-16.7,1220.07,-211.95,-15.17,13.76,-3.23,0.06,-12.5,4.13,-2.38,-27.38,333.5,326.3,-0.07,0.12,
4524.694,0.0501,KILIT,4.92,4.94,1222.52,-212.37,-15.69,11.05,-2.41,-0.0,1217.72,-211.28,-15.23,-0.4,6.3,-13.6,1220.64,-211.91,-15.17,13.95,-2.66,0.06,-13.6,0.83,-0.96,-25.96,322.7,321.1,0.03,0.05,
4524.745,0.0502,KILIT,4.93,4.95,1223.06,-212.49,-15.69,10.99,-2.44,-0.0,1218.26,-211.38,-15.23,-0.4,6.3,-13.6,1220.98,-212.98,-15.17,13.8,-3.25,0.06,-13.6,0.56,-0.97,-25.97,321.8,321.2,-0.57,0.93,
4524.795,0.0501,KILIT,4.93,4.95,1223.61,-212.61,-15.69,10.97,-2.42,-0.0,1218.81,-211.49,-15.23,-0.0,6.4,-16.8,1221.62,-212.69,-15.17,13.53,-3.79,0.06,-13.1,3.64,-1.06,-26.06,331.8,321.5,-0.31,0.5,
4524.845,0.0501,KILIT,4.94,4.97,1224.17,-212.73,-15.69,11.01,-2.41,-0.0,1219.35,-211.61,-15.22,-0.0,6.4,-16.8,1222.29,-212.29,-15.17,13.65,-3.2,0.05,-13.1,3.68,-0.96,-25.96,331.9,321.1,0.02,0.03,
4524.895,0.0502,KILIT,4.94,4.96,1224.7,-212.85,-15.69,10.89,-2.38,-0.0,1219.89,-211.71,-15.22,0.2,2.5,-14.2,1222.85,-212.25,-15.17,13.68,-2.59,0.05,-14.2,0.89,2.94,-22.06,322.8,307.5,0.12,0.19,
4524.945,0.0501,KILIT,4.95,4.97,1225.24,-212.97,-15.69,10.88,-2.39,-0.0,1220.43,-211.81,-15.22,-1.7,2.2,-16.9,1223.31,-212.77,-15.17,13.46,-3.15,0.05,-13.5,3.46,3.13,-21.87,330.8,306.9,-0.14,0.22,
4524.996,0.0505,KILIT,4.96,4.98,1225.79,-213.08,-15.69,10.86,-2.37,-0.0,1220.97,-211.91,-15.21,-1.7,2.2,-16.9,1223.96,-212.4,-15.17,13.55,-2.55,0.04,-13.7,3.29,3.23,-21.77,330.3,306.5,0.17,0.28,
4525.046,0.0501,KILIT,4.97,5.0,1226.34,-213.2,-15.69,10.91,-2.37,-0.0,1221.51,-212.02,-15.21,-0.6,1.8,-14.5,1224.57,-212.24,-15.17,13.68,-1.97,0.04,-14.5,0.78,3.7,-21.3,322.4,304.9,0.35,0.57,
4525.096,0.05,KILIT,4.97,4.99,1226.87,-213.32,-15.69,10.82,-2.37,-0.0,1222.05,-212.13,-15.21,-2.1,-0.4,-12.3,1224.97,-212.97,-15.17,13.5,-2.54,0.04,-12.3,-1.36,5.97,-19.03,315.8,297.4,-0.04,0.07,
4525.147,0.0507,KILIT,4.97,5.0,1227.41,-213.45,-15.69,10.76,-2.39,-0.0,1222.59,-212.23,-15.2,-1.9,-0.9,-16.5,1225.34,-213.85,-15.17,13.34,-3.13,0.04,-16.5,2.58,6.45,-18.55,327.9,295.9,-0.52,0.84,
4525.197,0.0501,KILIT,4.96,4.98,1227.94,-213.56,-15.69,10.69,-2.38,-0.0,1223.13,-212.35,-15.2,-1.4,-0.3,-16.4,1225.86,-213.99,-15.17,13.15,-3.7,0.04,-16.4,2.39,5.89,-19.11,327.3,297.7,-0.53,0.87,
4525.247,0.0501,KILIT,4.97,5.0,1228.48,-213.68,-15.69,10.72,-2.35,-0.0,1223.66,-212.45,-15.2,-2.7,-1.4,-13.6,1226.61,-213.2,-15.17,13.22,-3.1,0.03,-13.6,-0.36,7.05,-17.95,318.9,294.0,0.04,0.06,
4525.297,0.0501,KILIT,4.97,5.0,1229.03,-213.79,-15.69,10.79,-2.35,-0.0,1224.21,-212.57,-15.2,-2.1,-1.6,-16.8,1227.26,-212.84,-15.17,13.33,-2.51,0.03,-16.8,2.81,7.13,-17.87,328.5,293.7,0.34,0.56,
4525.347,0.0501,KILIT,4.99,5.02,1229.58,-213.92,-15.69,10.84,-2.37,-0.0,1224.74,-212.67,-15.2,-1.4,-1.0,-17.7,1227.71,-213.43,-15.17,13.36,-2.79,0.03,-14.5,3.41,6.52,-18.48,330.4,295.6,0.05,0.07,
4525.397,0.0502,KILIT,5.01,5.04,1230.13,-214.04,-15.69,10.92,-2.41,-0.0,1225.28,-212.79,-15.2,-3.0,-1.8,-15.4,1228.16,-214.02,-15.17,13.28,-3.38,0.03,-15.4,1.33,7.32,-17.68,324.0,293.1,-0.25,0.4,
4525.447,0.0501,KILIT,5.04,5.07,1230.7,-214.16,-15.69,11.04,-2.4,-0.0,1225.82,-212.89,-15.2,-1.4,-1.8,-17.6,1228.92,-213.25,-15.17,13.48,-2.82,0.03,-17.6,3.19,7.27,-17.73,329.7,293.2,0.31,0.51,
4525.498,0.0507,KILIT,5.06,5.08,1231.26,-214.28,-15.69,11.04,-2.39,-0.0,1226.37,-213.0,-15.2,-1.6,-0.8,-19.9,1229.53,-213.13,-15.17,13.66,-2.24,0.03,-14.7,5.41,6.18,-18.82,336.6,296.7,0.47,0.76,
4525.548,0.0501,KILIT,5.09,5.11,1231.82,-214.4,-15.69,11.06,-2.39,-0.0,1226.9,-213.1,-15.19,-2.7,-1.5,-16.2,1230.08,-213.28,-15.17,13.91,-1.69,0.02,-16.2,1.72,7.04,-17.96,325.2,294.0,0.45,0.73,
4525.598,0.0501,KILIT,5.09,5.12,1232.37,-214.53,-15.69,11.05,-2.44,-0.0,1227.45,-213.22,-15.19,-1.2,-1.9,-17.1,1230.36,-214.67,-15.17,13.79,-2.28,0.02,-17.1,2.37,7.46,-17.54,327.2,292.6,-0.35,0.57,
4525.648,0.0501,KILIT,5.11,5.13,1232.93,-214.65,-15.69,11.07,-2.43,-0.0,1227.99,-213.33,-15.19,-1.6,-0.9,-19.9,1230.99,-214.44,-15.17,13.69,-2.87,0.02,-15.0,5.13,6.35,-18.65,335.7,296.2,-0.13,0.21,
4525.698,0.0501,KILIT,5.12,5.15,1233.48,-214.77,-15.69,11.04,-2.42,-0.0,1228.53,-213.44,-15.19,-1.7,-1.6,-16.6,1231.56,-214.5,-15.17,13.59,-3.46,0.02,-16.6,1.77,7.13,-17.87,325.4,293.7,-0.09,0.14,
4525.748,0.0502,KILIT,5.14,5.16,1234.03,-214.89,-15.69,11.02,-2.41,-0.0,1229.06,-213.57,-15.19,-0.0,-2.4,-17.3,1232.12,-214.55,-15.17,13.59,-3.47,0.02,-17.3,2.43,7.96,-17.04,327.3,291.0,-0.04,0.07,
4525.799,0.0509,KILIT,5.14,5.17,1234.58,-215.01,-15.69,10.96,-2.42,-0.0,1229.61,-213.68,-15.19,-0.7,-1.4,-20.7,1232.56,-215.16,-15.17,13.43,-4.06,0.02,-15.0,5.76,6.88,-18.12,337.6,294.4,-0.35,0.58,
4525.849,0.0503,KILIT,4.6,4.63,1234.58,-215.01,-15.69,10.96,-2.42,-0.0,1230.14,-213.78,-15.19,-0.4,-1.9,-17.9,1232.56,-215.16,-15.17,12.84,-4.17,0.02,-17.9,2.42,8.08,-16.92,327.3,290.7,-0.35,0.58,
4525.9,0.0501,KILIT,4.73,4.75,1235.25,-215.16,-15.69,9.68,-2.13,-0.0,1230.69,-213.91,-15.19,0.2,-2.7,-17.4,1233.28,-215.12,-15.17,12.28,-3.93,0.02,-17.4,2.05,8.74,-16.26,326.1,288.6,-0.24,0.39,
4525.95,0.05,KILIT,5.37,5.39,1235.87,-215.3,-15.69,10.52,-2.33,-0.0,1230.69,-213.91,-15.19,-1.1,-2.0,-20.0,1233.84,-215.55,-15.17,12.79,-4.26,0.02,-15.0,5.15,7.22,-17.78,335.6,293.3,-0.42,0.68,
4526.0,0.0502,KILIT,4.74,4.77,1236.35,-215.4,-15.69,10.2,-2.25,-0.0,1231.78,-214.14,-15.19,-1.2,-2.3,-18.2,1234.38,-215.36,-15.17,12.33,-3.87,0.02,-18.2,2.92,8.26,-16.74,328.8,290.1,-0.24,0.38,
4526.05,0.0501,KILIT,4.71,4.73,1236.86,-215.51,-15.69,10.19,-2.24,-0.0,1232.32,-214.26,-15.19,-1.5,-2.9,-17.7,1234.97,-215.11,-15.17,12.18,-3.29,0.02,-17.7,2.49,8.9,-16.1,327.5,288.1,-0.0,0.01,
4526.101,0.0509,KILIT,5.25,5.28,1237.39,-215.63,-15.69,10.28,-2.26,-0.0,1232.32,-214.26,-15.19,-3.4,-2.0,-20.5,1235.47,-215.38,-15.17,12.79,-3.2,0.02,-15.1,5.8,7.1,-17.9,337.7,293.7,-0.1,0.16,
4526.151,0.0502,KILIT,5.25,5.27,1237.93,-215.75,-15.69,10.4,-2.27,-0.0,1232.86,-214.37,-15.19,-3.0,-1.2,-19.3,1236.11,-215.0,-15.17,13.13,-2.71,0.02,-15.2,4.44,6.41,-18.59,333.6,296.0,0.21,0.34,
4526.201,0.0501,KILIT,5.25,5.27,1238.46,-215.87,-15.69,10.47,-2.32,-0.0,1233.4,-214.48,-15.19,-3.0,-1.2,-19.3,1236.49,-215.82,-15.17,13.2,-3.3,0.02,-15.3,4.31,6.42,-18.58,333.1,295.9,-0.23,0.37,
4526.251,0.0501,KILIT,5.24,5.27,1239.0,-215.99,-15.69,10.59,-2.34,-0.0,1233.95,-214.59,-15.19,-4.2,-1.5,-17.1,1237.04,-215.93,-15.17,13.31,-3.89,0.02,-17.1,2.14,6.81,-18.19,326.5,294.7,-0.22,0.37,
4526.301,0.0503,KILIT,5.26,5.28,1239.55,-216.11,-15.69,10.68,-2.36,-0.0,1234.48,-214.72,-15.19,-5.1,-0.5,-19.5,1237.61,-215.92,-15.17,13.5,-3.45,0.02,-15.3,4.69,5.54,-19.46,334.4,298.8,-0.14,0.23,
4526.353,0.0513,KILIT,5.23,5.25,1240.07,-216.22,-15.69,10.54,-2.28,-0.0,1235.03,-214.84,-15.18,-5.4,-0.2,-14.2,1238.37,-214.94,-15.17,13.58,-2.84,0.02,-14.2,-0.53,5.85,-19.15,318.4,297.9,0.55,0.89,
4526.403,0.0501,KILIT,5.23,5.25,1240.61,-216.34,-15.69,10.6,-2.32,-0.0,1235.57,-214.96,-15.18,-4.0,-0.3,-17.1,1238.75,-215.81,-15.17,13.35,-2.84,0.01,-17.1,2.22,5.73,-19.27,326.8,298.2,0.07,0.11,
4526.454,0.0508,KILIT,5.23,5.25,1241.16,-216.46,-15.69,10.63,-2.34,-0.0,1236.11,-215.09,-15.18,-4.0,-0.3,-17.1,1239.24,-216.17,-15.17,13.22,-3.43,0.01,-17.1,2.32,5.72,-19.28,327.1,298.2,-0.08,0.13,
4526.504,0.0501,KILIT,5.24,5.26,1241.71,-216.58,-15.69,10.73,-2.36,-0.0,1236.65,-215.2,-15.18,-3.6,0.7,-18.9,1239.81,-216.18,-15.17,13.38,-3.24,0.01,-15.3,3.93,4.62,-20.38,332.2,301.8,-0.01,0.02,
4526.554,0.0501,KILIT,5.24,5.27,1242.25,-216.7,-15.69,10.78,-2.35,-0.0,1237.19,-215.33,-15.18,-4.2,-0.3,-14.5,1240.48,-215.77,-15.17,13.52,-2.65,0.01,-14.5,-0.17,5.88,-19.12,319.5,297.7,0.33,0.53,
4526.604,0.0501,KILIT,5.25,5.28,1242.8,-216.82,-15.69,10.85,-2.37,-0.0,1237.73,-215.45,-15.18,-1.9,0.0,-19.7,1240.96,-216.21,-15.17,13.6,-2.76,0.01,-15.1,4.79,5.39,-19.61,334.8,299.3,0.12,0.2,
4526.654,0.0501,KILIT,5.27,5.29,1243.36,-216.94,-15.69,10.92,-2.38,-0.0,1238.27,-215.58,-15.18,-1.9,0.0,-19.7,1241.51,-216.33,-15.17,13.69,-2.77,0.01,-14.9,4.93,5.37,-19.63,335.2,299.3,0.13,0.21,
4526.704,0.0503,KILIT,5.29,5.32,1243.91,-217.06,-15.69,10.92,-2.39,-0.0,1238.79,-215.71,-15.18,-2.3,-0.7,-16.8,1242.03,-216.58,-15.17,13.65,-3.21,0.01,-16.8,2.28,6.12,-18.88,327.0,297.0,0.04,0.07,
4526.754,0.0501,KILIT,5.29,5.31,1244.46,-217.18,-15.69,10.98,-2.37,-0.0,1239.35,-215.84,-15.18,-0.4,-0.8,-18.0,1242.76,-215.92,-15.17,13.78,-2.62,0.01,-14.6,3.41,6.29,-18.71,330.4,296.4,0.53,0.87,
4526.806,0.0521,KILIT,5.29,5.32,1244.99,-217.29,-15.69,10.71,-2.34,-0.0,1239.87,-215.96,-15.18,0.2,-0.3,-19.5,1243.14,-216.73,-15.17,13.4,-3.11,0.01,-14.6,4.89,5.82,-19.18,335.0,297.9,0.1,0.16,
4526.857,0.0501,KILIT,5.3,5.32,1245.53,-217.41,-15.69,10.73,-2.35,-0.0,1240.4,-216.09,-15.18,-0.4,-1.2,-16.0,1243.64,-217.01,-15.17,13.32,-3.58,0.01,-16.0,1.6,6.69,-18.31,324.9,295.1,-0.01,0.01,
4526.907,0.0501,KILIT,5.29,5.31,1246.07,-217.54,-15.69,10.75,-2.4,-0.0,1240.95,-216.22,-15.18,1.6,-2.1,-16.1,1243.88,-218.46,-15.17,13.19,-4.17,0.01,-16.1,1.44,7.65,-17.35,324.4,292.0,-0.85,1.38,
4526.957,0.0501,KILIT,5.3,5.33,1246.62,-217.66,-15.69,10.81,-2.4,-0.0,1241.48,-216.35,-15.18,0.9,-1.0,-18.4,1244.55,-218.06,-15.17,13.09,-4.76,0.01,-14.3,4.01,6.56,-18.44,332.2,295.5,-0.52,0.84,
4527.007,0.0503,KILIT,4.74,4.76,1246.62,-217.66,-15.69,10.81,-2.4,-0.0,1242.03,-216.48,-15.18,1.1,-1.3,-15.8,1244.55,-218.06,-15.17,12.49,-4.71,0.01,-15.8,1.24,7.47,-17.53,323.8,292.6,-0.52,0.84,
4527.058,0.0508,KILIT,4.75,4.78,1247.16,-217.78,-15.69,9.18,-2.04,-0.0,1242.56,-216.61,-15.18,1.9,-1.9,-15.7,1245.13,-218.02,-15.17,11.95,-4.43,0.01,-15.7,1.18,8.07,-16.93,323.5,290.7,-0.41,0.67,
4527.108,0.0501,KILIT,4.75,4.77,1247.71,-217.9,-15.69,9.72,-2.15,-0.0,1243.11,-216.74,-15.18,0.2,-0.8,-18.9,1245.78,-217.68,-15.17,11.77,-3.86,0.01,-14.1,4.74,6.95,-18.05,334.4,294.2,-0.12,0.2,
4527.158,0.0501,KILIT,4.78,4.81,1248.27,-218.02,-15.69,10.15,-2.22,-0.0,1243.64,-216.85,-15.17,0.5,-0.8,-17.2,1246.46,-217.28,-15.17,11.86,-3.26,0.01,-14.2,2.97,7.04,-17.96,329.0,294.0,0.21,0.34,
4527.21,0.0518,KILIT,4.78,4.81,1248.82,-218.14,-15.69,10.3,-2.27,-0.0,1244.19,-216.98,-15.17,-0.6,-1.6,-15.5,1246.89,-217.93,-15.17,12.06,-2.74,-0.0,-15.5,1.49,7.8,-17.2,324.5,291.6,-0.13,0.21,
4527.26,0.0501,KILIT,5.34,5.37,1249.37,-218.27,-15.69,10.5,-2.32,-0.0,1244.19,-216.98,-15.17,-2.0,-0.5,-18.4,1247.42,-218.15,-15.17,12.62,-2.96,-0.0,-13.9,4.68,5.9,-19.1,334.3,297.6,-0.19,0.31,
4527.314,0.0536,KILIT,4.8,4.83,1249.93,-218.38,-15.69,10.45,-2.28,-0.0,1245.27,-217.23,-15.17,-1.5,0.5,-16.5,1248.13,-217.55,-15.17,12.64,-2.32,-0.0,-16.5,2.73,5.61,-19.39,328.4,298.6,0.27,0.43,
4527.364,0.0501,KILIT,5.36,5.39,1250.48,-218.5,-15.69,10.63,-2.31,-0.0,1245.27,-217.23,-15.17,-2.5,0.2,-13.6,1248.74,-217.4,-15.17,13.13,-1.97,-0.0,-13.6,0.11,5.34,-19.66,320.3,299.5,0.43,0.71,
4527.414,0.0506,KILIT,5.38,5.41,1251.03,-218.63,-15.69,10.71,-2.35,-0.0,1245.8,-217.36,-15.17,-2.7,1.6,-16.9,1249.17,-218.09,-15.17,13.6,-2.35,-0.0,-13.6,3.48,3.76,-21.24,330.8,304.7,0.07,0.12,
4527.465,0.0509,KILIT,4.83,4.86,1251.58,-218.75,-15.69,10.72,-2.38,-0.0,1246.88,-217.62,-15.17,-1.2,3.0,-16.9,1249.53,-219.08,-15.17,13.28,-2.87,-0.0,-13.5,3.42,3.07,-21.93,330.7,307.0,-0.47,0.77,
4527.517,0.0513,KILIT,4.84,4.86,1252.13,-218.87,-15.69,10.73,-2.37,-0.0,1247.43,-217.74,-15.17,-2.2,2.2,-12.6,1250.2,-218.64,-15.17,12.7,-3.06,-0.0,-12.6,-0.77,3.97,-21.03,317.6,304.0,-0.12,0.19,
4527.567,0.0507,KILIT,4.85,4.88,1252.68,-218.99,-15.69,10.75,-2.39,-0.0,1247.96,-217.87,-15.17,-0.2,2.6,-14.9,1250.66,-219.16,-15.17,12.54,-3.64,-0.0,-14.9,1.5,3.51,-21.49,324.7,305.6,-0.37,0.6,
4527.617,0.0501,KILIT,5.41,5.44,1253.23,-219.12,-15.69,10.81,-2.4,-0.0,1247.96,-217.87,-15.17,0.1,4.0,-17.5,1251.22,-219.24,-15.17,13.08,-3.9,-0.0,-13.3,4.16,1.51,-23.49,333.2,312.4,-0.34,0.56,
4527.667,0.0501,KILIT,4.86,4.89,1253.77,-219.24,-15.69,10.83,-2.41,-0.0,1249.04,-218.13,-15.17,-0.3,2.7,-12.3,1251.78,-219.3,-15.17,12.53,-3.65,-0.0,-12.3,-0.86,3.41,-21.59,317.3,305.9,-0.3,0.49,
4527.718,0.0503,KILIT,4.86,4.89,1254.32,-219.35,-15.69,10.85,-2.38,-0.0,1249.58,-218.26,-15.17,1.2,2.2,-13.8,1252.5,-218.65,-15.17,12.68,-3.07,-0.0,-13.8,0.71,3.92,-21.08,322.2,304.2,0.18,0.3,
4527.769,0.0508,KILIT,4.87,4.9,1254.86,-219.48,-15.69,10.8,-2.39,-0.0,1250.11,-218.4,-15.17,0.3,3.5,-17.2,1252.96,-219.16,-15.17,12.9,-2.56,-0.0,-12.8,4.4,2.62,-22.38,333.9,308.6,-0.06,0.1,
4527.819,0.0509,KILIT,4.91,4.94,1255.42,-219.6,-15.69,10.83,-2.39,-0.0,1250.63,-218.52,-15.17,-0.4,2.6,-13.0,1253.56,-219.08,-15.17,13.2,-2.03,-0.0,-13.0,0.33,3.45,-21.55,321.0,305.8,0.07,0.11,
4527.87,0.0502,KILIT,4.92,4.95,1255.97,-219.72,-15.69,10.91,-2.42,-0.0,1251.17,-218.65,-15.17,1.0,2.2,-13.4,1254.04,-219.51,-15.17,13.16,-2.63,-0.0,-13.4,0.74,3.84,-21.16,322.3,304.5,-0.13,0.21,
4527.92,0.0501,KILIT,5.17,5.19,1256.74,-219.89,-15.69,12.25,-2.69,-0.0,1251.7,-218.78,-15.18,-0.4,3.4,-17.1,1254.92,-219.17,-15.17,13.74,-2.47,0.0,-12.4,4.69,2.22,-22.78,334.8,309.9,0.19,0.31,
4527.97,0.0504,KILIT,5.32,5.34,1257.42,-220.04,-15.69,12.61,-2.77,-0.0,1252.23,-218.9,-15.18,0.5,2.7,-14.0,1255.61,-219.26,-15.17,14.34,-2.39,0.0,-14.0,1.61,2.8,-22.2,325.1,308.0,0.23,0.37,
4528.02,0.0501,KILIT,4.77,4.8,1257.42,-220.04,-15.69,12.61,-2.77,-0.0,1252.76,-219.02,-15.18,1.3,1.2,-13.0,1255.61,-219.26,-15.17,14.42,-1.94,0.01,-13.0,0.57,4.91,-20.09,321.8,300.9,0.23,0.37,
4528.071,0.0506,KILIT,4.87,4.9,1258.05,-220.18,-15.69,10.69,-2.36,-0.0,1253.29,-219.15,-15.17,0.9,1.9,-16.6,1256.2,-219.58,-15.17,13.83,-2.08,0.0,-12.2,4.33,4.27,-20.73,333.4,303.0,0.11,0.19,
4528.121,0.0501,KILIT,5.13,5.15,1258.84,-220.35,-15.69,12.23,-2.68,-0.0,1253.83,-219.28,-15.17,2.6,1.9,-15.1,1257.04,-219.54,-15.17,14.43,-2.11,0.0,-12.1,2.85,4.03,-20.97,328.8,303.8,0.25,0.41,
4528.171,0.0501,KILIT,4.59,4.62,1258.84,-220.35,-15.69,12.23,-2.68,-0.0,1254.35,-219.4,-15.17,2.3,-0.2,-11.5,1257.04,-219.54,-15.17,13.84,-1.99,-0.0,-11.5,-0.72,6.64,-18.36,317.8,295.3,0.25,0.41,
4528.222,0.0507,KILIT,4.76,4.79,1259.54,-220.5,-15.69,10.63,-2.33,-0.0,1254.88,-219.52,-15.17,2.8,0.1,-15.1,1257.73,-219.71,-15.17,13.24,-1.96,-0.0,-11.9,2.88,6.28,-18.72,328.8,296.4,0.24,0.39,
4528.272,0.0501,KILIT,4.87,4.89,1260.17,-220.65,-15.69,11.26,-2.49,-0.0,1255.41,-219.66,-15.17,4.3,0.2,-14.5,1258.26,-220.37,-15.17,13.25,-2.56,-0.0,-14.5,2.36,6.09,-18.91,327.2,297.0,-0.09,0.15,
4528.322,0.0501,KILIT,4.94,4.97,1260.78,-220.78,-15.69,11.51,-2.57,-0.0,1255.94,-219.79,-15.17,3.6,-1.7,-10.9,1258.75,-221.01,-15.17,13.3,-3.16,-0.0,-10.9,-1.19,7.65,-17.35,316.4,292.0,-0.41,0.66,
4528.372,0.0502,KILIT,5.21,5.24,1261.58,-220.96,-15.69,12.86,-2.84,-0.0,1256.48,-219.89,-15.17,4.3,-1.2,-13.9,1259.7,-220.55,-15.17,13.9,-3.23,-0.0,-13.9,1.56,7.03,-17.97,324.7,294.0,-0.01,0.01,
4528.422,0.0501,KILIT,5.41,5.43,1262.28,-221.11,-15.69,13.19,-2.9,-0.0,1256.99,-220.01,-15.17,5.4,-0.9,-14.8,1260.43,-220.55,-15.17,14.5,-3.22,-0.0,-11.7,2.44,6.65,-18.35,327.4,295.2,0.09,0.15,
4528.472,0.0501,KILIT,5.52,5.54,1262.92,-221.25,-15.69,13.06,-2.87,-0.0,1257.52,-220.13,-15.18,4.3,-1.9,-12.3,1261.09,-220.59,-15.17,15.1,-3.15,0.0,-12.3,0.04,7.21,-17.79,320.1,293.5,0.15,0.25,
4528.522,0.05,KILIT,4.96,4.99,1262.92,-221.25,-15.69,13.06,-2.87,-0.0,1258.06,-220.26,-15.18,4.4,-1.2,-14.4,1261.09,-220.59,-15.17,15.16,-2.56,0.01,-14.4,2.34,7.27,-17.73,327.1,293.2,0.15,0.25,
4528.572,0.0501,KILIT,5.04,5.06,1263.51,-221.38,-15.69,10.91,-2.4,-0.0,1258.58,-220.37,-15.17,4.8,-0.8,-15.4,1261.66,-220.83,-15.17,14.56,-2.58,0.0,-11.6,3.23,6.99,-18.01,329.8,294.1,0.09,0.14,
4528.623,0.0508,KILIT,5.06,5.09,1264.09,-221.51,-15.69,11.04,-2.41,-0.0,1259.13,-220.48,-15.17,2.6,-2.6,-12.0,1262.33,-220.49,-15.17,14.25,-2.05,0.0,-12.0,-0.07,8.47,-16.53,319.8,289.4,0.38,0.62,
4528.673,0.0501,KILIT,5.1,5.13,1264.66,-221.63,-15.69,11.13,-2.44,-0.0,1259.66,-220.61,-15.17,3.6,-3.0,-13.2,1262.83,-220.94,-15.17,13.81,-2.46,-0.0,-13.2,1.1,8.91,-16.09,323.3,288.1,0.18,0.29,
4528.723,0.0504,KILIT,5.32,5.35,1265.41,-221.8,-15.69,12.28,-2.73,-0.0,1260.2,-220.71,-15.17,3.3,-2.5,-15.3,1263.4,-221.94,-15.17,14.01,-3.03,-0.0,-11.8,3.0,8.26,-16.74,329.0,290.1,-0.35,0.57,
4528.774,0.0501,KILIT,4.79,4.82,1265.41,-221.8,-15.69,12.28,-2.73,-0.0,1260.72,-220.83,-15.17,2.1,-3.9,-12.0,1263.4,-221.94,-15.17,13.8,-3.59,-0.0,-12.0,-0.09,10.1,-14.9,319.7,284.3,-0.35,0.57,
4528.825,0.0512,KILIT,5.48,5.5,1266.08,-221.95,-15.69,10.58,-2.36,-0.0,1260.72,-220.83,-15.17,3.4,-4.1,-12.9,1264.08,-222.06,-15.17,13.88,-4.2,-0.0,-12.9,0.5,9.57,-15.43,321.5,286.0,-0.33,0.54,
4528.875,0.0502,KILIT,5.03,5.06,1266.71,-222.09,-15.69,11.15,-2.48,-0.0,1261.79,-221.05,-15.17,3.0,-3.3,-15.2,1264.76,-221.96,-15.17,13.43,-3.79,-0.0,-12.0,2.77,9.36,-15.64,328.3,286.6,-0.18,0.3,
4528.925,0.0502,KILIT,5.09,5.12,1267.31,-222.22,-15.69,11.39,-2.52,-0.0,1262.33,-221.17,-15.17,1.7,-4.1,-12.6,1265.43,-221.75,-15.17,13.63,-3.22,-0.0,-12.6,0.36,9.95,-15.05,321.1,284.8,0.03,0.05,
4528.978,0.0528,KILIT,5.14,5.17,1267.89,-222.35,-15.69,11.3,-2.51,-0.0,1262.87,-221.27,-15.17,2.4,-4.2,-12.7,1265.97,-222.09,-15.17,13.79,-3.26,-0.0,-12.7,0.11,9.99,-15.01,320.3,284.7,-0.1,0.16,
4529.028,0.0501,KILIT,5.41,5.43,1268.68,-222.53,-15.69,12.64,-2.82,-0.0,1263.4,-221.39,-15.16,1.1,-3.3,-15.0,1266.68,-222.62,-15.17,14.25,-3.65,-0.0,-15.0,2.65,8.95,-16.05,327.9,287.9,-0.32,0.53,
4529.078,0.0501,KILIT,5.56,5.59,1269.38,-222.68,-15.69,13.03,-2.88,-0.0,1263.95,-221.5,-15.16,0.1,-3.6,-13.4,1267.53,-222.12,-15.17,14.82,-3.47,-0.01,-13.4,1.1,9.05,-15.95,323.3,287.6,0.09,0.15,
4529.128,0.0501,KILIT,5.56,5.59,1269.38,-222.68,-15.69,13.03,-2.88,-0.0,1263.95,-221.5,-15.16,0.8,-3.6,-13.5,1267.53,-222.12,-15.17,15.39,-3.3,-0.01,-13.5,1.09,9.06,-15.94,323.3,287.6,0.09,0.15,
4529.178,0.0501,KILIT,5.64,5.67,1270.0,-222.82,-15.69,10.98,-2.43,-0.0,1264.49,-221.61,-15.16,-0.8,-2.8,-16.4,1268.13,-222.35,-15.17,14.87,-3.0,-0.01,-12.4,4.13,8.1,-16.9,332.5,290.5,0.04,0.06,
4529.228,0.0501,KILIT,5.15,5.18,1270.6,-222.95,-15.69,11.25,-2.49,-0.0,1265.57,-221.83,-15.16,-0.7,-3.5,-15.6,1268.74,-222.39,-15.17,14.31,-2.79,-0.01,-12.6,3.14,9.33,-15.67,329.4,286.7,0.09,0.15,
4529.279,0.0501,KILIT,5.74,5.77,1271.17,-223.08,-15.69,11.33,-2.5,-0.0,1265.57,-221.83,-15.16,-0.7,-3.5,-15.6,1269.34,-222.41,-15.17,14.9,-2.69,-0.01,-12.6,3.16,8.73,-16.27,329.5,288.6,0.16,0.26,
4529.329,0.05,KILIT,5.76,5.78,1271.74,-223.21,-15.69,11.33,-2.54,-0.0,1266.12,-221.96,-15.16,-1.7,-3.9,-16.0,1269.69,-223.55,-15.17,14.83,-3.29,-0.01,-12.6,3.74,9.04,-15.96,331.2,287.6,-0.48,0.78,
4529.379,0.0501,KILIT,5.78,5.81,1272.3,-223.34,-15.69,11.28,-2.52,-0.0,1266.66,-222.06,-15.16,-0.6,-4.4,-15.0,1270.34,-223.23,-15.17,14.81,-3.89,-0.01,-15.0,2.38,9.61,-15.39,327.1,285.8,-0.2,0.32,
4529.429,0.0501,KILIT,5.78,5.81,1272.84,-223.46,-15.69,11.11,-2.49,-0.0,1267.2,-222.17,-15.15,-0.6,-4.4,-15.0,1270.82,-223.63,-15.17,14.54,-4.43,-0.02,-15.0,2.26,9.71,-15.29,326.7,285.5,-0.38,0.61,
4529.479,0.05,KILIT,5.78,5.81,1273.38,-223.57,-15.69,11.02,-2.45,-0.0,1267.74,-222.28,-15.15,-0.9,-5.4,-12.4,1271.52,-223.05,-15.17,14.58,-3.83,-0.02,-12.4,-0.37,10.74,-14.26,318.9,282.3,0.07,0.11,
4529.529,0.0501,KILIT,5.79,5.81,1273.93,-223.7,-15.69,11.03,-2.45,-0.0,1268.29,-222.4,-15.15,-1.1,-5.0,-14.6,1272.08,-223.12,-15.17,14.58,-3.23,-0.02,-14.6,1.87,10.29,-14.71,325.5,283.7,0.1,0.16,
4529.579,0.0504,KILIT,5.77,5.8,1274.48,-223.82,-15.69,11.0,-2.46,-0.0,1268.86,-222.52,-15.15,-0.9,-6.2,-13.7,1272.53,-223.69,-15.17,14.24,-3.72,-0.02,-13.7,0.86,11.53,-13.47,322.5,279.9,-0.18,0.3,
4529.629,0.0501,KILIT,5.78,5.81,1275.03,-223.95,-15.69,11.0,-2.46,-0.0,1269.4,-222.63,-15.15,-0.9,-6.2,-13.7,1273.09,-223.79,-15.17,14.11,-3.8,-0.02,-13.7,0.75,11.52,-13.48,322.2,279.9,-0.17,0.27,
