<?xml version="1.0" encoding="utf-8"?>
<COLLADA xmlns="http://www.collada.org/2005/11/COLLADASchema" version="1.4.1" xmlns:xsi="http://www.w3.org/2001/XMLSchema-instance">
  <asset>
    <contributor>
      <author>Blender User</author>
      <authoring_tool>Blender 2.93.6 commit date:2021-11-16, commit time:14:54, hash:c842a90e2fa1</authoring_tool>
    </contributor>
    <created>2023-07-04T11:51:51</created>
    <modified>2023-07-04T11:51:51</modified>
    <unit name="meter" meter="1"/>
    <up_axis>Z_UP</up_axis>
  </asset>
  <library_effects>
    <effect id="ID10_002-effect">
      <profile_COMMON>
        <technique sid="common">
          <lambert>
            <emission>
              <color sid="emission">0 0 0 1</color>
            </emission>
            <diffuse>
              <color sid="diffuse">1 1 1 1</color>
            </diffuse>
            <index_of_refraction>
              <float sid="ior">1.45</float>
            </index_of_refraction>
          </lambert>
        </technique>
      </profile_COMMON>
    </effect>
    <effect id="ID53_002-effect">
      <profile_COMMON>
        <technique sid="common">
          <lambert>
            <emission>
              <color sid="emission">0 0 0 1</color>
            </emission>
            <diffuse>
              <color sid="diffuse">0.498039 0.498039 0.498039 1</color>
            </diffuse>
            <index_of_refraction>
              <float sid="ior">1.45</float>
            </index_of_refraction>
          </lambert>
        </technique>
      </profile_COMMON>
    </effect>
    <effect id="ID90_002-effect">
      <profile_COMMON>
        <technique sid="common">
          <lambert>
            <emission>
              <color sid="emission">0 0 0 1</color>
            </emission>
            <diffuse>
              <color sid="diffuse">0.647059 0.619608 0.584314 1</color>
            </diffuse>
            <index_of_refraction>
              <float sid="ior">1.45</float>
            </index_of_refraction>
          </lambert>
        </technique>
      </profile_COMMON>
    </effect>
    <effect id="ID147_002-effect">
      <profile_COMMON>
        <technique sid="common">
          <lambert>
            <emission>
              <color sid="emission">0 0 0 1</color>
            </emission>
            <diffuse>
              <color sid="diffuse">0.65098 0.619608 0.584314 1</color>
            </diffuse>
            <index_of_refraction>
              <float sid="ior">1.45</float>
            </index_of_refraction>
          </lambert>
        </technique>
      </profile_COMMON>
    </effect>
  </library_effects>
  <library_images/>
  <library_materials>
    <material id="ID10_002-material" name="ID10.002">
      <instance_effect url="#ID10_002-effect"/>
    </material>
    <material id="ID53_002-material" name="ID53.002">
      <instance_effect url="#ID53_002-effect"/>
    </material>
    <material id="ID90_002-material" name="ID90.002">
      <instance_effect url="#ID90_002-effect"/>
    </material>
    <material id="ID147_002-material" name="ID147.002">
      <instance_effect url="#ID147_002-effect"/>
    </material>
  </library_materials>
  <library_geometries>
    <geometry id="ID26_011-mesh" name="ID26.011">
      <mesh>
        <source id="ID26_011-mesh-positions">
          <float_array id="ID26_011-mesh-positions-array" count="28335">0.0003325108 -0.00401275 0 -0.0003338504 -0.00401259 0.4026562 -0.0003325108 -0.00401275 0 0.00402651 0 0.4026562 0.00402651 0 0 0.003971629 0.0006627507 0 -0.000988462 -0.003903309 0 -0.0009897626 -0.003902909 0.4026562 -0.001618572 -0.003686747 0.4026562 -0.001617451 -0.003687388 0 -0.002203296 -0.003370025 0.4026562 -0.002202256 -0.003370825 0 -0.002727061 -0.002962421 0 -0.002727861 -0.002961542 0.4026562 -0.003178024 -0.002472258 0.4026562 -0.003177464 -0.002473138 0 -0.003541547 -0.001915614 0.4026562 -0.003541226 -0.001916414 0 -0.003808348 -0.001307422 0 -0.003808508 -0.001306802 0.4026562 -0.003971549 -0.0006629346 0.4026562 -0.003971629 -0.0006627507 0 -0.00402651 0 0.4026562 -0.00402651 0 0 0.0003312022 -0.004012829 0.4026562 0.000988462 -0.003903309 0 0.0009872514 -0.00390355 0.4026562 0.001617451 -0.003687388 0 0.001616332 -0.003687788 0.4026562 0.002201377 -0.003371384 0.4026562 0.002202256 -0.003370825 0 0.002727061 -0.002962421 0 0.00272642 -0.002962982 0.4026562 0.003177464 -0.002473138 0 0.003177064 -0.002473699 0.4026562 0.003540907 -0.001916893 0.4026562 0.003541226 -0.001916414 0 0.003808348 -0.001307422 0 0.003808268 -0.001307772 0.4026562 0.003971629 -0.0006627507 0 0.003971549 -0.0006629346 0.4026562 0.003808348 0.001307422 0.4026562 0.003971629 0.0006627507 0.4026562 0.003808348 0.001307422 0 0.002727061 0.002962421 0.4026562 0.003177464 0.002473138 0.4026562 0.002727061 0.002962421 0 0.003541226 0.001916414 0.4026562 0.003541226 0.001916414 0 0.003177464 0.002473138 0 0.001617451 0.003687388 0.4026562 0.000988462 0.003903309 0 0.000988462 0.003903309 0.4026562 0.002202256 0.003370825 0 0.001617451 0.003687388 0 0.002202256 0.003370825 0.4026562 -0.000988462 0.003903309 0 -0.000988462 0.003903309 0.4026562 -0.0003325108 0.00401275 0.4026562 -0.0003325108 0.00401275 0 0.0003325108 0.00401275 0.4026562 0.0003325108 0.00401275 0 -0.002727061 0.002962421 0.4026562 -0.002202256 0.003370825 0.4026562 -0.002727061 0.002962421 0 -0.001617451 0.003687388 0.4026562 -0.001617451 0.003687388 0 -0.002202256 0.003370825 0 -0.003541226 0.001916414 0 -0.003177464 0.002473138 0.4026562 -0.003177464 0.002473138 0 -0.003808348 0.001307422 0 -0.003541226 0.001916414 0.4026562 -0.003808348 0.001307422 0.4026562 -0.003971629 0.0006627507 0 -0.003971629 0.0006627507 0.4026562 -0.0003338504 -0.00401259 0.4026562 -0.0006581671 -0.002602339 0.4026562 -0.0009897626 -0.003902909 0.4026562 -0.002360818 0.001277622 0.4026562 -0.003541226 0.001916414 0.4026562 -0.002538899 0.0008716152 0.4026562 -0.001618572 -0.003686747 0.4026562 -0.001077595 -0.002458498 0.4026562 0.0003312022 -0.004012829 0.4026562 -0.0002208019 -0.00267522 0.4026562 -0.002203296 -0.003370025 0.4026562 -0.001467611 -0.002247536 0.4026562 0.0009872514 -0.00390355 0.4026562 0.0002225669 -0.00267506 0.4026562 0.001616332 -0.003687788 0.4026562 0.0006598408 -0.002601859 0.4026562 0.002201377 -0.003371384 0.4026562 0.001079095 -0.002457778 0.4026562 -0.002727861 -0.002961542 0.4026562 -0.001817613 -0.001975295 0.4026562 0.001468811 -0.002246657 0.4026562 0.00272642 -0.002962982 0.4026562 -0.002118015 -0.001649132 0.4026562 -0.003178024 -0.002472258 0.4026562 -0.003971549 -0.0006629346 0.4026562 -0.002538819 -0.0008718474 0.4026562 -0.0026477 -0.0004419568 0.4026562 0.003177064 -0.002473699 0.4026562 0.001818573 -0.001974335 0.4026562 -0.003808348 0.001307422 0.4026562 -0.0026477 0.0004418334 0.4026562 0.002538979 -0.0008712005 0.4026562 0.003540907 -0.001916893 0.4026562 0.003808268 -0.001307772 0.4026562 -0.002202256 0.003370825 0.4026562 -0.002727061 0.002962421 0.4026562 -0.001468171 0.002247216 0.4026562 -0.002118336 0.001648732 0.4026562 -0.003177464 0.002473138 0.4026562 -0.000988462 0.003903309 0.4026562 -0.0002216743 0.002675139 0.4026562 -0.0003325108 0.00401275 0.4026562 0.002118336 0.001648732 0.4026562 0.003541226 0.001916414 0.4026562 0.003177464 0.002473138 0.4026562 0.0002216743 0.002675139 0.4026562 0.0003325108 0.00401275 0.4026562 0.000988462 0.003903309 0.4026562 0.0006589751 0.002602179 0.4026562 0.001078301 0.002458258 0.4026562 0.002202256 0.003370825 0.4026562 0.001818013 0.001974895 0.4026562 0.002727061 0.002962421 0.4026562 0.001468171 0.002247216 0.4026562 0.001617451 0.003687388 0.4026562 -0.001078301 0.002458258 0.4026562 -0.001617451 0.003687388 0.4026562 -0.0006589751 0.002602179 0.4026562 0.003971629 0.0006627507 0.4026562 0.0026477 0.0004418334 0.4026562 0.00402651 0 0.4026562 0.002360818 0.001277622 0.4026562 0.002538899 0.0008716152 0.4026562 0.003808348 0.001307422 0.4026562 0.003971549 -0.0006629346 0.4026562 0.0026477 -0.0004419568 0.4026562 -0.001818013 0.001974895 0.4026562 -0.003971629 0.0006627507 0.4026562 -0.00268434 0 0.4026562 -0.00402651 0 0.4026562 0.002118655 -0.001648171 0.4026562 0.002360978 -0.001277082 0.4026562 -0.003541547 -0.001915614 0.4026562 -0.002360578 -0.00127794 0.4026562 -0.003808508 -0.001306802 0.4026562 0.00268434 0 0.4026562 -0.0003325108 -0.00401275 0 -0.0002225669 -0.00267506 0 0.0003325108 -0.00401275 0 -0.003177464 0.002473138 0 -0.002118336 0.001648732 0 -0.002360818 0.001277622 0 0.000988462 -0.003903309 0 0.0002208019 -0.00267522 0 -0.000988462 -0.003903309 0 -0.0006598408 -0.002601859 0 0.0006581671 -0.002602339 0 0.001617451 -0.003687388 0 -0.001617451 -0.003687388 0 -0.001079095 -0.002457778 0 -0.002202256 -0.003370825 0 -0.001468811 -0.002246657 0 -0.002727061 -0.002962421 0 -0.001818573 -0.001974335 0 0.001077595 -0.002458498 0 0.002202256 -0.003370825 0 -0.003177464 -0.002473138 0 -0.002118655 -0.001648171 0 0.002727061 -0.002962421 0 0.001467611 -0.002247536 0 0.003177464 -0.002473138 0 0.002118015 -0.001649132 0 0.002360578 -0.00127794 0 0.001817613 -0.001975295 0 0.003808348 -0.001307422 0 0.002538819 -0.0008718474 0 0.0026477 -0.0004419568 0 -0.002538979 -0.0008712005 0 -0.003971629 -0.0006627507 0 -0.0026477 -0.0004419568 0 0.0026477 0.0004418334 0 0.003971629 0.0006627507 0 0.00402651 0 0 -0.0026477 0.0004418334 0 -0.003808348 0.001307422 0 -0.002538899 0.0008716152 0 0.001468171 0.002247216 0 0.002727061 0.002962421 0 0.001818013 0.001974895 0 -0.002727061 0.002962421 0 -0.002202256 0.003370825 0 -0.001468171 0.002247216 0 0.0002216743 0.002675139 0 -0.0003325108 0.00401275 0 0.0003325108 0.00401275 0 -0.000988462 0.003903309 0 -0.0002216743 0.002675139 0 0.001078301 0.002458258 0 0.001617451 0.003687388 0 0.000988462 0.003903309 0 0.0006589751 0.002602179 0 -0.001617451 0.003687388 0 -0.001078301 0.002458258 0 -0.0006589751 0.002602179 0 0.002360818 0.001277622 0 0.003808348 0.001307422 0 0.002538899 0.0008716152 0 0.002118336 0.001648732 0 0.003177464 0.002473138 0 0.003541226 0.001916414 0 -0.003541226 0.001916414 0 -0.001818013 0.001974895 0 -0.003971629 0.0006627507 0 -0.00268434 0 0 0.003971629 -0.0006627507 0 -0.00402651 0 0 0.003541226 -0.001916414 0 -0.003541226 -0.001916414 0 -0.002360978 -0.001277082 0 -0.003808348 -0.001307422 0 0.00268434 0 0 0.002202256 0.003370825 0 -0.0026477 0.0004418334 0.4026562 -0.00268434 0 0.4026562 -0.00268434 0 0 -0.002118336 0.001648732 0.4026562 -0.002360818 0.001277622 0.4026562 -0.002360818 0.001277622 0 -0.002538899 0.0008716152 0.4026562 -0.0026477 0.0004418334 0 -0.002538899 0.0008716152 0 -0.001468171 0.002247216 0 -0.001078301 0.002458258 0.4026562 -0.001468171 0.002247216 0.4026562 -0.002118336 0.001648732 0 -0.001818013 0.001974895 0 -0.001818013 0.001974895 0.4026562 -0.0002216743 0.002675139 0.4026562 -0.0002216743 0.002675139 0 0.0002216743 0.002675139 0.4026562 -0.0006589751 0.002602179 0.4026562 -0.001078301 0.002458258 0 -0.0006589751 0.002602179 0 0.001468171 0.002247216 0.4026562 0.001078301 0.002458258 0.4026562 0.001078301 0.002458258 0 0.0006589751 0.002602179 0 0.0006589751 0.002602179 0.4026562 0.0002216743 0.002675139 0 0.002118336 0.001648732 0 0.002360818 0.001277622 0.4026562 0.002118336 0.001648732 0.4026562 0.001468171 0.002247216 0 0.001818013 0.001974895 0 0.001818013 0.001974895 0.4026562 0.0026477 0.0004418334 0.4026562 0.0026477 0.0004418334 0 0.00268434 0 0.4026562 0.002538899 0.0008716152 0.4026562 0.002360818 0.001277622 0 0.002538899 0.0008716152 0 0.002360978 -0.001277082 0.4026562 0.002538979 -0.0008712005 0.4026562 0.002538819 -0.0008718474 0 0.0026477 -0.0004419568 0 0.0026477 -0.0004419568 0.4026562 0.00268434 0 0 0.001817613 -0.001975295 0 0.001468811 -0.002246657 0.4026562 0.001818573 -0.001974335 0.4026562 0.002360578 -0.00127794 0 0.002118015 -0.001649132 0 0.002118655 -0.001648171 0.4026562 0.0006598408 -0.002601859 0.4026562 0.0006581671 -0.002602339 0 0.0002225669 -0.00267506 0.4026562 0.001079095 -0.002457778 0.4026562 0.001467611 -0.002247536 0 0.001077595 -0.002458498 0 -0.0002208019 -0.00267522 0.4026562 -0.0002225669 -0.00267506 0 -0.0006581671 -0.002602339 0.4026562 0.0002208019 -0.00267522 0 -0.0006598408 -0.002601859 0 -0.001077595 -0.002458498 0.4026562 -0.001467611 -0.002247536 0.4026562 -0.001079095 -0.002457778 0 -0.001468811 -0.002246657 0 -0.001817613 -0.001975295 0.4026562 -0.001818573 -0.001974335 0 -0.002118015 -0.001649132 0.4026562 -0.002360578 -0.00127794 0.4026562 -0.002118655 -0.001648171 0 -0.002360978 -0.001277082 0 -0.002538819 -0.0008718474 0.4026562 -0.002538979 -0.0008712005 0 -0.0026477 -0.0004419568 0.4026562 -0.0026477 -0.0004419568 0 -0.1410902 0.006451568 0.1762932 -0.1410902 0.006451568 0.1964261 -0.1409177 0.005581562 0.1964261 -0.1408909 0.004695075 0.1964261 -0.1408909 0.004695075 0.1762932 -0.1409177 0.005581562 0.1762932 -0.1418494 0.00804814 0.1964261 -0.1424152 0.008731026 0.1762932 -0.1424152 0.008731026 0.1964261 -0.1418494 0.00804814 0.1762932 -0.1414036 0.007281335 0.1964261 -0.1414036 0.007281335 0.1762932 -0.1446653 0.0101048 0.1762932 -0.1446653 0.0101048 0.1964261 -0.1438426 0.009773593 0.1964261 -0.1438426 0.009773593 0.1762932 -0.1430858 0.00931151 0.1964261 -0.1430858 0.00931151 0.1762932 -0.1472978 0.01024184 0.1964261 -0.1464167 0.01034208 0.1964261 -0.1472978 0.01024184 0.1762932 -0.1455312 0.010296 0.1964261 -0.1455312 0.010296 0.1762932 -0.1464167 0.01034208 0.1762932 -0.1489509 0.009617032 0.1964261 -0.1496778 0.009109668 0.1762932 -0.1496778 0.009109668 0.1964261 -0.1481501 0.009997916 0.1762932 -0.1489509 0.009617032 0.1762932 -0.1481501 0.009997916 0.1964261 -0.1512322 0.006981732 0.1762932 -0.1512322 0.006981732 0.1964261 -0.1508342 0.007773818 0.1964261 -0.1508342 0.007773818 0.1762932 -0.1503113 0.008489584 0.1964261 -0.1503113 0.008489584 0.1762932 -0.1515868 0.004370673 0.1964261 -0.1516136 0.005256999 0.1964261 -0.1515868 0.004370673 0.1762932 -0.1514942 0.006135806 0.1964261 -0.1514942 0.006135806 0.1762932 -0.1516136 0.005256999 0.1762932 -0.1511012 0.00267138 0.1964261 -0.1506556 0.001904654 0.1762932 -0.1506556 0.001904654 0.1964261 -0.1514143 0.003500906 0.1762932 -0.1511012 0.00267138 0.1762932 -0.1514143 0.003500906 0.1964261 -0.1486631 0.0001790921 0.1762932 -0.1486631 0.0001790948 0.1964261 -0.1494198 0.0006413361 0.1964261 -0.1494198 0.0006413334 0.1762932 -0.1500901 0.001221828 0.1964261 -0.1500901 0.001221825 0.1762932 -0.1460895 -0.0003902303 0.1964261 -0.146975 -0.0003438282 0.1964261 -0.1460895 -0.000390233 0.1762932 -0.1478407 -0.0001523101 0.1964261 -0.1478407 -0.0001523128 0.1762932 -0.146975 -0.0003438309 0.1762932 -0.1452084 -0.0002902521 0.1762932 -0.1443559 -4.662155e-05 0.1762932 -0.1452084 -0.0002902494 0.1964261 -0.1443559 -4.661914e-05 0.1964261 -0.143555 0.000334002 0.1762932 -0.1428277 0.0008412576 0.1762932 -0.143555 0.0003340047 0.1964261 -0.1421939 0.001461291 0.1762932 -0.1428277 0.0008412603 0.1964261 -0.1421939 0.001461291 0.1964261 -0.1416707 0.002177216 0.1762932 -0.1412725 0.002969462 0.1762932 -0.1416707 0.002177216 0.1964261 -0.1410102 0.003816428 0.1762932 -0.1412725 0.002969462 0.1964261 -0.1410102 0.003816428 0.1964261 -0.14442 0.01143193 0.1964261 -0.1455312 0.010296 0.1964261 -0.1454033 0.01163289 0.1964261 -0.141577 0.0001617014 0.1964261 -0.1421939 0.001461291 0.1964261 -0.1409117 0.0009122741 0.1964261 -0.1425972 0.01060432 0.1964261 -0.1438426 0.009773593 0.1964261 -0.1434777 0.01108648 0.1964261 -0.1446653 0.0101048 0.1964261 -0.1464051 0.01168505 0.1964261 -0.1464167 0.01034208 0.1964261 -0.1430858 0.00931151 0.1964261 -0.1418002 0.009997435 0.1964261 -0.1424152 0.008731026 0.1964261 -0.1418494 0.00804814 0.1964261 -0.141102 0.009278391 0.1964261 -0.1472978 0.01024184 0.1964261 -0.1474032 0.01158737 0.1964261 -0.1414036 0.007281335 0.1964261 -0.1405184 0.008462943 0.1964261 -0.1481501 0.009997916 0.1964261 -0.1483749 0.01134225 0.1964261 -0.1489509 0.009617032 0.1964261 -0.1496778 0.009109668 0.1964261 -0.1501567 0.01043408 0.1964261 -0.1492989 0.01095552 0.1964261 -0.1521388 0.008198142 0.1964261 -0.1515928 0.009039668 0.1964261 -0.1508342 0.007773818 0.1964261 -0.1409177 0.005581562 0.1964261 -0.1395731 0.005628442 0.1964261 -0.1408909 0.004695075 0.1964261 -0.1528266 0.006322927 0.1964261 -0.1525533 0.007284935 0.1964261 -0.1514942 0.006135806 0.1964261 -0.1403658 0.001753453 0.1964261 -0.1412725 0.002969462 0.1964261 -0.1399514 0.002666419 0.1964261 -0.1527595 0.003335305 0.1964261 -0.1515868 0.004370673 0.1964261 -0.1514143 0.003500906 0.1964261 -0.1428277 0.0008412603 0.1964261 -0.1423469 -0.0004814346 0.1964261 -0.143555 0.0003340047 0.1964261 -0.1507038 -4.580067e-05 0.1964261 -0.1494198 0.0006413361 0.1964261 -0.1499056 -0.0006531125 0.1964261 -0.1451027 -0.001635611 0.1964261 -0.1460895 -0.0003902303 0.1964261 -0.1452084 -0.0002902494 0.1964261 -0.1486631 0.0001790948 0.1964261 -0.149026 -0.001134642 0.1964261 -0.1478407 -0.0001523101 0.1964261 -0.1480848 -0.001479691 0.1964261 -0.1461014 -0.001733133 0.1964261 -0.146975 -0.0003438282 0.1964261 -0.1471028 -0.001680652 0.1964261 -0.152442 0.002383458 0.1964261 -0.1511012 0.00267138 0.1964261 -0.1519864 0.001489611 0.1964261 -0.1514025 0.0006738009 0.1964261 -0.1506556 0.001904654 0.1964261 -0.1500901 0.001221828 0.1964261 -0.1443559 -4.661914e-05 0.1964261 -0.1432042 -0.001002685 0.1964261 -0.1441297 -0.00139033 0.1964261 -0.1529539 0.00532724 0.1964261 -0.1516136 0.005256999 0.1964261 -0.1529314 0.004323952 0.1964261 -0.1416707 0.002177216 0.1964261 -0.1512322 0.006981732 0.1964261 -0.1410102 0.003816428 0.1964261 -0.1396778 0.003629467 0.1964261 -0.1509271 0.009790634 0.1964261 -0.1503113 0.008489584 0.1964261 -0.1395505 0.004624835 0.1964261 -0.1410902 0.006451568 0.1964261 -0.1397452 0.006617329 0.1964261 -0.1400626 0.007569257 0.1964261 -0.1397449 0.006616689 0.16576 -0.1410902 0.006451568 0.1762932 -0.1409177 0.005581562 0.1762932 -0.1408909 0.004695075 0.1762932 -0.1395505 0.004624835 0.16576 -0.139573 0.005628042 0.16576 -0.1418494 0.00804814 0.1762932 -0.1411019 0.009278229 0.16576 -0.1424152 0.008731026 0.1762932 -0.140518 0.008462464 0.16576 -0.1414036 0.007281335 0.1762932 -0.1400624 0.007568617 0.16576 -0.1425988 0.0106052 0.16576 -0.1434784 0.01108672 0.16576 -0.1438426 0.009773593 0.1762932 -0.1430858 0.00931151 0.1762932 -0.1418006 0.009997835 0.16576 -0.1464167 0.01034208 0.1762932 -0.1455312 0.010296 0.1762932 -0.146403 0.01168521 0.16576 -0.1446653 0.0101048 0.1762932 -0.1444196 0.01143177 0.16576 -0.1481501 0.009997916 0.1762932 -0.1493002 0.01095472 0.16576 -0.1489509 0.009617032 0.1762932 -0.1474017 0.01158777 0.16576 -0.1483748 0.01134241 0.16576 -0.1472978 0.01024184 0.1762932 -0.1509274 0.009790393 0.16576 -0.1515927 0.009039829 0.16576 -0.1503113 0.008489584 0.1762932 -0.1501575 0.01043352 0.16576 -0.1496778 0.009109668 0.1762932 -0.1528267 0.006322608 0.16576 -0.1514942 0.006135806 0.1762932 -0.152553 0.007285575 0.16576 -0.1512322 0.006981732 0.1762932 -0.1508342 0.007773818 0.1762932 -0.1521386 0.008198622 0.16576 -0.1515868 0.004370673 0.1762932 -0.1529314 0.004323952 0.16576 -0.1527595 0.003335305 0.16576 -0.1529539 0.00532724 0.16576 -0.1516136 0.005256999 0.1762932 -0.1519864 0.001489611 0.16576 -0.1514025 0.0006737983 0.16576 -0.1506556 0.001904654 0.1762932 -0.152442 0.002383458 0.16576 -0.1511012 0.00267138 0.1762932 -0.1514143 0.003500906 0.1762932 -0.149026 -0.001134646 0.16576 -0.1486631 0.0001790921 0.1762932 -0.1499056 -0.0006531165 0.16576 -0.1494198 0.0006413334 0.1762932 -0.1500901 0.001221825 0.1762932 -0.1507038 -4.580443e-05 0.16576 -0.146975 -0.0003438309 0.1762932 -0.1471028 -0.001680652 0.16576 -0.1461014 -0.001733133 0.16576 -0.1478407 -0.0001523128 0.1762932 -0.1480848 -0.001479691 0.16576 -0.1460895 -0.000390233 0.1762932 -0.1451027 -0.001635611 0.16576 -0.1452084 -0.0002902521 0.1762932 -0.1441297 -0.00139033 0.16576 -0.1443559 -4.662155e-05 0.1762932 -0.143555 0.000334002 0.1762932 -0.1432042 -0.001002689 0.16576 -0.1423469 -0.0004814373 0.16576 -0.1428277 0.0008412576 0.1762932 -0.141577 0.0001616987 0.16576 -0.1421939 0.001461291 0.1762932 -0.1416707 0.002177216 0.1762932 -0.1409117 0.0009122714 0.16576 -0.1403658 0.001753453 0.16576 -0.1412725 0.002969462 0.1762932 -0.1399514 0.002666419 0.16576 -0.1410102 0.003816428 0.1762932 -0.1396778 0.003629467 0.16576 -0.1454016 0.01163281 0.16576 -0.1454033 0.01163289 0.1964261 -0.1464051 0.01168505 0.1762932 -0.1454033 0.01163289 0.1762932 -0.1529539 0.00532724 0.1964261 -0.1529314 0.004323952 0.1762932 -0.1529539 0.00532724 0.1762932 -0.14442 0.01143193 0.1762932 -0.14442 0.01143193 0.1964261 -0.1434777 0.01108648 0.1762932 -0.1434777 0.01108648 0.1964261 -0.1425972 0.01060432 0.1964261 -0.1425972 0.01060432 0.1762932 -0.1418002 0.009997435 0.1762932 -0.1418002 0.009997435 0.1964261 -0.141102 0.009278391 0.1762932 -0.141102 0.009278391 0.1964261 -0.1405184 0.008462943 0.1964261 -0.1405184 0.008462943 0.1762932 -0.1400626 0.007569257 0.1762932 -0.1400626 0.007569257 0.1964261 -0.1397452 0.006617329 0.1762932 -0.1397452 0.006617329 0.1964261 -0.1395731 0.005628442 0.1964261 -0.1395731 0.005628442 0.1762932 -0.1395505 0.004624835 0.1964261 -0.1395505 0.004624835 0.1762932 -0.1464051 0.01168505 0.1964261 -0.1474032 0.01158737 0.1964261 -0.1474032 0.01158737 0.1762932 -0.1483749 0.01134225 0.1762932 -0.1483749 0.01134225 0.1964261 -0.1492989 0.01095552 0.1964261 -0.1492989 0.01095552 0.1762932 -0.1501567 0.01043408 0.1964261 -0.1501567 0.01043408 0.1762932 -0.1509271 0.009790634 0.1762932 -0.1509271 0.009790634 0.1964261 -0.1515928 0.009039668 0.1964261 -0.1515928 0.009039668 0.1762932 -0.1521388 0.008198142 0.1964261 -0.1521388 0.008198142 0.1762932 -0.1525533 0.007284935 0.1762932 -0.1525533 0.007284935 0.1964261 -0.1528266 0.006322927 0.1964261 -0.1528266 0.006322927 0.1762932 -0.1527595 0.003335305 0.1964261 -0.1527595 0.003335305 0.1762932 -0.1529314 0.004323952 0.1964261 -0.1514025 0.0006738009 0.1964261 -0.1514025 0.0006737983 0.1762932 -0.1519864 0.001489611 0.1964261 -0.152442 0.002383458 0.1964261 -0.1519864 0.001489611 0.1762932 -0.152442 0.002383458 0.1762932 -0.1499056 -0.0006531125 0.1964261 -0.149026 -0.001134642 0.1964261 -0.149026 -0.001134645 0.1762932 -0.1507038 -4.580322e-05 0.1762932 -0.1507038 -4.580067e-05 0.1964261 -0.1499056 -0.0006531151 0.1762932 -0.1461014 -0.001733133 0.1762932 -0.1471028 -0.001680652 0.1964261 -0.1461014 -0.001733133 0.1964261 -0.1471028 -0.001680652 0.1762932 -0.1480848 -0.001479691 0.1762932 -0.1480848 -0.001479691 0.1964261 -0.1432042 -0.001002685 0.1964261 -0.1432042 -0.001002688 0.1762932 -0.1441297 -0.00139033 0.1964261 -0.1451027 -0.001635611 0.1964261 -0.1441297 -0.00139033 0.1762932 -0.1451027 -0.001635611 0.1762932 -0.141577 0.0001617014 0.1964261 -0.1409117 0.0009122728 0.1762932 -0.141577 0.0001616987 0.1762932 -0.1423469 -0.0004814359 0.1762932 -0.1423469 -0.0004814346 0.1964261 -0.1403658 0.001753453 0.1762932 -0.1409117 0.0009122741 0.1964261 -0.1403658 0.001753453 0.1964261 -0.1399514 0.002666419 0.1762932 -0.1399514 0.002666419 0.1964261 -0.1396778 0.003629467 0.1762932 -0.1396778 0.003629467 0.1964261 -0.152553 0.007285575 0.16576 -0.1525521 0.007288375 0.1389163 -0.1528266 0.006322927 0.1389163 -0.1529539 0.00532716 0.1389163 -0.1529539 0.00532724 0.16576 -0.1528267 0.006322608 0.16576 -0.1515901 0.009043108 0.1389163 -0.1509274 0.009790393 0.16576 -0.1509244 0.009793114 0.1389163 -0.1515927 0.009039829 0.16576 -0.1521368 0.008201982 0.1389163 -0.1521386 0.008198622 0.16576 -0.1483748 0.01134241 0.16576 -0.1483729 0.01134305 0.1389163 -0.1492989 0.01095552 0.1389163 -0.1493002 0.01095472 0.16576 -0.1501549 0.01043528 0.1389163 -0.1501575 0.01043352 0.16576 -0.1453989 0.01163233 0.1389163 -0.1464007 0.01168521 0.1389163 -0.1454016 0.01163281 0.16576 -0.1473996 0.01158809 0.1389163 -0.1474017 0.01158777 0.16576 -0.146403 0.01168521 0.16576 -0.1434757 0.01108552 0.1389163 -0.1425988 0.0106052 0.16576 -0.1425972 0.01060432 0.1389163 -0.1444196 0.01143177 0.16576 -0.1434784 0.01108672 0.16576 -0.1444167 0.01143081 0.1389163 -0.140518 0.008462464 0.16576 -0.1405162 0.008459264 0.1389163 -0.1410996 0.00927567 0.1389163 -0.1411019 0.009278229 0.16576 -0.1417985 0.009996076 0.1389163 -0.1418006 0.009997835 0.16576 -0.1395731 0.005628442 0.1389163 -0.1397444 0.00661373 0.1389163 -0.139573 0.005628042 0.16576 -0.140061 0.007565177 0.1389163 -0.1400624 0.007568617 0.16576 -0.1397449 0.006616689 0.16576 -0.1396778 0.003629467 0.1389163 -0.1399514 0.002666419 0.16576 -0.139952 0.002664179 0.1389163 -0.1395505 0.004624835 0.16576 -0.1396778 0.003629467 0.16576 -0.1395505 0.004624835 0.1389163 -0.141577 0.0001616987 0.16576 -0.1415797 0.0001590532 0.1389163 -0.1409138 0.0009093938 0.1389163 -0.1409117 0.0009122714 0.16576 -0.1403672 0.001750653 0.1389163 -0.1403658 0.001753453 0.16576 -0.1441323 -0.00139105 0.1389163 -0.1432072 -0.001004132 0.1389163 -0.1441297 -0.00139033 0.16576 -0.14235 -0.0004835673 0.1389163 -0.1423469 -0.0004814373 0.16576 -0.1432042 -0.001002689 0.16576 -0.1461021 -0.001733133 0.1389163 -0.1471028 -0.001680652 0.16576 -0.1471035 -0.001680652 0.1389163 -0.1451027 -0.001635611 0.16576 -0.1461014 -0.001733133 0.16576 -0.1451044 -0.001635851 0.1389163 -0.1480848 -0.001479691 0.16576 -0.149026 -0.001134646 0.16576 -0.1480866 -0.001479291 0.1389163 -0.1499056 -0.0006531165 0.16576 -0.1490286 -0.001133629 0.1389163 -0.1499084 -0.000651369 0.1389163 -0.1507038 -4.580443e-05 0.16576 -0.1514025 0.0006737983 0.16576 -0.1507066 -4.337628e-05 0.1389163 -0.1519864 0.001489611 0.16576 -0.1514049 0.0006767028 0.1389163 -0.1519881 0.001492651 0.1389163 -0.152442 0.002383458 0.16576 -0.1527595 0.003335305 0.16576 -0.1524432 0.002386337 0.1389163 -0.1529314 0.004323952 0.16576 -0.15276 0.003337624 0.1389163 -0.1529314 0.004323952 0.1389163 -0.14442 0.01143193 0.1762932 -0.1454033 0.01163289 0.1762932 -0.1450534 0.01293922 0.16576 -0.1529539 0.00532724 0.1762932 -0.1542751 0.004277952 0.16576 -0.1542943 0.0053974 0.16576 -0.1439622 0.0126965 0.16576 -0.1434777 0.01108648 0.1762932 -0.1429145 0.01230473 0.16576 -0.1425972 0.01060432 0.1762932 -0.1419306 0.01177121 0.16576 -0.1410298 0.01110624 0.16576 -0.1402312 0.01032376 0.16576 -0.1418002 0.009997435 0.1762932 -0.139549 0.009438791 0.16576 -0.141102 0.009278391 0.1762932 -0.1405184 0.008462943 0.1762932 -0.1389953 0.008467264 0.16576 -0.1385815 0.007427656 0.16576 -0.1400626 0.007569257 0.1762932 -0.1383155 0.006340208 0.16576 -0.1397452 0.006617329 0.1762932 -0.1395731 0.005628442 0.1762932 -0.138203 0.005226199 0.16576 -0.1395505 0.004624835 0.1762932 -0.1382101 0.004554594 0.16576 -0.1464051 0.01168505 0.1762932 -0.1461665 0.01302866 0.16576 -0.1474032 0.01158737 0.1762932 -0.1472843 0.01296274 0.16576 -0.1483818 0.01274234 0.16576 -0.1483749 0.01134225 0.1762932 -0.1492989 0.01095552 0.1762932 -0.1494378 0.01237209 0.16576 -0.1501567 0.01043408 0.1762932 -0.1504316 0.01185945 0.16576 -0.1513441 0.0112148 0.16576 -0.1509271 0.009790634 0.1762932 -0.1515928 0.009039668 0.1762932 -0.1521592 0.01044952 0.16576 -0.1521388 0.008198142 0.1762932 -0.1528612 0.009577352 0.16576 -0.1534354 0.008616544 0.16576 -0.1525533 0.007284935 0.1762932 -0.1528266 0.006322927 0.1762932 -0.1538705 0.007585977 0.16576 -0.154158 0.006508848 0.16576 -0.1527595 0.003335305 0.1762932 -0.1541006 0.003172103 0.16576 -0.1529314 0.004323952 0.1762932 -0.1514025 0.0006737983 0.1762932 -0.152698 0.0001486956 0.16576 -0.1519864 0.001489611 0.1762932 -0.152442 0.002383458 0.1762932 -0.153304 0.001087377 0.16576 -0.1537747 0.002101695 0.16576 -0.1499056 -0.0006531151 0.1762932 -0.149026 -0.001134645 0.1762932 -0.150189 -0.002048975 0.16576 -0.1519673 -0.0006976248 0.16576 -0.1507038 -4.580322e-05 0.1762932 -0.1511252 -0.00143537 0.16576 -0.1481105 -0.002859541 0.16576 -0.1471028 -0.001680652 0.1762932 -0.1470086 -0.003041463 0.16576 -0.1491776 -0.002526659 0.16576 -0.1480848 -0.001479691 0.1762932 -0.1436941 -0.002659779 0.16576 -0.1447772 -0.002940662 0.16576 -0.1441297 -0.00139033 0.1762932 -0.1451027 -0.001635611 0.1762932 -0.1458893 -0.003068823 0.16576 -0.1461014 -0.001733133 0.1762932 -0.1423469 -0.0004814359 0.1762932 -0.141577 0.0001616987 0.1762932 -0.1408218 -0.0009706566 0.16576 -0.142661 -0.002231697 0.16576 -0.1432042 -0.001002688 0.1762932 -0.141698 -0.001665371 0.16576 -0.1409117 0.0009122728 0.1762932 -0.1400496 -0.0001600035 0.16576 -0.1393974 0.0007496131 0.16576 -0.1403658 0.001753453 0.1762932 -0.1399514 0.002666419 0.1762932 -0.1388779 0.001740252 0.16576 -0.1396778 0.003629467 0.1762932 -0.1385015 0.0027897 0.16576 -0.1382732 0.003885869 0.16576 -0.1483729 0.01134305 0.1389163 -0.1483774 0.01274346 0.1389163 -0.1494333 0.01237409 0.1389163 -0.1490286 -0.001133629 0.1389163 -0.1499084 -0.000651369 0.1389163 -0.1501933 -0.002046576 0.1389163 -0.1492989 0.01095552 0.1389163 -0.1473996 0.01158809 0.1389163 -0.1472813 0.0129629 0.1389163 -0.1501549 0.01043528 0.1389163 -0.1504283 0.01186161 0.1389163 -0.1461665 0.01302866 0.1389163 -0.1464007 0.01168521 0.1389163 -0.1453989 0.01163233 0.1389163 -0.1450505 0.0129389 0.1389163 -0.1439578 0.0126953 0.1389163 -0.1444167 0.01143081 0.1389163 -0.1509244 0.009793114 0.1389163 -0.151343 0.01121592 0.1389163 -0.1434757 0.01108552 0.1389163 -0.14291 0.01230265 0.1389163 -0.1515901 0.009043108 0.1389163 -0.1521582 0.01045064 0.1389163 -0.1410287 0.01110504 0.1389163 -0.1425972 0.01060432 0.1389163 -0.1417985 0.009996076 0.1389163 -0.1419273 0.01176897 0.1389163 -0.1405162 0.008459264 0.1389163 -0.1395467 0.009435671 0.1389163 -0.1410996 0.00927567 0.1389163 -0.14023 0.01032256 0.1389163 -0.140061 0.007565177 0.1389163 -0.1397444 0.00661373 0.1389163 -0.1385802 0.007423255 0.1389163 -0.1389932 0.008462864 0.1389163 -0.1383155 0.006340208 0.1389163 -0.1395731 0.005628442 0.1389163 -0.1388469 0.005259959 0.1389163 -0.1395505 0.004624835 0.1389163 -0.1521368 0.008201982 0.1389163 -0.1528589 0.009580392 0.1389163 -0.138203 0.005226199 0.1389163 -0.1388798 0.001736012 0.1389163 -0.139952 0.002664179 0.1389163 -0.1403672 0.001750653 0.1389163 -0.1541015 0.003176583 0.1389163 -0.1537766 0.002106256 0.1389163 -0.15276 0.003337624 0.1389163 -0.1394 0.0007454858 0.1389163 -0.1409138 0.0009093938 0.1389163 -0.1400522 -0.0001629214 0.1389163 -0.1389171 0.003919629 0.1389163 -0.1385015 0.0027897 0.1389163 -0.1382732 0.003885869 0.1389163 -0.1432072 -0.001004132 0.1389163 -0.1426645 -0.002233616 0.1389163 -0.1416992 -0.001666412 0.1389163 -0.1408231 -0.000971682 0.1389163 -0.1415797 0.0001590532 0.1389163 -0.14235 -0.0004835673 0.1389163 -0.1451044 -0.001635851 0.1389163 -0.1447816 -0.002941462 0.1389163 -0.1441323 -0.00139105 0.1389163 -0.1436988 -0.0026613 0.1389163 -0.1461021 -0.001733133 0.1389163 -0.1471035 -0.001680652 0.1389163 -0.1470086 -0.003041463 0.1389163 -0.1458923 -0.003068823 0.1389163 -0.1491819 -0.002525139 0.1389163 -0.1480866 -0.001479291 0.1389163 -0.1481133 -0.002858982 0.1389163 -0.1507066 -4.337628e-05 0.1389163 -0.1511282 -0.00143289 0.1389163 -0.1526991 0.0001499304 0.1389163 -0.1519684 -0.000696402 0.1389163 -0.1514049 0.0006767028 0.1389163 -0.153306 0.001090706 0.1389163 -0.1524432 0.002386337 0.1389163 -0.1519881 0.001492651 0.1389163 -0.1529314 0.004323952 0.1389163 -0.1542751 0.004277872 0.1389163 -0.1528266 0.006322927 0.1389163 -0.154158 0.006508848 0.1389163 -0.1529539 0.00532716 0.1389163 -0.1534331 0.008620865 0.1389163 -0.1525521 0.007288375 0.1389163 -0.153869 0.007590297 0.1389163 -0.1542943 0.0053974 0.1389163 -0.1396778 0.003629467 0.1389163 -0.1542943 0.0053974 0.1389163 -0.1542943 0.0053974 0.16576 -0.1542751 0.004277872 0.1389163 -0.1542751 0.004277952 0.16576 -0.1541015 0.003176583 0.1389163 -0.1537766 0.002106256 0.1389163 -0.1541006 0.003172103 0.16576 -0.1537747 0.002101695 0.16576 -0.153306 0.001090706 0.1389163 -0.153304 0.001087377 0.16576 -0.1526991 0.0001499304 0.1389163 -0.1519684 -0.000696402 0.1389163 -0.152698 0.0001486956 0.16576 -0.1519673 -0.0006976248 0.16576 -0.1511282 -0.00143289 0.1389163 -0.1511252 -0.00143537 0.16576 -0.1501933 -0.002046576 0.1389163 -0.1491819 -0.002525139 0.1389163 -0.150189 -0.002048975 0.16576 -0.1491776 -0.002526659 0.16576 -0.1481133 -0.002858982 0.1389163 -0.1481105 -0.002859541 0.16576 -0.1470086 -0.003041463 0.1389163 -0.1458923 -0.003068823 0.1389163 -0.1470086 -0.003041463 0.16576 -0.1458893 -0.003068823 0.16576 -0.1447816 -0.002941462 0.1389163 -0.1447772 -0.002940662 0.16576 -0.1436988 -0.0026613 0.1389163 -0.1426645 -0.002233616 0.1389163 -0.1436941 -0.002659779 0.16576 -0.142661 -0.002231697 0.16576 -0.1416992 -0.001666412 0.1389163 -0.141698 -0.001665371 0.16576 -0.1408231 -0.000971682 0.1389163 -0.1400522 -0.0001629214 0.1389163 -0.1408218 -0.0009706566 0.16576 -0.1400496 -0.0001600035 0.16576 -0.1394 0.0007454858 0.1389163 -0.1393974 0.0007496131 0.16576 -0.1388798 0.001736012 0.1389163 -0.1385015 0.0027897 0.1389163 -0.1388779 0.001740252 0.16576 -0.1385015 0.0027897 0.16576 -0.1382732 0.003885869 0.1389163 -0.1382732 0.003885869 0.16576 -0.154158 0.006508848 0.16576 -0.1538705 0.007585977 0.16576 -0.154158 0.006508848 0.1389163 -0.153869 0.007590297 0.1389163 -0.1534354 0.008616544 0.16576 -0.1534331 0.008620865 0.1389163 -0.1528612 0.009577352 0.16576 -0.1521592 0.01044952 0.16576 -0.1528589 0.009580392 0.1389163 -0.1521582 0.01045064 0.1389163 -0.1513441 0.0112148 0.16576 -0.151343 0.01121592 0.1389163 -0.1504316 0.01185945 0.16576 -0.1494378 0.01237209 0.16576 -0.1504283 0.01186161 0.1389163 -0.1494333 0.01237409 0.1389163 -0.1483818 0.01274234 0.16576 -0.1483774 0.01274346 0.1389163 -0.1472843 0.01296274 0.16576 -0.1461665 0.01302866 0.16576 -0.1472813 0.0129629 0.1389163 -0.1461665 0.01302866 0.1389163 -0.1450534 0.01293922 0.16576 -0.1450505 0.0129389 0.1389163 -0.1439622 0.0126965 0.16576 -0.1429145 0.01230473 0.16576 -0.1439578 0.0126953 0.1389163 -0.14291 0.01230265 0.1389163 -0.1419306 0.01177121 0.16576 -0.1419273 0.01176897 0.1389163 -0.1410298 0.01110624 0.16576 -0.1402312 0.01032376 0.16576 -0.1410287 0.01110504 0.1389163 -0.14023 0.01032256 0.1389163 -0.139549 0.009438791 0.16576 -0.1395467 0.009435671 0.1389163 -0.1389953 0.008467264 0.16576 -0.1385815 0.007427656 0.16576 -0.1389932 0.008462864 0.1389163 -0.1385802 0.007423255 0.1389163 -0.1383155 0.006340208 0.16576 -0.1383155 0.006340208 0.1389163 -0.138203 0.005226199 0.16576 -0.138203 0.005226199 0.1389163 -0.1382101 0.004554594 0.16576 -0.1255135 0.003217223 0.16576 -0.1382732 0.003885869 0.16576 -0.138203 0.005226199 0.16576 -0.1254433 0.004557555 0.16576 -0.1586431 0.007641338 0.1300775 -0.158695 0.006300047 0.1298565 -0.1586248 0.007640377 0.1298565 -0.1589073 0.007655258 0.1306809 -0.1588566 0.006308527 0.1304954 -0.1587863 0.007648858 0.1304954 -0.1586974 0.007644218 0.1302923 -0.1587678 0.006303887 0.1302923 -0.1587133 0.006301008 0.1300775 -0.1593022 0.006331888 0.1309802 -0.159232 0.007672218 0.1309802 -0.1594268 0.007682458 0.1310857 -0.1589777 0.006314847 0.1306809 -0.1590574 0.007663097 0.130844 -0.1591276 0.006322767 0.130844 -0.1598545 0.007704858 0.1311941 -0.1600759 0.007716459 0.1311941 -0.1599247 0.006364528 0.1311941 -0.1596362 0.007693417 0.1311576 -0.1597064 0.006353087 0.1311576 -0.159497 0.006342048 0.1310857 -0.1606982 0.007749098 0.1309802 -0.1605738 0.006398529 0.1310857 -0.1605036 0.007738859 0.1310857 -0.1603646 0.006387568 0.1311576 -0.1601461 0.006376127 0.1311941 -0.1602942 0.007727898 0.1311576 -0.1610931 0.006425728 0.1306809 -0.1610229 0.007766058 0.1306809 -0.1611438 0.007772378 0.1304954 -0.1607684 0.006408688 0.1309802 -0.160873 0.007758218 0.130844 -0.1609432 0.006417888 0.130844 -0.1612872 0.007779899 0.1300775 -0.1613056 0.007780858 0.1298565 -0.1613574 0.006439569 0.1300775 -0.161233 0.007777099 0.1302923 -0.1613032 0.006436769 0.1302923 -0.1612142 0.006432048 0.1304954 -0.1611438 0.007772378 0.1292178 -0.1613032 0.006436769 0.1294207 -0.161233 0.007777099 0.1294207 -0.1613574 0.006439569 0.1296356 -0.1613758 0.006440528 0.1298565 -0.1612872 0.007779899 0.1296356 -0.1609432 0.006417888 0.1288691 -0.160873 0.007758218 0.1288691 -0.1606982 0.007749098 0.1287328 -0.1612142 0.006432048 0.1292178 -0.1610229 0.007766058 0.1290322 -0.1610931 0.006425728 0.1290322 -0.1602942 0.007727898 0.1285554 -0.1600759 0.007716459 0.1285189 -0.1603646 0.006387568 0.1285554 -0.1605036 0.007738859 0.1286274 -0.1605738 0.006398529 0.1286274 -0.1607684 0.006408688 0.1287328 -0.1598545 0.007704858 0.1285189 -0.1596362 0.007693417 0.1285554 -0.1599247 0.006364528 0.1285189 -0.1601461 0.006376127 0.1285189 -0.1597064 0.006353087 0.1285554 -0.1594268 0.007682458 0.1286274 -0.159232 0.007672218 0.1287328 -0.159497 0.006342048 0.1286274 -0.1590574 0.007663097 0.1288691 -0.1593022 0.006331888 0.1287328 -0.1591276 0.006322767 0.1288691 -0.1589073 0.007655258 0.1290322 -0.1587863 0.007648858 0.1292178 -0.1589777 0.006314847 0.1290322 -0.1586974 0.007644218 0.1294207 -0.1588566 0.006308527 0.1292178 -0.1587678 0.006303887 0.1294207 -0.1586431 0.007641338 0.1296356 -0.1587133 0.006301008 0.1296356 -0.1255135 0.003217223 0.16576 -0.1254433 0.004557555 0.1221389 -0.1255135 0.003217223 0.1221389 -0.1254433 0.004557555 0.16576 -0.1382732 0.003885869 0.1389163 -0.1255135 0.003217223 0.16576 -0.1255135 0.003217223 0.1221389 -0.1382732 0.003885869 0.1375741 -0.1389171 0.003919629 0.1375741 -0.1389171 0.003919629 0.1389163 -0.1382732 0.003885869 0.1221389 -0.1382732 0.003885869 0.16576 -0.1389171 0.003919629 0.1375741 -0.1388469 0.005259959 0.1389163 -0.1389171 0.003919629 0.1389163 -0.1388469 0.005259959 0.1375741 -0.138203 0.005226199 0.1375741 -0.138203 0.005226199 0.1221389 -0.1254433 0.004557555 0.1221389 -0.138203 0.005226199 0.1389163 -0.1388469 0.005259959 0.1375741 -0.1388469 0.005259959 0.1389163 -0.138203 0.005226199 0.16576 -0.1254433 0.004557555 0.16576 -0.1385865 0.007443016 0.1221389 -0.1383173 0.006350047 0.1375741 -0.1385865 0.007443016 0.1375741 -0.138203 0.005226199 0.1375741 -0.1383173 0.006350047 0.1221389 -0.138203 0.005226199 0.1221389 -0.1395692 0.009469271 0.1375741 -0.1402634 0.01036 0.1375741 -0.1402634 0.01036 0.1221389 -0.1395692 0.009469271 0.1221389 -0.1390066 0.008490463 0.1221389 -0.1390066 0.008490463 0.1375741 -0.1429852 0.01233649 0.1221389 -0.1419891 0.01180809 0.1375741 -0.1429852 0.01233649 0.1375741 -0.1419891 0.01180809 0.1221389 -0.1410756 0.01114496 0.1221389 -0.1410756 0.01114496 0.1375741 -0.1462768 0.01302906 0.1375741 -0.1462768 0.01302898 0.1221389 -0.1451503 0.01295322 0.1375741 -0.1440458 0.01272082 0.1375741 -0.1451503 0.01295322 0.1221389 -0.1440458 0.01272082 0.1221389 -0.1485071 0.01270698 0.1375741 -0.1495652 0.01231593 0.1375741 -0.1495652 0.01231593 0.1221389 -0.1474033 0.01294642 0.1221389 -0.1474033 0.01294642 0.1375741 -0.1485073 0.01270698 0.1221389 -0.1505581 0.01178113 0.1375741 -0.1514671 0.01111248 0.1375741 -0.1514671 0.01111248 0.1221389 -0.1505581 0.01178113 0.1221389 -0.1522739 0.01032304 0.1375741 -0.1522739 0.01032304 0.1221389 -0.1529627 0.009428231 0.1221389 -0.1529627 0.009428231 0.1375741 -0.1535195 0.008445583 0.1375741 -0.1535195 0.008445583 0.1221389 -0.1539336 0.007394616 0.1375741 -0.1539336 0.007394535 0.1221389 -0.1586431 0.007641338 0.1296356 -0.1586974 0.007644218 0.1294207 -0.1539336 0.007394535 0.1221389 -0.1666669 0.008061821 0.1221389 -0.1605036 0.007738859 0.1286274 -0.1606982 0.007749098 0.1287328 -0.1613056 0.007780858 0.1298565 -0.1666669 0.008061821 0.1375741 -0.1539336 0.007394616 0.1375741 -0.1586974 0.007644218 0.1302923 -0.1586431 0.007641338 0.1300775 -0.161233 0.007777099 0.1294207 -0.1612872 0.007779899 0.1296356 -0.1610229 0.007766058 0.1290322 -0.1611438 0.007772378 0.1292178 -0.160873 0.007758218 0.1288691 -0.1600759 0.007716459 0.1285189 -0.1602942 0.007727898 0.1285554 -0.1598545 0.007704858 0.1285189 -0.1594268 0.007682458 0.1286274 -0.1596362 0.007693417 0.1285554 -0.1590574 0.007663097 0.1288691 -0.159232 0.007672218 0.1287328 -0.1587863 0.007648858 0.1292178 -0.1589073 0.007655258 0.1290322 -0.1586248 0.007640377 0.1298565 -0.1594268 0.007682458 0.1310857 -0.159232 0.007672218 0.1309802 -0.1589073 0.007655258 0.1306809 -0.1587863 0.007648858 0.1304954 -0.1590574 0.007663097 0.130844 -0.1598545 0.007704858 0.1311941 -0.1596362 0.007693417 0.1311576 -0.1600759 0.007716459 0.1311941 -0.1605036 0.007738859 0.1310857 -0.1602942 0.007727898 0.1311576 -0.160873 0.007758218 0.130844 -0.1606982 0.007749098 0.1309802 -0.1611438 0.007772378 0.1304954 -0.1610229 0.007766058 0.1306809 -0.1612872 0.007779899 0.1300775 -0.161233 0.007777099 0.1302923 -0.1667373 0.006721491 0.1375741 -0.1667373 0.006721491 0.1221389 -0.1666669 0.008061821 0.1221389 -0.1666669 0.008061821 0.1375741 -0.1613758 0.006440528 0.1298565 -0.1667373 0.006721491 0.1375741 -0.1613574 0.006439569 0.1300775 -0.1605738 0.006398529 0.1310857 -0.1607684 0.006408688 0.1309802 -0.1667373 0.006721491 0.1221389 -0.1528852 0.005995646 0.1375741 -0.1587678 0.006303887 0.1302923 -0.1588566 0.006308527 0.1304954 -0.1612142 0.006432048 0.1304954 -0.1613032 0.006436769 0.1302923 -0.1609432 0.006417888 0.130844 -0.1610931 0.006425728 0.1306809 -0.1601461 0.006376127 0.1311941 -0.1603646 0.006387568 0.1311576 -0.1599247 0.006364528 0.1311941 -0.159497 0.006342048 0.1310857 -0.1597064 0.006353087 0.1311576 -0.1591276 0.006322767 0.130844 -0.1593022 0.006331888 0.1309802 -0.1589777 0.006314847 0.1306809 -0.158695 0.006300047 0.1298565 -0.1587133 0.006301008 0.1300775 -0.1528852 0.005995646 0.1221389 -0.159497 0.006342048 0.1286274 -0.1593022 0.006331888 0.1287328 -0.1587678 0.006303887 0.1294207 -0.1587133 0.006301008 0.1296356 -0.1589777 0.006314847 0.1290322 -0.1588566 0.006308527 0.1292178 -0.1591276 0.006322767 0.1288691 -0.1599247 0.006364528 0.1285189 -0.1597064 0.006353087 0.1285554 -0.1601461 0.006376127 0.1285189 -0.1605738 0.006398529 0.1286274 -0.1603646 0.006387568 0.1285554 -0.1609432 0.006417888 0.1288691 -0.1607684 0.006408688 0.1287328 -0.1612142 0.006432048 0.1292178 -0.1610931 0.006425728 0.1290322 -0.1613574 0.006439569 0.1296356 -0.1613032 0.006436769 0.1294207 -0.1465857 0.01167865 0.1221389 -0.1455659 0.01165177 0.1375741 -0.145566 0.01165177 0.1221389 -0.1396845 0.003596667 0.1375741 -0.1395505 0.004624835 0.1221389 -0.1395505 0.004624835 0.1375741 -0.1475977 0.01155065 0.1221389 -0.1465857 0.01167865 0.1375741 -0.1475977 0.01155065 0.1375741 -0.1485785 0.0112708 0.1221389 -0.1495056 0.01084552 0.1221389 -0.1485785 0.0112708 0.1375741 -0.1503573 0.0102848 0.1221389 -0.1495056 0.01084552 0.1375741 -0.1503572 0.0102848 0.1375741 -0.1511141 0.009601672 0.1221389 -0.1517586 0.008811826 0.1221389 -0.1511141 0.009601672 0.1375741 -0.152276 0.007933819 0.1221389 -0.1517586 0.008811826 0.1375741 -0.152276 0.007933819 0.1375741 -0.1526541 0.006989173 0.1221389 -0.1528852 0.005995646 0.1221389 -0.1526541 0.006989173 0.1375741 -0.1528852 0.005995646 0.1375741 -0.1445635 0.01147089 0.1375741 -0.1435997 0.01114032 0.1375741 -0.1445635 0.01147089 0.1221389 -0.1426968 0.01066752 0.1375741 -0.1435997 0.01114032 0.1221389 -0.1426968 0.01066752 0.1221389 -0.1418758 0.01006336 0.1375741 -0.1411556 0.009341671 0.1375741 -0.1418758 0.01006336 0.1221389 -0.1405529 0.008519104 0.1375741 -0.1411556 0.009341671 0.1221389 -0.1405529 0.008519104 0.1221389 -0.1400818 0.007614537 0.1375741 -0.1397531 0.00664893 0.1375741 -0.1400818 0.007614537 0.1221389 -0.1395746 0.005644602 0.1375741 -0.1397531 0.00664893 0.1221389 -0.1395746 0.005644602 0.1221389 -0.1409937 0.0008069379 0.1375741 -0.1404146 0.001666092 0.1221389 -0.1404146 0.001666092 0.1375741 -0.1399746 0.00260402 0.1375741 -0.1399747 0.00260402 0.1221389 -0.1396845 0.003596667 0.1221389 -0.1425116 -0.0005955783 0.1221389 -0.1425116 -0.0005955769 0.1375741 -0.1434143 -0.00110525 0.1375741 -0.1409937 0.0008069352 0.1221389 -0.1416982 4.694569e-05 0.1375741 -0.1416982 4.694381e-05 0.1221389 -0.1454001 -0.001680493 0.1375741 -0.1464357 -0.001732332 0.1375741 -0.1454001 -0.001680493 0.1221389 -0.1443849 -0.00146977 0.1375741 -0.1443849 -0.00146977 0.1221389 -0.1434143 -0.001105251 0.1221389 -0.1494151 -0.0009426008 0.1375741 -0.1484665 -0.001358809 0.1221389 -0.1484665 -0.001358809 0.1375741 -0.1474653 -0.001624172 0.1221389 -0.1464357 -0.001732332 0.1221389 -0.1474653 -0.001624172 0.1375741 -0.1510659 0.0003002111 0.1221389 -0.1510659 0.0003002124 0.1375741 -0.1517285 0.001097246 0.1375741 -0.1494151 -0.0009426022 0.1221389 -0.1502885 -0.0003851729 0.1375741 -0.1502885 -0.0003851743 0.1221389 -0.1522606 0.001986894 0.1375741 -0.1517285 0.001097244 0.1221389 -0.1526494 0.002948101 0.1375741 -0.1522606 0.001986894 0.1221389 -0.1526494 0.002948101 0.1221389 -0.1528854 0.00395771 0.1375741 -0.1529632 0.004991637 0.1375741 -0.1528854 0.00395771 0.1221389 -0.1529632 0.004991637 0.1221389 -0.1255135 0.003217223 0.1221389 -0.1254433 0.004557555 0.1221389 -0.138203 0.005226199 0.1221389 -0.1465857 0.01167865 0.1221389 -0.1474033 0.01294642 0.1221389 -0.1485073 0.01270698 0.1221389 -0.1495652 0.01231593 0.1221389 -0.1475977 0.01155065 0.1221389 -0.1384943 0.002815861 0.1221389 -0.1396845 0.003596667 0.1221389 -0.1399747 0.00260402 0.1221389 -0.1382732 0.003885869 0.1221389 -0.1485785 0.0112708 0.1221389 -0.1505581 0.01178113 0.1221389 -0.1462768 0.01302898 0.1221389 -0.1514671 0.01111248 0.1221389 -0.1495056 0.01084552 0.1221389 -0.1522739 0.01032304 0.1221389 -0.1503573 0.0102848 0.1221389 -0.1511141 0.009601672 0.1221389 -0.1529627 0.009428231 0.1221389 -0.1517586 0.008811826 0.1221389 -0.1535195 0.008445583 0.1221389 -0.152276 0.007933819 0.1221389 -0.1539336 0.007394535 0.1221389 -0.1526541 0.006989173 0.1221389 -0.1528852 0.005995646 0.1221389 -0.1397531 0.00664893 0.1221389 -0.1383173 0.006350047 0.1221389 -0.1385865 0.007443016 0.1221389 -0.1400818 0.007614537 0.1221389 -0.1390066 0.008490463 0.1221389 -0.1666669 0.008061821 0.1221389 -0.1667373 0.006721491 0.1221389 -0.1517285 0.001097244 0.1221389 -0.1535771 0.001630092 0.1221389 -0.1530574 0.0006701784 0.1221389 -0.1488503 -0.00264626 0.1221389 -0.1477951 -0.002927782 0.1221389 -0.1474653 -0.001624172 0.1221389 -0.1395505 0.004624835 0.1221389 -0.1395746 0.005644602 0.1221389 -0.1405529 0.008519104 0.1221389 -0.1395692 0.009469271 0.1221389 -0.1418758 0.01006336 0.1221389 -0.1402634 0.01036 0.1221389 -0.1426968 0.01066752 0.1221389 -0.1410756 0.01114496 0.1221389 -0.1435997 0.01114032 0.1221389 -0.1445635 0.01147089 0.1221389 -0.1419891 0.01180809 0.1221389 -0.1411556 0.009341671 0.1221389 -0.1429852 0.01233649 0.1221389 -0.1440458 0.01272082 0.1221389 -0.1451503 0.01295322 0.1221389 -0.145566 0.01165177 0.1221389 -0.1404146 0.001666092 0.1221389 -0.1393576 0.0008151346 0.1221389 -0.138858 0.001785933 0.1221389 -0.1425116 -0.0005955783 0.1221389 -0.1407231 -0.0008789409 0.1221389 -0.1416982 4.694381e-05 0.1221389 -0.1399832 -7.859743e-05 0.1221389 -0.1409937 0.0008069352 0.1221389 -0.1434935 -0.002589619 0.1221389 -0.1443849 -0.00146977 0.1221389 -0.1454001 -0.001680493 0.1221389 -0.1415658 -0.001572971 0.1221389 -0.1434143 -0.001105251 0.1221389 -0.1424953 -0.002146896 0.1221389 -0.1456202 -0.003052102 0.1221389 -0.1464357 -0.001732332 0.1221389 -0.1467112 -0.003063943 0.1221389 -0.1445416 -0.002893061 0.1221389 -0.1516535 -0.0009971809 0.1221389 -0.1502885 -0.0003851743 0.1221389 -0.1524122 -0.0002111073 0.1221389 -0.1484665 -0.001358809 0.1221389 -0.1494151 -0.0009426022 0.1221389 -0.150797 -0.001671852 0.1221389 -0.1498571 -0.002224896 0.1221389 -0.1510659 0.0003002111 0.1221389 -0.1542057 0.003712747 0.1221389 -0.1539614 0.002647779 0.1221389 -0.1526494 0.002948101 0.1221389 -0.1522606 0.001986894 0.1221389 -0.1667899 0.005716203 0.1221389 -0.1668601 0.004375872 0.1221389 -0.1529632 0.004991637 0.1221389 -0.1528854 0.00395771 0.1221389 -0.1477951 -0.002927782 0.1375741 -0.1467112 -0.003063943 0.1375741 -0.1467112 -0.003063943 0.1221389 -0.1477951 -0.002927782 0.1221389 -0.1488503 -0.00264626 0.1375741 -0.1488503 -0.00264626 0.1221389 -0.1498571 -0.002224896 0.1375741 -0.150797 -0.001671852 0.1375741 -0.1498571 -0.002224896 0.1221389 -0.150797 -0.001671852 0.1221389 -0.1516535 -0.0009971795 0.1375741 -0.1516535 -0.0009971809 0.1221389 -0.1524122 -0.000211106 0.1375741 -0.1530574 0.0006701811 0.1375741 -0.1524122 -0.0002111073 0.1221389 -0.1530574 0.0006701784 0.1221389 -0.1535771 0.001630092 0.1375741 -0.1535771 0.001630092 0.1221389 -0.1539614 0.002647779 0.1375741 -0.1542057 0.003712747 0.1375741 -0.1539614 0.002647779 0.1221389 -0.1542057 0.003712747 0.1221389 -0.1456202 -0.003052102 0.1221389 -0.1456202 -0.003052102 0.1375741 -0.1445416 -0.002893061 0.1375741 -0.1445416 -0.002893061 0.1221389 -0.1434935 -0.002589619 0.1221389 -0.1434935 -0.002589619 0.1375741 -0.1424953 -0.002146896 0.1375741 -0.1424953 -0.002146896 0.1221389 -0.1415658 -0.001572971 0.1375741 -0.1415658 -0.001572971 0.1221389 -0.1407231 -0.0008789409 0.1221389 -0.1407231 -0.0008789395 0.1375741 -0.1399832 -7.859555e-05 0.1375741 -0.1399832 -7.859743e-05 0.1221389 -0.1393576 0.000815136 0.1375741 -0.1393576 0.0008151346 0.1221389 -0.138858 0.001785933 0.1221389 -0.138858 0.001785933 0.1375741 -0.1384943 0.002815861 0.1375741 -0.1384943 0.002815861 0.1221389 -0.1382732 0.003885869 0.1221389 -0.1382732 0.003885869 0.1375741 -0.1384943 0.002815861 0.1375741 -0.1399746 0.00260402 0.1375741 -0.1396845 0.003596667 0.1375741 -0.1404146 0.001666092 0.1375741 -0.1393576 0.000815136 0.1375741 -0.1409937 0.0008069379 0.1375741 -0.1445416 -0.002893061 0.1375741 -0.1454001 -0.001680493 0.1375741 -0.1434935 -0.002589619 0.1375741 -0.1443849 -0.00146977 0.1375741 -0.1424953 -0.002146896 0.1375741 -0.1434143 -0.00110525 0.1375741 -0.1467112 -0.003063943 0.1375741 -0.1477951 -0.002927782 0.1375741 -0.1464357 -0.001732332 0.1375741 -0.1415658 -0.001572971 0.1375741 -0.1407231 -0.0008789395 0.1375741 -0.1425116 -0.0005955769 0.1375741 -0.1416982 4.694569e-05 0.1375741 -0.1399832 -7.859555e-05 0.1375741 -0.150797 -0.001671852 0.1375741 -0.1494151 -0.0009426008 0.1375741 -0.1498571 -0.002224896 0.1375741 -0.138858 0.001785933 0.1375741 -0.1389171 0.003919629 0.1375741 -0.1395505 0.004624835 0.1375741 -0.1382732 0.003885869 0.1375741 -0.138203 0.005226199 0.1375741 -0.1388469 0.005259959 0.1375741 -0.1383173 0.006350047 0.1375741 -0.1395746 0.005644602 0.1375741 -0.1400818 0.007614537 0.1375741 -0.1390066 0.008490463 0.1375741 -0.1385865 0.007443016 0.1375741 -0.1535195 0.008445583 0.1375741 -0.1517586 0.008811826 0.1375741 -0.152276 0.007933819 0.1375741 -0.1455659 0.01165177 0.1375741 -0.1451503 0.01295322 0.1375741 -0.1440458 0.01272082 0.1375741 -0.1529627 0.009428231 0.1375741 -0.1511141 0.009601672 0.1375741 -0.1475977 0.01155065 0.1375741 -0.1495652 0.01231593 0.1375741 -0.1485071 0.01270698 0.1375741 -0.1514671 0.01111248 0.1375741 -0.1505581 0.01178113 0.1375741 -0.1495056 0.01084552 0.1375741 -0.1485785 0.0112708 0.1375741 -0.1465857 0.01167865 0.1375741 -0.1474033 0.01294642 0.1375741 -0.1503572 0.0102848 0.1375741 -0.1522739 0.01032304 0.1375741 -0.1539336 0.007394616 0.1375741 -0.1526541 0.006989173 0.1375741 -0.1402634 0.01036 0.1375741 -0.1395692 0.009469271 0.1375741 -0.1411556 0.009341671 0.1375741 -0.1528852 0.005995646 0.1375741 -0.1667373 0.006721491 0.1375741 -0.1666669 0.008061821 0.1375741 -0.1405529 0.008519104 0.1375741 -0.1535771 0.001630092 0.1375741 -0.1522606 0.001986894 0.1375741 -0.1517285 0.001097246 0.1375741 -0.1418758 0.01006336 0.1375741 -0.1410756 0.01114496 0.1375741 -0.1397531 0.00664893 0.1375741 -0.1426968 0.01066752 0.1375741 -0.1419891 0.01180809 0.1375741 -0.1435997 0.01114032 0.1375741 -0.1429852 0.01233649 0.1375741 -0.1445635 0.01147089 0.1375741 -0.1462768 0.01302906 0.1375741 -0.1539614 0.002647779 0.1375741 -0.1510659 0.0003002124 0.1375741 -0.1530574 0.0006701811 0.1375741 -0.1502885 -0.0003851729 0.1375741 -0.1524122 -0.000211106 0.1375741 -0.1516535 -0.0009971795 0.1375741 -0.1484665 -0.001358809 0.1375741 -0.1488503 -0.00264626 0.1375741 -0.1474653 -0.001624172 0.1375741 -0.1456202 -0.003052102 0.1375741 -0.1542057 0.003712747 0.1375741 -0.1526494 0.002948101 0.1375741 -0.1528854 0.00395771 0.1375741 -0.1529632 0.004991637 0.1375741 -0.1668601 0.004375872 0.1375741 -0.1667899 0.005716203 0.1375741 -0.1668601 0.004375872 0.1375741 -0.1668601 0.004375872 0.1221389 -0.1667899 0.005716203 0.1221389 -0.1667899 0.005716203 0.1375741 -0.1589094 0.005303239 0.1292175 -0.1529632 0.004991637 0.1221389 -0.1588204 0.005298599 0.1294206 -0.1667899 0.005716203 0.1221389 -0.160627 0.005393241 0.1286276 -0.1608216 0.00540348 0.1287331 -0.1614284 0.005435241 0.1298565 -0.1667899 0.005716203 0.1375741 -0.1613558 0.005431481 0.129421 -0.1614101 0.005434281 0.1296356 -0.161146 0.00542044 0.1290324 -0.1612669 0.005426841 0.129218 -0.1609962 0.005412601 0.1288693 -0.1601992 0.00537084 0.1285191 -0.1604176 0.005382281 0.1285555 -0.1599777 0.005359241 0.1285189 -0.15955 0.005336839 0.1286272 -0.1597595 0.0053478 0.1285554 -0.1591805 0.00531748 0.1288688 -0.1593552 0.0053266 0.1287327 -0.1590306 0.00530964 0.129032 -0.1587478 0.00529484 0.1298565 -0.158766 0.00529572 0.1296356 -0.1529632 0.004991637 0.1375741 -0.1595496 0.005336839 0.1310857 -0.159355 0.0053266 0.1309802 -0.1588204 0.005298599 0.1302923 -0.158766 0.00529572 0.1300775 -0.1590303 0.00530964 0.1306809 -0.1589092 0.005303239 0.1304954 -0.1591802 0.00531748 0.130844 -0.1599773 0.005359241 0.1311941 -0.1597591 0.0053478 0.1311576 -0.1601988 0.00537084 0.1311941 -0.1606266 0.005393241 0.1310857 -0.1604172 0.005382281 0.1311576 -0.1609959 0.005412601 0.130844 -0.1608212 0.00540348 0.1309802 -0.1612668 0.005426841 0.1304954 -0.1611458 0.00542044 0.1306809 -0.1614101 0.005434281 0.1300775 -0.1613558 0.005431481 0.1302923 -0.1614987 0.004094911 0.1298565 -0.1668601 0.004375872 0.1375741 -0.1614803 0.004093951 0.1300775 -0.1606968 0.00405291 0.1310857 -0.1608914 0.00406307 0.1309802 -0.1668601 0.004375872 0.1221389 -0.1588906 0.003958269 0.1302923 -0.1542057 0.003712747 0.1375741 -0.1588362 0.003955389 0.1300775 -0.161337 0.004086431 0.1304954 -0.1614261 0.00409115 0.1302923 -0.1610661 0.004072271 0.130844 -0.161216 0.00408011 0.1306809 -0.1602691 0.00403051 0.1311941 -0.1604874 0.004041951 0.1311576 -0.1600477 0.004018909 0.1311941 -0.1596199 0.00399651 0.1310857 -0.1598293 0.00400747 0.1311576 -0.1592505 0.00397715 0.130844 -0.1594252 0.00398627 0.1309802 -0.1589794 0.003962909 0.1304954 -0.1591006 0.00396923 0.1306809 -0.158818 0.003954429 0.1298565 -0.1542057 0.003712747 0.1221389 -0.1588904 0.003958269 0.129421 -0.1588362 0.003955389 0.1296356 -0.1594248 0.00398627 0.1287331 -0.1596195 0.00399643 0.1286276 -0.1591005 0.00396923 0.1290324 -0.1589794 0.003962909 0.129218 -0.1592503 0.003977069 0.1288693 -0.1600473 0.00401883 0.1285191 -0.1598289 0.004007389 0.1285555 -0.1602685 0.004030431 0.1285189 -0.1606964 0.00405291 0.1286272 -0.160487 0.004041951 0.1285554 -0.1610659 0.004072271 0.1288688 -0.1608911 0.00406307 0.1287327 -0.1613371 0.004086431 0.1292175 -0.1612159 0.00408011 0.129032 -0.1614803 0.004093951 0.1296356 -0.1614261 0.00409115 0.1294206 -0.158766 0.00529572 0.1300775 -0.158818 0.003954429 0.1298565 -0.1587478 0.00529484 0.1298565 -0.1590303 0.00530964 0.1306809 -0.1589794 0.003962909 0.1304954 -0.1589092 0.005303239 0.1304954 -0.1588204 0.005298599 0.1302923 -0.1588906 0.003958269 0.1302923 -0.1588362 0.003955389 0.1300775 -0.1594252 0.00398627 0.1309802 -0.159355 0.0053266 0.1309802 -0.1595496 0.005336839 0.1310857 -0.1591006 0.00396923 0.1306809 -0.1591802 0.00531748 0.130844 -0.1592505 0.00397715 0.130844 -0.1599773 0.005359241 0.1311941 -0.1601988 0.00537084 0.1311941 -0.1600477 0.004018909 0.1311941 -0.1597591 0.0053478 0.1311576 -0.1598293 0.00400747 0.1311576 -0.1596199 0.00399651 0.1310857 -0.1608212 0.00540348 0.1309802 -0.1606968 0.00405291 0.1310857 -0.1606266 0.005393241 0.1310857 -0.1604874 0.004041951 0.1311576 -0.1602691 0.00403051 0.1311941 -0.1604172 0.005382281 0.1311576 -0.161216 0.00408011 0.1306809 -0.1611458 0.00542044 0.1306809 -0.1612668 0.005426841 0.1304954 -0.1608914 0.00406307 0.1309802 -0.1609959 0.005412601 0.130844 -0.1610661 0.004072271 0.130844 -0.1614101 0.005434281 0.1300775 -0.1614284 0.005435241 0.1298565 -0.1614803 0.004093951 0.1300775 -0.1613558 0.005431481 0.1302923 -0.1614261 0.00409115 0.1302923 -0.161337 0.004086431 0.1304954 -0.1612669 0.005426841 0.129218 -0.1614261 0.00409115 0.1294206 -0.1613558 0.005431481 0.129421 -0.1614803 0.004093951 0.1296356 -0.1614987 0.004094911 0.1298565 -0.1614101 0.005434281 0.1296356 -0.1610659 0.004072271 0.1288688 -0.1609962 0.005412601 0.1288693 -0.1608216 0.00540348 0.1287331 -0.1613371 0.004086431 0.1292175 -0.161146 0.00542044 0.1290324 -0.1612159 0.00408011 0.129032 -0.1604176 0.005382281 0.1285555 -0.1601992 0.00537084 0.1285191 -0.160487 0.004041951 0.1285554 -0.160627 0.005393241 0.1286276 -0.1606964 0.00405291 0.1286272 -0.1608911 0.00406307 0.1287327 -0.1599777 0.005359241 0.1285189 -0.1597595 0.0053478 0.1285554 -0.1600473 0.00401883 0.1285191 -0.1602685 0.004030431 0.1285189 -0.1598289 0.004007389 0.1285555 -0.15955 0.005336839 0.1286272 -0.1593552 0.0053266 0.1287327 -0.1596195 0.00399643 0.1286276 -0.1591805 0.00531748 0.1288688 -0.1594248 0.00398627 0.1287331 -0.1592503 0.003977069 0.1288693 -0.1590306 0.00530964 0.129032 -0.1589094 0.005303239 0.1292175 -0.1591005 0.00396923 0.1290324 -0.1588204 0.005298599 0.1294206 -0.1589794 0.003962909 0.129218 -0.1588904 0.003958269 0.129421 -0.158766 0.00529572 0.1296356 -0.1588362 0.003955389 0.1296356 -0.157779 0.007596058 0.1266594 -0.1614963 0.01047896 0.1263619 -0.1616368 0.007798218 0.1263619 -0.1576384 0.0102768 0.1266594 -0.1561074 0.007508456 0.1301538 -0.1576384 0.0102768 0.1266594 -0.157779 0.007596058 0.1266594 -0.1559669 0.0101892 0.1301538 -0.1582936 0.007623017 0.1333505 -0.1559669 0.0101892 0.1301538 -0.1561074 0.007508456 0.1301538 -0.158153 0.01030376 0.1333505 -0.1621514 0.007825179 0.133053 -0.158153 0.01030376 0.1333505 -0.1582936 0.007623017 0.1333505 -0.1620109 0.01050592 0.133053 -0.163823 0.007912779 0.1295587 -0.1620109 0.01050592 0.133053 -0.1621514 0.007825179 0.133053 -0.1636826 0.01059352 0.1295587 -0.1616368 0.007798218 0.1263619 -0.1636826 0.01059352 0.1295587 -0.163823 0.007912779 0.1295587 -0.1614963 0.01047896 0.1263619 -0.1586256 0.007640457 0.1298095 -0.1586362 0.007641017 0.1300309 -0.1561074 0.007508456 0.1301538 -0.1612475 0.007777818 0.1294654 -0.163823 0.007912779 0.1295587 -0.1612942 0.007780299 0.129682 -0.1582936 0.007623017 0.1333505 -0.1591934 0.007670218 0.1309536 -0.1593842 0.007680218 0.1310657 -0.1607373 0.007751098 0.1287591 -0.1605464 0.007741099 0.1286468 -0.1616368 0.007798218 0.1263619 -0.1621514 0.007825179 0.133053 -0.1600287 0.007713978 0.1311969 -0.1594701 0.007684697 0.128609 -0.1592719 0.007674298 0.1287075 -0.157779 0.007596058 0.1266594 -0.1595908 0.007691018 0.131145 -0.1598074 0.007702378 0.1311891 -0.1588794 0.007653737 0.1306431 -0.1590236 0.007661257 0.1308114 -0.1587649 0.007647737 0.1304535 -0.1586831 0.007643417 0.1302475 -0.1587134 0.007645018 0.1293764 -0.1586517 0.007641817 0.1295893 -0.1588094 0.007650058 0.1291766 -0.1590924 0.007664938 0.1288375 -0.1589369 0.007656777 0.1289953 -0.1599015 0.007707339 0.1285155 -0.1596821 0.007695819 0.1285443 -0.1603397 0.007730298 0.1285675 -0.1601227 0.007718859 0.1285234 -0.1610512 0.007767579 0.1290696 -0.1609071 0.007759978 0.1289014 -0.1611656 0.007773578 0.1292594 -0.1613046 0.007780858 0.1299035 -0.1612167 0.007776218 0.1303364 -0.1612787 0.007779499 0.1301236 -0.1611208 0.007771178 0.1305362 -0.1608377 0.007756378 0.1308751 -0.1609932 0.007764539 0.1307174 -0.16046 0.007736538 0.1311035 -0.1606584 0.007746938 0.131005 -0.1602483 0.007725498 0.1311681 -0.1590523 0.01035088 0.1309532 -0.158153 0.01030376 0.1333505 -0.1592432 0.01036088 0.1310655 -0.1598882 0.01039464 0.1311969 -0.1620109 0.01050592 0.133053 -0.1584956 0.01032168 0.13003 -0.1584852 0.01032112 0.1298086 -0.1559669 0.0101892 0.1301538 -0.1636826 0.01059352 0.1295587 -0.1611069 0.01045856 0.1294654 -0.1611538 0.01046096 0.129682 -0.15933 0.01036544 0.1286088 -0.1576384 0.0102768 0.1266594 -0.1591318 0.01035504 0.1287074 -0.1614963 0.01047896 0.1263619 -0.1604059 0.01042176 0.1286468 -0.1605969 0.01043176 0.1287591 -0.15945 0.01037168 0.1311449 -0.159667 0.01038304 0.1311891 -0.1588825 0.010342 0.1308109 -0.1587385 0.0103344 0.1306426 -0.158624 0.0103284 0.1304527 -0.1585423 0.01032416 0.1302467 -0.1585113 0.01032248 0.1295884 -0.1585733 0.01032576 0.1293756 -0.1586692 0.0103308 0.1291759 -0.1589524 0.0103456 0.1288372 -0.1587969 0.01033744 0.1289948 -0.1595415 0.01037648 0.1285443 -0.1597611 0.010388 0.1285155 -0.1599823 0.0103996 0.1285234 -0.1601992 0.01041096 0.1285675 -0.1607665 0.01044072 0.1289014 -0.1609107 0.01044824 0.1290696 -0.1610252 0.01045424 0.1292594 -0.1611642 0.01046152 0.1299035 -0.1611382 0.01046016 0.1301236 -0.1610763 0.01045688 0.1303364 -0.1609802 0.01045192 0.1305362 -0.1606973 0.01043704 0.1308751 -0.1608527 0.0104452 0.1307174 -0.1603196 0.01041728 0.1311035 -0.1605178 0.01042768 0.131005 -0.1601078 0.01040616 0.1311681 -0.1601227 0.007718859 0.1285234 -0.1597611 0.010388 0.1285155 -0.1599015 0.007707339 0.1285155 -0.1607373 0.007751098 0.1287591 -0.1604059 0.01042176 0.1286468 -0.1605464 0.007741099 0.1286468 -0.1603397 0.007730298 0.1285675 -0.1601992 0.01041096 0.1285675 -0.1599823 0.0103996 0.1285234 -0.1609107 0.01044824 0.1290696 -0.1610512 0.007767579 0.1290696 -0.1611656 0.007773578 0.1292594 -0.1605969 0.01043176 0.1287591 -0.1609071 0.007759978 0.1289014 -0.1607665 0.01044072 0.1289014 -0.1612942 0.007780299 0.129682 -0.1613046 0.007780858 0.1299035 -0.1611538 0.01046096 0.129682 -0.1612475 0.007777818 0.1294654 -0.1611069 0.01045856 0.1294654 -0.1610252 0.01045424 0.1292594 -0.1611208 0.007771178 0.1305362 -0.1610763 0.01045688 0.1303364 -0.1612167 0.007776218 0.1303364 -0.1611382 0.01046016 0.1301236 -0.1611642 0.01046152 0.1299035 -0.1612787 0.007779499 0.1301236 -0.1606973 0.01043704 0.1308751 -0.1608377 0.007756378 0.1308751 -0.1606584 0.007746938 0.131005 -0.1609802 0.01045192 0.1305362 -0.1609932 0.007764539 0.1307174 -0.1608527 0.0104452 0.1307174 -0.1602483 0.007725498 0.1311681 -0.1600287 0.007713978 0.1311969 -0.1601078 0.01040616 0.1311681 -0.16046 0.007736538 0.1311035 -0.1603196 0.01041728 0.1311035 -0.1605178 0.01042768 0.131005 -0.1593842 0.007680218 0.1310657 -0.15945 0.01037168 0.1311449 -0.1595908 0.007691018 0.131145 -0.159667 0.01038304 0.1311891 -0.1598882 0.01039464 0.1311969 -0.1598074 0.007702378 0.1311891 -0.1588825 0.010342 0.1308109 -0.1590236 0.007661257 0.1308114 -0.1588794 0.007653737 0.1306431 -0.1592432 0.01036088 0.1310655 -0.1591934 0.007670218 0.1309536 -0.1590523 0.01035088 0.1309532 -0.1586831 0.007643417 0.1302475 -0.1586362 0.007641017 0.1300309 -0.1585423 0.01032416 0.1302467 -0.1587649 0.007647737 0.1304535 -0.158624 0.0103284 0.1304527 -0.1587385 0.0103344 0.1306426 -0.1586256 0.007640457 0.1298095 -0.1586517 0.007641817 0.1295893 -0.1584852 0.01032112 0.1298086 -0.1584956 0.01032168 0.13003 -0.1585113 0.01032248 0.1295884 -0.1587134 0.007645018 0.1293764 -0.1588094 0.007650058 0.1291766 -0.1585733 0.01032576 0.1293756 -0.1589369 0.007656777 0.1289953 -0.1586692 0.0103308 0.1291759 -0.1587969 0.01033744 0.1289948 -0.1590924 0.007664938 0.1288375 -0.1592719 0.007674298 0.1287075 -0.1589524 0.0103456 0.1288372 -0.1594701 0.007684697 0.128609 -0.1591318 0.01035504 0.1287074 -0.15933 0.01036544 0.1286088 -0.1596821 0.007695819 0.1285443 -0.1595415 0.01037648 0.1285443 -0.1458089 -0.0003743925 -0.008053101 -0.1466973 -0.0003741106 0.5409016 -0.1466956 -0.0003743925 -0.008053101 -0.1408835 0.004975957 0.5409016 -0.1408835 0.004975957 -0.008053101 -0.1409567 0.005859644 -0.008053101 -0.1475702 -0.000228443 -0.008053101 -0.1475719 -0.0002278659 0.5409016 -0.1484104 6.032864e-05 0.5409016 -0.1484088 5.946951e-05 -0.008053101 -0.14919 0.000482554 0.5409016 -0.1491887 0.0004814802 -0.008053101 -0.1498884 0.0010261 -0.008053101 -0.1498895 0.001027294 0.5409016 -0.1504897 0.001679612 0.5409016 -0.1504889 0.001678412 -0.008053101 -0.1509744 0.002421777 0.5409016 -0.1509739 0.002420737 -0.008053101 -0.1513302 0.003232744 -0.008053101 -0.1513303 0.003233544 0.5409016 -0.1515477 0.004092111 0.5409016 -0.1515479 0.00409235 -0.008053101 -0.151621 0.004975957 0.5409016 -0.151621 0.004975957 -0.008053101 -0.1458107 -0.0003744193 0.5409016 -0.1449344 -0.000228443 -0.008053101 -0.144936 -0.0002287651 0.5409016 -0.1440956 5.946951e-05 -0.008053101 -0.144097 5.891921e-05 0.5409016 -0.1433169 0.0004807957 0.5409016 -0.1433158 0.0004814802 -0.008053101 -0.142616 0.0010261 -0.008053101 -0.142617 0.001025348 0.5409016 -0.1420155 0.001678412 -0.008053101 -0.1420162 0.001677693 0.5409016 -0.141531 0.002420098 0.5409016 -0.1415306 0.002420737 -0.008053101 -0.1411744 0.003232744 -0.008053101 -0.1411745 0.003232264 0.5409016 -0.1409567 0.00409235 -0.008053101 -0.1409568 0.004092111 0.5409016 -0.1411744 0.006719251 0.5409016 -0.1409567 0.005859644 0.5409016 -0.1411744 0.006719251 -0.008053101 -0.142616 0.008925908 0.5409016 -0.1420155 0.008273503 0.5409016 -0.142616 0.008925908 -0.008053101 -0.1415306 0.007531257 0.5409016 -0.1415306 0.007531257 -0.008053101 -0.1420155 0.008273503 -0.008053101 -0.1440956 0.009892554 0.5409016 -0.1449344 0.01018048 -0.008053101 -0.1449344 0.01018048 0.5409016 -0.1433158 0.009470552 -0.008053101 -0.1440956 0.009892554 -0.008053101 -0.1433158 0.009470552 0.5409016 -0.1475702 0.01018048 -0.008053101 -0.1475702 0.01018048 0.5409016 -0.1466956 0.0103264 0.5409016 -0.1466956 0.0103264 -0.008053101 -0.1458089 0.0103264 0.5409016 -0.1458089 0.0103264 -0.008053101 -0.1498884 0.008925908 0.5409016 -0.1491887 0.009470552 0.5409016 -0.1498884 0.008925908 -0.008053101 -0.1484088 0.009892554 0.5409016 -0.1484088 0.009892554 -0.008053101 -0.1491887 0.009470552 -0.008053101 -0.1509739 0.007531257 -0.008053101 -0.1504889 0.008273503 0.5409016 -0.1504889 0.008273503 -0.008053101 -0.1513302 0.006719251 -0.008053101 -0.1509739 0.007531257 0.5409016 -0.1513302 0.006719251 0.5409016 -0.1515479 0.005859644 -0.008053101 -0.1515479 0.005859644 0.5409016 -0.1472394 0.001072432 0.5409016 -0.1478687 0.001288202 0.5409016 -0.1475719 -0.0002278659 0.5409016 -0.1504889 0.008273503 0.5409016 -0.1509739 0.007531257 0.5409016 -0.1497935 0.006892452 0.5409016 -0.1484104 6.032864e-05 0.5409016 -0.1484537 0.001604572 0.5409016 -0.1466973 -0.0003741106 0.5409016 -0.1465834 0.0009631913 0.5409016 -0.14919 0.000482554 0.5409016 -0.1489787 0.002012975 0.5409016 -0.1459185 0.0009634195 0.5409016 -0.1458107 -0.0003744193 0.5409016 -0.1452625 0.001073103 0.5409016 -0.144936 -0.0002287651 0.5409016 -0.1446336 0.001289249 0.5409016 -0.144097 5.891921e-05 0.5409016 -0.1504897 0.001679612 0.5409016 -0.1498895 0.001027294 0.5409016 -0.1433169 0.0004807957 0.5409016 -0.1440489 0.001605852 0.5409016 -0.1509744 0.002421777 0.5409016 -0.1494294 0.002502259 0.5409016 -0.1502239 0.004313073 0.5409016 -0.151621 0.004975957 0.5409016 -0.1515477 0.004092111 0.5409016 -0.142617 0.001025348 0.5409016 -0.1435243 0.002014414 0.5409016 -0.1513302 0.006719251 0.5409016 -0.1500606 0.006283408 0.5409016 -0.1433158 0.009470552 0.5409016 -0.1440499 0.008346863 0.5409016 -0.1435251 0.00793838 0.5409016 -0.1491887 0.009470552 0.5409016 -0.1484545 0.008346863 0.5409016 -0.1478697 0.008663426 0.5409016 -0.1489793 0.00793838 0.5409016 -0.1494298 0.007449176 0.5409016 -0.1465847 0.008988788 0.5409016 -0.1459198 0.008988788 0.5409016 -0.1466956 0.0103264 0.5409016 -0.1430746 0.007449176 0.5409016 -0.1415306 0.007531257 0.5409016 -0.1420155 0.008273503 0.5409016 -0.1452637 0.008879347 0.5409016 -0.1458089 0.0103264 0.5409016 -0.1446348 0.008663426 0.5409016 -0.1449344 0.01018048 0.5409016 -0.142616 0.008925908 0.5409016 -0.1440956 0.009892554 0.5409016 -0.1472408 0.008879347 0.5409016 -0.1484088 0.009892554 0.5409016 -0.1475702 0.01018048 0.5409016 -0.1409567 0.005859644 0.5409016 -0.1422806 0.005638762 0.5409016 -0.1408835 0.004975957 0.5409016 -0.142711 0.006892452 0.5409016 -0.1424438 0.006283408 0.5409016 -0.1411744 0.006719251 0.5409016 -0.1411745 0.003232264 0.5409016 -0.1409568 0.004092111 0.5409016 -0.1422806 0.004313073 0.5409016 -0.1498884 0.008925908 0.5409016 -0.1515479 0.005859644 0.5409016 -0.1502239 0.005638762 0.5409016 -0.1424437 0.003669147 0.5409016 -0.1502788 0.004975957 0.5409016 -0.1420162 0.001677693 0.5409016 -0.1430741 0.002503698 0.5409016 -0.1427106 0.003060343 0.5409016 -0.141531 0.002420098 0.5409016 -0.1497932 0.003059063 0.5409016 -0.1513303 0.003233544 0.5409016 -0.1500605 0.003668188 0.5409016 -0.1422257 0.004975957 0.5409016 -0.1466956 -0.0003743925 -0.008053101 -0.147242 0.001073103 -0.008053101 -0.1465861 0.0009634195 -0.008053101 -0.1497935 0.006892452 -0.008053101 -0.1509739 0.007531257 -0.008053101 -0.1504889 0.008273503 -0.008053101 -0.145921 0.0009631913 -0.008053101 -0.1458089 -0.0003743925 -0.008053101 -0.1475702 -0.000228443 -0.008053101 -0.1478709 0.001289249 -0.008053101 -0.145265 0.001072432 -0.008053101 -0.1449344 -0.000228443 -0.008053101 -0.1484088 5.946951e-05 -0.008053101 -0.1484556 0.001605852 -0.008053101 -0.1498884 0.0010261 -0.008053101 -0.1491887 0.0004814802 -0.008053101 -0.1489801 0.002014414 -0.008053101 -0.1504889 0.001678412 -0.008053101 -0.1440956 5.946951e-05 -0.008053101 -0.1446359 0.001288202 -0.008053101 -0.1494303 0.002503698 -0.008053101 -0.1509739 0.002420737 -0.008053101 -0.1440508 0.001604572 -0.008053101 -0.1433158 0.0004814802 -0.008053101 -0.1430752 0.002502259 -0.008053101 -0.1420155 0.001678412 -0.008053101 -0.1435259 0.002012975 -0.008053101 -0.142616 0.0010261 -0.008053101 -0.1411744 0.003232744 -0.008053101 -0.1424439 0.003668188 -0.008053101 -0.1422806 0.004313073 -0.008053101 -0.151621 0.004975957 -0.008053101 -0.1502239 0.004313073 -0.008053101 -0.1515479 0.00409235 -0.008053101 -0.1422806 0.005638762 -0.008053101 -0.1409567 0.005859644 -0.008053101 -0.1408835 0.004975957 -0.008053101 -0.1500606 0.006283408 -0.008053101 -0.1513302 0.006719251 -0.008053101 -0.1440499 0.008346863 -0.008053101 -0.142616 0.008925908 -0.008053101 -0.1435251 0.00793838 -0.008053101 -0.1484545 0.008346863 -0.008053101 -0.1491887 0.009470552 -0.008053101 -0.1478697 0.008663426 -0.008053101 -0.1452637 0.008879347 -0.008053101 -0.1459198 0.008988788 -0.008053101 -0.1458089 0.0103264 -0.008053101 -0.1465847 0.008988788 -0.008053101 -0.1466956 0.0103264 -0.008053101 -0.1440956 0.009892554 -0.008053101 -0.1446348 0.008663426 -0.008053101 -0.1449344 0.01018048 -0.008053101 -0.1484088 0.009892554 -0.008053101 -0.1472408 0.008879347 -0.008053101 -0.1475702 0.01018048 -0.008053101 -0.142711 0.006892452 -0.008053101 -0.1411744 0.006719251 -0.008053101 -0.1424438 0.006283408 -0.008053101 -0.1430746 0.007449176 -0.008053101 -0.1420155 0.008273503 -0.008053101 -0.1415306 0.007531257 -0.008053101 -0.1422257 0.004975957 -0.008053101 -0.1409567 0.00409235 -0.008053101 -0.1489793 0.00793838 -0.008053101 -0.1498884 0.008925908 -0.008053101 -0.1515479 0.005859644 -0.008053101 -0.1502239 0.005638762 -0.008053101 -0.1502788 0.004975957 -0.008053101 -0.1427113 0.003059063 -0.008053101 -0.1415306 0.002420737 -0.008053101 -0.1433158 0.009470552 -0.008053101 -0.1513302 0.003232744 -0.008053101 -0.1497938 0.003060343 -0.008053101 -0.1500607 0.003669147 -0.008053101 -0.1494298 0.007449176 -0.008053101 -0.1502239 0.005638762 0.5409016 -0.1502788 0.004975957 0.5409016 -0.1502788 0.004975957 -0.008053101 -0.1494298 0.007449176 0.5409016 -0.1497935 0.006892452 0.5409016 -0.1497935 0.006892452 -0.008053101 -0.1500606 0.006283408 0.5409016 -0.1502239 0.005638762 -0.008053101 -0.1500606 0.006283408 -0.008053101 -0.1484545 0.008346863 -0.008053101 -0.1478697 0.008663426 0.5409016 -0.1484545 0.008346863 0.5409016 -0.1494298 0.007449176 -0.008053101 -0.1489793 0.00793838 -0.008053101 -0.1489793 0.00793838 0.5409016 -0.1465847 0.008988788 0.5409016 -0.1465847 0.008988788 -0.008053101 -0.1459198 0.008988788 0.5409016 -0.1472408 0.008879347 0.5409016 -0.1478697 0.008663426 -0.008053101 -0.1472408 0.008879347 -0.008053101 -0.1440499 0.008346863 0.5409016 -0.1446348 0.008663426 0.5409016 -0.1446348 0.008663426 -0.008053101 -0.1452637 0.008879347 -0.008053101 -0.1452637 0.008879347 0.5409016 -0.1459198 0.008988788 -0.008053101 -0.1430746 0.007449176 -0.008053101 -0.142711 0.006892452 0.5409016 -0.1430746 0.007449176 0.5409016 -0.1440499 0.008346863 -0.008053101 -0.1435251 0.00793838 -0.008053101 -0.1435251 0.00793838 0.5409016 -0.1422806 0.005638762 0.5409016 -0.1422806 0.005638762 -0.008053101 -0.1422257 0.004975957 0.5409016 -0.1424438 0.006283408 0.5409016 -0.142711 0.006892452 -0.008053101 -0.1424438 0.006283408 -0.008053101 -0.1427106 0.003060343 0.5409016 -0.1424437 0.003669147 0.5409016 -0.1424439 0.003668188 -0.008053101 -0.1422806 0.004313073 -0.008053101 -0.1422806 0.004313073 0.5409016 -0.1422257 0.004975957 -0.008053101 -0.1435259 0.002012975 -0.008053101 -0.1440489 0.001605852 0.5409016 -0.1435243 0.002014414 0.5409016 -0.1427113 0.003059063 -0.008053101 -0.1430752 0.002502259 -0.008053101 -0.1430741 0.002503698 0.5409016 -0.1452625 0.001073103 0.5409016 -0.145265 0.001072432 -0.008053101 -0.1459185 0.0009634195 0.5409016 -0.1446336 0.001289249 0.5409016 -0.1440508 0.001604572 -0.008053101 -0.1446359 0.001288202 -0.008053101 -0.1465834 0.0009631913 0.5409016 -0.1465861 0.0009634195 -0.008053101 -0.1472394 0.001072432 0.5409016 -0.145921 0.0009631913 -0.008053101 -0.147242 0.001073103 -0.008053101 -0.1478687 0.001288202 0.5409016 -0.1484537 0.001604572 0.5409016 -0.1478709 0.001289249 -0.008053101 -0.1484556 0.001605852 -0.008053101 -0.1489787 0.002012975 0.5409016 -0.1489801 0.002014414 -0.008053101 -0.1494294 0.002502259 0.5409016 -0.1497932 0.003059063 0.5409016 -0.1494303 0.002503698 -0.008053101 -0.1497938 0.003060343 -0.008053101 -0.1500605 0.003668188 0.5409016 -0.1500607 0.003669147 -0.008053101 -0.1502239 0.004313073 0.5409016 -0.1502239 0.004313073 -0.008053101 -0.1514516 0.002788101 0.1946172 -0.1514516 0.002788181 0.5409017 -0.1516238 0.003657947 0.5409017 -0.1516508 0.004544195 0.5409017 -0.1516508 0.004544195 0.1946172 -0.151624 0.003657868 0.1946172 -0.1506929 0.001191982 0.5409017 -0.1501273 0.0005090434 0.1946172 -0.1501273 0.0005090743 0.5409017 -0.150693 0.001191952 0.1946172 -0.1511384 0.001958574 0.5409017 -0.1511385 0.001958574 0.1946172 -0.1478779 -0.0008650962 0.1946172 -0.1478779 -0.0008650667 0.5409017 -0.1487004 -0.0005336591 0.5409017 -0.1487004 -0.0005336886 0.1946172 -0.149457 -7.140867e-05 0.5409017 -0.149457 -7.14386e-05 0.1946172 -0.1452456 -0.001002999 0.5409017 -0.1461268 -0.001102977 0.5409017 -0.1452458 -0.00100303 0.1946172 -0.1470122 -0.001056579 0.5409017 -0.1470122 -0.001056609 0.1946172 -0.1461268 -0.001103008 0.1946172 -0.1435922 -0.0003787425 0.5409017 -0.142865 0.0001284804 0.1946172 -0.142865 0.0001285103 0.5409017 -0.1443931 -0.0007594057 0.1946172 -0.1435923 -0.000378772 0.1946172 -0.1443931 -0.0007593761 0.5409017 -0.1422311 0.0007485554 0.5409017 -0.1422311 0.0007485245 0.1946172 -0.141708 0.001464411 0.1946172 -0.1413098 0.002256656 0.1946172 -0.141708 0.001464411 0.5409017 -0.1410475 0.003103623 0.1946172 -0.1413098 0.002256656 0.5409017 -0.1410475 0.003103703 0.5409017 -0.1409281 0.00398227 0.1946172 -0.1409281 0.00398235 0.5409017 -0.1452458 -0.00100303 0.1946172 -0.1451385 -0.002348017 0.1946172 -0.1441668 -0.002102895 0.1946172 -0.1461268 -0.001103008 0.1946172 -0.1432428 -0.001716172 0.1946172 -0.1423849 -0.001194826 0.1946172 -0.1443931 -0.0007594057 0.1946172 -0.1416146 -0.0005513827 0.1946172 -0.1435923 -0.000378772 0.1946172 -0.142865 0.0001284804 0.1946172 -0.1409489 0.0001996074 0.1946172 -0.149064 -0.001847214 0.1946172 -0.1481217 -0.002192657 0.1946172 -0.1478779 -0.0008650962 0.1946172 -0.1422311 0.0007485245 0.1946172 -0.1404029 0.001041168 0.1946172 -0.1399884 0.001954255 0.1946172 -0.141708 0.001464411 0.1946172 -0.1397151 0.002916341 0.1946172 -0.1413098 0.002256656 0.1946172 -0.1410475 0.003103623 0.1946172 -0.1395878 0.00391203 0.1946172 -0.1409281 0.00398227 0.1946172 -0.1511385 0.001958574 0.1946172 -0.1527966 0.002621939 0.1946172 -0.1524791 0.001670011 0.1946172 -0.1514516 0.002788101 0.1946172 -0.1529686 0.003610827 0.1946172 -0.1520231 0.0007763561 0.1946172 -0.1501273 0.0005090434 0.1946172 -0.150693 0.001191952 0.1946172 -0.151624 0.003657868 0.1946172 -0.1507413 -0.0007581722 0.1946172 -0.149457 -7.14386e-05 0.1946172 -0.1514396 -3.909188e-05 0.1946172 -0.1487004 -0.0005336886 0.1946172 -0.1499445 -0.00136497 0.1946172 -0.1471384 -0.002393617 0.1946172 -0.1470122 -0.001056609 0.1946172 -0.1461367 -0.002445698 0.1946172 -0.1529913 0.004614434 0.1946172 -0.1516508 0.004544195 0.1946172 -0.123497 0.003068823 0.1650891 -0.123497 0.003068823 0.1691156 -0.1328794 0.003560507 0.1691156 -0.1328794 0.003560507 0.4026562 -0.1362303 0.003736108 0.3919189 -0.1328794 0.003560507 0.3919189 -0.1328794 0.003560507 0.3852078 -0.1362303 0.003736108 0.3852078 -0.1395878 0.00391203 0.1650891 -0.1382409 0.003841468 0.4026562 -0.1409281 0.00398227 0.1946172 -0.1395878 0.00391203 0.1946172 -0.1328794 0.003560507 0.5409017 -0.1382409 0.003841468 0.4053408 -0.1328794 0.003560507 0.4053408 -0.1409281 0.00398235 0.5409017 -0.1396988 0.002998902 0.1650891 -0.123497 0.003068823 0.1650891 -0.1395878 0.00391203 0.1650891 -0.1399335 0.002109535 0.1650891 -0.1236375 0.0003881821 0.1650891 -0.1402877 0.001260701 0.1650891 -0.1402877 0.001260697 0.1221391 -0.1236375 0.0003881781 0.1221391 -0.1236375 0.0003881821 0.1650891 -0.1402877 0.001260701 0.1650891 -0.1236375 0.0003881781 0.1221391 -0.1399335 0.002109535 0.1221391 -0.1396988 0.002998902 0.1221391 -0.123497 0.003068823 0.1221391 -0.1402877 0.001260697 0.1221391 -0.1395878 0.00391203 0.1221391 -0.1328794 0.003560507 0.1167703 -0.1395878 0.00391203 0 -0.1328795 0.003560507 0 -0.123497 0.003068823 0.1167703 -0.123497 0.003068823 0.1221391 -0.1395878 0.00391203 0.1221391 -0.1677351 0.005387 0.1382453 -0.1704092 0.005527162 0.1476406 -0.1704092 0.005527162 0.1167703 -0.1596865 0.004965237 0.1476406 -0.1529913 0.004614434 0.1946172 -0.1596864 0.004965317 0.5409017 -0.1677351 0.005387 0.1221391 -0.1596865 0.004965237 0.1167703 -0.1529913 0.004614434 0.1221391 -0.1516508 0.004544195 0.1946172 -0.1516508 0.004544195 0.5409017 -0.1529913 0.004614434 0.1382453 -0.1596865 0.004965237 0 -0.1529913 0.004614434 0 -0.1382409 0.003841468 0.4053408 -0.1335684 -0.009588872 0.4053408 -0.1328794 0.003560507 0.4053408 -0.1389336 -0.009378471 0.4053408 -0.1335322 -0.008897586 0.4392295 -0.1335045 -0.008368224 0.4731184 -0.1328794 0.003560507 0.4053408 -0.1335684 -0.009588872 0.4053408 -0.1328794 0.003560507 0.5409017 -0.1334852 -0.00800062 0.50701 -0.1334745 -0.007794778 0.5409017 -0.1516238 0.003657947 0.5409017 -0.1514516 0.002788181 0.5409017 -0.1596864 0.004965317 0.5409017 -0.1602596 -0.005974525 0.5409017 -0.1487004 -0.0005336591 0.5409017 -0.1513408 -0.00671565 0.5409017 -0.1516508 0.004544195 0.5409017 -0.1470122 -0.001056579 0.5409017 -0.1461268 -0.001102977 0.5409017 -0.1334745 -0.007794778 0.5409017 -0.142865 0.0001285103 0.5409017 -0.1422311 0.0007485554 0.5409017 -0.1443931 -0.0007593761 0.5409017 -0.1435922 -0.0003787425 0.5409017 -0.1511384 0.001958574 0.5409017 -0.1506929 0.001191982 0.5409017 -0.1501273 0.0005090743 0.5409017 -0.149457 -7.140867e-05 0.5409017 -0.1478779 -0.0008650667 0.5409017 -0.1424124 -0.007322375 0.5409017 -0.1452456 -0.001002999 0.5409017 -0.141708 0.001464411 0.5409017 -0.1413098 0.002256656 0.5409017 -0.1328794 0.003560507 0.5409017 -0.1410475 0.003103703 0.5409017 -0.1409281 0.00398235 0.5409017 -0.1596865 0.004965237 0.1476406 -0.1603974 -0.008604384 0.3161878 -0.1603774 -0.008221102 0.1476406 -0.1603807 -0.008283423 0.3723703 -0.1596864 0.004965317 0.5409017 -0.1602596 -0.005974525 0.5409017 -0.1596865 0.004965237 0.1476406 -0.1710994 -0.007642057 0.1476406 -0.1704092 0.005527162 0.1476406 -0.1603774 -0.008221102 0.1476406 -0.1704092 0.005527162 0.1476406 -0.1710999 -0.007654377 0.1167703 -0.1704092 0.005527162 0.1167703 -0.1710994 -0.007642057 0.1476406 -0.1704092 0.005527162 0.1167703 -0.1603781 -0.008234863 0.1167703 -0.1596865 0.004965237 0.1167703 -0.1710999 -0.007654377 0.1167703 -0.1596865 0.004965237 0.1167703 -0.160382 -0.008308142 0.05838516 -0.1596865 0.004965237 0 -0.1603781 -0.008234863 0.1167703 -0.1603875 -0.008414304 0 -0.1596865 0.004965237 0 -0.1529686 0.003610827 0 -0.1529913 0.004614434 0 -0.1471427 -0.002392978 0 -0.1425077 -0.00919623 0 -0.146141 -0.002445858 0 -0.1524807 0.001674012 0 -0.1527974 0.00262546 0 -0.1520256 0.0007800378 0 -0.1603875 -0.008414304 0 -0.1514421 -3.641435e-05 0 -0.149066 -0.001846174 0 -0.1499445 -0.00136497 0 -0.1514485 -0.008829987 0 -0.1507432 -0.0007568515 0 -0.1481252 -0.002191536 0 -0.1441689 -0.002103695 0 -0.1451421 -0.002348817 0 -0.1335645 -0.009512872 0 -0.1432428 -0.001716172 0 -0.1423868 -0.001195998 0 -0.1416173 -0.0005538282 0 -0.1328795 0.003560507 0 -0.1409517 0.000196158 0 -0.1399896 0.001950815 0 -0.1404049 0.00103731 0 -0.1397153 0.002916262 0 -0.1395878 0.00391203 0 -0.1328795 0.003560507 0 -0.1335581 -0.009390791 0.05838516 -0.1328794 0.003560507 0.1167703 -0.1335645 -0.009512872 0 -0.1335537 -0.00930695 0.1167703 -0.1328794 0.003560507 0.1167703 -0.1241609 -0.009599992 0.1167703 -0.123497 0.003068823 0.1167703 -0.1335537 -0.00930695 0.1167703 -0.123497 0.003068823 0.1167703 -0.1241609 -0.009599992 0.1167703 -0.1236375 0.0003881781 0.1221391 -0.1236375 0.0003881821 0.1650891 -0.123497 0.003068823 0.1691156 -0.123497 0.003068823 0.1650891 -0.1241603 -0.009588793 0.1691156 -0.123497 0.003068823 0.1221391 -0.123497 0.003068823 0.1691156 -0.1335532 -0.009295991 0.1691156 -0.1328794 0.003560507 0.1691156 -0.1241603 -0.009588793 0.1691156 -0.1328794 0.003560507 0.1691156 -0.1335532 -0.009295991 0.1691156 -0.1335615 -0.009455351 0.2231385 -0.1335683 -0.009585192 0.2771616 -0.1335736 -0.009685514 0.3311846 -0.1328794 0.003560507 0.3852078 -0.1335773 -0.009756314 0.3852078 -0.1328794 0.003560507 0.3852078 -0.1369308 -0.009629912 0.3852078 -0.1362303 0.003736108 0.3852078 -0.1335773 -0.009756314 0.3852078 -0.1362303 0.003736108 0.3852078 -0.1369282 -0.009583832 0.3919189 -0.1362303 0.003736108 0.3919189 -0.1369308 -0.009629912 0.3852078 -0.1362303 0.003736108 0.3919189 -0.1335748 -0.009711194 0.3919189 -0.1328794 0.003560507 0.3919189 -0.1369282 -0.009583832 0.3919189 -0.1328794 0.003560507 0.3919189 -0.1335748 -0.009711194 0.3919189 -0.13357 -0.009616952 0.4026562 -0.1328794 0.003560507 0.4026562 -0.1328794 0.003560507 0.4026562 -0.1389351 -0.009407271 0.4026562 -0.1382409 0.003841468 0.4026562 -0.13357 -0.009616952 0.4026562 -0.1382409 0.003841468 0.4026562 -0.1389336 -0.009378471 0.4053408 -0.1382409 0.003841468 0.4053408 -0.1389351 -0.009407271 0.4026562 -0.1678756 0.00270634 0.1382453 -0.1529764 0.003694747 0.1382453 -0.1677351 0.005387 0.1382453 -0.1528357 0.002785701 0.1382453 -0.1529913 0.004614434 0.1382453 -0.1525724 0.001904414 0.1382453 -0.1677351 0.005387 0.1221391 -0.1678756 0.00270634 0.1221391 -0.1678756 0.00270634 0.1382453 -0.1677351 0.005387 0.1382453 -0.1529764 0.003694668 0.1221391 -0.1677351 0.005387 0.1221391 -0.1529913 0.004614434 0.1221391 -0.1678756 0.00270634 0.1221391 -0.1528357 0.002785701 0.1221391 -0.1525724 0.001904414 0.1221391 -0.1396988 0.002998902 0.1221391 -0.1395878 0.00391203 0 -0.1395878 0.00391203 0.1221391 -0.1396988 0.002998902 0.1650891 -0.1397151 0.002916341 0.1946172 -0.1399335 0.002109535 0.1650891 -0.1404029 0.001041168 0.1946172 -0.1404049 0.00103731 0 -0.1402877 0.001260697 0.1221391 -0.1399335 0.002109535 0.1221391 -0.1399896 0.001950815 0 -0.1397153 0.002916262 0 -0.1402877 0.001260701 0.1650891 -0.1432428 -0.001716172 0.1946172 -0.1441668 -0.002102895 0.1946172 -0.1432428 -0.001716172 0 -0.1399884 0.001954255 0.1946172 -0.1395878 0.00391203 0.1650891 -0.1395878 0.00391203 0.1946172 -0.1423868 -0.001195998 0 -0.1416173 -0.0005538282 0 -0.1423849 -0.001194826 0.1946172 -0.1409489 0.0001996074 0.1946172 -0.1409517 0.000196158 0 -0.146141 -0.002445858 0 -0.1461367 -0.002445698 0.1946172 -0.1471384 -0.002393617 0.1946172 -0.1451385 -0.002348017 0.1946172 -0.1451421 -0.002348817 0 -0.149064 -0.001847214 0.1946172 -0.1481252 -0.002191536 0 -0.1481217 -0.002192657 0.1946172 -0.1471427 -0.002392978 0 -0.1507432 -0.0007568515 0 -0.1507413 -0.0007581722 0.1946172 -0.1514396 -3.909188e-05 0.1946172 -0.149066 -0.001846174 0 -0.1499445 -0.00136497 0.1946172 -0.1499445 -0.00136497 0 -0.1525724 0.001904414 0.1221391 -0.1528357 0.002785701 0.1221391 -0.1527974 0.00262546 0 -0.1520231 0.0007763561 0.1946172 -0.1520256 0.0007800378 0 -0.1514421 -3.641435e-05 0 -0.1524791 0.001670011 0.1946172 -0.1525724 0.001904414 0.1382453 -0.1524807 0.001674012 0 -0.1527966 0.002621939 0.1946172 -0.1528357 0.002785701 0.1382453 -0.1529764 0.003694747 0.1382453 -0.1529686 0.003610827 0.1946172 -0.1529913 0.004614434 0.1946172 -0.1529913 0.004614434 0.1382453 -0.1529686 0.003610827 0 -0.1529764 0.003694668 0.1221391 -0.1529913 0.004614434 0.1221391 -0.1529913 0.004614434 0 -0.1441689 -0.002103695 0 -0.1416146 -0.0005513827 0.1946172 -0.1485175 -0.008480464 0.3787465 -0.1524584 -0.008601905 0.3246725 -0.1603807 -0.008283423 0.3723698 -0.1335322 -0.008897586 0.4392295 -0.1436074 -0.008326143 0.4328098 -0.1335045 -0.008368224 0.4731184 -0.1603 -0.00674421 0.4847243 -0.1478739 -0.007567017 0.4868611 -0.1603404 -0.007513817 0.428547 -0.1424124 -0.007322375 0.5409017 -0.1334745 -0.007794778 0.5409017 -0.1602596 -0.005974525 0.5409017 -0.1513408 -0.00671565 0.5409017 -0.1603974 -0.008604384 0.3161885 -0.1574339 -0.008745825 0.2164922 -0.1603909 -0.008476624 0.2600059 -0.1554307 -0.008690306 0.2705877 -0.1389336 -0.009378471 0.4053408 -0.1335537 -0.00930695 0.1167703 -0.1335532 -0.009295991 0.1691156 -0.1241609 -0.009599992 0.1167703 -0.146286 -0.009264869 0.2164922 -0.1603781 -0.008234863 0.1167703 -0.1610467 -0.008194782 0.126705 -0.1604115 -0.008226383 0.1264086 -0.1603774 -0.008221102 0.1476406 -0.1566717 -0.008400223 0.1334488 -0.1572102 -0.008375104 0.1337793 -0.155798 -0.008442624 0.1278043 -0.1473321 -0.00927959 0.1082682 -0.1561977 -0.008425103 0.1273407 -0.1464759 -0.009234149 0.05413968 -0.1425077 -0.00919623 0 -0.1514485 -0.008829987 0 -0.1597348 -0.008259582 0.1262271 -0.1472688 -0.009289911 0.1623859 -0.1554703 -0.008457103 0.1283304 -0.1241603 -0.009588793 0.1691156 -0.1369282 -0.009583832 0.3919189 -0.13357 -0.009616952 0.4026562 -0.1335748 -0.009711194 0.3919189 -0.1577935 -0.008347663 0.1340214 -0.1540506 -0.007737499 0.4328098 -0.13782 -0.008978547 0.3787465 -0.1389351 -0.009407271 0.4026562 -0.1335773 -0.009756314 0.3852078 -0.1369308 -0.009629912 0.3852078 -0.1629971 -0.008095501 0.1294921 -0.1710999 -0.007654377 0.1167703 -0.1630587 -0.008091981 0.1301922 -0.1590371 -0.008293262 0.1261656 -0.1616223 -0.008162941 0.1332772 -0.1610483 -0.008191342 0.1336796 -0.161621 -0.008165901 0.1271074 -0.1625207 -0.008118302 0.1322053 -0.1621183 -0.008138302 0.1327807 -0.1625186 -0.008120301 0.1281781 -0.1621168 -0.008140782 0.1276036 -0.1628169 -0.008103581 0.131569 -0.1710994 -0.007642057 0.1476406 -0.1628151 -0.008105021 0.1288139 -0.1629978 -0.008094781 0.1308911 -0.1597359 -0.008255582 0.1341578 -0.1604131 -0.008222541 0.1339762 -0.1584071 -0.008318862 0.1341691 -0.159037 -0.008289263 0.1342188 -0.1561841 -0.008422784 0.1330297 -0.1557544 -0.008442624 0.1325172 -0.1554148 -0.008458224 0.1319448 -0.1551853 -0.008468784 0.1313557 -0.1550155 -0.008476944 0.1301695 -0.1550547 -0.008474864 0.1307653 -0.1550684 -0.008474784 0.1295428 -0.1552232 -0.008468064 0.128912 -0.160382 -0.008308142 0.05838516 -0.1566739 -0.008403903 0.126934 -0.1572123 -0.008379344 0.126604 -0.1577951 -0.008352143 0.1263624 -0.1584085 -0.008323263 0.1262151 -0.1377286 -0.008138781 0.4868611 -0.1603875 -0.008414304 0 -0.1335581 -0.009390791 0.05838516 -0.1443835 -0.00920471 0.2705877 -0.1415615 -0.009109268 0.3246725 -0.1334852 -0.00800062 0.50701 -0.1360635 -0.009701914 0.1623859 -0.1335615 -0.009455351 0.2231385 -0.1335683 -0.009585192 0.2771616 -0.1335736 -0.009685514 0.3311846 -0.1335684 -0.009588872 0.4053408 -0.1335645 -0.009512872 0 -0.1598619 0.002286416 0.1264084 -0.1678756 0.00270634 0.1221391 -0.1591848 0.002250897 0.1262268 -0.1584866 0.002214336 0.1342188 -0.1578246 0.002179616 0.1341638 -0.1525724 0.001904414 0.1382453 -0.1544792 0.002004334 0.1298597 -0.1544792 0.002004334 0.1305247 -0.1678756 0.00270634 0.1382453 -0.1591848 0.002250897 0.1341576 -0.1584866 0.002214336 0.1261656 -0.1525724 0.001904414 0.1221391 -0.1578246 0.002179616 0.1262205 -0.1565727 0.002114015 0.1337334 -0.1571809 0.002145935 0.1340005 -0.1555281 0.002059295 0.1329192 -0.1560168 0.002084895 0.1333697 -0.1548043 0.002021375 0.1318096 -0.1551202 0.002037935 0.1323944 -0.1545886 0.002010095 0.1311807 -0.1545886 0.002010095 0.1292036 -0.1551202 0.002037935 0.1279899 -0.1548043 0.002021375 0.1285747 -0.1560168 0.002084895 0.1270147 -0.1555281 0.002059295 0.1274651 -0.1571809 0.002145935 0.1263838 -0.1565727 0.002114015 0.126651 -0.1622651 0.002412338 0.128815 -0.1624464 0.002421858 0.1294931 -0.1610712 0.002349777 0.1271077 -0.160497 0.002319697 0.126705 -0.1619689 0.002396818 0.1281789 -0.1615668 0.002375778 0.1276039 -0.1625076 0.002425058 0.1301922 -0.1622651 0.002412338 0.1315694 -0.1624464 0.002421858 0.1308913 -0.1615668 0.002375778 0.1327804 -0.1619689 0.002396818 0.1322055 -0.160497 0.002319697 0.1336793 -0.1610712 0.002349777 0.1332767 -0.1598619 0.002286416 0.133976 -0.1544792 0.002004334 0.1305247 -0.1550155 -0.008476944 0.1301695 -0.1544792 0.002004334 0.1298597 -0.1545886 0.002010095 0.1292036 -0.1550684 -0.008474784 0.1295428 -0.1552232 -0.008468064 0.128912 -0.1548043 0.002021375 0.1285747 -0.1554703 -0.008457103 0.1283304 -0.1551202 0.002037935 0.1279899 -0.1555281 0.002059295 0.1274651 -0.155798 -0.008442624 0.1278043 -0.1561977 -0.008425103 0.1273407 -0.1560168 0.002084895 0.1270147 -0.1566739 -0.008403903 0.126934 -0.1565727 0.002114015 0.126651 -0.1571809 0.002145935 0.1263838 -0.1572123 -0.008379344 0.126604 -0.1577951 -0.008352143 0.1263624 -0.1584085 -0.008323263 0.1262151 -0.1578246 0.002179616 0.1262205 -0.1590371 -0.008293262 0.1261656 -0.1584866 0.002214336 0.1261656 -0.1550547 -0.008474864 0.1307653 -0.1545886 0.002010095 0.1311807 -0.1551853 -0.008468784 0.1313557 -0.1548043 0.002021375 0.1318096 -0.1554148 -0.008458224 0.1319448 -0.1557544 -0.008442624 0.1325172 -0.1551202 0.002037935 0.1323944 -0.1555281 0.002059295 0.1329192 -0.1561841 -0.008422784 0.1330297 -0.1560168 0.002084895 0.1333697 -0.1566717 -0.008400223 0.1334488 -0.1572102 -0.008375104 0.1337793 -0.1565727 0.002114015 0.1337334 -0.1571809 0.002145935 0.1340005 -0.1577935 -0.008347663 0.1340214 -0.1578246 0.002179616 0.1341638 -0.1584071 -0.008318862 0.1341691 -0.1584866 0.002214336 0.1342188 -0.159037 -0.008289263 0.1342188 -0.1597348 -0.008259582 0.1262271 -0.1584866 0.002214336 0.1261656 -0.1590371 -0.008293262 0.1261656 -0.161621 -0.008165901 0.1271074 -0.160497 0.002319697 0.126705 -0.1610467 -0.008194782 0.126705 -0.1604115 -0.008226383 0.1264086 -0.1598619 0.002286416 0.1264084 -0.1591848 0.002250897 0.1262268 -0.1619689 0.002396818 0.1281789 -0.1625186 -0.008120301 0.1281781 -0.1628151 -0.008105021 0.1288139 -0.1610712 0.002349777 0.1271077 -0.1621168 -0.008140782 0.1276036 -0.1615668 0.002375778 0.1276039 -0.1630587 -0.008091981 0.1301922 -0.1629978 -0.008094781 0.1308911 -0.1625076 0.002425058 0.1301922 -0.1629971 -0.008095501 0.1294921 -0.1624464 0.002421858 0.1294931 -0.1622651 0.002412338 0.128815 -0.1621183 -0.008138302 0.1327807 -0.1619689 0.002396818 0.1322055 -0.1625207 -0.008118302 0.1322053 -0.1622651 0.002412338 0.1315694 -0.1624464 0.002421858 0.1308913 -0.1628169 -0.008103581 0.131569 -0.1610483 -0.008191342 0.1336796 -0.1610712 0.002349777 0.1332767 -0.1616223 -0.008162941 0.1332772 -0.1615668 0.002375778 0.1327804 -0.1604131 -0.008222541 0.1339762 -0.160497 0.002319697 0.1336793 -0.1598619 0.002286416 0.133976 -0.1597359 -0.008255582 0.1341578 -0.159037 -0.008289263 0.1342188 -0.1591848 0.002250897 0.1341576 -0.1584866 0.002214336 0.1342188 -0.1525528 0.007285575 0.1946172 -0.1528264 0.006322527 0.1946172 -0.1512316 0.006982533 0.1946172 -0.1472955 0.01024224 0.1946172 -0.1483745 0.01134233 0.1946172 -0.1492998 0.01095464 0.1946172 -0.1474014 0.01158769 0.1946172 -0.1481482 0.009998635 0.1946172 -0.1464147 0.01034224 0.1946172 -0.1501571 0.01043344 0.1946172 -0.1489491 0.009617992 0.1946172 -0.1496763 0.009110708 0.1946172 -0.1509271 0.009790314 0.1946172 -0.1515924 0.009039748 0.1946172 -0.1434781 0.01108664 0.1946172 -0.1444192 0.01143169 0.1946172 -0.1446634 0.01010432 0.1946172 -0.1503102 0.008490704 0.1946172 -0.1521383 0.008198542 0.1946172 -0.1508334 0.007774778 0.1946172 -0.140062 0.007568538 0.1946172 -0.1414029 0.007280614 0.1946172 -0.1397447 0.00661661 0.1946172 -0.1529537 0.00532716 0.1946172 -0.1514939 0.006135487 0.1946172 -0.1516132 0.005256919 0.1946172 -0.1410897 0.006451008 0.1946172 -0.1395727 0.005627963 0.1946172 -0.1405176 0.008462383 0.1946172 -0.142414 0.008730146 0.1946172 -0.1418484 0.008047261 0.1946172 -0.1409173 0.005581242 0.1946172 -0.1418002 0.009997756 0.1946172 -0.1430843 0.00931063 0.1946172 -0.1411015 0.00927815 0.1946172 -0.1438409 0.009772874 0.1946172 -0.1425986 0.01060512 0.1946172 -0.1454013 0.01163273 0.1946172 -0.1455292 0.01029584 0.1946172 -0.1464027 0.01168521 0.1946172 -0.1395501 0.004624754 0.1946172 -0.1408905 0.004694995 0.1946172 -0.002877301 -0.002816261 0.4026562 -0.002374578 -0.003251545 0.4026562 -0.001806733 -0.003598107 0.4026562 -0.00142217 0.003766987 0.4026562 -0.002023134 0.003481546 0.4026562 0.003931389 -0.0008698234 0.4026562 -0.001189469 -0.003846508 0.4026562 -0.003302024 -0.002304017 0.4026562 -0.0005397245 -0.00398995 0.4026562 -0.003636107 -0.001728892 0.4026562 -0.003870988 -0.001106681 0.4026562 0.000123741 -0.00402451 0.4026562 -0.00400075 -0.0004541546 0.4026562 0.000784926 -0.003949309 0.4026562 -0.00402107 0.0002107503 0.4026562 0.00142345 -0.003766349 0.4026562 0.002024415 -0.003480746 0.4026562 -0.003931389 0.0008697066 0.4026562 0.003436906 -0.002098255 0.4026562 -0.003043143 0.00263602 0.4026562 0.003044503 -0.00263514 0.4026562 -0.003435545 0.002099055 0.4026562 -0.003734108 0.00150489 0.4026562 0.00256986 -0.003100183 0.4026562 0.00402099 -0.0002106778 0.4026562 -0.002568579 0.003101062 0.4026562 0.003735468 -0.001504251 0.4026562 0.003872269 0.001106334 0.4026562 0.003637466 0.001728413 0.4026562 0.0005423847 0.00398987 0.4026562 0.00400075 0.0004540379 0.4026562 -0.0001210809 0.00402467 0.4026562 -0.0007822457 0.003949709 0.4026562 0.001808093 0.003597707 0.4026562 0.002878581 0.002815621 0.4026562 0.002375857 0.003250983 0.4026562 0.003303305 0.002303457 0.4026562 0.001192109 0.003846269 0.4026562 0.03405225 -0.008796547 -0.00536868 0.03360489 -0.008869187 -0.00536868 0.03383161 -0.008851906 -0.00536868 0.01355858 0.0002325796 -0.00536868 0.0133361 0.0002456203 -0.00536868 0.01311578 0.0002216958 -0.00536868 0.03426002 -0.008704785 -0.00536868 0.03445073 -0.008579185 -0.00536868 0.0346161 -0.008423264 -0.00536868 0.0347533 -0.008241662 -0.00536868 0.03485666 -0.0080395 -0.00536868 0.03492585 -0.007822619 -0.00536868 0.03495778 -0.007597337 -0.00536868 0.0349505 -0.007376935 -0.00536868 0.03458033 -0.00659277 -0.00536868 0.03441457 -0.006447649 -0.00536868 0.03402322 -0.006247806 -0.00536868 0.0349081 -0.007160613 -0.00536868 0.03483026 -0.006954132 -0.00536868 0.03472066 -0.006763171 -0.00536868 0.03422714 -0.006331647 -0.00536868 0.01170161 -0.007273574 -0.00536868 0.01377506 0.0001830529 -0.00536868 0.01235641 -0.0002148332 -0.00536868 0.01222465 -0.0003942125 -0.00536868 0.01290026 0.0001616611 -0.00536868 0.01269914 6.69671e-05 -0.00536868 0.01251642 -5.970332e-05 -0.00536868 0.01212553 -0.0005929623 -0.00536868 0.01205937 -0.0008054628 -0.00536868 0.01202897 -0.001025959 -0.00536868 0.01170769 -0.007489977 -0.00536868 0.01302938 -0.008685906 -0.00536868 0.01182297 -0.007905739 -0.00536868 0.01174897 -0.007702538 -0.00536868 0.01206361 -0.008263342 -0.00536868 0.01192873 -0.008094301 -0.00536868 0.01240609 -0.008526065 -0.00536868 0.01222537 -0.008408623 -0.00536868 0.01281402 -0.008666545 -0.00536868 0.01260442 -0.008612785 -0.00536868 -0.07620257 0.00802526 -0.00536868 -0.07579185 0.00793798 -0.00536868 -0.07599433 0.00799782 -0.00536868 -0.09471343 -0.003019863 -0.00536868 -0.09425926 -0.003124664 -0.00536868 -0.09492008 -0.002910021 -0.00536868 -0.07560177 0.007847339 -0.00536868 -0.07527553 0.007583017 -0.00536868 -0.07542793 0.007727979 -0.00536868 -0.0751472 0.007415975 -0.00536868 -0.07504672 0.007230854 -0.00536868 -0.07497649 0.007032293 -0.00536868 -0.0749376 0.006825171 -0.00536868 -0.07493249 0.006614689 -0.00536868 -0.09503768 0.007668298 -0.00536868 -0.09538488 -0.002393697 -0.00536868 -0.09547256 -0.002176736 -0.00536868 -0.07621857 -0.00392355 -0.00536868 -0.07683474 -0.00403779 -0.00536868 -0.07641714 -0.003993869 -0.00536868 -0.07662481 -0.004032269 -0.00536868 -0.07603322 -0.003823068 -0.00536868 -0.07586657 -0.003694827 -0.00536868 -0.07572145 -0.003542107 -0.00536868 -0.07560217 -0.003368505 -0.00536868 -0.07551152 -0.003178423 -0.00536868 -0.0754512 -0.002976502 -0.00536868 -0.07542417 -0.002767701 -0.00536868 -0.09449087 -0.003092103 -0.00536868 -0.0955212 -0.001947934 -0.00536868 -0.0951044 -0.00276594 -0.00536868 -0.09526087 -0.0025921 -0.00536868 -0.09552936 -0.001714093 -0.00536868 -0.09362711 0.008938388 -0.00536868 -0.09495048 0.008079021 -0.00536868 -0.09501023 0.0078771 -0.00536868 -0.0947404 0.008442703 -0.00536868 -0.09485976 0.008269102 -0.00536868 -0.09442839 0.008723666 -0.00536868 -0.09459543 0.008595425 -0.00536868 -0.09404472 0.008894467 -0.00536868 -0.09424335 0.008824146 -0.00536868 -0.09383767 0.008932867 -0.00536868 -0.1767288 0.01329314 -0.00536868 -0.1763179 0.01320586 -0.00536868 -0.1765199 0.01326562 -0.00536868 -0.1952396 0.002247936 -0.00536868 -0.1947854 0.002143056 -0.00536868 -0.1954463 0.002357778 -0.00536868 -0.1761279 0.01311514 -0.00536868 -0.1758016 0.0128509 -0.00536868 -0.1759543 0.01299586 -0.00536868 -0.1756733 0.01268378 -0.00536868 -0.1755729 0.01249873 -0.00536868 -0.1755024 0.01230017 -0.00536868 -0.1754642 0.01209305 -0.00536868 -0.1754587 0.01188257 -0.00536868 -0.195564 0.0129361 -0.00536868 -0.1959111 0.002874101 -0.00536868 -0.1959987 0.003090983 -0.00536868 -0.1767448 0.00134417 -0.00536868 -0.1773608 0.001230038 -0.00536868 -0.1769433 0.001273936 -0.00536868 -0.1771504 0.001235555 -0.00536868 -0.1765595 0.001444731 -0.00536868 -0.1763926 0.001572891 -0.00536868 -0.1762476 0.001725692 -0.00536868 -0.1761283 0.001899293 -0.00536868 -0.1760376 0.002089375 -0.00536868 -0.1759777 0.002291297 -0.00536868 -0.1759503 0.002500098 -0.00536868 -0.195017 0.002175616 -0.00536868 -0.1960473 0.003319865 -0.00536868 -0.1956305 0.002501859 -0.00536868 -0.195787 0.002675699 -0.00536868 -0.1960555 0.003553706 -0.00536868 -0.1941532 0.01420626 -0.00536868 -0.1954766 0.0133469 -0.00536868 -0.1955363 0.0131449 -0.00536868 -0.1952665 0.01371058 -0.00536868 -0.1953859 0.01353698 -0.00536868 -0.1949545 0.01399154 -0.00536868 -0.1951216 0.01386329 -0.00536868 -0.1945709 0.01416235 -0.00536868 -0.1947694 0.01409202 -0.00536868 -0.1943638 0.01420075 -0.00536868 -0.1410897 0.006451008 0.1946172 -0.1410897 0.006451089 0.5409017 -0.1409173 0.005581322 0.5409017 -0.1408905 0.004694995 0.5409017 -0.1408905 0.004694995 0.1946172 -0.1409173 0.005581242 0.1946172 -0.1418483 0.008047261 0.5409017 -0.142414 0.008730146 0.1946172 -0.142414 0.008730226 0.5409017 -0.1418484 0.008047261 0.1946172 -0.1414029 0.007280614 0.5409017 -0.1414029 0.007280614 0.1946172 -0.1446634 0.01010432 0.1946172 -0.1446634 0.01010432 0.5409017 -0.1438409 0.009772954 0.5409017 -0.1438409 0.009772874 0.1946172 -0.1430842 0.00931071 0.5409017 -0.1430843 0.00931063 0.1946172 -0.1472955 0.01024224 0.5409017 -0.1464145 0.01034224 0.5409017 -0.1472955 0.01024224 0.1946172 -0.1455291 0.01029584 0.5409017 -0.1455292 0.01029584 0.1946172 -0.1464147 0.01034224 0.1946172 -0.1489491 0.009617992 0.5409017 -0.1496763 0.009110708 0.1946172 -0.1496763 0.009110789 0.5409017 -0.1481482 0.009998635 0.1946172 -0.1489491 0.009617992 0.1946172 -0.1481482 0.009998635 0.5409017 -0.1503102 0.008490704 0.5409017 -0.1503102 0.008490704 0.1946172 -0.1508334 0.007774778 0.1946172 -0.1512316 0.006982533 0.1946172 -0.1508333 0.007774778 0.5409017 -0.1514939 0.006135487 0.1946172 -0.1512315 0.006982533 0.5409017 -0.1514938 0.006135566 0.5409017 -0.1516132 0.005256919 0.1946172 -0.1516132 0.005256919 0.5409017 -0.1018733 0.005338439 0.4066828 -0.1327013 0.006953892 0.4241314 -0.1018733 0.005338439 0.4241314 -0.1018733 0.005338439 0.4039986 -0.1018733 0.005338439 0.3825234 -0.1327013 0.006953892 0.3825234 -0.09490672 0.004973397 0.4066828 -0.09490672 0.004973397 0.4039986 -0.1327013 0.006953892 0.3825234 -0.1328418 0.004273232 0.4241314 -0.1327013 0.006953892 0.4241314 -0.1328418 0.004273232 0.3825234 -0.1328418 0.004273232 0.1167703 -0.1395501 0.004624754 0.1946172 -0.1328418 0.004273232 0.1691156 -0.1234594 0.003781548 0.1691156 -0.1234594 0.003781548 0.1167703 -0.1395502 0.004624754 0 -0.1328418 0.004273232 0.5409017 -0.1408905 0.004694995 0.5409017 -0.1328419 0.004273232 0 -0.1408905 0.004694995 0.1946172 -0.1454013 0.01163273 0.1946172 -0.1454008 0.01163265 0 -0.1464021 0.01168513 0 -0.1444192 0.01143169 0.1946172 -0.1444176 0.01143129 0 -0.1434755 0.0110856 0 -0.1434781 0.01108664 0.1946172 -0.1425986 0.01060512 0.1946172 -0.1425957 0.01060336 0 -0.1418002 0.009997756 0.1946172 -0.1417977 0.009995355 0 -0.1410992 0.00927527 0 -0.1411015 0.00927815 0.1946172 -0.1405176 0.008462383 0.1946172 -0.140516 0.008459264 0 -0.140062 0.007568538 0.1946172 -0.1400609 0.007565577 0 -0.1397441 0.006614289 0 -0.1397447 0.00661661 0.1946172 -0.1395727 0.005627963 0.1946172 -0.1395727 0.005627963 0 -0.1395501 0.004624754 0.1946172 -0.1395502 0.004624754 0 -0.1464027 0.01168521 0.1946172 -0.1474014 0.01158769 0.1946172 -0.1473997 0.01158785 0 -0.1483718 0.01134305 0 -0.1483745 0.01134233 0.1946172 -0.1492969 0.01095608 0 -0.1492998 0.01095464 0.1946172 -0.1501571 0.01043344 0.1946172 -0.1501541 0.01043552 0 -0.1509244 0.009792954 0 -0.1509271 0.009790314 0.1946172 -0.1515903 0.009042548 0 -0.1515924 0.009039748 0.1946172 -0.1521383 0.008198542 0.1946172 -0.152137 0.008201262 0 -0.152552 0.007287735 0 -0.1525528 0.007285575 0.1946172 -0.1528264 0.006322527 0 -0.1528264 0.006322527 0.1946172 -0.1529537 0.00532708 0 -0.1529537 0.00532716 0.1946172 -0.1529537 0.00532708 0 -0.1596488 0.005677963 0 -0.1596488 0.005677963 0.1167703 -0.1529537 0.00532716 0.1946172 -0.1596488 0.005677963 0.1476406 -0.1596488 0.005677963 0.5409017 -0.1516132 0.005256919 0.1946172 -0.1516132 0.005256919 0.5409017 -0.1703716 0.006239887 0.1167703 -0.1703716 0.006239887 0.1476406 -0.003870988 -0.001105752 0 -0.003870988 -0.001106681 0.4026562 -0.00400075 -0.0004541546 0.4026562 -0.00402107 0.0002107503 0.4026562 -0.00402107 0.0002107154 0 -0.00400083 -0.0004541895 0 -0.003302024 -0.002304017 0.4026562 -0.002878661 -0.00281474 0 -0.002877301 -0.002816261 0.4026562 -0.003303384 -0.002302497 0 -0.003636107 -0.001728892 0.4026562 -0.003636107 -0.001727692 0 -0.001192169 -0.003845789 0 -0.001189469 -0.003846508 0.4026562 -0.001806733 -0.003598107 0.4026562 -0.001809453 -0.003596987 0 -0.002374578 -0.003251545 0.4026562 -0.002375938 -0.003250184 0 0.000784926 -0.003949309 0.4026562 0.000123741 -0.00402451 0.4026562 0.0007821463 -0.00394987 0 -0.0005397245 -0.00398995 0.4026562 -0.000542484 -0.00398963 0 0.0001210009 -0.00402467 0 0.002024415 -0.003480746 0.4026562 0.002568419 -0.003101624 0 0.00256986 -0.003100183 0.4026562 0.00142201 -0.003767387 0 0.002022975 -0.003482026 0 0.00142345 -0.003766349 0.4026562 0.003735308 -0.00150529 0 0.003735468 -0.001504251 0.4026562 0.003436906 -0.002098255 0.4026562 0.003436745 -0.002099615 0 0.003044503 -0.00263514 0.4026562 0.003043063 -0.00263658 0 0.00400075 0.0004540379 0.4026562 0.00402099 -0.0002106778 0.4026562 0.00400067 0.000454003 0 0.003931389 -0.0008698234 0.4026562 0.003931309 -0.0008698596 0 0.004020911 -0.0002107127 0 0.003637466 0.001728413 0.4026562 0.003303224 0.002303457 0 0.003303305 0.002303457 0.4026562 0.003872189 0.001106299 0 0.003637387 0.001728413 0 0.003872269 0.001106334 0.4026562 0.001808012 0.003597707 0 0.001808093 0.003597707 0.4026562 0.002375857 0.003250983 0.4026562 0.002375778 0.003250983 0 0.002878581 0.002815621 0.4026562 0.002878501 0.002815621 0 -0.0001210809 0.00402467 0.4026562 0.0005423847 0.00398987 0.4026562 -0.0001211409 0.004024589 0 0.001192109 0.003846269 0.4026562 0.001192049 0.003846189 0 0.0005423243 0.00398987 0 -0.0007823061 0.00394963 0 -0.00142217 0.003766987 0 -0.0007822457 0.003949709 0.4026562 -0.00142217 0.003766987 0.4026562 -0.002023134 0.003481546 0 -0.002568579 0.003101062 0 -0.002023134 0.003481546 0.4026562 -0.003043222 0.00263602 0 -0.002568579 0.003101062 0.4026562 -0.003043143 0.00263602 0.4026562 -0.003435626 0.002099055 0 -0.003734188 0.00150489 0 -0.003435545 0.002099055 0.4026562 -0.00393147 0.0008696717 0 -0.003734108 0.00150489 0.4026562 -0.003931389 0.0008697066 0.4026562 0.01302938 -0.008685906 0 0.03360489 -0.008869187 0 0.03360489 -0.008869187 -0.00536868 0.01302938 -0.008685906 -0.00536868 0.03472066 -0.006763171 -0.00536868 0.03472066 -0.006763171 0 0.03458033 -0.00659277 -0.00536868 0.03495778 -0.007597337 -0.00536868 0.03492585 -0.007822619 0 0.03495778 -0.007597337 0 0.03458033 -0.00659277 0 0.03441457 -0.006447649 -0.00536868 0.03422714 -0.006331647 -0.00536868 0.03441457 -0.006447649 0 0.03422714 -0.006331647 0 0.03402322 -0.006247806 -0.00536868 0.03402322 -0.006247806 0 0.03483026 -0.006954132 0 0.0349081 -0.007160613 0 0.03483026 -0.006954132 -0.00536868 0.0349081 -0.007160613 -0.00536868 0.0349505 -0.007376935 0 0.0349505 -0.007376935 -0.00536868 0.03485666 -0.0080395 -0.00536868 0.03485666 -0.0080395 0 0.03492585 -0.007822619 -0.00536868 0.03445073 -0.008579185 -0.00536868 0.03445073 -0.008579185 0 0.0346161 -0.008423264 -0.00536868 0.0347533 -0.008241662 -0.00536868 0.0346161 -0.008423264 0 0.0347533 -0.008241662 0 0.03405225 -0.008796547 -0.00536868 0.03383161 -0.008851906 0 0.03405225 -0.008796547 0 0.03426002 -0.008704785 0 0.03426002 -0.008704785 -0.00536868 0.03360489 -0.008869187 0 0.03383161 -0.008851906 -0.00536868 0.03360489 -0.008869187 -0.00536868 0.03402322 -0.006247806 0 0.01377506 0.0001830529 0 0.01377506 0.0001830529 -0.00536868 0.03402322 -0.006247806 -0.00536868 0.01212553 -0.000592961 0 0.01205937 -0.0008054628 -0.00536868 0.01212553 -0.0005929623 -0.00536868 0.01202897 -0.001025959 -0.00536868 0.01205937 -0.0008054628 0 0.01202897 -0.001025959 0 0.01235641 -0.0002148332 -0.00536868 0.01251642 -5.970332e-05 -0.00536868 0.01251642 -5.970265e-05 0 0.01235641 -0.0002148319 0 0.01222465 -0.0003942125 0 0.01222465 -0.0003942125 -0.00536868 0.01311578 0.0002216972 0 0.01290026 0.0001616611 -0.00536868 0.01311578 0.0002216958 -0.00536868 0.01290026 0.0001616625 0 0.01269914 6.696764e-05 0 0.01269914 6.69671e-05 -0.00536868 0.0133361 0.0002456203 0 0.0133361 0.0002456203 -0.00536868 0.01355858 0.0002325796 0 0.01355858 0.0002325796 -0.00536868 0.01377506 0.0001830529 0 0.01377506 0.0001830529 -0.00536868 0.01170161 -0.007273574 0 0.01202897 -0.001025959 -0.00536868 0.01202897 -0.001025959 0 0.01170161 -0.007273574 -0.00536868 0.01260442 -0.008612785 0 0.01281402 -0.008666545 -0.00536868 0.01260442 -0.008612785 -0.00536868 0.01302938 -0.008685906 -0.00536868 0.01281402 -0.008666545 0 0.01302938 -0.008685906 0 0.01222537 -0.008408623 -0.00536868 0.01206361 -0.008263342 -0.00536868 0.01206361 -0.008263342 0 0.01222537 -0.008408623 0 0.01240609 -0.008526065 0 0.01240609 -0.008526065 -0.00536868 0.01174897 -0.007702538 0 0.01182297 -0.007905739 -0.00536868 0.01174897 -0.007702538 -0.00536868 0.01182297 -0.007905739 0 0.01192873 -0.008094301 0 0.01192873 -0.008094301 -0.00536868 0.01170769 -0.007489977 -0.00536868 0.01170769 -0.007489977 0 0.01170161 -0.007273574 -0.00536868 0.01170161 -0.007273574 0 -0.09425926 -0.003124664 0 -0.07683474 -0.00403779 -0.00536868 -0.09425926 -0.003124664 -0.00536868 -0.07683474 -0.00403779 0 -0.07551152 -0.003178423 0 -0.0754512 -0.002976502 -0.00536868 -0.07555865 -0.003295065 -0.00536868 -0.07542417 -0.002767701 -0.00536868 -0.0754512 -0.002976502 0 -0.07542417 -0.002767701 0 -0.07572145 -0.003542107 -0.00536868 -0.07586657 -0.003694827 -0.00536868 -0.07586657 -0.003694827 0 -0.07572145 -0.003542107 0 -0.07560217 -0.003368505 0 -0.07641714 -0.003993869 0 -0.07621857 -0.00392355 -0.00536868 -0.07641714 -0.003993869 -0.00536868 -0.07621857 -0.00392355 0 -0.07603322 -0.003823068 0 -0.07603322 -0.003823068 -0.00536868 -0.07662481 -0.004032269 -0.00536868 -0.07662481 -0.004032269 0 -0.07683474 -0.00403779 -0.00536868 -0.07683474 -0.00403779 0 -0.07542417 -0.002767701 -0.00536868 -0.07493249 0.006614689 0 -0.07493249 0.006614689 -0.00536868 -0.07542417 -0.002767701 0 -0.07579185 0.00793798 0 -0.07599433 0.00799782 -0.00536868 -0.07579185 0.00793798 -0.00536868 -0.07620257 0.00802526 -0.00536868 -0.07599433 0.00799782 0 -0.07620257 0.00802526 0 -0.07542793 0.007727979 -0.00536868 -0.07527553 0.007583017 -0.00536868 -0.07527553 0.007583017 0 -0.07542793 0.007727979 0 -0.07560177 0.007847339 0 -0.07560177 0.007847339 -0.00536868 -0.07497649 0.007032293 0 -0.07504672 0.007230854 -0.00536868 -0.07497649 0.007032293 -0.00536868 -0.07504672 0.007230854 0 -0.0751472 0.007415975 0 -0.0751472 0.007415975 -0.00536868 -0.0749376 0.006825171 -0.00536868 -0.0749376 0.006825171 0 -0.07493249 0.006614689 -0.00536868 -0.07493249 0.006614689 0 -0.07620257 0.00802526 0 -0.09362711 0.008938388 -0.00536868 -0.07620257 0.00802526 -0.00536868 -0.09362711 0.008938388 0 -0.09495048 0.008079021 0 -0.09501023 0.0078771 -0.00536868 -0.09495048 0.008079021 -0.00536868 -0.09503768 0.007668298 -0.00536868 -0.09501023 0.0078771 0 -0.09503768 0.007668298 0 -0.0947404 0.008442703 -0.00536868 -0.09459543 0.008595425 -0.00536868 -0.09459543 0.008595504 0 -0.0947404 0.008442703 0 -0.09485976 0.008269102 0 -0.09485976 0.008269102 -0.00536868 -0.09404472 0.008894467 0 -0.09424335 0.008824146 -0.00536868 -0.09404472 0.008894467 -0.00536868 -0.09424335 0.008824146 0 -0.09442839 0.008723666 0 -0.09442839 0.008723666 -0.00536868 -0.09383767 0.008932867 -0.00536868 -0.09383767 0.008932867 0 -0.09362711 0.008938388 -0.00536868 -0.09362711 0.008938388 0 -0.09552936 -0.001714093 0 -0.09503768 0.007668298 -0.00536868 -0.09503768 0.007668298 0 -0.09552936 -0.001714093 -0.00536868 -0.09471368 -0.003019702 0 -0.09449087 -0.003092103 -0.00536868 -0.09471343 -0.003019863 -0.00536868 -0.09425926 -0.003124664 -0.00536868 -0.09449119 -0.003092103 0 -0.09425926 -0.003124664 0 -0.0951044 -0.00276594 -0.00536868 -0.09526087 -0.0025921 -0.00536868 -0.09526111 -0.002591859 0 -0.09510472 -0.002765701 0 -0.09492032 -0.002909782 0 -0.09492008 -0.002910021 -0.00536868 -0.09547256 -0.002176576 0 -0.09547256 -0.002176736 -0.00536868 -0.0955212 -0.001947854 0 -0.09538504 -0.002393457 0 -0.09538488 -0.002393697 -0.00536868 -0.0955212 -0.001947934 -0.00536868 -0.09552936 -0.001714093 0 -0.09552936 -0.001714093 -0.00536868 -0.1960555 0.003553706 0 -0.195564 0.0129361 -0.00536868 -0.195564 0.0129361 0 -0.1960555 0.003553706 -0.00536868 -0.1952398 0.002248097 0 -0.195017 0.002175616 -0.00536868 -0.1952396 0.002247936 -0.00536868 -0.1947854 0.002143056 -0.00536868 -0.1950173 0.002175695 0 -0.1947854 0.002143056 0 -0.1956305 0.002501859 -0.00536868 -0.195787 0.002675699 -0.00536868 -0.1957873 0.002675939 0 -0.1956308 0.002502098 0 -0.1954465 0.002358017 0 -0.1954463 0.002357778 -0.00536868 -0.1959987 0.003091223 0 -0.1959987 0.003090983 -0.00536868 -0.1960473 0.003319945 0 -0.1959112 0.002874342 0 -0.1959111 0.002874101 -0.00536868 -0.1960473 0.003319865 -0.00536868 -0.1960555 0.003553706 0 -0.1960555 0.003553706 -0.00536868 -0.1947854 0.002143056 0 -0.1773608 0.001230038 -0.00536868 -0.1947854 0.002143056 -0.00536868 -0.1773608 0.001230038 0 -0.1760376 0.002089375 0 -0.1759777 0.002291297 -0.00536868 -0.1760376 0.002089375 -0.00536868 -0.1759503 0.002500098 -0.00536868 -0.1759777 0.002291297 0 -0.1759503 0.002500098 0 -0.1762476 0.001725692 -0.00536868 -0.1763926 0.001572891 -0.00536868 -0.1763926 0.001572891 0 -0.1762476 0.001725692 0 -0.1761283 0.001899293 0 -0.1761283 0.001899293 -0.00536868 -0.1769433 0.001273937 0 -0.1767448 0.00134417 -0.00536868 -0.1769433 0.001273936 -0.00536868 -0.1767448 0.00134417 0 -0.1765595 0.001444731 0 -0.1765595 0.001444731 -0.00536868 -0.1771504 0.001235555 -0.00536868 -0.1771504 0.001235556 0 -0.1773608 0.001230038 -0.00536868 -0.1773608 0.001230038 0 -0.1759503 0.002500098 -0.00536868 -0.1754587 0.01188257 0 -0.1754587 0.01188257 -0.00536868 -0.1759503 0.002500098 0 -0.1763179 0.01320586 0 -0.1765199 0.01326562 -0.00536868 -0.1763179 0.01320586 -0.00536868 -0.1767288 0.01329314 -0.00536868 -0.1765199 0.01326562 0 -0.1767288 0.01329314 0 -0.1759543 0.01299586 -0.00536868 -0.1758016 0.0128509 -0.00536868 -0.1758016 0.0128509 0 -0.1759543 0.01299586 0 -0.1761279 0.01311514 0 -0.1761279 0.01311514 -0.00536868 -0.1755024 0.01230017 0 -0.1755729 0.01249873 -0.00536868 -0.1755024 0.01230017 -0.00536868 -0.1755729 0.01249873 0 -0.1756733 0.01268378 0 -0.1756733 0.01268378 -0.00536868 -0.1754642 0.01209305 -0.00536868 -0.1754642 0.01209305 0 -0.1754587 0.01188257 -0.00536868 -0.1754587 0.01188257 0 -0.1767288 0.01329314 0 -0.1941532 0.01420626 -0.00536868 -0.1767288 0.01329314 -0.00536868 -0.1941532 0.01420626 0 -0.1954766 0.0133469 0 -0.1955363 0.0131449 -0.00536868 -0.1954766 0.0133469 -0.00536868 -0.195564 0.0129361 -0.00536868 -0.1955363 0.0131449 0 -0.195564 0.0129361 0 -0.1952665 0.01371058 -0.00536868 -0.1951216 0.01386329 -0.00536868 -0.1951216 0.01386329 0 -0.1952665 0.01371058 0 -0.1953859 0.01353698 0 -0.1953859 0.01353698 -0.00536868 -0.1945709 0.01416235 0 -0.1947694 0.01409202 -0.00536868 -0.1945709 0.01416235 -0.00536868 -0.1947694 0.01409202 0 -0.1949545 0.01399154 0 -0.1949545 0.01399154 -0.00536868 -0.1943638 0.01420075 -0.00536868 -0.1943638 0.01420075 0 -0.1941532 0.01420626 -0.00536868 -0.1941532 0.01420626 0 -0.1603482 -0.007667897 0.01668148 -0.1603458 -0.007622057 0.04171232 -0.1596488 0.005677963 0 -0.1603499 -0.007701578 0 -0.1603431 -0.007570857 0.0750096 -0.1596488 0.005677963 0.1167703 -0.1603415 -0.007539737 0.1000888 -0.1603405 -0.007522216 0.1167703 -0.1596488 0.005677963 0.1167703 -0.1710623 -0.006941732 0.1167703 -0.1703716 0.006239887 0.1167703 -0.1603405 -0.007522216 0.1167703 -0.1703716 0.006239887 0.1167703 -0.1710619 -0.006933012 0.132502 -0.1703716 0.006239887 0.1476406 -0.1710623 -0.006941732 0.1167703 -0.1710617 -0.006929332 0.1476406 -0.1703716 0.006239887 0.1476406 -0.1603397 -0.007508456 0.1476406 -0.1596488 0.005677963 0.1476406 -0.1710617 -0.006929332 0.1476406 -0.1603737 -0.008155502 0.2787374 -0.1603729 -0.008138221 0.2951242 -0.1596488 0.005677963 0.1476406 -0.1603481 -0.007665658 0.1640287 -0.1603397 -0.007508456 0.1476406 -0.1603734 -0.008150941 0.2623507 -0.1603707 -0.008099102 0.3115096 -0.1603721 -0.008124621 0.2459639 -0.1603675 -0.00803822 0.3278964 -0.1603695 -0.008076381 0.2295771 -0.1603632 -0.00795558 0.3442818 -0.1603659 -0.00800646 0.2131904 -0.1603577 -0.00785102 0.3606673 -0.1603611 -0.007914619 0.1968036 -0.1603511 -0.007724698 0.377054 -0.1603552 -0.007801098 0.1804155 -0.1603434 -0.007576537 0.3934394 -0.1603244 -0.007214854 0.426209 -0.1603345 -0.007406616 0.4098249 -0.1603133 -0.007001333 0.4425944 -0.1596488 0.005677963 0.5409017 -0.1603008 -0.006765891 0.4589798 -0.1602874 -0.006508769 0.4753639 -0.1602728 -0.006229727 0.4917493 -0.1602571 -0.005928924 0.5081334 -0.1602401 -0.005606282 0.5245175 -0.160222 -0.00526188 0.5409017 -0.1401413 -0.00674037 0.5409017 -0.1328418 0.004273232 0.5409017 -0.1408905 0.004694995 0.5409017 -0.1596488 0.005677963 0.5409017 -0.1535336 -0.005830284 0.5409017 -0.1516132 0.005256919 0.5409017 -0.1496763 0.009110789 0.5409017 -0.142414 0.008730226 0.5409017 -0.1430842 0.00931071 0.5409017 -0.1446634 0.01010432 0.5409017 -0.1455291 0.01029584 0.5409017 -0.1472955 0.01024224 0.5409017 -0.1464145 0.01034224 0.5409017 -0.1481482 0.009998635 0.5409017 -0.1438409 0.009772954 0.5409017 -0.1489491 0.009617992 0.5409017 -0.1503102 0.008490704 0.5409017 -0.1418483 0.008047261 0.5409017 -0.1508333 0.007774778 0.5409017 -0.1414029 0.007280614 0.5409017 -0.1410897 0.006451089 0.5409017 -0.1512315 0.006982533 0.5409017 -0.1514938 0.006135566 0.5409017 -0.1409173 0.005581322 0.5409017 -0.1334368 -0.007082133 0.5409017 -0.1468401 -0.006323167 0.5409017 -0.160222 -0.00526188 0.5409017 -0.1328418 0.004273232 0.5409017 -0.1334368 -0.007082133 0.5409017 -0.1334387 -0.007117894 0.5242182 -0.1334438 -0.007215254 0.5075348 -0.1328418 0.004273232 0.4241314 -0.1334521 -0.007373975 0.4908527 -0.1334785 -0.007875979 0.45749 -0.1334636 -0.007594218 0.4741707 -0.1335176 -0.008623905 0.4241314 -0.1334965 -0.008219182 0.4408106 -0.1018733 0.005338439 0.4241314 -0.1180884 -0.00915919 0.4241314 -0.1103727 -0.009392631 0.4241314 -0.1258034 -0.008902947 0.4241314 -0.1327013 0.006953892 0.4241314 -0.1026563 -0.009603353 0.4241314 -0.1335176 -0.008623905 0.4241314 -0.1018733 0.005338439 0.4066828 -0.1018733 0.005338439 0.4241314 -0.1026563 -0.009603353 0.4241314 -0.1026679 -0.009824315 0.4066828 -0.09490672 0.004973397 0.4066828 -0.1018733 0.005338439 0.4066828 -0.1026679 -0.009824315 0.4066828 -0.09569153 -0.0100028 0.4066828 -0.09490672 0.004973397 0.4039986 -0.09490672 0.004973397 0.4066828 -0.09569153 -0.0100028 0.4066828 -0.09569288 -0.0100292 0.4039986 -0.1018733 0.005338439 0.4039986 -0.09490672 0.004973397 0.4039986 -0.09569288 -0.0100292 0.4039986 -0.1026693 -0.009851035 0.4039986 -0.102674 -0.009939755 0.3932556 -0.1018733 0.005338439 0.4039986 -0.1026693 -0.009851035 0.4039986 -0.1018733 0.005338439 0.3825234 -0.1026772 -0.01000168 0.3825234 -0.1327013 0.006953892 0.3825234 -0.11811 -0.009571193 0.3825234 -0.1258256 -0.00932519 0.3825234 -0.110394 -0.009796633 0.3825234 -0.1018733 0.005338439 0.3825234 -0.1335404 -0.009058789 0.3825234 -0.1026772 -0.01000168 0.3825234 -0.1328418 0.004273232 0.3825234 -0.1335385 -0.009022548 0.3579085 -0.1335356 -0.008966467 0.3251111 -0.1335404 -0.009058789 0.3825234 -0.1335322 -0.008901828 0.2922825 -0.1335294 -0.008847347 0.2676121 -0.1335263 -0.008788707 0.2429716 -0.1328418 0.004273232 0.1691156 -0.133523 -0.008724866 0.2183645 -0.1335194 -0.008656705 0.1937364 -0.1335156 -0.008583344 0.1691156 -0.1328418 0.004273232 0.1691156 -0.1241227 -0.008876067 0.1691156 -0.1234594 0.003781548 0.1691156 -0.1335156 -0.008583344 0.1691156 -0.1241225 -0.008871187 0.1516672 -0.1241226 -0.008874946 0.1342188 -0.1234594 0.003781548 0.1691156 -0.1241227 -0.008876067 0.1691156 -0.1234594 0.003781548 0.1167703 -0.1241233 -0.008887266 0.1167703 -0.1234594 0.003781548 0.1167703 -0.1335161 -0.008594225 0.1167703 -0.1328418 0.004273232 0.1167703 -0.1241233 -0.008887266 0.1167703 -0.1335172 -0.008614304 0.1000888 -0.1335191 -0.008649906 0.07506496 -0.1328418 0.004273232 0.1167703 -0.1335161 -0.008594225 0.1167703 -0.1335213 -0.008693186 0.05004437 -0.1328419 0.004273232 0 -0.133524 -0.008742866 0.02497066 -0.1335269 -0.008800146 0 -0.1024718 0.02421418 0 -0.1330827 0.02545363 0 -0.1348854 0.02544259 0 -0.1366878 0.02542154 0 -0.1384901 0.02539051 0 -0.09887946 0.02390882 0 -0.1773608 0.001230038 0 -0.1795797 -0.006521009 0 -0.1757364 -0.006797572 0 -0.1096637 0.02473146 0 -0.1276749 0.02542723 0 -0.1078649 0.02461409 0 -0.13128 0.02545459 0 -0.1060666 0.02448865 0 -0.1294775 0.0254457 0 -0.1222682 0.02531387 0 -0.1240702 0.02536114 0 -0.1204663 0.02525739 0 -0.1132628 0.02494131 0 -0.1150632 0.02503338 0 -0.1420944 0.02529763 0 -0.0917031 0.02321057 0 -0.09349615 0.02339584 0 -0.1454008 0.01163265 0 -0.1850831 0.02082111 0 -0.186852 0.02047375 0 -0.09362711 0.008938388 0 -0.1708398 0.02306681 0 -0.1726273 0.02283321 0 -0.1903796 0.01972838 0 -0.1921376 0.01932878 0 -0.1464021 0.01168513 0 -0.2008456 0.01700884 0 -0.2025666 0.01647012 0 -0.1767288 0.01329314 0 -0.2220151 0.001638491 0 -0.2216121 0.001273972 0 -0.1947854 0.002143056 0 -0.2211677 0.0009617538 0 -0.2229164 0.003570667 0 -0.1952398 0.002248097 0 -0.1954465 0.002358017 0 -0.1872597 -0.005882925 0 -0.1834211 -0.006217407 0 -0.2173428 0.009866155 0 -0.2188198 0.008826786 0 -0.1960555 0.003553706 0 -0.2227062 0.004626675 0 -0.1960473 0.003319945 0 -0.2181461 -0.0004127925 0 -0.216848 -0.0009090274 0 -0.1528264 0.006322527 0 -0.152552 0.007287735 0 -0.1596488 0.005677963 0 -0.1564934 0.02452002 0 -0.1582903 0.02437658 0 -0.07381288 0.02100431 0 -0.2063692 -0.003472985 0 -0.2025667 -0.004096351 0 -0.1529537 0.00532708 0 -0.2223591 0.002058496 0 -0.1949263 -0.005099878 0 -0.1910953 -0.005512521 0 -0.2155349 -0.00136425 0 -0.2194311 0.0001161784 0 -0.2206955 0.0006927983 0 -0.2142056 -0.001769533 0 -0.1950173 0.002175695 0 -0.2226335 0.002527459 0 -0.1987511 -0.004632914 0 -0.2228262 0.003035063 0 -0.1718915 -0.007050853 0 -0.1680452 -0.007284215 0 -0.1957873 0.002675939 0 -0.1956308 0.002502098 0 -0.1959112 0.002874342 0 -0.1959987 0.003091223 0 -0.2228744 0.00411123 0 -0.2221405 0.005551642 0 -0.22245 0.005105398 0 -0.2214443 0.006385648 0 -0.2218 0.005975005 0 -0.2201773 0.007659738 0 -0.195564 0.0129361 0 -0.214235 0.01170537 0 -0.2158122 0.01082504 0 -0.1955363 0.0131449 0 -0.2093398 0.01399906 0 -0.1951216 0.01386329 0 -0.1949545 0.01399154 0 -0.2076693 0.0146725 0 -0.2059796 0.01530394 0 -0.1947694 0.01409202 0 -0.1945709 0.01416235 0 -0.152137 0.008201262 0 -0.1754587 0.01188257 0 -0.1943638 0.01420075 0 -0.1515903 0.009042548 0 -0.1509244 0.009792954 0 -0.1941532 0.01420626 0 -0.2042795 0.0159042 0 -0.1501541 0.01043552 0 -0.1991165 0.01751956 0 -0.1758016 0.0128509 0 -0.1483718 0.01134305 0 -0.1759543 0.01299586 0 -0.1973808 0.01800573 0 -0.1763179 0.01320586 0 -0.1473997 0.01158785 0 -0.1765199 0.01326562 0 -0.1956386 0.0184683 0 -0.1938907 0.01890854 0 -0.188618 0.02011055 0 -0.1833109 0.02115199 0 -0.1815361 0.02146767 0 -0.1797586 0.02176848 0 -0.1779788 0.0220548 0 -0.176197 0.02232752 0 -0.174413 0.02258672 0 -0.1690508 0.02328834 0 -0.07738515 0.02149368 0 -0.07917243 0.02172984 0 -0.1546957 0.02465282 0 -0.0720291 0.02075175 0 -0.1600865 0.02422266 0 -0.07024436 0.02049359 0 -0.08811915 0.02281968 0 -0.08991068 0.02301857 0 -0.1456971 0.02516411 0 -0.08274927 0.0221844 0 -0.08453752 0.02240256 0 -0.1492982 0.02498995 0 -0.1006754 0.0240653 0 -0.09708433 0.02374514 0 -0.09528992 0.02357393 0 -0.1114631 0.02484059 0 -0.1042689 0.02435537 0 -0.1168638 0.02511699 0 -0.1258725 0.02539891 0 -0.1186649 0.02519162 0 -0.1402924 0.02534914 0 -0.1438959 0.02523586 0 -0.08632873 0.02261433 0 -0.147498 0.02508202 0 -0.1510981 0.02488778 0 -0.08096005 0.02196016 0 -0.1528973 0.02477547 0 -0.07559953 0.02125183 0 -0.1618815 0.02405785 0 -0.06846116 0.02023079 0 -0.1636756 0.02388241 0 -0.06667818 0.01996278 0 -0.06489689 0.01969039 0 -0.1654686 0.02369577 0 -0.1672605 0.02349769 0 -0.06311575 0.01941335 0 -0.06133485 0.01913198 0 -0.05873404 0.01871381 0 -0.04409448 0.01621907 0 -0.07620257 0.00802526 0 -0.05521361 0.01813405 0 -0.05244296 0.01766748 0 -0.03575675 0.01471835 0 -0.03992534 0.01547451 0 -0.02326369 0.01239145 0 -0.01910237 0.01159969 0 -0.02742668 0.0131757 0 -0.03159151 0.0139517 0 -0.00662573 0.00918831 0 -0.01078344 0.009997435 0 -0.07599433 0.00799782 0 -0.01494275 0.01080152 0 -0.0006845733 0.00802446 0 -0.07560177 0.007847339 0 -0.00142217 0.003766987 0 -0.0007823061 0.00394963 0 -0.07579185 0.00793798 0 -0.09383767 0.008932867 0 -0.07542793 0.007727979 0 -0.002023134 0.003481546 0 -0.0751472 0.007415975 0 -0.07504672 0.007230854 0 -0.07527553 0.007583017 0 0.00788678 0.006330847 0 -0.0001211409 0.004024589 0 0.0005423243 0.00398987 0 0.01614676 0.004684834 0 0.001808012 0.003597707 0 0.02390377 0.003128744 0 0.001192049 0.003846189 0 0.002375778 0.003250983 0 -0.1444176 0.01143129 0 -0.0947404 0.008442703 0 -0.09459543 0.008595504 0 -0.1425957 0.01060336 0 -0.00393147 0.0008696717 0 -0.07493249 0.006614689 0 -0.00402107 0.0002107154 0 0.002878501 0.002815621 0 0.003303224 0.002303457 0 0.01355858 0.0002325796 0 0.03226527 0.00144361 0 0.003637387 0.001728413 0 -0.1400609 0.007565577 0 -0.1397441 0.006614289 0 -0.09503768 0.007668298 0 0.01377506 0.0001830529 0 0.04056519 -0.0002327554 0 -0.1395727 0.005627963 0 -0.1328419 0.004273232 0 0.01202897 -0.001025959 0 0.003436745 -0.002099615 0 0.003043063 -0.00263658 0 0.003872189 0.001106299 0 0.00400067 0.000454003 0 0.01290026 0.0001616625 0 0.01170161 -0.007273574 0 0.0001210009 -0.00402467 0 -0.000542484 -0.00398963 0 0.01170769 -0.007489977 0 0.01174897 -0.007702538 0 0.05851468 -0.0128897 0 0.07557848 -0.0131581 0 0.03445073 -0.008579185 0 -0.07641714 -0.003993869 0 -0.03964701 -0.01104432 0 -0.02683427 -0.01131473 0 0.03426002 -0.008704785 0 0.00142201 -0.003767387 0 0.0007821463 -0.00394987 0 0.03405225 -0.008796547 0 0.03383161 -0.008851906 0 0.03360489 -0.008869187 0 0.04146951 -0.01260609 0 0.0929503 -0.011054 0 0.08885915 -0.01015408 0 0.09256189 -0.01340978 0 0.09721777 -0.01197345 0 0.1012239 -0.01282858 0 0.08473928 -0.00926511 0 0.1054526 -0.01359017 0 0.01192873 -0.008094301 0 0.01206361 -0.008263342 0 0.01302938 -0.008685906 0 0.02863341 -0.01238193 0 0.002022975 -0.003482026 0 0.0346161 -0.008423264 0 0.03485666 -0.0080395 0 0.03492585 -0.007822619 0 0.002568419 -0.003101624 0 -0.07621857 -0.00392355 0 -0.07603322 -0.003823068 0 -0.07572145 -0.003542107 0 0.01182297 -0.007905739 0 0.003735308 -0.00150529 0 -0.07560217 -0.003368505 0 0.0133361 0.0002456203 0 -0.003636107 -0.001727692 0 -0.003870988 -0.001105752 0 -0.1395502 0.004624754 0 -0.07683474 -0.00403779 0 -0.08658449 -0.009981435 0 -0.0695694 -0.01038048 0 -0.001192169 -0.003845789 0 -0.001809453 -0.003596987 0 -0.07542417 -0.002767701 0 -0.1036582 -0.009565513 0 -0.09425926 -0.003124664 0 -0.09492032 -0.002909782 0 -0.09510472 -0.002765701 0 -0.1206996 -0.009134948 0 -0.09449119 -0.003092103 0 -0.1335269 -0.008800146 0 -0.09538504 -0.002393457 0 -0.09526111 -0.002591859 0 -0.09547256 -0.002176576 0 -0.0955212 -0.001947854 0 -0.09552936 -0.001714093 0 -0.07551152 -0.003178423 0 -0.002375938 -0.003250184 0 -0.07586657 -0.003694827 0 0.003931309 -0.0008698596 0 -0.05250671 -0.01076512 0 0.0347533 -0.008241662 0 -0.07662481 -0.004032269 0 0.07227606 -0.00667541 0 0.03458033 -0.00659277 0 0.07642346 -0.007526217 0 0.05181022 -0.002510978 0 0.004020911 -0.0002107127 0 -0.07497649 0.007032293 0 -0.0749376 0.006825171 0 -0.002568579 0.003101062 0 -0.09404472 0.008894467 0 -0.003043222 0.00263602 0 -0.1410992 0.00927527 0 -0.1417977 0.009995355 0 -0.140516 0.008459264 0 -0.003734188 0.00150489 0 -0.00400083 -0.0004541895 0 0.03402322 -0.006247806 0 0.01575339 -0.01214905 0 0.01281402 -0.008666545 0 -0.001241183 -0.01182769 0 0.01222537 -0.008408623 0 -0.01404282 -0.01157497 0 0.01260442 -0.008612785 0 0.01240609 -0.008526065 0 0.08057973 -0.008388224 0 0.03495778 -0.007597337 0 0.0349505 -0.007376935 0 0.0349081 -0.007160613 0 0.03483026 -0.006954132 0 0.03472066 -0.006763171 0 0.03441457 -0.006447649 0 0.03422714 -0.006331647 0 0.06625433 -0.005447081 0 0.01269914 6.696764e-05 0 0.01311578 0.0002216972 0 0.01235641 -0.0002148319 0 0.01251642 -5.970265e-05 0 0.01222465 -0.0003942125 0 0.01205937 -0.0008054628 0 0.01212553 -0.000592961 0 -0.003435626 0.002099055 0 -0.09471368 -0.003019702 0 -0.0754512 -0.002976502 0 -0.002878661 -0.00281474 0 -0.003303384 -0.002302497 0 -0.1434755 0.0110856 0 -0.048267 0.01695061 0 -0.09442839 0.008723666 0 -0.09424335 0.008824146 0 -0.09485976 0.008269102 0 -0.09495048 0.008079021 0 -0.09501023 0.0078771 0 -0.1755024 0.01230017 0 -0.1492969 0.01095608 0 -0.1755729 0.01249873 0 -0.1754642 0.01209305 0 -0.1952665 0.01371058 0 -0.1953859 0.01353698 0 -0.1954766 0.0133469 0 -0.2109934 0.01328658 0 -0.2126256 0.01252313 0 -0.1759503 0.002500098 0 -0.1765595 0.001444731 0 -0.1767448 0.00134417 0 -0.1603499 -0.007701578 0 -0.2115117 -0.002453458 0 -0.2128633 -0.002129615 0 -0.2101537 -0.00274858 0 -0.164198 -0.007500456 0 -0.1769433 0.001273937 0 -0.1771504 0.001235556 0 -0.1763926 0.001572891 0 -0.1761283 0.001899293 0 -0.1762476 0.001725692 0 -0.1759777 0.002291297 0 -0.1760376 0.002089375 0 -0.1756733 0.01268378 0 -0.1761279 0.01311514 0 0.07124918 -0.01306386 0.5771406 0.07782058 -0.01315778 0.5771406 0.07841003 -0.008991428 0.5771406 0.0499499 -0.01266178 0.5771406 0.05731388 -0.01281586 0.5771406 0.05943116 -0.005093638 0.5771406 0.06723162 -0.006688291 0.5771406 0.06441264 -0.01294986 0.5771406 0.04232223 -0.01248761 0.5771406 0.05406617 -0.004001709 0.5771406 0.07270439 -0.007813259 0.5771406 0.04832204 -0.002837061 0.5771406 0.04288544 -0.001739692 0.5771406 0.085864 -0.0105392 0.5771406 0.08456576 -0.01321914 0.5771406 0.09159365 -0.01324466 0.5771406 0.0933003 -0.01209337 0.5771406 0.09875091 -0.0132389 0.5771406 0.04231039 -0.01271442 0.4896983 0.04231399 -0.01264546 0.5214679 0.04290928 -0.001286107 0.5200727 0.04292104 -0.001060586 0.4841296 0.04291736 -0.001130884 0.4961563 0.04291344 -0.001206082 0.5081374 0.0429036 -0.00139393 0.5351138 0.04289625 -0.001534571 0.5531783 0.04231839 -0.01256137 0.5532493 0.04288968 -0.001660332 0.5681549 0.04232223 -0.01248761 0.5771406 0.04288544 -0.001739692 0.5771406 0.04230815 -0.01275578 0.4658196 0.04292449 -0.0009957354 0.4721473 0.04230639 -0.01278946 0.4419409 0.0429276 -0.0009357704 0.4601123 0.04293048 -0.0008810454 0.4480812 0.04293303 -0.0008316301 0.4360791 0.0423048 -0.01282042 0.4101173 0.04293592 -0.0007769682 0.421107 0.04293832 -0.0007309137 0.4061403 0.04230399 -0.01283618 0.378324 0.04294 -0.0006995052 0.3941112 0.04294136 -0.0006733473 0.3820977 0.04294248 -0.0006523662 0.3700946 0.04230391 -0.01283754 0.3544838 0.04294328 -0.0006365432 0.3580617 0.04294384 -0.0006259587 0.3460888 0.04230423 -0.0128313 0.3306478 0.04294416 -0.0006196866 0.3311283 0.042944 -0.0006220287 0.3160937 0.04230504 -0.01281546 0.3067649 0.0429436 -0.0006295047 0.3040915 0.04294297 -0.0006421777 0.2920655 0.04230623 -0.0127921 0.2828879 0.042942 -0.0006600194 0.280063 0.04294081 -0.0006828996 0.2681167 0.04293976 -0.0007038659 0.2590422 0.04230799 -0.01275922 0.2590422 0.04027526 0.0003705525 0.5323474 0.04027974 0.0004584402 0.5263645 0.04026934 0.0001172714 0.5443364 0.0429012 -0.00144001 0.5411391 0.04289872 -0.00148673 0.5471387 0.0429036 -0.00139457 0.5351382 0.04027175 0.0002574114 0.5383287 0.04289625 -0.001534731 0.5531396 0.04027294 -5.362039e-05 0.55031 0.04029942 -0.0007593412 0.5683163 0.04028413 -0.00048852 0.5623131 0.04289096 -0.001634572 0.5651401 0.0428936 -0.001584011 0.5591405 0.04288825 -0.001686492 0.571141 0.04290544 -0.00134361 0.5280461 0.04372313 -0.002866021 0.5923961 0.04984502 -0.006149007 0.6224931 0.04609794 -0.005003557 0.6164783 0.08460808 -0.01194953 0.7010433 0.08210062 -0.01176033 0.6992151 0.08531913 -0.01251298 0.6980515 0.05033406 -0.007385495 0.6464419 0.04611042 -0.006323327 0.6404693 0.08600017 -0.0130333 0.6950491 0.0866565 -0.01351218 0.6920385 0.08332079 -0.01273986 0.6934545 0.0872881 -0.01394978 0.6890199 0.08444975 -0.01356042 0.6876631 0.08549384 -0.01423202 0.6818445 0.08847091 -0.01469251 0.6829586 0.08788994 -0.01433922 0.6859934 0.08902955 -0.01500963 0.6799172 0.08645642 -0.01476483 0.6759981 0.09007364 -0.01552723 0.673813 0.08956339 -0.01528723 0.676869 0.08734521 -0.01516915 0.6701274 0.09056532 -0.01573628 0.6707515 0.09148405 -0.01605556 0.6646096 0.0910358 -0.01591428 0.6676846 0.08816082 -0.01545475 0.6642338 0.09191493 -0.016169 0.6615293 0.08891092 -0.01563203 0.6583202 0.09272165 -0.01631668 0.6553539 0.09232693 -0.0162566 0.6584436 0.09309638 -0.016347 0.6522575 0.09345743 -0.01635668 0.649157 0.08959892 -0.01571107 0.6523863 0.09380206 -0.01634572 0.6460526 0.09022843 -0.01570188 0.6464351 0.09413055 -0.01630948 0.6429441 0.09080693 -0.01561467 0.6404691 0.04356529 -0.00403715 0.6097523 0.04413704 -0.003388425 0.5987732 0.09444391 -0.01625364 0.6398302 0.09474472 -0.01618235 0.6367136 0.09133517 -0.01545948 0.6344883 0.09503287 -0.01609563 0.6335944 0.095306 -0.01598667 0.6304711 0.09182078 -0.01524651 0.6284954 0.09556896 -0.01586756 0.6273438 0.09582305 -0.0157382 0.6242165 0.08813442 -0.01411354 0.6225715 0.08816355 -0.01364122 0.6151647 0.09288686 -0.01453986 0.6135671 0.09673465 -0.01511619 0.6116791 0.09226853 -0.01498595 0.6224931 0.0960644 -0.01559516 0.6210852 0.0962956 -0.01544059 0.6179512 0.09651905 -0.01528099 0.6148158 0.09714153 -0.01476323 0.6054017 0.09694137 -0.01494067 0.6085411 0.09752577 -0.01440699 0.5991203 0.09733634 -0.01458586 0.602261 0.07197029 -0.008208221 0.586368 0.09400119 -0.0133933 0.593705 0.09779338 -0.01413882 0.5944852 0.08682418 -0.01477155 0.6405131 0.08727082 -0.01459891 0.6345305 0.09807322 -0.01386713 0.5895614 0.09843378 -0.01352737 0.5830491 0.09439199 -0.01298802 0.5863668 0.09469584 -0.01267714 0.5803444 0.09875075 -0.0132397 0.5771405 0.09082109 -0.01185553 0.5803444 0.09131557 -0.01167801 0.5771406 0.1052486 -0.0134493 0.2167495 0.1006359 -0.01257426 0.2129363 0.04028591 0.0005222478 0.5204076 0.04291424 -0.001202322 0.5077867 0.04029646 0.0005883237 0.5085103 0.04029199 0.0005647509 0.5144265 0.0403039 0.0005917718 0.5024696 0.04030366 0.0005841227 0.4966016 0.04291641 -0.001149243 0.4991327 0.04031182 0.0005554536 0.4905428 0.04291832 -0.001112879 0.4931318 0.04292016 -0.001077803 0.4871308 0.04030766 0.0005202547 0.4846081 0.0403107 0.0004687576 0.478589 0.04292192 -0.001044027 0.4811299 0.0429236 -0.00101155 0.475129 0.04030582 0.0004117254 0.472618 -0.0865717 0.02276737 0.04512657 -0.2099365 0.0138273 0.005849644 -0.205603 0.0155098 0.005953004 -0.2061962 0.01562859 0.03575051 -0.1097699 0.0249081 0.04873165 -0.1049456 0.02452658 0.03575162 -0.1007585 0.0242857 0.0703274 -0.09128557 0.02331721 0.05298328 -0.07294743 0.02103103 0.06319911 -0.08201149 0.02222401 0.05032901 -0.07776523 0.02174048 0.08464752 -0.08245062 0.02236521 0.09126221 -0.07734746 0.02160288 0.04521753 -0.06836723 0.02036319 0.06524945 -0.1003212 0.02415081 0.03617819 -0.09585904 0.02377497 0.04842445 -0.05916404 0.0189195 0.06517577 -0.05457416 0.0181587 0.06502849 -0.06372144 0.01964318 0.06229447 -0.04539218 0.01657204 0.06388488 -0.04100351 0.01582516 0.08898411 -0.05492673 0.01828045 0.1088499 -0.03641971 0.01499347 0.08898411 -0.02725916 0.0132941 0.08898411 -0.02246304 0.01234441 0.05713571 -0.01810557 0.01155561 0.08898411 -0.008947348 0.009782794 0.08674049 -0.0135937 0.01069832 0.09870595 0.006984133 0.00666173 0.09870595 0.01612452 0.004840197 0.09870595 0.06858228 -0.005750204 0.127874 0.0731459 -0.006682611 0.127874 0.06173071 -0.004356112 0.1267522 0.07771954 -0.007629337 0.1154306 0.08232318 -0.008596865 0.1088415 0.08688098 -0.009569192 0.108943 0.06522705 -0.005089319 0.09870595 0.09146925 -0.01060632 0.07926236 0.09138677 -0.010556 0.1106719 0.1006063 -0.01255913 0.08605953 0.1051335 -0.01336986 0.0903286 0.07324591 -0.006736211 0.08898411 0.1051567 -0.01338578 0.07837035 0.1051929 -0.01341122 0.06321584 0.1053086 -0.01349105 0.03010535 0.1009412 -0.01275146 0.006808692 0.1053478 -0.01351794 0.02108967 0.09605248 -0.01159145 0.2066796 0.1005602 -0.01251842 0.1811556 0.1052825 -0.01347257 0.225903 0.1007508 -0.01264754 0.236433 0.105319 -0.0134981 0.2349325 0.1053726 -0.01353529 0.2468206 0.1008338 -0.01270706 0.25133 0.1054034 -0.01355569 0.2530143 0.1007966 -0.01260609 0.2590422 0.1051767 -0.01339962 0.1928813 0.1052101 -0.01342257 0.2047989 0.1051554 -0.0133849 0.1837405 0.09552072 -0.01144521 0.173391 0.1051374 -0.01337274 0.1746695 0.1051174 -0.01335866 0.1613595 0.1051006 -0.01334762 0.1422041 0.100532 -0.01250289 0.1458751 0.1050998 -0.01334658 0.1265952 0.1005528 -0.01251833 0.1188831 0.1051056 -0.01335058 0.1131973 0.1051202 -0.0133605 0.09936419 0.100756 -0.01265482 0.04121375 0.1052573 -0.01345538 0.04336721 0.1053913 -0.01354866 0.01182457 0.09649873 -0.01182017 0 0.1012239 -0.01282858 0 0.1054526 -0.01359017 0 0.0488886 -0.001917774 0 0.09607688 -0.01161009 0.07688818 -0.1143885 0.02517266 0.04687874 -0.1053959 0.02466338 0.07009244 -0.1190342 0.02538722 0.04678675 -0.1235153 0.02549539 0.03597067 -0.1375966 0.02561883 0.04463858 -0.132951 0.02565723 0.04509041 -0.1283848 0.02565187 0.05053638 -0.1422491 0.02551715 0.04510714 -0.1468953 0.02534506 0.04492049 -0.1462519 0.02517155 0.005909405 -0.1561819 0.02480187 0.0451565 -0.1515401 0.02510674 0.04496505 -0.171797 0.02294433 0 -0.1693717 0.02328913 0.005862444 -0.1785627 0.0220068 0.005951645 -0.1608133 0.02442554 0.04484834 -0.1654398 0.02397881 0.04471074 -0.1555179 0.02462825 0.005940365 -0.1948417 0.01867462 0 -0.1919684 0.01937054 0 -0.1967314 0.01823845 0.005970604 -0.1647629 0.02380873 0.005920444 -0.1745491 0.02282889 0.03772235 -0.1806582 0.02161919 0 -0.1792443 0.02216632 0.04303793 -0.2000737 0.01724389 0 -0.1973808 0.01800573 0 -0.2011957 0.01696372 0.005917885 -0.1738326 0.02267 0 -0.1837314 0.02136679 0.03785765 -0.1884282 0.02051662 0.04507241 -0.1876979 0.02035167 0.005914685 -0.1829604 0.02121768 0 -0.1894025 0.0199439 0 -0.1973111 0.01836197 0.03584474 -0.2035976 0.01613627 0 -0.2076693 0.0146725 0 -0.2059796 0.01530394 0 -0.2093398 0.01399906 0 -0.2141318 0.01185417 0.005868444 -0.2185874 0.009547672 0.02859028 -0.2181213 0.009463512 0.005976365 -0.214235 0.01170537 0 -0.2126256 0.01252313 0 -0.221829 0.006450529 0.01823021 -0.2173428 0.009866155 0 -0.2158122 0.01082504 0 -0.2215553 0.006404368 0.005203478 -0.2188198 0.008826786 0 -0.2201773 0.007659738 0 -0.2214443 0.006385648 0 -0.03201207 0.01421258 0.1156474 -0.02283976 0.01248937 0.1154549 -0.04999493 0.01737981 0.06620682 0.004874276 0.007045013 0.0702887 0.0252641 0.003004742 0.09833203 0.009440472 0.006138927 0.0702887 0.01955574 0.004176912 0.1252062 0.04349113 -0.0006641359 0.1106719 0.03433361 0.001191959 0.1166552 0.05264639 -0.002525859 0.1046889 0.0537276 -0.002728501 0.1286219 0.04758307 -0.001474091 0.1582855 0.04346657 -0.0006528709 0.1809855 0.0543396 -0.002864341 0.1877191 0.04354761 -0.0006901837 0.2004389 0.03435514 0.001182432 0.1884672 0.03429618 0.001208561 0.1690155 0.04370953 -0.0007646254 0.2243852 0.03449042 0.001122611 0.2124115 0.04448193 -0.0009736282 0.2453419 0.04293976 -0.0007038002 0.2590422 0.04294048 -0.0006897783 0.2650457 0.0380346 0.0002788609 0.2624253 0.03762044 0.0002874147 0.2812775 0.03750781 0.0003339524 0.2752865 0.04294176 -0.0006654633 0.2770529 0.04294111 -0.0006769631 0.2710494 0.04294224 -0.0006552492 0.2830553 0.04294273 -0.0006463223 0.2890587 0.03771405 0.0002437654 0.2872657 0.03741052 0.0003768124 0.2692978 0.03782317 0.0001972828 0.2932559 0.04294311 -0.0006386947 0.2950625 0.04294344 -0.0006323676 0.3010659 0.03794196 0.0001495425 0.2992441 0.03808172 9.91843e-05 0.30522 0.04294376 -0.0006273277 0.3070682 0.03817404 5.671574e-05 0.3112207 0.04294392 -0.000623587 0.3130719 0.0382918 1.172044e-05 0.3172079 0.04294408 -0.0006211335 0.3190741 0.03847189 -5.261912e-05 0.3259402 0.04294416 -0.0006195336 0.327781 0.0387082 -0.0001308797 0.3378597 0.042944 -0.0006219818 0.3394679 0.03893989 -0.0001971284 0.3497369 0.04294368 -0.000629043 0.3507242 0.03917589 -0.0002502321 0.3621588 0.04294192 -0.0006625172 0.3772225 0.03940845 -0.0002843491 0.3744455 0.03961606 -0.0002945404 0.3866097 0.04294103 -0.0006795683 0.3851031 0.04294032 -0.0006926359 0.3911054 0.03974078 -0.0002835599 0.3949961 0.0429396 -0.000707004 0.3971076 0.03982782 -0.0002685986 0.4009782 0.04293873 -0.0007226713 0.4031086 0.04001101 -0.0002206194 0.4128856 0.03990813 -0.0002460189 0.4069519 0.04293784 -0.0007396272 0.4091108 0.04293689 -0.0007578823 0.4151131 0.04293592 -0.0007774232 0.4211154 0.04003718 -0.0001740683 0.4188875 0.04293481 -0.0007982647 0.4271163 0.04008718 -0.0001241027 0.4248704 0.0401419 -6.824728e-05 0.4308426 0.0429336 -0.0008203933 0.4331185 0.0429324 -0.0008438225 0.4391195 0.04018414 -4.883912e-06 0.4368113 0.04022094 6.317663e-05 0.4427781 0.04293112 -0.0008685389 0.4451217 0.04024973 0.0001341668 0.4487446 0.04292976 -0.0008945545 0.4511226 0.04027254 0.0002063479 0.4547098 0.04292832 -0.000921856 0.4571249 0.04028991 0.00027761 0.4606751 0.0403015 0.0003462092 0.4666415 0.04292679 -0.0009504593 0.4631258 0.04292528 -0.0009803606 0.4691267 0.0402783 -0.0002551163 0.5563073 -0.003668027 0.003348104 0.6464392 -0.006471729 0.003735388 0.6523894 -0.01072408 0.004680435 0.6464409 0.002566258 0.002361618 0.6404727 0.00926735 0.001319919 0.6344977 0.04325849 -0.002001455 0.5803444 0.02642244 -0.001035141 0.6164803 0.01987479 -0.0001100145 0.6224965 0.01650373 0.0002059775 0.6285035 0.02485443 -0.001771693 0.6344848 0.02995791 -0.002483698 0.6285004 0.04604106 -0.005730363 0.6284959 0.03014142 -0.003099622 0.640473 0.0457809 -0.005990685 0.6344861 0.06279983 -0.009711994 0.6404658 0.05028134 -0.007578377 0.6583228 0.05583938 -0.008642705 0.6523886 0.04849276 -0.007195014 0.6642334 0.04657691 -0.006689491 0.6701284 0.06852012 -0.01126761 0.6642353 0.07006997 -0.01160825 0.6583132 0.08077884 -0.01061808 0.7049369 0.08386047 -0.01134041 0.7040203 0.08227126 -0.009991355 0.7099392 0.07932524 -0.00932295 0.7106009 0.08308158 -0.01068768 0.7069852 0.08140245 -0.00925967 0.7128626 0.08048037 -0.008490544 0.7157604 0.07770706 -0.007886139 0.7161832 0.07589273 -0.006319168 0.7216607 0.07951332 -0.007682618 0.7186354 0.0784918 -0.006837812 0.7214848 0.07622209 -0.005061478 0.7270576 0.07385087 -0.004633235 0.7270106 0.0773897 -0.005966285 0.7242873 0.07499176 -0.004123471 0.729793 0.07367808 -0.003159464 0.73248 0.07154838 -0.002839861 0.7322128 0.06895396 -0.0009504097 0.737242 0.07227159 -0.002171455 0.7351146 0.07078453 -0.001156021 0.737705 0.06753451 0.0009435766 0.7427235 0.06603609 0.001023833 0.742078 0.06921827 -0.0001130734 0.7402498 0.0657537 0.002021694 0.7451408 0.06387592 0.003121464 0.7475005 0.06238094 0.003165623 0.7467643 0.05880909 0.005234439 0.7510892 0.06190327 0.004231472 0.7497914 0.05983221 0.00533636 0.751998 0.05540233 0.007568777 0.756195 0.05153566 0.009043908 0.7584476 0.05766619 0.006448689 0.7541322 0.05307376 0.008656385 0.7581546 0.05067126 0.009721193 0.7600177 0.04626451 0.01131609 0.7623377 0.04819011 0.01077096 0.7617894 0.0456365 0.01179689 0.7634644 0.04161807 0.01314362 0.7653772 0.04304185 0.0127589 0.7650106 0.04038742 0.01368266 0.7664468 0.09265014 -0.01098536 0 0.07265551 -0.006752131 0 0.07790683 -0.007730219 0.06281087 0.09570264 -0.01149105 0.1161194 0.09595841 -0.01153353 0.1417107 0.08706338 -0.009666714 0.2262952 0.08682697 -0.009577273 0.2051217 0.09618768 -0.01167737 0.2348629 0.09626696 -0.01173857 0.2513655 0.1054332 -0.01357698 0.2590422 0.08689554 -0.0110016 0.5803444 0.0875177 -0.0108836 0.5771406 0.08967211 -0.01248985 0.5939278 0.09005867 -0.01206257 0.5862753 0.08931875 -0.01356809 0.6104645 0.08773202 -0.01438194 0.6285538 0.08627626 -0.01486411 0.6464655 0.08570872 -0.01488619 0.6524122 0.07878243 -0.01105464 0.6992256 0.07993948 -0.01202097 0.693469 0.08508841 -0.01482107 0.6583461 0.08438592 -0.01465355 0.6642554 0.0836359 -0.0143817 0.6701454 0.0828287 -0.01399418 0.6760166 0.0819151 -0.01347178 0.6818597 0.08095268 -0.0128173 0.6876753 0.07759107 -0.009939595 0.70495 0.07622073 -0.008661986 0.7106126 0.07472104 -0.007249494 0.7161974 0.07303591 -0.005709962 0.7216733 0.07115046 -0.004056511 0.7270261 0.03672283 0.01480434 0.7679806 0.06901211 -0.002297536 0.7322293 0.06658818 -0.0004436037 0.7372602 0.03491777 0.01538682 0.7689714 0.03767179 0.01456834 0.7677755 0.06382448 0.001497131 0.7420921 0.03164696 0.01624964 0.7701225 0.03213288 0.01612955 0.7700277 0.04979581 0.009501271 0.7587364 0.0264366 0.01743108 0.7717579 0.02930582 0.01681084 0.7709565 0.08731818 -0.009817594 0 0.09157117 -0.01066848 0.05009861 0.09134621 -0.01053136 0.1577943 0.08685634 -0.009552152 0.1741166 0.09169693 -0.01074264 0.2515665 0.09206558 -0.0107792 0.2590422 0.08306871 -0.01016336 0.5803444 0.07078285 -0.01040672 0.6225051 0.07102981 -0.01007336 0.6164981 0.04746819 0.009968396 0.7585948 0.03052294 0.016493 0.7701234 0.08311038 -0.008918307 0 0.08701298 -0.009647033 0.06546001 0.06529897 -0.005126198 0.0792622 0.07340295 -0.006820451 0.05084646 0.08684298 -0.009545513 0.1428336 0.08232669 -0.008599025 0.1919191 0.08728746 -0.009777354 0.2513086 0.08760498 -0.009850795 0.2590422 0.07989308 -0.009299431 0.5771406 0.08262542 -0.01095112 0.5939542 0.08123085 -0.01014496 0.5864047 0.08155518 -0.01216921 0.6147611 0.079679 -0.01226241 0.6224675 0.07939859 -0.01255841 0.6284582 0.07897867 -0.01278714 0.6344747 0.07861092 -0.0129773 0.6404535 0.07822314 -0.01310546 0.6464155 0.07386616 -0.01127273 0.6876551 0.0759505 -0.01216889 0.6818445 0.07773578 -0.01314594 0.6523733 0.07719818 -0.0130997 0.6583105 0.07664873 -0.01296578 0.6642226 0.07740315 -0.01301986 0.6701274 0.07670714 -0.01265706 0.6759981 0.07298975 -0.01050696 0.6934491 0.07327231 -0.009851514 0.6992151 0.07222295 -0.008768306 0.7049369 0.06990708 -0.007287735 0.7105954 0.06976381 -0.006168926 0.7161832 0.06829635 -0.004676835 0.7216607 0.06560394 -0.002850981 0.7270079 0.06380624 -0.001168496 0.7322033 0.03901045 0.01371306 0.7653933 0.06170142 0.0006169512 0.7372394 0.05866724 0.002616019 0.7420776 0.03486202 0.01520955 0.7679895 0.05609714 0.004508833 0.7466884 0.05314904 0.006459409 0.7510734 0.07811115 -0.007874299 0 0.08248566 -0.008693505 0.0562341 0.08227118 -0.008566944 0.1502799 0.08247518 -0.008683826 0.2243852 0.0778733 -0.007708777 0.2186964 0.08267134 -0.008789267 0.250324 0.08284462 -0.008862626 0.2590422 0.07918883 -0.00933575 0.5803444 0.07882524 -0.0101376 0.5939203 0.07781371 -0.01137057 0.6147499 0.07166893 -0.01125824 0.6818343 0.07292719 -0.01206753 0.6701156 0.0722907 -0.01171753 0.6759899 0.0692978 -0.009006467 0.6992088 0.06840547 -0.00795734 0.7049268 0.0662109 -0.005414441 0.7161742 0.06485433 -0.00394603 0.7216534 0.04283304 0.01206825 0.7623613 0.07769738 -0.007614537 0.1577943 0.07774491 -0.007640778 0.1877191 0.07324663 -0.00673653 0.2056769 0.07658233 -0.007518537 0.250082 0.07108501 -0.006333407 0.2266302 0.0732508 -0.008110541 0.5805416 0.06829324 -0.006905251 0.5771406 0.07502232 -0.00933919 0.5938668 0.07125558 -0.009715274 0.6104976 0.07253215 -0.0111204 0.6284624 0.07033061 -0.01098176 0.6344942 0.07190957 -0.01157369 0.6404476 0.07085286 -0.01156345 0.6464241 0.07115725 -0.01176825 0.6523737 0.06600682 -0.009630873 0.6876647 0.0672501 -0.009304871 0.69345 0.0648256 -0.006224126 0.7105915 0.06114998 -0.001920095 0.7270007 0.05807228 3.233464e-05 0.7322174 0.05653778 0.001697372 0.7372475 0.004456354 0.007011732 0 0.06200854 -0.004495634 0.05196806 0.05291832 -0.00265618 0.04710763 0.07085365 -0.006204847 0.1529322 0.07221758 -0.006504129 0.1917006 0.06579442 -0.00534444 0.2590422 0.06886604 -0.00797462 0.5924029 0.06880276 -0.008402384 0.5988012 0.06604658 -0.010648 0.6701228 0.06555633 -0.01032832 0.6759929 0.06506297 -0.009895115 0.6818405 0.06324095 -0.007756618 0.699212 0.06237631 -0.00671229 0.704935 0.06070638 -0.004277872 0.7161792 0.05964997 -0.002871542 0.7216569 0.05344944 0.003694347 0.7420736 0.05147367 0.005466681 0.7466907 0.04936221 0.007225014 0.7510115 0.06405728 -0.004999317 0 0.06885092 -0.005890444 0.05084646 0.06514137 -0.005045398 0.1645267 0.05754987 -0.003536586 0.20418 0.06551409 -0.005236279 0.2423481 0.05743643 -0.003562907 0.2303724 0.06324392 -0.009223189 0.628493 0.05582289 -0.006971492 0.6934549 0.05265855 -0.003738508 0.7106043 0.05034086 0.0002882415 0.7270114 0.03738588 0.0131873 0.7623617 0.03591083 0.01435019 0.7653878 0.04403649 0.01076136 0.7588433 0.06174727 -0.004364352 0.1817338 0.05734731 -0.003519226 0.2183979 0.05782556 -0.004955637 0.5803444 0.05566074 -0.004325233 0.5771406 0.02996526 0.01620796 0.7679864 0.04366216 -0.0007427518 0.07141029 0.04356072 -0.0006962155 0.09197525 0.04640435 -0.006101406 0.6818441 0.04453082 -0.003952989 0.6992134 0.04565035 -0.003311225 0.7049393 0.04626875 -0.001341377 0.7161829 0.04592594 -8.020953e-05 0.7216603 0.04190143 0.006043006 0.7420767 0.04001238 0.007798779 0.7466985 0.03778964 0.009596233 0.751073 0.02560659 0.002858341 0.04187327 0.05274127 -0.002571379 0.08075789 0.05199287 -0.002533698 0.2590422 0.04588778 -0.002906102 0.5863713 0.04475322 -0.006099725 0.6759961 0.04214528 0.004620595 0.737239 0.01881646 0.004212831 0.0358913 0.02547139 0.002813781 0 0.03462826 0.001061504 0.05608074 0.04401281 -0.0007573065 0.1301178 0.04008902 -0.004368273 0.6876621 0.03908782 0.003886669 0.7322156 0.03722491 0.0004434346 0 0.04380296 -0.0008075258 0.04710755 0.02542275 0.002936902 0.06916692 0.03444762 0.001141455 0.08823627 0.0428856 -0.001739052 0.5771406 0.03178535 -0.003777148 0.6523893 0.0319872 -0.003859868 0.6642369 0.03281081 0.01305938 0.7589105 0.01628796 0.004772356 0.0702887 0.03362345 -0.002868502 0.6224965 0.02829325 -0.002934501 0.6464348 0.02820925 -0.002984422 0.6701276 0.03919973 -0.003603547 0.6934537 0.0342857 0.001213217 0.1428336 0.03465594 0.001049209 0.2318692 0.04031774 -0.001066187 0.5743295 0.03086775 -0.003656747 0.6583199 0.03360064 0.0001160939 0.7106028 0.03395105 0.003602747 0.7270087 0.02518562 0.003038423 0.1809855 0.02421969 0.003043622 0.2680734 0.02748252 0.002133136 0.3381715 0.02605876 0.002406577 0.3740791 0.0295035 0.002320576 0.4502352 0.02485427 0.003478906 0.5323351 0.02550995 0.001204706 0.586355 0.0222376 0.00146249 0.5923673 0.02863862 -0.002517698 0.6818459 0.02555355 -0.002232416 0.6759988 0.03269832 0.00139929 0.7161849 0.03128647 0.002874901 0.7216599 0.02727044 0.01609676 0.7653911 0.02658044 0.01728988 0.7701233 -0.04010678 0.0155078 0 -0.001718252 0.008326463 0.05556706 0.01198809 0.005575562 0.0347697 0.02514003 0.003057863 0.1577943 0.02524251 0.003014102 0.1944526 0.02535371 0.002966501 0.2116632 0.02548931 0.002908261 0.2273786 0.02566755 0.002832181 0.2430965 0.02828741 0.002008335 0.3239508 0.02031838 0.003622267 0.320208 0.02244657 0.003125543 0.3516055 0.02254153 0.003102983 0.3648397 0.02251065 0.003151463 0.3862265 0.02288793 0.003128823 0.3981662 0.02678036 0.002423058 0.409947 0.02339705 0.003206744 0.421746 0.02364193 0.003281465 0.4329242 0.02332817 0.003729708 0.4634113 0.02070254 0.004502514 0.4905145 0.02446082 0.003785068 0.502458 0.02440169 0.003767548 0.5143917 0.02463034 0.003677947 0.5203822 0.02470602 0.003597626 0.5263438 0.02486586 0.003362666 0.5383199 0.02491986 0.003040822 0.5503063 0.02532363 0.002258977 0.5683203 0.02525586 0.001969934 0.5743216 0.01713972 -0.0005001876 0.6404715 0.01824725 -0.001133119 0.65832 0.01788621 -0.0009969084 0.6523861 0.02982542 -0.0001195382 0.7049379 0.03092607 0.006884052 0.7372425 0.03102246 0.008237662 0.7420783 0.01380538 0.005153639 0 0.01600348 0.004890276 0.1346053 0.01624588 0.004789956 0.2146567 0.01888278 0.004185151 0.2468389 0.0231549 0.003145383 0.295502 0.01742116 0.004308833 0.2921327 0.01800461 0.004182031 0.409947 0.02083351 0.00400363 0.4457613 0.02118984 0.004289152 0.4753605 0.02085392 0.004502193 0.5084124 0.02170831 0.003251145 0.5622999 0.02500274 0.00282362 0.5563045 0.0243581 0.001810333 0.5803532 0.02264728 0.0009397634 0.5987672 0.027383 -0.0008244051 0.6104645 0.01375338 -3.798834e-05 0.6464386 0.02659036 -0.001066332 0.6934533 0.02688251 -0.0003980767 0.6992151 0.02934046 0.009949675 0.7467025 0.02770741 0.01513834 0.7623597 -0.008677105 0.009678953 0.05159422 -0.003034262 0.008627905 0.08567857 0.01565051 0.004965237 0.1624565 0.01610579 0.004847877 0.1944526 0.01641723 0.004718915 0.2318692 0.01629316 0.004374353 0.3396683 0.01666044 0.00527164 0.4845212 0.01684388 0.00529804 0.4964749 0.01428066 0.005162119 0.5503049 0.02147272 0.003901229 0.5443229 0.01557235 -0.000467704 0.6701275 0.02337417 -0.001009956 0.6876643 0.01465914 0.001299906 0.6934537 0.02689708 0.006335408 0.732214 0.02821596 0.01150761 0.7510284 0.006856131 0.00671325 0.1346054 0.006851812 0.006715011 0.1645267 0.01214873 0.005495081 0.2588839 0.007245095 0.006279407 0.3061077 0.01129992 0.005423161 0.320208 0.01024936 0.005556922 0.3651052 0.0111204 0.005475721 0.3979968 0.01028344 0.005974844 0.4354792 0.01260986 0.005902844 0.4666397 0.01170793 0.006192766 0.476898 0.008653346 0.006933412 0.502435 0.008780226 0.004905236 0.5803392 0.01080816 0.004131391 0.5863688 -0.008393104 0.004726676 0.634497 -0.001165458 0.003347785 0.6344947 -0.007760299 0.004337153 0.6404724 0.01582195 0.001485851 0.6104713 0.003353384 0.001996575 0.6464429 0.01862485 -0.00118726 0.6642334 0.01652732 -0.000105961 0.6818455 0.01078792 0.00147457 0.687664 0.02244952 0.002346497 0.7106029 0.02309497 0.003319145 0.716184 0.02416329 0.005560841 0.7270101 0.006890372 0.006699411 0.1211427 0.006841812 0.00671909 0.1510619 0.006897892 0.00669645 0.1809855 0.004333553 0.007189974 0.1981129 0.007192454 0.00657797 0.2228882 0.007347095 0.006515569 0.2363598 0.002207136 0.007496697 0.2499655 0.009476311 0.005738123 0.3366747 0.007317975 0.006139806 0.3531148 0.01275474 0.005070598 0.3755745 0.01081048 0.005484922 0.3860406 0.009226229 0.005927724 0.409947 0.01169881 0.005542522 0.4218911 0.01244025 0.005828523 0.4576913 0.008791747 0.006875812 0.514406 0.008918707 0.006806931 0.5203708 0.009377031 0.00656181 0.5323224 0.009567192 0.006409249 0.5383358 0.009997276 0.005811963 0.5563038 0.01024672 0.005261959 0.5683116 0.01272514 0.004467393 0.5743203 -0.02043815 0.006304927 0.6523892 -0.01953326 0.006064925 0.6583244 0.01219513 0.001797933 0.6164864 0.003607867 0.001807053 0.652387 0.00416459 0.001632252 0.6583228 0.004788836 0.001529772 0.6642334 0.01909142 0.002018015 0.7049358 0.02091543 0.004941157 0.7216611 0.02302265 0.008458064 0.7372435 0.02362786 0.009711194 0.7420814 0.02663092 0.01429906 0.7589182 -0.01780486 0.01144249 0.05084646 -0.002916341 0.008643745 0.1307506 4.335037e-06 0.008066621 0.1705118 -0.002306977 0.008525425 0.1555501 0.003384825 0.007180934 0.2722923 -0.0006273532 0.007875739 0.295502 7.412056e-05 0.007563896 0.3606172 0.002212576 0.007220534 0.3950082 0.002964982 0.007267494 0.4218911 0.00408347 0.007586777 0.4666397 0.003868749 0.007521497 0.4576913 0.003934989 0.007827499 0.4904791 -0.0001174818 0.008645826 0.4964515 0.009179349 0.00668981 0.5263467 0.005554361 0.007058053 0.5443314 -0.0005921315 0.006736851 0.5803487 -0.002525299 0.006736611 0.586373 0.01170001 0.003450105 0.5939361 0.003615707 0.002414097 0.6818459 0.01264458 0.0003274186 0.675999 0.01529035 0.001900654 0.6992163 0.02233329 0.01133769 0.7466982 0.02569882 0.01705989 0.7679864 -0.006659171 0.009195749 0 -0.03159456 0.0140605 0.05757515 -0.02514547 0.01274834 0 -0.03608978 0.0148749 0.05084646 -0.004529794 0.008949748 0.1824821 0.0002986622 0.007950619 0.2183983 -0.004204432 0.008823027 0.2243852 -0.003875789 0.008695026 0.2483361 0.0001159697 0.007594377 0.3331785 0.001505211 0.007289175 0.371088 0.001861693 0.007243654 0.3830505 0.0004989139 0.007633018 0.4080454 0.003429145 0.007382055 0.439795 -2.193014e-05 0.008456063 0.4726044 0.001828814 0.008183662 0.4820143 0.004363073 0.007772299 0.5084036 0.008210542 0.005930045 0.5623005 -0.001293716 0.007520456 0.5682992 -0.001345049 0.007797739 0.5623111 -0.0321688 0.008209902 0.6642463 -0.03333768 0.008411583 0.6583251 0.006966852 0.002440258 0.6224968 0.003279784 0.002147856 0.675999 0.003445386 0.004197071 0.6992173 0.005753723 0.003031383 0.6934554 0.01769661 0.008151902 0.732216 0.02227752 0.01269762 0.7510807 -0.009087268 0.009836634 0.1129157 -0.01136689 0.01027752 0.1884672 -0.006679971 0.009343511 0.2049285 -0.006777731 0.00923783 0.257089 -0.004663794 0.008592145 0.3142194 -0.003602666 0.008290622 0.3501445 -0.007014132 0.008977428 0.3830505 -0.00662429 0.008946868 0.3950082 -0.008469264 0.009497032 0.4218816 -0.005586521 0.009000548 0.4278605 -0.002562578 0.008780466 0.4576913 -0.002992502 0.009180549 0.514392 0.003865469 0.007218294 0.5502986 0.003018742 0.006375887 0.5743242 0.003718348 0.005033638 0.5937119 0.004677954 0.003887629 0.6074533 0.001634732 0.003125943 0.6284998 0.002085616 0.002164736 0.6701278 0.01122881 0.004549554 0.710602 0.01223697 0.00545156 0.7161853 0.0143733 0.007483416 0.7270106 0.02196264 0.01521547 0.7589178 0.0229592 0.01607147 0.7623578 -0.01575147 0.01095856 0 -0.01339914 0.0106244 0.0702887 -0.01169609 0.01036056 0.135771 -0.009148229 0.009860155 0.1705118 -0.01353969 0.01067776 0.2049285 -0.01335978 0.01060944 0.2228882 -0.008771426 0.009715353 0.2243852 -0.009693033 0.009646712 0.295502 -0.008848866 0.00934527 0.3332352 -0.007699818 0.009081188 0.3621135 -0.008471504 0.00923791 0.3725835 -0.006239807 0.008941268 0.40696 -0.004434353 0.008873427 0.4361624 -0.007714458 0.009854475 0.463638 -0.01168065 0.0106996 0.4710634 -0.003372745 0.009285509 0.5024439 -0.007330855 0.01004408 0.5084166 -0.005152678 0.009490951 0.526325 -0.002386898 0.008862547 0.532333 -0.002174016 0.008706225 0.5383192 -0.009016068 0.009006228 0.5683153 -0.009420311 0.009353031 0.5622952 -0.001724652 0.008106221 0.5562901 -0.004790436 0.007891099 0.5743218 -0.01021376 0.006543489 0.6104645 -0.01062912 0.007810539 0.5935106 0.00143833 0.00390211 0.6164815 -0.005779084 0.003534506 0.6583251 -0.004959157 0.003394745 0.6642352 -0.007548136 0.00398955 0.670131 -0.003265624 0.003396826 0.6759986 -0.0002365109 0.004174272 0.6934547 0.001684412 0.003231143 0.687666 0.007442136 0.004292352 0.7049374 0.01070488 0.006934133 0.7216631 0.01438242 0.01014472 0.7372445 0.0156474 0.01126865 0.7420806 -0.01310266 0.0105116 0.0358913 -0.04066639 0.01570531 0.05084646 -0.01829733 0.01162753 0.127874 -0.01575219 0.01114672 0.1606353 -0.02046368 0.01202305 0.1963712 -0.01793005 0.01148969 0.2228882 -0.01558876 0.01099008 0.2430681 -0.01265578 0.01034192 0.2663026 -0.01975543 0.01171313 0.2651545 -0.01351866 0.0102896 0.320208 -0.01745924 0.01099048 0.3381715 -0.01256922 0.01003048 0.3501445 -0.01621659 0.0107296 0.3740791 -0.01578963 0.01067536 0.3860406 -0.01478979 0.0106816 0.4189618 -0.00928295 0.009968715 0.448744 -0.00656789 0.009817754 0.4819964 -0.0106032 0.01063536 0.4878293 -0.01124761 0.01077 0.514392 -0.00530228 0.009585992 0.5203591 -0.005886284 0.009112229 0.5502975 -0.009724314 0.009645912 0.556292 -0.01392762 0.01064632 0.5503065 -0.006212767 0.00934647 0.5443025 -0.01551667 0.008659825 0.5945203 -0.003846829 0.006489089 0.5938914 -0.00268722 0.005107078 0.6104645 -0.002035375 0.004188671 0.622495 -0.004541874 0.004406753 0.6876668 0.003288985 0.006068286 0.710601 0.01515323 0.01273178 0.7467056 0.0166238 0.01379602 0.7510932 -0.03415234 0.01442586 0 -0.02288608 0.01250497 0.1705118 -0.01830541 0.01163049 0.1705118 -0.025925 0.01303746 0.2105351 -0.0251589 0.0128209 0.2412366 -0.02147559 0.01183505 0.3131078 -0.01691492 0.01096504 0.3133479 -0.01663947 0.01080248 0.3621135 -0.01651972 0.01085648 0.3965026 -0.01522467 0.01067088 0.4071447 -0.01410185 0.01070808 0.4338286 -0.01192369 0.0109224 0.4964738 -0.01170233 0.01088936 0.5024439 -0.01503579 0.01137881 0.5263352 -0.01078232 0.01048088 0.5323121 -0.01051976 0.01031496 0.5382997 -0.01269458 0.009399591 0.5743183 -0.008530944 0.008266142 0.580333 -0.006024285 0.00533908 0.6164815 -0.005527881 0.004146031 0.6818449 -0.006367568 0.00531908 0.6934565 -0.0008488866 0.005863404 0.7049392 -0.002211216 0.007095014 0.7106008 0.008635265 0.009894555 0.7322159 0.02250505 0.01702436 0.7653863 0.02455786 0.01767964 0.7701237 -0.05846708 0.01867149 0 -0.05381665 0.01790077 0 -0.02694339 0.01317826 0.05084646 -0.02750357 0.01338242 0.1360216 -0.02291537 0.01251577 0.1510619 -0.02739172 0.01334274 0.1884673 -0.02242496 0.01233377 0.2288754 -0.02631859 0.01294906 0.2663028 -0.02528971 0.01259153 0.3048607 -0.02646147 0.0126909 0.3381715 -0.0215416 0.01174273 0.3501445 -0.02533947 0.01245401 0.3743482 -0.02485843 0.01239025 0.3864127 -0.02390409 0.01233153 0.4100768 -0.02348074 0.01235041 0.4217944 -0.01788445 0.01172289 0.4575919 -0.01680188 0.01174193 0.4785704 -0.01634316 0.01173833 0.4905038 -0.01562587 0.01162705 0.5084166 -0.0196347 0.01235633 0.5143952 -0.01524483 0.01148569 0.520368 -0.01863214 0.01184689 0.5382953 -0.01430066 0.01088992 0.5442847 -0.01719588 0.01082112 0.5623065 -0.01693653 0.01050272 0.5683045 -0.02080536 0.009671592 0.594015 -0.01194857 0.008538385 0.5863531 -0.0275186 0.007540456 0.6523963 -0.03449986 0.008695026 0.6523999 -0.03203984 0.008463504 0.6464496 -0.009399591 0.005593962 0.6224964 -0.008923107 0.005145638 0.6285037 -0.01855397 0.005896044 0.6642397 -0.01191929 0.005323 0.6818447 -0.01074952 0.005549721 0.6876682 -0.005090038 0.005795643 0.6992171 -0.006551729 0.006913252 0.7049381 0.004603554 0.006911972 0.7161857 0.007352455 0.008826786 0.7270118 0.02336257 0.01750996 0.7679868 0.01723724 0.01610363 0.7588766 0.01917901 0.01679236 0.7623597 -0.0320764 0.01423731 0.1623129 -0.02746788 0.01337082 0.1705118 -0.03187103 0.0141609 0.2042604 -0.03148071 0.01401946 0.2348629 -0.03102343 0.01385826 0.2591367 -0.02941262 0.01331242 0.3159211 -0.02802996 0.01294866 0.3569124 -0.02334745 0.01207433 0.3621135 -0.02438042 0.01234857 0.3982586 -0.02744677 0.01320458 0.4329565 -0.02062447 0.01194481 0.4338286 -0.02160232 0.01256498 0.4700837 -0.02029543 0.01250369 0.4964738 -0.02003815 0.01246385 0.5024439 -0.02321457 0.01290554 0.5263411 -0.01886838 0.01200737 0.5323304 -0.02189617 0.01213377 0.5503059 -0.01756885 0.01112712 0.5562995 -0.02049622 0.01085536 0.5743242 -0.01626988 0.009727513 0.5803326 -0.04741315 0.01054392 0.6759981 -0.04579403 0.01022752 0.6701274 -0.04411313 0.01014184 0.6759981 -0.01363449 0.006777651 0.6164907 -0.02088103 0.006403809 0.670135 -0.01419018 0.005212439 0.6701319 -0.01634435 0.005803243 0.6760016 -0.01836302 0.006470848 0.681848 -0.009781514 0.004613155 0.6759988 -0.01099072 0.006865251 0.6992157 0.003375705 0.008322783 0.7216658 0.008231823 0.01131049 0.7372478 0.007831739 0.0127441 0.7420859 -0.04918045 0.01710956 0 -0.04462769 0.01631371 0 -0.03666331 0.01508083 0.1577943 -0.03655899 0.01504467 0.1890548 -0.03628219 0.01494402 0.2183983 -0.03543658 0.0146405 0.2663028 -0.03396618 0.01415162 0.315939 -0.03321761 0.01394146 0.3381715 -0.03181888 0.0136513 0.3740791 -0.03273752 0.01395811 0.4100789 -0.02856941 0.01363649 0.4517264 -0.02425874 0.01284218 0.4517264 -0.02954462 0.0141353 0.4819097 -0.02155992 0.01267146 0.4826658 -0.02475378 0.01330834 0.4905038 -0.02413273 0.01321738 0.5083938 -0.02795613 0.0138889 0.5143829 -0.02354489 0.01303514 0.5203635 -0.02665643 0.01332386 0.5383105 -0.02228752 0.01238025 0.5442903 -0.02524099 0.01230329 0.5622917 -0.0247985 0.01195001 0.5683139 -0.02468338 0.01037672 0.5939993 -0.01968886 0.009982715 0.5863617 -0.01774589 0.007949579 0.6104645 -0.01694861 0.007001733 0.6225133 -0.01636635 0.006534049 0.628513 -0.01566915 0.006084846 0.6344938 -0.01499907 0.005688122 0.6404768 -0.01346234 0.005040118 0.6523897 -0.01265274 0.004817476 0.6583247 -0.01173161 0.004658995 0.6642358 -0.01249481 0.006430128 0.6934593 -0.01235305 0.0079471 0.7049412 -0.000724596 0.007906539 0.7161863 0.002525859 0.009727913 0.7270141 0.00804574 0.01405874 0.7467141 0.01090224 0.01486698 0.7511029 -0.06746563 0.02008319 0 -0.06295536 0.01938942 0 -0.04124423 0.01591076 0.1325935 -0.03662948 0.01506883 0.127874 -0.04124566 0.01590996 0.1707054 -0.04101223 0.01582699 0.2071056 -0.04062991 0.01569235 0.2348629 -0.03592699 0.0148165 0.2423481 -0.03848085 0.01496979 0.3162423 -0.03746204 0.01469251 0.3449272 -0.03251296 0.01377466 0.3568895 -0.03370905 0.01401962 0.3862402 -0.03320216 0.01397282 0.3981881 -0.0322372 0.01396314 0.4218166 -0.03368209 0.01434946 0.4338286 -0.03006222 0.01412442 0.4702412 -0.0295139 0.0141981 0.4944791 -0.02857277 0.01403826 0.5024378 -0.03173879 0.01452074 0.5203621 -0.03142439 0.0143941 0.5263313 -0.02699636 0.01350434 0.5323184 -0.02997926 0.01359986 0.5502923 -0.02563651 0.01261297 0.5562924 -0.02835164 0.01227993 0.574322 -0.02397418 0.01114536 0.5803452 -0.05619683 0.01186833 0.6876631 -0.05682827 0.01225753 0.6934546 -0.05936644 0.01209113 0.6876631 -0.02110896 0.008153742 0.6164989 -0.01775149 0.005974605 0.6464382 -0.01695253 0.007905899 0.6992174 -0.01862261 0.007499337 0.6934596 -0.007786459 0.008106221 0.710602 -0.01140601 0.009806714 0.7161868 -0.01340402 0.009087349 0.7106075 -0.006036926 0.008869666 0.7161857 -0.001651452 0.009247669 0.7216624 0.002051615 0.01111176 0.7322155 0.004007389 0.01208809 0.7372471 0.01961998 0.01756228 0.7653874 -0.04577555 0.01670797 0.1153472 -0.04016677 0.01553044 0.2591027 -0.04475522 0.01634884 0.2589861 -0.04301424 0.015777 0.3164849 -0.03651451 0.01449603 0.3686507 -0.0409867 0.01529331 0.3687804 -0.03968381 0.0151321 0.3979968 -0.03914093 0.01510331 0.409947 -0.0380042 0.01513299 0.4351604 -0.03288272 0.01441907 0.4517264 -0.03573754 0.01523714 0.4815534 -0.03464281 0.01512331 0.5024439 -0.0323816 0.01471306 0.5084217 -0.03521018 0.01496731 0.532305 -0.03479586 0.01477363 0.5383093 -0.03032023 0.01383634 0.5443094 -0.0327896 0.01337418 0.5682943 -0.03320856 0.0137225 0.5622853 -0.03239136 0.01172873 0.594126 -0.02853861 0.01105856 0.5940802 -0.02751196 0.01140217 0.5863459 -0.03433585 0.01058664 0.6147727 -0.03171592 0.009627593 0.6225189 -0.03910797 0.01084936 0.6225326 -0.02552914 0.009090949 0.6143618 -0.02424001 0.008324063 0.6225021 -0.02364761 0.007853499 0.6285153 -0.02291009 0.007397415 0.6344954 -0.02217504 0.006988692 0.6404811 -0.02468802 0.008502544 0.69346 -0.02327248 0.007731258 0.6876695 -0.002266657 0.01059648 0.727013 0.02148615 0.01785485 0.7679871 0.01534195 0.01748813 0.7623649 -0.07210727 0.02076407 0 -0.05036965 0.01751069 0.1156182 -0.0458493 0.01673492 0.1591206 -0.05045077 0.01753869 0.1593609 -0.0456769 0.01667324 0.1983359 -0.05032333 0.01749445 0.1884673 -0.04527754 0.01653284 0.2303724 -0.04971685 0.01728316 0.2397912 -0.04913045 0.01707973 0.2663028 -0.04779347 0.01664333 0.3097695 -0.0419732 0.01549627 0.3450814 -0.04597987 0.01617364 0.3567591 -0.0402207 0.01518442 0.3860406 -0.04492802 0.01599132 0.3804843 -0.03859205 0.01510123 0.4218911 -0.04277 0.01586691 0.4261173 -0.03647843 0.01523443 0.4665045 -0.04111935 0.01599164 0.4617357 -0.03508226 0.01519003 0.4937729 -0.03897062 0.01588083 0.4997077 -0.03959734 0.01595403 0.4879227 -0.03627683 0.01537066 0.5143849 -0.03969302 0.01583699 0.5263159 -0.04006406 0.01597363 0.5203482 -0.03356505 0.01402466 0.5563028 -0.03807389 0.01501219 0.5502926 -0.0396687 0.01388074 0.5803283 -0.03183215 0.01254577 0.5803334 -0.03532187 0.01276498 0.5863388 -0.02492491 0.007251975 0.6464447 -0.03418017 0.008598625 0.6701366 -0.02946685 0.008033901 0.6760048 -0.03423778 0.008771266 0.6759981 -0.03114007 0.008580225 0.6818495 -0.02477386 0.007562937 0.6818491 -0.02947998 0.008722946 0.6876676 -0.01702949 0.00666781 0.6876679 -0.01811149 0.008927908 0.704943 -0.01891926 0.009999435 0.7106076 -0.006770531 0.01015952 0.7216628 -0.002566499 0.01193521 0.7322199 -0.0002653008 0.01284866 0.7372463 0.002126175 0.01376409 0.7420802 0.007277574 0.01550915 0.7510908 0.01258058 0.0169738 0.7589684 -0.05506065 0.01832557 0.1469195 -0.05497858 0.01829925 0.1799393 -0.05010558 0.01741876 0.2124115 -0.05478089 0.01823093 0.2049285 -0.05389801 0.01792709 0.2589971 -0.05235567 0.01742349 0.3093864 -0.05146711 0.01717125 0.333247 -0.04695499 0.0164014 0.3332956 -0.0504699 0.01693924 0.3568977 -0.04411417 0.01590596 0.3979968 -0.04854749 0.01666212 0.3979968 -0.04354937 0.01587347 0.409947 -0.04672906 0.01663747 0.4350353 -0.04509025 0.01671868 0.4662871 -0.04029494 0.01598556 0.4755874 -0.04279335 0.01652788 0.5056577 -0.03847508 0.015781 0.5084166 -0.04296297 0.01616484 0.5382922 -0.04338728 0.01635964 0.5323059 -0.03850196 0.01526435 0.5442884 -0.04066583 0.01471498 0.5683035 -0.04118639 0.0150817 0.5622654 -0.03629547 0.01366689 0.5743022 -0.03808189 0.01120537 0.6147958 -0.04183535 0.01180705 0.6147768 -0.03059135 0.009951596 0.6147246 -0.0310023 0.009136549 0.6285166 -0.03025462 0.008677905 0.6345104 -0.02940165 0.008249182 0.6404826 -0.02648251 0.007277414 0.6583253 -0.02545315 0.007099573 0.6642468 -0.02296561 0.006958613 0.676004 -0.02380881 0.009838075 0.7049428 -0.02286576 0.008884228 0.6992183 -0.01192289 0.011038 0.7216676 -0.007148293 0.01144873 0.7270142 0.002863941 0.01496547 0.7467032 0.02327721 0.01790485 0.7701234 -0.08122053 0.0219944 0 -0.07628921 0.021348 0 -0.05952101 0.01904173 0.1088781 -0.05965493 0.01908766 0.1504306 -0.05953677 0.01904822 0.1862048 -0.05449681 0.01813373 0.2277872 -0.05839028 0.01865685 0.2622334 -0.05662698 0.01809253 0.3172619 -0.05549281 0.01779933 0.3448811 -0.04938637 0.01675188 0.3805382 -0.04796068 0.01662588 0.409947 -0.05237511 0.01735733 0.409947 -0.04736515 0.01661564 0.4218911 -0.04966381 0.01742957 0.4619303 -0.04419201 0.01670156 0.4818942 -0.04806724 0.01737836 0.4879329 -0.04349984 0.01664333 0.4937766 -0.04226535 0.0163958 0.514392 -0.04656914 0.01712893 0.5116582 -0.04431153 0.01623052 0.5443107 -0.04159591 0.01539284 0.5563006 -0.03626195 0.01239001 0.594115 -0.04013902 0.01303186 0.5941275 -0.02754412 0.007538537 0.6701368 -0.01672205 0.01068656 0.7161883 -0.01696709 0.01184385 0.7216684 -0.007147653 0.01271586 0.7322222 -0.004554434 0.01358041 0.7372508 0.01674548 0.01806325 0.7653903 -0.001837134 0.01444179 0.7420905 0.00404203 0.01614827 0.7513818 -0.0950844 0.02355481 0 -0.09939203 0.02395626 0 -0.06420656 0.01980638 0.1264237 -0.05925845 0.01895198 0.216109 -0.05885132 0.01881333 0.2408511 -0.06331983 0.01950702 0.246839 -0.05441905 0.01758076 0.3687635 -0.05357872 0.01745948 0.3860406 -0.05298391 0.01739717 0.3979968 -0.05742427 0.01810781 0.3979968 -0.05153974 0.01734133 0.4261155 -0.05592682 0.01804334 0.4261027 -0.05397952 0.01811838 0.4617929 -0.0487606 0.01741613 0.4761962 -0.04734235 0.01728853 0.4997265 -0.05154471 0.01796117 0.4997153 -0.04577498 0.0168894 0.5235606 -0.04927373 0.01730604 0.532333 -0.04385992 0.01597459 0.5503049 -0.04740171 0.01632684 0.5563032 -0.04193183 0.01460331 0.5743261 -0.0453305 0.01479083 0.5803444 -0.04088574 0.01368882 0.5863668 -0.04566835 0.01245473 0.6139366 -0.05733123 0.01156073 0.6759981 -0.05525322 0.01153665 0.6818447 -0.05849595 0.01180105 0.6818447 -0.03828748 0.01034192 0.6285135 -0.03746668 0.009870475 0.6345124 -0.03655587 0.009432231 0.6404877 -0.04231447 0.01014776 0.6818447 -0.0455437 0.01054128 0.6818447 -0.03076727 0.009435111 0.693459 -0.02878141 0.009792074 0.6992192 -0.02802988 0.0104608 0.704937 -0.02205272 0.01258833 0.7216682 -0.02205496 0.01150497 0.71619 -0.01195441 0.01224449 0.7270169 -0.0007308895 0.01556387 0.7467162 0.01952758 0.01818757 0.7679879 0.009153029 0.01753788 0.7589413 0.01261417 0.01794149 0.762359 -0.09082461 0.02312153 0 -0.08534664 0.02250145 0 -0.06402777 0.01974574 0.09646249 -0.06878044 0.02050208 0.1156034 -0.06425352 0.01982223 0.1558759 -0.06873907 0.02048838 0.1884532 -0.06411032 0.01977398 0.1922112 -0.06373863 0.01964791 0.2243003 -0.06735803 0.02002775 0.2698373 -0.06288959 0.01936287 0.2651742 -0.06115053 0.01881406 0.3178207 -0.06452321 0.01921494 0.3451628 -0.06000926 0.01852157 0.3450753 -0.05890421 0.01829869 0.3687213 -0.0633924 0.01898838 0.3687444 -0.05803907 0.01817333 0.3860406 -0.06136758 0.01874997 0.4072451 -0.05679299 0.01806382 0.4101431 -0.05850395 0.01877334 0.4580113 -0.05693635 0.01873862 0.4819438 -0.05305184 0.01810189 0.4760511 -0.05230407 0.01805645 0.4879057 -0.05448825 0.01832501 0.5175326 -0.05075262 0.01779892 0.5116119 -0.05014277 0.01762429 0.5203688 -0.04971365 0.01747789 0.5263496 -0.05241391 0.01750125 0.5443107 -0.04882317 0.01710677 0.5383192 -0.04836068 0.01687852 0.5443107 -0.0478878 0.01661909 0.5503049 -0.05035749 0.01624507 0.5683144 -0.04690419 0.01599972 0.5623054 -0.04639235 0.01563579 0.5683144 -0.04586906 0.01523339 0.5743261 -0.04797332 0.0142813 0.5938321 -0.04477497 0.0143113 0.5863668 -0.04398369 0.01363913 0.5942445 -0.0691582 0.01303138 0.6992153 -0.06614858 0.01301234 0.6992153 -0.06580129 0.01340682 0.704937 -0.03717548 0.009290149 0.6464351 -0.04039103 0.01025336 0.6876631 -0.04354545 0.01063776 0.6876631 -0.0331616 0.0104056 0.6992153 -0.03614634 0.01079568 0.6992153 -0.03526666 0.01006536 0.6934546 -0.02739548 0.01224625 0.7161915 -0.02444546 0.01084696 0.7106076 -0.01169553 0.01344305 0.7322258 -0.008801746 0.01425963 0.7372542 -0.005741963 0.01506611 0.7420925 0.0009518243 0.01658548 0.7511995 0.004465713 0.01722236 0.7552905 -0.07343375 0.02119168 0.1260621 -0.06887124 0.02053183 0.1590634 -0.07347752 0.02120727 0.1530237 -0.06850075 0.02040926 0.2125722 -0.07261198 0.02092096 0.2427965 -0.06807235 0.02026623 0.2396425 -0.0700722 0.02013183 0.3222824 -0.06552938 0.0194671 0.3219951 -0.0666429 0.01947462 0.3921852 -0.06233111 0.0188359 0.3893388 -0.06442904 0.01936942 0.4315017 -0.06031846 0.01871789 0.4260735 -0.06223655 0.01940327 0.4664275 -0.05768731 0.01876702 0.470264 -0.06037942 0.01928534 0.4937655 -0.05614386 0.01866422 0.4938104 -0.05532674 0.01853086 0.5056929 -0.05794819 0.01871438 0.5263496 -0.05382816 0.01811014 0.5263496 -0.05336823 0.01793525 0.532333 -0.0528964 0.01773285 0.5383192 -0.05542433 0.01753149 0.5563032 -0.05191831 0.0172386 0.5503049 -0.05141095 0.01694292 0.5563032 -0.0508907 0.01661236 0.5623054 -0.05317031 0.01596795 0.5803444 -0.0498103 0.01583907 0.5743261 -0.04924765 0.01539284 0.5803444 -0.04866956 0.0149097 0.5863668 -0.04942652 0.0129993 0.6140265 -0.05319376 0.01351898 0.6140798 -0.05626339 0.01218953 0.6404691 -0.05373936 0.01221393 0.6344883 -0.0526388 0.01174785 0.6404691 -0.04452922 0.01169049 0.6224931 -0.04367849 0.01117672 0.6284954 -0.04276584 0.01069128 0.6344883 -0.04178936 0.01024224 0.6404691 -0.04073935 0.009837754 0.6464351 -0.03961406 0.009486311 0.6523863 -0.03840621 0.009195669 0.6583202 -0.03711139 0.008974147 0.6642338 -0.04141126 0.0108412 0.6934546 -0.03833693 0.01046672 0.6934546 -0.03724068 0.009841515 0.6876631 -0.02852942 0.01141833 0.710601 -0.01681964 0.01299178 0.7270203 -0.004305552 0.01611668 0.7467317 0.006818531 0.01789741 0.7589461 0.01069656 0.01823558 0.762359 0.0146529 0.01838742 0.7653866 -0.09066668 0.02311833 0.005893404 -0.07326359 0.02113591 0.09870603 -0.0780957 0.02184728 0.1408901 -0.07338856 0.02117807 0.1830128 -0.07310687 0.02108456 0.2126436 -0.07754186 0.02166832 0.2245811 -0.07707642 0.0215156 0.2486923 -0.07182294 0.02066031 0.2738947 -0.06905084 0.0198791 0.34509 -0.06821891 0.01971022 0.3621135 -0.07238871 0.02027319 0.368707 -0.06743491 0.01957614 0.37743 -0.07007252 0.02000847 0.4102086 -0.06597986 0.01941422 0.4041965 -0.06529985 0.01937606 0.4159775 -0.06816956 0.01998462 0.4412867 -0.06545513 0.01995551 0.481972 -0.06119109 0.01936263 0.4819681 -0.06371328 0.01972879 0.5056606 -0.05952133 0.01914614 0.505661 -0.05861709 0.01892997 0.5175883 -0.05746699 0.01853629 0.532333 -0.06053294 0.01866085 0.5443107 -0.05697507 0.01833101 0.5383192 -0.0564713 0.01809628 0.5443107 -0.05595433 0.01783045 0.5503049 -0.05829779 0.01737909 0.5683144 -0.05488265 0.01719773 0.5623054 -0.05432552 0.016827 0.5683144 -0.0537556 0.01641756 0.5743261 -0.05568418 0.01537252 0.5939607 -0.05256679 0.01548131 0.5863668 -0.05182254 0.01484035 0.5939027 -0.0482558 0.01223697 0.6224931 -0.04736907 0.01171809 0.6284954 -0.04642035 0.01122696 0.6344883 -0.0454013 0.010772 0.6404691 -0.04430858 0.01036112 0.6464351 -0.0431352 0.01000256 0.6523863 -0.04187535 0.009704314 0.6583202 -0.04052455 0.009474632 0.6642338 -0.03907701 0.00932175 0.6701274 -0.03752548 0.00925351 0.6759981 -0.03586706 0.00927831 0.6818447 -0.03409305 0.009404151 0.6876631 -0.03411713 0.01212401 0.710601 -0.03135687 0.01273298 0.7161832 -0.03404793 0.01303562 0.7161832 -0.03132199 0.01178329 0.710601 -0.02168223 0.01366713 0.7270242 -0.01623107 0.01410698 0.7322264 -0.02082552 0.01470859 0.7322352 -0.01304802 0.01488203 0.7372573 -0.009673513 0.01564451 0.7421031 0.001239575 0.01760476 0.7549794 0.02231057 0.01805301 0.7701234 -0.1025313 0.02422082 0 -0.1045113 0.02439402 0.005929405 -0.07799187 0.021814 0.1141233 -0.0826739 0.02243785 0.1263787 -0.08272526 0.02245417 0.1528519 -0.07807283 0.02184032 0.1709556 -0.08251855 0.02238753 0.1959493 -0.0778589 0.02177127 0.2005937 -0.08182222 0.0221624 0.2425201 -0.08108598 0.02192376 0.2715695 -0.07640649 0.02129583 0.2741962 -0.07919275 0.02136368 0.3219143 -0.07463536 0.02076839 0.3218406 -0.07358159 0.02050911 0.3450271 -0.07811747 0.02110175 0.3450569 -0.0759037 0.02071519 0.3865321 -0.07143806 0.02013414 0.3862197 -0.07076998 0.02006095 0.3981684 -0.07331199 0.02054919 0.4292611 -0.06922724 0.01997583 0.4241119 -0.07122926 0.02057304 0.4616093 -0.06654682 0.02000199 0.4663941 -0.06837763 0.02036007 0.4997125 -0.06460417 0.01987263 0.4937689 -0.06278431 0.01950942 0.5175607 -0.0662001 0.01982702 0.5263496 -0.06207126 0.01928742 0.5263496 -0.06156998 0.01910654 0.532333 -0.06105806 0.01889846 0.5383192 -0.06346528 0.01861558 0.5563032 -0.05999461 0.01839189 0.5503049 -0.05944324 0.0180899 0.5563032 -0.05887765 0.01775293 0.5623054 -0.06102574 0.01702717 0.5803444 -0.05770515 0.01696653 0.5743261 -0.05709586 0.01651364 0.5803444 -0.05646834 0.01602364 0.5863668 -0.0568893 0.01394425 0.6148674 -0.0606603 0.0143965 0.6149586 -0.05846876 0.01316658 0.6284954 -0.05740531 0.01266066 0.6344883 -0.06107438 0.01307362 0.6344883 -0.05198791 0.01275562 0.6224931 -0.05106511 0.01223161 0.6284954 -0.05007774 0.01173545 0.6344883 -0.04901725 0.01127464 0.6404691 -0.04788051 0.01085768 0.6464351 -0.04665915 0.01049232 0.6523863 -0.04534858 0.01018696 0.6583202 -0.04394177 0.009949515 0.6642338 -0.04243416 0.009788314 0.6701274 -0.04081862 0.009711194 0.6759981 -0.03908941 0.009726154 0.6818447 -0.03670675 0.01159321 0.704937 -0.03691644 0.01243897 0.710601 -0.03091863 0.01086232 0.704937 -0.02841341 0.01340042 0.7216607 -0.02527707 0.01410714 0.7270106 -0.0277222 0.01438234 0.7270106 -0.02424154 0.01509299 0.7322129 -0.00662189 0.01654676 0.7471264 0.01762477 0.01846525 0.767989 0.004438833 0.01822742 0.7589454 0.008796466 0.01849949 0.7623605 0.0132053 0.01858813 0.7653867 -0.0870089 0.02290817 0.08483896 -0.08266647 0.02243496 0.1764012 -0.08704153 0.02291777 0.2065865 -0.0822551 0.02230232 0.2186167 -0.08615617 0.02263504 0.2544087 -0.08158542 0.02144416 0.3653956 -0.07707002 0.02089391 0.3654073 -0.07932652 0.0211556 0.4040402 -0.07487448 0.02061328 0.4041336 -0.07414959 0.02056927 0.4159674 -0.0777197 0.0210864 0.4292545 -0.07444736 0.02106208 0.4760306 -0.07014773 0.02053848 0.476103 -0.06928348 0.02047614 0.4878763 -0.07161486 0.02068559 0.5115872 -0.06743059 0.02017559 0.5115979 -0.06670922 0.01998486 0.5203688 -0.06923612 0.01993111 0.5383192 -0.06567882 0.01964367 0.532333 -0.06514417 0.01943254 0.5383192 -0.06459769 0.01919214 0.5443107 -0.06403801 0.01892045 0.5503049 -0.06625682 0.01838405 0.5683144 -0.06287695 0.01827574 0.5623054 -0.06227574 0.01789901 0.5683144 -0.0616591 0.01748332 0.5743261 -0.06332663 0.01628876 0.5946195 -0.06037557 0.01653411 0.5863668 -0.05945421 0.01582091 0.5945657 -0.0557229 0.01324378 0.6224931 -0.05476545 0.0127153 0.6284954 -0.0514567 0.01132505 0.6464351 -0.05018725 0.01095352 0.6523863 -0.04882461 0.01064144 0.6583202 -0.04736172 0.01039664 0.6642338 -0.03971846 0.01272666 0.710601 -0.04252192 0.01298562 0.710601 -0.04250712 0.01221729 0.704937 -0.03960485 0.01191921 0.704937 -0.03381137 0.01124041 0.704937 -0.03016999 0.01463371 0.7270106 -0.03098687 0.01369002 0.7216607 -0.02584259 0.01308722 0.7216607 -0.01732517 0.01544219 0.7372651 -0.0136213 0.01616308 0.7421175 -0.008635825 0.01675828 0.7469287 -0.00137673 0.01799397 0.7551654 -0.1141664 0.02499379 0 -0.1087886 0.02467738 0 -0.1137744 0.02499074 0.005936765 -0.08730154 0.02300128 0.1239128 -0.09199549 0.02354201 0.1564648 -0.08735137 0.02301697 0.1587774 -0.08725882 0.02298744 0.1827124 -0.09184486 0.02349442 0.1888698 -0.09118388 0.02328497 0.2365109 -0.08667977 0.02280209 0.2305049 -0.0855284 0.02243457 0.2761945 -0.08385311 0.0219432 0.3199901 -0.08719169 0.02216464 0.3451747 -0.08265078 0.02165383 0.3451465 -0.08488904 0.02177097 0.386281 -0.08038765 0.02126159 0.386584 -0.08319686 0.0216164 0.4132597 -0.07857755 0.02110912 0.4160222 -0.07556657 0.02110015 0.4614791 -0.07990413 0.02158703 0.4613598 -0.0777945 0.02147375 0.4878783 -0.07353703 0.02099471 0.4878915 -0.07260487 0.02087543 0.4996858 -0.07447016 0.02079623 0.5263496 -0.07086261 0.02049095 0.5203688 -0.0703334 0.0203307 0.5263496 -0.06979077 0.0201447 0.532333 -0.06866827 0.01968823 0.5443107 -0.07152294 0.01955998 0.5563032 -0.06808723 0.01941398 0.5503049 -0.06749179 0.01910629 0.5563032 -0.0668821 0.01876374 0.5623054 -0.06890044 0.01795005 0.5803444 -0.06561753 0.01796573 0.5743261 -0.06496145 0.01750685 0.5803444 -0.06428592 0.01701068 0.5863668 -0.06217662 0.01358378 0.6284954 -0.06588898 0.01396498 0.6284954 -0.06320487 0.01412058 0.6224931 -0.05946229 0.01369945 0.6224931 -0.06888875 0.01252994 0.6876631 -0.06920397 0.01274722 0.6934546 -0.07206678 0.01259362 0.6876631 -0.05503585 0.01176121 0.6464351 -0.05371969 0.01138393 0.6523863 -0.05230495 0.01106544 0.6583202 -0.05078591 0.010814 0.6642338 -0.04915821 0.01063744 0.6701274 -0.05373896 0.01204041 0.6934546 -0.05411888 0.01253642 0.6992153 -0.0481162 0.01208057 0.6992153 -0.0511167 0.01232529 0.6992153 -0.05065285 0.01178865 0.6934546 -0.0454109 0.01248545 0.704937 -0.04831772 0.01272258 0.704937 -0.04511873 0.01180377 0.6992153 -0.03913389 0.01115976 0.6992153 -0.0326204 0.01486011 0.7270106 -0.03356297 0.01395458 0.7216607 -0.01139961 0.01706452 0.7468259 0.002068655 0.01851525 0.7589439 0.006891731 0.01873158 0.762362 0.01175513 0.01876461 0.7653871 -0.1274382 0.02542523 0 -0.1303879 0.02545259 0 -0.09170518 0.02345002 0.09143452 -0.09633808 0.02392514 0.09114877 -0.09191982 0.02351825 0.1233538 -0.0965584 0.02399442 0.1232688 -0.09658985 0.02400426 0.1708955 -0.09621961 0.02388849 0.2127705 -0.0915882 0.02341321 0.2126765 -0.09069668 0.02313104 0.2570806 -0.09002364 0.02291864 0.2796091 -0.09452495 0.02336065 0.2823391 -0.08829323 0.02242609 0.3225583 -0.09294086 0.02291272 0.3211896 -0.09043677 0.02238353 0.3687349 -0.08591609 0.02191904 0.368788 -0.08863194 0.02214936 0.3981909 -0.08416112 0.02169031 0.3980809 -0.08213166 0.02158232 0.4291654 -0.0865433 0.02203528 0.4291553 -0.08303415 0.02198624 0.4760624 -0.07872844 0.02154416 0.4760944 -0.07681186 0.02134863 0.4997572 -0.07999012 0.02158664 0.5116118 -0.07579472 0.02115583 0.511611 -0.07502072 0.02095879 0.5203688 -0.07743282 0.02081319 0.5383192 -0.07390879 0.02060799 0.532333 -0.07333279 0.02039215 0.5383192 -0.0727435 0.02014678 0.5443107 -0.07213975 0.01986982 0.5503049 -0.07423304 0.01924238 0.5683144 -0.07089053 0.01921478 0.5623054 -0.0702426 0.01883254 0.5683144 -0.06957924 0.01841158 0.5743261 -0.07118902 0.01717612 0.5940671 -0.06819947 0.01745108 0.5863668 -0.06719522 0.0167138 0.5947527 -0.06695202 0.01450538 0.6224931 -0.07070389 0.01485179 0.6224931 -0.06825747 0.01524211 0.6145852 -0.06443344 0.01481858 0.6149884 -0.07405071 0.0137709 0.7168899 -0.07628194 0.01335698 0.710601 -0.0709463 0.01404091 0.7173576 -0.05989101 0.01259778 0.6404691 -0.05862076 0.01216457 0.6464351 -0.05725507 0.01178169 0.6523863 -0.05578825 0.01145737 0.6583202 -0.05421448 0.01119968 0.6642338 -0.05252527 0.0110164 0.6701274 -0.05071606 0.01091552 0.6759981 -0.04877724 0.01090504 0.6818447 -0.04670411 0.01099304 0.6876631 -0.04448842 0.01118752 0.6934546 -0.04212551 0.01149641 0.6992153 -0.04130646 0.01458475 0.7216607 -0.03872196 0.01440323 0.7216607 -0.03752805 0.01523267 0.7270106 -0.03507347 0.01506011 0.7270106 -0.03614171 0.01419275 0.7216607 -0.02484898 0.01622348 0.7372421 -0.01980462 0.01699701 0.7429325 -0.02225152 0.01710324 0.7424906 -0.02161727 0.01592763 0.7372794 -0.0175646 0.01661396 0.7421517 -0.003690747 0.01819037 0.7548935 0.02134223 0.01817102 0.7701236 -0.1213679 0.02528794 0 -0.1182212 0.02517522 0 -0.1230505 0.02536051 0.005977965 -0.1010414 0.02437329 0.09898363 -0.101275 0.02444506 0.1468038 -0.09662793 0.02401585 0.1470866 -0.09645128 0.0239617 0.1918743 -0.1004996 0.0242065 0.2337014 -0.09580552 0.02375938 0.2365538 -0.09523079 0.02357978 0.2600868 -0.09985659 0.02400721 0.2600602 -0.09748313 0.02332601 0.3220241 -0.09173566 0.02263001 0.3453736 -0.09628833 0.02305065 0.3453663 -0.08938563 0.02223272 0.3861868 -0.09230958 0.02249849 0.4100392 -0.08764466 0.02207288 0.4132014 -0.08424008 0.02203152 0.4613096 -0.08859931 0.02243257 0.4610993 -0.08207342 0.0219132 0.4878109 -0.08632312 0.02230568 0.4879039 -0.08105661 0.02178488 0.4996925 -0.08334751 0.0217708 0.5203688 -0.07918235 0.02138616 0.5203688 -0.078613 0.02122151 0.5263496 -0.0780289 0.02103111 0.532333 -0.08025924 0.02066176 0.5503049 -0.07682218 0.02056559 0.5443107 -0.07619841 0.02028655 0.5503049 -0.07555753 0.01997422 0.5563032 -0.07490377 0.01962678 0.5623054 -0.07678994 0.01871934 0.5803444 -0.07354559 0.01881885 0.5743261 -0.07284278 0.01835486 0.5803444 -0.0721191 0.01785356 0.5863668 -0.07498544 0.01321914 0.6523863 -0.07143334 0.01301122 0.6523863 -0.07325904 0.01287386 0.6583202 -0.06474801 0.01345073 0.6344883 -0.0635232 0.01297074 0.6404691 -0.06220742 0.01253289 0.6464351 -0.06079501 0.01214529 0.6523863 -0.05927613 0.01181553 0.6583202 -0.05764611 0.01155209 0.6642338 -0.05589674 0.01136257 0.6701274 -0.05402208 0.01125504 0.6759981 -0.05201367 0.01123744 0.6818447 -0.04986437 0.01131769 0.6876631 -0.0475698 0.01150385 0.6934546 -0.04213615 0.01378138 0.7161832 -0.04483713 0.0139713 0.7161832 -0.03674163 0.01331226 0.7161832 -0.03117416 0.01573228 0.7322129 -0.02794268 0.016731 0.7386142 -0.03348952 0.01589499 0.7322129 -0.02655028 0.01533012 0.7322129 -0.01419618 0.0173258 0.7466978 -0.00530924 0.01831309 0.7547053 0.01568764 0.01868197 0.767989 -0.0003106372 0.0187591 0.7589445 0.004949877 0.01893037 0.7623605 0.0102976 0.01891389 0.7653871 -0.1012034 0.02442298 0.1228077 -0.1058785 0.02481058 0.1290052 -0.1012222 0.0244297 0.1740835 -0.1009766 0.02435394 0.2038505 -0.1056904 0.02475306 0.1975113 -0.1050682 0.02456418 0.2367059 -0.09913563 0.02378634 0.2823669 -0.1037389 0.02416026 0.2825599 -0.09495791 0.02280073 0.3688213 -0.100374 0.02332857 0.3537561 -0.09388479 0.02264825 0.3861994 -0.0931087 0.02256288 0.3981881 -0.09799489 0.02296993 0.3921307 -0.09120245 0.02244736 0.4259656 -0.09563616 0.02280873 0.4258937 -0.08733297 0.02238345 0.4760676 -0.08527865 0.0221748 0.4997164 -0.08951964 0.02252081 0.4997031 -0.08417207 0.02197256 0.5116522 -0.08275806 0.02160448 0.5263496 -0.08215526 0.02141224 0.532333 -0.08153781 0.02119231 0.5383192 -0.08564641 0.02152736 0.5383192 -0.08090573 0.0209428 0.5443107 -0.07959691 0.02034735 0.5563032 -0.07822698 0.01961118 0.5683144 -0.08222454 0.01993719 0.5683144 -0.07892044 0.01999775 0.5623054 -0.07751682 0.0191855 0.5743261 -0.07604209 0.01821597 0.5863668 -0.0749392 0.01744773 0.5950222 -0.07881091 0.01774997 0.5951881 -0.07821531 0.01542219 0.6224931 -0.07955259 0.016105 0.6152783 -0.07577256 0.01584748 0.6151851 -0.07199518 0.0155482 0.6150798 -0.07808578 0.01407282 0.6404691 -0.0744412 0.01385937 0.6404691 -0.07659201 0.01362146 0.6464351 -0.0696034 0.01430811 0.6284954 -0.06842492 0.01379033 0.6344883 -0.06715866 0.01330658 0.6404691 -0.06579881 0.01286458 0.6464351 -0.06433824 0.01247249 0.6523863 -0.06276712 0.01213801 0.6583202 -0.06108102 0.01186929 0.6642338 -0.0592714 0.01167417 0.6701274 -0.05302904 0.01161001 0.6876631 -0.04754107 0.01412954 0.7161832 -0.04647755 0.01485579 0.7216607 -0.05024542 0.01425474 0.7161832 -0.04389113 0.01473619 0.7216607 -0.03943814 0.01356138 0.7161832 -0.03047222 0.01680509 0.7382118 -0.03580618 0.01603059 0.7322129 -0.02886157 0.01554355 0.7322129 -0.01175825 0.01813509 0.7512803 -0.006821331 0.01855365 0.7551905 -0.1057172 0.02476139 0.1023888 -0.1105517 0.02514434 0.1326673 -0.1059236 0.0248245 0.1528125 -0.1058543 0.02480371 0.1768175 -0.1104216 0.02510555 0.1887819 -0.1054549 0.0246817 0.2156188 -0.1101464 0.02502227 0.2127433 -0.1092632 0.02475642 0.2543244 -0.1044749 0.02438353 0.2601225 -0.1079634 0.02436915 0.2929166 -0.1016784 0.02360345 0.330001 -0.1060328 0.02387793 0.3339112 -0.09911731 0.02311264 0.374793 -0.1036413 0.02343081 0.374752 -0.09697097 0.02287497 0.4072409 -0.1014393 0.02318905 0.4072099 -0.09944162 0.02311169 0.4343499 -0.09294854 0.02278649 0.460994 -0.09164365 0.02273497 0.476022 -0.09541792 0.02300241 0.4819727 -0.09060108 0.02265481 0.4878809 -0.08838978 0.02231752 0.5115852 -0.09197693 0.02247784 0.5175727 -0.08751762 0.02211096 0.5203688 -0.08690817 0.02194289 0.5263496 -0.08628401 0.02174903 0.532333 -0.08908347 0.0215636 0.5443107 -0.08499296 0.02127599 0.5443107 -0.08839346 0.0212792 0.5503049 -0.08432504 0.02099336 0.5503049 -0.08364135 0.02067711 0.5563032 -0.0829407 0.02032575 0.5623054 -0.08546873 0.01978935 0.5743261 -0.08149157 0.01950982 0.5743261 -0.08469496 0.01931966 0.5803444 -0.0807406 0.01904157 0.5803444 -0.07996877 0.01853613 0.5863668 -0.08268102 0.01800957 0.5953384 -0.07445784 0.01515803 0.6224931 -0.07332255 0.01461139 0.6284954 -0.07210527 0.01409058 0.6344883 -0.07079885 0.01360338 0.6404691 -0.06939348 0.01315778 0.6464351 -0.06788339 0.01276162 0.6523863 -0.06626146 0.01242297 0.6583202 -0.06451913 0.01214969 0.6642338 -0.06264927 0.01194969 0.6701274 -0.06064349 0.01183081 0.6759981 -0.0628844 0.01338834 0.704937 -0.06221239 0.01387529 0.710601 -0.05295159 0.01434522 0.7161832 -0.05165551 0.01499434 0.7216607 -0.05565826 0.01439954 0.7161832 -0.04906565 0.01494235 0.7216607 -0.0453297 0.01321466 0.710601 -0.03319073 0.01683828 0.7376765 -0.03812445 0.01613787 0.7322129 -0.02701036 0.0163998 0.7372421 -0.00268754 0.01895245 0.7589445 0.003017223 0.01908742 0.7623599 0.008832387 0.01903302 0.7653873 -0.1349198 0.02544467 0 -0.1369748 0.0254461 0.005901244 -0.1149577 0.02534187 0.09446344 -0.1102718 0.0250597 0.09129941 -0.1151865 0.02540994 0.1288201 -0.115233 0.02542419 0.1528229 -0.1105553 0.02514571 0.1649119 -0.1149224 0.02533203 0.2038094 -0.1097104 0.02489075 0.2366533 -0.1144779 0.02520027 0.2306642 -0.1087653 0.02460593 0.2710068 -0.1128268 0.0247085 0.2870001 -0.1094839 0.02391586 0.3536872 -0.1049283 0.02364913 0.3536985 -0.1069889 0.02354922 0.3921527 -0.1024882 0.02328545 0.3922207 -0.1003766 0.02313201 0.4216971 -0.1045098 0.02338009 0.4258231 -0.09682665 0.02307905 0.466161 -0.1016753 0.02334698 0.4607053 -0.0943216 0.02289473 0.4937947 -0.09800106 0.02306729 0.4997117 -0.09317726 0.02272489 0.5056683 -0.095218 0.02247824 0.5263496 -0.09106141 0.02223488 0.5263496 -0.09455303 0.02228168 0.532333 -0.09041708 0.02203952 0.532333 -0.08975788 0.0218164 0.5383192 -0.09173709 0.02119863 0.5563032 -0.08768746 0.02096159 0.5563032 -0.09099196 0.02084431 0.5623054 -0.08696465 0.02060855 0.5623054 -0.08622578 0.02021847 0.5683144 -0.08783082 0.01904262 0.5863668 -0.08389767 0.01881238 0.5863668 -0.08656178 0.01822701 0.5954528 -0.08615512 0.01599811 0.6205574 -0.08333343 0.01631803 0.6153735 -0.08316502 0.01473602 0.6344883 -0.07947524 0.01456523 0.6344883 -0.0817327 0.01424147 0.6404691 -0.07704521 0.01487306 0.6284954 -0.07578913 0.01434954 0.6344883 -0.07299167 0.01341074 0.6464351 -0.06975916 0.0126689 0.6583202 -0.06796059 0.01239161 0.6642338 -0.06602914 0.01218729 0.6701274 -0.06395913 0.01206393 0.6759981 -0.06174063 0.01202913 0.6818447 -0.058367 0.01441658 0.7161832 -0.05939484 0.01385746 0.710601 -0.05657939 0.0138009 0.710601 -0.05122758 0.01292706 0.704937 -0.04813917 0.0134121 0.710601 -0.0424016 0.01632436 0.7327042 -0.03954278 0.01634603 0.733255 -0.02327826 0.01795949 0.7466978 -0.01473651 0.01827493 0.7509114 -0.009641113 0.01875021 0.7551846 0.02036494 0.01825093 0.7701236 -0.1249225 0.02538075 0 -0.1196965 0.02558251 0.1053505 -0.119859 0.02562994 0.1321194 -0.1197789 0.02560723 0.1829041 -0.1151632 0.02540346 0.17675 -0.1195349 0.02553514 0.2067198 -0.1138301 0.02500746 0.2571752 -0.118468 0.02522227 0.2571423 -0.1174054 0.02491115 0.2879827 -0.1105931 0.02414226 0.3342079 -0.1151443 0.02434713 0.3347987 -0.1126953 0.02390482 0.3748204 -0.1081707 0.02369617 0.374728 -0.1103845 0.02365761 0.4073097 -0.1059093 0.02345057 0.4072828 -0.1060398 0.02354825 0.4605734 -0.1002585 0.02329017 0.4760775 -0.1034411 0.02340465 0.487836 -0.1045829 0.02349033 0.4760251 -0.09916179 0.02320657 0.4878324 -0.1009915 0.02305233 0.5116452 -0.09679233 0.02285849 0.5116095 -0.095868 0.02264881 0.5203688 -0.09387286 0.02205736 0.5383192 -0.09653984 0.02170616 0.5503049 -0.09727346 0.0219928 0.5443107 -0.0931771 0.02180329 0.5443107 -0.09246534 0.0215176 0.5503049 -0.09022972 0.02045295 0.5683144 -0.09261118 0.01973446 0.5803444 -0.09343319 0.02020671 0.5743261 -0.08944971 0.02002239 0.5743261 -0.08865163 0.01955118 0.5803444 -0.08977571 0.01801093 0.5996058 -0.08197646 0.01564235 0.6224931 -0.08077021 0.01509115 0.6284954 -0.0194647 0.01537747 0.7627477 -0.02448218 0.01493883 0.7613398 -0.02020183 0.01593171 0.7623571 -0.07908947 0.01312994 0.710601 -0.08037317 0.01287002 0.704937 -0.07140421 0.01259322 0.6642338 -0.06941245 0.01238529 0.6701274 -0.06727675 0.01225809 0.6759981 -0.06498857 0.01221937 0.6818447 -0.06253807 0.01227681 0.6876631 -0.05991949 0.01243849 0.6934546 -0.05712435 0.01271234 0.6992153 -0.0541392 0.01309754 0.704937 -0.0509503 0.01357666 0.710601 -0.03514403 0.01746229 0.7416693 -0.0488234 0.01577868 0.7281955 -0.0399855 0.01537652 0.7270106 -0.02793676 0.01797062 0.74594 -0.02567947 0.01797789 0.7463091 -0.02091711 0.01854221 0.7510707 -0.01670581 0.01833478 0.7506115 0.01423394 0.01878934 0.7679867 -0.005088278 0.01909213 0.758943 0.001086057 0.01919998 0.7623601 0.007370855 0.01911807 0.7653873 -0.1448257 0.02520138 0 -0.1414752 0.02531779 0 -0.139407 0.02537163 0 -0.1323334 0.02548275 0.005954685 -0.1239929 0.02563307 0.07025676 -0.1194688 0.02551595 0.08173062 -0.1244756 0.02577299 0.123022 -0.1245513 0.02579515 0.1468783 -0.1198852 0.02563794 0.1588416 -0.1243324 0.02573243 0.1948177 -0.1191267 0.02541562 0.2306196 -0.1235006 0.02549147 0.2426188 -0.1227541 0.02527507 0.2681817 -0.1198286 0.02452083 0.3331003 -0.118589 0.02427666 0.3539199 -0.1140313 0.02412473 0.3538763 -0.1159877 0.02390698 0.3923171 -0.1114885 0.02375697 0.3922291 -0.1133951 0.02373401 0.4257917 -0.108947 0.02358538 0.4258349 -0.1104148 0.02369409 0.4604149 -0.1065019 0.02340641 0.4996855 -0.1077303 0.02354825 0.4878017 -0.1022442 0.02326345 0.4997247 -0.1000473 0.02284217 0.5203688 -0.1028325 0.02261152 0.5323332 -0.1035384 0.02280977 0.5263496 -0.09937723 0.02267065 0.5263496 -0.09869179 0.02247312 0.5323332 -0.09799059 0.02224768 0.5383192 -0.09905354 0.0211656 0.5623056 -0.09984372 0.02152176 0.5563032 -0.09578944 0.02138616 0.5563032 -0.09502176 0.02103079 0.5623054 -0.09423647 0.02063831 0.5683144 -0.09480167 0.01881598 0.5923919 -0.09570344 0.01935638 0.5863668 -0.09176614 0.01922462 0.5863668 -0.09088949 0.01868517 0.5923919 -0.09015436 0.01622707 0.6194575 -0.08685601 0.01485938 0.6344883 -0.08822651 0.01538819 0.6284954 -0.0844976 0.01526362 0.6284954 -0.08519624 0.01295898 0.6642338 -0.08727657 0.01324538 0.6583202 -0.0837712 0.01322338 0.6583202 -0.08019468 0.0137881 0.6464351 -0.07853987 0.01338362 0.6523863 -0.07676114 0.01303586 0.6583202 -0.07485 0.01275266 0.6642338 -0.0727979 0.01254201 0.6701274 -0.07059653 0.01241177 0.6759981 -0.0682386 0.01236961 0.6818447 -0.06571306 0.01242369 0.6876631 -0.06301263 0.01258161 0.6934546 -0.06013038 0.01285146 0.6992153 -0.05705275 0.01323234 0.704937 -0.05376457 0.0137069 0.710601 -0.05175623 0.01569763 0.7276847 -0.03766124 0.01739141 0.7412208 -0.0424444 0.01549035 0.7270106 -0.03055926 0.01805405 0.7466978 -0.02873869 0.01806837 0.7466978 -0.02416713 0.01853965 0.7510707 -0.01841909 0.01849373 0.7511248 -0.01248249 0.01888046 0.7551791 -0.1599316 0.02423762 0 -0.1288446 0.0257837 0.0876653 -0.1243037 0.02572371 0.09951034 -0.1291906 0.02588147 0.1348602 -0.1245093 0.02578331 0.1709476 -0.1291028 0.02585699 0.1827686 -0.1288502 0.02578467 0.2066333 -0.1240042 0.02563707 0.218688 -0.1279846 0.02553859 0.2485232 -0.1262535 0.02505346 0.2969045 -0.121737 0.02498979 0.2943616 -0.1236535 0.02445658 0.3460436 -0.1217597 0.0241473 0.3748299 -0.117222 0.02405546 0.3749241 -0.1193434 0.0238973 0.4072763 -0.1148647 0.02380761 0.4072355 -0.1147895 0.0237817 0.4602319 -0.113213 0.0237213 0.4760645 -0.1088936 0.0236345 0.4760672 -0.1094174 0.02327826 0.5116271 -0.1052082 0.02319393 0.5116187 -0.1042288 0.02298201 0.5203688 -0.1021103 0.02238553 0.5383192 -0.1046945 0.02192432 0.5503049 -0.1054717 0.02221209 0.5443107 -0.1013717 0.02212976 0.5443107 -0.1006164 0.02184248 0.5503049 -0.09824531 0.02077231 0.5683144 -0.1005359 0.01994638 0.5803444 -0.1014054 0.02042007 0.5743261 -0.09741849 0.02033999 0.5743261 -0.09657289 0.01986694 0.5803444 -0.09756498 0.01821221 0.5996899 -0.09370063 0.01814565 0.5995738 -0.09424023 0.01495675 0.6344883 -0.0956884 0.01548667 0.6284954 -0.09195709 0.01546315 0.6284954 -0.09078261 0.01321794 0.6583202 -0.09276975 0.01356842 0.6523863 -0.08921171 0.01359633 0.6523863 -0.08538209 0.01436354 0.6404691 -0.08379839 0.01390866 0.6464351 -0.0820967 0.01350258 0.6523863 -0.08026556 0.01315298 0.6583202 -0.07829811 0.01286802 0.6642338 -0.07618569 0.0126553 0.6701274 -0.07391848 0.01252281 0.6759981 -0.0714895 0.01247833 0.6818447 -0.06610794 0.01268514 0.6934546 -0.06313839 0.01295194 0.6992153 -0.05996821 0.01332986 0.704937 -0.04490377 0.01557244 0.7270106 -0.03237984 0.01801349 0.7466978 -0.02579259 0.01850333 0.7510707 0.01325314 0.0188347 0.7679868 -0.007463656 0.01917109 0.758943 -0.0008430535 0.01926397 0.7623597 0.005912604 0.01916638 0.7653873 -0.1537784 0.02471794 0 -0.1507141 0.0249117 0 -0.1334047 0.02578451 0.07861643 -0.1290617 0.02584483 0.1111365 -0.1336746 0.02586131 0.105391 -0.1338801 0.02591859 0.1530178 -0.1292119 0.02588755 0.1588892 -0.1335873 0.02583626 0.2006899 -0.1284279 0.02566483 0.230554 -0.1332058 0.02572892 0.2245583 -0.1273885 0.02536795 0.2681911 -0.1321006 0.02541907 0.2658165 -0.1279973 0.02444522 0.34959 -0.1250151 0.02402745 0.3920837 -0.1204994 0.0239981 0.3922168 -0.1222988 0.02385161 0.4255846 -0.1178468 0.02382345 0.4256659 -0.119173 0.02380929 0.4600364 -0.1120173 0.02363442 0.4877994 -0.1149973 0.02351841 0.4997012 -0.1162965 0.02366113 0.4878367 -0.1107453 0.02349145 0.4997069 -0.1084118 0.023066 0.5203688 -0.1111178 0.02272081 0.5323332 -0.1118648 0.02291953 0.5263496 -0.1077014 0.02289329 0.5263496 -0.1069747 0.02269473 0.5323332 -0.1062316 0.02246833 0.5383192 -0.1071207 0.02127191 0.5623056 -0.1079562 0.02162872 0.5563032 -0.1038996 0.02160311 0.5563032 -0.1030868 0.02124656 0.5623056 -0.1022554 0.02085287 0.5683144 -0.1026297 0.01891918 0.5923919 -0.1035817 0.01946022 0.5863668 -0.09964219 0.01943534 0.5863668 -0.09871546 0.01889462 0.5923919 -0.0974417 0.01620451 0.6207537 -0.09389759 0.01628444 0.6196513 -0.09054757 0.01493354 0.6344883 -0.08903307 0.01443682 0.6404691 -0.08740474 0.01398098 0.6464351 -0.08565328 0.01357385 0.6523863 -0.08174726 0.01293722 0.6642338 -0.07957444 0.01272338 0.6701274 -0.07724147 0.01258953 0.6759981 -0.07474264 0.0125437 0.6818447 -0.06129974 0.01493554 0.7225448 -0.05837835 0.01507515 0.7229293 -0.0473842 0.01667149 0.7365349 -0.04475705 0.01680596 0.7369777 -0.04736475 0.01562195 0.7270106 -0.03856765 0.01745205 0.742078 -0.01531115 0.01893637 0.7551756 0.01926983 0.01828598 0.7701238 -0.1382814 0.02580867 0.09894883 -0.1338299 0.02590451 0.1290867 -0.1384841 0.02586475 0.1261274 -0.138468 0.02586099 0.1768939 -0.1338083 0.02589771 0.1767796 -0.1382484 0.02579978 0.2006542 -0.1327136 0.02559123 0.2455689 -0.1369355 0.02543643 0.2600445 -0.1374397 0.02557675 0.2424781 -0.1360817 0.02520322 0.2831291 -0.1310007 0.02511074 0.2946068 -0.1327221 0.02443498 0.3473091 -0.1308249 0.02413978 0.3748912 -0.1262932 0.02417553 0.3748691 -0.1283002 0.02388993 0.407344 -0.123823 0.02392562 0.4072587 -0.1235565 0.02377529 0.4598165 -0.1218587 0.02371514 0.476011 -0.1175419 0.02374897 0.4760013 -0.1178454 0.02327218 0.5116181 -0.113627 0.02330458 0.5116413 -0.1125956 0.02309232 0.5203688 -0.1136729 0.02220569 0.5443107 -0.1144755 0.02246184 0.5383192 -0.1103536 0.02249424 0.5383192 -0.1095723 0.02223785 0.5443107 -0.1087733 0.02195 0.5503049 -0.1062664 0.02087808 0.5683144 -0.1084635 0.0199403 0.5803444 -0.1093805 0.02041375 0.5743261 -0.105393 0.02044511 0.5743261 -0.1044998 0.01997135 0.5803444 -0.1051575 0.01811317 0.6006676 -0.1013393 0.01817886 0.6002979 -0.09941955 0.01545748 0.6284954 -0.101199 0.01616635 0.6208404 -0.09632713 0.01348897 0.6523863 -0.09822329 0.01389506 0.6464351 -0.09461759 0.01397546 0.6464351 -0.09268422 0.01445979 0.6404691 -0.09101117 0.0140037 0.6464351 -0.03139656 0.01505267 0.7589372 -0.02946174 0.01447722 0.7598419 -0.03440225 0.01399251 0.7582554 -0.08296294 0.01274458 0.6701274 -0.08056549 0.01261042 0.6759981 -0.07799547 0.01256418 0.6818447 -0.07524432 0.01261362 0.6876631 -0.07230094 0.01276682 0.6934546 -0.06919108 0.01409634 0.7161832 -0.06441736 0.01473562 0.7219833 -0.05727083 0.01578403 0.7317481 -0.05436473 0.01600219 0.7322129 -0.05424464 0.01501066 0.7216607 -0.04056735 0.0173782 0.742078 -0.03419914 0.01794646 0.7466978 -0.02254288 0.01855237 0.7510707 0.01227161 0.01885446 0.7679868 -0.009850874 0.0191859 0.758943 -0.002775781 0.01927591 0.7623595 0.004448593 0.01917526 0.7653871 -0.1484012 0.02503778 0 -0.1427186 0.02564483 0.07880067 -0.1380189 0.02573675 0.07540209 -0.1429971 0.02572076 0.1053504 -0.1432102 0.02577795 0.1528337 -0.1385441 0.02588203 0.152929 -0.1429046 0.02569555 0.2007667 -0.1378572 0.02569203 0.2246375 -0.1425115 0.02558867 0.2245702 -0.141569 0.02533234 0.2601239 -0.1395841 0.02481466 0.3076161 -0.13507 0.02494258 0.3055294 -0.1373361 0.02434538 0.3463814 -0.1339841 0.02388441 0.3927347 -0.1295187 0.02399153 0.3921709 -0.1311389 0.0237149 0.4262981 -0.1267472 0.02381681 0.4255423 -0.1278232 0.02367617 0.4605388 -0.1205901 0.02362802 0.4877947 -0.1234937 0.02339025 0.4997164 -0.1248759 0.02353265 0.4877857 -0.1192438 0.02348482 0.499723 -0.1167792 0.02305961 0.5203688 -0.1194027 0.02259585 0.5323332 -0.120191 0.02279401 0.5263496 -0.1160285 0.02288689 0.5263496 -0.1152607 0.02268832 0.5323332 -0.112852 0.02191808 0.5503049 -0.1151877 0.02115047 0.5623056 -0.1160683 0.02150639 0.5563032 -0.1120128 0.0215968 0.5563032 -0.1111546 0.02124032 0.5623056 -0.1102773 0.02084663 0.5683144 -0.1104575 0.01880117 0.5923919 -0.1114596 0.01934142 0.5863668 -0.1075212 0.01942926 0.5863668 -0.1065441 0.01888846 0.5923919 -0.1050506 0.01611379 0.6204993 -0.1018274 0.01376217 0.6464351 -0.1036349 0.01421538 0.6404691 -0.09998595 0.01434978 0.6404691 -0.09793306 0.01492778 0.6344883 -0.0963356 0.01443123 0.6404691 -0.09428631 0.01177273 0.6876631 -0.09424783 0.01196545 0.6818447 -0.09111884 0.01202889 0.6876631 -0.0886465 0.01293186 0.6642338 -0.0863513 0.01271802 0.6701274 -0.08388935 0.01258442 0.6759981 -0.08124933 0.01253866 0.6818447 -0.07842155 0.01258873 0.6876631 -0.07539753 0.0127425 0.6934546 -0.07216734 0.01300778 0.6992153 -0.06871907 0.01338386 0.704937 -0.06502792 0.01385321 0.710601 -0.06107358 0.0143953 0.7161832 -0.05683427 0.01499026 0.7216607 -0.04456473 0.01714396 0.742078 -0.04867364 0.01665196 0.7372421 -0.04256728 0.01727564 0.742078 -0.03601715 0.01785301 0.7466978 -0.01814565 0.01891374 0.755172 -0.1682043 0.02339033 0 -0.1640529 0.02384906 0 -0.1475974 0.02553298 0.09890954 -0.1431583 0.02576395 0.1290497 -0.147786 0.02558403 0.12316 -0.147824 0.02559427 0.1708484 -0.1431333 0.0257573 0.1767104 -0.1472786 0.02544834 0.2186555 -0.1420897 0.02547339 0.2424419 -0.1467337 0.02530274 0.2426247 -0.1407106 0.02510034 0.2831008 -0.145569 0.02499122 0.2774363 -0.1414872 0.02409825 0.3530336 -0.1357757 0.02409465 0.3692138 -0.1374956 0.02363913 0.4045689 -0.1325372 0.02377641 0.4101648 -0.1304957 0.02345985 0.4760025 -0.1261818 0.02361889 0.4759873 -0.1262695 0.02302368 0.5115964 -0.1220535 0.02317817 0.5116255 -0.120962 0.02296625 0.5203688 -0.1218703 0.02196327 0.5443107 -0.1227159 0.02221816 0.5383192 -0.1185966 0.02237 0.5383192 -0.1177725 0.0221144 0.5443107 -0.1169298 0.02182704 0.5503049 -0.1173521 0.02017807 0.5743261 -0.1182957 0.02060944 0.5683144 -0.1142873 0.02075718 0.5683144 -0.1133672 0.02032487 0.5743261 -0.1124264 0.01985191 0.5803444 -0.1128061 0.01782573 0.6012715 -0.1091488 0.01808501 0.6000445 -0.1068788 0.01523683 0.6284954 -0.1086927 0.01592003 0.62108 -0.10315 0.01537419 0.6284954 -0.1016249 0.01484547 0.6344883 -0.09898779 0.01255089 0.6642338 -0.09651121 0.01234385 0.6701274 -0.09989291 0.01212097 0.6701274 -0.09428775 0.01313978 0.6583202 -0.09209526 0.0128549 0.6642338 -0.08973996 0.0126425 0.6701274 -0.08721161 0.01251025 0.6759981 -0.08450168 0.01246609 0.6818447 -0.08159853 0.01251785 0.6876631 -0.0784938 0.01267346 0.6934546 -0.07517745 0.01294066 0.6992153 -0.07163494 0.01331882 0.704937 -0.06784428 0.01379033 0.710601 -0.06378096 0.0143349 0.7161832 -0.0508383 0.01650932 0.7372421 -0.04655963 0.01698252 0.742078 -0.03066167 0.01825325 0.7510707 -0.02381826 0.01862182 0.7551674 -0.01343865 0.01907989 0.7589411 -0.02097695 0.01880917 0.7551693 0.01128873 0.01884694 0.7679867 -0.01165449 0.01915006 0.7589372 -0.004226351 0.01924702 0.7623571 0.002986903 0.01914245 0.7653867 -0.1573327 0.02445498 0 -0.1519794 0.02522243 0.07536449 -0.1473276 0.02546131 0.07537905 -0.152254 0.02529434 0.09905114 -0.1478668 0.02560586 0.1471015 -0.1525321 0.02536787 0.1501066 -0.1524497 0.02534643 0.1767072 -0.1476354 0.02554363 0.1947276 -0.1518096 0.02517835 0.224616 -0.1461955 0.02515842 0.2602563 -0.1508302 0.02492034 0.2602604 -0.1501904 0.02475339 0.2774734 -0.1444441 0.02470618 0.3025354 -0.1490365 0.02446627 0.302821 -0.1457098 0.02380802 0.357975 -0.1394356 0.02381681 0.3808171 -0.1434755 0.02353369 0.3868078 -0.1417376 0.0233957 0.4072612 -0.1400591 0.02332361 0.4258866 -0.1356005 0.02355138 0.4261008 -0.1321853 0.02351569 0.4605057 -0.1365559 0.02329209 0.4603786 -0.1291567 0.02337473 0.4878033 -0.1334313 0.02315481 0.4878342 -0.1319899 0.02301617 0.4996933 -0.1277449 0.02323416 0.4996926 -0.125143 0.02281217 0.5203688 -0.1243519 0.02264073 0.5263496 -0.1276805 0.02223088 0.5323332 -0.1285099 0.0224272 0.5263496 -0.1235429 0.02244336 0.5323332 -0.121006 0.02167688 0.5503049 -0.1241735 0.02114896 0.5563032 -0.1201222 0.02135704 0.5563032 -0.1232477 0.02079487 0.5623056 -0.1192189 0.02100192 0.5623056 -0.1163875 0.01970598 0.5803444 -0.119331 0.0189943 0.5863668 -0.1153965 0.01919646 0.5863668 -0.1182786 0.01845622 0.5923919 -0.1143693 0.01865701 0.5923919 -0.1124188 0.01570988 0.6212558 -0.1053153 0.01470946 0.6344883 -0.1072814 0.0140281 0.6404691 -0.1096644 0.01471427 0.6321829 -0.1034365 0.01317554 0.6523863 -0.1012928 0.01283082 0.6583202 -0.1047913 0.01260025 0.6583202 -0.09988291 0.01335802 0.6523863 -0.09779138 0.01301066 0.6583202 -0.09554264 0.01272794 0.6642338 -0.09312654 0.01251769 0.6701274 -0.09053324 0.01238785 0.6759981 -0.08775242 0.01234633 0.6818447 -0.08477392 0.01240081 0.6876631 -0.08158829 0.01255937 0.6934546 -0.0781845 0.0128297 0.6992153 -0.07454904 0.01321146 0.704937 -0.07065878 0.01368658 0.710601 -0.0664877 0.01423523 0.7161832 -0.0529992 0.0163346 0.7372421 -0.04855213 0.01679044 0.742078 -0.03228135 0.0181223 0.7510707 -0.02593116 0.01842406 0.755163 -0.02741668 0.01844358 0.7510707 -0.005670603 0.01919022 0.7623589 -0.1770871 0.02219472 0 -0.1524434 0.02534458 0.1229745 -0.1570954 0.02503827 0.1231624 -0.1571358 0.02504818 0.1708916 -0.1522149 0.02528507 0.200751 -0.1560203 0.02475914 0.2425208 -0.1512878 0.02504219 0.2455392 -0.1547734 0.02443978 0.2782117 -0.1528462 0.02398745 0.3173765 -0.1475275 0.02319776 0.3921377 -0.1445186 0.02303145 0.4256403 -0.1391309 0.02295472 0.4759336 -0.134821 0.02323865 0.4759361 -0.1346797 0.0225308 0.5115958 -0.1304784 0.02280785 0.511585 -0.1293213 0.02259769 0.5203688 -0.1309457 0.02173568 0.5383192 -0.1268326 0.0220068 0.5383192 -0.1259656 0.02175303 0.5443107 -0.1250795 0.02146775 0.5503049 -0.1223015 0.02040383 0.5683144 -0.1263038 0.02014006 0.5683144 -0.1213345 0.01997359 0.5743261 -0.1203462 0.0195027 0.5803444 -0.1217847 0.01798716 0.5947076 -0.1166253 0.01760021 0.60155 -0.1151561 0.01506667 0.6254811 -0.1090279 0.0133401 0.6464351 -0.106987 0.01294146 0.6523863 -0.1105336 0.01265466 0.6523863 -0.1054293 0.0135773 0.6464351 -0.09385247 0.01221745 0.6759981 -0.09100164 0.01217945 0.6818447 -0.08794763 0.01223785 0.6876631 -0.0846812 0.01240049 0.6934546 -0.0811911 0.01267546 0.6992153 -0.07746266 0.01306186 0.704937 -0.07347128 0.01354218 0.710601 -0.05054094 0.01656637 0.742078 -0.0551565 0.01612652 0.7372421 -0.0273386 0.01826541 0.755163 -0.0338997 0.01796637 0.7510707 -0.02903926 0.01836013 0.7510707 0.01030312 0.01881069 0.7679865 0.01816037 0.01824974 0.7701233 0.001533291 0.01906773 0.7653874 -0.1566248 0.02491594 0.07530193 -0.1569045 0.02498858 0.09928556 -0.1615496 0.02461258 0.09919315 -0.1618298 0.02468443 0.1529913 -0.157179 0.02506002 0.1470327 -0.1617501 0.0246637 0.176801 -0.1569428 0.02499819 0.1946642 -0.1565773 0.02490362 0.2185758 -0.1610948 0.02449698 0.2246098 -0.1553613 0.02458985 0.2631423 -0.1540129 0.02425178 0.2952237 -0.1543355 0.02307657 0.3640826 -0.1506371 0.0235753 0.3522054 -0.1489234 0.02333857 0.3751461 -0.1462097 0.02310121 0.4072306 -0.1504093 0.02272745 0.4100879 -0.1452742 0.02265376 0.4602225 -0.1409163 0.02300536 0.4603066 -0.1419897 0.02252784 0.4877756 -0.1377129 0.02287321 0.4878049 -0.1362261 0.02273656 0.4997163 -0.1376662 0.02198513 0.5203688 -0.133496 0.02232248 0.5203688 -0.1326646 0.02215337 0.5263496 -0.1318146 0.02195848 0.5323332 -0.1300575 0.02148336 0.5443107 -0.1322648 0.02055519 0.5563032 -0.1291494 0.02119944 0.5503049 -0.1282215 0.02088216 0.5563032 -0.127273 0.02052967 0.5623056 -0.1253134 0.01971126 0.5743261 -0.1271886 0.01841766 0.5863668 -0.1243014 0.01924198 0.5803444 -0.123262 0.01873526 0.5863668 -0.1233597 0.01657396 0.6063468 -0.119633 0.01694292 0.6057456 -0.1163689 0.01397946 0.6344883 -0.1126881 0.01427714 0.6344883 -0.1109248 0.01378786 0.6404691 -0.100729 0.01139113 0.6818447 -0.1039618 0.01102696 0.6818447 -0.1037901 0.01141209 0.6759981 -0.1024301 0.01232409 0.6642338 -0.09027012 0.01176601 0.710601 -0.09701706 0.01081176 0.7058865 -0.09486 0.01122232 0.704937 -0.09716905 0.01199881 0.6759981 -0.08777106 0.01219689 0.6934546 -0.08419463 0.01247745 0.6992153 -0.05946197 0.01560403 0.7372421 -0.05252616 0.01630803 0.742078 -0.05450657 0.01601316 0.742078 -0.05731163 0.0158838 0.7372421 -0.02874325 0.01808261 0.755163 -0.02063335 0.0183775 0.7589388 -0.03783517 0.01773341 0.7466978 -0.01583299 0.01892197 0.7589407 -0.007618377 0.01906189 0.7623583 -0.1859446 0.02065614 0 -0.161266 0.02454082 0.07536321 -0.1617669 0.0246673 0.1262399 -0.1663632 0.02420961 0.1200251 -0.1664531 0.02423122 0.1647986 -0.1615104 0.02460306 0.2007249 -0.1659608 0.02410922 0.2126931 -0.160478 0.02434034 0.2484969 -0.165437 0.02397897 0.2366242 -0.1597674 0.02416066 0.2689678 -0.1589031 0.02394633 0.2893229 -0.1634994 0.02350161 0.2894386 -0.1576198 0.0236545 0.3142159 -0.1585513 0.02260657 0.3677892 -0.1519681 0.02282713 0.3928226 -0.1564448 0.02239385 0.3929426 -0.1489726 0.02267305 0.425423 -0.1434288 0.02260641 0.4759822 -0.1484459 0.02221409 0.4700668 -0.1404725 0.02239448 0.4996642 -0.1393134 0.02225009 0.5084166 -0.1438906 0.02189617 0.5056647 -0.138499 0.02212865 0.514392 -0.1368147 0.02181775 0.5263496 -0.1350543 0.02140335 0.5383192 -0.1391573 0.02100792 0.5383192 -0.1359441 0.02162448 0.5323332 -0.1341447 0.02115279 0.5443107 -0.133215 0.02087055 0.5503049 -0.1312939 0.02020447 0.5623056 -0.1292882 0.0193899 0.5743261 -0.1332574 0.01900733 0.5743261 -0.1303018 0.01981662 0.5683144 -0.1282523 0.01892245 0.5803444 -0.1256646 0.01766764 0.5947584 -0.1288043 0.01695428 0.5984183 -0.1185406 0.01465171 0.6267528 -0.1222032 0.01427074 0.6269931 -0.1126228 0.0130493 0.6464351 -0.1162128 0.0127033 0.6464351 -0.1145643 0.01349353 0.6404691 -0.110012 0.01114336 0.6701274 -0.1093023 0.01171513 0.6642338 -0.1066442 0.01152265 0.6701274 -0.1082859 0.01231761 0.6583202 -0.1058685 0.01204609 0.6642338 -0.1032708 0.01184785 0.6701274 -0.1004817 0.01173089 0.6759981 -0.09749058 0.01170329 0.6818447 -0.03930501 0.01348466 0.7565777 -0.04417714 0.01294674 0.7548221 -0.04222319 0.01404426 0.755163 -0.09085788 0.01194721 0.6934546 -0.08719514 0.01223481 0.6992153 -0.08328055 0.0126349 0.704937 -0.04665923 0.01556931 0.7510707 -0.05575809 0.01472643 0.7466978 -0.05400624 0.01522611 0.7466978 -0.06040213 0.01487146 0.742078 -0.05844572 0.01529931 0.742078 -0.05223991 0.01566643 0.7466978 -0.0616063 0.01528459 0.7372421 -0.05647971 0.01567812 0.742078 -0.06002326 0.01554444 0.731331 -0.02236953 0.01808885 0.7589372 -0.03014526 0.0178738 0.755163 -0.03964925 0.01758652 0.7466978 -0.01824166 0.01868981 0.7589393 0.009322071 0.01874613 0.7679865 7.159939e-05 0.01894966 0.7653873 -0.1659 0.02409409 0.07532857 -0.1661879 0.02416586 0.09927178 -0.1708543 0.02365266 0.1024593 -0.166462 0.02423393 0.1409588 -0.1711102 0.02371474 0.1529023 -0.1662952 0.02419145 0.188696 -0.1710257 0.02369441 0.1768092 -0.1703516 0.02352985 0.2245804 -0.1649048 0.0238465 0.2543657 -0.1643811 0.02371585 0.268987 -0.1677972 0.0229168 0.2954239 -0.1620395 0.02317209 0.3174745 -0.154858 0.02229744 0.4101806 -0.1593144 0.02179743 0.4100496 -0.1535467 0.02225401 0.4235963 -0.1502646 0.02223625 0.4547765 -0.1546561 0.02174624 0.4544001 -0.1469946 0.02216016 0.4819195 -0.1454737 0.02205896 0.4938069 -0.1497248 0.02158152 0.4937562 -0.1426831 0.02172544 0.514392 -0.1409592 0.02141832 0.5263496 -0.1450966 0.02095223 0.5263496 -0.1418308 0.02158392 0.5203688 -0.1400681 0.02122703 0.5323332 -0.1382265 0.02075943 0.5443107 -0.1363028 0.02016607 0.5563032 -0.140334 0.01971182 0.5563032 -0.1372752 0.02047935 0.5503049 -0.1353094 0.01981751 0.5623056 -0.1342942 0.0194319 0.5683144 -0.1311099 0.01803972 0.5863668 -0.1350249 0.01759876 0.5863668 -0.132198 0.01854213 0.5803444 -0.1299825 0.0175078 0.5923919 -0.1270765 0.01615035 0.6069103 -0.1189828 0.01332538 0.6380805 -0.122609 0.01290978 0.6381404 -0.1161513 0.01088376 0.6642338 -0.1152597 0.01158881 0.6583202 -0.1127304 0.01132897 0.6642338 -0.1140753 0.01231337 0.6523863 -0.1117756 0.01198129 0.6583202 -0.09744946 0.01146793 0.6876631 -0.09394039 0.01165017 0.6934546 -0.09019084 0.01194601 0.6992153 -0.08618352 0.01235505 0.704937 -0.08189246 0.01285978 0.710601 -0.07721794 0.01345233 0.7164025 -0.06702251 0.01475002 0.7270106 -0.06130382 0.01543979 0.7322129 -0.03293376 0.0173686 0.755163 -0.03154208 0.01763669 0.755163 -0.02354538 0.01786237 0.7589372 -0.04146206 0.01741189 0.7466978 -0.009556952 0.0188747 0.7623582 -0.01149001 0.01862245 0.7623578 0.008331103 0.01865062 0.7679864 -0.1700617 0.02345857 0.04477521 -0.1705292 0.02357313 0.07543104 -0.1753444 0.02301976 0.09053636 -0.1710541 0.02370082 0.1289909 -0.1756026 0.02308145 0.1171332 -0.175711 0.02310745 0.1648636 -0.1707821 0.02363442 0.2006722 -0.1752067 0.02298705 0.2126905 -0.1697128 0.02337457 0.2485585 -0.1746705 0.02285849 0.2366022 -0.1688795 0.02317114 0.2717365 -0.1729552 0.02245057 0.2836245 -0.1663047 0.02259864 0.3224057 -0.1630383 0.02209416 0.3681644 -0.1609213 0.02188936 0.3929549 -0.1653905 0.02130831 0.3929283 -0.1579819 0.02175632 0.4234506 -0.1527591 0.02172863 0.4700484 -0.1570541 0.0211692 0.470077 -0.1512822 0.02167856 0.4818567 -0.1480968 0.02142256 0.5056612 -0.1522986 0.02087695 0.5056318 -0.1468603 0.02125488 0.514392 -0.1459883 0.02111551 0.5203688 -0.1441852 0.02076326 0.5323332 -0.1423015 0.02030038 0.5443107 -0.1463678 0.01977119 0.5443107 -0.1432536 0.02054656 0.5383192 -0.1413283 0.02002278 0.5503049 -0.139318 0.0193659 0.5623056 -0.13722 0.01856094 0.5743261 -0.1411742 0.01804645 0.5743261 -0.1382801 0.01898285 0.5683144 -0.1361369 0.01809845 0.5803444 -0.1338724 0.01706956 0.5923919 -0.130791 0.01567035 0.6074232 -0.1360676 0.01580627 0.6006882 -0.1326682 0.016519 0.5984183 -0.1258431 0.01382778 0.627266 -0.1279997 0.01289146 0.6325438 -0.1222041 0.01061976 0.6583202 -0.1211398 0.01145593 0.6523863 -0.1187363 0.0111364 0.6583202 -0.1197967 0.01229961 0.6464351 -0.1176113 0.01191513 0.6523863 -0.1069016 0.01023384 0.6876631 -0.1031516 0.0104476 0.6934546 -0.1062046 0.009929435 0.6934546 -0.107093 0.01104 0.6759981 -0.0901822 0.01096832 0.7216607 -0.0959432 0.01018984 0.7161832 -0.09396414 0.0107532 0.7155897 -0.1006073 0.01111224 0.6876631 -0.09701777 0.01130353 0.6934546 -0.09318182 0.01160905 0.6992153 -0.08908251 0.01202849 0.704937 -0.08383992 0.01264714 0.7116808 -0.07013669 0.01439291 0.7264413 -0.06361032 0.01518011 0.7322129 -0.02471602 0.01760637 0.7589372 -0.03431786 0.01706573 0.755163 -0.04327104 0.01720804 0.7466978 -0.03551403 0.01778445 0.7510707 -0.002848021 0.0185675 0.7653874 -0.001388569 0.01878518 0.7653874 0.0171702 0.01815565 0.7701233 -0.1749745 0.02293105 0.06367496 -0.1800514 0.02235584 0.09924155 -0.175724 0.02310969 0.1409102 -0.1803473 0.02242504 0.1469067 -0.1755455 0.02306808 0.1888548 -0.179699 0.02227352 0.2186232 -0.1741233 0.02272761 0.2543656 -0.1736948 0.02262481 0.2661374 -0.1785081 0.02199416 0.2602265 -0.1717474 0.02218561 0.3071652 -0.1704765 0.02194144 0.3280418 -0.1675622 0.02150431 0.3682125 -0.1718766 0.02081952 0.3701517 -0.163753 0.02121984 0.41005 -0.16737 0.02053111 0.4181173 -0.162406 0.02118247 0.4233269 -0.1590232 0.02118144 0.4541473 -0.1633878 0.02053639 0.4538325 -0.1555504 0.02112336 0.4818468 -0.1539627 0.02103071 0.4937304 -0.1581819 0.02040183 0.4937474 -0.1510287 0.02071248 0.514392 -0.1492256 0.02041503 0.5263496 -0.1533437 0.01980143 0.5263496 -0.1501371 0.02057567 0.5203688 -0.1482937 0.02022855 0.5323332 -0.1473412 0.0200147 0.5383192 -0.1443567 0.01918838 0.5563032 -0.148369 0.01859061 0.5563032 -0.145373 0.01949639 0.5503049 -0.1433182 0.01884533 0.5623056 -0.1422575 0.01846525 0.5683144 -0.1400677 0.017587 0.5803444 -0.1377541 0.01656459 0.5923919 -0.1416257 0.01598764 0.5923919 -0.1389314 0.01709037 0.5863668 -0.1335382 0.01473962 0.6120133 -0.1372643 0.01416706 0.6121459 -0.125448 0.01226337 0.6404691 -0.1278388 0.01145977 0.6440399 -0.1233731 0.01183425 0.6464351 -0.1136133 0.009583353 0.6818447 -0.1136761 0.01012136 0.6759981 -0.1104058 0.01012776 0.6818447 -0.1133727 0.010706 0.6701274 -0.1103888 0.01061112 0.6759981 -0.1071879 0.01060712 0.6818447 -0.1037585 0.01070208 0.6876631 -0.1000887 0.010904 0.6934546 -0.09616657 0.01122073 0.6992153 -0.09197493 0.01165217 0.704937 -0.08704914 0.01223241 0.7112065 -0.0774825 0.01345297 0.7216607 -0.07190822 0.0141569 0.7270106 -0.06591225 0.01488059 0.7322129 -0.02702924 0.0169882 0.7589372 -0.02587763 0.01731685 0.7589372 -0.01666692 0.01749772 0.7623571 -0.04507633 0.01697309 0.7466978 -0.03712571 0.01757468 0.7510707 0.007368215 0.01852502 0.7679865 -0.1797521 0.02228576 0.07534545 -0.1845051 0.02154336 0.08723642 -0.1802555 0.02240377 0.1229512 -0.1849403 0.02164351 0.1588653 -0.1802975 0.02241417 0.1708347 -0.1800887 0.02236553 0.1947156 -0.1845121 0.02154528 0.2067169 -0.1792678 0.02217272 0.2364329 -0.1838506 0.02139456 0.2364618 -0.1789159 0.02209008 0.2483497 -0.1780362 0.02188464 0.2721315 -0.1820926 0.02099423 0.2836496 -0.1772432 0.02170472 0.2895826 -0.1759568 0.02143704 0.3131628 -0.1745034 0.02117703 0.3357157 -0.1698274 0.02064239 0.3931674 -0.1737038 0.01985574 0.3990272 -0.1656289 0.01980462 0.4700167 -0.1613462 0.02053023 0.4700621 -0.1598092 0.02048919 0.4818391 -0.1564844 0.02025334 0.5056306 -0.1606521 0.0195451 0.505658 -0.1551864 0.02009303 0.514392 -0.1542752 0.01995911 0.5203688 -0.1523914 0.01961806 0.5323332 -0.1544666 0.01848077 0.5443107 -0.1514183 0.01940727 0.5383192 -0.1504238 0.01916693 0.5443107 -0.1494075 0.01889534 0.5503049 -0.1473084 0.01825093 0.5623056 -0.1451184 0.01745877 0.5743261 -0.1490499 0.01679156 0.5743261 -0.1462248 0.01787429 0.5683144 -0.1439883 0.01700284 0.5803444 -0.1428279 0.01650987 0.5863668 -0.1398774 0.01522595 0.6007885 -0.1436895 0.01457186 0.6008419 -0.131839 0.01237969 0.6320683 -0.1352644 0.01170129 0.6327869 -0.1246592 0.0109316 0.6523863 -0.1281672 0.01033616 0.6523863 -0.1200659 0.009639513 0.6701274 -0.1202168 0.008936388 0.6759981 -0.123394 0.008998387 0.6701274 -0.1195632 0.01037544 0.6642338 -0.1167246 0.01020664 0.6701274 -0.09914371 0.0107772 0.6992153 -0.08041708 0.01302018 0.7213874 -0.07434248 0.01379426 0.7270106 -0.06820691 0.01453843 0.7322129 0.01096048 0.01707973 0.7694909 0.01468171 0.01743084 0.770123 0.01609868 0.01723405 0.7703284 -0.04687795 0.01670476 0.7466978 -0.03873365 0.01733517 0.7510707 -0.004295632 0.0182879 0.7653871 0.00543356 0.01814917 0.7679869 -0.184166 0.02146599 0.06357856 -0.1892231 0.02069416 0.09924979 -0.1847639 0.0216024 0.1110531 -0.1849168 0.02163759 0.1350058 -0.1895253 0.02076223 0.1469613 -0.1848137 0.02161424 0.1828075 -0.1894765 0.02075127 0.1708566 -0.1887239 0.02058326 0.224492 -0.1889745 0.0206396 0.2125565 -0.1841573 0.02146383 0.2244101 -0.183496 0.02131296 0.2483364 -0.1875233 0.02031519 0.2632376 -0.1829705 0.02119295 0.2632028 -0.1860252 0.01999062 0.2956536 -0.1808372 0.02073248 0.3074025 -0.1790881 0.0204135 0.3351276 -0.1829381 0.01945486 0.3438157 -0.175779 0.02000559 0.3766998 -0.1801465 0.0191411 0.3776208 -0.1758631 0.01893637 0.4208191 -0.1714418 0.01977943 0.421232 -0.1675998 0.01980678 0.4545279 -0.171924 0.01897806 0.4543364 -0.1640503 0.01976935 0.4818468 -0.166588 0.01887989 0.49372 -0.1682757 0.01895518 0.4818497 -0.1623837 0.01968782 0.4937757 -0.1593305 0.01938966 0.514392 -0.1584001 0.01925902 0.5203688 -0.1615374 0.01831701 0.5263496 -0.1625086 0.01846749 0.5203688 -0.1574488 0.01910478 0.5263496 -0.1564761 0.01892486 0.5323332 -0.1554822 0.01871742 0.5383192 -0.1534288 0.01821293 0.5503049 -0.1552471 0.01681268 0.5623056 -0.1563522 0.01714445 0.5563032 -0.1523685 0.01791181 0.5563032 -0.1512856 0.01757589 0.5623056 -0.1501795 0.01720309 0.5683144 -0.1478963 0.01633964 0.5803444 -0.149329 0.01459202 0.5923919 -0.1505806 0.01510539 0.5863668 -0.146712 0.01585067 0.5863668 -0.1454851 0.01533267 0.5923919 -0.1409585 0.01350082 0.6124364 -0.1431447 0.01223873 0.6183839 -0.132693 0.009795033 0.6499234 -0.1372227 0.01060248 0.6378499 -0.1313845 0.01084816 0.6441139 -0.126352 0.009145509 0.6642338 -0.1291037 0.009369831 0.6583202 -0.1256608 0.01003312 0.6583202 -0.1229645 0.009798235 0.6642338 -0.1169529 0.009565272 0.6759981 -0.1105062 0.008365423 0.6998344 -0.1080077 0.009060708 0.6992153 -0.1100346 0.009702073 0.6876631 -0.09267246 0.01025744 0.7216607 -0.08868307 0.0103488 0.7270106 -0.0951332 0.009445752 0.7216607 -0.1021112 0.01027352 0.6992153 -0.05380105 0.01180529 0.7510358 -0.05258696 0.01294242 0.7510707 -0.04901148 0.01238393 0.7529793 -0.08348814 0.01252161 0.720848 -0.07676849 0.0133825 0.7270106 -0.07049597 0.01415027 0.7322129 -0.06374352 0.0149217 0.7372421 0.0007360261 0.01666076 0.7675729 0.002929861 0.01715677 0.7679863 0.005840444 0.01688868 0.7685728 -0.04867341 0.01640004 0.7466978 -0.04033518 0.01706324 0.7510707 0.004482993 0.01787749 0.7679868 0.01547403 0.01779708 0.770123 -0.01340162 0.01829685 0.7623577 0.006406368 0.01836189 0.7679868 -0.1927988 0.01948454 0.03563298 -0.1889154 0.02062552 0.07532544 -0.1936318 0.01966686 0.08739714 -0.1894334 0.02074151 0.1231091 -0.1940523 0.0197587 0.1350697 -0.1940775 0.0197639 0.1589106 -0.1892629 0.02070351 0.1947191 -0.1937292 0.01968807 0.2005893 -0.1884203 0.02051479 0.2364074 -0.1925891 0.0194403 0.2485008 -0.1929588 0.01952047 0.2365163 -0.1880568 0.02043374 0.2483686 -0.1908501 0.0190667 0.2897371 -0.1916812 0.01924198 0.2721481 -0.186884 0.02017319 0.2782143 -0.184636 0.01972606 0.3192806 -0.189495 0.01880669 0.3135346 -0.1861928 0.01832838 0.3590293 -0.178101 0.01900446 0.3992001 -0.1831949 0.01807629 0.3922283 -0.1768571 0.01803013 0.4491507 -0.173305 0.01805125 0.4759731 -0.1749199 0.01805605 0.464086 -0.1698877 0.01898438 0.470008 -0.1685131 0.01779684 0.5084166 -0.1698687 0.01791253 0.4996423 -0.1648098 0.0187447 0.5056477 -0.1634586 0.01859429 0.514392 -0.1605448 0.01814093 0.5323332 -0.1624997 0.01682844 0.5443107 -0.1635572 0.01705652 0.5383192 -0.1595301 0.01793757 0.5383192 -0.1584936 0.01770501 0.5443107 -0.1574343 0.01744116 0.5503049 -0.1541183 0.0164442 0.5683144 -0.1556613 0.01474243 0.5803444 -0.1568615 0.01518474 0.5743261 -0.1529658 0.01603699 0.5743261 -0.1517888 0.01558963 0.5803444 -0.1480213 0.0140581 0.5984183 -0.148336 0.01192441 0.6128442 -0.1504167 0.01268626 0.6044421 -0.1460781 0.01328498 0.6069036 -0.144946 0.01083464 0.6251116 -0.1336966 0.008724946 0.6557786 -0.1234638 0.008225981 0.6759981 -0.123143 0.007485896 0.6818447 -0.1266887 0.007422376 0.6759981 -0.1162598 0.008421584 0.6876631 -0.1199863 0.008272463 0.6818447 -0.1168081 0.008967827 0.6818447 -0.1131552 0.009100869 0.6876631 -0.1092457 0.009343511 0.6934546 -0.1050671 0.009704073 0.6992153 -0.1003848 0.0101992 0.7053095 -0.0906706 0.01142329 0.7161832 -0.08513927 0.01214793 0.7216607 -0.07918532 0.01291682 0.7270106 -0.07277566 0.01371114 0.7322129 -0.06587377 0.01451162 0.7372421 -0.0504615 0.01605564 0.7466978 -0.04193191 0.0167558 0.7510707 0.01500411 0.01761516 0.7701232 0.01618467 0.01798941 0.7701233 -0.1932822 0.0195907 0.06355168 -0.1977978 0.01846541 0.06354392 -0.1938952 0.01972414 0.1110548 -0.1984183 0.01859701 0.1110606 -0.1986027 0.0186363 0.1589661 -0.1939477 0.01973558 0.182783 -0.1984709 0.01860829 0.1828082 -0.1935292 0.01964383 0.2124582 -0.1932742 0.01958846 0.2244171 -0.1977834 0.01846293 0.224586 -0.1921704 0.01934806 0.2602483 -0.1966681 0.01822581 0.2603284 -0.1939587 0.01769245 0.3136084 -0.1949816 0.01788037 0.2961837 -0.1879049 0.01854918 0.3370383 -0.1923357 0.01743884 0.3372549 -0.1870389 0.01695836 0.3975755 -0.1805547 0.01798813 0.4176478 -0.1846559 0.01691068 0.4196238 -0.1791402 0.01700396 0.4641013 -0.1716234 0.01800813 0.4878154 -0.1739899 0.01688492 0.4996573 -0.1757876 0.01697156 0.4877903 -0.1675653 0.01769588 0.514392 -0.1665959 0.01757317 0.5203688 -0.1656051 0.017427 0.5263496 -0.1686122 0.01625364 0.5323332 -0.1696448 0.01642036 0.5263496 -0.1645925 0.0172554 0.5323332 -0.1614191 0.0165694 0.5503049 -0.1603153 0.01627723 0.5563032 -0.1631021 0.01497499 0.5623056 -0.1642514 0.01529651 0.5563032 -0.159188 0.01595044 0.5623056 -0.1580368 0.01558684 0.5683144 -0.1544293 0.01426323 0.5863668 -0.1531531 0.01375538 0.5923919 -0.1555924 0.01228689 0.5984183 -0.1569512 0.01280898 0.5923919 -0.1518199 0.01322698 0.5984183 -0.1486453 0.009964395 0.624783 -0.1519928 0.0109856 0.6130209 -0.1383464 0.009364951 0.6444684 -0.1395513 0.008151581 0.6501788 -0.1447956 0.009036628 0.6365234 -0.1297223 0.008408143 0.6642338 -0.1299931 0.007454536 0.6701274 -0.1343544 0.007641417 0.661688 -0.1267048 0.008273982 0.6701274 -0.1066816 0.007822859 0.710601 -0.1118564 0.007138694 0.704937 -0.1045833 0.008618065 0.7100538 -0.1122712 0.008681586 0.6934546 -0.1034499 0.009558952 0.704937 -0.08766954 0.01159441 0.7216607 -0.08159045 0.01239081 0.7270106 -0.07504216 0.01321498 0.7322129 -0.06799202 0.01404802 0.7372421 -0.004348832 0.01639564 0.7664938 -0.009411511 0.01609363 0.7653287 -0.008729426 0.01664508 0.7653864 -0.04351992 0.01640836 0.7510707 -0.01479539 0.01799805 0.7623571 -0.2019529 0.01712124 0.0449393 -0.1981517 0.01854021 0.08733073 -0.2027794 0.01729221 0.09927667 -0.1985776 0.01863101 0.1350226 -0.2029986 0.01733717 0.1231364 -0.2030434 0.01734653 0.1708203 -0.1982517 0.01856158 0.2005219 -0.202524 0.01723957 0.2125213 -0.2027343 0.01728245 0.2004656 -0.1980437 0.01851781 0.2125861 -0.1974691 0.01839597 0.2365626 -0.1970981 0.01831693 0.2484836 -0.2015656 0.01704197 0.2484706 -0.1961784 0.01812157 0.2721395 -0.1956128 0.01800494 0.2841635 -0.2000576 0.01673443 0.2842302 -0.1975892 0.01630179 0.3255456 -0.1905324 0.01721812 0.3599929 -0.1938574 0.01587315 0.3718948 -0.1898424 0.01568275 0.4118386 -0.1811597 0.01696772 0.4488101 -0.1864798 0.0157322 0.4401307 -0.1775098 0.01700628 0.4758971 -0.1816695 0.01582027 0.4758664 -0.1726104 0.01677588 0.5084166 -0.1756859 0.01552571 0.514392 -0.1766711 0.01561667 0.5084166 -0.1716438 0.01667957 0.514392 -0.1706554 0.01656156 0.5203688 -0.1675568 0.01605988 0.5383192 -0.1664785 0.01583699 0.5443107 -0.169299 0.01446347 0.5503049 -0.1704217 0.01471138 0.5443107 -0.1653767 0.01558315 0.5503049 -0.1619286 0.01461699 0.5683144 -0.1607306 0.01422066 0.5743261 -0.1595073 0.01378394 0.5803444 -0.16204 0.01222937 0.5863668 -0.163319 0.01269594 0.5803444 -0.1582518 0.01331074 0.5863668 -0.1541624 0.01175281 0.6044421 -0.1546911 0.009638632 0.6164815 -0.1563326 0.01016336 0.6104645 -0.148145 0.007988381 0.6370548 -0.1376582 0.00668621 0.6617594 -0.1292033 0.005551002 0.6822159 -0.1242909 0.00666589 0.6849212 -0.1193431 0.007653258 0.6876631 -0.1182538 0.007082854 0.6934546 -0.1152758 0.00793286 0.6934546 -0.10112 0.008597825 0.7161832 -0.09754625 0.008508544 0.7216607 -0.1012971 0.009478791 0.710601 -0.058543 0.0112108 0.7489916 -0.06324016 0.0106004 0.7468468 -0.06239863 0.01178337 0.7466978 -0.08397768 0.01179585 0.7270106 -0.07729458 0.01265378 0.7322129 -0.07009468 0.01352385 0.7372421 -0.06234415 0.01438754 0.742078 -0.0450969 0.01601548 0.7510707 -0.03569195 0.01672324 0.755163 -0.01573507 0.01776365 0.7623571 -0.005707883 0.01793444 0.7653882 -0.2024623 0.01722668 0.07546953 -0.206697 0.01572899 0.06358824 -0.2073325 0.01585604 0.1111496 -0.2030942 0.01735701 0.1469754 -0.2075239 0.01589436 0.1526338 -0.2028903 0.01731493 0.1885875 -0.2073201 0.01585372 0.1885826 -0.2022592 0.01718517 0.2245958 -0.2063635 0.01566235 0.2364564 -0.2066843 0.01572652 0.2245192 -0.2019416 0.01711964 0.2365408 -0.2011304 0.01695188 0.2603362 -0.2052939 0.01544843 0.2662884 -0.2006322 0.01684941 0.2721717 -0.1994201 0.01661212 0.2962347 -0.1987193 0.01648628 0.3081709 -0.2023511 0.01492107 0.3197989 -0.2034678 0.01510419 0.3021108 -0.1958191 0.01606539 0.3491071 -0.2005985 0.01468379 0.3436562 -0.1952096 0.01429618 0.401706 -0.1849003 0.01577643 0.452395 -0.1833276 0.01580908 0.4640907 -0.1866333 0.01445882 0.4699504 -0.1882847 0.01442515 0.4581603 -0.1799127 0.01579532 0.4877684 -0.1780728 0.01571828 0.4996808 -0.1816651 0.01435867 0.5024439 -0.1830603 0.0144261 0.4937203 -0.1746786 0.01541322 0.5203688 -0.1736487 0.0152774 0.5263496 -0.1725962 0.01511643 0.5323332 -0.1754373 0.01363626 0.5383192 -0.1765328 0.01381778 0.5323332 -0.1715206 0.01492835 0.5383192 -0.1681522 0.0141829 0.5563032 -0.1669811 0.0138677 0.5623056 -0.1695969 0.01225873 0.5683144 -0.1708143 0.01260322 0.5623056 -0.1657858 0.01351602 0.5683144 -0.1645651 0.01312594 0.5743261 -0.1607153 0.01173449 0.5923919 -0.1593315 0.0112196 0.5984183 -0.1615433 0.009482952 0.6044421 -0.163026 0.0100008 0.5984183 -0.1578749 0.01069312 0.6044421 -0.1521505 0.008907427 0.6251131 -0.1536448 0.007244454 0.6313922 -0.1565165 0.00794662 0.6224931 -0.1433013 0.007211014 0.6494342 -0.1440481 0.005814044 0.6553822 -0.1492445 0.006430368 0.6433102 -0.1315016 0.006494529 0.6732831 -0.1380271 0.005481641 0.6673602 -0.1145745 0.006083085 0.704937 -0.1199439 0.006213646 0.6951629 -0.1138225 0.007506696 0.6992153 -0.09854699 0.009446552 0.7161832 -0.08634498 0.01112032 0.7270106 -0.07952676 0.01201673 0.7322129 -0.07217958 0.01292858 0.7372421 -0.06426936 0.01383802 0.742078 -0.03036558 0.01567011 0.7589372 -0.01936782 0.01643139 0.7623571 -0.03705499 0.01633435 0.755163 0.003551867 0.01751356 0.7679869 -0.2107204 0.01398386 0.04598387 -0.2070579 0.01580132 0.08733234 -0.2114783 0.0141305 0.0933211 -0.2074951 0.01588844 0.1349818 -0.2118617 0.01420459 0.1410043 -0.2074988 0.01588931 0.1646562 -0.2118165 0.01419594 0.1706516 -0.2074317 0.01587604 0.1766127 -0.2071607 0.01582187 0.2005184 -0.2069501 0.01577979 0.2124849 -0.211402 0.01411587 0.2065692 -0.2058768 0.01556523 0.2514935 -0.2100926 0.0138629 0.2544319 -0.2047504 0.01534115 0.2782584 -0.2041401 0.01522514 0.2902205 -0.2084464 0.01355185 0.2902493 -0.2061819 0.01319378 0.3261687 -0.1985985 0.01448419 0.3672169 -0.1992473 0.0126793 0.4027882 -0.1902974 0.01436059 0.4431105 -0.1848917 0.01446418 0.481812 -0.1897994 0.0129025 0.4758771 -0.1806838 0.01429306 0.5084166 -0.1796801 0.01420802 0.514392 -0.1835973 0.01268674 0.514392 -0.1786539 0.01410179 0.5203688 -0.177605 0.01397227 0.5263496 -0.1743181 0.01342594 0.5443107 -0.1731747 0.01318498 0.5503049 -0.1769755 0.01170881 0.5503049 -0.1720067 0.0129113 0.5563032 -0.1683541 0.01187601 0.5743261 -0.1670854 0.01145345 0.5803444 -0.1657834 0.01099448 0.5863668 -0.1694545 0.009568792 0.5863668 -0.1644349 0.01050752 0.5923919 -0.1599732 0.008962387 0.6104645 -0.1583022 0.008447423 0.6164815 -0.1618437 0.007072053 0.6164815 -0.1537382 0.005291959 0.6404691 -0.1411462 0.004243951 0.6674784 -0.1340577 0.004316272 0.6793475 -0.1259557 0.004813156 0.6910277 -0.09988836 0.007407256 0.7216607 -0.1036431 0.007617817 0.7161832 -0.06984693 0.01163457 0.742078 -0.07157165 0.01060248 0.742078 -0.07822235 0.01054224 0.7372421 -0.0817315 0.01128913 0.7322129 -0.07424063 0.01224897 0.7372421 -0.06617178 0.0132105 0.742078 -0.05748819 0.01415562 0.7466978 -0.04820332 0.01505987 0.7510707 -0.03840076 0.01589012 0.755163 -0.02816709 0.01661276 0.7589372 -0.01758868 0.01719404 0.7623571 -0.006752051 0.01760021 0.7653864 -0.2109934 0.01328658 0 -0.2149265 0.01200625 0.04600498 -0.2111328 0.01406362 0.06954628 -0.2117297 0.01417914 0.1171417 -0.2159467 0.01219625 0.1171573 -0.2118627 0.01420483 0.1586945 -0.2160809 0.01222129 0.1587035 -0.2117265 0.01417859 0.1826124 -0.2115896 0.01415211 0.194575 -0.215805 0.01216993 0.1945752 -0.2111625 0.01406953 0.2185186 -0.2108662 0.01401234 0.2304811 -0.2150731 0.01203385 0.2305042 -0.2105099 0.01394354 0.242477 -0.2096147 0.01377025 0.2662943 -0.2090637 0.01366521 0.2782861 -0.2135396 0.01174857 0.2722647 -0.2077616 0.01343354 0.3022037 -0.2070064 0.0133129 0.3141873 -0.2115561 0.01141241 0.3082738 -0.2052874 0.01307914 0.3381558 -0.2038614 0.01292546 0.3556828 -0.2074305 0.01094112 0.3619285 -0.2016725 0.01276394 0.3794502 -0.2051257 0.01081136 0.3858023 -0.1952596 0.01272818 0.4365767 -0.1992503 0.010854 0.4365127 -0.1931639 0.0128161 0.452286 -0.1915226 0.01286954 0.4640717 -0.1954624 0.0110184 0.4640521 -0.187986 0.01290026 0.4877351 -0.1856178 0.01282354 0.5024439 -0.1894541 0.01101968 0.5024439 -0.1865944 0.01286498 0.4964738 -0.1846188 0.01276482 0.5084166 -0.1825528 0.01258762 0.5203688 -0.181485 0.01246545 0.5263496 -0.1792785 0.01214449 0.5383192 -0.1830065 0.01039144 0.5383192 -0.1803938 0.01231833 0.5323332 -0.1781394 0.01194193 0.5443107 -0.1757871 0.01144321 0.5563032 -0.1745735 0.01114328 0.5623056 -0.17207 0.01043288 0.5743261 -0.1756765 0.008737106 0.5743261 -0.1733347 0.01080712 0.5683144 -0.1707791 0.01001888 0.5803444 -0.1680824 0.009090789 0.5923919 -0.1651409 0.008085741 0.6044421 -0.1686324 0.006443968 0.6044421 -0.1666492 0.008593664 0.5984183 -0.1635437 0.007575737 0.6104645 -0.1600269 0.006583329 0.6224931 -0.1559881 0.005684763 0.6344883 -0.1593277 0.00411427 0.6344883 -0.1580796 0.006118046 0.6284954 -0.1513162 0.004948357 0.6464351 -0.1472578 0.004529794 0.6555547 -0.1490714 0.002951462 0.6583202 -0.1391458 0.00285194 0.6759981 -0.1268826 0.003674428 0.6934546 -0.1172126 0.004842596 0.704937 -0.1194875 0.005473881 0.6992153 -0.1021183 0.006071805 0.7216607 -0.1060921 0.006466289 0.7161832 -0.1093063 0.006803571 0.710601 -0.08008868 0.009424151 0.7372421 -0.0771249 0.008658546 0.7398567 -0.08159645 0.00799294 0.737281 -0.09097637 0.009458151 0.7270106 -0.08389367 0.01044912 0.7322129 -0.07626154 0.01146433 0.7372421 -0.06803628 0.01248593 0.742078 -0.05918396 0.01349658 0.7466978 -0.04971797 0.01447171 0.7510707 -0.03972062 0.01537731 0.755163 -0.02928253 0.01617948 0.7589372 -0.01849149 0.01684341 0.7623571 -0.007435256 0.01733493 0.7653864 -0.2153434 0.01208393 0.06956997 -0.2193924 0.009689754 0.0720435 -0.2156928 0.01214897 0.09333247 -0.2160539 0.01221617 0.1347869 -0.2160864 0.01222233 0.1467383 -0.220102 0.009815594 0.1437805 -0.2160343 0.01221257 0.1706673 -0.2159435 0.01219561 0.1826131 -0.2199578 0.009790074 0.1828371 -0.2156153 0.01213473 0.2065718 -0.215373 0.01208961 0.2185209 -0.2193886 0.009689913 0.2182382 -0.2147134 0.01196689 0.2424835 -0.214291 0.01188833 0.2544522 -0.2139344 0.01182161 0.2633077 -0.2179287 0.009429671 0.2633077 -0.2129485 0.01164193 0.2842553 -0.2122875 0.01152873 0.2962609 -0.2155271 0.009035587 0.3082513 -0.2107581 0.01129673 0.3202356 -0.2098895 0.01118456 0.3321976 -0.2089512 0.01107936 0.3441445 -0.2126516 0.008697826 0.3470525 -0.2089767 0.008483104 0.3860997 -0.2025331 0.01076848 0.4096229 -0.2048337 0.008499984 0.4224753 -0.1971385 0.01095168 0.4522105 -0.2001034 0.008732065 0.4579199 -0.1937075 0.01106512 0.4758741 -0.191865 0.01107736 0.4877215 -0.1904473 0.01105328 0.4964738 -0.1941156 0.008856467 0.4964738 -0.1884379 0.01096896 0.5084166 -0.1873988 0.01089912 0.514392 -0.1863364 0.01080832 0.5203688 -0.1852505 0.01069472 0.5263496 -0.1841406 0.0105564 0.5323332 -0.1877083 0.008419984 0.5323332 -0.1818479 0.010198 0.5443107 -0.1806645 0.009974155 0.5503049 -0.1794558 0.009717993 0.5563032 -0.1782218 0.00942775 0.5623056 -0.1816957 0.007347495 0.5623056 -0.1769622 0.009101349 0.5683144 -0.174364 0.008333183 0.5803444 -0.1730174 0.007893419 0.5863668 -0.1716226 0.007426136 0.5923919 -0.1701656 0.006940132 0.5984183 -0.1735138 0.004935077 0.5984183 -0.1670088 0.005946285 0.6104645 -0.1652806 0.005455881 0.6164815 -0.1634337 0.004981238 0.6224931 -0.1614542 0.004531154 0.6284954 -0.1646672 0.00260706 0.6284954 -0.1570404 0.003739148 0.6404691 -0.1545779 0.003414585 0.6464351 -0.1519264 0.003149144 0.6523863 -0.1549904 0.001314328 0.6523863 -0.1459991 0.002830261 0.6642338 -0.1426952 0.002794261 0.6701274 -0.1456135 0.001046685 0.6701274 -0.1353367 0.003012102 0.6818447 -0.1312536 0.003283384 0.6876631 -0.1339901 0.001644731 0.6876631 -0.1222096 0.004193791 0.6992153 -0.1197243 0.003338505 0.704937 -0.1106338 0.003168744 0.7158423 -0.1084238 0.005070038 0.7161832 -0.1067503 0.003828029 0.7192501 -0.1118535 0.005605802 0.710601 -0.09032733 0.006580689 0.7317392 -0.08799187 0.008265342 0.7322129 -0.08599976 0.007294374 0.7345725 -0.09320222 0.008411504 0.7270106 -0.08599368 0.009462231 0.7322129 -0.06083062 0.01272226 0.7466978 -0.05118823 0.01378049 0.7510707 -0.04100215 0.01477491 0.755163 -0.008098061 0.01702317 0.7653864 -0.2190302 0.009625672 0.05126278 -0.2197009 0.009745434 0.09300742 -0.223061 0.00665853 0.08585273 -0.2199325 0.009785913 0.1139201 -0.2234966 0.00673205 0.1274941 -0.2200388 0.009805753 0.1285908 -0.2200977 0.009816154 0.1586166 -0.2235553 0.00674197 0.1613283 -0.2200512 0.009807994 0.1704826 -0.2198185 0.009766874 0.1945442 -0.2196305 0.009732874 0.206391 -0.2231509 0.006673731 0.2029629 -0.21908 0.009634313 0.2305084 -0.2187188 0.009571032 0.2423779 -0.2220965 0.006495809 0.2445868 -0.2219123 0.006464689 0.2497878 -0.2182995 0.009495912 0.2541774 -0.2175286 0.00935935 0.2722818 -0.2169398 0.00925743 0.2841168 -0.220541 0.006236607 0.2809856 -0.2162788 0.009149108 0.2960239 -0.2147189 0.008925347 0.3202249 -0.2179691 0.005878924 0.3225411 -0.2175873 0.005834603 0.3277313 -0.2138578 0.008821027 0.3319612 -0.2113218 0.008593904 0.36215 -0.2150062 0.005616043 0.3588526 -0.2102106 0.008530384 0.3738708 -0.2076992 0.008461024 0.3979924 -0.210784 0.005501401 0.4002752 -0.2101922 0.005508521 0.4054453 -0.206364 0.008463743 0.4097493 -0.2033389 0.008564144 0.4342552 -0.2063385 0.005662363 0.4364337 -0.20175 0.008646385 0.4461768 -0.1988259 0.008788626 0.4666397 -0.1974519 0.008837187 0.4757121 -0.201162 0.005962284 0.4724956 -0.1956099 0.008866147 0.4873951 -0.1931066 0.008832387 0.5024439 -0.1920743 0.008791347 0.5084166 -0.1942929 0.005966124 0.5135625 -0.1910186 0.008731505 0.514392 -0.1933596 0.005908284 0.5186816 -0.1899393 0.008650945 0.5203688 -0.1888358 0.008547744 0.5263496 -0.186556 0.008265902 0.5383192 -0.185379 0.008083421 0.5443107 -0.1884425 0.005374841 0.5442302 -0.1841767 0.007870859 0.5503049 -0.1829491 0.007626138 0.5563032 -0.1804162 0.007033013 0.5683144 -0.1791102 0.00668077 0.5743261 -0.1777774 0.006289167 0.5803444 -0.1808308 0.003712747 0.5798183 -0.1764097 0.005861964 0.5863668 -0.1749933 0.00540764 0.5923919 -0.1719569 0.004453153 0.6044421 -0.170308 0.003970589 0.6104645 -0.1732156 0.001522171 0.6100189 -0.1685531 0.003496186 0.6164815 -0.1666775 0.003038742 0.6224931 -0.1625078 0.002210016 0.6344883 -0.163212 -0.0004522944 0.6395094 -0.1601846 0.001856334 0.6404691 -0.1612195 -0.0006888308 0.6443144 -0.1576837 0.001554811 0.6464351 -0.1520905 0.001143587 0.6583202 -0.1489697 0.001051444 0.6642338 -0.1495885 -0.001181769 0.6675745 -0.1521388 -0.001176731 0.6630259 -0.1420079 0.001138113 0.6759981 -0.1412589 -0.0008293095 0.6807629 -0.1381382 0.001334549 0.6818447 -0.1382578 -0.0005964198 0.6850163 -0.1295493 0.002077536 0.6934546 -0.1319434 3.891995e-05 0.6932788 -0.1248015 0.002641699 0.6992153 -0.1144218 0.002550019 0.7123338 -0.1181143 0.001972095 0.7087273 -0.1142788 0.004153391 0.710601 -0.09532144 0.007142453 0.7270106 -0.09456487 0.005881725 0.7287917 -0.09871291 0.005197479 0.7257329 -0.06794675 0.009962075 0.7446389 -0.01444923 0.01575419 0.7640805 0.02125783 0.01735101 0.771084 -0.2221969 0.006512769 0.03639307 -0.2224015 0.006547169 0.04683242 -0.2225464 0.00657173 0.05461337 -0.2227474 0.006605569 0.0659297 -0.2228956 0.00663053 0.07487224 -0.2231687 0.00667669 0.09366831 -0.2232642 0.00669285 0.1014761 -0.2233796 0.006712131 0.1124391 -0.2234424 0.006722851 0.1196903 -0.2235362 0.006738691 0.1353046 -0.2235557 0.00674197 0.1405082 -0.2235662 0.006743731 0.1457132 -0.2235696 0.00674437 0.1509182 -0.2235659 0.006743731 0.1561233 -0.2235362 0.006738691 0.1665319 -0.2235076 0.00673389 0.1717369 -0.2234709 0.00672765 0.1769419 -0.2234259 0.006720051 0.1821456 -0.2233727 0.006711091 0.1873506 -0.2233082 0.006700211 0.1925542 -0.2232342 0.00668773 0.1977592 -0.2230581 0.00665805 0.2081666 -0.2229547 0.00664053 0.2133702 -0.2228394 0.00662109 0.2185739 -0.2227133 0.00659981 0.2237776 -0.2225768 0.006576849 0.2289799 -0.2224297 0.006551969 0.2341822 -0.2222689 0.006524849 0.2393845 -0.2217165 0.006431729 0.2549888 -0.2215076 0.006396688 0.2601898 -0.2212851 0.006359648 0.2653894 -0.2210498 0.006320608 0.270589 -0.2208018 0.006279647 0.2757873 -0.2202661 0.006193806 0.2861826 -0.2199782 0.006149806 0.2913795 -0.2196768 0.006104686 0.2965751 -0.2193623 0.006058285 0.3017694 -0.2190343 0.006012365 0.3069637 -0.2186927 0.005967805 0.3121579 -0.2183375 0.005923324 0.3173495 -0.2171913 0.005793884 0.3329216 -0.2167818 0.005754523 0.3381091 -0.2163586 0.005716442 0.3432967 -0.2159219 0.005679723 0.3484829 -0.2154712 0.005645963 0.3536691 -0.2145276 0.005588682 0.3640348 -0.2140352 0.005563962 0.3692156 -0.2135289 0.005541881 0.3743965 -0.213008 0.005525722 0.3795747 -0.2124732 0.005513481 0.3847515 -0.2119243 0.005505081 0.3899269 -0.2113612 0.005500521 0.3951024 -0.2095861 0.005520841 0.4106141 -0.2089657 0.005538201 0.4157828 -0.2083311 0.005560602 0.4209489 -0.2076815 0.005589082 0.4261123 -0.2070173 0.005623002 0.4312744 -0.2056451 0.005707162 0.4415931 -0.2049366 0.005752204 0.4467485 -0.2042121 0.005794603 0.4519025 -0.2034727 0.005838204 0.4570538 -0.2027182 0.005883244 0.4622037 -0.2019485 0.005929564 0.467351 -0.2003597 0.005990765 0.4776389 -0.1995418 0.006015245 0.4827781 -0.198708 0.006035565 0.487916 -0.1978579 0.006045006 0.4930512 -0.196991 0.006039566 0.4981824 -0.1961078 0.006024605 0.5033123 -0.1952084 0.006000124 0.5084381 -0.1919325 0.005796124 0.526348 -0.1904602 0.005646042 0.5340229 -0.18946 0.005522841 0.5391285 -0.1869639 0.005132278 0.5515028 -0.1852879 0.004812115 0.5595123 -0.1842003 0.004573315 0.5645965 -0.1830949 0.004310432 0.5696754 -0.1819718 0.00402363 0.5747502 -0.179658 0.003383385 0.5848783 -0.1784444 0.003039063 0.5899276 -0.1772019 0.002675139 0.5949689 -0.1759302 0.002291617 0.6000008 -0.1746293 0.001888654 0.605026 -0.1717422 0.001156528 0.6149957 -0.1702092 0.0007917282 0.6199552 -0.1686166 0.0004277739 0.6248983 -0.166926 9.419727e-05 0.6298081 -0.1651143 -0.0001912778 0.6346735 -0.1591367 -0.0009008991 0.6490886 -0.1569129 -0.001036295 0.6537836 -0.1545803 -0.001128237 0.6584289 -0.1469259 -0.001128094 0.6720507 -0.1441484 -0.001006531 0.676441 -0.1351449 -0.0003078643 0.6892039 -0.1286387 0.000442291 0.6972718 -0.1252305 0.0009022721 0.7011802 -0.1217192 0.00141881 0.7050055 -0.1027713 0.004528033 0.7225599 -0.0725759 0.00931495 0.7423102 -0.005823564 0.01544179 0.7661193 -0.008579744 0.01616668 0.765526 -0.003624508 0.01644588 0.7666494 -0.1873357 -0.0001393553 0.5397862 -0.1878947 0.00531148 0.5469429 -0.1868761 0.005135399 0.5519223 -0.188898 0.005463241 0.5419592 -0.1898861 0.005590602 0.5369716 -0.1904595 0.000122795 0.5234196 -0.1908568 0.005707162 0.53198 -0.1840245 -0.0006103302 0.556181 -0.1934021 0.0002149486 0.5070758 -0.1927497 0.005884924 0.5219889 -0.193672 0.005945245 0.5169865 -0.1945784 0.005990365 0.5119828 -0.1918113 0.005805564 0.5269858 -0.1954691 0.006027965 0.5069751 -0.1961694 0.0001759675 0.490748 -0.1963438 0.006051405 0.501966 -0.1972025 0.006060766 0.496953 -0.1980454 0.006055966 0.4919372 -0.1987676 4.469632e-05 0.4744297 -0.198873 0.006046525 0.4869188 -0.1996853 0.006031085 0.481899 -0.2004819 0.006006525 0.4768752 -0.2012633 0.005972844 0.47185 -0.2012028 -0.0001400371 0.4581181 -0.202746 0.005895164 0.4620501 -0.2094292 -0.0006859585 0.3928126 -0.2111273 -0.0006878939 0.3764594 -0.2117911 0.005499641 0.3911698 -0.2035174 0.005853405 0.4567612 -0.2042391 0.005808444 0.4517266 -0.2034809 -0.0003393828 0.4418052 -0.2082652 0.005564202 0.4214791 -0.2073089 0.005617482 0.4290482 -0.2056081 -0.000514486 0.4254855 -0.2063164 0.005674123 0.4366123 -0.2052621 0.005737403 0.4444136 -0.20759 -0.000631161 0.4091551 -0.2091478 0.005530681 0.4142996 -0.2100902 0.005508521 0.4063325 -0.210956 0.005498282 0.3987655 -0.2126009 0.005510681 0.383554 -0.2136345 0.005542841 0.373356 -0.2126858 -0.0006460579 0.3600982 -0.2145891 0.005586282 0.3634072 -0.2156266 0.005653962 0.3519162 -0.2141064 -0.0005695103 0.3437302 -0.2164099 0.005714763 0.3427225 -0.2153905 -0.0004673336 0.3273568 -0.217243 0.005794284 0.3322883 -0.2177663 0.005851564 0.3253301 -0.2165394 -0.0003486064 0.3109795 -0.2183128 0.005914285 0.3177442 -0.2188298 0.005980685 0.3101097 -0.2175549 -0.0002223723 0.2946008 -0.2197773 0.006114126 0.2948826 -0.2194741 0.006070365 0.2999588 -0.2200677 0.006158046 0.2898051 -0.2184383 -9.773299e-05 0.2782207 -0.2191583 0.006026285 0.3050349 -0.22061 0.006245487 0.2796488 -0.2203452 0.006202126 0.2847276 -0.2203207 0.000189592 0.2290899 -0.2221171 0.006498528 0.2440822 -0.2198166 0.0001122067 0.2454646 -0.2208626 0.006286047 0.27457 -0.2191914 1.62661e-05 0.2618406 -0.2211024 0.006325488 0.2694898 -0.2213298 0.006363888 0.2644096 -0.2215444 0.006401169 0.2593281 -0.2219382 0.006468208 0.2491637 -0.2217474 0.006435969 0.2542466 -0.2105586 -0.002630259 0.2732942 -0.2118793 -0.002432259 0.239013 -0.2227174 0.00660061 0.223748 -0.2207121 0.0002496522 0.2127166 -0.2222838 0.006526929 0.2389993 -0.2229516 0.00664013 0.2135796 -0.2230532 0.006657169 0.2084941 -0.2225834 0.00657797 0.2288322 -0.2224385 0.006553409 0.2339151 -0.1959025 -0.004923957 0.1881619 -0.1873372 -0.005769643 0.1881619 -0.2228402 0.00662133 0.2186638 -0.2107548 -0.002626019 0 -0.2113866 -0.002506018 0.01635859 -0.2209987 0.0002936156 0.1963459 -0.2211885 0.0003227518 0.1799779 -0.2233647 0.006709731 0.1881532 -0.2233019 0.006699171 0.1932388 -0.223229 0.006686851 0.1983243 -0.2234199 0.00671909 0.1830677 -0.2234666 0.006726931 0.1779821 -0.2212894 0.0003382621 0.1636113 -0.2235043 0.006733331 0.1728966 -0.223533 0.00673813 0.167811 -0.2235739 0.006745091 0.1525544 -0.2235621 0.006743651 0.1597912 -0.2213099 0.0003414028 0.1472447 -0.1688354 -0.007203414 0.01882822 -0.1603498 -0.007698457 0 -0.2212579 0.0003334021 0.1308811 -0.2235566 0.00674237 0.1398884 -0.2235725 0.006744851 0.1474688 -0.2234827 0.006729891 0.1246065 -0.2211412 0.0003155026 0.1145182 -0.2235266 0.00673709 0.1322112 -0.2233271 0.006703411 0.1067832 -0.2233941 0.006714531 0.1135612 -0.2209682 0.0002889475 0.09815643 -0.1710623 -0.006940292 0.1167703 -0.1697544 -0.007064692 0.07361567 -0.2232466 0.00668957 0.09954931 -0.2040866 -0.003869229 0.07914779 -0.195522 -0.004980917 0.07650721 -0.212906 -0.002278177 0.1085997 -0.2207468 0.0002549525 0.08179574 -0.2231006 0.00666517 0.08834803 -0.2229612 0.00664165 0.07878459 -0.1817157 -0.006358048 0 -0.1859183 -0.005983485 0.01663484 -0.1773714 -0.00665709 0.01684212 -0.2123205 -0.002365937 0.06485553 -0.220485 0.0002147849 0.06543569 -0.1869797 -0.005823564 0.07751722 -0.2029511 -0.00403883 0.01638675 -0.2025667 -0.004096351 0 -0.2201017 0.0001557286 0.04428985 -0.2225351 0.00656973 0.05376584 -0.2227378 0.006603809 0.06510817 -0.1944508 -0.005141398 0.01646355 -0.1949263 -0.005099878 0 -0.2222538 0.00652237 0.03907933 -0.1872597 -0.005882925 0 -0.1910953 -0.005512521 0 -0.2195387 6.951672e-05 0.01635859 -0.2128633 -0.002129615 0 -0.2063692 -0.003472985 0 -0.2220605 0.006489648 0.02943845 -0.1987511 -0.004632914 0 -0.2194311 0.0001161784 0 -0.2173991 -0.0007087824 0 -0.2217671 0.006440128 0.01525371 -0.2142056 -0.001769533 0 -0.2155349 -0.00136425 0 -0.2206955 0.0006927983 0 -0.2231462 0.006672931 0.2034099 -0.2211677 0.0009617538 0 -0.2216605 0.006422128 0.01016912 -0.2220151 0.001638491 0 -0.2216121 0.001273972 0 -0.2223591 0.002058496 0 -0.2226335 0.002527459 0 -0.2228262 0.003035063 0 -0.221553 0.006403968 0.005084518 -0.2228744 0.00411123 0 -0.2227062 0.004626675 0 -0.2220519 0.005671803 0 -0.2229164 0.003570667 0 -0.22245 0.005105398 0 -0.2214443 0.006385648 0 -0.1257039 -0.009012628 0.01597579 -0.1164584 -0.00924311 0 -0.1249928 -0.009023508 0 -0.1858425 0.004934997 0.5568978 -0.1848071 0.004703955 0.561872 -0.183761 0.004446434 0.5668434 -0.1805199 -0.001328967 0.5726081 -0.1826865 0.004170832 0.5718068 -0.1815831 0.003877229 0.5767621 -0.179338 0.003203784 0.5866634 -0.1804508 0.003565627 0.5817109 -0.1781761 0.002837621 0.591604 -0.1769556 0.002473218 0.5965272 -0.1767975 -0.002319457 0.5890713 -0.1726591 -0.003467786 0.6055494 -0.1756768 0.002110735 0.6014356 -0.1715647 0.0009775433 0.616099 -0.1730034 0.00134601 0.6112308 -0.1743558 0.001737852 0.6063359 -0.1518256 -0.007794939 0.6055494 -0.15434 -0.00791918 0.6220019 -0.14744 -0.008814226 0.6220019 -0.1700397 0.000632381 0.6209375 -0.1684284 0.0003105634 0.6257466 -0.1678114 -0.004583074 0.6220019 -0.1667535 -1.131384e-05 0.6305503 -0.1649895 -0.0003070751 0.6353218 -0.1631217 -0.0005614706 0.6400476 -0.1619588 -0.005473881 0.6383954 -0.1590753 -0.0009476179 0.6493612 -0.154807 -0.005948845 0.6546895 -0.1611503 -0.0007744892 0.6447265 -0.1569001 -0.00109939 0.6539795 -0.1471301 -0.001173789 0.6718226 -0.146061 -0.005816364 0.6708481 -0.149739 -0.001232834 0.6674484 -0.1546191 -0.001197516 0.6585322 -0.152232 -0.001241999 0.6630218 -0.1444105 -0.001062815 0.6761377 -0.1415958 -0.0008941492 0.6803763 -0.1354256 -0.004884996 0.6868336 -0.138686 -0.000667796 0.6845384 -0.1293869 0.0004122005 0.6966222 -0.1325817 -7.902867e-06 0.6926681 -0.1356809 -0.0003837489 0.6886241 -0.1260964 0.0008684691 0.7004783 -0.1226038 -0.002965382 0.7026083 -0.1227104 0.00136089 0.7042364 -0.1257825 -0.007646057 0.490748 -0.1276078 -0.007863179 0.4744297 -0.1334521 -0.007373975 0.4908527 -0.1192259 0.001902974 0.7079059 -0.2042325 -0.003847469 0.2072584 -0.1119647 0.003124423 0.7149725 -0.1071075 -3.600096e-05 0.7179831 -0.1156406 0.002508739 0.7114976 -0.1244905 -0.009250709 0.2946008 -0.1335313 -0.008883907 0.2840284 -0.1335333 -0.008923107 0.3034819 -0.108198 0.003750108 0.7183307 -0.1043407 0.004385873 0.7215734 -0.09630041 0.005720523 0.7276925 -0.100365 0.005048758 0.7246913 -0.09216741 0.006388608 0.7305862 -0.0881241 0.003638827 0.7325257 -0.08369559 0.007714298 0.7360476 -0.07932019 0.008392383 0.7386031 -0.08796666 0.007052934 0.7333713 -0.07042669 0.009701593 0.7434108 -0.07489728 0.009054789 0.741058 -0.1335378 -0.009009028 0.3496922 -0.1303859 -0.00923847 0.3437302 -0.1335364 -0.008980948 0.3332759 -0.1293299 -0.00927727 0.3600982 -0.06480657 0.007766619 0.7457744 -0.06590993 0.01033304 0.7456643 -0.1281883 -0.00927591 0.3764594 -0.1335392 -0.009034949 0.3661071 -0.1335404 -0.009058789 0.3825234 -0.06133166 0.0109592 0.7478025 -0.05670003 0.01157601 0.7498305 -0.04260296 0.01326018 0.7554153 -0.03686683 0.01194889 0.7572085 -0.04733507 0.0127265 0.7536369 -0.03782612 0.0137769 0.7571038 -0.03301992 0.01426194 0.7587104 -0.01844437 0.01551004 0.7630457 -0.02333112 0.01512891 0.761682 -0.02818877 0.01471267 0.7602365 -0.01351929 0.01585475 0.7643248 -0.05203359 0.01216505 0.7517767 0.001346489 0.0166922 0.767695 -0.1334636 -0.007594218 0.4741707 -0.1226733 -0.0110756 0.6546895 -0.1215769 -0.01022472 0.6708481 -0.1153546 -0.01071536 0.6708481 -0.1271843 -0.007359496 0.5397862 -0.1294797 -0.007196774 0.5234196 -0.1334368 -0.007082133 0.5409017 -0.1293267 -0.008127501 0.4581181 -0.1267406 -0.008877748 0.2209033 -0.1335186 -0.008642386 0.1881449 -0.1228413 -0.008697986 0.44139 -0.1144637 -0.009274551 0.4241314 -0.1258034 -0.008902947 0.4241314 -0.09690553 -0.009634792 0.2045313 -0.0970693 -0.009604232 0.1881619 -0.1098042 -0.009316631 0.2045313 -0.1334438 -0.007215254 0.5075348 0.0149721 -0.01202113 0.07361567 0.0234321 -0.01216289 0.09815643 0.07096981 -0.01326458 0.2372771 0.07937835 -0.01338506 0.2367313 0.02342049 -0.01215913 0.1963458 0.04919564 -0.01270378 0.1881618 -0.1241225 -0.008870787 0.1419267 -0.1187305 -0.009027428 0.155428 -0.1335156 -0.008583344 0.1691156 -0.1272523 -0.008790146 0.1799779 -0.1241227 -0.008877027 0.1691156 -0.1026693 -0.009851035 0.4039986 -0.09569288 -0.0100292 0.4039986 -0.102674 -0.009939755 0.3932556 -0.09055413 -0.01032456 0.3764594 -0.1026773 -0.01000624 0.3825234 -0.1228808 -0.009441831 0.3273568 -0.1262074 -0.008968948 0.2454646 -0.133527 -0.008803267 0.2483172 -0.1257313 -0.009050468 0.2618406 -0.1271078 -0.008814866 0.1963459 -0.118019 -0.009152229 0.05725587 -0.1268163 -0.008864787 0.07361567 -0.1184032 -0.009084788 0.08997604 -0.1186563 -0.009040468 0.1226997 -0.1099472 -0.00929087 0.1063374 -0.1241233 -0.008885507 0.1167703 -0.1335187 -0.008642786 0.07919267 -0.1335161 -0.008594225 0.1167703 -0.1173548 -0.009257589 0.01626236 0.09676265 -0.01343722 0.01917879 0.1053946 -0.01355193 0.01119832 0.09691616 -0.01347137 0 -0.1335269 -0.008800146 0 -0.1335249 -0.008759985 0.0165334 -0.07995628 -0.009976716 0.1717946 -0.06277895 -0.0103364 0.155428 -0.1101118 -0.00926127 0.139063 -0.1184017 -0.009085028 0.2045313 -0.07971052 -0.0100256 0.2045313 -0.04340393 -0.01073624 0.1636113 -0.03373073 -0.01093128 0.1472447 -0.06265503 -0.01036248 0.1881619 -0.01112272 -0.01139761 0.1636113 0.04926941 -0.01273218 0.08997604 0.02336601 -0.01214177 0.1145182 0.07090021 -0.01323242 0.05725587 0.07940052 -0.01331418 0.07821498 0.04515281 -0.01270658 0.0552109 0.1053483 -0.01351874 0.02097175 0.1054526 -0.01359017 0 0.08829802 -0.01334826 0 0.07970605 -0.01345394 0.01631611 0.08828291 -0.01349281 0.01628308 0.06216999 -0.01300418 0.08997604 0.06231583 -0.01306634 0.05725587 0.03215872 -0.01239041 0.07361567 -0.002409857 -0.01160497 0.1063374 -0.002511539 -0.01157673 0.139063 0.02332201 -0.01212753 0.1308811 -0.002469459 -0.01158841 0.1799778 0.02334849 -0.01213601 0.1799778 0.02330985 -0.01212369 0.1636113 0.04937653 -0.01277322 0.2209033 0.06210359 -0.01297586 0.1881618 0.06226527 -0.01304498 0.2209033 0.07070405 -0.01314226 0.1881618 0.06246247 -0.01312882 0.2454645 0.07080317 -0.01318778 0.2127165 0.08800403 -0.01344841 0.2434121 0.1053189 -0.01349778 0.2348984 0.09682665 -0.01341034 0.2454645 0.1053735 -0.01353545 0.2469867 0.08190629 -0.01349361 0.2590422 0.09665593 -0.0133241 0.2209498 0.08974004 -0.01355634 0.2590422 0.1054332 -0.01357666 0.2590422 0.09758233 -0.01358409 0.2590422 -0.105061 -0.009984556 0.3437302 -0.09322126 -0.01023152 0.3273568 -0.105933 -0.009917995 0.3273568 -0.09150661 -0.01033112 0.3600982 -0.1041154 -0.01002008 0.3600982 -0.09370263 -0.01016888 0.3928126 -0.09397455 -0.0101444 0.3109795 -0.1050386 -0.008144861 0.5071057 -0.1032164 -0.008131341 0.5234421 -0.09569153 -0.01000408 0.4066828 -0.106753 -0.008282942 0.4907939 -0.09569161 -0.008854946 0.4744297 -0.1083647 -0.008506225 0.4745222 -0.09239694 -0.01029696 0.3437302 0.07935956 -0.01329538 0.2049817 -0.03366665 -0.01094648 0.1799779 -0.09922027 -0.009892875 0.2864107 -0.09068476 -0.01009544 0.2864107 -0.08737058 -0.009964475 0.4254855 -0.07817227 -0.01039184 0.4091371 -0.09841362 -0.00941095 0.4418052 -0.09708905 -0.009129269 0.4581181 -0.08621129 -0.009711994 0.4418052 -0.08479376 -0.009140549 0.4736237 -0.09099804 -0.008710546 0.4907756 -0.1140818 -0.007785819 0.5234196 -0.1119956 -0.00794054 0.5397862 -0.1043997 -0.008185102 0.5397862 -0.1121541 -0.009503271 0.5890713 -0.1147907 -0.008633345 0.5726081 -0.1194001 -0.009209109 0.5890713 -0.1097782 -0.008298222 0.556181 -0.117263 -0.008029421 0.556181 -0.1305443 -0.009512072 0.6055494 -0.1234374 -0.009898155 0.6055494 -0.1266442 -0.008871587 0.5890713 -0.1221584 -0.008334223 0.5726081 -0.1266308 -0.01049328 0.6220019 -0.1286659 -0.01078568 0.6383954 -0.121912 -0.01122144 0.6383954 -0.1196817 -0.0108708 0.6220019 0.01133577 0.01708621 0.7695539 0.006333247 0.01690556 0.7686641 -0.1161546 -0.01149625 0.6546895 0.08207981 -0.01559443 0.6220019 0.07511944 -0.01556283 0.6220019 0.07428351 -0.01615132 0.6383954 0.07578434 -0.01469667 0.6055494 0.08290334 -0.01472907 0.6055494 0.09673465 -0.01511619 0.6116791 0.08908435 -0.01555411 0.6220019 0.09651905 -0.01528099 0.6148158 0.09089781 -0.0137517 0.5890713 0.0980729 -0.0138665 0.5895706 0.09779306 -0.01413906 0.5944914 0.09006516 -0.01468771 0.6055494 0.09844642 -0.01351498 0.5828193 0.09875091 -0.0132389 0.5771406 0.06866516 -0.0145917 0.6055494 0.06815867 -0.01546019 0.6220019 0.09733634 -0.01458586 0.602261 0.09752577 -0.01440699 0.5991203 0.05870411 -0.01588004 0.6384028 0.05911677 -0.01528459 0.622016 0.09694137 -0.01494067 0.6085411 0.09503287 -0.01609563 0.6335944 0.095306 -0.01598667 0.6304711 0.08786402 -0.01614292 0.6383954 0.06751482 -0.01605156 0.6383954 0.06667722 -0.01615819 0.6546895 0.08105309 -0.01618211 0.6383954 0.07320959 -0.01625452 0.6546895 0.09345743 -0.01635668 0.649157 0.08631696 -0.01624628 0.6546895 0.09309638 -0.016347 0.6522575 0.06558441 -0.01557219 0.6708481 0.09413055 -0.01630948 0.6429441 0.02743948 -0.01533067 0.6546895 0.0287131 -0.01479474 0.6708468 0.05745723 -0.01541363 0.6708519 0.0556433 -0.01391882 0.6868341 0.07182661 -0.01566419 0.6708481 0.07006749 -0.01417267 0.6868334 0.07807083 -0.01569259 0.6708481 0.01525387 -0.0130505 0.6868359 0.06417976 -0.01408586 0.6868334 0.0624031 -0.01149337 0.7026082 0.01701204 -0.01053272 0.7026101 0.07331784 -0.01159865 0.7026082 0.06785971 -0.01157377 0.7026082 0.06496545 -0.007813179 0.7179829 0.06003534 -0.007740458 0.7179829 0.02301121 -0.002321057 0.7325251 0.05290503 -0.007600937 0.7179836 0.05452281 -0.01133921 0.7026088 0.05479905 -0.003001382 0.7325274 0.06085941 -0.003094743 0.7325255 0.06989692 -0.007835579 0.7179829 0.0190203 -0.006872291 0.7179848 0.0549865 0.002352257 0.7457743 0.06512841 -0.003114103 0.7325255 -0.004331952 0.003566747 0.7457757 0.005218359 0.009013588 0.757209 0.05012109 0.002427217 0.7457756 0.02567779 0.002950101 0.7457735 0.04822221 0.008146061 0.7572086 0.05841972 0.002336657 0.7457743 0.02569915 0.008592385 0.7572066 -0.01826309 -0.006109486 0.7179832 -0.02424058 -0.009688554 0.7026083 0.01187249 0.01401842 0.7661209 -0.02704188 -0.001268505 0.7325251 -0.03167784 -0.005817243 0.7179824 -0.005380281 0.00925583 0.757209 0.02631995 0.0137169 0.7661196 -0.04404337 -0.0008031784 0.7325243 -0.05127511 -0.005317799 0.7179819 -0.01331026 -0.001576011 0.7325269 -0.01204369 0.009447512 0.7572077 0.005549721 0.01420202 0.7661213 0.002050975 0.01435946 0.7661201 -0.02167799 0.009849754 0.7572078 -0.0004140568 0.01452067 0.7661209 -0.01686436 0.009622313 0.7572074 -0.02983342 0.01048784 0.7572085 -0.003431305 0.01484922 0.7661193 -0.002205776 0.01469027 0.7661193 -0.02504546 0.0100628 0.7572085 -0.004648115 0.01507043 0.7661193 -0.03458217 0.01122688 0.7572085 -0.03221504 0.01079696 0.7572085 0.0264366 0.01743108 0.7717579 -0.213117 -0.002246497 0.1411101 -0.2130588 -0.002255296 0.1736918 -0.2126672 -0.002314017 0.2063428 -0.2094446 -0.002784741 0.2946008 -0.2084514 -0.002903942 0.3109795 -0.2073285 -0.003014423 0.3273568 -0.2060748 -0.003107063 0.3437302 -0.2046894 -0.003172503 0.3600982 -0.2031708 -0.003201704 0.3764594 -0.2015179 -0.003185463 0.3928126 -0.1949323 -0.004698515 0.3764594 -0.1964095 -0.004676835 0.3600982 -0.19973 -0.003114503 0.4091551 -0.1978056 -0.002979621 0.4254855 -0.1957423 -0.002784341 0.4418052 -0.1930303 -0.002510978 0.4617393 -0.1886599 -0.002196576 0.490748 -0.1859809 -0.002129696 0.5070758 -0.1831324 -0.002192176 0.5234196 -0.180108 -0.002422898 0.5397862 -0.1769018 -0.002860741 0.556181 -0.1735073 -0.003544506 0.5726081 -0.1658906 -0.005606282 0.6055494 -0.1699008 -0.004498513 0.5890713 -0.161193 -0.006674131 0.6220019 -0.1555228 -0.007507417 0.6383954 -0.1485949 -0.0079115 0.6546895 -0.1401246 -0.007691898 0.6708481 -0.1298271 -0.00665381 0.6868336 -0.06154222 0.006735411 0.7457744 -0.08406511 0.002356417 0.7325257 -0.1174148 -0.004604835 0.7026083 0.01635403 0.01723397 0.770366 0.02138679 0.01734893 0.7711015 -0.1024195 -0.001517131 0.7179831 -0.0274414 0.01025176 0.7572085 -0.1961282 -0.004890117 0.1398091 -0.2046759 -0.003781228 0.1425627 -0.2022546 -0.004142591 0.271792 -0.1950863 -0.005046518 0.2351119 -0.2010472 -0.004310432 0.2946008 -0.2000769 -0.004425473 0.3109795 -0.198981 -0.004531073 0.3273568 -0.1977588 -0.004617954 0.3437302 -0.1933267 -0.004673714 0.3928126 -0.1915916 -0.004593074 0.4091551 -0.1897268 -0.004447393 0.4254855 -0.1877296 -0.004240111 0.4418052 -0.1834157 -0.003794428 0.4736981 -0.1808846 -0.003609307 0.490748 -0.178297 -0.003525786 0.5070758 -0.1755456 -0.003570587 0.5234196 -0.1726245 -0.003782509 0.5397862 -0.1695269 -0.004200592 0.556181 -0.1662464 -0.004863716 0.5726081 -0.1588823 -0.006879652 0.6055494 -0.1627598 -0.005795884 0.5890713 -0.1488585 -0.008718226 0.6383954 -0.1421628 -0.009080148 0.6546895 -0.1339784 -0.008808547 0.6708481 -0.09756554 -0.002399058 0.7179831 -0.112042 -0.005581002 0.7026083 -0.1240303 -0.007707018 0.6868336 -0.07986204 0.001592811 0.7325257 -0.1740912 -0.006910852 0 -0.1927487 -0.005387801 0.2918851 -0.1916446 -0.005519241 0.3109795 -0.190576 -0.005621322 0.3273568 -0.1893853 -0.005704043 0.3437302 -0.1880724 -0.005758284 0.3600982 -0.1866371 -0.005774523 0.3764594 -0.1850788 -0.005743483 0.3928126 -0.1833973 -0.005655962 0.4091551 -0.1815921 -0.005502601 0.4254855 -0.1796616 -0.0052866 0.4418052 -0.1753553 -0.004803076 0.4748394 -0.1730555 -0.004624835 0.490748 -0.1705598 -0.004529394 0.5070758 -0.1651963 -0.00540076 0.490748 -0.1679067 -0.004561395 0.5234196 -0.1650892 -0.004759955 0.5397862 -0.162101 -0.005163799 0.556181 -0.1589354 -0.005812044 0.5726081 -0.1555695 -0.006728531 0.5890713 -0.1421483 -0.009588553 0.6383954 -0.1181935 -0.008464064 0.6868336 -0.1066321 -0.006282768 0.7026083 -0.1356863 -0.009920235 0.6546895 -0.1277895 -0.009611352 0.6708481 -0.05816324 0.006121406 0.7457744 -0.09267798 -0.003032983 0.7179831 -0.07563017 0.001043953 0.7325257 -0.1663106 -0.007385736 0 -0.1875602 -0.005735803 0.1408094 -0.1786912 -0.006456288 0.1970608 -0.1868322 -0.005845723 0.2209117 -0.185965 -0.005976684 0.2519819 -0.1836541 -0.006305887 0.303798 -0.1821386 -0.006454288 0.3273568 -0.1809798 -0.006533969 0.3437302 -0.1797036 -0.006584529 0.3600982 -0.1783099 -0.00659661 0.3764594 -0.1767992 -0.006560929 0.3928126 -0.1751713 -0.006468129 0.4091551 -0.1734263 -0.006308767 0.4254855 -0.1715627 -0.006086206 0.4418052 -0.1652478 -0.006953733 0.4254855 -0.1695744 -0.005834684 0.4581181 -0.1674544 -0.005593242 0.4744297 -0.1602571 -0.005928924 0.5081334 -0.1602401 -0.005606282 0.5245175 -0.160222 -0.00526188 0.5409017 -0.1535336 -0.005830284 0.5409017 -0.1546467 -0.005899804 0.556181 -0.1515963 -0.006536609 0.5726081 -0.1447418 -0.008494303 0.6055494 -0.1483517 -0.007441176 0.5890713 -0.1405132 -0.009498072 0.6220019 -0.1123344 -0.009042548 0.6868336 -0.1354124 -0.0102536 0.6383954 -0.1291848 -0.01056208 0.6546895 -0.0547604 0.005680042 0.7457744 -0.1012014 -0.006818931 0.7026083 -0.08777194 -0.003517386 0.7179831 -0.07138222 0.0006245682 0.7325257 -0.1784144 -0.006498609 0.07785474 -0.1789191 -0.006417008 0.1423669 -0.1776558 -0.00661909 0.2474547 -0.1749325 -0.006998932 0.3068259 -0.1736882 -0.007120694 0.3273568 -0.1725612 -0.007197815 0.3437302 -0.1713215 -0.007245495 0.3600982 -0.1641332 -0.007741658 0.3437302 -0.1699699 -0.007254294 0.3764594 -0.1685067 -0.007214854 0.3928126 -0.1669324 -0.007117814 0.4091551 -0.1603141 -0.007015813 0.4419258 -0.1603008 -0.006765891 0.4589798 -0.1602874 -0.006508769 0.4753639 -0.1602728 -0.006229727 0.4917493 -0.1468401 -0.006323167 0.5409017 -0.1471807 -0.006488529 0.556181 -0.1442458 -0.007116293 0.5726081 -0.1411227 -0.008011261 0.5890713 -0.137647 -0.009053828 0.6055494 -0.1091254 -0.01111728 0.6708481 -0.1335759 -0.0100452 0.6220019 -0.0513455 0.00534292 0.7457744 -0.106466 -0.009505352 0.6868336 -0.09576233 -0.007247815 0.7026083 -0.08285831 -0.003904909 0.7179831 -0.06712715 0.0002890253 0.7325257 -0.1710617 -0.006928693 0.1476406 -0.1603397 -0.007508456 0.1476406 -0.1703408 -0.006973813 0.1636113 -0.1702529 -0.006987493 0.1799779 -0.1700876 -0.007013092 0.1963459 -0.169838 -0.007051734 0.2127166 -0.1694973 -0.007104534 0.2290899 -0.1690584 -0.007172535 0.2454646 -0.167933 -0.007345975 0.2768599 -0.1670921 -0.007464776 0.2946008 -0.1662149 -0.007571097 0.3109795 -0.1652284 -0.007666537 0.3273568 -0.1603577 -0.00785102 0.3606673 -0.1603486 -0.007677178 0.3831951 -0.1603345 -0.007406616 0.4098249 -0.1401413 -0.00674037 0.5409017 -0.1397064 -0.006970773 0.556181 -0.1368872 -0.007591097 0.5726081 -0.1338855 -0.008478224 0.5890713 -0.1151541 -0.01158857 0.6383954 -0.04792428 0.005073078 0.7457744 -0.1005912 -0.009884395 0.6868336 -0.09031709 -0.007599177 0.7026083 -0.07793835 -0.004222351 0.7179831 -0.06286887 1.425631e-05 0.7325257 -0.1603481 -0.007665658 0.1640287 -0.1603552 -0.007801098 0.1804155 -0.1603611 -0.007914619 0.1968036 -0.1603659 -0.00800646 0.2131904 -0.1603695 -0.008076381 0.2295771 -0.1603729 -0.008141021 0.2540772 -0.1603737 -0.008155502 0.2787374 -0.1603729 -0.008138221 0.2951242 -0.1603707 -0.008099102 0.3115096 -0.1603674 -0.00803238 0.3303585 -0.1322278 -0.007377096 0.556181 -0.1295242 -0.0079911 0.5726081 -0.1096321 -0.01185057 0.6546895 -0.1028926 -0.01145593 0.6708481 -0.04449913 0.004852117 0.7457744 -0.09471295 -0.01020376 0.6868336 -0.08486848 -0.007895179 0.7026083 -0.07301575 -0.004489714 0.7179831 -0.05860693 -0.0002172639 0.7325257 -0.160343 -0.007569097 0.07539681 -0.1603405 -0.007522216 0.1167703 -0.1163279 -0.01022944 0.6055494 -0.1334387 -0.007117894 0.5242182 -0.1127298 -0.01119465 0.6220019 -0.1247463 -0.007725658 0.556181 -0.1083938 -0.01190353 0.6383954 -0.103107 -0.01215457 0.6546895 -0.09665736 -0.01174641 0.6708481 -0.04107223 0.004665955 0.7457744 -0.08883291 -0.01047768 0.6868336 -0.07941828 -0.008149101 0.7026083 -0.06809251 -0.004719075 0.7179831 -0.05259015 -0.0004933841 0.7325238 -0.1238429 -0.007515097 0.5070758 -0.1217814 -0.007509336 0.5234196 -0.1092164 -0.01051808 0.6055494 -0.1195906 -0.007667737 0.5397862 -0.1057762 -0.01147697 0.6220019 -0.1016314 -0.01217801 0.6383954 -0.09658032 -0.01241953 0.6546895 -0.09042068 -0.01199961 0.6708481 -0.03623075 0.004443794 0.7457733 -0.08295054 -0.01071648 0.6868336 -0.07170949 -0.008457584 0.7026059 -0.06112694 -0.004997957 0.7179812 -0.1334965 -0.008219182 0.4408106 -0.1335176 -0.008623905 0.4241314 -0.1334785 -0.007875979 0.45749 -0.1196301 -0.008149741 0.4744297 -0.1178912 -0.00792942 0.490748 -0.09921563 -0.008634465 0.5561955 -0.1160445 -0.007795099 0.5070758 -0.1074217 -0.008897988 0.5726081 -0.104907 -0.009763513 0.5890713 -0.1021038 -0.0107736 0.6055494 -0.09882139 -0.01172673 0.6220019 -0.09486808 -0.01242097 0.6383954 -0.09005243 -0.01265394 0.6546895 -0.08418271 -0.01222361 0.6708481 -0.07706802 -0.01092776 0.6868336 -0.1335294 -0.008847347 0.2676121 -0.1237303 -0.00935215 0.3109795 -0.1251586 -0.009146949 0.2782207 -0.1162902 -0.009448471 0.2864107 -0.1219448 -0.009510232 0.3437302 -0.1209258 -0.009547832 0.3600982 -0.1198263 -0.009545111 0.3764594 -0.1212783 -0.009475191 0.3825234 -0.1146816 -0.008953988 0.4418052 -0.1132094 -0.008676386 0.4581181 -0.09702673 -0.009229109 0.5726212 -0.09468271 -0.01009008 0.5890979 -0.09499015 -0.01100264 0.6055494 -0.08900707 -0.01203841 0.621992 -0.08532289 -0.01272434 0.6383896 -0.08083373 -0.01294714 0.6546859 -0.02936438 0.004194912 0.7457735 -0.07538337 -0.01250361 0.6708454 -0.0687678 -0.011192 0.6868314 -0.06081158 -0.008811507 0.7026066 -0.03555778 -0.001053236 0.7325249 -0.04142071 -0.005584921 0.7179823 -0.1085327 -0.009493751 0.01604291 -0.1036569 -0.009568072 0 0.08800114 -0.01335346 0.07812227 -0.1180063 -0.009154389 0.2290899 -0.117402 -0.00926039 0.2536526 -0.1135032 -0.009757193 0.3437302 -0.1100905 -0.009808634 0.3825234 -0.1125209 -0.009793754 0.3600982 -0.1152293 -0.009600873 0.3109795 -0.1144071 -0.009689754 0.3273568 -0.1065479 -0.009191909 0.4418052 -0.1026563 -0.009603672 0.4241314 -0.1051495 -0.008912227 0.4581181 -0.09375087 -0.008493503 0.5398011 -0.08501353 -0.01128977 0.605519 -0.0977249 -0.009763754 0.01610339 -0.1096323 -0.00934751 0.07361567 -0.1100796 -0.00926703 0.1717946 -0.1077555 -0.009678313 0.2864107 -0.1092394 -0.009418151 0.2372773 -0.1086095 -0.009531432 0.2618406 -0.1067277 -0.009829834 0.3109795 -0.08947476 -0.008567105 0.5070948 -0.08783459 -0.008548544 0.523433 -0.08426559 -0.009039829 0.5561902 -0.08229598 -0.009628393 0.5726157 -0.08020196 -0.01048224 0.5890868 -0.07511952 -0.01241521 0.6219952 -0.0717999 -0.01309114 0.6383919 -0.06779764 -0.01330066 0.6546871 -0.06291999 -0.01284162 0.6708464 -0.01985671 0.00392091 0.7457748 -0.05701914 -0.01151057 0.6868322 -0.04990861 -0.009107028 0.7026072 -0.09654624 -0.009702873 0.05725611 -0.09704369 -0.009609193 0.1063374 -0.09720082 -0.009579752 0.139063 -0.09933899 -0.009531192 0.167703 -0.09667281 -0.009678313 0.2209033 -0.09636537 -0.009735753 0.2372773 -0.09597776 -0.009808234 0.2536526 -0.1026679 -0.009824315 0.4066828 -0.07857819 -0.008877267 0.5397955 -0.07008884 -0.01166561 0.6055494 -0.07964941 -0.01017624 0.01597643 -0.07057404 -0.01035744 0 -0.08814987 -0.009864795 0.07361567 -0.08526496 -0.01005384 0.2536526 -0.07916227 -0.01051032 0.3927913 -0.07252583 -0.009149029 0.4907647 -0.07120502 -0.009000708 0.5070857 -0.07257887 -0.008912548 0.5234287 -0.06942724 -0.00939375 0.5561871 -0.06768644 -0.009976795 0.5726133 -0.06323911 -0.0108844 0.5890807 -0.06135063 -0.01274378 0.6219972 -0.05843028 -0.0134101 0.6383928 -0.05491121 -0.01360817 0.6546875 -0.05060829 -0.01313538 0.6708468 -0.04537626 -0.01178833 0.6868326 -0.03909606 -0.00936487 0.7026075 -0.08196134 -0.009958714 0.1022469 -0.07995828 -0.009976395 0.1308813 -0.079367 -0.01009368 0.2290899 -0.07697002 -0.01053088 0.3109795 -0.0786434 -0.01023744 0.2618406 -0.07627154 -0.01061672 0.3273568 -0.07788154 -0.01038216 0.2864107 -0.07551081 -0.01068072 0.3437302 -0.074694 -0.0107132 0.3600982 -0.0687826 -0.01081736 0.376451 -0.07096614 -0.01033728 0.4254855 -0.06994132 -0.01008176 0.4418052 -0.06887524 -0.009793995 0.4581181 -0.06293896 -0.009620473 0.4744425 -0.06363975 -0.00921727 0.5397918 -0.0558577 -0.01198905 0.6055494 -0.06172622 -0.01055904 0.01635851 -0.06772131 -0.01031344 0.0715707 -0.06922564 -0.01020176 0.139063 -0.04942036 -0.009416311 0.5233974 -0.0475238 -0.009870314 0.5561753 -0.04613458 -0.01044552 0.5726026 -0.04244335 -0.01315634 0.622002 -0.04002446 -0.01381154 0.6383958 -0.03710979 -0.01399634 0.6546899 -0.03365233 -0.01350505 0.6708483 -0.02935382 -0.01213753 0.6868337 0.03560715 0.01351794 0.7661196 -0.05202167 -0.0107756 0 -0.06202094 -0.01049664 0.04089663 -0.05402897 -0.01054472 0.1063374 -0.06242736 -0.01041072 0.2127165 -0.05253287 -0.01065896 0.2290899 -0.06189166 -0.01052392 0.2454646 -0.05996421 -0.01089384 0.3109795 -0.06151806 -0.01060288 0.2618406 -0.05932077 -0.01097848 0.3273568 -0.06080925 -0.01074648 0.2864107 -0.0586238 -0.01104112 0.3437302 -0.0578802 -0.01107208 0.3600982 -0.05627771 -0.01100056 0.3928126 -0.05543065 -0.01087896 0.4091551 -0.05059126 -0.01077104 0.4255259 -0.04451841 -0.01061728 0.4418052 -0.05275216 -0.01013808 0.4581181 -0.04689771 -0.009697913 0.4907178 -0.04636067 -0.009532553 0.5070715 -0.04371489 -0.009641113 0.539774 -0.04015414 -0.01137777 0.5890674 -0.03817349 -0.01236785 0.6055831 0.04387192 0.008205662 0.7572093 -0.03537914 -0.0111356 0 -0.04733251 -0.01073272 0.07361567 0.03800933 0.0134861 0.7661205 -0.03370305 -0.01093784 0.1308811 -0.03356665 -0.01097024 0.1963459 -0.03341672 -0.011006 0.2127165 -0.03294784 -0.01111784 0.2454646 -0.04373705 -0.01109832 0.2864107 -0.03126728 -0.01148265 0.3109795 -0.03261976 -0.01119592 0.2618406 -0.02859709 -0.01160865 0.3273568 -0.02801604 -0.01166889 0.3437302 -0.006201807 -0.01213009 0.3602778 -0.005591482 -0.01211577 0.3766033 -0.02820861 -0.01157657 0.3928126 -0.008931267 -0.01182985 0.4092531 -0.02554435 -0.0106964 0.4581181 -0.03383873 -0.0102232 0.4744297 -0.03619515 -0.01104528 0.0327172 -0.0006174022 -0.01401194 0.6220089 -0.005151318 -0.01452475 0.6383981 0.002127135 -0.01479858 0.6546924 0.003956189 -0.01427402 0.6708501 -0.01105016 -0.01163561 0 -0.02130215 -0.01132169 0.04498634 -0.02047639 -0.01128088 0.07361567 -0.02176689 -0.01120448 0.1063374 -0.02026263 -0.01157705 0.2864107 0.003402665 -0.01054952 0.507066 0.004775476 -0.01093976 0.5561757 0.00538972 -0.01149921 0.5726032 0.006124286 -0.01232329 0.5890637 0.03980358 0.01349321 0.7661193 -0.01030512 -0.01161345 0.01635851 -0.01067032 -0.01151745 0.2290899 -0.005344919 -0.01169729 0.4254855 -0.004857556 -0.01143065 0.4418052 -0.003908749 -0.01083632 0.4744297 -0.003426586 -0.01058688 0.490748 -0.002304816 -0.01037904 0.5234188 -0.001745373 -0.01049832 0.5397857 0.01502811 -0.01345449 0.6055127 0.006834612 -0.01197161 0.01635851 0.008160382 -0.01200753 0 -0.001955134 -0.01173097 0.04089663 -0.002215056 -0.01165897 0.07361567 0.02330217 -0.01212121 0.1472447 -0.002384658 -0.01161185 0.1963458 -0.002257456 -0.01164713 0.2127165 0.006411089 -0.01213153 0.2864107 -0.001859374 -0.01175753 0.2454645 0.008058141 -0.01229601 0.3109795 0.006981172 -0.01201497 0.2618405 0.006363488 -0.01233113 0.3273568 0.006813091 -0.01238873 0.3437302 0.01025736 -0.01237217 0.3928126 0.003679227 -0.01129768 0.4581181 0.02248536 -0.01509978 0.6383908 0.07595561 -0.01419938 0.6868334 0.02930582 0.01681084 0.7709565 0.03213288 0.01612955 0.7700277 0.01968942 -0.01224409 0.01635851 0.02009743 -0.01222825 0 0.01520627 -0.01209257 0.04089663 0.0235293 -0.01219409 0.2127165 0.02386898 -0.01230321 0.2454645 0.02367761 -0.01224177 0.2290898 0.03142007 -0.01268234 0.4090836 0.03147463 -0.01247409 0.4253993 0.03170855 -0.01220129 0.4417748 0.03186671 -0.01189401 0.4581203 0.03198552 -0.01159185 0.4744583 0.03208119 -0.01133409 0.4907968 0.03225473 -0.01110864 0.5234563 0.03235199 -0.0112184 0.5398086 0.02709636 -0.0145941 0.621996 0.084352 -0.01565635 0.6708481 0.0910358 -0.01591428 0.6676846 0.09148405 -0.01605556 0.6646096 0.02825868 -0.01242825 0.01635851 0.02863341 -0.01238193 0 0.04916237 -0.01269098 0.1226997 0.03728836 -0.01274682 0.2784275 0.03817164 -0.0130093 0.3272386 0.03849661 -0.01306426 0.3435681 0.03881308 -0.01308666 0.3599354 0.03911317 -0.01306666 0.3763313 0.06942388 -0.003089383 0.7325255 0.07499176 -0.004123471 0.729793 0.07622209 -0.005061478 0.7270576 0.03681059 -0.01261297 0.01623636 0.03716819 -0.01253161 0 0.04913108 -0.0126789 0.1554279 0.0369978 -0.01265746 0.2620069 0.03751756 -0.01284098 0.2946132 0.03782925 -0.01293242 0.3109619 0.03937405 -0.01299442 0.3928247 0.03218248 -0.01116248 0.5070758 0.03248576 -0.01153009 0.556181 0.03284305 -0.01289282 0.5890713 0.0326424 -0.01207985 0.5726081 0.09582305 -0.0157382 0.6242165 0.05721739 -0.01597316 0.6546906 0.08188054 -0.0141653 0.6868334 0.09007364 -0.01552723 0.673813 0.06187358 0.002356497 0.7457743 0.07227159 -0.002171455 0.7351146 0.06387592 0.003121464 0.7475005 0.05183678 0.008160701 0.7572084 0.04542698 -0.0127997 0.01630908 0.04570322 -0.01267754 0 0.06207398 -0.01296322 0.1226997 0.06204574 -0.01295122 0.1554279 0.0423068 -0.01278178 0.2749497 0.04230583 -0.01280058 0.2908574 0.04230504 -0.01281546 0.3067649 0.04230447 -0.01282666 0.3226711 0.04230407 -0.01283394 0.3385775 0.04230383 -0.01283818 0.3550405 0.04230415 -0.01283314 0.3862963 0.04230456 -0.0128253 0.4022012 0.04230512 -0.01281362 0.4181062 0.04230599 -0.0127981 0.4340111 0.04230696 -0.01277882 0.449916 0.04230815 -0.01275578 0.4658196 0.0423096 -0.01272882 0.4817232 0.0423112 -0.01269818 0.4976268 0.04231304 -0.01266362 0.5135303 0.04231504 -0.01262538 0.5294339 0.04231728 -0.01258321 0.5453362 0.04231968 -0.01253729 0.5612384 0.05218416 -0.01332242 0.5892638 0.04232223 -0.01248761 0.5771406 0.0872881 -0.01394978 0.6890199 0.07880851 -0.01156697 0.7026082 0.07485784 -0.007807019 0.7179829 0.08308158 -0.01068768 0.7069852 0.05399505 -0.01298258 0.01631708 0.0542384 -0.01281954 0 0.07076509 -0.01317042 0.08997604 0.07067645 -0.01312962 0.1226997 0.04959622 -0.01285754 0.2454645 0.04230799 -0.01275922 0.2590422 0.05390928 -0.01274786 0.5771406 0.05942189 -0.01441474 0.605606 0.09232693 -0.0162566 0.6584436 0.0784918 -0.006837812 0.7214848 0.0456365 0.01179689 0.7634644 0.04304185 0.0127589 0.7650106 0.06259375 -0.01316266 0.01632627 0.06277383 -0.01295762 0 0.07065086 -0.0131177 0.1554279 0.07925628 -0.01324322 0.1648693 0.05329168 -0.01300898 0.2590422 0.08902955 -0.01500963 0.6799172 0.08847091 -0.01469251 0.6829586 0.06921827 -0.0001130734 0.7402498 0.06753451 0.0009435766 0.7427235 0.05067126 0.009721193 0.7600177 0.07115365 -0.0133281 0.01632484 0.07130942 -0.01309186 0 0.07928571 -0.0132565 0.1226997 0.06749747 -0.0130045 0.5771406 0.06184558 -0.01351369 0.5890713 0.0962956 -0.01544059 0.6179512 0.08531913 -0.01251298 0.6980515 0.08600017 -0.0130333 0.6950491 0.05766619 0.006448689 0.7541322 0.05983221 0.00533636 0.751998 0.08789554 -0.0132957 0.1226997 0.08786859 -0.01328242 0.1648637 0.0879621 -0.01333458 0.2050197 0.07136854 -0.01335682 0.2590422 0.06909332 -0.01365394 0.5890713 0.09380206 -0.01634572 0.6460526 0.09191493 -0.016169 0.6615293 0.08956339 -0.01528723 0.676869 0.08227126 -0.009991355 0.7099392 0.08140245 -0.00925967 0.7128626 0.0773897 -0.005966285 0.7242873 0.07078453 -0.001156021 0.737705 0.04819011 0.01077096 0.7617894 0.1053086 -0.01349105 0.03010535 0.0967257 -0.01334834 0.05725587 0.09658832 -0.01326226 0.104797 0.1051914 -0.01341018 0.06381432 0.1051202 -0.01336066 0.09940506 0.1051335 -0.01336986 0.0903286 0.09652176 -0.0132329 0.1422971 0.1050998 -0.01334666 0.1264862 0.1051174 -0.01335882 0.1613265 0.09654153 -0.01323506 0.1636113 0.09655721 -0.01325794 0.1896896 0.1051554 -0.0133849 0.1837523 0.105249 -0.01344954 0.2168673 0.1052101 -0.01342249 0.2047884 0.07782058 -0.01315778 0.5771406 0.07634682 -0.01376082 0.5890713 0.09556896 -0.01586756 0.6273438 0.0866565 -0.01351218 0.6920385 0.06190327 0.004231472 0.7497914 0.1052551 -0.01345362 0.04394593 0.105157 -0.01338594 0.07825924 0.1051006 -0.0133477 0.1421033 0.1051763 -0.01339954 0.1927462 0.08456576 -0.01321914 0.5771406 0.08360015 -0.01379386 0.5890713 0.09444391 -0.01625364 0.6398302 0.07974404 -0.0162842 0.6546895 0.08386047 -0.01134041 0.7040203 0.07951332 -0.007682618 0.7186354 0.05307376 0.008656385 0.7581546 0.03491777 0.01538682 0.7689714 0.1051056 -0.0133509 0.1131807 0.1051374 -0.01337274 0.1746695 0.1052824 -0.01347257 0.2258825 0.09159365 -0.01324466 0.5771406 0.09714153 -0.01476323 0.6054017 0.0960644 -0.01559516 0.6210852 0.09474472 -0.01618235 0.6367136 0.09272165 -0.01631668 0.6553539 0.09056532 -0.01573628 0.6707515 0.08788994 -0.01433922 0.6859934 0.08460808 -0.01194953 0.7010433 0.08048037 -0.008490544 0.7157604 0.07367808 -0.003159464 0.73248 0.0657537 0.002021694 0.7451408 0.05540233 0.007568777 0.756195 0.03767179 0.01456834 0.7677755 0.04038742 0.01368266 0.7664468 0.0520063 -0.007223174 0.2523313 0.05019141 -0.005897244 0.2523313 0.05040429 -0.005836364 0.2523313 0.05126774 -0.005953644 0.2523313 0.05162503 -0.006214367 0.2523313 0.05176663 -0.006385088 0.2523313 0.05145791 -0.006069246 0.2523313 0.05187751 -0.00657677 0.2523313 0.05106238 -0.005870844 0.2523313 0.05195543 -0.006784131 0.2523313 0.05084582 -0.005822923 0.2523313 0.0506247 -0.005811324 0.2523313 0.05199911 -0.007001572 0.2523313 0.05181063 -0.007852779 0.2523313 0.04980885 -0.006119246 0.2523313 0.05190975 -0.007654617 0.2523313 0.05197598 -0.007442857 0.2523313 0.04999157 -0.005992444 0.2523313 0.04965157 -0.006274288 0.2523313 0.05168031 -0.00803182 0.2523313 0.04951989 -0.006453248 0.2523313 0.0511391 -0.008408704 0.2523313 0.04932557 -0.007082694 0.2523313 0.04935453 -0.006863011 0.2523313 0.05152167 -0.008186862 0.2523313 0.05133894 -0.008313583 0.2523313 0.04942077 -0.00665133 0.2523313 0.04937517 -0.007521497 0.2523313 0.05048469 -0.008482864 0.2523313 0.04945301 -0.007728779 0.2523313 0.0493314 -0.007304294 0.2523313 0.05092622 -0.008469584 0.2523313 0.05070582 -0.008494464 0.2523313 0.0497055 -0.008091181 0.2523313 0.05006286 -0.008351983 0.2523313 0.04987261 -0.008236301 0.2523313 0.04956396 -0.007920459 0.2523313 0.05026813 -0.008434863 0.2523313 0.07176286 -0.00657189 0.2590422 0.05199911 -0.007001572 0.2590422 0.05195543 -0.006784131 0.2590422 0.09889714 -0.01220577 0.2590422 0.09758233 -0.01358409 0.2590422 0.0520063 -0.007223174 0.2590422 0.04932557 -0.007082694 0.2590422 0.0493314 -0.007304294 0.2590422 0.04230799 -0.01275922 0.2590422 0.05187751 -0.00657677 0.2590422 0.06294007 -0.004762276 0.2590422 0.04937517 -0.007521816 0.2590422 0.04945301 -0.007729258 0.2590422 0.05106238 -0.005870844 0.2590422 0.05084582 -0.005822923 0.2590422 0.05176663 -0.006385088 0.2590422 0.05181071 -0.007852379 0.2590422 0.05190983 -0.007654298 0.2590422 0.05048469 -0.008482944 0.2590422 0.05037718 -0.01294586 0.2590422 0.05070719 -0.008494464 0.2590422 0.05837348 -0.01311194 0.2590422 0.05114046 -0.008408464 0.2590422 0.05134031 -0.008313183 0.2590422 0.06626841 -0.01326338 0.2590422 0.07408376 -0.01339602 0.2590422 0.07867555 -0.00799846 0.2590422 0.08539056 -0.009390471 0.2590422 0.05092622 -0.008469344 0.2590422 0.08190629 -0.01349361 0.2590422 0.09206558 -0.0107792 0.2590422 0.08974004 -0.01355634 0.2590422 0.1054332 -0.01357698 0.2590422 0.0506247 -0.005811324 0.2590422 0.05634002 -0.003416505 0.2590422 0.04293976 -0.0007038659 0.2590422 0.04965157 -0.006274288 0.2590422 0.04951989 -0.006453248 0.2590422 0.05145791 -0.006069246 0.2590422 0.05162503 -0.006214367 0.2590422 0.05126774 -0.005953644 0.2590422 0.04976301 -0.002081376 0.2590422 0.05040429 -0.005836364 0.2590422 0.05019141 -0.005897244 0.2590422 0.04999157 -0.005992444 0.2590422 0.04980885 -0.006119246 0.2590422 0.04942077 -0.00665133 0.2590422 0.04935453 -0.006863011 0.2590422 0.04956525 -0.00792102 0.2590422 0.04970685 -0.008091741 0.2590422 0.04987397 -0.008236782 0.2590422 0.05006278 -0.008352303 0.2590422 0.05026813 -0.008435104 0.2590422 0.05152167 -0.008186302 0.2590422 0.05168039 -0.00803134 0.2590422 0.05197598 -0.007442857 0.2590422 0.05199911 -0.007001572 0.2523313 0.0520063 -0.007223174 0.2590422 0.0520063 -0.007223174 0.2523313 0.05176663 -0.006385088 0.2523313 0.05187751 -0.00657677 0.2590422 0.05187751 -0.00657677 0.2523313 0.05195543 -0.006784131 0.2523313 0.05195543 -0.006784131 0.2590422 0.05199911 -0.007001572 0.2590422 0.05145791 -0.006069246 0.2590422 0.05145791 -0.006069246 0.2523313 0.05126774 -0.005953644 0.2523313 0.05176663 -0.006385088 0.2590422 0.05162503 -0.006214367 0.2523313 0.05162503 -0.006214367 0.2590422 0.05084582 -0.005822923 0.2523313 0.0506247 -0.005811324 0.2523313 0.05084582 -0.005822923 0.2590422 0.05106238 -0.005870844 0.2523313 0.05106238 -0.005870844 0.2590422 0.05126774 -0.005953644 0.2590422 0.04999157 -0.005992444 0.2523313 0.05019141 -0.005897244 0.2590422 0.05019141 -0.005897244 0.2523313 0.05040429 -0.005836364 0.2590422 0.0506247 -0.005811324 0.2590422 0.05040429 -0.005836364 0.2523313 0.04965157 -0.006274288 0.2590422 0.04965157 -0.006274288 0.2523313 0.04951989 -0.006453248 0.2523313 0.04999157 -0.005992444 0.2590422 0.04980885 -0.006119246 0.2523313 0.04980885 -0.006119246 0.2590422 0.04935453 -0.006863011 0.2523313 0.04932557 -0.007082694 0.2523313 0.04935453 -0.006863011 0.2590422 0.04942077 -0.00665133 0.2523313 0.04942077 -0.00665133 0.2590422 0.04951989 -0.006453248 0.2590422 0.04945301 -0.007728779 0.2523313 0.04937517 -0.007521816 0.2590422 0.04937517 -0.007521497 0.2523313 0.0493314 -0.007304294 0.2590422 0.04932557 -0.007082694 0.2590422 0.0493314 -0.007304294 0.2523313 0.04970685 -0.008091741 0.2590422 0.0497055 -0.008091181 0.2523313 0.04987261 -0.008236301 0.2523313 0.04945301 -0.007729258 0.2590422 0.04956396 -0.007920459 0.2523313 0.04956525 -0.00792102 0.2590422 0.05026813 -0.008434863 0.2523313 0.05048469 -0.008482864 0.2523313 0.05026813 -0.008435104 0.2590422 0.05006286 -0.008351983 0.2523313 0.05006278 -0.008352303 0.2590422 0.04987397 -0.008236782 0.2590422 0.05070582 -0.008494464 0.2523313 0.05092622 -0.008469584 0.2523313 0.05070719 -0.008494464 0.2590422 0.05048469 -0.008482944 0.2590422 0.05092622 -0.008469344 0.2590422 0.0511391 -0.008408704 0.2523313 0.05133894 -0.008313583 0.2523313 0.05114046 -0.008408464 0.2590422 0.05152167 -0.008186862 0.2523313 0.05134031 -0.008313183 0.2590422 0.05152167 -0.008186302 0.2590422 0.05168031 -0.00803182 0.2523313 0.05181063 -0.007852779 0.2523313 0.05168039 -0.00803134 0.2590422 0.05190975 -0.007654617 0.2523313 0.05181071 -0.007852379 0.2590422 0.05190983 -0.007654298 0.2590422 0.05197598 -0.007442857 0.2523313 0.05197598 -0.007442857 0.2590422 -0.1577947 0.007596858 0.1269014 -0.157584 0.01161793 0.1269014 -0.1614417 0.01182009 0.1266038 -0.1616524 0.007799019 0.1266038 -0.1616524 0.007799019 0.1266038 -0.1614417 0.01182009 0.1266038 -0.163628 0.01193465 0.1298006 -0.1638387 0.007913579 0.1298006 -0.1638387 0.007913579 0.1298006 -0.163628 0.01193465 0.1298006 -0.1619564 0.01184705 0.1332949 -0.1621671 0.007825979 0.1332949 -0.1621671 0.007825979 0.1332949 -0.1619564 0.01184705 0.1332949 -0.1580985 0.01164489 0.1335924 -0.1583093 0.007623817 0.1335924 -0.1583093 0.007623817 0.1335924 -0.1580985 0.01164489 0.1335924 -0.1559123 0.01153033 0.1303956 -0.156123 0.007509256 0.1303956 -0.156123 0.007509256 0.1303956 -0.1559123 0.01153033 0.1303956 -0.157584 0.01161793 0.1269014 -0.1577947 0.007596858 0.1269014 -0.157584 0.01161793 0.1269014 -0.153457 0.01140161 0.1275614 -0.15392 0.01142593 0.1265548 -0.1651163 0.01201265 0.1258302 -0.165705 0.01204345 0.1267689 -0.1614417 0.01182009 0.1266038 -0.1545422 0.01145849 0.1256383 -0.1559123 0.01153033 0.1303956 -0.1553064 0.01149857 0.1248369 -0.1530541 0.01138049 0.1297333 -0.1531656 0.01138641 0.1286306 -0.1531252 0.01138425 0.1308394 -0.1533771 0.01139745 0.1319188 -0.1571742 0.01159641 0.1236628 -0.1561918 0.01154497 0.1241723 -0.1538033 0.01141977 0.1329419 -0.1582261 0.01165153 0.1233221 -0.1604279 0.01176697 0.1231793 -0.1615163 0.01182393 0.1233813 -0.1543917 0.01145065 0.1338809 -0.1643815 0.01197409 0.1250014 -0.1579921 0.01163929 0.136331 -0.1569516 0.01158473 0.1359521 -0.1580985 0.01164489 0.1335924 -0.1661311 0.01206577 0.1277917 -0.163628 0.01193465 0.1298006 -0.1619564 0.01184705 0.1332949 -0.1601877 0.01175433 0.1365531 -0.1664551 0.01208281 0.129977 -0.1663439 0.01207697 0.1310797 -0.164204 0.01196481 0.1348745 -0.1633184 0.01191841 0.1355395 -0.166053 0.01206169 0.1321491 -0.1655901 0.01203745 0.133156 -0.1649683 0.01200489 0.1340728 -0.1663836 0.01207905 0.1288709 -0.1623357 0.01186689 0.1360495 -0.1590806 0.01169633 0.1365332 -0.1635203 0.01192897 0.124305 -0.1625565 0.01187849 0.12376 -0.1559877 0.01153425 0.1354069 -0.1551265 0.01148913 0.1347101 -0.1593213 0.01170897 0.1231593 -0.1612825 0.01181169 0.1363904 -0.1577947 0.007596858 0.1269014 -0.1541288 0.007404776 0.1265581 -0.1536662 0.007380536 0.1275652 -0.165327 0.00799158 0.1258302 -0.1645922 0.007953019 0.1250014 -0.1616524 0.007799019 0.1266038 -0.1547506 0.007437336 0.1256409 -0.1555148 0.007477416 0.1248387 -0.1533755 0.007365255 0.1286348 -0.1532647 0.007359496 0.1297377 -0.156123 0.007509256 0.1303956 -0.1533366 0.007363255 0.1308438 -0.1535893 0.007376456 0.1319228 -0.1564005 0.007523817 0.1241734 -0.154016 0.007398856 0.1329455 -0.1573834 0.007575337 0.1236633 -0.159532 0.007687898 0.1231593 -0.1606386 0.007745898 0.1231793 -0.1546048 0.007429656 0.1338838 -0.163731 0.007907899 0.124305 -0.1553398 0.007468216 0.1347123 -0.1562008 0.007513336 0.1354083 -0.1583093 0.007623817 0.1335924 -0.1638387 0.007913579 0.1298006 -0.1663419 0.008044781 0.1277917 -0.1659156 0.008022381 0.1267689 -0.1592913 0.007675258 0.1365332 -0.1603984 0.007733258 0.1365531 -0.1665546 0.008055901 0.1310797 -0.1666659 0.008061741 0.129977 -0.1635292 0.00789734 0.1355395 -0.1621671 0.007825979 0.1332949 -0.1625464 0.007845819 0.1360495 -0.1662637 0.008040621 0.1321491 -0.1658008 0.00801638 0.133156 -0.1644147 0.007943739 0.1348745 -0.165179 0.00798382 0.1340728 -0.1665943 0.008057981 0.1288709 -0.1614932 0.007790699 0.1363904 -0.1582044 0.007618298 0.1363314 -0.1627672 0.007857419 0.12376 -0.161727 0.007802939 0.1233813 -0.1584368 0.007630537 0.1233221 -0.1571645 0.007563817 0.1359529 -0.1663836 0.01207905 0.1288709 -0.1665943 0.008057981 0.1288709 -0.1666659 0.008061741 0.129977 -0.1592913 0.007675258 0.1365332 -0.1601877 0.01175433 0.1365531 -0.1603984 0.007733258 0.1365531 -0.1661311 0.01206577 0.1277917 -0.1663419 0.008044781 0.1277917 -0.1659156 0.008022381 0.1267689 -0.165705 0.01204345 0.1267689 -0.1651163 0.01201265 0.1258302 -0.165327 0.00799158 0.1258302 -0.1643815 0.01197409 0.1250014 -0.1645922 0.007953019 0.1250014 -0.163731 0.007907899 0.124305 -0.1635203 0.01192897 0.124305 -0.1625565 0.01187849 0.12376 -0.1627672 0.007857419 0.12376 -0.1615163 0.01182393 0.1233813 -0.161727 0.007802939 0.1233813 -0.1606386 0.007745898 0.1231793 -0.1604279 0.01176697 0.1231793 -0.1593213 0.01170897 0.1231593 -0.159532 0.007687898 0.1231593 -0.1664551 0.01208281 0.129977 -0.1665546 0.008055901 0.1310797 -0.1663439 0.01207697 0.1310797 -0.1662637 0.008040621 0.1321491 -0.166053 0.01206169 0.1321491 -0.1655901 0.01203745 0.133156 -0.1658008 0.00801638 0.133156 -0.165179 0.00798382 0.1340728 -0.1649683 0.01200489 0.1340728 -0.1644147 0.007943739 0.1348745 -0.164204 0.01196481 0.1348745 -0.1633184 0.01191841 0.1355395 -0.1635292 0.00789734 0.1355395 -0.1625464 0.007845819 0.1360495 -0.1623357 0.01186689 0.1360495 -0.1614932 0.007790699 0.1363904 -0.1612825 0.01181169 0.1363904 -0.1562008 0.007513336 0.1354083 -0.1569516 0.01158473 0.1359521 -0.1571645 0.007563817 0.1359529 -0.1582044 0.007618298 0.1363314 -0.1579921 0.01163929 0.136331 -0.1590806 0.01169633 0.1365332 -0.1543917 0.01145065 0.1338809 -0.1546048 0.007429656 0.1338838 -0.154016 0.007398856 0.1329455 -0.1559877 0.01153425 0.1354069 -0.1553398 0.007468216 0.1347123 -0.1551265 0.01148913 0.1347101 -0.1533366 0.007363255 0.1308438 -0.1532647 0.007359496 0.1297377 -0.1531252 0.01138425 0.1308394 -0.1535893 0.007376456 0.1319228 -0.1533771 0.01139745 0.1319188 -0.1538033 0.01141977 0.1329419 -0.1541288 0.007404776 0.1265581 -0.153457 0.01140161 0.1275614 -0.1536662 0.007380536 0.1275652 -0.1531656 0.01138641 0.1286306 -0.1530541 0.01138049 0.1297333 -0.1533755 0.007365255 0.1286348 -0.1553064 0.01149857 0.1248369 -0.1545422 0.01145849 0.1256383 -0.1555148 0.007477416 0.1248387 -0.15392 0.01142593 0.1265548 -0.1547506 0.007437336 0.1256409 -0.1564005 0.007523817 0.1241734 -0.1561918 0.01154497 0.1241723 -0.1573834 0.007575337 0.1236633 -0.1571742 0.01159641 0.1236628 -0.1582261 0.01165153 0.1233221 -0.1584368 0.007630537 0.1233221 -0.1600513 0.001331034 0.1275447 -0.158176 0.001232763 0.1289152 -0.1624216 0.00145521 0.1307973 -0.1605463 0.001356969 0.1321677 -0.1621741 0.00144225 0.1284858 -0.1584235 0.001245737 0.1312267 -0.1624919 0.0001149002 0.1307973 -0.1621741 0.00144225 0.1284858 -0.1624216 0.00145521 0.1307973 -0.1622444 0.0001019276 0.1284858 -0.1606166 1.663011e-05 0.1321677 -0.1624216 0.00145521 0.1307973 -0.1605463 0.001356969 0.1321677 -0.1624919 0.0001149002 0.1307973 -0.1584938 -9.461254e-05 0.1312267 -0.1605463 0.001356969 0.1321677 -0.1584235 0.001245737 0.1312267 -0.1606166 1.663011e-05 0.1321677 -0.1582463 -0.0001075852 0.1289152 -0.1584235 0.001245737 0.1312267 -0.158176 0.001232763 0.1289152 -0.1584938 -9.461254e-05 0.1312267 -0.1601215 -9.315077e-06 0.1275447 -0.158176 0.001232763 0.1289152 -0.1600513 0.001331034 0.1275447 -0.1582463 -0.0001075852 0.1289152 -0.1622444 0.0001019276 0.1284858 -0.1600513 0.001331034 0.1275447 -0.1621741 0.00144225 0.1284858 -0.1601215 -9.315077e-06 0.1275447 -0.1584059 -9.921383e-05 0.127137 -0.1601215 -9.315077e-06 0.1275447 -0.1588798 -7.438457e-05 0.1268504 -0.1637163 0.0001790586 0.1296988 -0.1622444 0.0001019276 0.1284858 -0.1624919 0.0001149002 0.1307973 -0.1593943 -4.742405e-05 0.1266459 -0.1582463 -0.0001075852 0.1289152 -0.1599353 -1.906926e-05 0.126529 -0.1579857 -0.0001212362 0.1274977 -0.1576305 -0.0001398492 0.1279227 -0.1573501 -0.0001545462 0.1284005 -0.1604883 9.907263e-06 0.1265029 -0.1571519 -0.000164928 0.1289179 -0.1610381 3.871312e-05 0.1265683 -0.1615694 6.65627e-05 0.1267234 -0.1629139 0.0001370132 0.1276733 -0.1625204 0.0001163918 0.1272836 -0.1620682 9.269536e-05 0.1269642 -0.1636447 0.0001753098 0.1291493 -0.1584938 -9.461254e-05 0.1312267 -0.1572547 -0.0001595431 0.1310943 -0.1575006 -0.0001466595 0.1315905 -0.1635859 0.0001722308 0.1307956 -0.1636964 0.0001780224 0.1302526 -0.1591685 -5.925516e-05 0.1329889 -0.1586699 -8.538031e-05 0.1327484 -0.1627518 0.0001285154 0.1322156 -0.1631071 0.0001471346 0.1317907 -0.1606166 1.663011e-05 0.1321677 -0.1602493 -2.615964e-06 0.1332096 -0.1608022 2.635331e-05 0.1331836 -0.1623314 0.0001064905 0.1325761 -0.1618576 8.166097e-05 0.1328624 -0.1613432 5.470327e-05 0.1330668 -0.1633877 0.0001618396 0.1313131 -0.1582176 -0.0001090831 0.1324288 -0.1634838 0.0001668795 0.128619 -0.1632379 0.0001539972 0.1281225 -0.1578246 -0.0001296781 0.1320396 -0.157022 -0.0001717369 0.1300147 -0.1570937 -0.0001679788 0.1305642 -0.1570416 -0.0001707101 0.129461 -0.1596998 -3.141363e-05 0.1331441 -0.1572096 0.002526099 0.1284005 -0.1576305 -0.0001398492 0.1279227 -0.15749 0.002540819 0.1279227 -0.1586699 -8.538031e-05 0.1327484 -0.1585295 0.002595299 0.1327484 -0.159028 0.002621379 0.1329889 -0.1578453 0.002559459 0.1274977 -0.1579857 -0.0001212362 0.1274977 -0.1584059 -9.921383e-05 0.127137 -0.1582655 0.002581459 0.127137 -0.1588798 -7.438457e-05 0.1268504 -0.1587393 0.00260626 0.1268504 -0.1592538 0.002633219 0.1266459 -0.1593943 -4.742405e-05 0.1266459 -0.1599353 -1.906926e-05 0.126529 -0.1597949 0.00266162 0.126529 -0.1604883 9.907263e-06 0.1265029 -0.1603479 0.00269058 0.1265029 -0.1608975 0.002719381 0.1265683 -0.1610381 3.871312e-05 0.1265683 -0.1615694 6.65627e-05 0.1267234 -0.1614291 0.00274722 0.1267234 -0.1620682 9.269536e-05 0.1269642 -0.1619277 0.002773381 0.1269642 -0.1573501 -0.0001545462 0.1284005 -0.1570115 0.002515698 0.1289179 -0.1571519 -0.000164928 0.1289179 -0.1569012 0.002509939 0.129461 -0.1570416 -0.0001707101 0.129461 -0.157022 -0.0001717369 0.1300147 -0.1568816 0.002508899 0.1300147 -0.1569533 0.002512658 0.1305642 -0.1570937 -0.0001679788 0.1305642 -0.1571142 0.002521138 0.1310943 -0.1572547 -0.0001595431 0.1310943 -0.1575006 -0.0001466595 0.1315905 -0.1573601 0.002534019 0.1315905 -0.1576842 0.002550979 0.1320396 -0.1578246 -0.0001296781 0.1320396 -0.1580771 0.002571539 0.1324288 -0.1582176 -0.0001090831 0.1324288 -0.1596998 -3.141363e-05 0.1331441 -0.1591685 -5.925516e-05 0.1329889 -0.1595593 0.002649219 0.1331441 -0.1613432 5.470327e-05 0.1330668 -0.1608022 2.635331e-05 0.1331836 -0.1612026 0.002735381 0.1330668 -0.1602493 -2.615964e-06 0.1332096 -0.1601089 0.00267802 0.1332096 -0.1606617 0.00270698 0.1331836 -0.1623314 0.0001064905 0.1325761 -0.1626113 0.002809141 0.1322156 -0.1627518 0.0001285154 0.1322156 -0.1617171 0.00276234 0.1328624 -0.1621909 0.002787141 0.1325761 -0.1618576 8.166097e-05 0.1328624 -0.1634454 0.002852901 0.1307956 -0.1635859 0.0001722308 0.1307956 -0.1633877 0.0001618396 0.1313131 -0.1632472 0.002842501 0.1313131 -0.1631071 0.0001471346 0.1317907 -0.1629665 0.002827781 0.1317907 -0.1636447 0.0001753098 0.1291493 -0.1637163 0.0001790586 0.1296988 -0.1635042 0.002855941 0.1291493 -0.1636964 0.0001780224 0.1302526 -0.163556 0.002858661 0.1302526 -0.1635757 0.002859701 0.1296988 -0.1630975 0.002834661 0.1281225 -0.1634838 0.0001668795 0.128619 -0.1633433 0.002847541 0.128619 -0.1627734 0.002817701 0.1276733 -0.1632379 0.0001539972 0.1281225 -0.1629139 0.0001370132 0.1276733 -0.1623799 0.002797061 0.1272836 -0.1625204 0.0001163918 0.1272836 -0.1614194 0.00274674 0.1322612 -0.1612026 0.002735381 0.1330668 -0.1610079 0.00272514 0.1324247 -0.1626435 0.0028109 0.1310217 -0.1628021 0.002819141 0.1306078 -0.1632472 0.002842501 0.1313131 -0.1628906 0.002823781 0.1301734 -0.1634454 0.002852901 0.1307956 -0.1629665 0.002827781 0.1317907 -0.1624189 0.002799061 0.1314038 -0.163556 0.002858661 0.1302526 -0.1629063 0.00282466 0.1297303 -0.1626113 0.002809141 0.1322156 -0.1621346 0.00278418 0.1317437 -0.1635757 0.002859701 0.1296988 -0.1628491 0.00282162 0.1292907 -0.1617984 0.00276658 0.1320321 -0.1621909 0.002787141 0.1325761 -0.1633433 0.002847541 0.128619 -0.1635042 0.002855941 0.1291493 -0.1617171 0.00276234 0.1328624 -0.1630975 0.002834661 0.1281225 -0.1627204 0.002814901 0.1288665 -0.1595593 0.002649219 0.1331441 -0.1596932 0.00265626 0.1324865 -0.1601089 0.00267802 0.1332096 -0.1619497 0.0027745 0.1277982 -0.1619277 0.002773381 0.1269642 -0.1623799 0.002797061 0.1272836 -0.1587393 0.00260626 0.1268504 -0.1590371 0.00262186 0.1274516 -0.1586581 0.00260202 0.1276808 -0.1588694 0.002613059 0.13217 -0.1592681 0.002634019 0.1323624 -0.159028 0.002621379 0.1329889 -0.1580377 0.002569539 0.1283094 -0.1578133 0.002557779 0.1286916 -0.15749 0.002540819 0.1279227 -0.1577371 0.002553779 0.1308467 -0.1573601 0.002534019 0.1315905 -0.1571142 0.002521138 0.1310943 -0.157655 0.002549458 0.1291056 -0.1572096 0.002526099 0.1284005 -0.1570115 0.002515698 0.1289179 -0.1575666 0.002544818 0.12954 -0.1576084 0.002546979 0.1304226 -0.1569533 0.002512658 0.1305642 -0.1568816 0.002508899 0.1300147 -0.1575509 0.002544018 0.1299831 -0.1569012 0.002509939 0.129461 -0.1583219 0.00258442 0.1279694 -0.1578453 0.002559459 0.1274977 -0.1576842 0.002550979 0.1320396 -0.1579337 0.002564099 0.1312437 -0.158193 0.002577619 0.1316029 -0.1582655 0.002581459 0.127137 -0.1585295 0.002595299 0.1327484 -0.1585075 0.002594099 0.1319143 -0.1580771 0.002571539 0.1324288 -0.1597949 0.00266162 0.126529 -0.1603479 0.00269058 0.1265029 -0.1603239 0.002689299 0.1271736 -0.1608975 0.002719381 0.1265683 -0.1611889 0.00273466 0.12735 -0.1607637 0.002712339 0.1272259 -0.1601328 0.0026793 0.1325389 -0.1606617 0.00270698 0.1331836 -0.1615878 0.00275554 0.1275426 -0.1614291 0.00274722 0.1267234 -0.1622644 0.002790981 0.1281099 -0.1627734 0.002817701 0.1276733 -0.160575 0.0027025 0.1325181 -0.1625237 0.002804581 0.1284692 -0.1592538 0.002633219 0.1266459 -0.1594488 0.00264346 0.127288 -0.1598816 0.0026661 0.1271945 -0.1625733 0.004151232 0.1310217 -0.1626435 0.0028109 0.1310217 -0.1624189 0.002799061 0.1314038 -0.1585075 0.002594099 0.1319143 -0.158799 0.00395347 0.13217 -0.1588694 0.002613059 0.13217 -0.1627318 0.00415955 0.1306078 -0.1628021 0.002819141 0.1306078 -0.1628906 0.002823781 0.1301734 -0.1628202 0.00416419 0.1301734 -0.1628361 0.004164992 0.1297303 -0.1629063 0.00282466 0.1297303 -0.1627789 0.004161952 0.1292907 -0.1628491 0.00282162 0.1292907 -0.1627204 0.002814901 0.1288665 -0.1626502 0.004155231 0.1288665 -0.1624535 0.004144911 0.1284692 -0.1625237 0.002804581 0.1284692 -0.1621942 0.004131311 0.1281099 -0.1622644 0.002790981 0.1281099 -0.1619497 0.0027745 0.1277982 -0.1618794 0.00411483 0.1277982 -0.1615176 0.00409587 0.1275426 -0.1615878 0.00275554 0.1275426 -0.1623487 0.004139471 0.1314038 -0.1621346 0.00278418 0.1317437 -0.1620644 0.004124511 0.1317437 -0.1617984 0.00276658 0.1320321 -0.1617282 0.004106911 0.1320321 -0.1613492 0.004087071 0.1322612 -0.1614194 0.00274674 0.1322612 -0.1610079 0.00272514 0.1324247 -0.1609377 0.00406547 0.1324247 -0.160575 0.0027025 0.1325181 -0.1605048 0.00404283 0.1325181 -0.1600626 0.00401963 0.1325389 -0.1601328 0.0026793 0.1325389 -0.1596932 0.00265626 0.1324865 -0.1596229 0.00399659 0.1324865 -0.1592681 0.002634019 0.1323624 -0.1591978 0.00397435 0.1323624 -0.1577371 0.002553779 0.1308467 -0.1578633 0.003904429 0.1312432 -0.1579337 0.002564099 0.1312437 -0.158193 0.002577619 0.1316029 -0.1581224 0.003917949 0.1316026 -0.1584373 0.00393451 0.1319144 -0.1574806 0.003884348 0.1299822 -0.1575509 0.002544018 0.1299831 -0.1575666 0.002544818 0.12954 -0.1576665 0.003894109 0.130846 -0.1576084 0.002546979 0.1304226 -0.1575379 0.003887309 0.1304218 -0.1578133 0.002557779 0.1286916 -0.1580377 0.002569539 0.1283094 -0.1577434 0.003898108 0.1286908 -0.157655 0.002549458 0.1291056 -0.1575848 0.00388979 0.1291047 -0.1574964 0.003885148 0.1295391 -0.1590371 0.00262186 0.1274516 -0.1585884 0.003942429 0.1276803 -0.1586581 0.00260202 0.1276808 -0.1582522 0.00392475 0.1279687 -0.157968 0.003909869 0.1283087 -0.1583219 0.00258442 0.1279694 -0.1598118 0.00400651 0.1271944 -0.1593791 0.00398379 0.1272878 -0.1598816 0.0026661 0.1271945 -0.1589675 0.003962269 0.1274513 -0.1594488 0.00264346 0.127288 -0.1603239 0.002689299 0.1271736 -0.1602541 0.00402971 0.1271736 -0.1607637 0.002712339 0.1272259 -0.1606938 0.00405275 0.1272259 -0.1611187 0.00407499 0.1273501 -0.1611889 0.00273466 0.12735 -0.1614042 0.00408995 0.1293614 -0.1626502 0.004155231 0.1288665 -0.1614686 0.004093311 0.1295735 -0.1623487 0.004139471 0.1314038 -0.1620644 0.004124511 0.1317437 -0.1611114 0.00407459 0.1307999 -0.1625733 0.004151232 0.1310217 -0.1612536 0.00408203 0.13063 -0.1617282 0.004106911 0.1320321 -0.1607538 0.004055871 0.1310588 -0.1609433 0.004065791 0.1309442 -0.1613658 0.00408795 0.130439 -0.161445 0.004092111 0.130232 -0.1627318 0.00415955 0.1306078 -0.1609377 0.00406547 0.1324247 -0.1605479 0.00404507 0.1311404 -0.1614893 0.00409443 0.1300148 -0.1628202 0.00416419 0.1301734 -0.1600626 0.00401963 0.1325389 -0.1603315 0.00403371 0.1311872 -0.1605048 0.00404283 0.1325181 -0.1614972 0.00409483 0.1297932 -0.1628361 0.004164992 0.1297303 -0.1601105 0.00402219 0.1311976 -0.1596229 0.00399659 0.1324865 -0.1598906 0.00401067 0.1311714 -0.1627789 0.004161952 0.1292907 -0.1592978 0.00397955 0.1308852 -0.1584373 0.00393451 0.1319144 -0.1581224 0.003917949 0.1316026 -0.1613058 0.004084831 0.1291627 -0.1624535 0.004144911 0.1284692 -0.1615176 0.00409587 0.1275426 -0.1606385 0.00404979 0.1286031 -0.1611187 0.00407499 0.1273501 -0.1602541 0.00402971 0.1271736 -0.1599849 0.00401555 0.1285254 -0.1598118 0.00400651 0.1271944 -0.1591406 0.00397131 0.1307295 -0.1578633 0.003904429 0.1312432 -0.159011 0.003964509 0.1305499 -0.1593731 0.003983549 0.1287685 -0.1585884 0.003942429 0.1276803 -0.1595626 0.00399347 0.1286539 -0.1588482 0.003956029 0.1301394 -0.1575379 0.003887309 0.1304218 -0.1588196 0.00395451 0.1299196 -0.1590629 0.00396723 0.1290828 -0.1589507 0.00396139 0.1292739 -0.1577434 0.003898108 0.1286908 -0.1588715 0.003957229 0.1294809 -0.1575848 0.00388979 0.1291047 -0.1582522 0.00392475 0.1279687 -0.159205 0.00397467 0.1289128 -0.157968 0.003909869 0.1283087 -0.1588274 0.00395491 0.1296981 -0.1574964 0.003885148 0.1295391 -0.1589675 0.003962269 0.1274513 -0.1593791 0.00398379 0.1272878 -0.1574806 0.003884348 0.1299822 -0.1589126 0.00395939 0.1303515 -0.1576665 0.003894109 0.130846 -0.1597684 0.00400427 0.1285721 -0.1606938 0.00405275 0.1272259 -0.1602061 0.00402715 0.1285149 -0.1604259 0.00403867 0.1285411 -0.1618794 0.00411483 0.1277982 -0.160838 0.00406027 0.1286994 -0.158799 0.00395347 0.13217 -0.1594787 0.00398907 0.1310131 -0.1610189 0.00406979 0.1288272 -0.1621942 0.004131311 0.1281099 -0.1596782 0.00399947 0.1311093 -0.1591978 0.00397435 0.1323624 -0.1611763 0.00407803 0.1289831 -0.1613492 0.004087071 0.1322612 -0.1583564 0.01333842 0.1301387 -0.1583278 0.01333698 0.1299189 -0.1583357 0.01333738 0.1296973 -0.1604517 0.01344825 0.1309442 -0.1602622 0.01343833 0.1310588 -0.1601469 0.01343225 0.1286031 -0.1583801 0.0133397 0.1294801 -0.1584207 0.01334178 0.1303509 -0.1584595 0.01334386 0.1292731 -0.1585189 0.01334698 0.1305495 -0.1586487 0.01335378 0.1307293 -0.1585718 0.0133497 0.1290821 -0.1588061 0.01336202 0.1308852 -0.1587139 0.01335714 0.1289122 -0.1589871 0.01337146 0.1310131 -0.1588821 0.01336602 0.128768 -0.1590718 0.01337594 0.1286536 -0.1591864 0.01338194 0.1311093 -0.1597148 0.01340962 0.128515 -0.1598399 0.01341618 0.1311872 -0.1594938 0.01339802 0.1285253 -0.1596188 0.01340458 0.1311976 -0.159399 0.01339306 0.1311714 -0.1592775 0.01338674 0.1285719 -0.1603463 0.01344273 0.1286994 -0.1600564 0.01342754 0.1311404 -0.1599345 0.01342114 0.1285411 -0.1606845 0.01346041 0.1289831 -0.1608143 0.01346721 0.1291627 -0.1608741 0.01347042 0.130439 -0.1605272 0.01345218 0.1288272 -0.1607619 0.01346449 0.13063 -0.1606197 0.01345705 0.1307999 -0.1609977 0.01347681 0.1300148 -0.1609769 0.01347578 0.1295735 -0.1610056 0.01347729 0.1297932 -0.1609126 0.01347242 0.1293614 -0.1609534 0.0134745 0.130232 -0.1612536 0.00408203 0.13063 -0.1607619 0.01346449 0.13063 -0.1608741 0.01347042 0.130439 -0.1601469 0.01343225 0.1286031 -0.160838 0.00406027 0.1286994 -0.1603463 0.01344273 0.1286994 -0.1611114 0.00407459 0.1307999 -0.1606197 0.01345705 0.1307999 -0.1604517 0.01344825 0.1309442 -0.1609433 0.004065791 0.1309442 -0.1607538 0.004055871 0.1310588 -0.1602622 0.01343833 0.1310588 -0.1605479 0.00404507 0.1311404 -0.1600564 0.01342754 0.1311404 -0.1598399 0.01341618 0.1311872 -0.1603315 0.00403371 0.1311872 -0.1601105 0.00402219 0.1311976 -0.1596188 0.01340458 0.1311976 -0.1598906 0.00401067 0.1311714 -0.159399 0.01339306 0.1311714 -0.1591864 0.01338194 0.1311093 -0.1596782 0.00399947 0.1311093 -0.1594787 0.00398907 0.1310131 -0.1589871 0.01337146 0.1310131 -0.1613658 0.00408795 0.130439 -0.1609534 0.0134745 0.130232 -0.161445 0.004092111 0.130232 -0.1609977 0.01347681 0.1300148 -0.1614893 0.00409443 0.1300148 -0.1614972 0.00409483 0.1297932 -0.1610056 0.01347729 0.1297932 -0.1609769 0.01347578 0.1295735 -0.1614686 0.004093311 0.1295735 -0.1609126 0.01347242 0.1293614 -0.1614042 0.00408995 0.1293614 -0.1613058 0.004084831 0.1291627 -0.1608143 0.01346721 0.1291627 -0.1606845 0.01346041 0.1289831 -0.1611763 0.00407803 0.1289831 -0.1605272 0.01345218 0.1288272 -0.1610189 0.00406979 0.1288272 -0.1594938 0.01339802 0.1285253 -0.1602061 0.00402715 0.1285149 -0.1597148 0.01340962 0.128515 -0.1599345 0.01342114 0.1285411 -0.1604259 0.00403867 0.1285411 -0.1606385 0.00404979 0.1286031 -0.1595626 0.00399347 0.1286539 -0.1590718 0.01337594 0.1286536 -0.1588821 0.01336602 0.128768 -0.1599849 0.00401555 0.1285254 -0.1592775 0.01338674 0.1285719 -0.1597684 0.00400427 0.1285721 -0.1585718 0.0133497 0.1290821 -0.1584595 0.01334386 0.1292731 -0.1590629 0.00396723 0.1290828 -0.1587139 0.01335714 0.1289122 -0.159205 0.00397467 0.1289128 -0.1593731 0.003983549 0.1287685 -0.1583278 0.01333698 0.1299189 -0.1588274 0.00395491 0.1296981 -0.1583357 0.01333738 0.1296973 -0.1588715 0.003957229 0.1294809 -0.1589507 0.00396139 0.1292739 -0.1583801 0.0133397 0.1294801 -0.1589126 0.00395939 0.1303515 -0.1588482 0.003956029 0.1301394 -0.1584207 0.01334178 0.1303509 -0.1588196 0.00395451 0.1299196 -0.1583564 0.01333842 0.1301387 -0.1585189 0.01334698 0.1305495 -0.159011 0.003964509 0.1305499 -0.1586487 0.01335378 0.1307293 -0.1591406 0.00397131 0.1307295 -0.1592978 0.00397955 0.1308852 -0.1588061 0.01336202 0.1308852</float_array>
          <technique_common>
            <accessor source="#ID26_011-mesh-positions-array" count="9445" stride="3">
              <param name="X" type="float"/>
              <param name="Y" type="float"/>
              <param name="Z" type="float"/>
            </accessor>
          </technique_common>
        </source>
        <source id="ID26_011-mesh-normals">
          <float_array id="ID26_011-mesh-normals-array" count="26388">0.08255296 -0.9965868 0 -0.08291918 -0.9965563 0 -0.08255296 -0.9965868 0 1 0 0 0.9863626 0.164587 0 -0.2454643 -0.9694057 0 -0.2458016 -0.9693202 0 -0.4020001 -0.9156397 0 -0.401688 -0.9157767 0 -0.5472124 -0.8369939 0 -0.5469574 -0.8371605 0 -0.6772807 -0.7357248 0 -0.6774875 -0.7355343 0 -0.7892915 -0.6140188 0 -0.7891451 -0.6142068 0 -0.8795709 -0.4757679 0 -0.8794736 -0.4759479 0 -0.9458194 -0.3246934 0 -0.9458414 -0.3246294 0 -0.9863569 -0.1646217 0 -0.9863626 -0.164587 0 -1 0 0 0.08221703 -0.9966145 0 0.2454643 -0.9694057 0 0.245163 -0.969482 0 0.401688 -0.9157767 0 0.4014127 -0.9158973 0 0.5467164 -0.8373178 0 0.546936 -0.8371744 0 0.6772807 -0.7357248 0 0.677122 -0.7358708 0 0.7891304 -0.6142258 0 0.7890251 -0.6143611 0 0.8794087 -0.4760679 0 0.8794736 -0.4759479 0 0.9458194 -0.3246934 0 0.945788 -0.3247846 0 0.9863626 -0.164587 0 0.9863569 -0.1646217 0 0.9458194 0.3246934 0 0.6772807 0.7357248 0 0.7891304 0.6142258 0 0.8794736 0.4759479 0 0.7891451 0.6142068 0 0.401688 0.9157767 0 0.2454643 0.9694057 0 0.5469574 0.8371605 0 0.546936 0.8371744 0 -0.2454643 0.9694057 0 -0.08255296 0.9965868 0 0.08255296 0.9965868 0 -0.6772807 0.7357248 0 -0.5469574 0.8371605 0 -0.401688 0.9157767 0 -0.546936 0.8371744 0 -0.8794736 0.4759479 0 -0.7891451 0.6142068 0 -0.7891304 0.6142258 0 -0.9458194 0.3246934 0 -0.9863626 0.164587 0 0 0 1 -8.84119e-5 0 1 5.89326e-5 0 1 -4.41934e-5 0 1 5.89405e-5 0 1 5.89405e-5 0 1 4.41934e-5 0 1 2.94703e-5 0 1 -8.85205e-5 0 1 -1.93369e-5 0 1 -4.41932e-5 0 1 -1.76776e-4 0 1 2.94764e-5 0 1 -8.84132e-5 0 1 -1.76818e-4 0 1 -2.94703e-5 0 1 -1.76826e-4 0 1 -1.47351e-5 0 1 -1.8419e-6 0 1 0 0 -1 0.5469574 -0.8371605 0 -0.546936 -0.8371744 0 -0.7891304 -0.6142258 0 -0.8795709 0.4757679 0 -0.945832 0.3246567 0 -0.945788 0.3247846 0 -0.9863519 0.1646513 0 -0.9863569 0.1646217 0 -0.6771055 0.735886 0 -0.5472124 0.8369939 0 -0.6774875 0.7355343 0 -0.8794087 0.4760679 0 -0.7890251 0.6143611 0 -0.7892915 0.6140188 0 -0.2458016 0.9693202 0 -0.2451558 0.9694838 0 -0.08291918 0.9965563 0 -0.4020001 0.9156397 0 -0.5467164 0.8373178 0 -0.4014127 0.9158973 0 0.08221703 0.9966145 0 0.08291918 0.9965563 0 0.2451558 0.9694838 0 -0.08221703 0.9966145 0 0.2458016 0.9693202 0 0.4014127 0.9158973 0 0.5467164 0.8373178 0 0.4020001 0.9156397 0 0.5472124 0.8369939 0 0.6771055 0.735886 0 0.6774875 0.7355343 0 0.7890251 0.6143611 0 0.8794087 0.4760679 0 0.7892915 0.6140188 0 0.8795709 0.4757679 0 0.945788 0.3247846 0 0.945832 0.3246567 0 0.9863519 0.1646513 0 0.9863569 0.1646217 0 -0.9614952 -0.2748219 0 -0.9936178 -0.1127994 0 -0.998631 0.05230891 0 -0.9986326 0.05227851 0 -0.8201113 -0.572204 0 -0.7146954 -0.6994359 0 -0.7146805 -0.6994512 0 -0.820087 -0.5722389 0 -0.9031143 -0.4294005 0 -0.9031261 -0.4293755 0 -0.2955438 -0.9553292 0 -0.4487877 -0.8936384 0 -0.5897802 -0.8075639 0 0.1947426 -0.9808543 0 0.03064113 -0.9995306 0 -0.1342524 -0.9909472 0 0.5026523 -0.8644888 0 0.6380717 -0.7699771 0 0.3535371 -0.9354205 0 0.9275605 -0.3736732 0 0.8534681 -0.5211451 0 0.9275456 -0.37371 0 0.7560787 -0.6544808 0 0.9936251 0.1127358 0 0.9986294 -0.05233937 0 0.9763907 -0.2160126 0 0.998631 -0.05230891 0 0.9031728 0.4292772 0 0.8202129 0.5720584 0 0.8201987 0.572079 0 0.9615193 0.2747372 0 0.9615113 0.2747654 0 0.449056 0.8935037 0 0.5899921 0.8074091 0 0.7148463 0.6992816 0 0.7148616 0.699266 0 -0.03030574 0.9995407 0 0.1346201 0.9908973 0 0.2958847 0.9552237 0 -0.1944079 0.9809208 0 -0.3532029 0.9355468 0 -0.5023807 0.8646466 0 -0.6378551 0.7701565 0 -0.7559227 0.6546609 0 -0.7559096 0.654676 0 -0.8533619 0.5213192 0 -0.9275244 0.3737626 0 -0.927535 0.3737363 0 -0.9763971 0.2159835 0 -3.93627e-5 0 1 1.96295e-5 0 1 1.08644e-5 0 1 2.17703e-5 0 1 -1.96842e-5 0 1 2.18725e-5 0 1 2.17396e-5 0 1 -3.94753e-5 0 1 -8.21991e-6 0 1 -2.17394e-5 0 1 2.18995e-5 0 1 4.91168e-6 0 1 -1.97331e-5 0 1 1.95112e-5 0 1 -2.18062e-5 0 1 -1.97154e-5 0 1 -1.97241e-5 0 1 -1.22351e-5 0 1 -3.65168e-6 0 1 -1.97644e-5 0 1 -1.97501e-5 0 1 -5.49342e-6 0 1 -2.18726e-5 0 1 1.08997e-5 0 1 -1.97472e-5 0 1 -1.9729e-5 0 1 1.96919e-5 0 1 9.81812e-6 0 1 -1.71167e-5 0 1 3.65311e-6 0 1 4.38391e-5 0 1 1.97404e-5 0 1 -4.35055e-5 0 1 -1.22508e-6 0 1 9.83314e-6 0 1 1.37335e-6 0 1 -0.9619873 -0.2424424 -0.1257075 -0.9855509 -0.1116691 -0.1273559 -0.9536396 -0.2724466 -0.1278457 -0.9905344 0.0518828 -0.1270824 -0.9873346 -0.09622782 -0.1261368 -0.9906226 0.05191314 -0.12638 -0.8133316 -0.5674704 -0.1283324 -0.7087849 -0.6936472 -0.128365 -0.761418 -0.6360766 -0.1250973 -0.8477543 -0.5154033 -0.1251885 -0.9151178 -0.3831989 -0.1253728 -0.8957088 -0.4257737 -0.1281502 -0.540042 -0.8322659 -0.1252519 -0.4449993 -0.8863365 -0.1279972 -0.4099986 -0.903407 -0.1255266 -0.6580865 -0.7424722 -0.1251289 -0.5848723 -0.8009186 -0.1282727 0.03018307 -0.9914332 -0.1270802 0.02209544 -0.9917322 -0.126408 -0.132973 -0.9829386 -0.1270828 -0.2707966 -0.9543651 -0.1259221 -0.2929855 -0.947564 -0.1276013 0.3505172 -0.9277641 -0.1280295 0.4984422 -0.8573805 -0.1282728 0.4505862 -0.8838986 -0.1252815 0.1697777 -0.9774044 -0.1259217 0.1930036 -0.9728617 -0.1276314 0.313707 -0.9411821 -0.125556 0.6911919 -0.7117615 -0.1250969 0.7498631 -0.6490268 -0.1283343 0.7895599 -0.6007687 -0.1251894 0.5773655 -0.8068406 -0.1251294 0.6327791 -0.7636138 -0.1283931 0.9718766 -0.1988615 -0.1261349 0.9314684 -0.3414154 -0.1257075 0.9684832 -0.2140587 -0.1273549 0.919996 -0.3705009 -0.1278136 0.8702775 -0.4763392 -0.1253717 0.8464742 -0.5167778 -0.1281491 0.9855576 0.1116088 -0.1273567 0.9619873 0.2424424 -0.1257075 0.9873346 0.09622782 -0.1261368 0.9906226 -0.05191314 -0.12638 0.9905328 -0.0519132 -0.1270821 0.8477543 0.5154033 -0.1251885 0.8134433 0.5673106 -0.1283308 0.761418 0.6360766 -0.1250973 0.9151178 0.3831989 -0.1253728 0.9536698 0.272355 -0.1278151 0.8957675 0.4256505 -0.1281499 0.4099873 0.9034126 -0.1255231 0.540042 0.8322659 -0.1252519 0.4452798 0.8861954 -0.1279988 0.5850843 0.8007637 -0.1282723 0.6580891 0.7424751 -0.1250988 0.7089359 0.693493 -0.1283647 0.1333073 0.9828974 -0.1270509 -0.02209544 0.9917322 -0.126408 0.1255559 0.9840001 -0.1264105 0.2932899 0.9474698 -0.1276009 0.2707977 0.9543689 -0.1258921 -0.02984774 0.991447 -0.1270514 -0.1697777 0.9774044 -0.1259217 -0.1926697 0.9729317 -0.1276021 -0.3502111 0.9278839 -0.1279987 -0.3137082 0.9411857 -0.125526 -0.4981706 0.8575383 -0.1282736 -0.4505862 0.8838986 -0.1252815 -0.5773655 0.8068406 -0.1251294 -0.632565 0.7637962 -0.1283624 -0.7496923 0.6492246 -0.1283312 -0.6912069 0.7117466 -0.1250996 -0.8463815 0.5169297 -0.128149 -0.7895629 0.600771 -0.1251593 -0.8702775 0.4763392 -0.1253717 -0.9199706 0.3705641 -0.1278144 -0.9684895 0.2140296 -0.1273557 -0.9314684 0.3414154 -0.1257075 -0.9718766 0.1988615 -0.1261349 -0.125586 -0.9839963 -0.12641 0.1264421 0.991974 0 -0.02279764 0.9997401 0 -0.9986294 0.05233937 0 -0.9952675 -0.09717369 0 0.2729632 0.9620246 0 0.4134143 0.9105431 0 0.5446097 0.8386898 0 0.663492 0.7481834 0 0.7674678 0.6410875 0 0.8544024 0.5196119 0 0.8543941 0.5196255 0 0.9223068 0.3864588 0 0.9696215 0.2446103 0 0.9952616 0.09723412 0 -0.1714571 0.9851916 0 -0.3162095 0.9486895 0 -0.316182 0.9486985 0 -0.4540003 0.8910016 0 -0.5818443 0.8133003 0 -0.6966543 0.7174071 0 -0.7958464 0.6054988 0 -0.8772019 0.4801218 0 -0.8772147 0.4800983 0 -0.9388875 0.3442242 0 -0.9796604 0.2006625 0 -0.9796665 0.2006332 0 -0.9696523 -0.2444884 0 -0.9952704 -0.09714347 0 -0.7674528 -0.6411055 0 -0.8544514 -0.5195316 0 -0.7674402 -0.6411205 0 -0.9223548 -0.386344 0 -0.8544378 -0.5195538 0 -0.5444036 -0.8388234 0 -0.4133523 -0.9105713 0 -0.6633309 -0.7483264 0 -0.6633138 -0.7483414 0 0.02246212 -0.9997478 0 -0.1267763 -0.9919314 0 -0.2731125 -0.9619821 0 0.4542193 -0.89089 0 0.3163011 -0.948659 0 0.1713038 -0.9852182 0 0.6966695 -0.7173923 0 0.6966852 -0.717377 0 0.7958056 -0.6055521 0 0.5819684 -0.8132115 0 0.5819482 -0.8132259 0 0.8771492 -0.4802179 0 0.9388642 -0.3442878 0 0.9796665 -0.2006332 0 0.9796724 -0.2006039 0 0.9796485 -0.2007211 0 0.9387412 -0.3446232 0 0.79541 -0.6060718 0 0.696267 -0.717783 0 0.7958204 -0.6055328 0 0.877162 -0.4801945 0 0.8768602 -0.4807456 0 0.4539761 -0.8910139 0 0.3159623 -0.9487718 0 0.5816654 -0.8134281 0 -0.1271743 -0.9918804 0 0.02206486 -0.9997566 0 0.1709084 -0.985287 0 -0.4136259 -0.910447 0 -0.5446451 -0.8386667 0 -0.2735117 -0.9618687 0 -0.7678285 -0.6406556 0 -0.8547721 -0.5190037 0 -0.6636703 -0.7480252 0 -0.969721 -0.2442156 0 -0.922576 -0.3858156 0 -0.9387843 0.3445057 0 -0.9388741 0.3442609 0 -0.9796724 0.2006039 0 -0.6966695 0.7173923 0 -0.7954766 0.6059844 0 -0.6962359 0.7178131 0 -0.7958056 0.6055521 0 -0.8771492 0.4802179 0 -0.8769129 0.4806495 0 -0.3159072 0.9487901 0 -0.3163011 0.948659 0 -0.4537329 0.8911378 0 -0.581472 0.8135665 0 -0.4542193 0.89089 0 -0.5819684 0.8132115 0 -0.02240109 0.9997491 0 0.1268363 0.9919237 0 0.1267763 0.9919314 0 -0.1713038 0.9852182 0 -0.1710616 0.9852604 0 -0.02246212 0.9997478 0 0.2731125 0.9619821 0 0.4133523 0.9105713 0 0.2733262 0.9619215 0 0.4137133 0.9104073 0 0.5444036 0.8388234 0 0.5448296 0.8385468 0 0.6633309 0.7483264 0 0.7674402 0.6411205 0 0.6637669 0.7479395 0 0.7678435 0.6406376 0 0.8544514 0.5195316 0 0.8547503 0.5190395 0 0.9223548 0.386344 0 0.969645 0.244517 0 0.9225451 0.3858893 0 0.9697138 0.2442443 0 0.9952675 0.09717369 0 0.9952737 0.09711027 0 0.2708859 0.9541741 0.1271723 0.1478953 0.9809736 0.125769 0.1255563 0.9838503 0.1275706 -0.9905782 0.05209553 0.1266528 -0.9905836 0.05206525 0.126623 -0.9882805 -0.08588171 0.1261978 0.4102435 0.903134 0.1266865 0.2822151 0.9510226 0.1261376 0.4112455 0.9026954 0.1265629 0.539971 0.8320674 0.1268671 0.6432253 0.7552617 0.1258617 0.5320748 0.8372076 0.1264113 0.6579884 0.7421597 0.1274776 0.7417427 0.6588215 0.1255872 0.8258202 0.5498347 0.125312 0.7611168 0.6358968 0.1278141 0.847326 0.5154027 0.1280571 0.8940186 0.4301934 0.1251577 0.9146724 0.3833134 0.128239 0.9450363 0.3021125 0.1250383 0.9778152 0.1681016 0.1249774 0.9616013 0.2425977 0.1283335 0.9870334 0.09641128 0.1283348 0.9910866 0.04410046 0.1257093 0.9903709 -0.05185168 0.1283627 0.9906226 -0.05191314 0.12638 0.01058995 0.9920381 0.1254925 -0.02252298 0.9915307 0.127905 -0.1699935 0.9770811 0.1281207 -0.1271131 0.9839444 0.125282 -0.2623689 0.9568208 0.1251264 -0.3135526 0.9408714 0.128241 -0.3924716 0.91123 0.1250049 -0.4502415 0.8836367 0.1283308 -0.5770555 0.8065592 0.1283329 -0.5148894 0.8480979 0.124976 -0.6273221 0.7686566 0.1250371 -0.6909233 0.7114627 0.1282415 -0.7277892 0.6742891 0.1251283 -0.7893227 0.6004688 0.1280898 -0.870047 0.4761027 0.1278458 -0.8142971 0.5667608 0.1253093 -0.8849964 0.4483579 0.1255255 -0.9312666 0.3412975 0.1275097 -0.9384948 0.3215499 0.1258305 -0.9718126 0.1987084 0.1268669 -0.9739093 0.1884523 0.1264385 -0.9617661 -0.2423794 0.1275071 -0.9872124 -0.09619724 0.1271135 -0.9668583 -0.2221515 0.125832 -0.7611472 -0.6357746 0.1282414 -0.8474504 -0.5151906 0.128088 -0.7941993 -0.5946347 0.1251284 -0.914828 -0.3830832 0.1278164 -0.926765 -0.3540488 0.1255239 -0.8688475 -0.4789663 0.1252807 -0.5398874 -0.8318967 0.1283339 -0.4849762 -0.8655471 0.1250055 -0.4099055 -0.9030678 0.1282423 -0.7041012 -0.6990046 0.1250358 -0.6003161 -0.7899329 0.1250073 -0.6578449 -0.7421393 0.1283339 -0.2289814 -0.9653356 0.1252791 -0.0930528 -0.9877209 0.1254946 -0.1256453 -0.9837996 0.1278732 -0.3603765 -0.9243803 0.1251001 -0.270801 -0.9540753 0.128091 0.315175 -0.9405809 0.1263813 0.3137994 -0.940971 0.1268992 0.1818621 -0.9752007 0.1261345 0.170053 -0.9771944 0.1271735 0.02240121 -0.9915764 0.1275712 0.04483252 -0.9910461 0.1257691 0.5771166 -0.806651 0.1274784 0.6689248 -0.7326495 0.1255569 0.6908852 -0.7115769 0.1278128 0.4421953 -0.887992 0.1262281 0.5609132 -0.8182515 0.1258614 0.4504004 -0.8837407 0.1270509 0.7892189 -0.6006121 0.1280573 0.7641285 -0.6327758 0.12531 0.8445108 -0.5207085 0.1251568 0.8698899 -0.4762833 0.1282418 0.9084631 -0.398824 0.1250368 0.9310995 -0.3414449 0.1283317 0.9715701 -0.1989529 0.1283321 0.954909 -0.2692996 0.1250058 0.9810454 -0.1474696 0.1257093 -4.4272e-6 0 -1 -1.20992e-5 0 -1 0 -4.24446e-6 -1 -4.37647e-6 -6.99717e-6 -1 9.6173e-6 0 -1 -1.93623e-5 5.6866e-6 -1 -1.94824e-5 -6.52913e-6 -1 7.22188e-6 0 -1 9.65058e-6 0 -1 0 -2.32162e-6 -1 1.27703e-6 -1.1172e-5 -1 0 -1.2586e-6 -1 0 -1.79402e-6 -1 -1.33707e-5 -7.40819e-6 -1 -3.44457e-6 -9.02461e-6 -1 -1.76881e-5 0 -1 3.6742e-5 0 -1 1.94433e-5 0 -1 1.9377e-5 0 -1 -1.4416e-5 0 -1 9.60045e-6 0 -1 1.77113e-5 0 -1 -8.82151e-6 0 -1 -1.94254e-5 0 -1 -1.77025e-5 -2.78951e-6 -1 -8.78856e-6 -6.02564e-6 -1 -8.74995e-6 -6.56019e-6 -1 0 -6.97932e-6 -1 1.92513e-5 0 -1 8.8494e-6 0 -1 -8.85572e-6 0 -1 -1.75495e-5 0 -1 1.33601e-5 0 -1 9.65841e-6 0 -1 -9.6152e-6 0 -1 -8.86825e-6 0 -1 8.85114e-6 0 -1 1.3256e-5 0 -1 2.20513e-6 0 -1 -1.10297e-5 0 -1 -4.39551e-6 0 -1 1.92668e-5 0 -1 -1.91957e-5 0 -1 -9.09938e-6 0 -1 -0.9962421 -0.08661383 0 -0.9962341 -0.08670467 0 -0.9746785 -0.2236111 0 -0.9343683 -0.3563088 0 -0.9745807 -0.2240369 0 -0.8759465 -0.4824084 0 -0.9341236 -0.3569495 0 -0.8757019 -0.4828522 0 -0.8005453 -0.5992722 0 -0.7097722 -0.7044315 0 -0.8004539 -0.5993943 0 -0.6054454 -0.7958869 0 -0.7096658 -0.7045385 0 -0.6050662 -0.7961752 0 -0.4894061 -0.872056 0 -0.363817 -0.9314705 0 -0.4888348 -0.8723765 0 -0.2311515 -0.9729177 0 -0.3632679 -0.9316847 0 -0.2308778 -0.9729829 0 -0.09393626 -0.9955783 0 0.04480129 -0.998996 0 -0.09390604 -0.9955812 0 0.182593 -0.9831886 0 0.04507678 -0.9989836 0 0.1832049 -0.9830747 0 0.3170334 -0.9484145 0 0.4454548 -0.8953045 0 0.317674 -0.9482 0 0.5653664 -0.8248399 0 0.4458825 -0.8950915 0 0.5654923 -0.8247537 0 0.6742238 -0.7385272 0 0.7699496 -0.6381047 0 0.6743511 -0.7384108 0 0.8508799 -0.5253604 0 0.7702387 -0.6377558 0 0.8512263 -0.5247988 0 0.9154801 -0.4023632 0 0.9624399 -0.2714949 0 0.9156671 -0.4019376 0 0.978986 -0.2039274 0 0.9624639 -0.2714102 0 -0.9817289 0.1902847 0 -0.9459666 0.3242642 0 -0.9817165 0.1903493 0 -0.8920094 0.4520169 0 -0.9458287 0.3246661 0 -0.8917008 0.4526255 0 -0.8207117 0.5713426 0 -0.7335268 0.6796606 0 -0.8204502 0.571718 0 -0.6322618 0.7747549 0 -0.7334237 0.6797719 0 -0.6321436 0.7748513 0 -0.5189455 0.8548073 0 -0.3955946 0.9184253 0 -0.5185472 0.855049 0 -0.2644755 0.9643925 0 -0.3949798 0.9186899 0 -0.2638972 0.9645509 0 -0.1281805 0.9917509 0 0.01058995 0.999944 0 -0.1279065 0.9917863 0 0.1489627 0.9888429 0 0.01065099 0.9999434 0 0.1492701 0.9887965 0 0.284373 0.9587137 0 0.4144214 0.9100852 0 0.2849559 0.9585407 0 0.5366188 0.8438249 0 0.4150557 0.909796 0 0.5370118 0.8435748 0 0.6484711 0.7612394 0 0.7477242 0.6640096 0 0.648602 0.7611277 0 0.832421 0.5541437 0 0.7478386 0.6638807 0 0.8326883 0.5537421 0 0.9011294 0.4335504 0 0.9525173 0.3044845 0 0.9014192 0.4329473 0 0.9855456 0.1694102 0 0.9526525 0.3040614 0 0.9855559 0.1693509 0 0.9949403 0.1004676 0 0.9949374 0.1004978 0 1.3256e-6 0 1 -6.64254e-7 0 1 -0.9850159 0.05160838 -0.164561 -0.78799 0.0412932 -0.6143019 -0.8782719 0.04602241 -0.4759417 -0.8782534 0.04599255 -0.4759787 -0.9445434 0.04950237 -0.3246343 -0.9850109 0.05160814 -0.1645907 -0.9445354 0.04947143 -0.3246621 -0.5462338 0.02862703 -0.8371435 -0.401025 0.02099734 -0.9158264 -0.5462911 0.02859634 -0.8371072 -0.7880024 0.04126179 -0.6142879 -0.6764383 0.03543335 -0.7356465 -0.08252435 0.004303216 -0.9965798 -0.08243095 0.004303097 -0.9965875 0.08249157 -0.004303097 -0.9965825 -0.2451 0.01281803 -0.9694132 0.5461984 -0.02862679 -0.8371666 0.4010875 -0.0209974 -0.9157992 0.4011499 -0.02099746 -0.9157718 0.2451574 -0.01281785 -0.9693986 0.2451 -0.01281803 -0.9694132 0.08252435 -0.004303216 -0.9965798 0.7881217 -0.04129213 -0.614133 0.8782082 -0.04599177 -0.4760623 0.5462697 -0.02859681 -0.8371211 0.6764549 -0.03543257 -0.7356314 0.9850011 -0.0516076 -0.16465 0.944526 -0.04947096 -0.3246894 0.8782197 -0.04602289 -0.476038 0.9445449 -0.04947191 -0.3246348 0.8782406 -0.04599183 0.4760023 0.944482 -0.04947179 0.3248173 0.9445041 -0.04947137 0.3247534 0.9850011 -0.0516076 0.16465 0.6764549 -0.03543257 0.7356314 0.5462343 -0.02859658 0.8371442 0.67647 -0.03543341 0.7356173 0.7882154 -0.04129225 0.6140127 0.2451287 -0.01281797 0.9694059 0.08249157 -0.004303097 0.9965825 0.4011131 -0.02099716 0.9157879 0.5462557 -0.0285961 0.8371303 0.4011387 -0.02099686 0.9157767 -0.08252435 0.004303216 0.9965798 -0.2451 0.01281803 0.9694132 0.08252435 -0.004303216 0.9965798 -0.401025 0.02099734 0.9158264 -0.5462697 0.02859681 0.8371211 -0.5462906 0.02862679 0.8371064 -0.6764231 0.03543251 0.7356606 -0.6764383 0.03543335 0.7356465 -0.7880953 0.04129236 0.6141669 -0.8782847 0.04602307 0.4759181 -0.788069 0.04129254 0.6142006 -0.8782731 0.04599195 0.4759423 -0.9445041 0.04947137 0.3247534 -0.9850159 0.05160838 0.164561 -0.9850109 0.05160814 0.1645907 0.9986301 -0.05232596 -2.22127e-7 0.9986293 -0.0523402 0 -0.05233108 -0.9986298 1.31482e-7 -0.0523318 -0.9986298 0 -0.05233091 -0.9986298 1.32923e-7 -0.05233097 -0.9986298 0 -0.05232971 -0.9986299 4.73324e-7 -0.05233061 -0.9986299 3.82152e-7 -0.99863 0.05232894 0 0.05233103 0.9986298 -1.32923e-7 0.05233091 0.9986299 0 0.05232971 0.9986299 -9.46648e-7 0.05233091 0.9986298 0 0.05233103 0.9986298 0 0.05233067 0.9986299 0 0.9518777 0.3064784 0 0.9518688 0.3065061 0 0.9853453 0.1705722 0 0.9948755 0.1011081 0 0.8298984 0.5579146 0 0.7436765 0.6685397 0 0.7436916 0.6685228 0 0.8997579 0.4363896 0 0.4056259 0.9140393 0 0.5293542 0.848401 0 0.6427984 0.7660355 0 0.6428163 0.7660204 0 -0.002990841 0.9999956 0 0.136848 0.9905921 0 -0.003021359 0.9999955 0 0.2739673 0.9617391 0 -0.2799813 0.9600055 0 -0.4114608 0.9114275 0 -0.142891 0.9897384 0 -0.5347312 0.8450223 0 -0.6475635 0.7620117 0 -0.6475483 0.7620244 0 -0.7477242 0.6640096 0 -0.8332597 0.5528818 0 -0.9024274 0.430842 0 -0.9024156 0.4308669 0 -0.9304151 0.3665077 0 -0.93044 0.3664445 0 0.05234241 0.9986292 4.61167e-6 0.05233061 0.9986299 -2.99366e-6 0.05233091 0.9986298 -1.58173e-7 0.05234372 0.9986292 1.6572e-6 0.05233156 0.9986298 0 0.05233252 0.9986298 1.3688e-6 0.05232954 0.99863 -3.47751e-6 0.05233305 0.9986298 1.28496e-6 0.05233162 0.9986298 1.35269e-6 0.05233454 0.9986296 9.42322e-7 0.05232632 0.9986301 3.50524e-6 0.05233156 0.9986298 0 0.05233776 0.9986295 0 0.05233114 0.9986299 -1.61125e-7 0.05232787 0.9986301 0 0.05232971 0.9986299 -2.41495e-6 0.05232745 0.99863 -3.49269e-6 0.05233448 0.9986297 1.22093e-6 0.0523321 0.9986298 3.72312e-6 0.05233287 0.9986298 3.32619e-7 0.05232518 0.9986301 -3.73739e-6 0.05233097 0.9986299 0 0.05233621 0.9986296 0 0.05233043 0.9986299 3.55192e-6 0.05233395 0.9986297 -6.53638e-6 0.05232852 0.99863 -3.72445e-6 0.0523293 0.9986299 -2.53286e-7 0.05233395 0.9986296 3.38364e-6 0.05233097 0.9986298 -1.6631e-6 0.0523321 0.9986298 -1.52523e-6 0.05233103 0.9986298 -2.41686e-7 0.05233317 0.9986297 0 0.05233401 0.9986297 0 0.0523287 0.9986299 6.25935e-7 0.0523349 0.9986296 0 0.05232918 0.9986299 1.7106e-6 0.05232852 0.9986299 3.47906e-6 0.05233168 0.9986298 -9.42322e-7 0.05232739 0.99863 0 0.05233371 0.9986297 -1.28438e-6 0.05233603 0.9986296 4.9355e-6 -0.9986307 0.052316 0 -0.9986296 0.05233615 0 -0.05232775 -0.99863 0 -0.05232387 -0.9986302 5.55925e-6 -0.05233114 -0.9986298 0 -0.05232906 -0.9986299 2.88672e-6 -0.05233699 -0.9986295 3.73649e-6 -0.05233019 -0.9986299 2.12645e-6 -0.05232685 -0.9986301 3.35021e-6 -0.05233287 -0.9986298 -2.50071e-6 -0.05233633 -0.9986296 -5.93116e-6 -0.05232775 -0.9986301 1.62753e-6 -0.05233764 -0.9986295 0 -0.0523312 -0.9986299 1.48113e-7 -0.05232542 -0.9986301 0 -0.05233424 -0.9986296 0 -0.05232512 -0.9986301 3.71835e-6 -0.05232739 -0.99863 -3.22989e-6 -0.05232995 -0.9986299 -4.27694e-6 -0.05233639 -0.9986295 3.2794e-6 -0.05232661 -0.9986301 2.21961e-6 -0.05232906 -0.99863 0 -0.05233526 -0.9986296 -3.94329e-6 -0.05233067 -0.9986299 9.38819e-7 -0.05233097 -0.9986298 0 -0.05233132 -0.9986298 0 -0.05232703 -0.9986301 4.63021e-6 -0.05233162 -0.9986298 0 -0.05233073 -0.9986299 6.66471e-7 -0.05232822 -0.9986301 -6.05603e-7 -0.05232864 -0.99863 -2.21961e-6 -0.0523287 -0.9986299 4.21413e-6 -0.05232852 -0.99863 -4.6329e-6 -0.05233091 -0.9986298 1.48113e-7 -0.05233156 -0.9986298 -3.63212e-6 -0.05233138 -0.9986298 2.37869e-6 -0.0523349 -0.9986296 0 -0.05232864 -0.9986299 -2.24516e-6 -0.05233538 -0.9986296 3.4779e-6 -0.05233031 -0.9986299 8.37552e-7 -0.05233156 -0.9986298 0 -0.05233263 -0.9986298 -2.97875e-6 0.04968494 -0.9987651 0 -0.1022379 -0.99476 0 -0.978654 0.2055152 0 -0.9985972 0.05294966 0 0.20051 -0.9796916 0 0.3466712 -0.9379869 0 0.4848005 -0.8746248 0 0.4848239 -0.8746119 0 0.6117176 -0.7910763 0 0.6117324 -0.7910649 0 0.7244971 -0.6892779 0 0.8205375 -0.5715929 0 0.8975666 -0.4408788 0 0.9539583 -0.2999393 0 0.9739869 -0.2266044 0 -0.2517237 -0.9677992 0 -0.3952817 -0.91856 0 -0.5298069 -0.8481184 0 -0.6521376 -0.7581008 0 -0.7594397 -0.6505777 0 -0.7594549 -0.6505602 0 -0.8492562 -0.5279812 0 -0.9194605 -0.3931825 0 -0.9684315 -0.2492798 0 -0.9194495 -0.3932083 0 -0.9684242 -0.2493085 0 -0.995026 -0.09961551 0 -0.7836125 0.62125 0 -0.8699005 0.4932274 0 -0.9354004 0.3535905 0 -0.5574017 0.8302429 0 -0.4229038 0.9061746 0 -0.5574369 0.8302193 0 -0.6786147 0.7344946 0 -0.6786299 0.7344805 0 -0.1269903 0.991904 0 0.02731466 0.9996269 0 -0.2782745 0.9605017 0 0.4713057 0.88197 0 0.3299739 0.9439902 0 0.3300011 0.9439806 0 0.1808564 0.9835096 0 0.7172868 0.6967781 0 0.8160305 0.5780089 0 0.6014494 0.798911 0 0.6014688 0.7988964 0 0.8953166 0.4454304 0 0.8160161 0.5780292 0 0.9532552 0.3021668 0 0.9532436 0.3022032 0 0.9884204 0.1517407 0 0.9971869 0.07495534 0 0.9971893 0.074925 0 -1.52862e-6 0 -1 1.52861e-6 0 -1 -1.7529e-5 0 -1 5.0362e-6 0 -1 -5.83686e-6 0 -1 9.87603e-6 0 -1 -3.06064e-6 0 -1 8.5874e-6 0 -1 8.6296e-6 0 -1 9.62422e-6 0 -1 1.78528e-5 0 -1 -9.43835e-6 0 -1 7.98234e-6 0 -1 8.20928e-6 0 -1 -5.29936e-6 0 -1 5.38235e-6 0 -1 1.89234e-5 0 -1 -1.20335e-5 0 -1 1.95281e-6 0 -1 -8.77483e-6 0 -1 9.31496e-6 0 -1 -4.9473e-6 0 -1 -2.10983e-6 0 -1 -2.13156e-6 0 -1 -1.03446e-5 0 -1 -4.45655e-6 0 -1 8.87452e-6 0 -1 4.71239e-6 0 -1 1.894e-5 0 -1 -9.51332e-6 0 -1 -4.3219e-6 0 -1 -8.27964e-6 0 -1 -7.1339e-6 0 -1 4.33333e-6 0 -1 8.55887e-6 0 -1 -9.73723e-6 0 -1 8.85548e-6 0 -1 -3.09224e-6 0 -1 -9.05399e-6 0 -1 -4.53159e-6 0 -1 -0.1916301 -0.9814673 0 -0.05700981 -0.9983736 0 -0.3226478 -0.9465191 0 -0.4476286 -0.8942196 0 -0.5642768 -0.8255857 0 -0.6707215 -0.7417093 0 -0.7649342 -0.6441085 0 -0.8450673 -0.53466 0 -0.7649619 -0.6440756 0 -0.9095296 -0.4156393 0 -0.8450811 -0.5346382 0 -0.9095411 -0.4156141 0 -0.9573158 -0.2890442 0 -0.9746984 -0.2235242 0 0.07852607 -0.9969121 0 0.2124461 -0.9771729 0 0.3425198 -0.9395107 0 0.4664583 -0.8845433 0 0.5819135 -0.8132507 0 0.6865985 -0.7270369 0 0.7785142 -0.6276272 0 0.8561679 -0.5166978 0 0.9181762 -0.3961724 0 0.9633451 -0.2682656 0 0.9793277 -0.2022807 0 -4.3855e-7 0 1 -4.86865e-6 0 1 -8.66669e-6 0 1 -4.47204e-6 0 1 4.75044e-6 0 1 1.80638e-5 0 1 -1.86298e-5 0 1 1.31451e-5 0 1 -1.28159e-5 0 1 -9.72251e-6 0 1 1.00724e-5 0 1 -9.96855e-6 0 1 5.30621e-7 0 1 -6.12124e-7 0 1 -8.58739e-6 0 1 4.36463e-6 0 1 4.38596e-6 0 1 -7.6689e-6 0 1 1.31275e-5 0 1 -4.72334e-6 0 1 -9.7661e-6 0 1 2.48201e-6 0 1 -2.52962e-6 0 1 1.79809e-5 0 1 -8.64375e-6 0 1 -1.86055e-5 0 1 2.26877e-6 0 1 2.96732e-6 0 1 -1.88503e-5 0 1 2.10458e-6 0 1 -2.13155e-6 0 1 -8.91309e-6 0 1 -0.9986296 0.05233615 0 -0.9986307 0.05231606 0 0.05232661 0.9986301 3.56206e-6 0.05232816 0.99863 -8.55243e-7 0.05233091 0.9986298 0 0.05233466 0.9986297 -4.19113e-6 0.05232769 0.99863 -1.50351e-6 0.05232274 0.9986303 3.47868e-6 0.05233234 0.9986298 1.63639e-6 0.05233347 0.9986298 -2.70675e-6 0.05233317 0.9986297 -2.09418e-7 0.0523284 0.9986301 6.25988e-7 0.05233871 0.9986295 0 0.05233079 0.9986298 0 0.05233448 0.9986296 -4.63014e-6 0.05233585 0.9986296 0 0.05233764 0.9986295 1.24032e-6 0.05232697 0.9986301 0 0.05232775 0.99863 3.13265e-6 0.05233144 0.9986298 -2.97324e-6 0.05233436 0.9986297 3.03129e-7 0.05233186 0.9986298 -1.44123e-6 0.05233615 0.9986296 0 0.05233097 0.9986298 0 0.05233603 0.9986296 -2.50706e-6 0.05233371 0.9986297 0 0.05232357 0.9986302 6.8459e-7 0.05233025 0.9986299 -3.3391e-6 0.05233585 0.9986296 7.79411e-7 0.05232799 0.9986301 1.81993e-6 0.05233192 0.9986298 -2.02203e-7 0.05232453 0.9986302 -2.48037e-7 0.05232864 0.9986299 3.57143e-6 0.05232542 0.9986301 0 0.05233114 0.9986299 -1.48383e-7 0.05233007 0.9986299 -2.1284e-6 0.05233269 0.9986297 3.32948e-6 0.05232959 0.9986299 -1.49689e-6 0.05233436 0.9986297 0 0.05232697 0.9986301 0 0.05232739 0.99863 -4.1872e-6 0.05233389 0.9986297 1.16762e-6 0.05232775 0.99863 0 -0.05232775 -0.99863 -2.46736e-6 -0.05232936 -0.99863 0 -0.05233091 -0.9986298 1.58173e-7 -0.05233395 -0.9986296 0 -0.05233329 -0.9986298 0 -0.05233174 -0.9986298 4.57996e-7 -0.05233246 -0.9986297 1.67528e-6 -0.05233287 -0.9986298 -9.24116e-7 -0.05233293 -0.9986298 -2.02901e-6 -0.05233037 -0.9986299 -1.62749e-6 -0.05232793 -0.99863 3.63212e-6 -0.05233627 -0.9986295 -2.31679e-6 -0.05233091 -0.9986299 1.62129e-7 -0.0523352 -0.9986296 -1.87206e-6 -0.05232554 -0.9986301 4.5833e-6 -0.05232924 -0.9986299 0 -0.05233013 -0.9986299 -2.22999e-7 -0.05232995 -0.9986299 -1.87791e-6 -0.05232983 -0.9986299 8.93242e-7 -0.05232656 -0.9986301 1.37497e-6 -0.05233168 -0.9986298 0 -0.05233091 -0.9986299 1.37896e-7 -0.05233901 -0.9986293 2.33657e-6 -0.0523321 -0.9986298 -2.35804e-6 -0.05233311 -0.9986298 -1.78429e-6 -0.05233114 -0.9986299 1.87769e-6 -0.05232816 -0.9986301 -1.59992e-6 -0.0523259 -0.9986301 2.5256e-6 -0.05232816 -0.9986301 -1.00517e-6 -0.05232858 -0.99863 1.78249e-6 -0.05233252 -0.9986298 0 -0.05233108 -0.9986299 0 -0.05233317 -0.9986297 0 -0.05233049 -0.9986299 1.81691e-6 -0.05232882 -0.99863 3.50348e-6 -0.05232506 -0.9986302 1.66545e-6 -0.05233693 -0.9986295 -4.48852e-6 -0.05233067 -0.9986299 1.73856e-6 -0.05233359 -0.9986297 5.7536e-7 -0.05233144 -0.9986298 0 -0.0523312 -0.9986298 -2.62736e-7 -0.7879751 0.04129242 -0.6143209 -0.8782406 0.04599183 -0.4760023 -0.944556 0.04950141 -0.3245976 -0.9445449 0.04947191 -0.3246348 -0.4010507 0.02099704 -0.9158153 -0.5462906 0.02862679 -0.8371064 -0.7879604 0.04129165 -0.61434 -0.08249157 0.004303097 -0.9965825 -0.2451287 0.01281797 -0.9694059 0.5462343 -0.02859658 -0.8371442 0.2451287 -0.01281797 -0.9694059 0.08249408 -0.004303216 -0.9965823 0.7881226 -0.04126167 -0.6141338 0.8782336 -0.04599308 -0.476015 0.6764231 -0.03543251 -0.7356606 0.9445341 -0.04950189 -0.3246616 0.878221 -0.04599243 -0.4760387 0.9445354 -0.04947143 -0.3246621 0.8784816 -0.0461443 0.4755428 0.9445405 -0.04956322 0.3246333 0.9445532 -0.04956233 0.3245967 0.9850109 -0.05160814 0.1645907 0.9849803 -0.05160814 0.1647737 0.6762493 -0.03537195 0.7358232 0.5464176 -0.02865761 0.8370224 0.6766445 -0.03546345 0.7354553 0.8781222 -0.04602259 0.4762179 0.7879244 -0.04123193 0.61439 0.7883483 -0.04135382 0.613838 0.2454012 -0.01287889 0.969336 0.2447916 -0.01275682 0.9694919 0.08286029 -0.004364252 0.9965516 0.4014503 -0.02105826 0.9156387 0.5459015 -0.02856618 0.8373623 0.4007502 -0.02093631 0.9159482 -0.08218848 0.004242181 0.9966078 -0.08285778 0.004364132 0.9965519 -0.2447342 0.01275706 0.9695063 0.08218848 -0.004242181 0.9966078 -0.2453724 0.01287895 0.9693433 -0.4007134 0.02093595 0.9159643 -0.5459229 0.0285657 0.8373484 -0.4014132 0.02108842 0.9156543 -0.5464386 0.02868759 0.8370078 -0.6762169 0.03540241 0.7358517 -0.6766437 0.03549396 0.7354546 -0.787935 0.04126143 0.6143745 -0.8781558 0.04599219 0.4761586 -0.7882555 0.04132324 0.6139591 -0.8784121 0.0460844 0.4756768 -0.9445434 0.04950237 0.3246343 -0.9850126 0.05157768 0.1645909 0.0766828 -0.004018843 -0.9970476 0.07668787 -0.004018843 -0.9970471 0.9006255 -0.04719305 -0.4320262 0.9006251 -0.04720336 -0.4320258 0.8239435 -0.04318052 0.5650246 0.8239435 -0.04318052 0.5650245 -0.0766828 0.004018843 0.9970476 -0.07668781 0.004018247 0.9970471 -0.9006264 0.04719281 0.4320243 -0.9006246 0.04719352 0.4320281 -0.823945 0.04318028 -0.5650224 -0.8239424 0.04317063 -0.5650269 -0.05233174 -0.9986298 -5.83019e-6 -0.05232805 -0.9986301 0 -0.05233943 -0.9986293 -3.66292e-7 -0.05232143 -0.9986304 2.92888e-6 -0.05233061 -0.9986299 -4.19954e-7 -0.05232727 -0.99863 2.95635e-6 -0.0523197 -0.9986304 0 -0.05233657 -0.9986295 8.34621e-7 -0.05233037 -0.9986299 -3.66157e-7 -0.05233454 -0.9986296 -1.67382e-6 -0.05232697 -0.9986301 3.05863e-6 -0.0523321 -0.9986298 0 -0.05233144 -0.9986298 0 -0.05233055 -0.9986299 5.54111e-7 -0.05233502 -0.9986296 2.15136e-6 -0.05232971 -0.9986299 6.25572e-6 -0.05233085 -0.9986298 0 -0.0523315 -0.9986298 0 -0.05232858 -0.9986299 -7.3351e-6 -0.05232858 -0.9986299 0 -0.05233174 -0.9986298 4.02803e-7 -0.05233132 -0.9986298 -3.64257e-7 -0.05233776 -0.9986295 2.61885e-6 -0.05232632 -0.9986301 0 -0.0523315 -0.9986298 -4.19959e-7 -0.05233776 -0.9986295 0 -0.05233103 -0.9986299 -4.17373e-7 -0.05232983 -0.9986299 -3.65997e-7 -0.0523321 -0.9986298 -1.25552e-6 -0.05233764 -0.9986295 0 -0.05233258 -0.9986298 6.96375e-6 -0.05233049 -0.9986299 4.19981e-7 -0.05233603 -0.9986295 0 -0.05232977 -0.9986299 -6.25716e-6 -0.05232864 -0.99863 -1.00931e-6 -0.05233144 -0.9986298 5.99994e-6 -0.05233043 -0.9986299 -4.1908e-7 -0.05233544 -0.9986296 7.33812e-6 -0.05233061 -0.9986299 0 -0.05233919 -0.9986295 0 -0.05233526 -0.9986296 0 -0.05232715 -0.9986301 5.46532e-6 -0.05234372 -0.9986292 0 -0.05232024 -0.9986304 -2.35043e-6 0.05233114 0.9986298 2.9286e-6 0.05233114 0.9986298 0 0.05233234 0.9986298 0 0.05232793 0.9986301 2.95502e-6 0.05233734 0.9986295 0 0.0523234 0.9986302 5.12584e-6 0.0523386 0.9986295 6.10648e-6 0.0523321 0.9986298 -2.50381e-6 0.05232864 0.9986299 -2.92711e-6 0.05232965 0.9986299 1.25541e-6 0.05233353 0.9986297 -3.05803e-6 0.05233448 0.9986296 0 0.05233073 0.9986298 0 0.05233389 0.9986296 1.84653e-7 0.05232286 0.9986303 0 0.05232673 0.9986301 -2.01902e-7 0.05233049 0.9986299 0 0.05233061 0.9986299 0 0.05233377 0.9986297 0 0.05233162 0.9986298 -2.99723e-6 0.0523315 0.9986298 1.20853e-6 0.05232495 0.9986302 0 0.05233317 0.9986297 2.61862e-6 0.05232578 0.9986301 6.27596e-6 0.05233585 0.9986296 -6.6789e-6 0.0523312 0.9986299 -4.19957e-7 0.0523346 0.9986297 -2.19618e-6 0.05232989 0.9986299 0 0.05232858 0.99863 1.25544e-6 0.05233258 0.9986297 -3.05833e-6 0.05233258 0.9986298 0 0.05233055 0.9986299 0 0.05233603 0.9986295 0 0.05233043 0.9986299 -1.58386e-5 0.05232799 0.9986301 -9.08371e-6 0.05233269 0.9986298 0 0.05233007 0.9986299 0 0.05233544 0.9986296 1.46762e-5 0.05233263 0.9986298 0 0.05233383 0.9986297 0 0.05233824 0.9986294 0 0.05232983 0.9986299 7.28701e-7 0.05232858 0.9986299 6.9846e-6 0.0523312 0.9986298 -4.70185e-6 0.1174075 -0.006134331 0.9930649 -0.04736489 0.002471983 0.9988746 -0.04739534 0.002471983 0.9988732 0.5752875 -0.03012245 0.8173965 0.4330663 -0.02267569 0.9010769 0.2790101 -0.01461887 0.960177 0.2790383 -0.01461875 0.9601687 0.8091571 -0.04239124 0.5860613 0.8944562 -0.04684692 0.444695 0.7017908 -0.03674519 0.7114349 0.70179 -0.03677564 0.7114341 0.9901864 -0.05188214 0.1297664 0.9901825 -0.0518819 0.1297965 0.9980124 -0.05227959 -0.03518873 0.9553472 -0.05005168 0.2912156 0.8610075 -0.04510736 -0.5065881 0.9325404 -0.04886096 -0.3577445 0.932516 -0.04886132 -0.3578078 0.9786174 -0.05127161 -0.1991965 0.9786233 -0.05127197 -0.1991672 0.9980135 -0.05227965 -0.03515827 0.6500669 -0.03405982 -0.7591133 0.5164155 -0.02704 -0.8559112 0.6500845 -0.03405916 -0.7590982 0.7659639 -0.04013234 -0.6416298 0.7660065 -0.04013299 -0.6415789 0.2109771 -0.01104784 -0.9774286 0.210825 -0.01104784 -0.9774613 0.0474258 -0.002471983 -0.9988718 0.3687574 -0.01931828 -0.9293249 0.5164379 -0.02703958 -0.8558977 0.3686415 -0.01931864 -0.9293709 -0.4328817 0.02267563 -0.9011656 -0.2789738 0.01461857 -0.9601874 -0.2791872 0.01461851 -0.9601255 -0.1174977 0.006134271 -0.9930543 -0.1174376 0.006134331 -0.9930614 0.04736489 -0.002471983 -0.9988746 -0.7019599 0.03674447 -0.7112681 -0.8089625 0.04242116 -0.5863277 -0.7015749 0.03677558 -0.7116462 -0.4332141 0.02267545 -0.9010059 -0.5754122 0.03012257 -0.8173087 -0.5750722 0.03015291 -0.8175469 -0.9552358 0.05008119 -0.2915758 -0.9554527 0.05002033 -0.2908749 -0.9901381 0.0518828 -0.1301343 -0.8942908 0.04687678 -0.4450244 -0.8093371 0.04236054 -0.585815 -0.8945776 0.04684686 -0.4444505 -0.9980226 0.05230903 0.03485232 -0.9980021 0.05224853 0.03552412 -0.9786839 0.05130243 0.1988619 -0.9902315 0.0518524 -0.1294326 -0.9785509 0.05124086 0.1995311 -0.9326439 0.04886162 0.3574743 -0.861131 0.04513794 0.5063753 -0.9324153 0.04879981 0.358079 -0.8608505 0.04504609 0.5068602 -0.7661445 0.04013222 0.6414141 -0.7658126 0.04007136 0.6418141 -0.6502655 0.03405904 0.7589432 -0.5165315 0.02707022 0.8558402 -0.6498872 0.03399896 0.7592699 -0.5162859 0.02700906 0.8559903 -0.3687943 0.01931864 0.9293103 -0.3686681 0.01928788 0.929361 -0.2109479 0.01104789 0.9774349 0.9863675 0.1645573 0 -0.8795581 -0.4757915 0 -0.9458287 -0.3246661 0 -0.9863519 -0.1646513 0 0.245493 -0.9693984 0 0.2451558 -0.9694838 0 0.6771055 -0.735886 0 0.7890366 -0.6143463 0 0.8794214 -0.4760442 0 0.8794608 -0.4759715 0 0.9458287 0.3246661 0 0.245493 0.9693984 0 -0.245493 0.9693984 0 -8.83838e-5 0 1 -1.47311e-5 0 1 1.17847e-4 0 1 8.84285e-5 0 1 5.89379e-5 0 1 -1.1788e-4 0 1 -4.42058e-5 0 1 -4.42051e-5 0 1 2.20968e-5 0 1 -3.31662e-5 0 1 4.42599e-5 0 1 5.8924e-5 0 1 5.89657e-5 0 1 -4.41894e-5 0 1 -4.41984e-5 0 1 -4.42027e-5 0 1 2.21032e-5 0 1 6.63134e-5 0 1 2.76109e-5 0 1 -3.31612e-5 0 1 2.21087e-5 0 1 -8.84458e-5 0 1 2.94623e-5 0 1 2.94699e-5 0 1 4.4205e-5 0 1 4.42058e-5 0 1 4.42055e-5 0 1 -2.21024e-5 0 1 2.21025e-5 0 1 4.42057e-5 0 1 -4.42055e-5 0 1 -4.4205e-5 0 1 -2.21026e-5 0 1 4.6049e-7 0 -1 -6.90698e-7 0 -1 1.38156e-6 0 -1 1.84216e-6 0 -1 1.38139e-6 0 -1 -4.60433e-7 0 -1 9.20842e-7 0 -1 4.60386e-7 0 -1 -9.20662e-7 0 -1 -6.90709e-7 0 -1 9.20948e-7 0 -1 -1.8419e-6 0 -1 4.60478e-7 0 -1 -4.60477e-7 0 -1 -6.90717e-7 0 -1 9.20645e-7 0 -1 -6.90642e-7 0 -1 -3.45319e-7 0 -1 1.03594e-6 0 -1 -3.45302e-7 0 -1 -1.03589e-6 0 -1 -1.0359e-6 0 -1 -1.03589e-6 0 -1 4.60468e-7 0 -1 9.20941e-7 0 -1 9.20943e-7 0 -1 -3.45358e-7 0 -1 3.45355e-7 0 -1 3.45351e-7 0 -1 1.03605e-6 0 -1 -3.45357e-7 0 -1 -3.45355e-7 0 -1 -3.45351e-7 0 -1 1.72677e-7 0 -1 0.7891451 -0.6142068 0 -0.9863675 -0.1645573 0 -0.94581 -0.3247207 0 -0.8795581 0.4757915 0 -0.9458414 0.3246294 0 -0.677122 0.7358708 0 -0.8793959 0.4760915 0 -0.2458302 0.9693129 0 -0.245163 0.969482 0 -0.4013871 0.9159086 0 0.245163 0.969482 0 0.677122 0.7358708 0 0.7890366 0.6143463 0 0.8795581 0.4757915 0 0.9458414 0.3246294 0 0.9615298 0.274701 0 0.9936284 0.1127056 0 0.9995399 0.0303362 0 0.999538 0.03039723 0 0.7148314 0.6992969 0 0.9031847 0.4292523 0 0.2958568 0.9552323 0 0.5900067 0.8073984 0 0.5900266 0.8073839 0 -0.5024035 0.8646333 0 -0.637822 0.7701839 0 -0.3531929 0.9355506 0 -0.8533754 0.521297 0 -0.7558946 0.6546935 0 -0.9275456 0.37371 0 -0.8533535 0.5213328 0 -0.9764035 0.2159544 0 -0.9908891 0.1346801 0 1.84547e-5 0 -1 -9.32573e-6 0 -1 1.1776e-5 0 -1 1.16126e-5 0 -1 -1.17732e-5 0 -1 9.58692e-6 0 -1 1.13404e-5 0 -1 2.22609e-5 0 -1 1.10514e-5 0 -1 -1.91651e-5 0 -1 1.92962e-5 0 -1 1.3913e-6 0 -1 1.45976e-5 0 -1 -5.88672e-6 0 -1 -4.40818e-5 0 -1 2.44686e-6 0 -1 1.09552e-5 0 -1 9.12324e-6 0 -1 -4.6236e-6 0 -1 1.12248e-5 0 -1 -1.13352e-5 0 -1 0.05233073 0.9986299 -1.73237e-7 0.05233097 0.9986298 0 0.05233079 0.9986299 0 0.0523312 0.9986299 0 0.05233174 0.9986298 -1.21266e-7 0.05233037 0.9986299 0 0.05233097 0.9986298 0 0.05233108 0.9986298 0 0.05232465 0.9986302 -2.26796e-7 0.05233162 0.9986298 0 0.05233108 0.9986299 0 0.05233097 0.9986299 0 0.05233097 0.9986298 0 0.05233103 0.9986299 0 -1.77292e-6 0 -1 0.05233097 0.9986299 0 0.05233103 0.9986299 0 -1.7597e-6 0 1 -3.39592e-7 0 1 9.07497e-7 0 1 9.97269e-7 0 1 0.05233108 0.9986299 0 0.05233097 0.9986299 0 0.05233126 0.9986298 0 0.05233079 0.9986299 0 0.05233013 0.9986299 0 0.05233079 0.9986298 0 0.0523312 0.9986298 -1.65363e-7 0.05233097 0.9986298 -2.27374e-7 0.0523321 0.9986298 0 0.05233091 0.9986298 0 0.05233097 0.9986299 0 0.05233085 0.9986298 0 0.05233126 0.9986299 0 0.0523312 0.9986298 -1.51955e-7 0.05233085 0.9986299 0 0.05233097 0.9986299 0 0.9986299 -0.05232995 -1.90983e-7 0.9986297 -0.05233263 -1.76241e-7 0.9986301 -0.05232781 1.22042e-7 0.9986298 -0.05233108 -1.42718e-7 0.9986299 -0.05233067 -5.0273e-7 -7.34649e-6 0 1 1.47471e-5 0 1 2.64081e-5 0 1 3.86736e-5 0 1 3.41057e-5 0 1 1.48566e-5 0 1 8.34281e-6 0 1 4.43369e-5 0 1 -4.10123e-5 0 1 -2.95231e-6 0 1 1.45324e-5 0 1 -1.38004e-4 0 1 4.98121e-6 0 1 -7.36152e-6 0 1 -8.02603e-6 0 1 -0.9986299 0.05233025 1.38309e-7 -0.99863 0.05232936 2.03433e-7 -0.99863 0.05232948 1.47791e-7 -0.9986297 0.05233395 0 -2.95828e-6 0 1 -0.9986301 0.05232769 6.42586e-7 -0.99863 0.05232936 3.97937e-7 1.4776e-6 0 -1 -0.9986299 0.05233085 1.66527e-7 -0.9986299 0.05233103 0 -0.9986298 0.05233132 3.14441e-7 -1.47045e-7 0 -1 -1.47044e-7 0 -1 -1.47046e-7 0 -1 -1.47043e-7 0 -1 -1.47042e-7 0 -1 -1.47048e-7 0 -1 -1.47043e-7 0 -1 -1.47045e-7 0 -1 -1.47045e-7 0 -1 -1.47044e-7 0 -1 -1.47048e-7 0 -1 -1.47046e-7 0 -1 -1.47043e-7 0 -1 -1.4705e-7 0 -1 -1.47045e-7 0 -1 -1.47046e-7 0 -1 -1.47041e-7 0 -1 -1.47044e-7 0 -1 -1.47047e-7 0 -1 -1.47044e-7 0 -1 -1.47044e-7 0 -1 -1.47045e-7 0 -1 -1.47045e-7 0 -1 -1.47048e-7 0 -1 -1.47044e-7 0 -1 -1.47045e-7 0 -1 0.9986298 -0.05233162 -1.66611e-7 0.9986299 -0.05232977 -2.49727e-7 0.9986297 -0.05233258 0 1.75951e-6 0 -1 0.9986298 -0.05233168 -8.78039e-7 0.9986294 -0.0523383 0 0.9986299 -0.05233031 0 0.9986299 -0.05233019 1.02829e-6 0.99863 -0.05232834 0 0.9986298 -0.05233091 0 3.46764e-6 0 1 0.9986299 -0.05232942 -1.76533e-7 0.9986295 -0.05233705 -2.42085e-7 0.9986296 -0.05233514 -1.30483e-7 0.9986298 -0.05233073 -1.80137e-7 0.9986299 -0.05233013 -1.92206e-7 0.9986299 -0.05233108 0 0.9986299 -0.05232977 -1.1902e-6 -1.88111e-5 0 -1 1.87431e-5 0 -1 0.9986299 -0.05233043 0 0.9986298 -0.05233198 0 1.18411e-5 0 1 0.9986299 -0.05233037 0 0.9986298 -0.05233138 2.87534e-7 -3.59229e-7 0 -1 1.93489e-6 0 -1 0.9986294 -0.05233842 0 0.99863 -0.05232858 0 1.31727e-6 0 1 -0.9820938 0.1883923 0 -0.9926925 0.1206722 0 -0.9919117 0.1269302 3.05194e-5 -0.9821052 0.1883335 6.10382e-5 -0.9471309 0.3208477 2.13634e-4 -0.9796784 0.2005746 -2.44157e-4 -0.8771294 0.4802542 -2.13636e-4 -0.8987729 0.4384146 0 -0.8768274 0.4808053 3.05196e-5 -0.9471216 0.3208751 -3.05188e-5 -0.9796544 0.2006918 6.10377e-5 -0.9387645 0.3445595 9.1557e-5 -0.8988206 0.4383166 9.15576e-5 -0.4539761 0.8910139 0 -0.9389108 0.3441604 -3.96744e-4 -0.9919314 0.1267763 -1.83115e-4 -0.5816654 0.8134281 0 -0.696267 0.717783 0 -0.7958204 0.6055328 0 -0.7953988 0.6060864 0 -0.02206486 0.9997566 0 -0.170938 0.9852818 0 0.2734834 0.9618767 0 0.1271443 0.9918843 0 0.6636703 0.7480252 0 0.7674804 0.6410726 0 0.6635091 0.7481682 0 0.4136259 0.910447 0 0.5446451 0.8386667 0 0.9396562 0.3421204 0 0.9697373 0.244151 9.15566e-5 0.9754768 0.2201026 -3.05189e-5 0.7678009 0.6406886 0 0.922265 0.3865584 -1.22078e-4 0.9396134 0.342238 3.05188e-5 0.9225605 0.3858524 3.05191e-5 0.9754833 0.2200735 1.22077e-4 0.9696378 0.2445457 -2.1363e-4 0.99641 0.08465927 3.05189e-5 0.9952645 0.09720391 -1.22077e-4 0.9997463 0.0225231 -9.15574e-5 0.9998678 0.01626664 0 0.9952707 0.09714049 6.10371e-5 0.9964073 0.08468955 0 0.9997457 0.02255362 3.05191e-5 0.9998683 0.01623618 0 -0.3159897 0.9487626 0 -0.6966386 0.7174224 0 -0.03894281 -0.9992378 0.002716183 -0.0200206 -0.9997789 0.006439507 -0.02603268 -0.9996498 0.004760921 -0.06689846 -0.9975867 0.01858627 -0.033266 -0.9994149 0.007965505 -0.06546407 -0.9977397 0.01516813 -0.0689724 -0.9975371 0.01275682 -0.04541254 -0.9988931 0.01226866 -0.061679 -0.9980342 0.01110893 -0.05978673 -0.9981554 0.01055955 -0.05035686 -0.9986836 0.009766161 -0.0745573 -0.9971394 0.01242113 -0.0827977 -0.9964722 0.01370292 -0.003784358 -0.9999896 0.002533078 -0.08496487 -0.996384 -2.44152e-4 -0.04205578 -0.9991149 9.76622e-4 -0.04919618 -0.9987871 0.002014219 -0.1008972 -0.99475 0.01709085 -0.03118318 -0.9995137 2.09251e-4 -0.02993893 -0.9995514 7.93488e-4 -0.04934543 -0.9987815 7.12338e-4 -0.04635268 -0.998925 5.02846e-4 -0.06500482 -0.9977788 0.01455742 -0.06198406 -0.9980323 0.009460866 -0.0522176 -0.9986356 -5.18819e-4 -0.04092246 -0.9991555 -0.003699779 -0.04887562 -0.9988047 7.13977e-4 -0.05484247 -0.9984871 -0.003997921 -0.06570827 -0.9978318 -0.00375384 -0.04043722 -0.9991821 1.52593e-4 -0.07022434 -0.9974543 0.01239073 -0.03115445 -0.9995146 2.14419e-4 -0.03795754 -0.9992408 0.008788824 -0.04673832 -0.9989071 4.14548e-4 -0.04797637 -0.9988062 0.009186267 -0.1102641 -0.9938417 -0.01098668 -0.1717621 -0.9850381 -0.01406931 -0.09479284 -0.9954774 0.006256401 -0.03749895 -0.9947596 -0.09511756 -0.03905391 -0.9991953 0.009131968 -0.05435436 -0.9985218 0 -0.05478203 -0.9984983 3.9675e-4 -0.05438482 -0.9985201 0 -0.04818147 -0.9988384 6.66708e-4 -0.04958462 -0.99877 2.4944e-4 -0.04968112 -0.9987649 6.89761e-4 -0.05005693 -0.9987463 2.96463e-4 -0.05009382 -0.9987444 6.31266e-4 -0.04991781 -0.9987532 6.61269e-4 -0.05420219 -0.9985297 7.32463e-4 -0.05316424 -0.9985853 0.001037597 -0.05014306 -0.9987418 7.32461e-4 -0.05356156 -0.9985646 -2.44155e-4 -0.05013686 -0.9987422 6.2661e-4 -0.0539571 -0.998543 8.54525e-4 -0.05014252 -0.998742 3.07614e-4 -0.04988086 -0.9987552 2.7499e-4 -0.04877489 -0.9988098 2.32509e-4 -0.04925996 -0.998786 2.33814e-4 -0.04685646 -0.9989016 3.91314e-4 -0.0481407 -0.9988405 2.62732e-4 -0.04568421 -0.9989557 6.77047e-4 -0.04687231 -0.9989008 3.89067e-4 -0.06268572 -0.9979974 -0.008484244 -0.04493713 -0.9989895 8.92906e-4 -0.06741553 -0.9976828 -0.009186089 -0.07544356 -0.9971247 -0.007110953 -0.1014465 -0.994841 2.44155e-4 -0.09076362 -0.9958671 -0.003296017 -0.08932924 -0.9959889 0.005157709 -0.07764053 -0.9969363 0.009491384 -0.0486198 -0.9988167 0.001256406 -0.06485378 -0.9978944 9.46103e-4 -0.04568809 -0.9989558 3.54393e-5 -0.04725748 -0.9988827 5.11645e-4 -0.0466631 -0.9989106 3.50623e-4 -0.04760771 -0.998866 5.84439e-4 -0.03778296 -0.9992343 0.01016294 -0.04541176 -0.998968 -0.00100708 -0.04644995 -0.9989191 0.001800596 -0.01141417 -0.9999348 4.2727e-4 -0.04382354 -0.9990391 -6.44047e-4 -0.03994965 -0.9992004 0.001648008 -0.0582906 -0.9982953 0.002990782 0.002227842 -0.9999772 0.006378412 -0.01168882 -0.9999317 -2.13635e-4 0.05972564 -0.9982149 -1.83114e-4 0.05063164 -0.998625 0.01358109 -0.01626664 -0.9998677 -2.13634e-4 -0.03793489 -0.9992793 0.001403868 -0.07895219 -0.9968668 0.004821956 -0.09033519 -0.9940841 -0.06030482 -0.617195 -0.7867902 0.005619227 -0.03915643 -0.9990245 0.02041751 -0.03201401 -0.9994844 -0.002471983 -0.03799569 -0.9992719 -0.003479123 0.1590841 -0.987265 2.04623e-4 0.0523312 0.9986299 7.52924e-7 0.05232971 0.9986299 5.47245e-7 0.05233108 0.9986298 0 0.05233085 0.9986298 -1.30776e-7 0.05233156 0.9986298 0 0.05233037 0.9986299 0 0.05232995 0.9986299 3.52071e-7 0.05233246 0.9986298 -2.07943e-7 0.05233234 0.9986298 0 0.05233305 0.9986297 4.90001e-7 0.05232954 0.9986299 -5.21793e-7 0.05233514 0.9986296 -4.88045e-7 0.05232691 0.9986301 0 0.05233627 0.9986296 0 0.05233085 0.9986299 0 0.05233073 0.9986298 -2.44985e-7 0.05232888 0.9986299 0 0.05233216 0.9986298 0 0.05233103 0.9986298 1.64781e-7 0.05233126 0.9986298 8.58354e-7 0.05233037 0.9986299 -6.19194e-7 0.05232906 0.99863 -1.52564e-6 0.05233484 0.9986296 2.00414e-6 0.05233198 0.9986298 -4.07837e-7 0.05233073 0.9986298 0 0.05232948 0.9986299 5.85105e-7 0.05233365 0.9986296 -1.84873e-6 0.05232954 0.99863 0 0.05233234 0.9986298 0 0.05233043 0.9986299 1.84387e-7 0.05233108 0.9986298 0 0.05232954 0.9986299 0 0.05233168 0.9986298 6.52515e-7 0.0523281 0.99863 -4.87769e-7 0.05233252 0.9986297 -5.61785e-7 0.05233091 0.9986299 4.42538e-7 0.05232965 0.9986299 0 0.05232965 0.9986299 -3.50299e-7 0.05232989 0.9986299 -7.52906e-7 0.05233365 0.9986296 7.23431e-7 0.05233496 0.9986296 -6.68049e-7 -0.9952832 0.05090552 -0.0825842 -0.9952776 0.05096632 0.08261424 -0.9985305 0.05340874 0.009186267 -0.9681326 0.04950225 0.2454971 -0.9853999 0.052859 0.1618427 -0.947389 0.05078458 0.3160303 -0.9145721 0.04663348 0.4017256 -0.8360726 0.04257422 0.5469645 -0.8856607 0.04742646 0.4619047 -0.734717 0.03741639 0.6773412 -0.8039042 0.04303193 0.5932002 -0.7038983 0.03769135 0.7093002 -0.6133449 0.03125166 0.7891967 -0.4752767 0.02417123 0.8795044 -0.5863144 0.03140479 0.8094747 -0.3242673 0.01641935 0.945823 -0.3081167 0.01644957 0.9512065 -0.4528715 0.02423208 0.8912464 -0.1557707 0.00827074 0.9877586 -0.1643439 0.008240044 0.9863687 -0.08227944 0.004059016 0.9966011 -0.07831072 0.004089474 0.9969207 -0.9885336 0.05267536 -0.1415156 -0.9681075 0.04953306 -0.24559 -0.955485 0.05081391 -0.2906312 -0.8974726 0.04785376 -0.4384667 -0.9145341 0.04687726 -0.4017834 -0.8143078 0.04361164 -0.5787927 -0.8360363 0.04294013 -0.5469913 -0.7347831 0.03769135 -0.6772542 -0.7098677 0.03805696 -0.7033062 -0.5878546 0.03149545 -0.8083534 -0.6133775 0.03131282 -0.7891689 -0.4532727 0.02426284 -0.8910416 -0.4752767 0.02417123 -0.8795044 -0.3242946 0.01641917 -0.9458137 -0.3085203 0.01648044 -0.9510751 -0.1560136 0.008270621 -0.9877203 -0.1643736 0.008240044 -0.9863638 -0.08227944 0.004059016 -0.9966011 -0.07837378 0.004089593 -0.9969157 0.1737782 -0.009064257 0.9847432 0.08752948 -0.004577875 0.9961515 0.08710014 -0.00451672 0.9961894 0.6417344 -0.03354096 0.7661931 0.499211 -0.02606379 0.8660884 0.4993286 -0.02609407 0.8660197 0.3415981 -0.01782304 0.9396771 0.1733778 -0.00903356 0.984814 0.3415074 -0.01782304 0.9397101 0.8648256 -0.04526013 0.5000283 0.9382282 -0.04907518 0.3425195 0.8646827 -0.04523009 0.5002781 0.6419345 -0.03357076 0.7660242 0.7649931 -0.04001057 0.6427944 0.7648952 -0.04001027 0.6429111 0.9986308 -0.05230891 4.88298e-4 0.9835481 -0.05154722 -0.1731364 0.9833537 -0.05145508 0.1742637 0.9384273 -0.0491355 0.3419649 0.9834643 -0.05151551 0.1736207 0.7650448 -0.04013216 -0.6427255 0.8648979 -0.04535067 -0.4998951 0.864822 -0.0453515 -0.5000262 0.9384245 -0.04919636 -0.3419638 0.9385566 -0.04919689 -0.3416013 0.9834665 -0.05157667 -0.1735906 0.499504 -0.02621579 -0.8659149 0.6419984 -0.03366249 -0.7659667 0.6418996 -0.03366208 -0.7660496 0.7649618 -0.04013264 -0.6428242 0.4993274 -0.02618557 -0.8660176 0.3417248 -0.01794534 -0.9396287 0.34148 -0.01791477 -0.9397184 0.1733481 -0.009094655 -0.9848187 0.08664321 -0.004547297 -0.9962291 0.08710014 -0.004547238 -0.9961892 1.93436e-5 0 -1 9.12623e-6 0 -1 4.90875e-6 0 -1 -5.98108e-6 0 -1 -2.35571e-5 0 -1 -5.80665e-6 0 -1 4.6653e-6 0 -1 1.17799e-5 0 -1 -1.90209e-5 0 -1 -1.12281e-5 0 -1 -8.34756e-6 0 -1 9.91851e-6 0 -1 -1.17722e-5 0 -1 -1.90155e-5 0 -1 6.08893e-6 0 -1 9.13538e-6 0 -1 -1.16076e-5 0 -1 -5.61285e-6 0 -1 1.13354e-5 0 -1 -3.59357e-4 0 -1 -2.45316e-4 0 -1 1.49897e-4 0 -1 -1.50247e-4 0 -1 7.05963e-5 0 -1 -2.36933e-5 0 -1 -4.85963e-5 0 -1 2.65841e-5 0 -1 -6.38246e-5 0 -1 -1.23169e-4 0 -1 7.50593e-5 0 -1 2.42558e-4 0 -1 -2.04663e-4 0 -1 6.74674e-5 0 -1 -1.48111e-5 0 -1 6.93962e-5 0 -1 4.98305e-6 0 -1 3.98787e-5 0 -1 -4.51821e-5 0 -1 4.3979e-6 0 -1 -4.02304e-6 0 -1 2.4475e-6 0 -1 8.64708e-6 0 -1 1.83482e-6 0 -1 -4.40056e-6 0 -1 0 0 -1 5.27077e-7 0 -1 1.0135e-6 0 -1 5.34394e-7 0 -1 -8.89835e-7 0 -1 1.30398e-6 0 -1 1.63247e-6 0 -1 -1.83531e-7 1.22243e-7 -1 0 0 -1 -1.84787e-7 -1.43994e-7 -1 4.37208e-6 0 -1 -8.84414e-7 0 -1 -2.82432e-6 0 -1 -6.8068e-6 0 -1 -2.51312e-6 0 -1 4.17313e-6 0 -1 -4.71703e-6 0 -1 -1.21266e-7 0 -1 2.48043e-6 0 -1 0 1.55455e-6 -1 0 -9.45106e-6 -1 -3.05466e-6 5.56109e-7 -1 -4.17313e-6 9.23889e-7 -1 1.17918e-6 3.26032e-7 -1 0 0 -1 -3.80436e-6 1.75079e-7 -1 -1.22432e-7 -3.14441e-7 -1 2.69481e-6 0 -1 -3.68416e-6 0 -1 -1.81899e-7 -1.46884e-7 -1 2.86981e-6 0 -1 -1.34259e-7 -1.26366e-7 -1 -1.90561e-7 0 -1 -1.22432e-7 1.50582e-7 -1 3.79492e-6 0 -1 -1.57747e-6 0 -1 -1.0425e-6 0 -1 2.51061e-6 0 -1 7.3816e-6 0 -1 3.06267e-6 0 -1 -4.16993e-6 0 -1 -4.71974e-6 0 -1 3.05455e-6 0 -1 -1.21266e-7 0 -1 4.96076e-6 -1.26441e-5 -1 7.38204e-6 0 -1 0 1.56185e-6 -1 0 2.83616e-6 -1 0 5.55942e-7 -1 0 9.22363e-7 -1 1.17989e-6 3.26802e-7 -1 0 0 -1 0 1.73013e-7 -1 -1.57412e-7 -3.14445e-7 -1 2.69455e-6 0 -1 -1.81899e-7 -1.46886e-7 -1 -2.87007e-6 0 -1 -1.47251e-7 -1.26365e-7 -1 -1.25597e-7 0 -1 -1.39922e-7 1.5058e-7 -1 7.88796e-7 0 -1 6.10859e-6 0 -1 -2.35984e-6 0 -1 -4.96032e-6 0 -1 -0.9615298 -0.274701 0 -0.9936284 -0.1127056 0 -0.9995389 -0.03036671 0 -0.9936251 -0.1127358 0 -0.999538 -0.03039723 0 -0.8201987 -0.572079 0 -0.7148314 -0.6992969 0 -0.7148463 -0.6992816 0 -0.9031847 -0.4292523 0 -0.2958568 -0.9552323 0 -0.449056 -0.8935037 0 -0.5900266 -0.8073839 0 0.1944079 -0.9809208 0 0.03030574 -0.9995407 0 -0.1346201 -0.9908973 0 0.5024035 -0.8646333 0 0.6378401 -0.770169 0 0.3532029 -0.9355468 0 0.3531929 -0.9355506 0 0.7559096 -0.654676 0 0.8533619 -0.5213192 0 0.927535 -0.3737363 0 0.8533754 -0.521297 0 0.9763971 -0.2159835 0 0.9764035 -0.2159544 0 0.9908891 -0.1346801 0 -0.05233097 -0.9986298 1.46006e-7 -0.05233091 -0.9986298 0 -0.05233061 -0.9986299 0 -0.05233114 -0.9986298 0 -0.05233073 -0.9986299 0 -0.05233138 -0.9986298 3.49971e-7 0.9986296 -0.05233418 0 0.9986301 -0.05232691 0 -0.05233108 -0.9986298 0 -0.05233108 -0.9986298 0 -0.05233097 -0.9986298 0 -0.05233091 -0.9986299 0 -0.05233108 -0.9986298 0 -0.0523312 -0.9986299 0 -0.05233132 -0.9986298 0 -0.05233097 -0.9986298 0 0.02240109 -0.9997491 0 -0.1268363 -0.9919237 0 -0.2733262 -0.9619215 0 -0.4137133 -0.9104073 0 -0.4133775 -0.9105598 0 -0.5443682 -0.8388465 0 -0.5448511 -0.8385329 0 -0.6637347 -0.7479681 0 -0.6632987 -0.7483549 0 -0.8547503 -0.5190395 0 -0.9225343 -0.3859152 0 -0.9223811 -0.3862813 0 -0.9697138 -0.2442443 0 -0.9952645 -0.09720391 0 -0.9952737 -0.09711027 0 -0.9997478 -0.02246212 0 0.1712742 -0.9852234 0 0.1710913 -0.9852552 0 0.3159348 -0.948781 0 0.4536963 -0.8911564 0 0.5819337 -0.8132362 0 0.5814518 -0.8135809 0 0.6962359 -0.7178131 0 0.7954766 -0.6059844 0 0.8771365 -0.4802414 0 0.8769456 -0.4805896 0 0.9387978 -0.344469 0 0.9796544 -0.2006918 0 0.9919198 -0.1268664 0 0.9919275 -0.1268063 0 -0.05233091 -0.9986299 0 -0.05233103 -0.9986298 0 -0.0523321 -0.9986298 0 -0.0523312 -0.9986299 0 -0.05233097 -0.9986298 1.20312e-7 -0.05233091 -0.9986298 0 -0.05233097 -0.9986298 0 -0.05233091 -0.9986298 0 0.9613649 0.2752773 0 0.9935798 0.1131343 0 0.9614421 0.2750073 0 0.9935588 0.1133185 0 0.8200484 0.5722943 0 0.7146351 0.6994976 0 0.7146652 0.6994667 0 0.8204988 0.5716483 0 0.9035184 0.4285494 0 0.903214 0.4291907 0 0.2960047 0.9551866 0 0.4486901 0.8936875 0 0.2954517 0.9553578 0 0.4495194 0.8932706 0 0.5904305 0.8070885 0 0.5898146 0.8075387 0 -0.1948658 0.9808299 0 -0.1939793 0.9810057 0 -0.03058016 0.9995324 0 0.1342225 0.9909512 0 -0.02990841 0.9995527 0 0.1348939 0.9908602 0 -0.5024396 0.8646124 0 -0.6382221 0.7698523 0 -0.6381559 0.7699071 0 -0.3528052 0.9356969 0 -0.3535638 0.9354105 0 -0.5021908 0.864757 0 -0.9278059 0.3730634 0 -0.85334 0.521355 0 -0.9276938 0.373342 0 -0.8529823 0.5219401 0 -0.755669 0.6549538 0 -0.7561783 0.6543657 0 -0.9936835 -0.1122201 0 -0.9764849 0.215586 0 -0.9765185 0.215434 0 -0.9031965 -0.4292274 0 -0.820024 -0.5723291 0 -0.9616942 -0.2741245 0 -0.4491536 -0.8934546 0 -0.5899034 -0.8074739 0 -0.7146351 -0.6994976 0 0.03024476 -0.9995426 0 -0.1345602 -0.9909054 0 -0.2960047 -0.9551866 0 0.1942259 -0.9809569 0 0.1942552 -0.9809511 0 0.3529857 -0.9356288 0 0.5022857 -0.8647018 0 0.638189 -0.7698798 0 0.7562065 -0.6543332 0 0.9274016 -0.3740674 0 0.9763026 -0.2164102 0 -0.008905351 -0.9999604 0 -0.008905351 -0.9999604 0 0.8225359 0.5687132 0 0.7177377 0.6963136 0 0.8225502 0.5686926 0 0.9985433 -0.05395716 0 0.9748389 -0.222911 0 0.7177529 0.6962979 0 0.5945464 0.8040614 0 0.4546814 0.8906543 0 0.3799622 0.925002 0 0.9043707 0.4267477 0 0.9618343 0.2736327 0 0.9043825 0.4267228 0 0.9935934 0.1130138 0 0.99359 0.1130439 0 0.9246895 -0.3807222 0 0.9246743 -0.3807591 0 0.6202111 -0.784435 0 0.7444857 -0.6676384 0 0.8473908 -0.5309697 0 0.3249399 -0.9457347 0 0.160166 -0.9870901 0 0.478756 -0.8779481 0 0.07596129 -0.9971109 0 0.3027051 0.9530844 0 0.3027051 0.9530844 0 -0.9277911 0.3731002 0 -0.9760181 0.2176898 0 -0.9906551 0.1363905 0 -0.75371 0.6572073 0 -0.635046 0.7724744 0 -0.8535828 0.5209574 0 -0.1887625 0.9820228 0 -0.3483459 0.9373661 0 -0.4995402 0.8662908 0 -0.0247817 0.9996929 0 0.1412419 0.9899751 0 0.2230336 0.9748108 0 -0.9986298 0.05233192 0 -0.9986298 0.05233192 0 -0.3256427 -0.9454929 0 -0.32567 -0.9454836 0 -0.1695635 -0.9855192 0 -0.08951205 -0.9959858 0 -0.6084046 -0.793627 0 -0.7273626 -0.6862533 0 -0.4744456 -0.8802849 0 -0.9636167 -0.2672881 0 -0.908927 -0.4169552 0 -0.8297047 -0.5582028 0 -0.8297141 -0.5581886 0 -0.9939528 -0.1098085 0 -0.9996007 -0.02826088 0 -0.05233103 -0.9986299 1.39922e-7 -0.05233103 -0.9986298 1.39922e-7 0.9333871 -0.3588706 6.71414e-4 0.8985092 -0.4389544 -6.71417e-4 0.9744245 -0.2247146 -6.71428e-4 0.9917038 -0.1285446 0 0.9781118 -0.2080803 0 0.7830851 -0.6219146 0 0.6694705 -0.7428387 0 0.7772051 -0.6292474 -5.18828e-4 0.8656888 -0.5005826 1.52598e-4 0.2584661 -0.9660204 0 0.2584946 -0.9660128 0 0.406399 -0.9136958 0 0.4063876 -0.9137009 0 0.5449219 -0.8384869 0 0.104313 -0.9945445 0 0.02639895 -0.9996516 0 0.9986298 -0.05233073 0 0.9986299 -0.05233013 0 0.3580505 0.9337023 0 0.3580238 0.9337124 0 0.2076821 0.9781965 0 0.1307142 0.9914202 0 0.6295845 0.7769321 0 0.743446 0.6687961 0 0.6295511 0.7769591 0 0.4996582 0.8662227 0 0.4996944 0.8662019 0 0.9656694 0.2597743 0 0.9656673 0.259782 0 0.9135899 0.4066367 0 0.9136013 0.4066113 0 0.8385329 0.5448511 0 0.8385468 0.5448296 0 0.9945058 0.1046816 0 0.9945094 0.1046482 0 0.9997087 0.02414047 0 0.9997071 0.02420145 0 0.05233097 0.9986298 0 0.05233108 0.9986299 0 -0.93355 0.3584473 0 -0.9335743 0.3583839 0 -0.9781827 0.2077467 0 -0.9914647 0.1303763 0 -0.7771632 0.6292992 0 -0.6691654 0.7431135 0 -0.6692143 0.7430695 0 -0.7771361 0.6293326 0 -0.8659768 0.5000844 0 -0.8659218 0.5001795 0 -0.2587453 0.9659456 0 -0.2587737 0.965938 0 -0.4066991 0.9135622 0 -0.5447019 0.8386298 0 -0.5446805 0.8386437 0 -0.1045275 0.9945221 0 -0.1044973 0.9945253 0 -0.02615499 0.999658 0 -0.02618545 0.9996572 0 -0.9986297 0.05233281 0 -0.99863 0.05232924 0 -0.3909448 -0.9204142 0 -0.3906792 -0.9205269 0 -0.2249242 -0.9743763 0 -0.139165 -0.9902692 0 -0.1392889 -0.9902518 0 -0.2251403 -0.9743264 0 -0.6820801 -0.7312775 0 -0.7988192 -0.6015712 0 -0.7986871 -0.6017467 0 -0.682128 -0.7312329 0 -0.5445743 -0.8387126 0 -0.5447728 -0.8385838 0 -0.9563508 -0.2922217 0 -0.992547 -0.1218633 0 -0.9562857 -0.292434 0 -0.8909396 -0.4541219 0 -0.8911564 -0.4536963 0 -0.9925507 -0.1218333 0 -0.9993914 -0.03488272 0 -0.9993947 -0.03479123 0 -0.9986298 0.05233281 0 -0.9986299 0.05233007 0 -0.3906424 -0.9205426 0 -0.1391991 -0.9902644 0 -0.139259 -0.990256 0 -0.2250757 -0.9743414 0 -0.682017 -0.7313364 0 -0.7988449 -0.6015371 0 -0.6822226 -0.7311446 0 -0.5445173 -0.8387496 0 -0.9563225 -0.2923139 0 -0.8909519 -0.4540977 0 -0.8911255 -0.4537571 0 -0.9993904 -0.03491318 0 -0.05233097 -0.9986299 1.39922e-7 -0.05233097 -0.9986298 0 0.9335986 -0.3583205 0 0.9335398 -0.3584739 0 0.9781903 -0.2077113 0 0.9914647 -0.1303763 0 0.9914404 -0.1305603 0 0.9781703 -0.2078051 0 0.7771632 -0.6292992 0 0.6691823 -0.7430984 0 0.6691654 -0.7431135 0 0.8659009 -0.5002156 0 0.8659899 -0.5000615 0 0.2587376 -0.9659477 0 0.2587737 -0.965938 0 0.4066736 -0.9135735 0 0.4066991 -0.9135622 0 0.5446451 -0.8386667 0 0.5446805 -0.8386437 0 0.1045275 -0.9945221 0 0.02618545 -0.9996572 0 0.99863 -0.05232864 0 0.9986299 -0.05233073 0 0.3582939 0.9336089 0 0.2078635 0.9781579 0 0.1305303 0.9914444 0 0.2078989 0.9781503 0 0.6293326 0.7771361 0 0.7432001 0.6690694 0 0.6293659 0.7771092 0 0.4999665 0.8660449 0 0.965938 0.2587737 0 0.9659151 0.2588591 0 0.9134286 0.4069991 0 0.9134954 0.4068491 0 0.8386298 0.5447019 0 0.8386667 0.5446451 0 0.9945414 0.1043432 0 0.9996587 0.02612447 0 0.05233097 0.9986299 0 0.05233091 0.9986298 0 -0.9781703 0.2078051 0 -0.9914404 0.1305603 0 -0.9781903 0.2077113 0 -0.7772051 0.6292474 0 -0.6691823 0.7430984 0 -0.7771092 0.6293659 0 -0.8659086 0.5002024 0 -0.4067245 0.9135509 0 -0.5446451 0.8386667 0 0.9986299 -0.05232906 -3.30768e-7 0.9986298 -0.05233138 3.06062e-7 0.9986301 -0.05232769 0 0.9986298 -0.05233138 -1.66567e-7 0.9986299 -0.05233055 -7.18979e-7 0.9986298 -0.05233114 0 -1.47968e-6 0 1 0.99863 -0.05232924 -6.42758e-7 0.9986299 -0.05233067 -3.06235e-7 0.9986296 -0.05233365 -4.93703e-7 2.95828e-6 0 -1 0.9986302 -0.05232298 3.23374e-7 0.9986298 -0.05233132 -5.36148e-7 0.9986298 -0.05233323 -5.26481e-7 0.998629 -0.05234611 -1.53005e-7 0.9986295 -0.05233764 0 0.9986304 -0.05232262 0 0.9986301 -0.0523265 -2.63222e-7 0.9986304 -0.05232131 -3.68671e-7 0.9986302 -0.05232489 1.9553e-7 0.9986304 -0.05232191 -2.10492e-7 0.9986298 -0.05233192 -6.08622e-7 0.9986302 -0.05232387 0 0.9986302 -0.05232536 -1.51621e-7 0.9986287 -0.05235224 -4.00424e-7 0.9986292 -0.05234217 -1.22101e-7 0.9986298 -0.05233281 -2.60634e-7 0.9986305 -0.05231958 1.28675e-7 0.9986299 -0.05233043 -1.47796e-7 0.9986298 -0.05233079 -1.74524e-7 0.9986301 -0.05232781 -3.68349e-7 0.9986295 -0.05233639 2.33445e-7 0.9986298 -0.05233216 0 0.99863 -0.05232906 0 0.9986299 -0.05233037 -2.31386e-7 0.9986298 -0.05233228 2.54187e-7 -1.02888e-5 0 -1 9.3311e-6 0 -1 1.44018e-5 0 -1 5.52566e-6 0 -1 4.09799e-6 0 -1 3.17886e-6 0 -1 -3.41867e-6 0 -1 1.95749e-5 0 -1 6.90492e-6 0 -1 -2.35411e-5 0 -1 -2.23225e-5 0 -1 -0.9986298 0.05233108 1.91303e-7 -0.9986299 0.05232965 6.88178e-7 -0.9986299 0.05233019 1.66618e-7 -0.9986299 0.05233019 0 -0.9986301 0.05232763 -1.73604e-7 -0.9986299 0.05233019 0 -0.99863 0.05232936 -4.0407e-7 -0.9986296 0.05233544 8.6694e-7 5.32705e-6 0 -1 -8.28696e-6 0 -1 6.96745e-6 0 -1 -0.9986298 0.05233204 0 -0.9986298 0.05233222 0 7.91961e-6 0 -1 -0.9986297 0.05233252 0 -0.99863 0.05232852 -1.10708e-6 8.0042e-6 0 1 -0.9986299 0.05233043 0 -0.9986297 0.05233258 1.98692e-7 -0.9986299 0.05233091 0 2.00982e-6 0 1 1.41337e-5 0 1 -4.87183e-6 0 1 -1.41532e-5 0 1 -1.72655e-6 0 1 -0.9986297 0.05233365 -3.13716e-7 -0.9986299 0.05233055 4.52721e-7 -0.9986302 0.05232506 5.30767e-7 -0.9986294 0.05233925 -2.94754e-7 -0.9986294 0.05233883 9.18514e-7 -0.9986299 0.05233073 -3.58343e-7 -0.9986302 0.05232596 -1.76299e-7 -0.9986299 0.05233061 7.16546e-7 -0.9986301 0.05232805 1.82623e-7 -3.52213e-6 0 -1 -0.9986297 0.0523343 -3.08581e-7 -0.99863 0.05232894 3.20409e-7 -0.9986298 0.05233126 0 -0.9986298 0.05233198 1.35082e-7 -1.73235e-6 0 1 -0.9986299 0.05232918 6.55684e-7 -0.9986298 0.05233192 5.45965e-7 -0.9986293 0.05234187 -4.36985e-7 -0.9986299 0.05232888 2.25039e-7 -0.9986298 0.05233156 1.66364e-7 -0.9986298 0.05233234 0 -1.47043e-7 0 -1 -1.47048e-7 0 -1 -1.47044e-7 0 -1 -1.47046e-7 0 -1 -1.4705e-7 0 -1 -1.4699e-7 0 -1 -1.47067e-7 0 -1 -1.4704e-7 0 -1 -1.47047e-7 0 -1 -1.47048e-7 0 -1 -1.47047e-7 0 -1 -1.47044e-7 0 -1 -1.47044e-7 0 -1 -1.47045e-7 0 -1 -1.47045e-7 0 -1 -1.47046e-7 0 -1 -1.47044e-7 0 -1 -1.47046e-7 0 -1 -1.47045e-7 0 -1 -1.47043e-7 0 -1 -1.47045e-7 0 -1 -1.47044e-7 0 -1 -1.47045e-7 0 -1 -1.47045e-7 0 -1 -1.47045e-7 0 -1 -1.47045e-7 0 -1 -1.47045e-7 0 -1 -1.47046e-7 0 -1 -1.47045e-7 0 -1 -1.47044e-7 0 -1 -1.47044e-7 0 -1 -1.47045e-7 0 -1 -1.47046e-7 0 -1 -1.47045e-7 0 -1 -1.47045e-7 0 -1 -1.47047e-7 0 -1 -1.47045e-7 0 -1 -1.47045e-7 0 -1 -1.47045e-7 0 -1 -1.47043e-7 0 -1 -1.47044e-7 0 -1 -1.47045e-7 0 -1 -1.47045e-7 0 -1 -1.47045e-7 0 -1 -1.47045e-7 0 -1 -1.47045e-7 0 -1 -1.47045e-7 0 -1 -1.47045e-7 0 -1 -1.47045e-7 0 -1 -1.47045e-7 0 -1 -1.47045e-7 0 -1 -1.47045e-7 0 -1 -1.47045e-7 0 -1 -1.47045e-7 0 -1 -1.47048e-7 0 -1 -1.47045e-7 0 -1 -1.47039e-7 0 -1 -1.47044e-7 0 -1 -1.47045e-7 0 -1 -1.47045e-7 0 -1 -1.47045e-7 0 -1 -1.47046e-7 0 -1 -1.47044e-7 0 -1 -1.47044e-7 0 -1 -1.47046e-7 0 -1 -1.47048e-7 0 -1 -1.47046e-7 0 -1 -1.47046e-7 0 -1 -1.47045e-7 0 -1 -1.47045e-7 0 -1 -1.47045e-7 0 -1 -1.47037e-7 0 -1 -1.47047e-7 0 -1 -1.47046e-7 0 -1 -1.47042e-7 0 -1 -1.47045e-7 0 -1 -1.47044e-7 0 -1 -1.47045e-7 0 -1 -1.47044e-7 0 -1 -1.47046e-7 0 -1 -1.47043e-7 0 -1 -1.47049e-7 0 -1 -1.47044e-7 0 -1 -1.47043e-7 0 -1 -1.47049e-7 0 -1 -1.47047e-7 0 -1 -1.47044e-7 0 -1 -1.47041e-7 0 -1 -1.47043e-7 0 -1 -1.47052e-7 0 -1 -1.47008e-7 0 -1 -1.47032e-7 0 -1 -1.47139e-7 0 -1 -1.47037e-7 0 -1 -1.47071e-7 0 -1 -1.47059e-7 0 -1 -1.47052e-7 0 -1 -1.47051e-7 0 -1 -1.47037e-7 0 -1 -1.47048e-7 0 -1 -1.47043e-7 0 -1 -1.47044e-7 0 -1 -1.47036e-7 0 -1 -1.4705e-7 0 -1 -1.47049e-7 0 -1 -1.47041e-7 0 -1 -1.47046e-7 0 -1 -1.4704e-7 0 -1 -1.47052e-7 0 -1 -1.47041e-7 0 -1 -1.47044e-7 0 -1 -1.47042e-7 0 -1 -1.47047e-7 0 -1 -1.47044e-7 0 -1 -1.47046e-7 0 -1 -1.47042e-7 0 -1 -1.47041e-7 0 -1 -1.47045e-7 0 -1 -1.47046e-7 0 -1 -1.47046e-7 0 -1 -1.47043e-7 0 -1 -1.47049e-7 0 -1 -1.47041e-7 0 -1 -1.47043e-7 0 -1 -1.47046e-7 0 -1 -1.47045e-7 0 -1 -1.47045e-7 0 -1 -1.47047e-7 0 -1 -1.47045e-7 0 -1 -1.47045e-7 0 -1 -1.47044e-7 0 -1 -1.47044e-7 0 -1 -1.47045e-7 0 -1 -1.47045e-7 0 -1 -1.47045e-7 0 -1 -1.47045e-7 0 -1 -1.47045e-7 0 -1 -1.47045e-7 0 -1 -1.47045e-7 0 -1 -1.47045e-7 0 -1 -1.47044e-7 0 -1 -1.47045e-7 0 -1 -1.47045e-7 0 -1 -1.47042e-7 0 -1 -1.47033e-7 0 -1 -1.47044e-7 0 -1 -1.47044e-7 0 -1 -1.47045e-7 0 -1 -1.47046e-7 0 -1 -1.47048e-7 0 -1 -1.47045e-7 0 -1 -1.47045e-7 0 -1 -1.47044e-7 0 -1 -1.47045e-7 0 -1 -1.47044e-7 0 -1 -1.47044e-7 0 -1 -1.47045e-7 0 -1 -1.47045e-7 0 -1 -1.47045e-7 0 -1 -1.47046e-7 0 -1 -1.47045e-7 0 -1 -1.47045e-7 0 -1 -1.47044e-7 0 -1 -1.47045e-7 0 -1 -1.47045e-7 0 -1 -1.47038e-7 0 -1 -1.47046e-7 0 -1 -1.47045e-7 0 -1 -1.47045e-7 0 -1 -1.47043e-7 0 -1 -1.47042e-7 0 -1 -1.47036e-7 0 -1 -1.47045e-7 0 -1 -1.47054e-7 0 -1 -1.47045e-7 0 -1 -1.47045e-7 0 -1 -1.47045e-7 0 -1 -1.47044e-7 0 -1 -1.47045e-7 0 -1 -1.47045e-7 0 -1 -1.47047e-7 0 -1 -1.47045e-7 0 -1 -1.47047e-7 0 -1 -1.47045e-7 0 -1 -1.47045e-7 0 -1 -1.47043e-7 0 -1 -1.47049e-7 0 -1 -1.47044e-7 0 -1 -1.47044e-7 0 -1 -1.47045e-7 0 -1 -1.47044e-7 0 -1 -1.47045e-7 0 -1 -1.47045e-7 0 -1 -1.47045e-7 0 -1 -1.47045e-7 0 -1 -1.47048e-7 0 -1 -1.47045e-7 0 -1 -1.47043e-7 0 -1 -1.47044e-7 0 -1 -1.47045e-7 0 -1 -1.47044e-7 0 -1 -1.47046e-7 0 -1 -1.47045e-7 0 -1 -1.47045e-7 0 -1 -1.47045e-7 0 -1 -1.47045e-7 0 -1 -1.47046e-7 0 -1 -1.47045e-7 0 -1 -1.47045e-7 0 -1 -1.47045e-7 0 -1 -1.47045e-7 0 -1 -1.47045e-7 0 -1 -1.4704e-7 0 -1 -1.47046e-7 0 -1 -1.47041e-7 0 -1 -1.47048e-7 0 -1 -1.47045e-7 0 -1 -1.47045e-7 0 -1 -1.47045e-7 0 -1 -1.47045e-7 0 -1 -1.47045e-7 0 -1 -1.47045e-7 0 -1 -1.47047e-7 0 -1 -1.47045e-7 0 -1 -1.47044e-7 0 -1 -1.47045e-7 0 -1 -1.47045e-7 0 -1 -1.47043e-7 0 -1 -1.47045e-7 0 -1 -1.47045e-7 0 -1 -1.47045e-7 0 -1 -1.47046e-7 0 -1 -1.47047e-7 0 -1 -1.47045e-7 0 -1 -1.47045e-7 0 -1 -1.47045e-7 0 -1 -1.47045e-7 0 -1 -1.47045e-7 0 -1 -1.47045e-7 0 -1 -1.47045e-7 0 -1 -1.47045e-7 0 -1 -1.47045e-7 0 -1 -1.47045e-7 0 -1 -1.47042e-7 0 -1 -1.47045e-7 0 -1 -1.47046e-7 0 -1 -1.47044e-7 0 -1 -1.47043e-7 0 -1 -1.47045e-7 0 -1 -1.47044e-7 0 -1 -1.47046e-7 0 -1 -1.47042e-7 0 -1 -1.47045e-7 0 -1 -1.47045e-7 0 -1 -1.47045e-7 0 -1 -1.47044e-7 0 -1 -1.47045e-7 0 -1 -1.47045e-7 0 -1 -1.47045e-7 0 -1 -1.47044e-7 0 -1 -1.47045e-7 0 -1 -1.47045e-7 0 -1 -1.47046e-7 0 -1 -1.47045e-7 0 -1 -1.47045e-7 0 -1 -1.47046e-7 0 -1 -1.47025e-7 0 -1 -1.47048e-7 0 -1 -1.47045e-7 0 -1 -1.47035e-7 0 -1 -1.47044e-7 0 -1 -1.47044e-7 0 -1 -1.47045e-7 0 -1 -1.47046e-7 0 -1 -1.47045e-7 0 -1 -1.47045e-7 0 -1 -1.47045e-7 0 -1 -1.47045e-7 0 -1 -1.47043e-7 0 -1 -1.47045e-7 0 -1 -1.47038e-7 0 -1 -1.47045e-7 0 -1 -1.47047e-7 0 -1 -1.47045e-7 0 -1 -1.47052e-7 0 -1 -1.47044e-7 0 -1 -1.47045e-7 0 -1 -1.4704e-7 0 -1 -1.47045e-7 0 -1 -1.47045e-7 0 -1 -1.47044e-7 0 -1 -1.47045e-7 0 -1 -1.47045e-7 0 -1 -1.47045e-7 0 -1 -1.47045e-7 0 -1 -1.47045e-7 0 -1 -1.47045e-7 0 -1 -1.47045e-7 0 -1 -1.47046e-7 0 -1 -1.47045e-7 0 -1 -1.47045e-7 0 -1 -1.47046e-7 0 -1 -1.47045e-7 0 -1 -1.47044e-7 0 -1 -1.47044e-7 0 -1 -1.47045e-7 0 -1 -1.47045e-7 0 -1 -1.47045e-7 0 -1 -1.47045e-7 0 -1 -1.47042e-7 0 -1 -1.47049e-7 0 -1 -1.47045e-7 0 -1 -1.47047e-7 0 -1 -1.47045e-7 0 -1 -1.47045e-7 0 -1 -1.47044e-7 0 -1 -1.47044e-7 0 -1 -1.47045e-7 0 -1 -1.47046e-7 0 -1 -1.47046e-7 0 -1 -1.47047e-7 0 -1 -1.47061e-7 0 -1 -1.47044e-7 0 -1 -1.47042e-7 0 -1 -1.47045e-7 0 -1 -1.47047e-7 0 -1 -1.47045e-7 0 -1 -1.47043e-7 0 -1 -1.47045e-7 0 -1 -1.47045e-7 0 -1 -1.47045e-7 0 -1 -1.47045e-7 0 -1 -1.47045e-7 0 -1 -1.47045e-7 0 -1 -1.47046e-7 0 -1 -1.47051e-7 0 -1 -1.47044e-7 0 -1 -1.47045e-7 0 -1 -1.47045e-7 0 -1 -1.47045e-7 0 -1 -1.47045e-7 0 -1 -1.47045e-7 0 -1 -1.47044e-7 0 -1 -1.47046e-7 0 -1 -1.47046e-7 0 -1 -1.47044e-7 0 -1 -1.47045e-7 0 -1 -1.47034e-7 0 -1 -1.47071e-7 0 -1 -1.47037e-7 0 -1 -1.4705e-7 0 -1 -1.47045e-7 0 -1 -1.47042e-7 0 -1 -1.47045e-7 0 -1 -1.47043e-7 0 -1 -1.47053e-7 0 -1 -1.47045e-7 0 -1 -1.47045e-7 0 -1 -1.47043e-7 0 -1 -1.47045e-7 0 -1 -1.47044e-7 0 -1 -1.47045e-7 0 -1 -1.47045e-7 0 -1 -1.47044e-7 0 -1 -1.47048e-7 0 -1 -1.47045e-7 0 -1 -1.47041e-7 0 -1 -1.47069e-7 0 -1 0 9.58135e-6 -1 0 5.15033e-6 -1 0 4.90495e-6 -1 -6.4327e-6 6.33439e-6 -1 6.40159e-6 5.13839e-6 -1 1.43764e-5 -8.05064e-6 -1 0 8.85882e-6 -1 1.32429e-5 -1.83784e-6 -1 -3.63473e-7 0 -1 -1.67985e-6 7.52559e-6 -1 0 -3.81514e-7 -1 0 9.32673e-6 -1 0 1.48606e-5 -1 0 3.45572e-5 -1 -9.55603e-6 1.35537e-5 -1 0 3.47857e-5 -1 0.9986299 -0.05233079 3.69408e-7 0.9986299 -0.05232983 -7.25805e-7 0.9986298 -0.05233156 5.42135e-7 0.9986299 -0.05233013 -2.07949e-7 0.9986299 -0.05233013 3.64192e-7 0.9986298 -0.05233228 0 0.9986298 -0.05233156 1.3306e-7 0.9986298 -0.0523324 -3.61649e-7 0.9986299 -0.05232965 -4.68333e-7 0.9986296 -0.05233424 1.95576e-6 0.9986299 -0.05233061 -1.39525e-6 0.9986299 -0.0523312 -1.93926e-6 0.9986298 -0.05233132 4.66478e-7 0.9986299 -0.05232882 -5.97564e-7 0.9986299 -0.05233031 1.02539e-6 0.9986299 -0.05232977 -3.71266e-7 0.9986299 -0.05233019 -2.16917e-7 0.9986298 -0.05233186 3.66274e-7 0.9986298 -0.05233103 -2.21767e-7 0.9986299 -0.05233049 0 0.9986298 -0.05233103 -4.89833e-7 0.9986298 -0.0523324 0 0.9986299 -0.05232989 1.29934e-6 0.9986298 -0.05233144 -7.58426e-7 0.9986298 -0.05233138 0 0.9986299 -0.05233067 4.42124e-7 0.9986298 -0.05233246 -1.35495e-6 0.9986299 -0.05233037 -1.9128e-6 0.9986299 -0.0523312 1.82695e-7 0.9986299 -0.05233031 1.4439e-7 0.9986299 -0.05233067 7.75969e-7 0.9986299 -0.05232959 -9.0511e-7 0.9986299 -0.05233025 -2.59246e-7 0.99863 -0.05232942 8.33242e-7 0.9986299 -0.05232942 3.32886e-7 0.9986298 -0.05233108 4.00893e-7 0.9986298 -0.05233174 0 0.5154097 0.8569164 0.006882905 0.545573 0.8379074 0.01617038 0.4672155 0.8839526 0.01837241 0.5014262 0.8650593 0.01562565 0.3452031 0.9382222 0.02395755 0.36431 0.9309332 0.02533107 0.4223907 0.9061563 0.02160781 0.2973197 0.9542492 0.03177064 0.2633183 0.9640355 0.03604298 0.289775 0.9566388 0.02954208 0.5603495 0.8281608 0.01258271 0.1807359 0.9723482 -0.147897 0.1802181 0.974734 -0.1319666 0.1933359 0.9716238 -0.1362659 0.1799706 0.9759373 -0.1231137 0.1806718 0.9776423 -0.1075791 0.1807652 0.9786595 -0.09772247 0.1935238 0.9746389 -0.1123726 0.1941016 0.9769476 -0.08887165 0.1802753 0.9807259 -0.07535123 0.1940411 0.9786595 -0.06763052 0.1818321 0.9798736 -0.08237075 0.1827802 0.9812875 -0.06055027 0.1941623 0.9798149 -0.04757922 0.1807006 0.9820887 -0.05337703 0.1827466 0.9823394 -0.04016274 0.1804916 0.9829685 -0.03457844 0.194135 0.9805327 -0.02945137 0.184456 0.9826158 -0.02102744 0.1806723 0.9834129 -0.01602244 0.1832079 0.9830601 -0.005279839 0.1939514 0.9809275 -0.01281815 0.1939789 0.9810034 0.002166807 0.1806093 0.9835548 -5.18817e-4 0.184853 0.9827085 0.01065105 0.1804896 0.9834764 0.01406925 0.1832378 0.9828127 0.02243167 0.1936095 0.9809572 0.01544237 0.1807335 0.9831696 0.02670413 0.1937657 0.9806701 0.02722299 0.1804619 0.9830337 0.032839 0.1939206 0.9802847 0.03790515 0.1793894 0.9830406 0.03808742 0.180307 0.9827162 0.04193329 0.1939776 0.9798985 0.04660224 0.1804925 0.9824235 0.04761046 0.1800622 0.9823467 0.05072259 0.193643 0.9795989 0.05374395 0.1793612 0.9822906 0.05417156 0.1799384 0.9820317 0.05688691 0.1937059 0.9792419 0.05969572 0.1800311 0.9817937 0.06058001 0.1799392 0.9817306 0.06186169 0.1785979 0.9818919 0.0631746 0.1793015 0.9815954 0.06573873 0.1932791 0.9790002 0.06482309 0.1799401 0.9814002 0.06689769 0.1796056 0.9814677 0.06680655 0.1797248 0.9814522 0.06671392 0.1793316 0.9815323 0.06659317 0.1932775 0.9789312 0.06586021 0.179394 0.9815703 0.06586122 0.1808862 0.9817056 0.05945104 0.1937343 0.9790785 0.06222814 0.1798819 0.9816595 0.0631448 0.1974612 0.9776926 0.07159876 0.2047989 0.9750496 0.085648 0.1921204 0.9788227 0.07068324 0.5685154 0.8226509 0.005987465 0.5535703 0.8328018 -0.001111805 0.5648058 0.8252232 0.001165568 0.5413802 0.8407717 -0.003246963 0.5591564 0.8290458 0.005224168 0.5255944 0.850718 -0.005418062 0.5354912 0.8445254 0.005100548 0.5183094 0.8551788 0.004965364 0.4977613 0.8673006 0.004832983 0.484114 0.8749613 -0.008752822 -0.3934882 0.9192785 -0.009705185 -0.3379366 0.9411138 -0.01019328 -0.3380032 0.9410988 -0.009338915 0.1337646 0.9910116 -0.001800596 0.1337944 0.9910064 -0.002349913 0.1252176 0.9921281 -0.001556396 0.1680371 0.9857798 -0.001385807 0.1785216 0.9839349 -0.0015136 0.2001753 0.9797598 -8.3544e-4 0.2143921 0.9767468 -0.001331686 0.2143061 0.9767661 -0.001001894 0.1920881 0.9813771 -0.00100708 0.1770104 0.9842087 -7.93495e-4 0.1767981 0.9842464 -0.001159727 0.1754545 0.9844865 -0.00149542 0.1764325 0.9843111 -0.001831114 0.1782296 0.9839866 -0.002166807 0.1933388 0.9811296 -0.002197325 0.1960865 0.9805851 0.001739561 0.1840283 0.9829187 0.002105772 0.1849755 0.9827417 0.001739561 0.1953819 0.9807246 0.002319395 0.1823509 0.9832301 0.002655148 0.1836929 0.9829815 0.002105772 0.1955982 0.9806769 -0.003784358 0.2015486 0.9794521 -0.007202506 0.188732 0.982023 -0.003357112 0.1843934 0.9828518 0.00125122 0.1847932 0.9827765 0.001403868 0.1958109 0.9806413 9.15574e-4 0.1846993 0.9827946 0.001068115 0.2078998 0.9781501 2.64255e-4 0.182628 0.9831821 3.05194e-4 0.1845815 0.9828169 7.93505e-4 0.181922 0.983313 1.52594e-4 0.194678 0.9808672 1.22074e-4 0.179973 0.9836716 -3.35714e-4 0.1934919 0.9811018 -4.57788e-4 0.1792668 0.9838004 -4.27262e-4 0.1775289 0.9841153 -8.54532e-4 0.2037038 0.9790313 -0.001583814 0.1913831 0.981514 -0.001648008 0.2087116 0.9779743 -0.002404451 0.178995 0.983847 -0.002441525 0.1779282 0.984038 -0.003296077 0.1925749 0.9812775 -0.003082394 0.1759139 0.9844041 -0.001739561 0.2077671 0.9781774 -0.001394152 0.08691906 0.9962123 -0.00250256 0.08670425 0.9962296 -0.003021359 0.07532149 0.9971559 -0.00262463 -0.0295422 0.9995532 -0.004547297 -0.02993869 0.9995453 -0.003570675 -0.0440393 0.9990184 -0.004791498 -0.04400879 0.9990189 -0.004974603 -0.05850476 0.9982746 -0.005005061 -0.05856585 0.9982753 -0.004059016 -0.0731849 0.9973048 -0.005218744 -0.1385862 0.9903374 -0.005066096 -0.1203655 0.9927098 -0.006286799 -0.129677 0.9915454 -0.00463891 -0.07309371 0.9973102 -0.005462944 -0.08829146 0.9960796 -0.005493402 -0.2431486 0.9699701 -0.006073355 -0.2578853 0.9661393 -0.008362174 -0.2269102 0.9738982 -0.005829155 -0.0883221 0.9960803 -0.004821956 -0.1039189 0.9945693 -0.005737662 -0.1206737 0.9926742 -0.005981802 -0.1039488 0.994564 -0.006103813 -0.1381275 0.9903921 -0.00665307 -0.1668457 0.9859679 -0.005462825 -0.1781684 0.9839851 -0.005432307 -0.1572344 0.9875373 -0.00689727 -0.284343 0.9586849 -0.008514702 -0.2935948 0.9558921 -0.008514821 -0.2646318 0.9643146 -0.008209645 -0.1573538 0.9875203 -0.006591975 -0.2015193 0.9794577 -0.0072636 -0.2011494 0.9795312 -0.007599174 -0.2113773 0.9773833 -0.006439566 -0.3430361 0.9392901 -0.007782399 -0.359031 0.9333158 -0.004303216 -0.3148008 0.9491024 -0.01025426 -0.3840521 0.9232327 -0.01205503 -0.4710588 0.882026 -0.01156663 -0.4358175 0.8999876 -0.009247362 -0.476406 0.8791995 -0.006775259 -0.5901204 0.8072345 -0.01141417 -0.5034655 0.8640123 0.002288877 -0.5512688 0.834182 -0.01559531 -0.6677541 0.7443261 -0.009125113 -0.6628792 0.7485469 -0.01638883 -0.6215254 0.7833692 -0.006256401 -0.6747496 0.7380465 -6.40904e-4 -0.7089321 0.7050562 -0.01764011 0.1829219 0.9831267 -0.001258969 0.1868569 0.9823864 -0.001234769 0.1902126 0.9817422 -0.001252233 0.193715 0.9810569 -0.001356303 0.1946447 0.9808731 -0.001220822 0.1978476 0.9802324 -9.48183e-4 0.1993057 0.9799371 -7.72435e-4 0.1991744 0.9799641 -2.03837e-4 0.1989408 0.9800114 6.22767e-4 0.1948945 0.9808215 -0.002314209 0.197914 0.9802153 0.00282824 0.1795432 0.9837409 0.004265487 0.1814839 0.9833921 -0.001901924 0.168311 0.9857329 -0.001478552 0.1749637 0.9845734 -0.001691102 0.1919348 0.9814018 0.003440678 0.1729647 0.9849179 0.004475593 0.1615796 0.9868589 -0.001264631 0.1548317 0.9879404 -0.001049816 0.1527684 0.9882506 0.004756391 0.1460151 0.989271 0.004754483 0.1414309 0.989948 -6.2152e-4 0.1394059 0.9902242 0.00469923 0.1349513 0.9908522 -4.0761e-4 0.132994 0.9911063 0.004560291 0.1258295 0.9920519 -1.83847e-4 0.1241124 0.99226 0.004054427 0.1150895 0.9933551 2.09219e-4 0.1139238 0.993484 0.003318607 0.1071015 0.994248 6.26948e-4 0.1067117 0.9942876 0.002223432 0.1038298 0.9945943 0.00126338 0.1058285 0.9943842 7.5777e-4 0.1071915 0.994238 -9.96312e-4 0.115998 0.9932471 0.002162396 0.1160027 0.9932466 0.002175509 0.1230763 0.9923924 -0.003129243 0.12968 0.991553 0.002389907 0.1341019 0.9909577 -0.004429757 0.1426836 0.989765 0.002603709 0.165719 0.9861475 -0.007093012 0.1482686 0.9889305 -0.005732357 0.1588494 0.9872988 0.002812147 0.2014058 0.9795027 0.00322324 0.1868058 0.9823607 -0.008435308 0.2278124 0.973699 0.003423392 0.211075 0.9774196 -0.00992465 0.2573941 0.9662998 0.00361216 0.2387695 0.9710109 -0.0112704 0.2890374 0.9573103 0.003796279 0.2693332 0.9629707 -0.01212859 0.3017089 0.9533151 -0.01273554 0.3220347 0.9467196 0.00396806 0.3349882 0.942135 -0.01282799 0.3681046 0.9296983 -0.01265597 0.3551532 0.934799 0.004133045 0.4002787 0.9163135 -0.01211112 0.3876909 0.9217795 0.004285812 0.4307057 0.9024228 -0.01121133 0.4187904 0.9080721 0.004432916 0.4741743 0.8804185 0.004704415 0.4477429 0.8941507 0.004571914 0.5064559 0.8622366 -0.007115602 0.4587723 0.8884968 -0.01007407 0.549288 0.8356167 0.0052374 0.5699401 0.8216612 0.006418883 0.5652869 0.824886 0.003719031 0.5530371 0.8331341 0.006129086 0.561725 0.8272703 0.009439229 0.3611941 0.9322685 0.02035623 0.5269755 0.8497774 0.01324534 0.3733151 0.9275501 0.01693832 0.5373642 0.8433246 0.006596684 0.3242708 0.9455584 0.02771174 0.5015081 0.8648077 0.0244413 0.1872968 0.9818663 0.02929848 0.183265 0.9826122 0.02978628 0.1856148 0.9824588 0.01794499 0.1981908 0.9790213 0.04730457 0.1981924 0.9793953 0.03879004 0.1993482 0.979162 0.03875875 0.1992274 0.9798095 0.01678538 0.1986791 0.9800588 0.00338757 0.2023438 0.9793077 0.003692805 0.1932496 0.9680488 -0.1598002 0.1807366 0.9708569 -0.1573892 0.1784121 0.9669231 -0.182288 0.1809498 0.9682906 -0.1722518 0.1922708 0.9644063 -0.1815281 0.1803047 0.9643617 -0.1936414 0.191814 0.9605962 -0.2011529 0.1789026 0.9627841 -0.2025853 0.1895205 0.956728 -0.2208021 0.1772532 0.9581685 -0.2247099 0.1799388 0.960091 -0.2141199 0.1776847 0.9540408 -0.2413179 0.1865946 0.9561985 -0.2255372 0.1895844 0.9529581 -0.2364923 0.1821091 0.9520516 -0.2458335 0.1884551 0.9492336 -0.2518736 0.1757915 0.9498237 -0.2587127 0.1883368 0.9455905 -0.2653074 0.1756057 0.9455974 -0.2738765 0.1827201 0.9483317 -0.259385 0.1749364 0.9416719 -0.2874915 0.1772245 0.9439563 -0.2784564 0.1873582 0.942132 -0.2780007 0.1804898 0.9405678 -0.2876729 0.1898618 0.9388411 -0.2872801 0.1754879 0.9376856 -0.2999165 0.1904392 0.9368453 -0.2933497 0.1779848 0.9356412 -0.3047899 0.1771943 0.936847 -0.3015294 0.1687713 0.9320878 -0.320513 0.184181 0.9356766 -0.3009766 0.1875129 0.9362216 -0.2972006 0.1768572 0.9347038 -0.3083024 0.1775308 0.9354168 -0.3057424 0.1909302 0.9390251 -0.2859681 0.1704196 0.9371857 -0.3043686 0.1781408 0.9356893 -0.3045515 0.1956915 0.9463813 -0.2570358 0.1831139 0.9428229 -0.2784857 0.1746296 0.9453257 -0.2754338 0.2075774 0.9782173 -0.001630961 0.2067167 0.9783997 -0.001538395 0.2076897 0.9781945 -8.77358e-4 0.2074557 0.9782443 -4.47996e-4 0.2068206 0.9783784 9.95582e-4 0.2109478 0.9774951 0.002105772 0.2104271 0.9776086 0.001373291 0.2106438 0.9775619 0.001403868 0.2070488 0.9783286 0.001988172 0.2072914 0.9782771 0.002039432 0.2070945 0.9783174 0.002632319 0.2073543 0.9781947 -0.01181215 0.2049346 0.9787728 0.002410948 0.2117716 0.9748085 0.07001066 0.2064638 0.9748508 0.08389782 0.2061873 0.9757582 0.07336801 0.2065713 0.9742501 0.09036105 0.2071009 0.9761605 0.06496149 0.2099745 0.9756795 0.06293129 0.2070649 0.9761696 0.06493902 0.2066394 0.9760472 0.06805837 0.2080904 0.975858 0.06632995 0.2099106 0.9758496 0.06045842 0.2104571 0.9754396 0.06500488 0.207174 0.9759409 0.06795978 0.2100335 0.9761583 0.05478203 0.2101218 0.9765094 0.04773133 0.2101249 0.9768902 0.03915613 0.2072184 0.9762547 0.06314694 0.2102447 0.9772152 0.02911502 0.2102745 0.9774865 0.01745671 0.2090875 0.9717947 -0.1090759 0.2086625 0.9689056 -0.1329739 0.2103087 0.9776259 0.004242181 0.2103698 0.9775649 -0.01055967 0.2104264 0.9772391 -0.02691745 0.2102756 0.9766066 -0.04498493 0.2100349 0.9755547 -0.06464022 0.2095415 0.974005 -0.08606278 0.2078638 0.9656162 -0.1561344 0.207013 0.9621239 -0.1773787 0.2063993 0.9585378 -0.1964807 0.2056093 0.9549834 -0.2138496 0.2046628 0.9515021 -0.2296887 0.198011 0.9560867 -0.2160785 0.2038995 0.9481129 -0.2439408 0.2031642 0.9448649 -0.2568165 0.1520481 0.9479049 -0.2799248 0.178173 0.9476011 -0.2651538 0.2025893 0.9418972 -0.2679319 0.2282537 0.972009 -0.05566716 0.221144 0.9704275 -0.0967772 0.1983128 0.9365941 -0.2889006 0.1726133 0.9849888 -0.001342773 0.1250048 0.9494997 -0.2877919 0.2101227 0.9776733 -0.001831114 0.2129311 0.977066 -0.001586973 0.2133871 0.9769666 -0.001495361 0.2099416 0.9777132 -0.001281797 0.2130541 0.9770398 -0.001098632 0.2069954 0.9783415 -9.95803e-4 0.2076897 0.9781947 -3.98852e-4 0.213966 0.9768397 -0.001647949 0.2103981 0.9776157 -7.01937e-4 0.207224 0.9782936 1.35643e-4 0.2132645 0.9769945 1.22075e-4 0.2092101 0.9778707 -3.35713e-4 0.2105502 0.977583 4.57784e-4 0.2080493 0.9781176 0.001222133 0.2123814 0.9771867 -5.7986e-4 0.2101225 0.9776723 0.002319395 0.2092382 0.9778593 -0.003234982 0.2074782 0.9782358 0.002752304 0.2056977 0.9785904 -0.00701934 0.2091194 0.9750971 0.07385706 0.2110059 0.9751319 0.06778192 0.2101214 0.975409 0.06653082 0.2029504 0.9386988 -0.2786676 0.200756 0.9385603 -0.2807165 0.2042655 0.973107 -0.1064817 0.2136911 0.9769002 -0.00154978 0.21393 0.9768478 -0.00157094 0.2001706 0.9797602 -0.00132966 0.2137047 0.9768978 -0.001099407 0.2149021 0.9766321 -0.002632141 0.2134585 0.9769521 1.10197e-4 0.213528 0.9769365 9.93724e-4 0.2138229 0.9768723 4.98107e-4 0.2037617 0.9790064 -0.005264043 0.2046607 0.977159 0.0572232 0.2088735 0.9759433 0.06250333 0.2133314 0.9739178 0.07729166 0.2085397 0.9759832 0.06299221 0.2107931 0.9752578 0.06662243 0.2131149 0.9748498 0.06519216 0.2130805 0.9746642 0.06801879 0.2107659 0.975334 0.06558585 0.2085981 0.9761235 0.06058043 0.2087208 0.9764312 0.0549345 0.212967 0.9746921 0.06797361 0.2086298 0.9768307 0.04770159 0.212695 0.975085 0.06300956 0.2088713 0.9771541 0.03927779 0.2089627 0.9774892 0.02914547 0.2106105 0.975443 -0.06445574 0.2082911 0.9742838 -0.08594107 0.2090278 0.9777523 0.01754868 0.2089331 0.9779205 0.004303157 0.2089063 0.977877 -0.01071232 0.210949 0.9771348 -0.02661275 0.2106399 0.9765366 -0.04480141 0.2078669 0.9720394 -0.1092285 0.2091458 0.9688521 -0.1326045 0.2084751 0.9655287 -0.1558604 0.2059408 0.962349 -0.1774057 0.2069206 0.9585186 -0.1960252 0.2061283 0.9549534 -0.2134835 0.2035639 0.9517453 -0.229658 0.202528 0.9483355 -0.2442178 0.2019767 0.9450605 -0.2570335 0.2002356 0.9420625 -0.2691171 0.2009077 0.9489631 -0.2431157 0.2023711 0.959546 -0.1957485 0.1994428 0.9393498 -0.2790063 0.1991084 0.9375857 -0.285112 0.2063993 0.9784666 -0.00149542 0.211346 0.9774106 -0.00125128 0.2114688 0.9773836 -0.001556456 0.2064287 0.9784613 -8.85043e-4 0.211317 0.9774172 -8.85065e-4 0.2132019 0.9770081 -4.42488e-4 0.2141752 0.9767953 -1.04665e-4 0.2113753 0.977405 -2.13634e-4 0.2064934 0.978448 -3.05193e-5 0.2134763 0.9769483 1.15377e-4 0.2107315 0.9775438 5.18818e-4 0.2065517 0.9784352 0.001037597 0.2065514 0.9784334 0.00213629 0.213716 0.9768929 0.002408087 0.2106727 0.9775543 0.002166807 0.2063985 0.9784627 0.003234982 0.2039615 0.9789726 0.003540217 0.2052689 0.9787049 -0.001220703 0.2056057 0.9768791 0.05859625 0.2059425 0.976304 0.06647044 0.2055187 0.9764735 0.06528133 0.2046334 0.9766553 -0.0653423 0.2050257 0.9783737 -0.0273754 0.2048723 0.9777291 -0.04553395 0.2032899 0.969938 -0.1337667 0.202525 0.9665718 -0.1572346 0.201151 0.9594271 -0.1975802 0.2002348 0.9557622 -0.2154638 0.1995655 0.9423435 -0.2686306 0.2067039 0.9784023 -0.001586973 0.2044187 0.9788823 -0.001641571 0.2043021 0.9789072 -0.0011487 0.2040709 0.9789555 -0.001168251 0.2050558 0.9787503 -4.4999e-4 0.203486 0.9790779 -2.36152e-4 0.2042903 0.9789103 4.82599e-4 0.2053686 0.9786834 0.001616775 0.2035681 0.9790599 0.001304626 0.2043573 0.9788933 0.002471327 0.2041359 0.9789337 0.004184186 0.20186 0.9780144 0.05234801 0.2035394 0.9774738 0.05582791 0.2012724 0.9775216 0.06277745 0.2027678 0.9769724 0.06640917 0.2041628 0.9768168 0.06439286 0.2040561 0.9765737 0.06830149 0.2037819 0.9767921 0.06595551 0.201057 0.9774828 0.06405866 0.2012744 0.9776843 0.06018394 0.2026941 0.9769011 0.06767106 0.202708 0.9777108 0.05469024 0.2015506 0.9783322 0.0473662 0.2027065 0.9784662 0.03891158 0.2021294 0.9789378 0.02871865 0.2025862 0.9791158 0.01706022 0.2016701 0.9793878 -0.01135307 0.2013654 0.9732865 -0.1102962 0.2007529 0.9757485 -0.08725333 0.1991649 0.9634751 -0.1790226 0.1971548 0.9525688 -0.2318247 0.1955065 0.9490583 -0.2471147 0.1947765 0.9456518 -0.2603937 0.1955719 0.9370062 -0.2894323 0.2014783 0.9794917 -0.001645386 0.2020503 0.9793739 -0.001590013 0.2013993 0.9795083 -0.001334488 0.2023573 0.9793111 -0.001156389 0.2005289 0.9796875 -8.34465e-4 0.2046987 0.978825 5.34081e-4 0.2018017 0.9794263 5.39216e-4 0.2011998 0.9795475 0.002337515 0.2042037 0.9789255 0.00243473 0.2020866 0.9793512 0.005680084 0.2017021 0.9777774 0.05716264 0.201054 0.9773822 0.06558525 0.2008347 0.9772908 0.06758803 0.2006361 0.9773498 0.06732511 0.2003877 0.9793239 -0.02774173 0.2003897 0.9786319 -0.0460841 0.2000806 0.9775449 -0.06613403 0.1980096 0.9673724 -0.1580598 0.1987709 0.970752 -0.1346503 0.1958121 0.9564155 -0.2166264 0.1966036 0.9600984 -0.1988925 0.1933111 0.9380807 -0.287464 0.1932151 0.9424844 -0.2727473 0.1927277 0.9395285 -0.2830945 0.1924551 0.9375246 -0.2898425 0.1941335 0.9368201 -0.2909989 0.2001711 0.9797596 -0.001625776 0.1998759 0.9798207 -0.001119554 0.200135 0.9797674 -0.001340389 0.2022652 0.9793308 -1.69063e-4 0.2002121 0.9797523 -8.30931e-4 0.201909 0.9794043 -2.37091e-4 0.2014229 0.9795043 4.75531e-4 0.2023854 0.979305 0.001385033 0.2021037 0.9793633 0.00131148 0.2006519 0.9796609 0.001849412 0.1988547 0.9800276 0.001657068 0.1991342 0.9784586 0.05444526 0.1979468 0.9739253 -0.1108453 0.1959043 0.9640176 -0.1796984 0.1935811 0.9530122 -0.2330114 0.1935249 0.9480005 -0.252672 0.1916601 0.9413929 -0.2775714 0.1994822 0.9799002 -0.00163269 0.1997488 0.9798458 -0.001658797 0.1995164 0.9798935 -0.001415133 0.1995056 0.9798964 -7.46435e-4 0.200176 0.9797599 -3.68379e-4 0.1999489 0.9798062 5.29764e-4 0.1994808 0.9798995 0.002088189 0.1995441 0.9798861 0.002326607 0.1996509 0.9798658 0.001649618 0.2002211 0.9797474 0.002576649 0.1997808 0.9781539 0.05746853 0.1993797 0.978317 0.05606782 0.1986498 0.9800038 -0.01144468 0.198559 0.9796717 0.02859663 0.1936728 0.9583538 -0.2098783 0.1988629 0.9800268 -0.001076281 0.1988455 0.9800307 -6.83861e-4 0.1994353 0.979911 -2.98512e-4 0.1996738 0.9798623 6.04122e-4 0.1992107 0.9799561 0.001111149 0.1997127 0.9798531 0.001685678 0.1993541 0.9799269 0.001138985 0.1999436 0.9798029 0.002991557 0.1990745 0.9781906 0.05926758 0.198468 0.9797052 -0.0280779 0.1980716 0.9790964 -0.04623705 0.1982188 0.9779406 -0.06588983 0.1959648 0.9677688 -0.1581818 0.1965442 0.9711544 -0.1350173 0.193767 0.9567492 -0.2169921 0.1945268 0.9604267 -0.1993488 0.1909595 0.942651 -0.2737585 0.1902248 0.9396793 -0.2842842 0.1895828 0.9376291 -0.2913935 0.1903911 0.9367963 -0.2935371 0.1990832 0.9799813 -0.001668512 0.1991773 0.9799622 -0.001645326 0.1990631 0.9799857 -0.001422941 0.1992034 0.9799572 -0.001375854 0.1992324 0.9799517 -0.001122176 0.1991671 0.979965 -0.001074969 0.19913 0.9799729 -6.97187e-4 0.1992481 0.9799491 -1.69235e-4 0.1992582 0.9799471 1.75678e-4 0.1989519 0.9800091 6.2033e-4 0.1995572 0.9798817 0.00299853 0.1987939 0.9778887 0.06492179 0.1981307 0.9781711 0.06265592 0.1986767 0.9777495 0.06733256 0.1986811 0.9779498 0.06434363 0.198648 0.9777641 0.06720501 0.1986557 0.9777013 0.06809133 0.1987484 0.9778486 0.06566143 0.1988323 0.9780459 0.06238567 0.1984677 0.9782691 0.06000113 0.191598 0.9459658 -0.2616086 0.1991485 0.9799692 4.96254e-4 0.1991162 0.9799725 0.002626955 0.1986646 0.9776976 0.06811654 0.1987872 0.9778293 0.06583011 0.1988459 0.9780394 0.06244409 0.1981273 0.9786732 0.05426222 0.1971862 0.9764398 -0.0876519 0.1918098 0.9495272 -0.2482082 0.1987673 0.9800453 -0.001640439 0.1986738 0.980065 -0.001237332 0.1987672 0.9800457 -0.001460313 0.1975749 0.9802871 -0.001206159 0.1988587 0.9800272 -0.001424133 0.198683 0.9800634 -9.42654e-4 0.1987653 0.980047 -6.36239e-4 0.1988213 0.9800359 -2.61455e-4 0.1986765 0.9800637 0.001635432 0.1988613 0.9800243 0.002576649 0.1980931 0.9785186 0.0571025 0.1984052 0.9783766 0.05843526 0.1975506 0.9785362 0.05865782 0.1972445 0.9802107 0.01678544 0.1890042 0.9381238 -0.2901747 0.1984182 0.9801161 -0.001679778 0.198686 0.9800626 0.001051962 0.1988909 0.9800209 0.0012331 0.1987702 0.9800447 0.001702547 0.1988689 0.9800239 0.002093195 0.1987195 0.9800534 0.002449393 0.1981234 0.9801725 0.002997875 0.1972124 0.9802941 -0.0114445 0.1965145 0.9801006 -0.0280168 0.1965729 0.9742278 -0.1106314 0.1900436 0.936948 -0.2932777 0.198082 0.9801841 -0.001631021 0.1982393 0.9801526 -0.001463711 0.1980131 0.9801985 -0.001325011 0.1980459 0.9801924 -9.45255e-4 0.1981623 0.9801685 -0.001240074 0.1982554 0.9801503 -6.22066e-4 0.1983039 0.9801406 -1.93273e-4 0.1980507 0.9801914 -9.47286e-4 0.1980028 0.9802015 -4.33254e-4 0.1982977 0.9801418 5.01347e-4 0.1982941 0.980142 0.00105375 0.1979827 0.9802055 9.48487e-5 0.1980277 0.9801962 7.16602e-4 0.1984236 0.9801149 0.00170511 0.1979483 0.9802116 0.001330256 0.1983964 0.9801188 0.002461969 0.1980403 0.9801918 0.002013087 0.1984403 0.9801083 0.003034889 0.1878153 0.9822021 -0.002117097 0.1595256 0.9871827 0.004705071 0.1662743 0.9860687 0.004622161 0.1859419 0.9825525 0.004012703 0.1480965 0.9889726 -8.36836e-4 0.1934695 0.9794074 0.05771374 0.2031347 0.977891 0.04965442 0.2205303 0.9745327 0.04065126 0.1978341 0.9782066 0.06303548 0.2900699 0.9558065 0.04788899 0.1971836 0.9785326 0.05993938 0.1940119 0.9643833 -0.1797899 0.1917551 0.9533125 -0.2332924 0.1978281 0.9802365 7.17265e-4 0.1978091 0.9802324 0.00399065 0.1978241 0.9802302 0.003803074 0.1976242 0.9802696 0.004056274 0.1984901 0.9800962 0.003618836 0.1976964 0.9802552 0.004004657 0.1977756 0.9802396 0.003895461 0.1977717 0.9802447 0.00259453 0.1979002 0.9802144 0.00388807 0.1976245 0.9802773 -0.00101912 0.1978768 0.9802237 0.002512991 0.1783775 0.9839576 0.003021061 0.1978299 0.980158 -0.01240068 0.1975625 0.9801825 0.01454544 0.1964216 0.9798802 0.03540223 0.195718 0.979811 0.04080379 0.195966 0.9788839 0.05817019 0.1968166 0.9789257 0.05447632 0.1970321 0.9796367 0.03860682 0.1965702 0.9800736 0.02856534 0.1969365 0.9804102 0.003448545 0.1919355 0.9570837 -0.2171444 0.1930658 0.9607206 -0.1993528 0.1883671 0.9483361 -0.2552966 0.1923009 0.9733768 -0.1247316 0.1976958 0.980262 -0.001681089 0.1978262 0.9802358 -0.001643419 0.1975945 0.9802828 -0.001490533 0.1978191 0.9802377 -0.001326203 0.1977502 0.9802524 -4.33756e-4 0.1975492 0.9802926 -7.94596e-4 0.1978703 0.9802283 9.48933e-5 0.1974494 0.9803131 -1.72587e-4 0.1977221 0.9802573 0.001331627 0.1974706 0.9803088 4.34263e-4 0.1978154 0.9802373 0.002015173 0.1976571 0.9802708 9.34934e-4 0.1979708 0.9802069 0.001431822 0.197964 0.9802052 0.002822458 0.1976761 0.9802655 0.001927435 0.1975849 0.9802827 0.002506256 0.1970795 0.9803826 0.003122687 0.197969 0.9802021 0.00347191 0.197758 0.9802458 0.003144919 0.1976628 0.9802687 0.001610994 0.1984772 0.9800978 0.003882288 0.1976794 0.9802667 4.35476e-4 0.1975443 0.9802907 -0.002549886 0.1977499 0.980251 0.001714944 0.1976934 0.9802549 -0.00422275 0.1975171 0.9802995 2.5186e-4 0.1974917 0.9802901 -0.005325436 0.1978456 0.9802126 -0.006366252 0.1974167 0.980319 -0.001256406 0.1977009 0.9802259 -0.008466422 0.1974766 0.9802584 -0.009834825 0.1976174 0.9802178 -0.01097917 0.1975818 0.9802766 -0.004386723 0.1975101 0.9802298 -0.01180374 0.1976813 0.9801852 -0.01261752 0.1976938 0.9802417 -0.006596624 0.1975664 0.9802599 -0.007619678 0.1976861 0.9801842 -0.01261574 0.1975181 0.9802223 -0.01228457 0.1976143 0.9802107 -0.01165348 0.1976621 0.9802099 -0.01088213 0.1973317 0.9803187 -0.005953907 0.197676 0.9801874 -0.01252675 0.1975346 0.9802194 -0.01224637 0.1975902 0.9802839 -0.001287162 0.1974787 0.9802467 -0.01088958 0.1975814 0.9802781 0.00405693 0.1975787 0.9802608 0.007166922 0.1975703 0.9802304 0.01070326 0.1965135 0.980279 0.02087515 0.1958124 0.9803134 0.02536159 0.197549 0.9801155 0.01865577 0.1975865 0.9802851 8.02568e-4 0.1965135 0.9800346 0.03024458 0.1975696 0.9802629 0.00713098 0.1975688 0.9802307 0.01069551 0.1963918 0.9794262 0.04641985 0.1975588 0.9801835 0.01452684 0.1963002 0.9791509 0.05224901 0.1975493 0.9801154 0.01865863 0.1962966 0.9785231 0.06292968 0.1972863 0.9781049 0.06624937 0.1972851 0.9782301 0.06437736 0.1959606 0.9794673 0.047365 0.1943773 0.9809203 0.003601253 0.1944952 0.9808379 -0.01135289 0.1973392 0.9783765 0.06194186 0.1962693 0.9783255 -0.06601315 0.1941049 0.9681133 -0.1583663 0.1896755 0.9463024 -0.2617919 0.1890372 0.9429584 -0.2740339 0.196842 0.9804345 -0.001208662 0.197263 0.9803506 4.34692e-4 0.1974764 0.9803026 0.003147065 0.1974359 0.9803076 0.004028558 0.1976003 0.9802755 0.003764867 0.1965167 0.9804809 -0.006193816 0.1976601 0.9802678 -0.002378046 0.1965858 0.9804115 -0.01214522 0.1977353 0.9802196 -0.008405029 0.1973192 0.9802823 -0.01058447 0.1974716 0.9802624 -0.009524345 0.1973388 0.9803343 0.001473188 0.1972674 0.9803148 -0.008285522 0.1973344 0.9803265 -0.004372119 0.1973274 0.980332 0.003359198 0.1932156 0.9791401 0.06286907 0.1969912 0.9782303 0.0652697 0.1969767 0.9780929 0.06734025 0.1969662 0.9780458 0.06804877 0.1933402 0.9807096 0.02877974 0.1943782 0.9801619 0.03872913 0.1969636 0.9780992 0.06728619 0.1971555 0.9780329 0.06768554 0.1970988 0.9781773 0.06573748 0.1957191 0.9795724 -0.04617542 0.1941292 0.9716532 -0.134923 0.1948032 0.9745658 -0.1107842 0.1879067 0.9400525 -0.2845916 0.19665 0.9804722 -0.001756489 0.1968138 0.9804399 -0.001496255 0.1970505 0.9803919 -0.001679122 0.1968773 0.9804272 -0.001474499 0.1968476 0.9804334 -0.001210451 0.1970133 0.9804009 -9.47558e-5 0.1968525 0.9804328 -9.48777e-4 0.1965208 0.9804998 -1.48456e-4 0.196779 0.9804474 9.38936e-4 0.1967795 0.9804468 0.001440167 0.1966432 0.9804732 0.00193715 0.1965811 0.9804873 7.99943e-4 0.1969178 0.9804168 0.002514421 0.1967704 0.9804486 0.001445055 0.1969739 0.9804065 0.002089083 0.1969017 0.9804201 0.00252825 0.196603 0.9804751 0.003995597 0.1972211 0.9803541 0.003131806 0.1958215 0.9806331 0.003553688 0.1967269 0.9804551 0.002533495 0.1971824 0.9803625 0.002895355 0.1965627 0.9804906 0.001252532 0.1970156 0.9803699 -0.007736921 0.1968109 0.9803605 -0.01260125 0.1970183 0.9803943 -0.003307819 0.1970117 0.9803758 -0.007056355 0.194682 0.980399 0.03027504 0.1970119 0.9803968 -0.002899885 0.1963255 0.9785 0.06319922 0.1950166 0.9789593 0.06006145 0.1945294 0.9769809 -0.08755958 0.1876001 0.9417238 -0.279218 0.1892494 0.9500316 -0.248243 0.1959446 0.9806138 -0.001546144 0.195717 0.9806599 -0.001124143 0.1954464 0.9807143 -5.70759e-4 0.1955605 0.9806907 0.001454055 0.1966166 0.980475 0.003290534 0.1956684 0.9806663 0.002740085 0.1961885 0.9805586 0.003874123 0.1966264 0.9804706 0.003954768 0.1957765 0.9806485 2.64935e-4 0.1962589 0.9805518 -7.97823e-4 0.1960337 0.980593 -0.002873003 0.1965127 0.9804621 -0.008771538 0.1953286 0.9807376 -6.6881e-4 0.1953122 0.9806825 0.01073026 0.1955032 0.9806661 -0.008516192 0.1852831 0.981503 0.04819005 0.1854633 0.9818537 0.03958296 0.1884558 0.9809167 0.04782354 0.1955392 0.978309 0.06838136 0.1941317 0.9794481 0.05472064 0.194468 0.9807631 0.01690757 0.1955797 0.9784976 0.06550556 0.1914764 0.9752665 -0.1104179 0.1907449 0.9777432 -0.08737641 0.1905914 0.9612277 -0.1992893 0.191294 0.9649547 -0.1796357 0.1869904 0.9380348 -0.2917625 0.1884279 0.9369524 -0.2943047 0.1890951 0.9538376 -0.233317 0.1859839 0.9385567 -0.2907258 0.195962 0.9806101 -0.00165683 0.1957167 0.9806594 -0.001517534 0.1955716 0.9806892 -7.76519e-4 0.1954435 0.9807142 -0.001217365 0.1954699 0.9807097 -1.62357e-4 0.1954436 0.9807146 -8.31323e-4 0.1954894 0.9807057 -5.10188e-4 0.1954465 0.9807143 -1.76107e-4 0.1956892 0.9806656 8.13278e-4 0.1950832 0.9807868 1.48658e-4 0.1951765 0.980768 5.61588e-4 0.1955875 0.9806841 0.002104043 0.1954253 0.9807181 0.00100094 0.1952331 0.9807554 0.001699209 0.1954076 0.9807195 0.002295792 0.1954098 0.9807135 0.004003167 0.1956151 0.9806771 0.002731263 0.1951252 0.9807753 0.002453804 0.1948008 0.9808365 0.003542244 0.1955721 0.9806877 0.001783609 0.1958224 0.980635 0.002930521 0.1956256 0.9806755 -0.00248593 0.1956406 0.9806661 -0.004324734 0.1953935 0.9807249 -9.56383e-5 0.1950391 0.9807717 -0.006832718 0.195743 0.9806544 -0.001285672 0.1956947 0.9806292 -0.008383333 0.1956382 0.9806163 -0.01084065 0.1956556 0.9806632 -0.004313647 0.1953436 0.9806561 -0.01243066 0.1956655 0.9806519 -0.00607711 0.1955531 0.9806146 -0.01241952 0.1956604 0.980612 -0.01082026 0.1954231 0.9806392 -0.012515 0.1945109 0.9808958 0.002990126 0.1952643 0.9806792 -0.01184743 0.1955358 0.9806358 -0.01092034 0.1952859 0.9807356 0.00462073 0.1953046 0.980716 0.007224082 0.195315 0.9806321 0.01459127 0.1952843 0.980569 0.01867181 0.1953288 0.9807378 2.06044e-4 0.19358 0.9804434 0.03546267 0.1952882 0.9807196 0.007176876 0.1952945 0.9806864 0.01069205 0.1934617 0.9800047 0.04651135 0.1953016 0.9806353 0.0145542 0.1941017 0.9795727 0.05255395 0.1952992 0.9805654 0.01870203 0.1937071 0.9808347 0.02099734 0.1948876 0.9785525 0.06673759 0.1948984 0.9787262 0.06410801 0.1904667 0.9812655 0.02899265 0.1902552 0.9815816 0.01733475 0.1904081 0.9816439 -0.01095628 0.1902832 0.9817212 0.003967404 0.1934276 0.9807189 -0.02786356 0.1949488 0.978874 0.06165087 0.1931836 0.9789498 -0.06585943 0.1911119 0.9687438 -0.158151 0.1887887 0.9577379 -0.2170184 0.187646 0.9372347 -0.2939051 0.1867173 0.9469236 -0.2616728 0.1860768 0.9435381 -0.2740643 0.1949365 0.9808144 -0.001712918 0.1946447 0.9808725 -0.001597821 0.1945304 0.9808952 -0.001621603 0.1937723 0.9810466 1.49105e-4 0.1942442 0.9809466 0.00362724 0.1946832 0.9808584 0.003925323 0.1948755 0.9808237 0.002895534 0.1954457 0.9807131 0.001695811 0.1950349 0.9807573 -0.008745491 0.1937554 0.9809848 -0.01129853 0.193755 0.980979 -0.01180732 0.1945206 0.9808858 -0.004989087 0.1951795 0.9807108 -0.01055794 0.1945213 0.980884 -0.005310118 0.1945098 0.9808987 0.001941502 0.192512 0.980963 0.02551364 0.1902547 0.9799918 0.05847412 0.1893111 0.9798828 0.0631749 0.1927886 0.9795074 0.05829125 0.1928524 0.9803765 0.04086554 0.1944924 0.9785608 0.06776016 0.1943221 0.9787675 0.0652166 0.1946208 0.9785552 0.06747335 0.1924535 0.980152 0.04757928 0.1883322 0.9799315 -0.06531041 0.1922105 0.9802798 -0.045901 0.1906546 0.9723784 -0.1346516 0.1843985 0.9407925 -0.2844412 0.1876607 0.9593618 -0.210733 0.1942822 0.9809444 -0.001620173 0.1915934 0.9814733 -0.00145328 0.1936472 0.9810709 -8.50596e-4 0.1940538 0.9809902 -0.001175403 0.1938255 0.9810361 -8.35271e-5 0.1936823 0.981064 -8.39286e-4 0.1939892 0.9810036 -5.1425e-4 0.1936178 0.981077 -1.77731e-4 0.1938445 0.981032 7.55206e-4 0.1937741 0.9810462 1.4962e-4 0.1941229 0.9809771 5.64893e-4 0.1937814 0.9810419 0.002391457 0.1941324 0.9809737 0.001831591 0.1934103 0.9811152 0.002320528 0.1934624 0.9810993 0.004071056 0.1939905 0.9810023 0.001497745 0.1946042 0.9808753 0.003600835 0.192361 0.9813241 -5.44449e-4 0.1935679 0.9810832 0.002672314 0.1930003 0.9811967 -0.002016901 0.1940609 0.9809822 -0.003798007 0.1940078 0.9809844 -0.005533635 0.1944255 0.9809174 1.49915e-4 0.1949225 0.9808181 -0.001081764 0.1937565 0.9810456 -0.002848207 0.193598 0.9810718 -0.004259884 0.1931286 0.981152 -0.006498098 0.1935979 0.9810028 -0.01239705 0.1937617 0.9810121 -0.008473455 0.1928003 0.9811919 -0.009516716 0.1944774 0.9808459 -0.01095116 0.1937417 0.9809943 -0.01069229 0.193782 0.9810201 -0.006945133 0.1937527 0.9809727 -0.01235055 0.1936466 0.9810666 -0.003072321 0.19374 0.9809817 -0.01182103 0.1938604 0.9810013 -0.007406234 0.1936461 0.9810668 -0.003029525 0.190349 0.9808605 0.04098743 0.1902536 0.9806268 0.04663252 0.1918741 0.9809478 0.03042763 0.1918709 0.9795582 0.06042695 0.1934433 0.9790456 0.06363505 0.1890055 0.9809184 -0.04556518 0.1882094 0.9759609 -0.1098982 0.1854968 0.9734766 -0.133919 0.1854373 0.9508697 -0.247911 0.1852697 0.9375252 -0.2944856 0.1927942 0.9812376 -0.00179249 0.1914435 0.9815026 -0.001427531 0.1921916 0.9813574 4.02765e-4 0.1916012 0.9814722 0.001134514 0.1926397 0.9812688 0.001237511 0.1924628 0.9813028 0.001763463 0.1933097 0.9811375 8.42586e-4 0.1917521 0.9814398 0.002640128 0.1926164 0.9812707 0.002601325 0.1928331 0.9812303 0.001563549 0.1925189 0.9812887 0.002975285 0.193305 0.9811357 0.002421557 0.1927147 0.981247 0.003937304 0.1917164 0.9814432 0.003778696 0.1930668 0.9811787 0.003692626 0.1926595 0.981261 0.003069877 0.1933654 0.9811182 0.004146575 0.1931691 0.9811655 2.68962e-4 0.1917134 0.981444 -0.003738105 0.1927239 0.9812511 0.00197345 0.1913757 0.9814578 -0.01076924 0.1935647 0.9810501 -0.008581221 0.1913353 0.9814605 -0.01123887 0.1910365 0.9815631 -0.006239295 0.1919266 0.9813798 0.007608175 0.1930204 0.9811424 -0.01013469 0.1914475 0.9800965 0.05252367 0.1923104 0.9789606 0.06821262 0.1931971 0.9789581 0.06569606 0.1924173 0.9791266 0.06547337 0.1898884 0.980266 0.05496442 0.1901049 0.9809826 0.03915625 0.1924838 0.9789202 0.06830424 0.1872662 0.9658125 -0.1792701 0.1865912 0.9621012 -0.1988596 0.1835414 0.9387348 -0.2917009 0.1850078 0.9547649 -0.232801 0.1825646 0.9428843 -0.2786384 0.1817749 0.9395776 -0.2900892 0.1917259 0.9814471 -0.001694142 0.1915188 0.9814885 -9.94638e-4 0.1915612 0.9814805 -6.32099e-4 0.1921589 0.9813635 -8.46807e-4 0.1916576 0.9814619 8.0884e-5 0.1913431 0.9815229 8.28199e-4 0.1918904 0.9814164 -3.41999e-5 0.1909298 0.9816021 0.001821935 0.192367 0.981323 4.17762e-4 0.1917528 0.9814415 0.001857519 0.1914799 0.9814931 0.002618014 0.1917161 0.9814419 0.004104018 0.1916938 0.9814532 0.001739323 0.1917018 0.9814477 0.003321051 0.1914556 0.9815011 -5.75271e-4 0.1913788 0.9815138 -0.002225399 0.1917128 0.9814508 8.00942e-4 0.1917239 0.9814323 -0.005712687 0.1916359 0.9814661 -4.42033e-4 0.1917137 0.981449 -0.001977622 0.1909002 0.9815424 -0.01147317 0.1917246 0.9814417 -0.003728508 0.1914967 0.9814757 -0.005879342 0.1918678 0.981342 -0.01244062 0.1913768 0.9814826 -0.008180439 0.1920974 0.9813162 -0.01082456 0.1915022 0.9814281 -0.01122164 0.1920912 0.9812992 -0.01236236 0.1916291 0.981397 -0.01175957 0.1919457 0.9814056 2.78824e-5 0.191774 0.9813793 0.0108366 0.1917712 0.9813348 0.01435273 0.1919251 0.9812296 0.01879644 0.1919474 0.9814052 -4.84108e-4 0.1905589 0.9814519 0.02096635 0.1871442 0.9814694 0.04117047 0.1871425 0.9812166 0.04681611 0.1919337 0.9813954 0.004965484 0.1917873 0.9814097 0.00725913 0.1903481 0.9810694 0.03564637 0.1917837 0.9813771 0.01085859 0.1887306 0.9806119 0.05273711 0.1919347 0.981298 0.01467978 0.1936115 0.9809368 0.01666325 0.187082 0.9799422 0.06865572 0.1913844 0.9793974 0.06444245 0.1915807 0.9795188 0.06196564 0.1915142 0.9791901 0.06715083 0.1886716 0.9816603 -0.02731496 0.1834476 0.9826701 -0.0265817 0.1853409 0.9816386 -0.04510682 0.1842109 0.9767818 -0.109379 0.1865321 0.9697108 -0.1576917 0.1842117 0.9587802 -0.2163481 0.1841616 0.9379141 -0.2939415 0.1820756 0.9480384 -0.2609059 0.1813756 0.9446306 -0.2734521 0.1903349 0.9817175 -0.001821339 0.1787727 0.9838887 -0.001853585 0.1908168 0.9816242 -0.001731395 0.1893482 0.9819088 -0.001587867 0.1886509 0.9820432 -0.001424193 0.1902957 0.9817256 -0.001579105 0.1885091 0.9820711 -8.86798e-4 0.1902137 0.9817425 -7.91983e-4 0.1908548 0.9816173 -0.001432418 0.1908417 0.9816203 -9.98518e-4 0.1902314 0.9817391 6.8579e-4 0.1910347 0.9815833 1.28243e-4 0.189115 0.9819521 0.002368748 0.1904802 0.9816879 0.002524793 0.1909306 0.9816027 0.001333057 0.1897978 0.9818172 0.003428578 0.1907265 0.9816417 0.001743316 0.1909251 0.9816009 0.002692937 0.1906987 0.9816405 0.004024684 0.1902102 0.9817389 0.002981305 0.1886247 0.9820477 0.001707255 0.1908828 0.9816047 0.004011929 0.1904813 0.9816908 3.63827e-4 0.1886997 0.9820323 -0.002282857 0.1904799 0.9816889 0.00213027 0.1918064 0.9814011 -0.007891297 0.1902271 0.9816606 -0.01250386 0.1902056 0.9816958 -0.009763956 0.1899283 0.9817213 -0.01227027 0.1905448 0.9816647 -0.005216598 0.1890604 0.9819443 0.006460249 0.1902472 0.9816842 -0.01010692 0.1907026 0.9816421 0.003396749 0.1910386 0.9815398 -0.009159564 0.19063 0.9816453 -0.005717992 0.1889773 0.98151 0.03042799 0.1854014 0.9821851 0.03064078 0.1871728 0.9816734 0.03582924 0.1907013 0.9816467 0.001706361 0.1890327 0.9816337 0.02572721 0.1901067 0.9793803 0.06836473 0.1893382 0.9796664 0.06636911 0.1885145 0.9802021 0.06054925 0.1900167 0.9795833 0.06565278 0.1900412 0.9793901 0.06840682 0.1902621 0.9796956 0.06322163 0.18647 0.9786164 -0.08682602 0.1827454 0.9793729 -0.08621507 0.1790557 0.942156 -0.2833396 0.1787509 0.939961 -0.290726 0.188955 0.9819843 -0.001716196 0.1808738 0.9835047 -0.001793444 0.1892828 0.9819219 -0.001259088 0.1887807 0.9820193 -2.53279e-4 0.1893491 0.9819096 -7.46135e-4 0.1896313 0.981855 9.24669e-4 0.1886599 0.982041 0.001726329 0.1891628 0.9819454 8.60569e-4 0.1893813 0.981903 0.001121342 0.1891152 0.9819532 0.001841425 0.1889846 0.9819716 0.004102706 0.1890748 0.9819564 0.003523647 0.1895062 0.9818708 0.004151225 0.1894775 0.9818797 0.003254115 0.1881187 0.9821398 0.003570199 0.1890658 0.9819642 -7.02858e-4 0.1886994 0.9820275 -0.00383079 0.1890665 0.9819639 9.60826e-4 0.188631 0.9820308 -0.005833387 0.1889829 0.9819802 -7.64827e-4 0.1888716 0.9819705 -0.007837593 0.1893251 0.9819127 -0.00192964 0.1889516 0.9819797 -0.003646731 0.1893449 0.9818311 -0.01250433 0.1889178 0.9819768 -0.005622208 0.1879894 0.9821345 -0.008488774 0.189857 0.9817607 -0.01001262 0.1890471 0.981904 -0.01121062 0.189332 0.9819119 -0.001587033 0.1890768 0.9819622 5.89475e-4 0.1876298 0.9821397 0.01402908 0.1893283 0.981907 -0.003682374 0.1906857 0.9815066 0.01684671 0.1873236 0.9821523 0.01693785 0.1873552 0.9820659 0.02108848 0.1890776 0.9819599 -0.002103626 0.1890601 0.9819546 0.004632472 0.1852183 0.9812698 0.05295002 0.1870205 0.9806068 0.05859649 0.1892154 0.9818121 0.01557815 0.1891931 0.9817579 0.01890724 0.1887106 0.9800542 0.06230777 0.1886478 0.9797663 0.06685835 0.1816427 0.9383319 -0.2941758 0.1794848 0.9523287 -0.2466886 0.1809491 0.9501889 -0.2537683 0.1795434 0.9769445 -0.1155145 0.1871618 0.9823274 -0.001841306 0.1877808 0.9822095 -0.001765787 0.1849409 0.9827487 -0.001453638 0.1882207 0.9821258 -0.001427829 0.1872769 0.9823071 -3.31539e-4 0.1887383 0.982027 -8.85599e-4 0.1873871 0.9822862 2.64947e-4 0.1856886 0.9826084 7.4739e-4 0.1879713 0.9821745 -1.88108e-4 0.187509 0.9822627 7.41254e-4 0.1875087 0.9822629 3.55729e-4 0.1855018 0.9826413 0.002302169 0.1871127 0.9823365 0.001982808 0.1873936 0.9822812 0.00273472 0.1872926 0.9823025 0.001862227 0.1873114 0.9822955 0.003179848 0.1878111 0.9822019 0.002526223 0.1871668 0.9823191 0.0042153 0.1889631 0.9819792 0.003136992 0.1874542 0.9822733 3.92641e-4 0.1856721 0.9826093 -0.002212405 0.1874535 0.9822711 0.002203106 0.1852201 0.9826623 -0.008272767 0.1888793 0.9819443 -0.01049202 0.1873978 0.9822146 -0.01168948 0.1879138 0.982112 -0.01202827 0.1873778 0.982255 -0.008054554 0.1877095 0.9821484 -0.0122348 0.1868693 0.9823764 -0.004073798 0.1874569 0.9822666 0.003541588 0.1875054 0.9822272 -0.008460164 0.1876651 0.9821714 0.01100945 0.1832663 0.9828325 0.02130222 0.1853743 0.9823255 0.02594143 0.1874547 0.9822716 0.001818537 0.1831777 0.9822072 0.04141485 0.1831466 0.9819601 0.04703027 0.1876658 0.9822012 0.007897913 0.1876296 0.9821789 0.01095283 0.1872752 0.9801447 0.06515002 0.1674904 0.985654 0.02081418 0.1631866 0.9860476 0.03286921 0.157781 0.9872145 0.02264475 0.1870466 0.9801346 0.06595301 0.1851915 0.9806481 0.06351077 0.1851291 0.9808244 0.06091618 0.18531 0.9811178 0.05539155 0.1873124 0.9801345 0.06519627 0.1870133 0.9799572 0.06862932 0.1856795 0.9826 0.004516839 0.1870736 0.9802954 0.06343936 0.1857064 0.9825502 -0.01040685 0.1778347 0.9820128 -0.06344914 0.1775585 0.9804172 -0.08517801 0.1831744 0.9809692 -0.06439489 0.1760972 0.9720137 -0.1554965 0.1780772 0.9679037 -0.1773447 0.1812513 0.9708651 -0.1567447 0.1826287 0.966858 -0.178417 0.182018 0.963133 -0.1981018 0.1805187 0.9557879 -0.232126 0.1790786 0.939314 -0.2926093 0.180858 0.9613312 -0.2076846 0.1756039 0.9449772 -0.27601 0.185348 0.9826714 -0.001753687 0.1842963 0.9828703 -8.89345e-4 0.1863183 0.9824887 -0.001238524 0.1851652 0.9827075 1.40806e-4 0.1866645 0.9824237 -3.32908e-4 0.185753 0.9825957 0.001247644 0.1856886 0.9826086 2.67805e-4 0.186167 0.9825177 8.71575e-4 0.1832755 0.9830568 0.003074049 0.1835035 0.98301 0.004244089 0.1857649 0.9825856 0.004153132 0.1856656 0.9826065 0.003565967 0.1858677 0.9825659 0.004168033 0.1871939 0.982316 0.003695964 0.185602 0.9826238 0.001549839 0.1862936 0.9824942 -1.57895e-4 0.1856021 0.9826203 0.003062605 0.1856498 0.9826077 -0.004031836 0.1862927 0.9824939 8.8544e-4 0.1851846 0.9826852 -0.006047606 0.1857192 0.9826027 -5.80438e-4 0.1857241 0.9825996 -0.002174198 0.1851579 0.9826491 -0.01082944 0.1856167 0.9826139 -0.004056036 0.1862731 0.982421 -0.01230281 0.1861202 0.9825115 -0.005519807 0.183357 0.9829769 -0.01168793 0.1861349 0.9824938 -0.007737338 0.1862766 0.9824426 -0.0103724 0.1856905 0.98256 -0.009745895 0.1857205 0.9825804 -0.006624221 0.1855992 0.9826245 -0.001443922 0.1858006 0.9825267 -0.01093059 0.1855995 0.9826253 5.55154e-4 0.1858453 0.9825567 0.006635069 0.1834856 0.982919 0.01425474 0.1859053 0.9825425 -0.007035911 0.1855981 0.982621 -0.003100335 0.1832993 0.982907 0.0171824 0.1855988 0.9826247 -0.001444399 0.1809158 0.9830127 0.03091555 0.1832064 0.9824113 0.03610414 0.1858445 0.9825677 0.004764556 0.1807364 0.982087 0.05328702 0.1830533 0.9813405 0.05884075 0.1855115 0.9825185 0.01559096 0.1855161 0.9824558 0.01909291 0.1162793 0.9928299 -0.02771168 0.1251904 0.9916661 -0.03042781 0.1252485 0.992039 -0.01309245 0.1845625 0.9804131 0.06875276 0.1854537 0.9806625 0.06251567 0.1854028 0.9803661 0.06714361 0.178171 0.983664 -0.02569711 0.1716105 0.9848608 -0.02447652 0.175024 0.983614 -0.04324483 0.1807934 0.9825224 -0.04431325 0.1736826 0.9759613 -0.1316581 0.1795458 0.9747295 -0.1329121 0.1792092 0.9599537 -0.2153441 0.1748161 0.941712 -0.2874333 0.177285 0.9492636 -0.2597473 0.1741751 0.946625 -0.2712273 0.1831007 0.9830924 -0.00189501 0.1838354 0.9829555 -0.001809597 0.1804432 0.9835843 -0.001496315 0.1843254 0.9828643 -0.001459181 0.1818503 0.9833262 -1.89579e-4 0.1822571 0.9832509 -2.71018e-4 0.1849424 0.9827491 -8.85761e-4 0.1832545 0.9830651 8.94564e-4 0.184549 0.9828234 1.41525e-4 0.1822763 0.9832471 7.62908e-4 0.1834064 0.9830347 0.002204358 0.1842773 0.9828734 0.001349329 0.1801015 0.9836418 0.003538191 0.1839891 0.9829255 0.002341866 0.1845765 0.9828119 0.003514528 0.1832145 0.9830639 0.004225611 0.181266 0.983429 0.003195226 0.1840316 0.9829156 0.003046393 0.1846193 0.9827986 0.004766523 0.184113 0.9829049 -5.25714e-4 0.1846879 0.9827953 0.001939296 0.1831282 0.983089 3.9167e-4 0.1830589 0.9830273 -0.01211434 0.182835 0.9830901 -0.01026308 0.1836304 0.9829222 -0.01199322 0.1835032 0.9830086 -0.004536747 0.1837502 0.9829675 0.003313124 0.1843186 0.9828259 -0.008944988 0.1834971 0.9829568 0.01117461 0.1835047 0.9830056 -0.005098044 0.1782019 0.9837573 0.02157706 0.1808537 0.9831597 0.02624607 0.1837577 0.9829697 0.001964509 0.178047 0.9831346 0.04178029 0.1780801 0.9828739 0.04739642 0.1834998 0.9829837 0.008418977 0.1834905 0.982958 0.01116943 0.1831103 0.9809136 0.06541615 0.1831166 0.9808849 0.06582641 0.1805796 0.981484 0.06387579 0.18055 0.9816415 0.0614956 0.1805798 0.9819734 0.05584943 0.184006 0.9807196 0.06581068 0.180705 0.982326 0.0488004 0.1807929 0.9827033 0.04010158 0.1830749 0.980655 0.06927913 0.1808873 0.9833289 0.01855564 0.1809183 0.9834845 0.005188226 0.183084 0.9809954 0.06425273 0.1809766 0.9834387 -0.0097965 0.1798514 0.9776922 -0.1084968 0.1774092 0.9641991 -0.1970942 0.1760662 0.9569346 -0.2308179 0.1708172 0.9445764 -0.2803515 0.1718225 0.9421244 -0.2878866 0.1682117 0.985749 -0.001951336 0.1799415 0.9836769 -9.3514e-4 0.1818854 0.9833189 -0.001266896 0.1803501 0.9836024 5.3728e-4 0.1811223 0.9834606 -2.72737e-4 0.1800062 0.9836641 0.001674473 0.1824383 0.9832169 8.99007e-4 0.1806219 0.9835494 0.002559065 0.1817214 0.9833476 0.002227127 0.1813211 0.9834146 0.004314184 0.1815185 0.9833827 0.003109276 0.1812697 0.983424 0.004311442 0.1820065 0.9832956 0.001908719 0.1812064 0.9834452 -2.57426e-4 0.1820057 0.9832919 0.003325581 0.1817651 0.9833409 -0.001533567 0.1811946 0.9834459 0.001637876 0.1811231 0.983453 -0.003831088 0.1811185 0.9834439 -0.005859494 0.1817104 0.9833521 -1.42097e-4 0.1810839 0.9834341 -0.008136212 0.1810903 0.9834644 -0.002024829 0.1810884 0.9834063 -0.01090782 0.1811029 0.9834567 -0.003845572 0.1810889 0.9834492 -0.005881488 0.1785034 0.9838718 -0.01153671 0.1810991 0.9834313 -0.008125126 0.1812058 0.9833802 -0.01130598 0.1811164 0.983421 -0.008949458 0.1812036 0.983375 -0.0117923 0.1808839 0.9834849 -0.006204009 0.1811259 0.9834585 -0.001666665 0.1810686 0.9834051 -0.01135015 0.1814104 0.9834075 2.93542e-4 0.1783803 0.9838948 0.01146829 0.1811318 0.9834182 -0.008939206 0.1811181 0.9834378 0.006803691 0.1813812 0.9834087 -0.002899706 0.1782 0.9838384 0.01751786 0.1814104 0.9834067 -0.001258075 0.1751174 0.9840515 0.03125131 0.1780815 0.9833397 0.03647083 0.1811183 0.9834468 0.005355834 0.1749651 0.9831068 0.05374383 0.1779854 0.9822468 0.05926746 0.1810801 0.9833373 0.0160619 0.1810259 0.9832894 0.01928043 0.07553517 0.995813 -0.05148595 0.06415104 0.9968444 -0.04675519 0.06406003 0.9956621 -0.06747817 0.1810882 0.9810421 0.0690186 0.1830838 0.9809438 0.06503611 0.1782919 0.9818261 0.06503593 0.181369 0.9811744 0.06634908 0.1781979 0.9835222 0.03048801 0.1807188 0.9812139 0.06752806 0.1740822 0.9788771 -0.1072144 0.1665428 0.9803965 -0.105291 0.1662397 0.9775093 -0.1297689 0.172374 0.9692074 -0.1758533 0.1648964 0.9709142 -0.1735944 0.1644676 0.967243 -0.1933692 0.1741102 0.9611921 -0.2139984 0.1754707 0.9400187 -0.2925323 0.1730417 0.9540485 -0.2446388 0.1721281 0.9506112 -0.2582837 0.1716071 0.9535597 -0.2475379 0.175492 0.9844791 -0.001880466 0.1785215 0.9839342 -0.001886963 0.1550077 0.987911 -0.002105832 0.1485953 0.9888957 -0.002166807 0.1485357 0.9889055 -0.001800596 0.1785185 0.9839355 -0.001514077 0.1785184 0.9839361 -9.4724e-4 0.1785546 0.9839296 -9.4307e-4 0.178121 0.9840086 2.83202e-5 0.1792976 0.9837949 -1.92739e-4 0.1773749 0.9841427 0.001105785 0.1795173 0.9837547 5.40331e-4 0.1781471 0.9840012 0.002317845 0.1782156 0.9839864 0.003170251 0.1796245 0.9837338 0.001678287 0.1791201 0.9838239 0.002582788 0.1784232 0.9839441 0.004389941 0.1796633 0.9837218 0.003547668 0.1785869 0.9839143 0.004400014 0.1785082 0.9839333 0.003169238 0.1801192 0.9836444 9.5318e-4 0.1792843 0.983792 0.00326538 0.1792294 0.9838054 -0.001941919 0.1774662 0.9841248 0.002087116 0.1762157 0.9843356 -0.005633592 0.1771526 0.9841835 -8.85804e-5 0.1789863 0.9837806 -0.01181936 0.1754428 0.9844502 -0.008817076 0.1792252 0.9837565 -0.01008296 0.178502 0.9838669 -0.01196545 0.1759726 0.9843946 9.96702e-4 0.1784156 0.9839488 0.003574013 0.1752902 0.9843205 0.01966196 0.1794037 0.9837611 -0.005351006 0.1809751 0.9834001 0.01312297 0.1751779 0.9844453 0.01342827 0.1784158 0.9839518 0.002601385 0.1750902 0.9841919 0.02664345 0.1714235 0.9842891 0.04229891 0.1714565 0.9840288 0.047854 0.1783828 0.9839211 0.008886992 0.1783854 0.9838938 0.01147717 0.1747831 0.982503 0.06433433 0.1768251 0.9819077 0.0677514 0.165109 0.9839096 0.06827151 0.1576327 0.98538 0.0646401 0.1672158 0.9838845 0.06332772 0.1781765 0.9815496 0.0693801 0.1766836 0.9821026 0.0652489 0.1747542 0.982634 0.06238168 0.1747815 0.9829819 0.05655139 0.1795769 0.9814165 0.06763124 0.1748724 0.9833445 0.04953187 0.1749964 0.9837219 0.04083454 0.1787144 0.9814432 0.06950205 0.1750876 0.9843603 0.0194711 0.1751155 0.984529 0.006103694 0.1779764 0.9818882 0.06496083 0.1751816 0.9844961 -0.008881151 0.1623942 0.9833378 -0.08170062 0.156503 0.9823557 -0.1023923 0.1718236 0.9655083 -0.1956287 0.1705112 0.9583358 -0.2291692 0.1703885 0.9653213 -0.1977947 0.1649578 0.9490647 -0.2684495 0.1719253 0.9851082 -0.001905441 0.1417286 0.989903 -0.002288877 0.1411519 0.989986 -0.001983702 0.175337 0.9845067 -0.001893818 0.1749788 0.9845713 -0.001297056 0.1762964 0.984336 -0.001534581 0.1744179 0.9846717 -3.13054e-4 0.1767961 0.9842471 -9.57364e-4 0.1744856 0.9846594 7.81809e-4 0.1763234 0.9843323 2.82767e-5 0.1746107 0.9846353 0.002139568 0.1764826 0.9843032 0.001111805 0.1750082 0.984562 0.003135859 0.1757418 0.9844335 0.002353072 0.1754838 0.9844721 0.004476964 0.1755157 0.9844714 0.003225028 0.1755424 0.9844617 0.004480004 0.1754809 0.9844775 0.003276824 0.173365 0.9848548 0.002357542 0.1754421 0.9844892 0.001128971 0.1755133 0.9844716 0.003280758 0.1754584 0.9844857 -0.001576304 0.1761821 0.984351 -0.003603637 0.1755353 0.9844725 0.001142978 0.1761972 0.984323 -0.00792557 0.1761208 0.9843676 -0.001430869 0.1761636 0.9843086 -0.01016163 0.1761577 0.9843554 -0.003616809 0.1761559 0.984346 -0.005664467 0.1751152 0.9844783 -0.01171004 0.1761924 0.9843238 -0.007928073 0.1752067 0.9844747 -0.0105893 0.1748929 0.9845188 -0.01163959 0.1705617 0.9853426 -0.002955436 0.1754834 0.9844664 -0.005609571 0.1755395 0.9844715 -0.001323938 0.1768283 0.9841772 -0.01127672 0.1751502 0.9844912 0.009979784 0.1678833 0.9857537 0.01025426 0.1680685 0.9856746 0.01409977 0.1756539 0.9844136 -0.008708119 0.1782911 0.9839582 0.006225824 0.171913 0.9850895 0.006683588 0.1760304 0.9843703 -0.00534588 0.1716398 0.9849147 0.02197378 0.175968 0.9843955 -0.001038014 0.1715472 0.9844813 0.03698897 0.1679173 0.9852861 0.03186213 0.175325 0.9844927 0.005945086 0.1627891 0.9847918 0.06070256 0.1674895 0.9837264 0.06503647 0.171395 0.9833849 0.05981731 0.1753062 0.9843732 0.01664614 0.1753163 0.9843152 0.0196948 0.1751606 0.9820987 0.06928968 0.1745999 0.9823497 0.06711155 0.1733193 0.9825093 0.06808865 0.1715783 0.9846678 0.03146517 0.1515249 0.9882538 -0.01986759 0.1483538 0.9882423 -0.03698927 0.1577551 0.9866943 -0.03933954 0.1625151 0.9848876 -0.05987876 0.1514984 0.9868156 -0.05694925 0.1515292 0.9853214 -0.07861816 0.1712741 0.9832697 -0.06201511 0.1710616 0.9816896 -0.08380645 0.154978 0.9731451 -0.1702073 0.1609866 0.9752887 -0.1513121 0.1696233 0.9734267 -0.1538451 0.1677343 0.9627636 -0.2120179 0.1641615 0.9456303 -0.2807745 0.1664212 0.9558313 -0.2422615 0.1658389 0.9524295 -0.2556862 0.1656263 0.9491394 -0.2677733 0.1645883 0.9445898 -0.2840087 0.1722025 0.9850597 -0.00192219 0.1722199 0.9850577 -0.001303493 0.1673877 0.9858911 -5.80328e-4 0.1720509 0.9850872 -0.001320242 0.1721086 0.9850779 -3.10708e-4 0.1721015 0.9850791 7.42596e-4 0.172048 0.9850886 -3.17228e-4 0.1708285 0.9852995 0.001560628 0.1724134 0.9850243 7.91475e-4 0.1716965 0.9851469 0.002441704 0.1709173 0.9852782 0.003779947 0.1726941 0.9849731 0.002164959 0.1722348 0.9850453 0.004591822 0.1731986 0.9848819 0.003171086 0.1721203 0.9850654 0.004584729 0.1729664 0.9849198 0.003962874 0.1739694 0.9847511 -1.46221e-4 0.170853 0.9852905 0.003453373 0.172644 0.984979 -0.003222286 0.1704917 0.9853582 0.001342236 0.1720672 0.9850702 -0.005454599 0.1720936 0.985049 -0.007895588 0.1704997 0.9853568 -0.0013507 0.1720685 0.9850791 -0.003415644 0.1734494 0.9847758 -0.01148569 0.1720945 0.9850654 -0.005444824 0.1726637 0.9849503 -0.007762908 0.1705497 0.9852992 -0.009915471 0.1707547 0.9852656 -0.0097332 0.1711617 0.985217 -0.007156968 0.1726059 0.9849228 -0.01158934 0.1738688 0.9847688 4.27271e-4 0.1698701 0.9854663 -5.49346e-4 0.170146 0.9854125 0.003570735 0.1754242 0.9844873 0.003326535 0.1731256 0.9848613 -0.008703112 0.1631245 0.9863463 0.02261459 0.1715788 0.9850065 0.01797574 0.1630643 0.9864428 0.01846408 0.1737841 0.9847683 -0.005517482 0.1737147 0.9847904 -0.003326535 0.167886 0.9854339 0.02710103 0.1718965 0.9850686 0.009575307 0.1676737 0.9843431 0.05435508 0.1699001 0.983083 0.06842392 0.1717597 0.9826653 0.0697686 0.1699584 0.983128 0.06762933 0.1672434 0.984234 0.05755859 0.1672758 0.9846108 0.05060082 0.1674607 0.9849878 0.04190331 0.1720757 0.982608 0.06979686 0.1675511 0.9858351 0.007477223 0.1715471 0.9830007 0.06543123 0.167551 0.9858349 -0.007507741 0.1674574 0.9849988 -0.04165834 0.1501559 0.9775698 -0.1476838 0.156286 0.9795264 -0.1268965 0.1679784 0.9426773 -0.2883452 0.1632468 0.9602233 -0.2265434 0.1615084 0.9475038 -0.275956 0.1612008 0.9831056 -0.08670419 0.1658733 0.9861451 -0.001953244 0.1607451 0.986994 -0.002014219 0.1606809 0.987005 -0.001709043 0.1681784 0.9857546 -0.001954078 0.1684745 0.9857051 -0.001333534 0.1672983 0.9859063 3.69137e-4 0.1690963 0.9855996 -3.16603e-4 0.1679264 0.9857987 0.001366853 0.1678791 0.9858055 0.002106964 0.1690114 0.9856139 7.56959e-4 0.1686958 0.9856669 0.001581132 0.1670957 0.9859352 0.003322362 0.1691492 0.9855874 0.00248003 0.1679847 0.9857784 0.004710018 0.1693128 0.985555 0.003817737 0.1681669 0.9857473 0.004724025 0.1682135 0.9857418 0.004157781 0.1681451 0.9857589 0.002580225 0.1681272 0.9857566 0.004143834 0.1680878 0.9857721 1.07819e-4 0.1681606 0.9857562 0.00258255 0.1681255 0.985761 -0.00301063 0.1681314 0.9857505 -0.005270481 0.1681626 0.9857593 1.18883e-4 0.1681385 0.9857346 -0.007538616 0.1696289 0.9854589 -0.009844183 0.168133 0.9857597 -0.003008723 0.1681418 0.9857488 -0.005267024 0.1674938 0.9858078 -0.01134407 0.1676994 0.9858083 -0.007683515 0.167296 0.9858697 -0.008548617 0.1667197 0.985941 -0.01117795 0.1702982 0.9853794 -0.005096733 0.165964 0.9861092 -0.006683707 0.1658087 0.9861545 -0.002624571 0.1655367 0.9862008 0.00238049 0.1608367 0.9869637 0.005859673 0.1656269 0.9861625 0.007171928 0.1693795 0.9855037 -0.009651243 0.1702054 0.9853724 -0.008453786 0.1697118 0.9854894 -0.0029096 0.1607126 0.9866157 0.02758908 0.1631238 0.9858843 0.03772139 0.1631533 0.9856646 0.04297041 0.1630016 0.9854258 0.04864716 0.1678323 0.9856601 0.01750952 0.1604683 0.9846004 0.06936943 0.1653192 0.9838275 0.06894147 0.1678027 0.9833183 0.07019585 0.1676697 0.9833418 0.0701844 0.1628521 0.9863907 -0.02264547 0.1592202 0.964874 -0.208967 0.1579667 0.9581769 -0.2386286 0.1575111 0.9548631 -0.2518468 0.15705 0.9517304 -0.2637134 0.1575406 0.9596794 -0.2328012 0.1559513 0.9476411 -0.2786677 0.1549435 0.9879215 -0.001922667 0.1657794 0.9861614 -0.001709043 0.1604384 0.9870454 -0.00100708 0.1658388 0.9861524 -0.001068115 0.1606811 0.9870064 0 0.1660863 0.9861112 -2.74674e-4 0.1659329 0.9861368 7.6298e-4 0.1607108 0.9870011 0.00100708 0.1658387 0.9861515 0.001678526 0.1606807 0.9870041 0.002166807 0.1658384 0.9861494 0.002655088 0.1608337 0.986976 0.003326535 0.1660851 0.9861035 0.003967463 0.1606844 0.986996 0.004425287 0.1605011 0.9870257 0.004455804 0.1657481 0.9861574 0.004608333 0.1661447 0.9860952 0.00350964 0.160408 0.9870467 0.002868771 0.1662049 0.9860901 0.001464843 0.1601957 0.9870852 4.57789e-4 0.1661456 0.9861004 -0.001342833 0.1605916 0.9870187 -0.00213629 0.1550964 0.9878931 -0.00350964 0.1606848 0.9869986 -0.003784358 0.1657783 0.986155 -0.003997921 0.1605592 0.9870073 -0.006103694 0.165811 0.9861374 -0.006317436 0.1658386 0.9861204 -0.008026361 0.1604366 0.9870045 -0.009064018 0.16575 0.9861077 -0.01089537 0.1658114 0.9861092 -0.009766161 0.1607418 0.986943 -0.01028478 0.160988 0.9869254 -0.007812857 0.1608974 0.9869615 -0.004364192 0.1547902 0.9879474 4.88297e-4 0.1609286 0.9869661 1.52597e-4 0.1608957 0.9868902 0.01266533 0.1553404 0.9876781 0.01901316 0.1608029 0.9864553 0.03238028 0.1551601 0.9871466 0.0383017 0.1603783 0.9855259 0.0549345 0.1550044 0.985998 0.06149512 0.160439 0.9848523 0.06576871 0.1479265 0.9864715 0.07065188 0.1543048 0.9855851 0.06936997 0.1545177 0.9854891 0.07025474 0.1604699 0.9846407 0.06879025 0.08655238 0.9960852 -0.01797574 0.07559525 0.9966245 -0.03201425 0.08652174 0.9955956 -0.03610414 0.1577206 0.9857238 0.05893158 0.1577536 0.986105 0.05206567 0.1576618 0.986531 0.0435813 0.1162154 0.9921345 -0.04651057 0.1250966 0.9909151 -0.0493794 0.1580289 0.9873905 0.009338855 0.1579989 0.9874243 -0.005462944 0.1439277 0.9819498 -0.122717 0.1399592 0.9796231 -0.1440487 0.1421258 0.9723886 -0.1850962 0.1349549 0.9707785 -0.1984344 0.1481091 0.9676079 -0.2044474 0.1546406 0.9695326 -0.1899817 0.1535118 0.9627602 -0.2225463 0.1514658 0.9508805 -0.2699711 0.1530837 0.9729177 -0.1731957 0.1521078 0.9504909 -0.2709802 0.152534 0.954421 -0.2565428 0.1067257 0.9942859 -0.002288937 0.1071211 0.9942423 -0.002716124 0.1172251 0.9931021 -0.002563595 0.1547947 0.9879457 -0.001434385 0.1550676 0.9879037 -5.18825e-4 0.1550676 0.9879038 2.44153e-4 0.1550078 0.9879122 0.001464903 0.1487489 0.9888724 0.00225836 0.1548836 0.9879289 0.002777218 0.1484446 0.9889086 0.004913508 0.1548826 0.9879222 0.004608273 0.1549426 0.987916 0.003875851 0.1550956 0.9878882 0.004730343 0.1484456 0.9889149 0.003387629 0.1549431 0.9879187 0.003082334 0.1549736 0.9879184 7.01928e-4 0.1549139 0.9879271 -0.001342773 0.1484148 0.9889135 -0.004822015 0.1548219 0.9879242 -0.006012201 0.1549127 0.9878891 -0.00878936 0.1547027 0.9879125 -0.009796679 0.1548845 0.9879041 -0.007507681 0.1548234 0.987934 -0.004028499 0.1546384 0.9879527 0.006042659 0.155157 0.9878292 0.01095616 0.148414 0.9885109 0.02862679 0.1549738 0.987523 0.02795505 0.1553102 0.9875884 0.02340787 0.154854 0.9873854 0.03302168 0.1551275 0.9877747 0.01538151 0.1482937 0.9876683 0.05020433 0.1551583 0.9866471 0.04953223 0.155188 0.9869165 0.04373341 0.1548242 0.9863828 0.05548399 0.1479884 0.9864469 0.07086592 0.1547014 0.9857371 0.06625699 -8.24003e-4 0.998478 -0.05514711 -8.24017e-4 0.9973047 -0.07336801 0.01309251 0.9979341 -0.06289923 0.1547924 0.9873513 0.03430336 0.116064 0.9909843 -0.06692826 0.1249438 0.9896929 -0.06997948 0.1332173 0.9839468 -0.1187511 0.1334608 0.9864751 -0.09515911 0.1243959 0.9854928 -0.1154538 0.1442656 0.9846197 -0.09854739 0.1276015 0.975674 -0.1782637 0.1427367 0.9758408 -0.1654123 0.1469178 0.9612528 -0.2332557 0.1465514 0.958108 -0.2460733 0.1462156 0.955147 -0.2575176 0.1460024 0.9514574 -0.2709468 0.1452107 0.9514384 -0.2714384 0.148506 0.988911 -0.001037597 0.1484121 0.9889255 3.66224e-4 0.1483224 0.9889383 0.001281797 0.1487186 0.9888737 0.003418087 0.1413639 0.9899445 0.005127131 0.1483552 0.9889228 0.004730463 0.1487194 0.9888789 0.001037597 0.1483522 0.9889331 -0.001739561 0.148689 0.9888492 -0.008301138 0.1480763 0.9889253 -0.01001006 0.1485355 0.9888738 -0.008117973 0.1485979 0.9888827 -0.005462884 0.1486597 0.9888875 -0.001403868 0.1487184 0.9888725 0.003753781 0.1413353 0.9898356 0.01580899 0.1483827 0.9888114 0.01532042 0.1485077 0.9888616 0.009918808 0.1484448 0.9887266 0.01959323 0.148444 0.9886299 0.02398782 0.1412425 0.9891858 0.03952223 0.1483523 0.9881712 0.03885054 0.1484134 0.9883545 0.03360128 0.1483241 0.9879427 0.04437512 0.1410903 0.9879984 0.06286954 0.1481986 0.9870037 0.06213593 0.148231 0.987352 0.05624657 0.1481406 0.9866887 0.06708139 0.116218 0.9918821 0.05160838 0.1250977 0.9908935 0.04980713 0.1250367 0.990467 0.05780315 0.1485655 0.9867031 0.06592059 0.1486877 0.98704 0.06036621 0.1486871 0.9874328 0.05356031 0.1487789 0.9878314 0.04532033 0.1484771 0.9882809 0.03543305 0.1487802 0.988572 0.02429312 0.1489324 0.9887833 0.01126146 0.1487783 0.988865 -0.003326475 0.1158804 0.9892712 -0.08896267 0.1247008 0.9879015 -0.09219801 0.1332446 0.9884091 -0.07275658 0.1410582 0.9659835 -0.216745 0.1396556 0.9549747 -0.2617627 0.1393483 0.9559675 -0.2582797 0.1399896 0.9600594 -0.242258 0.1417627 0.9667949 -0.2126289 0.1070608 0.9942497 -0.00238043 0.1163079 0.99321 -0.002563536 0.1415451 0.9899308 -0.001434326 0.1414555 0.9899445 -5.79861e-4 0.1412718 0.9899709 -3.05189e-5 0.1412418 0.9899745 0.00112915 0.1411817 0.9899808 0.002411007 0.1412707 0.9899634 0.003875851 0.141304 0.9899522 0.005279779 0.1413947 0.9899464 0.003723323 0.141485 0.9899372 0.002533018 0.1335807 0.9910364 0.001739561 0.1412419 0.9899751 1.83114e-4 0.1413349 0.9899551 -0.003662288 0.1413655 0.9899554 -0.001983702 0.1410896 0.9899777 -0.006164848 0.141424 0.9899072 -0.009125113 0.1415188 0.9898998 -0.008423328 0.1335495 0.9910318 -0.004547238 0.1413341 0.9899494 -0.005005121 0.1413657 0.989957 -9.15581e-4 0.1413645 0.9899484 0.004272639 0.1413624 0.9899032 0.01040685 0.1413326 0.9897561 0.02020341 0.1335514 0.9905877 0.0300002 0.1413052 0.9895334 0.02926814 0.1413316 0.9896568 0.02459794 0.1412743 0.9893782 0.03424274 0.13343 0.9897073 0.05173003 0.1411824 0.988674 0.05090624 0.1412135 0.9889524 0.0450772 0.1411187 0.9883499 0.05700904 0.1332755 0.9884116 0.07266521 0.140907 0.9874172 0.07178103 0.1410269 0.9876765 0.06787353 0.1409657 0.9874311 0.07147467 0.1410267 0.9877369 0.06698846 0.1410888 0.9880796 0.06158709 0.1411485 0.9884666 0.05487239 0.1412115 0.9888777 0.04669409 0.1412733 0.9892794 0.03698921 0.141272 0.9896365 0.02572739 0.1413027 0.9898819 0.01293998 0.1413357 0.9899607 -0.001434385 0.1417289 0.9897527 -0.01739567 0.1413934 0.9893269 -0.03521865 0.1415759 0.9884375 -0.05429261 0.1413046 0.9870873 -0.0754438 0.1149648 0.9813361 -0.1541511 0.1054119 0.9802331 -0.1674261 0.1151481 0.9783163 -0.1721575 0.1235711 0.9796575 -0.1581185 0.1267158 0.9696261 -0.2092092 0.1178969 0.9691776 -0.2163223 0.1333386 0.9649882 -0.2258729 0.1330627 0.9620803 -0.2381091 0.1326386 0.9594782 -0.2486134 0.1319023 0.9567341 -0.2593488 0.1356587 0.9902626 -0.03125184 0.1335508 0.9910414 -0.00112915 0.1336109 0.9910338 -3.05187e-4 0.1337348 0.991017 6.10382e-4 0.1251876 0.9921317 0.001709043 0.1337046 0.9910195 0.001922667 0.1338241 0.9910001 0.003173887 0.1337327 0.9910019 0.005554378 0.1335835 0.9910268 0.00463891 0.1252495 0.9921084 0.005798578 0.1336129 0.9910184 0.005493402 0.1335839 0.9910292 0.004089593 0.1251277 0.9921407 0 0.1332471 0.9910829 -3.66231e-4 0.1337944 0.9910065 -0.002319395 0.1336135 0.9910231 -0.004547357 0.1334916 0.9910242 -0.00714147 0.133367 0.9910357 -0.007843315 0.1339769 0.9909413 -0.009247124 0.1334609 0.991054 -3.96751e-4 0.1333995 0.9910507 0.004822015 0.1335508 0.9909797 0.01110887 0.1253418 0.9919617 0.01736533 0.133583 0.9909012 0.01644986 0.13358 0.9908182 0.02087473 0.1335826 0.9907147 0.02530038 0.1251578 0.9912835 0.04113942 0.1334916 0.9902308 0.04028552 0.1335198 0.9904277 0.03500509 0.1334919 0.9899893 0.04584014 0.1250067 0.9900441 0.06470078 0.1333363 0.9890202 0.06372308 0.1333997 0.9893735 0.05783396 0.1332758 0.9886888 0.06878948 0.1249154 0.9894352 0.07358199 0.1249762 0.9894025 0.0739175 0.1159433 0.9904167 0.07504725 0.1333057 0.9884098 0.07263451 0.116095 0.9910501 0.06589096 0.106756 0.9923912 0.06134349 0.1161562 0.9914484 0.05948197 0.133307 0.9887248 0.06821 0.1333395 0.9890744 0.06287008 0.1333997 0.9894649 0.05624699 0.1334595 0.9898836 0.04815894 0.1335225 0.9902947 0.03857654 0.1335532 0.9906619 0.02743697 0.1335825 0.9909282 0.01474076 0.1336109 0.9910338 4.5778e-4 0.1335813 0.9909186 -0.01538151 0.1335215 0.9905008 -0.03286916 0.1334282 0.9896948 -0.05197352 0.1152696 0.9842326 -0.1341608 0.1057171 0.9830411 -0.1498473 0.1323927 0.9810736 -0.1413044 0.132634 0.9778782 -0.1617487 0.1143863 0.9754269 -0.188304 0.104834 0.9748498 -0.1966668 0.1143567 0.9726273 -0.2022835 0.1054132 0.9722186 -0.2089952 0.1261658 0.9842096 -0.1241515 0.1255871 0.9665174 -0.2237679 0.1250073 0.9620929 -0.2423849 0.1264396 0.9736123 -0.1899798 0.1341921 0.9909524 -0.002441465 0.1259535 0.9920329 -0.002533078 0.09720355 0.9952608 -0.002716183 0.1252814 0.9921189 -0.002197325 0.1255558 0.9920864 -7.01941e-4 0.1253418 0.9921137 0 0.1166128 0.9931774 3.66227e-4 0.1252515 0.9921246 0.001037657 0.116492 0.9931889 0.002319455 0.1251572 0.992133 0.002838194 0.1251605 0.992128 0.004120111 0.1251295 0.9921246 0.005615532 0.1252804 0.992111 0.004547297 0.1252511 0.9921213 0.002746701 0.1165222 0.9931856 -0.00225836 0.1252511 0.9921211 -0.002838253 0.1251298 0.9921268 -0.005188286 0.1250977 0.9921144 -0.007721304 0.1253114 0.9920846 -0.008087515 0.1163706 0.9931942 -0.004822015 0.1255239 0.9920755 -0.005493342 0.1254317 0.9921004 -0.001922667 0.1163707 0.9931642 0.009094774 0.1256152 0.9920433 0.008423149 0.1254652 0.9920943 0.002746701 0.1163385 0.9928448 0.02691775 0.1252207 0.9917865 0.0260635 0.1252489 0.9918894 0.02163773 0.1252191 0.9916512 0.03079354 0.1254013 0.9920102 0.01379442 0.1251907 0.9914856 0.03582984 0.1162164 0.9917771 0.05359137 0.1250986 0.9907482 0.05261528 0.1251274 0.9910398 0.04672437 0.1250672 0.9904056 0.05877977 0.1160038 0.9904119 0.07501637 0.1249457 0.9897077 0.06976693 0.124944 0.9897251 0.06952184 0.125006 0.9900681 0.06433409 0.1251583 0.9913174 0.04031556 0.1251909 0.9917001 0.02929866 0.1252493 0.9919844 0.01672428 0.1252813 0.992118 0.002594113 0.09598141 0.9847481 -0.1451166 0.09622716 0.9873894 -0.1257088 0.08572894 0.9864474 -0.1399008 0.1060216 0.985812 -0.1301313 0.1240304 0.9826601 -0.1378251 0.1051086 0.9774734 -0.1830245 0.09521865 0.977029 -0.1906509 0.1230539 0.9735358 -0.1925769 0.1294309 0.9583567 -0.2545587 0.1172224 0.9666497 -0.2277001 0.1170088 0.9643306 -0.2374356 0.1207041 0.9613603 -0.2474206 0.1169179 0.9628101 -0.2435713 0.05142444 0.9986728 -0.002868771 0.05246239 0.9986169 -0.003479182 0.06534159 0.9978556 -0.003845393 0.116308 0.9932112 -0.002044737 0.1163383 0.9932093 -9.15569e-4 0.1068467 0.9942756 1.83113e-4 0.116278 0.993216 0.00125128 0.1164615 0.9931887 0.003601253 0.116675 0.9931571 0.005096673 0.1161856 0.9932081 0.006225824 0.1163696 0.9931855 0.006378471 0.1164007 0.99319 0.004974603 0.1164014 0.9931969 0.003296077 0.1164924 0.9931915 4.5779e-4 0.1164007 0.993191 -0.00476098 0.1163992 0.9931778 -0.00701934 0.1162786 0.9931901 -0.007263541 0.1163985 0.9932019 -0.001190185 0.1163978 0.9931966 0.003479063 0.1069402 0.9940802 0.01919674 0.1163701 0.9930372 0.01831156 0.1163673 0.9931054 0.01416057 0.1163372 0.9929558 0.02246171 0.1163098 0.9927077 0.03167921 0.1068781 0.9933379 0.04309302 0.1162773 0.9923248 0.04208564 0.1163072 0.9925334 0.03674465 0.1162462 0.9920759 0.04767042 0.1067265 0.9920353 0.06689864 0.1161263 0.9910566 0.06573879 0.1161541 0.9914302 0.05978608 0.1160942 0.990707 0.07086503 0.1066944 0.9919891 0.06763005 0.1066628 0.9916433 0.07257336 0.09680622 0.9928744 0.06949174 0.1160633 0.9907041 0.0709564 0.02664303 0.9991912 -0.03012222 0.01309281 0.9996317 -0.02377456 0.01309281 0.9989932 -0.04291033 0.1162465 0.9923219 0.04223811 0.1162773 0.9927212 0.0313735 0.1163085 0.9930323 0.01895236 0.1163404 0.993197 0.004974663 0.1163389 0.9931535 -0.01055961 0.0639671 0.9939625 -0.089145 0.07544428 0.9945099 -0.07251441 0.0861563 0.9913013 -0.09949326 0.08633828 0.9932717 -0.07718253 0.07532155 0.9926697 -0.09451812 0.08594191 0.9889429 -0.1208559 0.07513719 0.9904565 -0.1155441 0.09647053 0.9898836 -0.1040392 0.1156067 0.9869599 -0.1120054 0.09546369 0.9794799 -0.1774991 0.08508634 0.9792256 -0.1840587 0.1080385 0.9658463 -0.2355179 0.1088913 0.9737659 -0.1998071 0.1082212 0.9691696 -0.2213562 0.1096242 0.9807893 -0.161354 0.08789354 0.9961268 -0.002502501 0.07953149 0.9968292 -0.002533018 0.07605421 0.997098 -0.003387629 0.01345902 0.9999051 -0.002960324 0.004882991 0.9999821 -0.003448605 -4.88307e-4 0.9999913 -0.004150569 0.1071816 0.9942379 -0.001739561 0.1067561 0.9942848 -9.76614e-4 0.09671384 0.9953073 0.00314337 0.1070908 0.9942449 0.002929806 0.1070308 0.9942544 0.001648008 0.1071205 0.9942368 0.004303097 0.1069381 0.9942433 0.006683588 0.1069388 0.9942502 0.00552392 0.1069388 0.9942508 0.005432367 0.106908 0.9942473 0.006561577 0.09704905 0.9952719 0.003936886 0.1067556 0.99428 0.003234982 0.1067259 0.9942883 -7.62982e-4 0.1072453 0.9942319 0.001159727 0.1068762 0.9942665 -0.003448605 0.1069986 0.9942391 -0.006317377 0.1068778 0.9942504 -0.006592094 0.09704929 0.9952742 -0.003295958 0.1069697 0.9942541 -0.004059016 0.1069706 0.9942621 -4.27272e-4 0.1069696 0.994253 0.004303157 0.09705001 0.9952206 0.01083415 0.1069685 0.9942126 0.009949088 0.1069683 0.9941491 0.01501518 0.09699016 0.9948666 0.02887117 0.1069378 0.9938753 0.02786362 0.1069372 0.993991 0.02337723 0.1069084 0.9937325 0.03265541 0.1068786 0.9935563 0.03772187 0.09689766 0.9937279 0.05581915 0.1068156 0.9927754 0.05465906 0.1068462 0.9930803 0.04873842 0.1067557 0.9924194 0.06088554 0.09668481 0.9923013 0.07739669 0.10648 0.9913716 0.07644951 0.1066937 0.9916777 0.07205486 0.09674423 0.9925289 0.0743435 0.09665423 0.9922397 0.07822066 0.08633947 0.9933469 0.07620704 0.1065131 0.9913655 0.07648187 -0.08838254 0.9955248 -0.03344863 -0.07318425 0.9961974 -0.04727375 -0.07324582 0.9966015 -0.03769105 0.1068153 0.9928336 0.05359077 0.1068484 0.9932847 0.04437518 0.106878 0.9937032 0.03363204 0.1069086 0.9940394 0.02136337 0.1069374 0.994237 0.007568597 0.1069372 0.9942353 -0.00778222 0.1069067 0.993961 -0.02475059 0.1068468 0.9933307 -0.04333686 0.1067239 0.9922544 -0.06357043 0.1065405 0.9906349 -0.0853911 0.1062986 0.9884275 -0.1082213 0.06338846 0.9854663 -0.1576013 0.0632652 0.9835867 -0.1689819 0.07455784 0.9835047 -0.1648024 0.07443493 0.9814182 -0.1768555 0.0852704 0.9814947 -0.1714563 0.08536267 0.9753078 -0.2036863 0.07571828 0.9764338 -0.2020986 0.08548384 0.973527 -0.2119852 0.1001645 0.971401 -0.2152836 0.09949243 0.9697763 -0.2227897 0.1042843 0.9677048 -0.2295048 0.1005914 0.9930967 0.06033653 0.03177005 0.9994902 -0.003173947 0.02685701 0.9996318 -0.003875911 0.04016286 0.999189 -0.002899289 0.09692853 0.9952876 -0.002746701 0.05234068 0.9986237 -0.003326594 0.06442606 0.9979178 -0.003082394 0.09683799 0.9952983 -0.001953184 0.09704977 0.995279 -0.00100708 0.09717369 0.9952675 -2.13636e-4 0.09735506 0.9952495 7.93489e-4 0.08661377 0.9962415 0.001037597 0.09677457 0.9953045 0.001922667 0.09701853 0.995272 0.004577755 0.09711146 0.9952554 0.006012201 0.08658355 0.9962148 0.007721364 0.09698975 0.9952594 0.007202506 0.09695959 0.9952625 0.007171988 0.09705108 0.9952618 0.005920708 0.09701943 0.9952809 0.001770079 0.09701955 0.9952825 -2.13632e-4 0.09723377 0.9952576 -0.002868771 0.09702086 0.9952655 -0.005798637 0.09692722 0.9952744 -0.005829036 0.09704983 0.9952795 3.05188e-4 0.0970515 0.9952662 0.005127191 0.0866118 0.9960972 0.01699882 0.09701895 0.9951541 0.0159918 0.09702044 0.9950779 0.02017313 0.09702026 0.9949845 0.02435421 0.08655244 0.9954448 0.03998011 0.09695976 0.9945322 0.03878998 0.09699022 0.9947149 0.03369325 0.09692841 0.9943099 0.04419153 0.09689879 0.9940442 0.04986852 0.08639818 0.9938385 0.06942981 0.09680658 0.9929695 0.06811863 0.09683674 0.9933626 0.06207561 0.09677577 0.9926007 0.07333719 0.08640009 0.993098 0.07931965 0.05221766 0.9974769 0.04809761 0.05224907 0.9979512 0.03692835 0.0641815 0.9969348 0.04474085 0.09683793 0.9932835 0.06332767 0.09686797 0.993736 0.05572801 0.09692931 0.9941968 0.04666399 0.09695774 0.9946335 0.03610354 0.09699082 0.9949955 0.02401882 0.0970202 0.9952281 0.01040697 0.09701848 0.9952712 -0.004760861 0.09699046 0.9950528 -0.02151614 0.09692829 0.9944918 -0.03988832 0.09686821 0.9934944 -0.05987882 0.0966829 0.9919767 -0.08145415 0.07477134 0.9857615 -0.1506109 0.06354075 0.9875373 -0.1439891 0.09570878 0.9820834 -0.1623326 0.07434433 0.9795388 -0.1870206 0.06311345 0.9819514 -0.1782925 0.06296145 0.9803127 -0.1871447 0.09488475 0.9747895 -0.2019468 0.09531015 0.9700705 -0.2233365 0.09399724 0.9711933 -0.2189709 0.09164792 0.9946381 -0.0479145 0.08951175 0.9765422 -0.1958394 0.089908 0.9813888 -0.1696838 0.09042704 0.9879532 -0.1255847 0.08652025 0.9962494 -0.001159667 0.08673483 0.99623 -0.001770079 0.08652031 0.9962502 -1.83112e-4 0.07547348 0.9971478 1.22076e-4 0.08664381 0.9962359 0.00262463 0.08661299 0.9962326 0.004364192 0.08658182 0.9962253 0.006225824 0.08661401 0.9962139 0.007477223 0.08682662 0.9962019 0.006561577 0.07541352 0.9971314 0.006470084 0.08682751 0.9962126 0.00463891 0.08676499 0.9962259 0.002441465 0.07568806 0.9971292 0.002197384 0.0867955 0.996226 4.88301e-4 0.08670455 0.9962329 -0.001586973 0.08636802 0.996254 -0.004333615 0.0865218 0.9962373 -0.005035638 0.08664381 0.9962365 -0.002411007 0.08664405 0.9962387 0.00125128 0.0866425 0.9962208 0.006103694 0.08664327 0.996169 0.01184135 0.08661276 0.9960163 0.02121067 0.08658176 0.9959195 0.02545267 0.07565563 0.9966462 0.03118997 0.08655118 0.9957965 0.02996939 0.08655071 0.9956387 0.03482168 0.08652061 0.995216 0.0453813 0.08646059 0.9946175 0.05710119 0.08652043 0.9949394 0.05108821 0.07556414 0.9954268 0.05844318 0.08642923 0.9942414 0.06335699 0.08636885 0.9934557 0.07474112 0.07538098 0.9938699 0.08087438 0.06402879 0.9947052 0.08038699 0.07532018 0.993812 0.08163756 0.06393635 0.9944471 0.08359026 0.0521571 0.9964487 0.06610435 0.05218732 0.9969613 0.05783331 0.06412106 0.9959366 0.06323599 0.08636832 0.9936938 0.07150566 0.08640015 0.9941055 0.06549441 0.08630889 0.9930716 0.07974725 0.08643084 0.9945653 0.05804783 0.08649057 0.9950388 0.04916596 0.08652102 0.9954959 0.03875899 0.08655089 0.9958847 0.02688688 0.08658349 0.9961532 0.01348954 0.08658343 0.9962436 -0.001464903 0.08643114 0.9946911 -0.05585062 0.05173021 0.989253 -0.136757 0.03940063 0.9908767 -0.1288838 0.03930807 0.9892034 -0.1411796 0.0516377 0.9873737 -0.1497555 0.08548372 0.9839326 -0.1567456 0.05145591 0.9843162 -0.1687425 0.05142527 0.9831541 -0.1753953 0.08487284 0.977182 -0.19471 0.07938003 0.9753585 -0.205851 0.07782441 0.977383 -0.1966363 0.07276433 0.9973375 -0.004828572 0.07565748 0.9971289 -0.003174006 0.07541269 0.997151 -0.001678526 0.07590061 0.997115 -9.46087e-4 0.06408995 0.9979421 0.002014219 0.07547342 0.997147 0.001342833 0.06424206 0.9979342 6.40895e-4 0.075625 0.9971337 0.002319395 0.07605415 0.997097 0.003692805 0.07550454 0.9971238 0.006592094 0.07574796 0.9971141 0.005066096 0.0755341 0.9971116 0.007934868 0.0755341 0.9971112 0.007995903 0.07547277 0.9971382 0.00439465 0.0755949 0.9971387 -2.4415e-4 0.07586979 0.9971114 -0.003570675 0.07538175 0.9971449 -0.004425227 0.07544308 0.9971489 -0.001586973 0.07556438 0.9971387 0.00213629 0.0755043 0.9971208 0.00701934 0.07532006 0.9970759 0.01290935 0.07571732 0.9969607 0.01834183 0.07565742 0.9968837 0.02234011 0.07565641 0.9967788 0.02661246 0.06424224 0.997235 0.03735506 0.0642122 0.997029 0.04254364 0.07562673 0.9964847 0.03604322 0.07562547 0.9962848 0.04120028 0.07559537 0.9960461 0.0466634 0.07559454 0.9957609 0.05240041 0.06412035 0.9957424 0.06622612 0.06408983 0.9953151 0.07239097 0.0755344 0.9950399 0.0647307 0.07550472 0.9946242 0.0708658 0.07547432 0.9942291 0.07623732 0.07544392 0.9940773 0.07822114 0.07547283 0.9944226 0.07367223 0.07550466 0.9948369 0.06781381 0.0755335 0.9953033 0.0605489 0.0755642 0.9957936 0.05182069 0.07559597 0.996268 0.04165863 0.07562577 0.9966858 0.02996951 0.07565641 0.9969927 0.01678538 0.07565772 0.9971317 0.002075314 0.07565718 0.9970334 -0.01416093 0.01306217 0.9965715 -0.08169966 -8.2401e-4 0.9960455 -0.08884054 0.02645969 0.992377 -0.1203658 0.01300126 0.9937116 -0.1112127 0.01303178 0.9924313 -0.1221083 0.02639853 0.9909073 -0.1319317 0.07495427 0.9881084 -0.1342523 0.04022449 0.9855619 -0.1644688 0.03897309 0.9867188 -0.1576931 0.07416182 0.9782647 -0.1936448 0.06869727 0.9887407 -0.1329389 0.06836265 0.9841481 -0.1636432 0.06903362 0.9942434 -0.08194309 0.06451737 0.9979138 -0.002349913 0.05218708 0.998635 -0.002166807 0.05215668 0.9986381 -0.001281738 0.06424206 0.9979342 -7.32451e-4 0.06399852 0.9979436 0.003570675 0.06399804 0.9979361 0.005279719 0.06454861 0.9978948 0.006286978 0.06399893 0.9979194 0.007812917 0.05249339 0.998596 0.007111012 0.05246222 0.9985837 0.008850514 0.06445622 0.9978815 0.008819997 0.06418102 0.9979035 0.008331596 0.06424236 0.9979084 0.007202446 0.06424313 0.9979206 0.005218803 0.05230957 0.9986129 0.006012201 0.05231016 0.9986236 0.003814876 0.06424176 0.99793 0.002960264 0.06430286 0.9979304 5.18818e-4 0.06436353 0.9979255 -0.001464843 0.06421113 0.997928 -0.004089474 0.06418108 0.9979354 -0.002441465 0.0643028 0.9979299 0.001098632 0.06427347 0.9979173 0.005493402 0.06427246 0.9978712 0.01104778 0.0642417 0.9977759 0.01779234 0.05240172 0.9983193 0.02475118 0.05227851 0.9982055 0.02920639 0.06415092 0.9976664 0.02337753 0.06424254 0.9975453 0.02786386 0.06424337 0.9974059 0.03247267 0.05224919 0.9974049 0.049533 0.05221879 0.9971017 0.05533176 0.06418144 0.9967814 0.04803687 0.06415176 0.9964886 0.05380564 0.06415104 0.9961422 0.05987834 0.0521878 0.9954749 0.07941091 0.05185168 0.9950703 0.08453744 0.0640586 0.9949072 0.0778225 0.06399846 0.9945245 0.08261507 0.03967487 0.9963281 0.07587057 0.03967469 0.9968124 0.06921714 0.05215746 0.995967 0.07300215 0.06405967 0.9950462 0.07602316 0.06405919 0.9954658 0.07031553 0.06412011 0.9964408 0.05472028 0.06421118 0.9973797 0.03332632 0.06421202 0.997728 0.02038669 0.0642125 0.9979187 0.005920708 0.06421232 0.9978858 -0.01004076 0.06421262 0.9975548 -0.02758944 -8.54543e-4 0.9948406 -0.1014465 0.01303178 0.9951193 -0.09781503 0.02649074 0.9939846 -0.1062684 0.06381547 0.9919022 -0.1098078 0.06366366 0.9897171 -0.1280903 0.03991878 0.985549 -0.1646193 0.05704092 0.9840711 -0.1683761 0.0636633 0.980098 -0.1880296 0.05594211 0.9796739 0.1926386 0.02105808 0.9997732 -0.003204464 0.04013246 0.9991928 -0.001770079 0.03988862 0.9992002 -0.002838253 0.05252355 0.9986197 0 0.03973513 0.9992085 0.001922667 0.05240178 0.9986253 0.001312315 0.03970474 0.9992113 4.88298e-4 0.05246245 0.9986185 0.002960324 0.05246204 0.9986109 0.004913508 0.05227953 0.9985914 0.009064197 0.05230885 0.9985997 0.007904291 0.05230885 0.9986301 0.001281738 0.05212622 0.9986389 -0.001770079 0.05252343 0.9986166 -0.00250256 0.05261486 0.9986149 4.88305e-4 0.03979676 0.9991921 0.005615472 0.0397973 0.9992064 0.001678526 0.05249261 0.9986119 0.004364192 0.05252283 0.9985758 0.009369254 0.05267596 0.9984937 0.01535111 0.05243188 0.9984038 0.02099716 0.05227881 0.9980589 0.03384542 0.03976565 0.9981697 0.04556417 0.05227899 0.9978789 0.03878957 0.03976613 0.9983967 0.04028499 0.05224841 0.997664 0.04400825 0.05221766 0.9967443 0.06143432 0.03970569 0.9963361 0.07574909 0.05218791 0.9963322 0.06781381 0.03970563 0.996792 0.06949251 0.0521568 0.9958928 0.07400834 0.05252319 0.99492 0.08588051 0.05209589 0.9952241 0.0825538 0.05212581 0.9955486 0.07852447 -0.2695797 0.2888376 0.9186402 -0.2832166 0.3818236 0.8797721 -0.2965518 0.3804787 0.8759526 -0.08835309 0.9957506 -0.02597182 -0.0732463 0.9969742 -0.02603292 0.05224859 0.9983393 0.0242626 0.05227905 0.9985818 0.01007121 0.05227929 0.998617 -0.005584955 0.05224877 0.9983732 -0.02282828 0.05221849 0.9977677 -0.0416283 0.0521565 0.9967116 -0.06201404 0.05206531 0.9951621 -0.08331674 0.05197334 0.9932623 -0.1035805 0.05188173 0.9912465 -0.1214032 0.01413047 0.9905375 -0.1365132 -8.85042e-4 0.992803 -0.1197553 -3.05187e-5 0.992622 -0.1212509 0.05154663 0.985704 -0.160408 0.01287889 0.9910364 -0.1329703 0.01409977 0.9924506 -0.1218322 0.02606368 0.9886501 -0.1479587 0.05047816 0.9837754 -0.1721569 0.05963414 0.9977894 0.02932876 0.04498547 0.9910854 -0.125404 0.04519814 0.9950309 -0.08871775 0.0453211 0.9985302 -0.02972579 -0.03936916 0.9992149 -0.004455685 0.03955215 0.9992114 -0.003479123 -0.02233994 0.9997448 -0.00338757 -0.0152291 0.9998746 -0.004364252 -0.01507657 0.9998769 -0.004364252 -7.93498e-4 0.9999908 -0.004211604 0.02670389 0.9996424 -0.001434326 0.02664285 0.9996423 -0.00238043 0.03967428 0.9992124 -8.54523e-4 0.03952169 0.9992123 0.003601193 0.03949213 0.9992062 0.005249321 0.02697861 0.9996145 0.006561517 0.02670449 0.9996331 0.004547357 0.03930872 0.9991996 0.007416129 0.03942996 0.9991776 0.009460747 0.02685654 0.9995836 0.01055949 0.02661263 0.9995923 0.01034593 0.03976625 0.9991626 0.009643971 0.03976666 0.999172 0.008606433 0.03979647 0.9991845 0.006836175 0.02670431 0.9996276 0.005615532 0.02670395 0.9996139 0.007690727 0.03979694 0.9991968 0.004699945 0.0397973 0.9992054 0.002227902 0.03976565 0.9992088 -7.01927e-4 0.03970474 0.9992108 -0.00112915 0.02673494 0.9995703 0.01202458 0.02673459 0.9996188 0.00689727 0.03982681 0.9991496 0.0106815 0.03982722 0.9990683 0.01663279 0.03979629 0.9989669 0.02194291 0.02670395 0.9991248 0.03219729 0.039797 0.9988622 0.026277 0.02670419 0.9992567 0.02780288 0.03976637 0.9987382 0.03067171 0.03976637 0.9985849 0.03531056 0.02667385 0.9979199 0.05868858 0.03973537 0.9979019 0.05111885 0.02667367 0.9982489 0.05279797 0.03973615 0.997586 0.05694907 0.03970557 0.9972181 0.06308335 0.02661275 0.9958439 0.08710199 0.0396744 0.9959194 0.08105784 0.02664291 0.996195 0.08298063 0.03964453 0.9956001 0.08490461 0.0396744 0.9953098 0.08822983 0.03946137 0.9955078 0.08606427 0.02661216 0.9965233 0.07895153 0.03967493 0.995902 0.08127254 0.02661275 0.996088 0.08426368 -8.24004e-4 0.9990891 0.04266506 0.01309251 0.9986958 0.04934883 -7.93486e-4 0.9985413 0.05398756 0.03970551 0.9973379 0.0611605 0.03970497 0.9978747 0.0516684 0.03973609 0.9983779 0.04077374 0.0397666 0.9988049 0.02841341 0.03976631 0.9991031 0.0145576 0.03976565 0.9992088 -7.62964e-4 0.03973633 0.9990546 -0.01764023 0.03973597 0.9985578 -0.0361042 0.03967469 0.9976369 -0.05609399 0.03961402 0.9962415 -0.07703071 0.03955227 0.9945142 -0.09683597 0.03946059 0.9926807 -0.1141398 -0.01351994 0.9940979 -0.1076408 -0.01516795 0.994371 -0.1048634 0.03927838 0.9877284 -0.1511623 -0.01513755 0.9954486 -0.09409105 -0.01504588 0.9967842 -0.0787087 -0.00137335 0.9937409 -0.1117008 0.03244149 0.9907642 -0.1316583 -0.00891143 0.9999473 -0.005096614 0.02661222 0.9996379 -0.003997921 -0.1016597 0.994807 -0.004944086 0.02664279 0.9996399 -0.003234922 0.02676492 0.9996418 -2.13631e-4 0.02670389 0.9996427 0.001159667 0.01324504 0.9999101 0.002105772 0.01324504 0.9999122 5.49335e-4 0.02670383 0.9996396 0.002746641 0.02725344 0.9995892 0.008881032 0.0269789 0.999593 0.00927776 0.02670377 0.9996382 0.003234922 0.02670395 0.9996433 3.35707e-4 0.01306194 0.9999139 0.00125122 0.01315349 0.9999124 0.001495361 0.02664291 0.9996451 3.05189e-5 0.02673429 0.9996382 0.002960264 0.02673494 0.9994799 0.01803696 0.02670395 0.9993686 0.02343839 0.02670449 0.9989622 0.03689795 0.01315379 0.998713 0.04898345 0.02670413 0.9987648 0.04190254 0.01315385 0.9989606 0.04364269 0.02670431 0.9985278 0.04721319 0.02667343 0.9975384 0.06485247 0.01309251 0.9967439 0.07956248 0.02664333 0.9970974 0.07132369 0.01312297 0.9972277 0.07324475 0.02664303 0.9966278 0.07760971 0.02658176 0.9955815 0.09006071 0.02627712 0.9956637 0.08923858 -7.93496e-4 0.9963262 0.08563655 0.01309245 0.996095 0.08731353 -7.93499e-4 0.9959027 0.09042835 -0.01507627 0.9981501 0.05890136 -7.93506e-4 0.9979556 0.06390774 -0.01507627 0.9975404 0.06845384 0.02661222 0.9970125 0.0725122 0.02664315 0.997547 0.064731 0.02664327 0.9981023 0.05551451 0.02664285 0.9986351 0.0449236 0.02667361 0.9991027 0.03289955 0.02667331 0.9994564 0.01937931 0.02667319 0.9996346 0.00439465 0.02667391 0.9995712 -0.01208567 0.02664333 0.998408 -0.04971587 0.02658206 0.9971792 -0.07019376 0.02655178 0.9956317 -0.08951312 0.0263378 0.9896683 -0.1409364 0.02630722 0.9885664 -0.1484742 -0.02957296 0.9968146 -0.07406979 -0.02972525 0.9980542 -0.05481159 0.03198397 0.9888793 -0.1452403 0.01928812 0.9966042 -0.08005183 0.03283864 0.9943765 0.1006828 0.01940977 0.9991474 -0.03643912 0.01937961 0.999318 0.03143465 -0.06744801 0.9977119 -0.004669427 0.01327586 0.9999048 -0.003784358 0.01321488 0.9999086 -0.002868771 0.01321452 0.9999108 -0.001922667 0.01324504 0.999912 -7.93484e-4 -6.10385e-4 0.999994 0.003418147 -6.10388e-4 0.9999986 0.001617491 0.01324534 0.9999048 0.003906428 0.01333677 0.9998939 0.005859613 0.01342815 0.9998796 0.00778222 0.01300114 0.9998714 0.00939989 0.01330608 0.9998502 0.01107823 0.01303148 0.9998561 0.01086467 0.01318436 0.9998753 0.008697986 -7.62963e-4 0.99997 0.007721185 -7.93492e-4 0.9999527 0.009705007 0.01315361 0.9998916 0.006622552 0.01315379 0.9999043 0.004303216 0.0131843 0.999904 0.004272699 0.01318395 0.9998787 0.008301019 -7.32451e-4 0.9998871 0.01501524 -7.32454e-4 0.9999518 0.009796559 0.01318401 0.9998221 0.01348924 0.0131843 0.9997218 0.01956284 0.01315379 0.9996003 0.02502584 -7.62968e-4 0.9993664 0.0355848 0.01315385 0.9994806 0.02942067 -7.62965e-4 0.9995152 0.03112894 0.01315361 0.9993405 0.03384542 0.01315373 0.9991679 0.03860676 -7.62986e-4 0.9980464 0.06247323 0.01315355 0.9984219 0.05459809 -7.62978e-4 0.9984028 0.05649089 0.01312297 0.9980809 0.06051838 0.01315349 0.9976835 0.06674414 -7.93497e-4 0.995808 0.09146577 0.01309263 0.9962954 0.08499562 -7.62973e-4 0.9961992 0.08710104 0.01309263 0.995927 0.08920705 0.01303148 0.9956442 0.09231925 -7.9349e-4 0.9955548 0.09418112 0.01312327 0.9956937 0.09177166 -7.9349e-4 0.995494 0.09482198 0.01309251 0.9965285 0.08221745 0.01309251 0.9970179 0.07605278 0.01309251 0.9975643 0.0685144 0.01309281 0.9981363 0.05960434 0.01309281 0.9992049 0.03766089 0.01309257 0.999614 0.02450662 0.01309263 0.9998652 0.009918689 0.01312315 0.999895 -0.006164789 -0.04403913 0.996084 -0.07666409 -0.04406964 0.9961154 -0.0762369 -0.02951192 0.9955017 -0.09003126 -0.02899271 0.9953046 -0.09234941 0.0127266 0.9915464 -0.1291278 -0.0299701 0.996003 -0.08414214 0.005829155 0.9959987 -0.08917748 0.001403808 0.9298146 0.3680256 -5.79866e-4 0.9999943 -0.003357112 -0.01507616 0.9998824 -0.002838194 -0.01507616 0.9998794 -0.003753781 -8.54542e-4 0.999997 -0.002319455 -6.71427e-4 0.9999992 -0.001159727 -6.40908e-4 0.9999999 6.10389e-5 -5.49342e-4 0.9999853 0.005401849 -7.93483e-4 0.9999713 0.00753808 -0.01486289 0.9998454 0.00939995 -0.01504576 0.9998589 0.007477104 -0.001037597 0.9999533 0.009613454 -9.76617e-4 0.9999334 0.01150572 -8.54543e-4 0.9999373 0.01117008 -0.01477122 0.9998351 0.01055955 -0.01504594 0.9998093 0.01245182 -7.62975e-4 0.999985 0.005432367 -7.93502e-4 0.9999961 0.002685666 -0.01519864 0.9998771 0.003875911 -0.01513761 0.9998773 0.004028558 -8.54541e-4 0.9999964 0.002563595 -7.62974e-4 0.9999837 0.005676507 -7.32459e-4 0.9997754 0.02118021 -7.6297e-4 0.9996439 0.02667343 -0.01504588 0.9987658 0.04733496 -7.62969e-4 0.9991843 0.0403763 -0.01504564 0.9989943 0.04223763 -7.62966e-4 0.9989668 0.04544222 -7.62978e-4 0.9987078 0.05081433 -7.62975e-4 0.9976351 0.06872874 -0.01501512 0.9963718 0.08377355 -7.62964e-4 0.9971638 0.07525879 -0.01501512 0.9968898 0.07736462 -7.62977e-4 0.9966617 0.08163851 -0.01504564 0.9954876 0.09369218 -0.01516801 0.99514 0.09729522 -0.02951222 0.996886 0.07312446 -0.01504594 0.9969412 0.07669478 -0.02951222 0.9962747 0.08102893 -7.93497e-4 0.9968149 0.07974642 -7.93501e-4 0.9973694 0.07248324 -0.3185644 0.4370113 0.8411529 -0.3333315 0.3948889 0.8561267 -0.3010436 0.3696513 0.879051 -8.24007e-4 0.9995514 0.02993893 -8.24023e-4 0.9998757 0.01574796 -8.24025e-4 0.9999998 9.15583e-5 -8.24006e-4 0.9998553 -0.01699894 -8.24003e-4 0.9993631 -0.03567624 -0.05752831 0.996263 -0.06442564 -0.05877906 0.9966507 -0.05685639 -0.05798655 0.9962403 -0.06436508 -8.85041e-4 0.9937794 -0.1113626 -0.0441001 0.9967848 -0.06689786 -0.0441311 0.9976199 -0.05298173 -9.76616e-4 0.99505 -0.09937071 -0.007141351 0.9995189 -0.03018301 0.006103813 0.9843704 0.176005 -0.00714147 0.9997463 0.02136337 -0.00827074 0.9948748 0.1007754 -0.05102699 0.9986892 -0.004028439 -0.01507622 0.9998852 -0.001525878 -0.01507622 0.9998864 1.22075e-4 -0.01507622 0.9998847 0.001831114 -0.02978622 0.9995482 0.004028439 -0.02975589 0.9995552 0.001983702 -0.01507616 0.9998796 0.003692746 -0.01507645 0.9998698 0.00576812 -0.01467955 0.9998272 0.01141399 -0.01507639 0.9998058 0.0126959 -0.02914559 0.9995266 0.009857594 -0.02935916 0.9994933 0.01229906 -0.01529014 0.999844 0.008850574 -0.01495432 0.9998661 0.00665313 -0.01504582 0.9998614 0.007141411 -0.0150457 0.9998227 0.01132237 -0.02954208 0.9993953 0.01834172 -0.02954274 0.9994798 0.01294022 -0.01504594 0.999748 0.01666343 -0.01504594 0.9996256 0.02285885 -0.01504564 0.9994831 0.02841275 -0.0295422 0.9987903 0.03930824 -0.01504588 0.9993454 0.03289949 -0.02954268 0.998959 0.03476148 -0.01504576 0.9991865 0.03741604 -0.01504588 0.9984935 0.05276751 -0.02948182 0.9973466 0.06656301 -0.0150457 0.9981756 0.05847382 -0.02951192 0.9977306 0.06051933 -0.01501512 0.9978058 0.06448578 -0.01501512 0.9973795 0.0707727 -0.02945113 0.9949295 0.09616631 -0.01501524 0.995889 0.08932846 -0.02942067 0.9953594 0.09161919 -0.01498502 0.9954826 0.09375566 -0.01519823 0.9951189 0.09750682 -0.04391664 0.9953739 0.08545291 -0.02948147 0.9957177 0.08762043 -0.04388588 0.9948183 0.09170871 -0.01501536 0.9958972 0.08923763 -0.01504588 0.9963866 0.08359169 -0.08829188 0.9956565 0.0295425 -0.07321572 0.9970952 0.02099722 -0.07321482 0.9966865 0.03543245 -0.01510691 0.9987357 0.04794538 -0.01510685 0.9992514 0.03561556 -0.01510685 0.9996464 0.02188199 -0.01510685 0.9998634 0.006714165 -0.01510691 0.9998371 -0.009888172 -0.01510679 0.9994934 -0.02801632 -0.01510667 0.9987822 -0.0469681 -0.01510703 0.9977983 -0.06457883 -0.01510709 0.9967347 -0.07932001 -0.01504576 0.9957087 -0.09131246 -0.01529008 0.9949574 -0.09912645 -0.07330602 0.9969254 -0.02768045 -0.0585348 0.9971364 -0.04788374 -0.05893146 0.9966172 -0.05728346 -0.05856585 0.9977867 -0.03149551 -0.02273684 0.9989875 -0.0388205 -0.1156669 0.9932708 -0.005859613 -0.02957284 0.9995562 -0.003601193 -0.04403942 0.9990216 -0.004059076 -0.0439164 0.9990305 -0.003082334 -0.02954244 0.9995606 -0.002441525 -0.02966445 0.9995593 -0.00112915 -0.02972549 0.9995581 2.13633e-4 -0.04407006 0.9990231 0.003265559 -0.04406958 0.9990131 0.005554437 -0.0298478 0.9995351 0.006225883 -0.02932906 0.9995382 0.007965505 -0.02969533 0.9995092 0.009979784 -0.02972507 0.9994832 0.0122379 -0.02960348 0.99947 0.01355046 -0.02948153 0.9994739 0.01352 -0.02942073 0.9995421 0.007080495 -0.02969461 0.9995459 0.005127072 -0.02963358 0.9995458 0.005493342 -0.02954232 0.9995258 0.008697867 -0.02954256 0.9992601 0.02462899 -0.02954256 0.9991069 0.03021395 -0.04400765 0.9977116 0.05133211 -0.02954256 0.9985875 0.0441612 -0.04400813 0.9979664 0.04611396 -0.0295121 0.9983471 0.04931914 -0.0295118 0.9980621 0.05478155 -0.04388654 0.9956879 0.0817303 -0.02948129 0.9969028 0.07290983 -0.04391723 0.9962102 0.07507741 -0.02945119 0.996397 0.07953351 -0.02945071 0.9958622 0.08597171 -0.0295118 0.9945824 0.09967488 -0.02954256 0.9944984 0.1004997 -0.04342824 0.9939364 0.1010172 -0.04382592 0.9936835 0.1033084 -0.02945101 0.9948347 0.09714263 -0.02948164 0.995236 0.09293138 -0.05844485 0.9961878 0.06476241 -0.07309329 0.9955039 0.06024473 -0.05850452 0.9968361 0.05380463 -0.02954244 0.9975165 0.06393748 -0.02957314 0.9981332 0.05343925 -0.02957278 0.9986994 0.04153615 -0.02960342 0.9991614 0.0282911 -0.02963399 0.9994682 0.01361149 -0.02963393 0.9995577 -0.002471983 -0.029603 0.9993607 -0.02005064 -0.02960336 0.9988242 -0.03839284 -0.02957278 0.9980285 -0.05536121 -0.02957302 0.9971526 -0.06937003 -0.02957272 0.9963176 -0.08047813 -0.07324486 0.9964964 -0.04037618 -0.08844506 0.9960603 -0.006439566 -0.02975583 0.9994603 0.01391655 -0.02136331 0.9656534 0.2589542 -0.02954208 0.9970462 0.07089495 -0.03622621 0.9839078 0.1749664 -0.07943981 0.9968282 -0.004791378 -0.05850499 0.9982785 -0.004150569 -0.04394704 0.9990323 -0.001800596 -0.04391664 0.9990352 -4.88302e-4 -0.04409933 0.9990265 0.00125122 -0.04410058 0.9989929 0.00827074 -0.04428243 0.9989646 0.0104373 -0.05853611 0.9982272 0.0107733 -0.05862766 0.9981968 0.01287913 -0.04379421 0.9989664 0.01217693 -0.0439164 0.9989387 0.01388597 -0.04437446 0.9989147 0.01416075 -0.04419142 0.9989459 0.01242119 -0.04419142 0.9989769 0.009613454 -0.05856508 0.9982316 0.01019316 -0.05862706 0.9982476 0.00802648 -0.0440998 0.9990055 0.006592035 -0.04406923 0.9990048 0.006897211 -0.04403883 0.9989767 0.01031535 -0.04403913 0.9989229 0.01461863 -0.05850487 0.9981536 0.01632761 -0.05850404 0.9980487 0.02182072 -0.04403901 0.9988286 0.020051 -0.04400879 0.9986823 0.02639913 -0.04403865 0.9985148 0.03207528 -0.04400795 0.9983587 0.03665292 -0.05847436 0.9975433 0.03857594 -0.05847394 0.9973533 0.04321455 -0.04400813 0.9981801 0.04123091 -0.04397755 0.9974151 0.05682593 -0.05838227 0.9961916 0.06476068 -0.05838292 0.9957759 0.07086521 -0.04397839 0.9970678 0.0626257 -0.04394775 0.996669 0.06869894 -0.0438863 0.9951329 0.08823037 -0.05835187 0.9936299 0.09640878 -0.05832165 0.9932078 0.1006819 -0.04385566 0.9946117 0.09393721 -0.04385578 0.9941567 0.0986374 -0.04379504 0.9937356 0.1028192 -0.0587179 0.9926807 0.1055335 -0.05835241 0.9925716 0.1067557 -0.04382514 0.9943677 0.09650081 -0.05826115 0.9930648 0.1021173 -0.05823081 0.9936782 0.0959832 -0.05838263 0.9948548 0.0827977 -0.07300144 0.9941263 0.07989877 -0.05841416 0.9955134 0.0744369 -0.04394745 0.9959909 0.07791525 -0.04400873 0.9966368 0.06912606 -0.04403948 0.9972829 0.05905503 -0.04407 0.9978933 0.04761028 -0.04406905 0.9984215 0.03482186 -0.04409933 0.9988129 0.02069157 -0.04413062 0.9990128 0.005096673 -0.0441308 0.9989553 -0.01187193 -0.04410016 0.9985875 -0.02963411 -0.04406952 0.9979735 -0.04590064 -0.04403924 0.9972775 -0.05914628 -0.04406946 0.9966299 -0.06918662 -0.08841246 0.9958536 -0.02142405 -0.1040705 0.994438 0.01620566 -0.08829164 0.9951044 0.04440522 -0.102057 0.9882506 0.1137765 -0.07968586 0.9943799 0.06970608 -0.04403948 0.998503 -0.03244209 -0.05157637 0.9985679 0.0142216 -0.05252385 0.9967637 0.06085568 -0.0521577 0.9907531 0.1252518 -0.1506415 0.9885694 -0.006134271 -0.05853563 0.9982804 -0.003112912 -0.05850541 0.9982854 -0.001831114 -0.05853593 0.9982853 9.15578e-5 -0.05853581 0.9982828 0.002258419 -0.05853533 0.9982752 0.00451678 -0.05856668 0.9982588 0.00701946 -0.07336735 0.9972655 0.008880972 -0.05853515 0.9982411 0.009399771 -0.05868875 0.998167 0.01477134 -0.05856537 0.9981752 0.01471 -0.05865818 0.9981971 0.01272654 -0.05853563 0.99825 0.008392751 -0.07318359 0.9972261 0.01358073 -0.05850493 0.9982162 0.01190239 -0.07309257 0.9968674 0.03021365 -0.05847495 0.9978896 0.0282303 -0.05847519 0.9977108 0.03396809 -0.07309377 0.9960592 0.05023479 -0.05844461 0.9971299 0.04812908 -0.0584433 0.9968628 0.05337715 -0.05841428 0.9965532 0.05890262 -0.05835318 0.9953008 0.07727527 -0.07294046 0.9941576 0.07956314 -0.05832147 0.9947612 0.08395725 -0.05829113 0.9941846 0.09054964 -0.07275789 0.991815 0.1049252 -0.07290965 0.9928411 0.0946086 -0.08792674 0.9917625 0.09314554 -0.07297104 0.9934562 0.08786433 -0.05832123 0.9942383 0.08993858 -0.05853533 0.9974209 0.04153627 -0.05856674 0.9978937 0.02789473 -0.0585668 0.9982001 0.01290971 -0.05859643 0.9982757 -0.003479123 -0.05856639 0.998071 -0.02060049 -0.05856543 0.9976272 -0.03619521 -0.05847501 0.997097 -0.04876989 -0.1040381 0.9945725 -0.001312255 -0.1205202 0.9918732 0.04077357 -0.1037641 0.9919238 0.07294005 -0.1192684 0.9812784 0.1512218 -0.0587188 0.9982501 -0.006988823 -0.04776275 0.9392944 0.3397721 -0.05075281 0.8398782 0.5403969 -0.06366199 0.9654893 0.2525422 -0.0731852 0.9973089 -0.004364252 -0.0731855 0.9973132 -0.003235042 -0.07318574 0.9973163 -0.002044796 -0.07339835 0.9973025 -5.18824e-4 -0.07315325 0.9973198 0.001373291 -0.07318544 0.997312 0.003570735 -0.07321488 0.9972977 0.006073236 -0.08829069 0.9960399 0.01046788 -0.07333713 0.9972391 0.01165825 -0.07361078 0.9971946 0.01358073 -0.07309323 0.9972122 0.01501536 -0.07284903 0.9972113 0.0162056 -0.0884754 0.9959359 0.01684659 -0.07303106 0.9971966 0.01629692 -0.0732451 0.997202 0.0149542 -0.07312238 0.9972538 0.01174962 -0.07361102 0.9971975 0.01336717 -0.07327592 0.9972671 0.009430348 -0.07321482 0.9972663 0.009979665 -0.07315474 0.997157 0.01806741 -0.0730316 0.9970513 0.02356052 -0.08810859 0.9953801 0.03814882 -0.0731551 0.9966735 0.03592133 -0.07312279 0.9964967 0.04058986 -0.07309335 0.9962977 0.04525989 -0.07306313 0.9957827 0.05548399 -0.08804798 0.9937064 0.06924813 -0.07300209 0.9950815 0.06695932 -0.07306152 0.9954561 0.0610677 -0.07297146 0.994652 0.07309353 -0.07290917 0.9935973 0.08630686 -0.08774346 0.9909672 0.1014162 -0.07281851 0.9924193 0.09900385 -0.07287991 0.9930045 0.09290057 -0.07315397 0.9913482 0.1089833 -0.07287961 0.9912909 0.1096856 -0.08734595 0.9901649 0.1092892 -0.07287955 0.9918705 0.1043142 -0.07294142 0.9922782 0.1003174 -0.1038567 0.9932461 0.05172997 -0.1037946 0.9925652 0.06357079 -0.1203674 0.9908644 0.06082457 -0.07303136 0.9948198 0.07071191 -0.1565929 0.9871973 0.03033584 -0.1576609 0.9867691 0.03781294 -0.1780766 0.9826107 0.05258369 -0.07315409 0.996141 0.04849469 -0.07324558 0.9973003 0.005218744 -0.07324647 0.997251 -0.0112006 -0.1381887 0.9893866 0.04492354 -0.1567146 0.982831 0.09738582 -0.1379778 0.9881236 0.06763076 -0.1205815 0.9924852 0.02081406 -0.07336831 0.9961488 -0.04800677 -0.07330662 0.9972696 -0.00891155 -0.07315379 0.9971747 0.01706004 -0.08041697 0.9890834 0.123479 -0.07941091 0.9777741 0.194041 -0.1917496 0.9814236 -0.006317377 -0.0882616 0.996087 -0.004547357 -0.08826202 0.9960915 -0.003418147 -0.08835327 0.9960878 -0.001709043 -0.08838367 0.9960865 2.44154e-4 -0.08844399 0.9960784 0.002349913 -0.08847349 0.9960671 0.004791378 -0.08847469 0.9960502 0.007507681 -0.1039797 0.994537 0.009186327 -0.08816957 0.9959896 0.01519846 -0.08823007 0.9960141 0.01309257 -0.1041918 0.9944307 0.01586985 -0.088261 0.995958 0.01666337 -0.08835178 0.9959799 0.01477104 -0.08822983 0.9960422 0.0107426 -0.08832144 0.9960123 0.01260423 -0.08859771 0.9959993 0.01165837 -0.08835375 0.9959713 0.01532071 -0.1036126 0.9944974 0.01547318 -0.0884127 0.9958871 0.01980662 -0.08853638 0.9957523 0.02526992 -0.08798742 0.9956652 0.03015315 -0.1038249 0.9941188 0.03079342 -0.08819931 0.9951875 0.04269576 -0.08813822 0.9947291 0.0524007 -0.08816909 0.9949774 0.04739582 -0.1037653 0.9930953 0.05472093 -0.08801579 0.9955188 0.0345776 -0.08810889 0.9944376 0.05771178 -0.08807808 0.9940986 0.06332713 -0.08801561 0.9932582 0.07544195 -0.08792483 0.9921686 0.08871835 -0.08795535 0.9927483 0.08194315 -0.1034899 0.990433 0.0912823 -0.08786368 0.9915566 0.0953713 -0.08786559 0.9902961 0.1076727 -0.08786463 0.989767 0.1124325 -0.08789592 0.9911487 0.09949326 -0.08774244 0.9906503 0.1044669 -0.1033362 0.9891099 0.1048011 -0.08771246 0.9898325 0.1119753 -0.1201539 0.9893702 0.08191341 -0.1037038 0.9918395 0.07416135 -0.1036419 0.9910985 0.08356046 -0.08798772 0.9924336 0.08563774 -0.08804655 0.9931408 0.07693773 -0.08813899 0.9938532 0.0669893 -0.08819866 0.9945394 0.05578792 -0.08826011 0.9951543 0.04333657 -0.3347703 0.404996 0.8508274 -0.3519142 0.4760348 0.8059449 -0.3695595 0.3996822 0.8388564 -0.08832198 0.9959878 0.01440495 -0.08835333 0.9960884 -0.001281797 -0.08835375 0.9959713 -0.01532071 -0.2658809 0.8654559 0.4246099 -0.2457089 0.9196918 0.3062587 -0.2733643 0.8897387 0.3655641 -0.2227914 0.9521127 0.2093933 -0.2204102 0.9417029 0.2541951 -0.1987094 0.9656831 0.1672443 -0.1571133 0.9849796 0.07162874 -0.1769207 0.9755514 0.1303787 -0.08829212 0.9955682 -0.03238087 -0.1413029 0.9515822 0.2729924 -0.1532684 0.961758 0.2270033 -0.1662667 0.9268887 0.3365011 -0.08838188 0.9959749 0.01492357 -0.1105713 0.9746021 0.1947433 -0.07278764 0.9038185 0.4216802 -0.09048831 0.9390643 0.3316175 -0.1039465 0.9945718 -0.004730343 -0.1039469 0.994576 -0.003692746 -0.1040712 0.9945667 -0.002533078 -0.103857 0.994592 -7.93501e-4 -0.1039475 0.9945822 0.001190185 -0.1039772 0.9945734 0.003540158 -0.1205215 0.9927077 0.002441525 -0.1039789 0.9945601 0.006225883 -0.1038872 0.9944976 0.01348942 -0.1038557 0.994519 0.01208543 -0.104101 0.9944076 0.0177927 -0.1040378 0.9944175 0.01760917 -0.1039468 0.9944524 0.01611387 -0.1039164 0.9944844 0.01422172 -0.1039187 0.9945071 0.01251298 -0.1037648 0.9945247 0.01239073 -0.1036728 0.9943066 0.02462875 -0.1037355 0.9944143 0.01947134 -0.1204286 0.9923611 0.02676528 -0.103949 0.993925 0.03616547 -0.103826 0.9935804 0.04492413 -0.1038269 0.9937718 0.04046869 -0.1203377 0.9916039 0.04733544 -0.1037945 0.9933571 0.04968458 -0.1037347 0.9927898 0.06006175 -0.1036735 0.9920245 0.07168942 -0.1037021 0.9924337 0.065737 -0.1201527 0.9899702 0.07431334 -0.1036119 0.9915614 0.07791489 -0.1035498 0.9910331 0.08444517 -0.1033697 0.9891995 0.103919 -0.1034297 0.9898004 0.09796679 -0.1198165 0.9870365 0.106785 -0.1033076 0.9887011 0.1086179 -0.1033075 0.987876 0.1158814 -0.1028493 0.9882388 0.1131648 -0.1033977 0.9878633 0.1159104 -0.1034585 0.9884107 0.1110882 -0.1376102 0.9855812 0.09845435 -0.1200636 0.9886168 0.09067326 -0.1199697 0.9878959 0.0983318 -0.1034612 0.9897181 0.0987612 -0.1035522 0.990384 0.0917412 -0.1039187 0.9938351 0.03863757 -0.1039788 0.9942843 0.0242322 -0.10404 0.9945302 0.009247303 -0.1039769 0.9945715 -0.004058957 -0.1043139 0.9944618 -0.01281797 -0.1032446 0.9944509 -0.02020335 -0.1032753 0.9944526 -0.01995921 -0.1909608 0.9288018 0.3175866 -0.1854007 0.902314 0.3891736 -0.1716096 0.9473473 0.2703393 -0.1044362 0.994464 -0.01159721 -0.1039481 0.9937641 0.04034626 -0.1084032 0.956341 0.2714048 -0.1385283 0.9238274 0.3568654 -0.1207045 0.9926761 -0.004944145 -0.1207653 0.992675 -0.003479182 -0.1205818 0.9927018 -0.001770079 -0.1380061 0.9904272 -0.002868711 -0.1205182 0.9927111 1.52593e-4 -0.1205203 0.9926979 0.005066156 -0.1205216 0.9926783 0.008026599 -0.1204878 0.9926506 0.01129186 -0.1377003 0.9904235 0.01001012 -0.1206099 0.9925906 0.01474052 -0.120642 0.9925426 0.01745688 -0.1207623 0.992497 0.01913517 -0.1205184 0.9925296 0.01898258 -0.1204878 0.9925593 0.01757872 -0.1204876 0.9925885 0.01583915 -0.1204907 0.9926139 0.01413047 -0.1206104 0.9925945 0.01446592 -0.1383122 0.9902511 0.01651078 -0.1204578 0.9925645 0.01748728 -0.1204593 0.9924844 0.02154654 -0.1203984 0.9921804 0.03289973 -0.1203967 0.9919832 0.0383926 -0.1203666 0.9918044 0.04284858 -0.1203382 0.9913635 0.05212718 -0.1202449 0.9907689 0.06259447 -0.1202775 0.9910915 0.05719357 -0.1379137 0.9882847 0.06537085 -0.1202135 0.9903958 0.06830102 -0.1200923 0.9894879 0.08057022 -0.1199386 0.9883186 0.09402817 -0.1200311 0.9889365 0.08716213 -0.1375494 0.9857349 0.09698951 -0.1198792 0.9876607 0.1007742 -0.1198179 0.986468 0.1119134 -0.1201826 0.9855098 0.1196943 -0.1197583 0.9860528 0.1155771 -0.1372156 0.9831857 0.120491 -0.1194514 0.9855204 0.1203365 -0.119725 0.9859998 0.1160628 -0.1564111 0.981163 0.113379 -0.1374871 0.984872 0.1054729 -0.1373953 0.9842293 0.1114239 -0.1198185 0.9866262 0.1105102 -0.1198797 0.9872381 0.1048337 -0.1570508 0.9850316 0.07104825 -0.1778933 0.9812973 0.07354998 -0.1571723 0.9857912 0.05926769 -0.1202454 0.9901325 0.07196408 -0.2557482 0.9563702 0.1412413 -0.22694 0.9690122 0.09753906 -0.2566049 0.9577819 0.1296452 -0.1204288 0.9915384 0.04846447 -0.1204881 0.9921039 0.03482186 -0.1205517 0.9924914 0.02069216 -0.1206115 0.9926646 0.008362233 -0.1205818 0.9927022 -0.001586973 -0.1205516 0.9927046 -0.002227902 -0.1206128 0.9926753 0.006958425 -0.211531 0.9047216 0.3697749 -0.2039608 0.8732197 0.4425917 -0.1203669 0.9904022 0.06793522 -0.1199697 0.9873465 0.1037031 -0.09659343 0.8600021 0.5010651 -0.09125196 0.7257431 0.6818872 -0.1174376 0.9019016 0.4156707 -0.1382222 0.9903845 -0.00576812 -0.1381292 0.990404 -0.00451678 -0.1380665 0.9904225 -9.76597e-4 -0.1380365 0.9904265 0.001190185 -0.1380057 0.9904244 0.003753781 -0.1575402 0.9875102 0.002197325 -0.1380078 0.9904088 0.00665313 -0.137945 0.9903357 0.01437431 -0.1379477 0.990355 0.01294022 -0.1573557 0.9874405 0.01416075 -0.137914 0.990301 0.01684629 -0.1380664 0.9902388 0.01910465 -0.1573875 0.9873574 0.01883029 -0.1382507 0.9901863 0.02044767 -0.1383745 0.9901683 0.02047842 -0.1570799 0.9873421 0.02194297 -0.1381604 0.9902256 0.01910501 -0.1376723 0.9903186 0.01776218 -0.13813 0.990288 0.01580893 -0.1381588 0.9902145 0.01968461 -0.1381589 0.9901233 0.02383518 -0.1381305 0.9899861 0.02911543 -0.1572347 0.9870511 0.03173989 -0.1380978 0.9897879 0.03534084 -0.1380977 0.9895727 0.04092568 -0.1380395 0.9891659 0.04996031 -0.138066 0.9893815 0.04541158 -0.1571425 0.986162 0.05282843 -0.138008 0.988915 0.05478203 -0.137945 0.9886265 0.05990839 -0.1377945 0.9874514 0.07715272 -0.1378538 0.9878966 0.07110899 -0.1568368 0.9843576 0.08026474 -0.1377012 0.9869505 0.08346915 -0.137641 0.9863765 0.0900923 -0.1374565 0.9850546 0.1037943 -0.1373034 0.9837993 0.1152689 -0.137368 0.9844045 0.1099005 -0.1562572 0.9805448 0.1188104 -0.1373041 0.9826444 0.1247304 -0.1368769 0.9832555 0.1203052 -0.137517 0.9827613 0.12357 -0.1563205 0.979826 0.1245192 -0.1373044 0.9836841 0.1162464 -0.1775926 0.9796133 0.0939083 -0.1569267 0.9842253 0.08169829 -0.1567759 0.9834125 0.09122115 -0.1377316 0.9863387 0.0903663 -0.1378227 0.9871295 0.08111888 -0.1379472 0.98791 0.07074373 -0.1380664 0.9886518 0.05920618 -0.1381278 0.9893261 0.04641896 -0.1382192 0.989844 0.03323483 -0.1382802 0.9901488 0.02200394 -0.1383726 0.9902769 0.01431334 -0.1381283 0.9903368 0.01239061 -0.1383121 0.989975 0.02862679 -0.1387084 0.9901554 0.01876908 -0.2425957 0.7912974 0.561245 -0.225292 0.7361817 0.6381849 -0.2231253 0.8367734 0.5000254 -0.1376389 0.985629 0.09793418 -0.1369717 0.9810509 0.1370328 -0.13572 0.9730522 0.1864129 -0.1572954 0.9875366 -0.005462884 -0.1573559 0.9875338 -0.004028499 -0.1574806 0.9875195 -0.002319455 -0.1782944 0.9839769 8.24024e-4 -0.1575108 0.9875172 -2.44155e-4 -0.1575683 0.9874954 0.005005061 -0.1572628 0.9875235 0.008117914 -0.1576308 0.987443 0.01043748 -0.1571415 0.9874984 0.01239061 -0.1783251 0.9837943 0.01867789 -0.1575087 0.9873827 0.01632767 -0.1574452 0.9873058 0.02093571 -0.157387 0.9872932 0.02194321 -0.1572621 0.9873363 0.02087467 -0.1574175 0.9873544 0.01873868 -0.1783244 0.9837599 0.02041739 -0.1574476 0.9873513 0.01864707 -0.1572973 0.9873048 0.02206557 -0.1572655 0.9872052 0.02633804 -0.1572332 0.986828 0.03805702 -0.1572051 0.9865986 0.04370367 -0.1571708 0.9863921 0.0482499 -0.1570832 0.9858977 0.05771207 -0.1778066 0.9814463 0.07175135 -0.1569622 0.9852335 0.06839436 -0.1570515 0.9855853 0.06289994 -0.1568992 0.984824 0.07419216 -0.1567441 0.9838315 0.08664256 -0.1565338 0.9825711 0.1002561 -0.1566545 0.9832341 0.0933274 -0.1773159 0.9786556 0.103887 -0.156441 0.9818611 0.1071221 -0.1563181 0.981185 0.1133169 -0.1562294 0.9798599 0.124367 -0.156226 0.9792889 0.1287896 -0.1563482 0.9792292 0.1290948 -0.156228 0.9805529 0.1187809 -0.1768606 0.9760447 0.126717 -0.1772865 0.9779902 0.110022 -0.200084 0.9721899 0.1217106 -0.2002375 0.9729571 0.1151495 -0.1565318 0.9818566 0.10703 -0.1566531 0.9826144 0.09964394 -0.1572352 0.9864437 0.04696911 -0.157875 0.9869251 0.03247225 -0.1573864 0.9867399 0.03967463 -0.1572633 0.9861541 0.05261439 -0.1798467 0.1576291 0.9709832 -0.145361 -0.01489317 0.9892666 -0.1666669 0.104987 0.980408 -0.1560751 0.9790253 0.1309579 -0.1550683 0.972527 0.1736241 -0.1192699 0.8041257 0.5823715 -0.1446294 0.8508083 0.5051808 -0.1784132 0.9839282 -0.007355034 -0.1782318 0.983968 -0.006347954 -0.1782922 0.9839644 -0.005096673 -0.1782934 0.9839711 -0.0035097 -0.1782943 0.983976 -0.001525938 -0.1782934 0.983971 0.003570735 -0.1779844 0.9840109 0.00665301 -0.2012131 0.9795142 0.008087575 -0.2014272 0.9794551 0.009735643 -0.1782299 0.9839266 0.01107829 -0.1779858 0.9839882 0.009399771 -0.1782603 0.9838955 0.01315355 -0.1781706 0.9838756 0.01562577 -0.1783854 0.9837294 0.02133297 -0.1785067 0.9836639 0.02325558 -0.1783821 0.9836807 0.02349942 -0.1785053 0.9836867 0.02227878 -0.1783208 0.9837399 0.02139359 -0.1781994 0.9836831 0.02475076 -0.1781702 0.983568 0.02914565 -0.2015456 0.9789489 0.03222775 -0.2015481 0.9787474 0.03784364 -0.1781411 0.983393 0.03470039 -0.1780815 0.9831566 0.0411098 -0.1780799 0.9829033 0.04678601 -0.1780176 0.9826827 0.05142456 -0.2011806 0.9780092 0.05499505 -0.2011219 0.9777457 0.05969566 -0.1779866 0.9824363 0.05603283 -0.1779237 0.9821514 0.06100678 -0.1778642 0.9818241 0.066226 -0.1777147 0.9810169 0.0776109 -0.2005711 0.9751445 0.09415125 -0.1776232 0.9805288 0.08374536 -0.2006934 0.9757252 0.08765077 -0.1775307 0.9799743 0.09018445 -0.1774367 0.9793504 0.09689736 -0.1771633 0.9779229 0.1108148 -0.1998693 0.9715744 0.1268677 -0.1770397 0.9772127 0.1171007 -0.1999939 0.9722579 0.1213148 -0.1768559 0.9765682 0.1226242 -0.1770092 0.9757787 0.1285453 -0.1770092 0.9750769 0.133764 -0.1768892 0.9749049 0.1351695 -0.199501 0.970252 0.1371512 -0.1764626 0.9754582 0.1316908 -0.1996235 0.9696133 0.1414242 -0.1999289 0.9715065 0.1272941 -0.1770097 0.9766052 0.1221061 -0.1996533 0.9709524 0.1318713 -0.1771344 0.9772609 0.1165535 -0.1774392 0.9787843 0.1024532 -0.1777443 0.9804626 0.08426374 -0.2892587 0.9399229 0.1813131 -0.3288195 0.9158662 0.2303628 -0.3265859 0.9096247 0.256758 -0.1780761 0.9820279 0.0625326 -0.4049288 0.410117 0.8172127 -0.3650429 0.449429 0.8153265 -0.3850303 0.5135467 0.7668256 -0.178139 0.9825879 0.05279773 -0.1781069 0.9819379 0.06384503 -0.1777761 0.9808665 0.0793507 -0.17744 0.9789112 0.101233 -0.2200772 0.1766477 0.9593548 -0.1806757 0.1611737 0.970247 -0.2053937 0.2123215 0.9553707 -0.1758196 0.970075 0.1674574 -0.1742047 0.9612693 0.2135747 -0.1791492 0.544345 0.8195084 -0.1426159 0.4516528 0.8807215 -0.1611702 0.6504185 0.7422803 -0.1683146 0.8785628 0.4469875 -0.2014856 0.9794727 -0.006073236 -0.2014872 0.9794805 -0.004577815 -0.2015178 0.9794812 -0.002685666 -0.2273972 0.9738008 -0.001678526 -0.2274893 0.9737728 -0.003906428 -0.2015185 0.9794847 -3.9675e-4 -0.2015181 0.9794823 0.00225836 -0.2011816 0.9795396 0.005310297 -0.2014582 0.9794268 0.01174992 -0.2277609 0.973607 0.01464891 -0.2277677 0.9736359 0.01245194 -0.2014234 0.9794063 0.01385545 -0.2015446 0.9793407 0.01648002 -0.2276998 0.9734849 0.02191239 -0.2014544 0.979317 0.01883006 -0.2275835 0.9735706 0.01913565 -0.2012733 0.9792962 0.02163797 -0.20121 0.9792544 0.02398771 -0.2014549 0.9791671 0.02545273 -0.2013315 0.9791909 0.02551358 -0.2012133 0.9792401 0.02453744 -0.2015193 0.9792135 0.02304208 -0.2275508 0.9734084 0.02639901 -0.2278542 0.9733398 0.02630728 -0.201731 0.9791435 0.02414053 -0.2274913 0.9732013 0.03357124 -0.201484 0.9790989 0.02774143 -0.2274287 0.9733475 0.02951198 -0.227396 0.9724837 0.05066126 -0.2013352 0.9785071 0.04458856 -0.2272108 0.9728103 0.04489278 -0.2012114 0.9782543 0.05032569 -0.2010607 0.9774397 0.06470078 -0.2270612 0.970595 0.07992917 -0.2009674 0.9770951 0.06997996 -0.2271527 0.971022 0.07428312 -0.200905 0.976692 0.07556444 -0.2008135 0.9762347 0.08148509 -0.2004473 0.9744954 0.1008951 -0.2261456 0.9667192 0.1196344 -0.2002964 0.9737706 0.1079457 -0.2263309 0.9675221 0.1125856 -0.2001426 0.9730021 0.114934 -0.1996879 0.9710029 0.1314467 -0.2252025 0.9633748 0.1455774 -0.1994414 0.9703201 0.1367555 -0.2255654 0.963971 0.1409974 -0.1995022 0.9696781 0.1411501 -0.2259942 0.9654425 0.1297979 -0.2549854 0.9558214 0.1462466 -0.2552936 0.9562602 0.1427996 -0.2263878 0.9670464 0.1164899 -0.2004188 0.9737725 0.1077018 -0.2261788 0.9662119 0.1236033 -0.2006036 0.9746353 0.09921836 -0.2007856 0.9755147 0.08975684 -0.2009708 0.9763183 0.08008313 -0.2014873 0.9767647 0.07303225 -0.2006044 0.9770503 0.07162916 -0.2014245 0.9762375 0.07992887 -0.200726 0.9753996 0.09113085 -0.2004466 0.9735454 0.1096841 -0.1997192 0.9705488 0.1347128 -0.1971224 0.958023 0.2081703 -0.1946215 0.9464034 0.257766 -0.1531739 0.3367446 0.9290538 -0.1409703 0.7363175 0.6617885 -0.1714273 0.782181 0.5990038 -0.1226557 0.5877952 0.7996578 -0.2276417 0.973711 -0.00814855 -0.2274921 0.9737542 -0.007080495 -0.227552 0.9737493 -0.005676567 -0.2586157 0.9659787 -0.001800596 -0.258709 0.9659548 0.00100708 -0.2273395 0.9738152 9.46103e-4 -0.2272443 0.97383 0.003906428 -0.2275216 0.9737499 0.006714224 -0.2277349 0.9736876 0.008331716 -0.2277953 0.9736542 0.01034599 -0.2277602 0.9735736 0.01672416 -0.2576405 0.9659231 0.02478134 -0.2583149 0.96569 0.02676534 -0.2274891 0.9734669 0.02472043 -0.2275487 0.9733997 0.02673453 -0.2276428 0.9733496 0.02774196 -0.2278525 0.9733021 0.02768045 -0.2582544 0.9656006 0.0303362 -0.2580354 0.96555 0.03363156 -0.2273955 0.9730309 0.03875887 -0.2579184 0.9652025 0.04315423 -0.2578558 0.9649224 0.04934936 -0.227368 0.9722806 0.05453777 -0.2273985 0.9720058 0.05911564 -0.2273347 0.9717196 0.06387591 -0.2575765 0.9638063 0.06878876 -0.2574592 0.9634579 0.07391726 -0.2272456 0.9713941 0.06894272 -0.2269403 0.970112 0.08591139 -0.226819 0.969566 0.09216809 -0.2569405 0.9615049 0.09741699 -0.2567864 0.9608587 0.103978 -0.226696 0.9689518 0.09869885 -0.2265123 0.9682774 0.1055043 -0.2259637 0.9659309 0.1261661 -0.2258123 0.9652037 0.1318739 -0.2557476 0.9568865 0.1377008 -0.2555672 0.9561644 0.1429516 -0.2256861 0.9645452 0.1368156 -0.2553265 0.9547123 0.1527503 -0.2552344 0.9540085 0.1572363 -0.2253526 0.9627842 0.1492075 -0.2255645 0.9627772 0.1489318 -0.2550165 0.9536872 0.1595226 -0.2553241 0.9537268 0.1587917 -0.2253555 0.9634679 0.1447231 -0.2255064 0.9641934 0.1395643 -0.2554761 0.9542738 0.1552205 -0.2549271 0.9550381 0.1513754 -0.2258417 0.9647409 0.1351693 -0.3316859 0.9224212 0.1977968 -0.2908475 0.9440795 0.155312 -0.3312559 0.9243668 0.1892498 -0.2265735 0.9679427 0.1084037 -0.2270897 0.9686334 0.1008948 -0.2264831 0.9694123 0.09457904 -0.2266367 0.968013 0.1076418 -0.2262082 0.9662985 0.1228702 -0.2255941 0.9634445 0.144506 -0.2245629 0.9589551 0.1731374 -0.2129355 0.3349836 0.9178478 -0.2447021 0.3087006 0.9191436 -0.2554432 0.2217503 0.9410502 -0.2166865 0.9266248 0.3072676 -0.1919664 0.8298504 0.5239248 -0.258314 0.9660222 -0.008667409 -0.2584948 0.9659833 -0.007538139 -0.2584689 0.9660007 -0.006042838 -0.2939578 0.9557902 -0.007355034 -0.2939891 0.9557927 -0.005554437 -0.2585569 0.9659872 -0.004150569 -0.2584923 0.9660044 0.004181027 -0.2581884 0.9660705 0.006836175 -0.2939019 0.9558069 0.007416188 -0.2939329 0.9557778 0.009613573 -0.2581632 0.9660596 0.008972644 -0.2581577 0.9660392 0.01107823 -0.2581583 0.9660111 0.01330614 -0.2581574 0.9659771 0.01559501 -0.2581622 0.9659339 0.01800632 -0.2581297 0.9658959 0.02035617 -0.2580048 0.9658854 0.02233964 -0.2584354 0.9655925 0.02902358 -0.2582831 0.9655939 0.03030544 -0.2937786 0.9553145 0.03268611 -0.2937752 0.9552731 0.03390651 -0.2581896 0.965617 0.03036624 -0.2579473 0.9657156 0.02926778 -0.2579779 0.9654107 0.03781312 -0.2577925 0.9646392 0.05490332 -0.2934138 0.954068 0.06051999 -0.2933221 0.9537928 0.06512838 -0.2577297 0.9643883 0.05941969 -0.2576402 0.9641213 0.06396752 -0.2573656 0.9630532 0.07931852 -0.2572436 0.9625961 0.08505612 -0.2927134 0.9518448 0.09116196 -0.2925585 0.9512881 0.09726512 -0.2571212 0.9620757 0.09109872 -0.2565773 0.9601429 0.1108772 -0.2563634 0.9593484 0.1180187 -0.2561438 0.9585021 0.1251573 -0.2913972 0.9474986 0.1316598 -0.2911234 0.9466165 0.1384354 -0.2559359 0.9576692 0.1317829 -0.2553233 0.9555245 0.1475906 -0.2902078 0.9436254 0.159219 -0.2896227 0.943059 0.1635803 -0.2555363 0.9571394 0.1363287 -0.2900541 0.9431947 0.1620262 -0.2903591 0.9439268 0.1571431 -0.2561452 0.9578057 0.1303768 -0.2565442 0.9585769 0.1237552 -0.3303739 0.9200722 0.2105237 -0.3768174 0.8789457 0.2923409 -0.2560832 0.9589312 0.1219531 -0.400532 0.4652019 0.7894058 -0.4183558 0.5427212 0.7283078 -0.4409123 0.4211357 0.7926166 -0.2550202 0.9536398 0.1597996 -0.2538296 0.9493965 0.1849778 -0.2521827 0.9429309 0.2174515 -0.2494916 0.9334497 0.2577317 -0.240488 0.9003348 0.3627158 -0.2331352 0.8737 0.4269618 -0.2094829 0.7863543 0.5811746 -0.1960261 0.6951711 0.6916003 -0.2939629 0.9557762 -0.008820056 -0.2939921 0.9558024 -0.003265559 -0.293689 0.9559009 -5.18831e-4 -0.3376073 0.9412842 -0.002319455 -0.3377261 0.9412445 3.66231e-4 -0.2935314 0.9559456 0.002716183 -0.2936844 0.9558858 0.00564599 -0.2939256 0.9557542 0.01190227 -0.3378182 0.9411237 0.01284861 -0.3377881 0.9410946 0.01550382 -0.2939614 0.9557102 0.01431351 -0.2939879 0.9556666 0.01651066 -0.2941105 0.9555769 0.01928788 -0.293964 0.9555661 0.02188247 -0.2939288 0.9555202 0.02423208 -0.2939026 0.9554734 0.02630776 -0.2939611 0.9554041 0.02810817 -0.3376042 0.9408178 0.02975624 -0.3376048 0.9407277 0.03247255 -0.2937164 0.9554024 0.03061068 -0.2938975 0.955243 0.03369289 -0.2935304 0.9553623 0.03350967 -0.2938097 0.9551945 0.03576862 -0.2938058 0.9550902 0.03848433 -0.3374814 0.9403579 0.04281842 -0.3374168 0.9401952 0.04672437 -0.2938423 0.9548958 0.04278838 -0.2938089 0.9546425 0.04831194 -0.2935345 0.9543688 0.05493468 -0.3369261 0.9397308 0.05819904 -0.3369897 0.9393412 0.06384551 -0.293224 0.9534971 0.06973528 -0.2931388 0.9531512 0.0746504 -0.2930113 0.9527674 0.07986778 -0.3364742 0.9376416 0.0872544 -0.3363237 0.9371591 0.09283995 -0.2928581 0.952338 0.08536094 -0.2923734 0.9506713 0.103643 -0.2921286 0.9499978 0.1102959 -0.3354053 0.9346486 0.118048 -0.3350969 0.9338461 0.1250662 -0.2919146 0.9492337 0.1172236 -0.2916739 0.9483903 0.1244276 -0.2908813 0.9457687 0.1446014 -0.2906645 0.9449649 0.1501848 -0.3335094 0.9292362 0.1590334 -0.3332352 0.9283831 0.1644966 -0.2904521 0.9442362 0.155099 -0.2900871 0.9422566 0.167338 -0.3324115 0.9262171 0.1778334 -0.331956 0.9253691 0.1830229 -0.2901483 0.9415245 0.1713055 -0.2899038 0.9413098 0.1728923 -0.3318314 0.9243853 0.1881486 -0.3318332 0.9236884 0.1915373 -0.2898436 0.9414959 0.1719774 -0.2895084 0.9422606 0.1683153 -0.3319606 0.9233371 0.1930053 -0.332561 0.9232178 0.1925417 -0.3827686 0.8925265 0.2385055 -0.3321413 0.924124 0.1888839 -0.2904813 0.9446596 0.1524432 -0.2900851 0.9425861 0.1654752 -0.2879471 0.9357745 0.2035009 -0.2859991 0.9295657 0.2326203 -0.2831235 0.920571 0.2690543 -0.2790695 0.9076778 0.3134344 -0.2988439 0.5673822 0.7673134 -0.2681102 0.510035 0.8173013 -0.2558114 0.8334776 0.4897711 -0.1931287 0.4179674 0.8876963 -0.3375409 0.9412693 -0.008850514 -0.3376634 0.9412397 -0.007171988 -0.3376311 0.9412652 -0.005005061 -0.3375169 0.9413179 0.001739561 -0.3375145 0.9413111 0.004181146 -0.3377841 0.9412053 0.00589013 -0.3378155 0.9411774 0.008118033 -0.3939651 0.9190689 0.01019322 -0.337818 0.941154 0.01040703 -0.3377513 0.9410464 0.01886057 -0.3376658 0.9410024 0.02227908 -0.3376359 0.9409433 0.02505636 -0.3939443 0.9186336 0.03033626 -0.3376067 0.9408856 0.02749806 -0.337574 0.9406353 0.03534132 -0.3377862 0.9404789 0.03741645 -0.3376906 0.9404676 0.03854525 -0.3378113 0.9403722 0.03979635 -0.3932066 0.9176449 0.05758929 -0.3373272 0.9399567 0.05188238 -0.3369005 0.9391039 0.06769138 -0.3927135 0.9160466 0.08145415 -0.3368732 0.9387772 0.07220894 -0.3367524 0.9384446 0.0769397 -0.3366259 0.9380662 0.0819438 -0.336109 0.9366372 0.09869939 -0.391407 0.9130388 0.1147211 -0.3358901 0.9360424 0.1048932 -0.3356506 0.9353841 0.1113342 -0.3347896 0.9329551 0.1323288 -0.3344548 0.9320116 0.1396232 -0.3341263 0.9310551 0.1466152 -0.3891471 0.9076945 0.15702 -0.3338175 0.9301295 0.1530531 -0.3329613 0.9275919 0.169441 -0.3327157 0.9268552 0.173896 -0.3871322 0.9027185 0.1876912 -0.3853907 0.899479 0.2059405 -0.3846963 0.8960479 0.2216009 -0.3842927 0.8939872 0.2304474 -0.3796875 0.8854491 0.2679877 -0.4359369 0.8191366 0.3727926 -0.3910171 0.7379333 0.5500547 -0.4066364 0.7659987 0.4978885 -0.440392 0.5989697 0.6687976 -0.3233501 0.9006804 0.2902063 -0.3185642 0.8883054 0.3308027 -0.3123941 0.8709862 0.3792005 -0.3039368 0.8479042 0.4343742 -0.2929821 0.8183661 0.4944072 -0.2794026 0.7807707 0.5588662 -0.2621949 0.7337551 0.6267834 -0.2407695 0.6753389 0.6970994 -0.2135122 0.6074234 0.7651466 -0.411952 0.9111591 -0.009216845 -0.3938126 0.9191302 -0.01055943 -0.4702615 0.8824461 -0.01196324 -0.3938442 0.9191325 -0.009064018 -0.3938137 0.9191633 -0.007049798 -0.3937311 0.9192146 -0.004516839 -0.3939999 0.9191095 -0.001403868 -0.3940259 0.9190987 0.001098632 -0.4702092 0.8825541 0.001312315 -0.3939725 0.9191166 0.003234982 -0.3939688 0.919108 0.005401849 -0.3939738 0.9190893 0.007721364 -0.3939386 0.9190478 0.0127874 -0.3939344 0.9190073 0.01553398 -0.3937856 0.9190163 0.01849442 -0.393845 0.9189208 0.02169883 -0.3938784 0.9188359 0.02450674 -0.3939682 0.9187099 0.02758902 -0.4699679 0.8821931 0.02942067 -0.3939094 0.9185625 0.03283846 -0.3937262 0.9185622 0.03497481 -0.4698778 0.8818908 0.03851556 -0.3935105 0.9185572 0.03744661 -0.3935377 0.9184886 0.03881967 -0.3936079 0.9183574 0.04114001 -0.3935413 0.9182835 0.04336732 -0.3940052 0.9180231 0.04464983 -0.3936371 0.9181101 0.04608404 -0.3933875 0.918067 0.04898267 -0.3933638 0.9178692 0.05273741 -0.3929348 0.9173769 0.06341892 -0.3929072 0.9167122 0.07254469 -0.3929984 0.9169556 0.06888228 -0.4685292 0.8793469 0.0850262 -0.3928483 0.9163817 0.07690936 -0.3925424 0.9156781 0.08627873 -0.3923524 0.9152652 0.09137392 -0.3919299 0.9142692 0.1024841 -0.3921723 0.9147838 0.096807 -0.4670655 0.8766328 0.1156066 -0.3916837 0.9136845 0.1084653 -0.3910976 0.9123272 0.1212509 -0.3907401 0.911554 0.1280289 -0.3899731 0.909744 0.1424326 -0.39037 0.9106904 0.1351081 -0.4644367 0.8717725 0.1559211 -0.389547 0.9087395 0.1498187 -0.3887259 0.9066711 0.1638283 -0.3878998 0.9046519 0.1764623 -0.3883217 0.9056465 0.1703256 -0.4615386 0.8660067 0.1923916 -0.3875039 0.9036774 0.1822309 -0.3867737 0.9017904 0.1928222 -0.3857965 0.9000799 0.2025271 -0.3862849 0.9009957 0.1974609 -0.4582748 0.8596315 0.2258718 -0.3849984 0.8985433 0.2107039 -0.3851237 0.8973301 0.2155887 -0.3841413 0.8950886 0.2263891 -0.4525114 0.8503932 0.2684488 -0.3831418 0.8938551 0.2328637 -0.4479576 0.8408285 0.3038775 -0.4414019 0.8289982 0.3434042 -0.5246894 0.6888533 0.5001823 -0.3816176 0.8898307 0.2501389 -0.4644427 0.6352898 0.6170088 -0.498037 0.5455549 0.6740393 -0.4541224 0.5726886 0.6824959 -0.3727289 0.8697922 0.3233186 -0.3671473 0.8571957 0.361135 -0.3596387 0.8401641 0.4059364 -0.3498104 0.8176079 0.4573293 -0.3372063 0.7887679 0.5139428 -0.3216436 0.7536148 0.5732453 -0.3032414 0.7112256 0.6341946 -0.2813254 0.6606478 0.695989 -0.2553805 0.6008827 0.7574436 -0.2251682 0.5309673 0.8169291 -0.4702939 0.8824496 -0.01031529 -0.4702436 0.8825002 -0.008026599 -0.4703601 0.8824592 -0.005218744 -0.4701237 0.8825958 -0.002899348 -0.591154 0.8065575 -0.001403868 -0.4699687 0.882683 -3.05194e-4 -0.4702666 0.8825168 0.003662228 -0.4702612 0.8825066 0.006042659 -0.4702411 0.8824955 0.008667469 -0.4702406 0.8824641 0.01144468 -0.4702355 0.882424 0.01437437 -0.4702013 0.8823866 0.01745665 -0.4701738 0.8823313 0.02069175 -0.4701408 0.8822655 0.02398771 -0.5907183 0.8062713 0.03128153 -0.4700635 0.8822313 0.02661311 -0.4699591 0.8820852 0.0326246 -0.4699364 0.8819778 0.03570759 -0.5903065 0.8058956 0.04550439 -0.4698429 0.8817909 0.04113984 -0.4698449 0.8816725 0.04358154 -0.5899366 0.8055244 0.05572807 -0.4696838 0.8816565 0.04559499 -0.4696319 0.8815211 0.04864782 -0.4696261 0.8813577 0.05157703 -0.4695398 0.881276 0.05371397 -0.4698774 0.8809438 0.05615574 -0.4695125 0.8809158 0.0595436 -0.4692853 0.8807378 0.06381446 -0.4691166 0.8804292 0.06909632 -0.4689299 0.8800257 0.07523018 -0.5884663 0.8022516 0.1004989 -0.4687169 0.8796607 0.0806322 -0.4683451 0.8790091 0.08942073 -0.4681283 0.8786371 0.0940895 -0.4678885 0.8782179 0.099065 -0.4676501 0.8777403 0.1042851 -0.5865746 0.7993224 0.130438 -0.4673703 0.8772119 0.1098384 -0.4667049 0.8760024 0.1216814 -0.4663354 0.8752943 0.1280285 -0.4659085 0.8745322 0.1346209 -0.5834075 0.7957915 0.1623322 -0.465446 0.8736993 0.1414558 -0.4649556 0.8727798 0.148566 -0.4638573 0.8707053 0.1634289 -0.4633167 0.8695621 0.1708788 -0.4627384 0.8684052 0.1781735 -0.5794671 0.7879128 0.2083542 -0.4621574 0.8672127 0.1853451 -0.4608983 0.8647871 0.1992892 -0.4602681 0.8635254 0.2060998 -0.4596126 0.8622466 0.2128073 -0.5728486 0.7795869 0.2531582 -0.4589478 0.8609469 0.2194026 -0.4575727 0.8582883 0.2323113 -0.4568397 0.8569446 0.2386285 -0.5657033 0.7707005 0.2932586 -0.4558997 0.8557657 0.2445829 -0.4540602 0.8532475 0.2565114 -0.5591115 0.7624914 0.3255786 -0.4536651 0.8512972 0.2635927 -0.4551386 0.8541517 0.2515425 -0.452082 0.8483749 0.275467 -0.5511765 0.7524811 0.3605231 -0.4508877 0.8474515 0.2802254 -0.4495446 0.8437583 0.2932264 -0.5474886 0.7293541 0.4102426 -0.4504366 0.845389 0.2870965 -0.5950307 0.5989983 0.5358542 -0.580566 0.5919802 0.5590195 -0.5391232 0.6989527 0.4699054 -0.4453333 0.8360681 0.320419 -0.5315595 0.5586914 0.6366384 -0.4978258 0.5690571 0.6544798 -0.4899855 0.6541177 0.5762327 -0.4285839 0.8058952 0.4084715 -0.4189096 0.7884998 0.4503141 -0.3723374 0.7034736 0.6053841 -0.350699 0.663554 0.6608377 -0.3262203 0.6186252 0.7147609 -0.2338975 0.4458213 0.8640229 -0.5907251 0.8067383 -0.01474064 -0.6630509 0.7484119 -0.01559507 -0.5909674 0.8065832 -0.01345878 -0.5910891 0.8065216 -0.0116887 -0.6630244 0.748508 -0.01159715 -0.591157 0.8065004 -0.009521961 -0.5911552 0.8065286 -0.006866753 -0.5910063 0.8066557 -0.004272699 -0.591154 0.8065574 0.00149542 -0.591095 0.8065908 0.004242122 -0.5911197 0.8065523 0.007141411 -0.5910649 0.8065608 0.01010179 -0.6630921 0.7484239 0.01306223 -0.5910377 0.8065348 0.01327586 -0.5909819 0.8065115 0.0167247 -0.590951 0.8064498 0.02038705 -0.5909104 0.8063751 0.02417111 -0.6631481 0.7479909 0.02728396 -0.6627823 0.7482661 0.02859634 -0.5908759 0.8062781 0.02795523 -0.5906763 0.8061753 0.03439557 -0.6622966 0.7481776 0.03991907 -0.5904912 0.806142 0.03814935 -0.5903321 0.8060721 0.04190278 -0.590177 0.805794 0.04886096 -0.6619243 0.7475908 0.05444568 -0.6617223 0.7476955 0.05545377 -0.5900973 0.8056575 0.05197495 -0.661205 0.7474836 0.06384676 -0.5901215 0.8051606 0.05893278 -0.5893267 0.8055557 0.06143522 -0.5899424 0.8049219 0.06378579 -0.6612278 0.7464983 0.07428359 -0.6609295 0.7466892 0.07501679 -0.5893038 0.8052302 0.06576979 -0.5897585 0.8047377 0.06769216 -0.5891733 0.8050051 0.06958377 -0.5899558 0.8042578 0.07156616 -0.5893562 0.8043944 0.07489407 -0.5895662 0.8038402 0.07907474 -0.5890436 0.8038044 0.08322477 -0.6607109 0.7443641 0.09686803 -0.5891702 0.8032308 0.08774226 -0.5888043 0.8027734 0.09415131 -0.5885668 0.8016228 0.1048341 -0.5880113 0.8014313 0.1093193 -0.6587896 0.7418021 0.1254038 -0.6587261 0.7410058 0.1303474 -0.5873737 0.8011916 0.1143862 -0.587374 0.800429 0.119605 -0.5868602 0.8000087 0.1248249 -0.5860275 0.7987456 0.1362982 -0.6564916 0.7383127 0.1546391 -0.5856731 0.7979071 0.142588 -0.5849584 0.7973403 0.1485666 -0.5843785 0.7964859 0.1552808 -0.5830088 0.7945681 0.1695953 -0.5824836 0.7934302 0.1765823 -0.6520075 0.7327607 0.1948026 -0.5814471 0.7924551 0.1842124 -0.5807772 0.7910534 0.1921783 -0.5803227 0.7894098 0.2001449 -0.5780268 0.7867147 0.2167143 -0.6463591 0.7245789 0.2391763 -0.5772363 0.7847959 0.2255964 -0.576203 0.7829402 0.2345097 -0.5746507 0.7813589 0.2434231 -0.5717717 0.7772249 0.2626762 -0.6369097 0.7132082 0.2927117 -0.6344681 0.7112549 0.3026 -0.5700302 0.775086 0.2725939 -0.5678442 0.7731788 0.2823961 -0.5640779 0.7678821 0.3036004 -0.5617105 0.7652752 0.3143808 -0.6246022 0.7015101 0.3431558 -0.6214886 0.6987016 0.3543559 -0.5568228 0.7594704 0.3363826 -0.6124912 0.6903153 0.3851226 -0.608983 0.6864717 0.3973619 -0.5539523 0.7563244 0.3480093 -0.6051993 0.6762789 0.4199771 -0.5497757 0.7470223 0.3737705 -0.5483106 0.739667 0.3901899 -0.5912506 0.6156966 0.5209036 -0.5440698 0.7149785 0.4390829 -0.5991234 0.6338543 0.4891625 -0.5097033 0.6708759 0.5386356 -0.5566664 0.5785485 0.5961579 -0.5367419 0.5641787 0.627384 -0.4177539 0.5443497 0.7274374 -0.2439706 0.447137 0.8605504 -0.1198771 0.4933333 0.8615404 -0.6632155 0.7482729 -0.01525962 -0.6633718 0.7481549 -0.01422208 -0.6630864 0.7484176 -0.01370298 -0.6633093 0.7482449 -0.01226878 -0.6637628 0.7478737 -0.0101934 -0.6628172 0.7487289 -0.008850574 -0.6636487 0.7480049 -0.007690906 -0.6628815 0.7487021 -0.00576812 -0.663387 0.7482598 -0.005005061 -0.6630522 0.7485659 -0.003326535 -0.6634577 0.7482096 -0.002533078 -0.6637515 0.7479526 -9.15561e-4 -0.6626344 0.748943 3.35712e-4 -0.6632663 0.7483833 7.01934e-4 -0.6633611 0.7482955 0.002471983 -0.6631639 0.7484666 0.003387689 -0.6635159 0.7481454 0.005035638 -0.6631401 0.7484703 0.006134212 -0.6636352 0.7480202 0.007355034 -0.6627498 0.7487828 0.009338796 -0.6632135 0.7483621 0.01010185 -0.6631488 0.7483885 0.0121771 -0.6633312 0.7481741 0.01507639 -0.6628789 0.7485466 0.01641935 -0.6634376 0.7480077 0.01831179 -0.6628494 0.7484867 0.01995962 -0.6633636 0.7479931 0.02133285 -0.6626935 0.7485134 0.02377444 -0.6628854 0.7483097 0.0248124 -0.6632534 0.7477624 0.0307638 -0.6627768 0.7481074 0.03259402 -0.66264 0.7481253 0.03488379 -0.6627848 0.7479333 0.03622621 -0.6623595 0.7481797 0.0388205 -0.662485 0.7478783 0.04233038 -0.6619391 0.7482789 0.04376506 -0.6624542 0.7476949 0.04590117 -0.6618328 0.7481402 0.04757893 -0.6623966 0.7475463 0.0490449 -0.6617402 0.7479864 0.05114954 -0.6618015 0.7478647 0.05212616 -0.6620734 0.7472513 0.0572226 -0.6611346 0.7479614 0.05877971 -0.6617196 0.7473567 0.05987882 -0.6621696 0.7467987 0.06183135 -0.660858 0.7478371 0.06329637 -0.6615324 0.7470163 0.06589072 -0.6612088 0.7472132 0.06689912 -0.6616571 0.7466837 0.06836307 -0.6610834 0.7470874 0.06949293 -0.6614037 0.7467038 0.0705595 -0.6609492 0.7469516 0.07217735 -0.6610791 0.7467774 0.07278859 -0.661167 0.746346 0.07632839 -0.6607412 0.7466223 0.07730519 -0.6612324 0.7460761 0.07837367 -0.6608624 0.746255 0.07977712 -0.6612862 0.7458239 0.0802955 -0.6615597 0.7453953 0.08200442 -0.660959 0.7458029 0.08313488 -0.661408 0.7451215 0.08563631 -0.6610726 0.7452136 0.08740645 -0.6620603 0.7440968 0.08942222 -0.6611093 0.7446712 0.09164947 -0.6605238 0.7448785 0.09415125 -0.6611286 0.7434989 0.1005899 -0.6602589 0.7440044 0.1025455 -0.6608944 0.7429301 0.1061764 -0.659729 0.7434426 0.1097768 -0.6597393 0.7427521 0.1142954 -0.6598959 0.7421464 0.117287 -0.6596937 0.7417587 0.1208238 -0.6583863 0.7401467 0.1367861 -0.65723 0.7397843 0.1441114 -0.6564974 0.739418 0.1492386 -0.6558631 0.7373195 0.1618752 -0.6546673 0.7364282 0.1705412 -0.6540177 0.7354418 0.1771615 -0.6532649 0.7345378 0.1835734 -0.6528398 0.7336551 0.1885486 -0.6512342 0.7315627 0.2017672 -0.650983 0.7297541 0.2089982 -0.6505188 0.7280684 0.2161987 -0.649091 0.7271296 0.2235255 -0.6468188 0.726809 0.2310285 -0.645722 0.7223554 0.2474789 -0.6443013 0.7206311 0.2560603 -0.642062 0.7193975 0.2649978 -0.639153 0.7181964 0.2750955 -0.6383442 0.7157414 0.2832507 -0.6315336 0.7093881 0.3129438 -0.6285734 0.7068856 0.324358 -0.627224 0.7042232 0.3326558 -0.6173114 0.6963256 0.3661386 -0.6158817 0.6932179 0.3743511 -0.6051588 0.6819747 0.410723 -0.603362 0.6687033 0.4345 -0.5982951 0.6603098 0.4539096 -0.6029096 0.6466438 0.4672816 -0.5694182 0.5801302 0.5824191 -0.4672255 0.5014686 0.7281687 -0.199321 -0.3029337 0.9319348 -0.2037433 -0.06927758 0.9765702 -0.2294393 -0.07843291 0.9701577 -0.6891007 -0.7147066 0.1197281 -0.9275999 -0.3282338 0.1783846 -0.9275934 -0.3285672 0.1778035 -0.9283353 -0.3272582 0.1763404 -0.9284707 -0.3285034 0.1732852 -0.9280225 -0.3302463 0.1723714 -0.6891861 -0.7145476 0.1201848 -0.688835 -0.7154777 0.1166115 -0.9295495 -0.3285682 0.167275 -0.6891218 -0.7147273 0.1194823 -0.9283432 -0.3322051 0.1667892 -0.9297506 -0.329307 0.164684 -0.9291734 -0.3279848 0.1704776 -0.9306551 -0.3281129 0.1619353 -0.6893664 -0.7148804 0.1171324 -0.9305489 -0.3297557 0.1591861 -0.9305574 -0.330186 0.1582414 -0.9315345 -0.3286602 0.1556474 -0.9316005 -0.3301268 0.152108 -0.6898241 -0.7150634 0.1132565 -0.9313123 -0.3313733 0.1511597 -0.9325396 -0.3290867 0.1485666 -0.9328227 -0.3300358 0.144631 -0.6900469 -0.7156832 0.107856 -0.9328496 -0.3310722 0.1420668 -0.6923948 -0.7175123 0.07593238 -0.9378934 -0.3322042 0.09998172 -0.6928883 -0.7178229 0.06808936 -0.9338539 -0.3305523 0.136573 -0.9324789 -0.3346108 0.1360844 -0.6904952 -0.7161923 0.101415 -0.9359592 -0.3319255 0.1174984 -0.6910434 -0.716771 0.09326624 -0.9354142 -0.3312556 0.1235723 -0.9349243 -0.3315908 0.1263493 -0.9344966 -0.3305835 0.1320258 -0.6916911 -0.7172358 0.0844776 -0.9359492 -0.3327766 0.1151472 -0.9369922 -0.332046 0.1085863 -0.9366712 -0.3336687 0.1063601 -0.9371927 -0.3347989 0.09787601 -0.9386973 -0.3326549 0.09048825 -0.6934536 -0.7179604 0.06045818 -0.9390609 -0.3326845 0.08652055 -0.9394338 -0.3332362 0.08011215 -0.6938235 -0.7181779 0.05319494 -0.9400145 -0.3329008 0.07449674 -0.6942118 -0.7182607 0.04660224 -0.9398651 -0.3340616 0.07110941 -0.940596 -0.3331455 0.06552428 -0.9399926 -0.3351623 0.06387674 -0.6945912 -0.7182742 0.0403161 -0.9410359 -0.3332416 0.0583226 -0.6946768 -0.7184817 0.0347613 -0.9416364 -0.3325667 0.0521571 -0.9410329 -0.3338204 0.05496525 -0.9413143 -0.3339448 0.04907542 -0.6949494 -0.7184491 0.02960348 -0.9397693 -0.3369595 0.05737555 -0.9419451 -0.33269 0.04535156 -0.9412128 -0.3343991 0.04791516 -0.6951699 -0.7186697 0.01590055 -0.6952551 -0.7184801 0.02017307 -0.9422487 -0.3336355 0.02923732 -0.941694 -0.3338167 0.0421772 -0.9412539 -0.3351659 0.04129296 -0.6949869 -0.7186089 0.02438497 -0.9421228 -0.3330237 0.03872865 -0.9420254 -0.3336626 0.03546285 -0.9422035 -0.333458 0.03253394 -0.9412999 -0.3357709 0.03482222 -0.2408235 -0.9705578 0.004669368 -0.2404875 -0.9706479 0.002929747 -0.9422982 -0.3340587 0.02188193 -0.6953158 -0.7186018 0.01214653 -0.9413356 -0.336261 0.028566 -0.9427757 -0.332906 0.01864737 -0.9424951 -0.3338194 0.01635831 -0.9426485 -0.3329041 0.02426278 -0.9423429 -0.333606 0.02639913 -0.9422869 -0.3341571 0.02084475 -0.6952655 -0.7187045 0.008362352 -0.6953738 -0.7186293 0.005218684 -0.9426135 -0.333696 0.01126152 -0.942275 -0.3346717 0.01062059 -0.9427744 -0.3331496 0.01370316 -0.9427763 -0.3333029 0.009064257 -0.9426876 -0.3336091 0.006714284 -0.9420774 -0.3353379 0.006225764 -0.6953199 -0.7186976 0.002044737 -0.9427771 -0.3333947 0.004394769 -0.9425604 -0.3340346 9.46101e-4 -0.6952902 -0.718729 -4.88308e-4 -0.9427428 -0.3335155 0.001861631 -0.9428856 -0.3331153 -0.00100708 -0.9426766 -0.3336967 -0.002716183 -0.695225 -0.7187857 -0.003051877 -0.9427039 -0.3335735 -0.006164848 -0.6952962 -0.7187047 -0.005188286 -0.9428649 -0.3331493 -0.004181146 -0.9423678 -0.3344585 -0.008972585 -0.6951943 -0.7187856 -0.007233023 -0.9427636 -0.3333594 -0.008270621 -0.06085437 -0.9981464 8.54525e-4 -0.07162868 -0.9974309 0.00100708 -0.05917638 -0.9982467 0.001342833 -0.9427285 -0.3333883 -0.0107426 -0.2406391 -0.9706135 -0.001586914 -0.2404884 -0.9706516 -9.15565e-4 -0.6950784 -0.7188835 -0.008514881 -0.9425291 -0.3339122 -0.01190251 -0.942722 -0.3332945 -0.01379442 -0.078799 -0.9968898 0.001159667 -0.07141393 -0.9974452 0.001861631 -0.08847439 -0.9960772 0.001556456 -0.6953172 -0.7186338 -0.009979724 -0.1539374 -0.9880806 1.22076e-4 -0.2392669 -0.9709538 3.96744e-4 -0.1529302 -0.9882327 0.002929806 -0.9427076 -0.3332697 -0.01529008 -0.6951684 -0.7187598 -0.01120054 -0.9424998 -0.3338211 -0.01605319 -0.1154242 -0.9933139 0.002197384 -0.113469 -0.993541 0.001068115 -0.9427566 -0.3330213 -0.01751774 -0.09134459 -0.9958179 0.001739561 -0.1008964 -0.9948953 0.001861631 -0.6896309 -0.724117 0.007995843 -0.2517855 -0.9677415 0.008972704 -0.208935 -0.9779292 -8.85059e-4 -0.1730117 -0.9849065 0.005127131 -0.9425943 -0.3334559 -0.01797592 -0.128758 -0.9916718 0.002929747 -0.3955634 -0.9184238 -0.005218803 -0.3520995 -0.9359614 -0.00149542 -0.9522311 -0.3049483 0.01620572 -0.2718985 -0.9621284 0.01950198 -0.3084893 -0.9511955 0.007843434 -0.5309394 -0.8380523 0.1255857 -0.9422237 -0.334614 0.01574796 -0.5341195 -0.7851108 0.313556 -0.9990003 -0.04461836 0.002777159 -0.6739515 -0.6591803 0.3335729 -0.5720867 -0.7328631 0.368278 -0.8676037 -0.4309635 0.2480611 -0.7771295 -0.5572419 0.2924917 -0.9433798 -0.2250487 0.243696 -0.9216877 0.3879328 2.13636e-4 -0.9705896 0.1595523 0.1802746 -0.9250168 0.3714228 0.07993066 -0.9514123 -0.07709205 0.2981137 -0.8573189 0.5144035 0.01983755 -0.7936859 0.6082504 -0.009705126 -0.7613546 0.6480686 -0.01861649 -0.02571475 -0.9996692 -4.62255e-4 -0.9278652 -0.3272843 0.178749 -0.927919 -0.3274452 0.1781736 -0.9251882 -0.3335438 0.1810396 -0.6856715 -0.7189983 0.1135613 -0.9219843 -0.3384271 0.1881812 -0.9235477 -0.3366901 0.1835742 -0.9215255 -0.339556 0.1883946 -0.9252698 -0.3310987 0.1850661 -0.9184921 -0.3425424 0.1975783 -0.6829347 -0.7212976 0.1154552 -0.9113948 -0.3546941 0.2086902 -0.680853 -0.7198565 0.135078 -0.9154905 -0.3426413 0.2108891 -0.8917779 -0.3763961 0.2511139 -0.9081734 -0.3449026 0.2371987 -0.9161345 -0.3324185 0.2240437 -0.1135596 -0.992922 -0.03479117 -0.1136533 -0.9933063 -0.02063089 -0.1541205 -0.9880191 -0.008087456 -0.9041795 -0.3393381 0.2594401 -0.6744785 -0.7176329 0.1734417 -0.8983509 -0.3327463 0.286785 -0.8880481 -0.3401976 0.3092512 -0.8840119 -0.3578346 0.3007948 -0.6613303 -0.7138851 0.2302402 -0.880827 -0.3244541 0.3447802 -0.8628271 -0.3390942 0.3748928 -0.6427403 -0.7037488 0.3026922 -0.8630185 -0.3466051 0.3675107 -0.8591745 -0.3113867 0.4060265 -0.8122198 -0.2928972 0.50449 -0.8248378 -0.3248445 0.4627295 -0.6152698 -0.687326 0.3860391 -0.8419997 -0.318714 0.4352676 -0.8151319 -0.3589339 0.454672 -0.7883063 -0.3146511 0.528742 -0.7549982 -0.3670003 0.5434046 -0.5784049 -0.6644087 0.4732958 -0.7749999 -0.3071433 0.5523027 -0.6857163 -0.3731337 0.6249516 -0.7264733 -0.3100421 0.6132785 -0.7554548 -0.2787061 0.5929678 -0.5289279 -0.6359892 0.5619192 -0.7104604 -0.3036983 0.6348334 -0.6853315 -0.2712211 0.6758401 -0.03515774 -0.9992807 0.01422178 -0.03647011 -0.9992514 0.01290947 -0.04043805 -0.9990187 0.01806741 -0.6518604 -0.3037885 0.6948315 -0.6327487 -0.3039989 0.7121895 -0.4705197 -0.5932693 0.6531791 -0.6072834 -0.3695645 0.7032987 -0.03818112 -0.9992688 -0.002015531 -0.5714804 -0.2712281 0.774497 -0.6112984 -0.2451297 0.7524799 -0.4800089 -0.4083799 0.7764132 -0.5265138 -0.3335116 0.7820188 -0.4096903 -0.5283185 0.7436622 -0.5439719 -0.2526979 0.800149 -0.4325186 -0.2902684 0.8536229 -0.4688399 -0.2279803 0.8533546 -0.5099127 -0.1845793 0.8401902 -0.4406987 -0.2375622 0.8656494 -0.3908604 -0.3718469 0.8419964 -0.07582247 -0.9971199 -0.001712262 -0.06870907 -0.9976347 0.002068519 -0.3368095 -0.4603511 0.8213624 -0.4165803 -0.1405692 0.8981655 -0.04217177 -0.9991093 -0.001454234 -0.3538384 -0.215892 0.9100489 -0.3813362 -0.162972 0.9099577 -0.3347643 -0.2271843 0.9145054 -0.2650879 -0.3927183 0.8806253 -0.2888681 -0.3771003 0.879972 -0.3145898 -0.1111196 0.9427013 -0.2890153 -0.134711 0.9477992 -0.2031694 -0.4078955 0.8901368 -0.2354277 -0.2986642 0.9248641 -0.2642374 -0.203351 0.9427762 -0.2311251 -0.2959489 0.9268201 -0.3227725 -0.2914901 0.900473 -0.1805836 -0.1824453 0.9664902 -0.04791498 -0.9987078 0.01693809 -0.07159733 -0.9969304 0.03167861 -0.07138341 -0.9938445 0.08472013 -0.08826076 -0.9917129 0.09335738 -0.04324585 -0.9990189 -0.009552538 -0.04690819 -0.9988364 -0.01120054 -0.03076303 -0.9995236 0.002502501 -0.04680162 -0.9986811 0.02111488 -0.03820967 -0.9990987 0.01849442 -0.03650051 -0.9991263 0.02035605 -0.03039723 -0.9993861 0.01742649 -0.02466201 -0.9996946 -0.00162059 -0.03039669 -0.9994911 0.009674429 -0.0215429 -0.9997671 -0.001317739 -0.03125667 -0.999511 -0.001010358 -0.02553004 -0.99964 0.008266508 -0.0231471 -0.9997129 0.006201982 -0.05971372 -0.9982143 -0.001583576 -0.04429411 -0.9990168 -0.001943826 -0.02429515 -0.9996957 -0.004268407 -0.02408552 -0.9997075 -0.002198398 -0.02762132 -0.9996137 -0.003108441 -0.02946984 -0.9995643 0.00171256 -0.02955228 -0.9995627 0.001126825 -0.03147584 -0.9995026 0.001956224 -0.03215098 -0.9994813 0.001872658 -0.03099054 -0.9995189 0.001293599 -0.02923882 -0.9995694 -0.002502858 -0.002227902 -0.9999948 0.002349972 -0.01052892 -0.9999436 -0.001434326 -0.01178032 -0.9999276 0.002441525 -0.02616733 -0.9996547 0.00243026 -0.0286898 -0.9995876 0.001311123 -0.02985888 -0.9995542 3.29178e-4 -0.02896404 -0.9995803 5.83863e-4 -0.03006535 -0.9995475 -0.001014292 -0.02108269 -0.9997778 -1.4194e-4 -0.01013219 -0.9999437 0.00314337 -0.01388615 -0.9998981 0.003326535 -0.01300096 -0.9998572 -0.01080363 -8.85062e-4 -0.9999986 -0.00149542 -0.01040703 -0.999933 -0.005066156 -0.01934319 -0.9998114 0.001814424 -0.02120345 -0.9997751 3.62982e-4 -0.02120423 -0.999775 -7.03364e-4 -0.0217688 -0.9997611 -0.002001583 -0.01934075 -0.999811 -0.002013921 -0.02107745 -0.9997759 -0.002005338 -0.004547357 -0.9999662 -0.006866812 -0.01461851 -0.9998881 -0.003204464 -0.01071208 -0.9999218 -0.006469964 -0.009674429 -0.9999478 -0.003296017 2.44153e-4 -0.9999893 -0.00463885 -0.00967437 -0.9999429 -0.004547238 0.005141377 -0.9999806 -0.003553688 -0.003784358 -0.9999561 -0.008575797 9.46097e-4 -0.9999938 -0.003418147 -0.003875851 -0.9999466 -0.009582877 -0.024661 -0.9996922 -0.002752542 -0.0246607 -0.9996935 0.002200424 -0.0251398 -0.9996519 0.008012712 -0.01755291 -0.9998021 0.009364426 -0.02738142 -0.9994901 0.01642745 -0.009552419 -0.9999524 -0.002014219 -0.0169683 -0.9998503 -0.00338751 -0.01684629 -0.9998553 -0.00238043 -0.02332478 -0.9997266 -0.001633942 -0.03201073 -0.9994869 -0.001227796 -0.02178019 -0.9997593 -0.002675771 -0.02414041 -0.9996452 0.01126146 -0.02249264 -0.9996884 0.01083433 -0.02383565 -0.9996023 0.01507657 -0.02465784 -0.9995105 0.01926082 -0.02478992 -0.9995135 0.01893323 -0.02542209 -0.9995817 0.01379448 -0.02945107 -0.9995358 0.007812917 -0.02948129 -0.999466 0.01409971 -0.02951204 -0.9995642 -8.24018e-4 -0.03381472 -0.9994282 -2.4415e-4 -0.0339986 -0.9993591 -0.0112006 -0.03070193 -0.9994614 -0.01159715 -0.03817868 -0.9979875 -0.05063027 -0.04348951 -0.9978176 -0.04968488 -0.03817915 -0.9985178 -0.03878951 -0.03384554 -0.9991304 -0.0243541 -0.03821009 -0.9989869 -0.0237745 -0.05929857 -0.9970897 -0.04791498 -0.05035692 -0.9975562 -0.04843419 -0.05035644 -0.9974855 -0.04986816 -0.04351985 -0.9983322 -0.03793489 -0.05932921 -0.9975798 -0.03625673 -0.05939078 -0.998169 -0.01147526 -0.07162892 -0.9974036 -0.007446706 -0.05038744 -0.9979833 -0.038607 -0.1250383 -0.4935002 0.8607107 -0.1529318 -0.3416628 0.9272963 -0.05938982 -0.9978777 0.02670407 6.10372e-4 -0.9990257 -0.04412984 -0.009613513 -0.9997197 -0.02163815 -0.009613513 -0.9989565 -0.04464966 -0.009613573 -0.9984421 -0.05496543 6.10374e-4 -0.9985116 -0.05453693 -0.01907449 -0.9982226 -0.05646049 -0.01461845 -0.9984837 -0.05307215 -0.004211664 -0.9989925 -0.04468041 -0.01165819 -0.9983022 -0.05707025 -0.003357112 -0.9984742 -0.05511808 -0.001800596 -0.9987065 -0.05081427 -0.01007121 -0.998699 -0.04998987 -0.01217693 -0.9984492 -0.05432325 -0.002685606 -0.9989964 -0.04470974 -0.01705992 -0.9983274 -0.05523878 -0.01705986 -0.9988434 -0.04495388 -0.01263493 -0.9982215 -0.05826109 -0.01199394 -0.9982789 -0.05740636 -0.0137946 -0.9983695 -0.05539202 -0.01635807 -0.9992787 -0.03427267 -0.005493402 -0.9997408 -0.02209573 -0.02069211 -0.99902 -0.03912574 -0.01709043 -0.9996106 -0.02206504 -0.01712089 -0.9997579 0.01382488 6.10385e-4 -0.9997795 -0.02099722 -0.009582817 -0.9998512 0.01434373 -0.01846379 -0.9998219 -0.003906369 -0.01342844 -0.9999024 0.003875911 -0.006591975 -0.999881 0.01394695 -0.01706033 -0.9978625 0.06308358 -0.01944029 -0.9997277 -0.01290935 -0.021272 -0.9978008 0.06277835 -0.02056944 -0.9996954 0.01364177 -0.02041709 -0.9978131 0.06286877 -0.02035605 -0.9918933 0.1254324 -0.009582996 -0.9979177 0.06378513 6.40907e-4 -0.9978926 0.06488418 -0.009521961 -0.9919052 0.1266242 -0.01675474 -0.9801378 0.1976084 -0.01696836 -0.9919185 0.125737 -0.0205391 -0.9801704 0.19709 -0.02008163 -0.9801546 0.197215 6.40907e-4 -0.9797034 0.2004514 -0.009186208 -0.9624471 0.2713139 -0.009369492 -0.9800131 0.1987127 -0.01635813 -0.962781 0.2697874 -0.01980721 -0.9628939 0.2691525 -0.01712131 -0.9404843 0.3394057 7.01935e-4 -0.9618341 0.2736325 -0.009125113 -0.9397356 0.3417803 -0.019746 -0.9407297 0.3385821 -0.008850395 -0.9108631 0.4126137 7.32462e-4 -0.9385278 0.3452032 -0.003723323 -0.8763676 0.4816283 8.5453e-4 -0.9085789 0.4177125 -0.01846414 -0.881856 0.4711574 -0.01791483 -0.8508797 0.5250551 -0.01910495 -0.8814525 0.4718862 -0.01916593 -0.9127631 0.4080394 -0.01977616 -0.9124511 0.4087077 -0.02023404 -0.9405341 0.3390964 -0.02359104 -0.910835 0.412096 -0.04471051 -0.8099169 0.5848382 -0.06186217 -0.7737501 0.6304631 -0.04730486 -0.8560048 0.5147992 -0.03106796 -0.8331294 0.552205 -0.03631806 -0.8676666 0.4958182 -0.09094786 -0.7975335 0.5963799 -0.08124089 -0.7266516 0.6821858 -0.1022688 -0.6656782 0.7391982 -0.1322679 -0.5591021 0.8184804 -0.1601334 -0.6636671 0.7306869 -0.116645 -0.7537677 0.6467057 -0.02282798 -0.8283096 0.5598056 -0.2406753 -0.9706057 -2.13635e-4 -0.2404885 -0.9706519 6.40896e-4 -0.2407683 -0.9705812 0.001678526 -0.2406414 -0.9705922 0.006531 -0.2406157 -0.9705812 0.008728563 -0.2406091 -0.9705546 0.01144444 -0.2405844 -0.9705169 0.0147103 -0.2405834 -0.9704518 0.01852518 -0.2405541 -0.9703652 0.02292007 -0.2405234 -0.9702424 0.02789473 -0.153784 -0.9880451 0.01083415 -0.153786 -0.9879966 0.01458811 -0.2404608 -0.9700835 0.03341847 -0.2404318 -0.9698759 0.03915637 -0.2403404 -0.9696934 0.04394793 -0.2402473 -0.9695954 0.04654175 -0.2404291 -0.969621 0.04504609 -0.2404874 -0.9697931 0.040834 -0.2405521 -0.9700213 0.03454768 -0.2406436 -0.9702653 0.02600228 -0.2407044 -0.9704781 0.01529008 -0.2407676 -0.9705782 0.002990901 -0.2412213 -0.9704701 -9.15567e-5 -0.2409454 -0.9705264 -0.004882991 -0.241372 -0.9702186 0.02038645 -0.2411606 -0.9688237 0.05676519 -0.2401269 -0.9645974 0.1090459 -0.2375914 -0.9551573 0.1767057 -0.2328282 -0.937661 0.2580368 -0.1822618 -0.7468708 0.6395035 -0.2009702 -0.8163632 0.5414445 -0.2254462 -0.9096284 0.3489274 -0.1008968 -0.6109661 0.7852008 -0.08124125 -0.6985468 0.7109375 -0.2151605 -0.869798 0.4440242 -0.07318639 -0.8240032 0.5618385 -0.1538481 -0.9880946 -9.15581e-5 -0.08844417 -0.9960808 7.93495e-4 -0.1134992 -0.9935382 9.15563e-5 -0.1134691 -0.9935415 4.88302e-4 -0.1538778 -0.9880899 0 -0.1540315 -0.988066 1.22078e-4 -0.1538778 -0.9880897 4.88307e-4 -0.153818 -0.988098 0.001556456 -0.1537831 -0.9881001 0.003021299 -0.1537865 -0.9880912 0.005066156 -0.1537839 -0.9880748 0.00766015 -0.1537544 -0.9879286 0.01889121 -0.1537569 -0.9878228 0.02377462 -0.1537252 -0.9876927 0.0288406 -0.1537241 -0.987564 0.03296047 -0.1533561 -0.9875829 0.03408926 -0.1537224 -0.987614 0.03143417 -0.1537564 -0.9877585 0.02630764 -0.1537841 -0.9879233 0.01892161 -0.1538162 -0.988056 0.00927776 -0.1538177 -0.9880958 -0.00262463 -0.1538165 -0.9879661 -0.01623618 -0.153877 -0.9877486 -0.02597165 -0.1539983 -0.9877747 -0.02420145 -0.1541829 -0.9877842 0.02258419 -0.1539072 -0.9857324 0.06814885 -0.1529906 -0.9798357 0.1285145 -0.1476513 -0.9464271 0.2871845 -0.1429213 -0.9160333 0.3747755 -0.1509789 -0.9674917 0.2028921 -0.1363596 -0.8750759 0.4643796 -0.1134089 -0.9935485 -3.3571e-4 -0.08841395 -0.9960837 -5.49345e-4 -0.1134992 -0.9935377 -9.766e-4 -0.1134992 -0.9935378 -8.85044e-4 -0.1134088 -0.9935483 6.10381e-4 -0.1134387 -0.9935427 0.002166807 -0.1134714 -0.9935311 0.004516839 -0.1134694 -0.993514 0.007385551 -0.1134693 -0.9934825 0.01083421 -0.1134704 -0.9934306 0.01483231 -0.1134383 -0.9933554 0.01940989 -0.1134402 -0.99325 0.02420175 -0.1134395 -0.9931525 0.02792495 -0.1133475 -0.9931491 0.02841317 -0.1134404 -0.9932218 0.02533102 -0.1294618 -0.9914114 0.01852506 -0.1330309 -0.9909109 0.01995921 -0.13282 -0.9910228 0.01525962 -0.1191173 -0.9928577 0.006683707 -0.113624 -0.9934706 -0.01028501 -0.1134689 -0.9932348 -0.02468967 -0.113471 -0.992917 -0.03521931 -0.113744 -0.9934822 0.007446587 -0.1119743 -0.9777688 0.177285 -0.1099005 -0.9599283 0.2577978 -0.1136536 -0.9922713 0.04980731 -0.1131349 -0.9878475 0.1065732 -0.1275081 -0.8206238 0.5570623 -0.1069696 -0.9340389 0.3407769 -0.1029729 -0.8994111 0.4248016 -0.08847451 -0.9960784 1.22076e-4 -0.08856528 -0.9960697 -0.001220703 -0.08829259 -0.9960922 -0.002197384 -0.08853495 -0.9960719 -0.001556456 -0.08844423 -0.9960811 4.27267e-4 -0.08844393 -0.9960778 0.002594053 -0.08844298 -0.9960673 0.005279719 -0.08844369 -0.9960446 0.008545279 -0.0884428 -0.9960042 0.01239049 -0.08844518 -0.9959391 0.01681613 -0.08841246 -0.9958536 0.02142405 -0.09012281 -0.9956239 0.02472043 -0.06656247 -0.9976437 0.01663297 -0.09814906 -0.9948579 0.02499502 -0.111395 -0.9934604 0.02505624 -0.1392891 -0.9901309 0.01547312 -0.1342552 -0.9908153 0.01614481 -0.09839463 -0.9951474 4.88311e-4 -0.07956182 -0.9967663 -0.01126134 -0.08829057 -0.995978 -0.01525932 -0.08841258 -0.9956412 -0.02969461 -0.08841323 -0.9952516 -0.04071217 -0.08847522 -0.9952322 -0.04104834 -0.08853507 -0.9956765 -0.02810782 -0.08746761 -0.9829577 0.1616899 -0.08862578 -0.9960638 -0.001556396 -0.08856588 -0.9953136 0.03882002 -0.09753906 -0.853528 0.5118361 -0.08606296 -0.9670187 0.2397251 -0.08401811 -0.9438229 0.3195924 -0.02285873 -0.8789798 0.4763111 -0.02127158 -0.8468965 0.5313322 -0.08127152 -0.9130609 0.3996434 -0.06643992 -0.9977895 0.00137335 -0.07178056 -0.9974204 1.52595e-4 -0.07141399 -0.9974462 -0.001068115 -0.07159817 -0.9974305 -0.00250256 -0.07147455 -0.9974398 -0.002288877 -0.07150512 -0.99744 -6.40891e-4 -0.07150506 -0.9974395 0.001342773 -0.06772148 -0.9976941 0.004486262 -0.06045871 -0.9981649 0.003418147 -0.06448745 -0.9978924 0.007233083 -0.06213736 -0.9980128 0.01046812 -0.06180018 -0.9979898 0.01403856 -0.08294957 -0.9963409 0.02060002 -0.1055344 -0.9942148 0.01998984 -0.133551 -0.9907984 0.0219736 -0.1695032 -0.9853713 0.01767057 -0.06802666 -0.9976027 -0.01269584 -0.07159721 -0.997265 -0.01834183 -0.07147508 -0.9968976 -0.03296029 -0.07147651 -0.9964601 -0.04425317 -0.07150632 -0.9964197 -0.0451073 -0.05923753 -0.9951361 0.0787087 -0.07156622 -0.9968922 -0.03292959 -0.07760983 -0.8725996 0.4822309 -0.07083493 -0.985921 0.1514665 -0.06976646 -0.9712069 0.2277939 -0.06827044 -0.9497438 0.3054928 -0.06622666 -0.9214661 0.3827717 -0.05627781 -0.998413 0.002105832 -0.05920672 -0.9982442 0.001800596 -0.06149661 -0.9981073 0 -0.05920642 -0.9982391 -0.003662228 -0.06494486 -0.997887 -0.001922667 -0.07168936 -0.9974253 -0.001861631 -0.07745712 -0.9969937 -0.002014219 -0.08127206 -0.9966895 -0.002227842 -0.0842626 -0.9964413 -0.00213629 -0.08642917 -0.996255 -0.002441465 -0.0853914 -0.9963449 -0.00225836 -0.08264625 -0.9965772 -0.001892149 -0.0777933 -0.9969693 -8.24017e-4 -0.07123184 -0.9974597 5.18827e-4 -0.05435353 -0.9985061 0.005584895 -0.04791456 -0.998821 0.007812798 -0.04574751 -0.998877 0.01232951 -0.05661267 -0.998306 -0.01342833 -0.05914622 -0.9980393 -0.02047836 -0.05929929 -0.9976199 -0.03518891 -0.05926793 -0.997148 -0.04672461 -0.05044847 -0.9986237 -0.01434409 -0.06354022 -0.8846197 0.461964 -0.05881005 -0.9877769 0.1443547 -0.05981796 -0.8416024 0.5367749 -0.05798673 -0.9739027 0.219434 -0.05679541 -0.9536205 0.295605 -0.05520999 -0.9270647 0.3708137 -0.05292069 -0.998596 0.00238049 -0.07107859 -0.997451 -0.006286859 -0.08346855 -0.9964955 -0.005462825 -0.0934484 -0.9956133 -0.00463885 -0.1010167 -0.9948775 -0.003814816 -0.1061156 -0.9943495 -0.002929806 -0.1086793 -0.9940754 -0.001739561 -0.1053822 -0.9944314 -8.24013e-4 -0.09863644 -0.9951235 3.05187e-4 -0.08884048 -0.9960451 0.001281738 -0.07422226 -0.99724 0.001922667 -0.05581378 -0.9984232 0.00599122 -0.05050837 -0.9984799 -0.02206498 -0.05035585 -0.9980541 -0.03677505 -0.0504477 -0.998456 0.02325534 -0.05032545 -0.9959506 0.07449638 -0.05316364 -0.8927041 0.4474965 -0.04996025 -0.9889819 0.1393517 -0.04931813 -0.9756823 0.2135697 -0.04834216 -0.956223 0.2886187 -0.04672509 -0.9309628 0.3621122 -0.05383539 -0.9985489 0.001403868 -0.05417174 -0.998531 0.001129209 -0.04352033 -0.9977329 -0.05133324 -0.01913553 -0.9998099 0.00375384 -0.04355019 -0.9982376 -0.04031521 -0.04351973 -0.9987883 -0.02298063 -0.043581 -0.998915 -0.01641917 -0.04358154 -0.9988356 0.02069205 -0.04348921 -0.9964984 0.07141387 -0.04501616 -0.8985233 0.4366113 -0.04321444 -0.9898132 0.1356557 -0.0423603 -0.9769729 0.2091159 -0.04156726 -0.958154 0.2832192 -0.03851515 -0.9343743 0.3542053 -0.03399825 -0.9993789 0.00927776 -0.03820925 -0.9992697 3.05186e-4 -0.03817868 -0.9978961 -0.05240035 -0.03820943 -0.9992139 -0.01055943 -0.03820997 -0.9984036 -0.0415976 -0.03824055 -0.9991069 -0.0179758 -0.03823995 -0.9990918 0.01879954 -0.03817939 -0.9968771 0.06912583 -0.03720349 -0.9034134 0.4271536 -0.03796571 -0.9904047 0.13288 -0.03546321 -0.9781391 0.2049056 -0.03482246 -0.9599232 0.2780917 -0.04583966 -0.9987679 0.01901334 -0.03613495 -0.9990525 0.0242629 -0.04576534 -0.9988191 0.01631623 -0.06356823 -0.997765 0.02059948 -0.03626227 -0.999142 0.02001166 -0.06301599 -0.9978693 0.0169093 -0.03588277 -0.9991546 0.02006691 -0.03384566 -0.999256 0.01849454 -0.03381532 -0.9993222 0.01455765 -0.02948141 -0.9992551 -0.02490353 -0.0338146 -0.9993935 0.008331537 -0.0338152 -0.9986488 -0.03946125 -0.03378504 -0.9981084 -0.05136424 -0.03583669 -0.9978395 -0.05506652 -0.03393715 -0.9980041 -0.05325573 -0.03384554 -0.9985213 -0.04254347 -0.03384518 -0.9992428 -0.01919621 -0.0338453 -0.9992774 0.01730412 -0.03583461 -0.9978396 -0.05506622 -0.03378498 -0.997161 0.06729531 -0.03347927 -0.990859 0.1306822 -0.03091591 -0.9372752 0.347217 -0.02772808 -0.9996129 -0.002287864 -0.0329445 -0.9994548 -0.002230703 -0.04043442 -0.9991729 -0.004313588 -0.03218358 -0.9994819 -2.92329e-4 -0.04118138 -0.9991462 -0.003335475 -0.03070211 -0.9995282 9.1557e-4 -0.03048855 -0.9995306 0.003051877 -0.03698897 -0.9993131 0.002288877 -0.0321837 -0.9994793 -0.002335548 -0.03218322 -0.999482 -2.92091e-4 -0.03393763 -0.999407 0.005824089 -0.05216443 -0.9986316 0.003721833 -0.0308243 -0.9993487 0.01876926 -0.03588575 -0.999206 0.01731115 -0.03236466 -0.9992776 0.01992136 -0.03195881 -0.9992953 0.01968783 -0.02954226 -0.9994015 0.01800608 -0.02942019 -0.9987624 -0.04010182 -0.02945059 -0.9982079 -0.05209553 -0.0321325 -0.9979161 -0.05595529 -0.03064066 -0.9980797 -0.05383473 -0.02948158 -0.9986215 -0.04342889 -0.02945125 -0.9993596 -0.02032595 -0.02948141 -0.9994389 0.01590043 -0.03172397 -0.9979394 -0.05577212 -0.02969479 -0.9078134 0.4183217 -0.02941995 -0.9974113 0.06561511 -0.02929836 -0.991231 0.1288518 -0.0285663 -0.874782 0.4836739 -0.02923685 -0.9790993 0.2012705 -0.02865749 -0.9613545 0.2738181 -0.0245071 -0.9621865 0.2712873 -0.0257889 -0.939023 0.3428862 -0.03233855 -0.9994767 -7.57114e-4 -0.02684795 -0.9996334 -0.003529429 -0.02939629 -0.9995657 0.002093493 -0.02892512 -0.9995797 0.002005696 -0.03184807 -0.9994917 0.001508295 -0.02524983 -0.9996804 -0.001287698 -0.02387714 -0.9997099 -0.003195047 -0.02846133 -0.9995949 -2.29355e-4 -0.0296247 -0.9995494 -0.004852831 -0.02902269 -0.9995765 -0.00212419 -0.03480058 -0.9993823 -0.004910051 -0.02876788 -0.9995814 -0.003088355 -0.02924227 -0.9995639 -0.004123866 -0.02961349 -0.9995502 -0.004736185 -0.02924215 -0.9995723 -4.7534e-4 -0.02856773 -0.999589 0.002432465 -0.03610384 -0.999342 -0.00350964 -0.05368316 -0.9985559 -0.002075254 -0.04974627 -0.9987412 -0.006439507 -0.02924203 -0.9995646 -0.003957092 -0.03218293 -0.9994794 0.00232774 -0.02924221 -0.9995692 -0.00250405 -0.03218179 -0.9994748 0.003821313 -0.02924335 -0.9995722 -4.75882e-4 -0.02786439 -0.9994646 0.01715141 -0.02923852 -0.9994146 0.01776653 -0.03178942 -0.9992994 0.0197547 -0.0292375 -0.9993795 0.01964098 -0.0292378 -0.9993919 0.01900202 -0.02710092 -0.9995604 -0.01202446 -0.02697873 -0.9981523 -0.05444574 -0.02889496 -0.9980182 -0.05590057 -0.02537769 -0.9996754 -0.002290129 -0.02495443 -0.9996843 -0.002953708 -0.02722084 -0.9996275 0.002018928 -0.0272029 -0.999629 0.001468896 -0.02668768 -0.9996424 0.001745343 -0.02658587 -0.9996459 0.001149833 -0.0264821 -0.9996493 3.36877e-4 -0.02777034 -0.9996144 4.29533e-5 -0.02730494 -0.9996269 7.66895e-4 -0.02691948 -0.9996368 -0.001285851 -0.02946138 -0.9995632 -0.002347767 -0.02740579 -0.9996244 -1.49879e-4 -0.0297479 -0.9995511 -0.003579556 -0.02748936 -0.9996211 -0.001430869 -0.02691912 -0.999625 -0.005036652 -0.02924287 -0.9995592 -0.005137741 -0.02994698 -0.9995399 -0.004841625 -0.02691942 -0.9996348 -0.002389013 -0.02895456 -0.9995691 -0.004848897 -0.02717673 -0.9996231 -0.003912925 -0.02924209 -0.9995646 -0.003957152 -0.02924185 -0.9995602 -0.004935979 -0.02691912 -0.999625 -0.005040824 -0.02924221 -0.9995692 -0.002503931 -0.02691972 -0.9996293 -0.004074037 -0.02924335 -0.9995701 0.002130627 -0.02691876 -0.9996342 -0.002632141 -0.02978897 -0.9995467 0.004395246 -0.02691954 -0.9996351 0.00225383 -0.02923744 -0.9993795 0.01964104 -0.02691489 -0.9994484 0.01945883 -0.02691429 -0.9994487 0.01944303 -0.02539181 -0.9996501 0.007416069 -0.02691447 -0.9994487 0.01944291 -0.02542221 -0.999676 -0.001312255 -0.02735996 -0.9994422 0.01915222 -0.02710634 -0.9994945 0.01661354 -0.02545303 -0.9993527 -0.02542251 -0.02545267 -0.9988504 -0.0406205 -0.02707421 -0.9980086 -0.05697131 -0.02542209 -0.9986956 -0.04428267 -0.02548366 -0.9994483 -0.02130252 -0.02533107 -0.9982903 -0.05267649 -0.02548354 -0.9995666 0.01474076 -0.02545303 -0.9976136 0.06418198 -0.02530062 -0.9915773 0.127022 -0.02499514 -0.9796652 0.1990765 -0.02240127 -0.9400308 0.3403533 -0.02670717 -0.999641 0.002137243 -0.02442526 -0.9996993 0.002177298 -0.02498257 -0.9996858 0.002061784 -0.02466118 -0.9996945 0.001658499 -0.02466118 -0.9996955 7.8023e-4 -0.02528721 -0.9996792 0.001487374 -0.02466142 -0.9996958 -1.52615e-4 -0.02466148 -0.9996956 7.80151e-4 -0.02377402 -0.999717 -9.29292e-4 -0.02762401 -0.999615 -0.002624452 -0.02464306 -0.9996963 -1.45343e-4 -0.02666133 -0.9996379 -0.003655791 -0.02508324 -0.9996846 -0.001301407 -0.02630567 -0.9996422 -0.004848957 -0.02371513 -0.9997162 -0.002318978 -0.02466189 -0.9996922 -0.002753317 -0.02466183 -0.9996913 -0.003045678 -0.0243991 -0.999695 -0.003846704 -0.0269193 -0.9996294 -0.004074037 -0.02691966 -0.999625 -0.00503683 -0.02512872 -0.9996715 -0.005070805 -0.02691882 -0.9996375 -6.1549e-4 -0.0269196 -0.9996342 -0.002632379 -0.02466118 -0.9996836 -0.004969 -0.02466094 -0.9996872 -0.004183709 -0.02664273 -0.9996424 0.00232768 -0.02691972 -0.9996374 -6.15744e-4 -0.02466201 -0.9996956 -7.46435e-4 -0.02530646 -0.999669 0.004642605 -0.02600246 -0.9995399 0.01562589 -0.02572751 -0.9995892 0.01263487 -0.02691531 -0.9994871 0.01736098 -0.02500706 -0.9995591 0.01601141 -0.02465897 -0.9995478 0.01721495 -0.02495378 -0.9995068 0.01906323 -0.02395707 -0.9996367 -0.01236003 -0.0238046 -0.9982063 -0.05493366 -0.02502095 -0.9980962 -0.05637431 -0.01455783 -0.8486893 0.5286912 -0.02282595 -0.9997382 -0.001623749 -0.02255338 -0.9997442 0.001679956 -0.02466195 -0.9996923 -0.002675712 -0.02466171 -0.999688 -0.003977775 -0.02521121 -0.9996692 -0.005100429 -0.02512872 -0.9996712 -0.005111932 -0.02466118 -0.9996871 -0.004183828 -0.02372586 -0.9997051 -0.005195498 -0.02530932 -0.999678 0.001877307 -0.02466088 -0.9996957 -7.45291e-4 -0.02346181 -0.9996885 0.008515775 -0.02508974 -0.9995419 0.01692318 -0.0234676 -0.9997122 0.004997253 -0.02333992 -0.9996901 0.008660972 -0.02255362 -0.9996547 0.01348942 -0.02255374 -0.9997201 0.00714147 -0.0228281 -0.9997383 -0.001525938 -0.02371609 -0.999583 0.01647895 -0.02279776 -0.9994091 -0.02572757 -0.022798 -0.9989008 -0.04095703 -0.02368122 -0.9980821 -0.0571959 -0.02279776 -0.9987372 -0.04477149 -0.02249258 -0.9983422 -0.05298119 -0.02282828 -0.9995006 -0.02185165 -0.02282798 -0.999641 0.01403856 -0.02279776 -0.9977324 0.06332725 -0.02264493 -0.9917703 0.1260122 -0.02237051 -0.9799698 0.1978861 -0.02197355 -0.9626265 0.2699395 -0.02385461 -0.9997099 -0.003359138 -0.02315104 -0.9997301 0.001986861 -0.02272355 -0.9997405 0.001633644 -0.02295267 -0.9997363 7.88357e-4 -0.02300721 -0.9997354 -2.31634e-5 -0.0227589 -0.9997405 -0.001041889 -0.02254164 -0.9997455 9.58639e-4 -0.02297723 -0.999736 -7.3601e-6 -0.0227195 -0.9997411 -0.001320362 -0.02292066 -0.9997256 -0.004852414 -0.02223438 -0.9997498 -0.002461016 -0.02372586 -0.9997053 -0.005168914 -0.02292078 -0.9997298 -0.0038836 -0.02271944 -0.9997328 -0.004273056 -0.02271938 -0.9997379 -0.002851366 -0.02238374 -0.999736 -0.005194783 -0.02271991 -0.9997416 -8.51123e-4 -0.02271974 -0.9997405 0.001726388 -0.02271932 -0.9997284 -0.005209207 -0.02262967 -0.9997342 0.004412412 -0.02271914 -0.9997329 -0.004272937 -0.02271997 -0.9997379 -0.002851843 -0.02271974 -0.9997416 -8.5075e-4 -0.02271664 -0.9995961 0.01707768 -0.02263104 -0.9997423 0.001812815 -0.02271544 -0.9995621 0.01896446 -0.02253925 -0.9996237 0.01563674 -0.02194309 -0.9996466 0.01501524 -0.02271604 -0.9995962 0.01707834 -0.02242892 -0.9995661 0.01909822 -0.02265906 -0.9995654 0.01886254 -0.02197366 -0.9996799 -0.01254326 -0.02188187 -0.9982351 -0.05520826 -0.02268433 -0.9981288 -0.05678319 -0.02279961 -0.9997379 0.002130746 -0.02133727 -0.9997721 -7.77716e-4 -0.02173644 -0.9997614 0.002195596 -0.02181243 -0.9997611 0.00143671 -0.02098792 -0.9997798 -7.40143e-6 -0.02271944 -0.9997392 -0.002333164 -0.02342939 -0.9997208 -0.003069043 -0.02291828 -0.9997299 -0.003881931 -0.02170246 -0.9997528 -0.004860818 -0.0223838 -0.9997371 -0.004989326 -0.02102768 -0.9997777 -0.001617491 -0.0210582 -0.9994416 -0.02594125 -0.02105778 -0.9989328 -0.04110842 -0.0210886 -0.9987637 -0.04501545 -0.02111917 -0.9995308 -0.02218735 -0.02111917 -0.9996835 0.01367253 -0.02108883 -0.9977989 0.06286978 -0.0209667 -0.9918766 0.1254647 -0.02072209 -0.9801359 0.1972418 -0.02032566 -0.962876 0.269178 -0.02140247 -0.9997684 0.002283453 -0.02107882 -0.9997757 0.002054452 -0.02122479 -0.9997733 0.00170964 -0.0211001 -0.9997771 8.57749e-4 -0.02092033 -0.9997811 1.47105e-5 -0.02032786 -0.9997931 -7.2019e-4 -0.02140307 -0.9997708 5.37467e-4 -0.0216155 -0.9997662 -7.15256e-4 -0.0214436 -0.9997685 -0.001763045 -0.02106064 -0.9997752 -0.00243026 -0.02152818 -0.99976 -0.004060387 -0.02133721 -0.999763 -0.004332005 -0.02133762 -0.999763 -0.004336118 -0.02133715 -0.9997681 -0.002916216 -0.02133715 -0.9997588 -0.005227148 -0.02133727 -0.999772 -9.19945e-4 -0.02133834 -0.9997714 0.001345217 -0.02133709 -0.9997586 -0.005260705 -0.02133709 -0.999763 -0.004331946 -0.02142506 -0.999734 0.008545219 -0.02133733 -0.9997681 -0.002916276 -0.02096682 -0.9997238 0.01062071 -0.02133834 -0.9997719 -9.20964e-4 -0.0213139 -0.9996286 0.01699078 -0.02105706 -0.9995976 0.01900899 -0.02142238 -0.9997571 0.005179882 -0.02133333 -0.9996035 0.01838093 -0.02142167 -0.999734 0.008549392 -0.02084428 -0.9996715 0.01492363 -0.02084475 -0.9996939 0.01333695 -0.02105772 -0.9996287 0.01729512 -0.02087467 -0.9997578 0.006988704 -0.02133327 -0.9995995 0.0185967 -0.02075278 -0.9997048 -0.01263475 -0.02138185 -0.9996383 0.01631695 -0.02136605 -0.9981242 -0.05737322 -0.02078354 -0.9982517 -0.05533123 -0.02081394 -0.9983689 -0.05316412 -0.02127307 -0.9981313 -0.05728489 -0.01660221 -0.9122681 0.4092572 -0.0152288 -0.8806794 0.4734678 -0.02253013 -0.9997462 -1.32124e-4 -0.0216307 -0.999766 4.01534e-4 -0.02071142 -0.9997844 0.001507401 -0.02103132 -0.999778 -0.001333057 -0.0211057 -0.9997743 -0.002476871 -0.02106058 -0.9997723 -0.003436803 -0.02178508 -0.9997513 -0.004793822 -0.02133756 -0.9997587 -0.005227327 -0.02133715 -0.9997586 -0.005260527 -0.003326594 -0.8406896 0.5415071 -0.02052772 -0.9997867 0.002247929 -0.02075964 -0.9997826 0.001987874 -0.02055835 -0.9997863 0.002151191 -0.02073097 -0.9997851 -5.97696e-5 -0.02049642 -0.9997895 9.58662e-4 -0.02037298 -0.9997925 3.64312e-4 -0.02053815 -0.9997891 -2.21969e-4 -0.02035027 -0.9997927 -7.37686e-4 -0.02051562 -0.9997887 -0.001323759 -0.02051585 -0.9997875 -0.001996099 -0.0205149 -0.9997836 -0.00348103 -0.02051544 -0.999776 -0.005228996 -0.0205155 -0.9997758 -0.005250871 -0.02050501 -0.9997803 -0.00434637 -0.02050471 -0.9997855 -0.002951145 -0.0206018 -0.9997738 -0.005285918 -0.02046489 -0.9997903 -8.86004e-4 -0.02051544 -0.9997801 -0.004364252 -0.02054673 -0.9997875 0.001641929 -0.02050507 -0.9997855 -0.0029518 -0.0205152 -0.9997789 0.004635512 -0.02050489 -0.9997893 -9.58832e-4 -0.02046197 -0.9997538 0.008590579 -0.02047473 -0.9997886 0.001921474 -0.02055352 -0.9997786 0.004515588 -0.02051466 -0.9997534 0.008502721 -0.02051168 -0.9996089 0.01901161 -0.02069157 -0.9997289 0.0106815 -0.02069461 -0.9996151 0.01847535 -0.02051192 -0.9996111 0.01889383 -0.02069699 -0.9996634 0.0156418 -0.02017337 -0.9629207 0.2690294 -0.02045559 -0.9997881 0.002294957 -0.02038931 -0.9997906 -0.001772642 -0.02051579 -0.9997857 -0.002759635 -0.02051484 -0.9997801 -0.004354894 -0.02060174 -0.9997735 -0.005349993 -0.02051562 -0.9997801 -0.004356324 -0.02063095 -0.9987705 -0.04507678 -0.02057003 -0.9995402 -0.02227914 -0.02069211 -0.9996938 0.01358109 -0.02063071 -0.9978144 0.06277728 -0.0207833 -0.9918923 0.1253713 -0.02029472 -0.9997919 0.002114534 -0.02044731 -0.9997898 0.001528441 -0.02044731 -0.9997906 9.17981e-4 -0.02040708 -0.9997906 0.001569747 -0.02065515 -0.9997867 4.92604e-5 -0.02039057 -0.9997782 -0.005292356 -0.02084416 -0.9997579 0.007049739 -0.02084463 -0.9994462 -0.02594137 -0.02084422 -0.998936 -0.04113912 -0.02078336 -0.9983663 -0.05322504 -0.02039796 -0.9981434 -0.05739068 -0.009796738 -0.8523805 0.5228304 -0.020545 -0.9997864 0.002247512 -0.02049589 -0.9997873 0.00228548 -0.02040708 -0.9997898 0.002012312 -0.02048259 -0.9997903 -1.89401e-4 -0.02039062 -0.9997783 -0.005254209 -0.02050298 -0.9997837 -0.003495216 -0.02075278 -0.9996742 0.01486265 -0.02050024 -0.9996462 0.0169472 -0.02047908 -0.9996176 0.0185849 -0.02044981 -0.9996452 0.0170685 -0.02045387 -0.9996646 0.01588511 -0.0204997 -0.9996094 0.01899743 -0.02072262 -0.9997839 -0.001678526 -0.02048003 -0.9996652 0.01581567 -0.02069175 -0.9997062 -0.01263475 -0.02069157 -0.9996961 0.01339763 -0.02046281 -0.9981321 -0.05756431 -0.02099704 -0.9982457 -0.05536144 -0.0204696 -0.9997878 0.002326905 -0.02048254 -0.9997901 -6.5886e-4 -0.02050298 -0.9997861 -0.002744495 -0.0208888 -0.9997817 5.06933e-4 -0.02067542 -0.9997837 0.00224775 -0.02069938 -0.9997837 0.002034962 -0.02072322 -0.9997833 0.002021431 -0.02068245 -0.999785 0.001528561 -0.02068245 -0.9997859 8.0355e-4 -0.02069938 -0.9997847 0.001518547 -0.02057272 -0.9997884 3.63949e-4 -0.02068662 -0.9997857 7.98289e-4 -0.02057194 -0.9997875 -0.001323282 -0.0205717 -0.9997864 -0.001995682 -0.02057164 -0.9997849 -0.002649247 -0.02057158 -0.9997789 -0.004355132 -0.02067834 -0.9997721 -0.005309224 -0.02067834 -0.9997732 -0.005109667 -0.02066248 -0.9997774 -0.004282355 -0.0206626 -0.9997822 -0.002945661 -0.02078151 -0.9997692 -0.005467414 -0.02067852 -0.9997768 -0.00431782 -0.0206626 -0.9997822 -0.002945542 -0.02067899 -0.9997765 0.004407227 -0.0206626 -0.9997864 -6.25011e-4 -0.02067834 -0.9997472 0.008844316 -0.02056837 -0.9996097 0.01891016 -0.02056843 -0.9996135 0.01870346 -0.02118015 -0.9995282 -0.02224832 6.40898e-4 -0.9917744 0.1279965 -0.05432432 -0.8745914 0.481808 -0.04709184 -0.8684682 0.4935033 -0.01935976 -0.9998101 0.002233564 -0.02120381 -0.9997745 0.001204252 -0.0205717 -0.9997875 -0.001322984 -0.02057182 -0.9997881 -7.82079e-4 -0.0205717 -0.9997864 -0.001995503 -0.02057158 -0.999782 -0.003588974 -0.0206784 -0.9997759 -0.00455594 -0.02078151 -0.9997704 -0.005223989 -0.02088874 -0.9997792 0.002320408 -0.02119421 -0.9997743 -0.001495361 -0.02106595 -0.9997756 0.002256989 -0.02106666 -0.999776 0.002031624 -0.021066 -0.9997761 0.002032041 -0.02110904 -0.9997761 0.001503884 -0.02106666 -0.9997769 0.001526296 -0.02106177 -0.9997779 8.10589e-4 -0.02107459 -0.9997777 7.97099e-4 -0.02105927 -0.9997782 -9.26062e-5 -0.02108275 -0.9997776 -5.11859e-4 -0.02120429 -0.9997744 -0.001319646 -0.02120387 -0.9997733 -0.001990497 -0.02120441 -0.9997708 -0.00297445 -0.02120471 -0.999769 -0.003503739 -0.01794499 -0.9997937 0.009521842 -0.02104938 -0.9996345 0.01696342 -0.02108699 -0.9997427 0.008367478 -0.02105146 -0.9995948 0.01916289 -0.02639865 -0.9995785 0.01208537 -0.02114939 -0.9996064 0.01843297 -0.02105408 -0.9996346 0.01695322 -0.0210523 -0.9996519 0.0159024 -0.02114915 -0.9995959 0.01899546 -0.07663345 -0.9969978 0.01107841 -0.02105337 -0.9996045 0.01864326 -0.02105665 -0.999652 0.01589316 -0.08496481 -0.9963837 -7.62975e-4 -0.07840359 -0.9968763 -0.009521961 -0.02130204 -0.998755 -0.04510664 -0.02130228 -0.9996814 0.0135504 -0.007446706 -0.9979534 0.06351083 -0.0249949 -0.9990639 0.03531026 -0.01617485 -0.9987525 0.04724282 -0.01848506 -0.999829 7.01856e-4 -0.02148258 -0.9997638 -0.003320932 -0.02172589 -0.9997624 0.001836538 -0.02169853 -0.9997646 3.47696e-4 -0.02120393 -0.9997743 -0.001319169 -0.02120447 -0.9997732 -0.001991391 -0.02108281 -0.9997741 -0.002720355 -0.02120459 -0.9997661 -0.004271686 -0.02108275 -0.9997723 -0.003313601 -0.02127605 -0.99976 -0.005235433 -0.02132463 -0.9997683 -0.002927362 -0.02132302 -0.9997721 -0.001144945 -0.02132993 -0.9997631 -0.004351198 -0.02123343 -0.9997732 0.001667678 -0.0213322 -0.9997681 -0.002941727 -0.02123409 -0.9997623 0.004950106 -0.0212534 -0.9997738 -9.58193e-4 -0.02125477 -0.9997729 0.001610755 -0.01019322 -0.9407086 0.3390628 -0.03680634 -0.953792 0.298205 -0.01922696 -0.9474622 0.3192897 -0.02119415 -0.9997727 0.00230062 -0.01799911 -0.9998371 -0.001415848 -0.02167475 -0.9997501 -0.005483865 -0.02156519 -0.9997651 0.002203881 -0.02147948 -0.9997674 0.002010643 -0.02155596 -0.9997652 0.002212107 -0.02146846 -0.9997676 0.002028822 -0.02147948 -0.999768 0.001631557 -0.02173358 -0.9997636 -7.15446e-4 -0.02137571 -0.9997617 -0.004448175 -0.0214163 -0.9997568 -0.005259633 -0.02137219 -0.9997625 -0.004272758 -0.02134859 -0.9997569 -0.005516409 -0.02137261 -0.9997583 -0.005180895 -0.02136945 -0.9997606 0.004713237 -0.08386731 -0.9964584 0.006073355 -0.06192284 -0.9978765 -0.02020347 -0.0212593 -0.9981402 -0.05713385 -0.03280752 -0.9989361 -0.0324108 -0.02121078 -0.9983425 -0.05350005 -0.01538145 -0.999002 -0.04193282 -0.00827074 -0.9919435 0.1264116 -0.02304196 -0.9967271 0.07748824 -0.01001036 -0.912347 0.4092957 -0.0269792 -0.934904 0.3538737 -0.02337759 -0.90657 0.4214078 -0.009491384 -0.8824889 0.4702376 -0.02148264 -0.9997668 0.00224775 -0.01753944 -0.999841 -0.003230631 -0.02160048 -0.9997358 -0.0078547 -0.02116841 -0.9997743 0.001770496 -0.02107846 -0.9997771 0.001189291 -0.02107727 -0.9997777 -7.16809e-4 -0.02137219 -0.9997588 -0.005059659 -0.01060938 -0.99993 -0.005251049 0.003843367 -0.9999754 -0.005874276 0.02050501 -0.9997719 -0.005979359 0.03806 -0.9992603 -0.005520701 0.05456089 -0.9985005 -0.004447579 0.06728303 -0.9977304 -0.002667546 0.07089626 -0.9974838 -7.8635e-5 0.0624687 -0.9980413 0.003379583 -0.02137064 -0.9997335 0.00873661 -0.001441538 -0.9998281 0.0184881 -0.02269482 -0.9996601 0.01283597 -0.04361021 -0.9988995 0.01726323 -0.06926935 -0.9974089 0.01941978 -0.09622102 -0.9951766 0.01910799 -0.1208291 -0.9925385 0.01636493 -0.1395756 -0.9901469 0.01130509 -0.1490262 -0.9888288 0.002960324 -0.1451802 -0.9894048 -9.76617e-4 -0.1244269 -0.9922108 -0.005981743 -0.0822488 -0.9965382 -0.01211601 -0.02159476 -0.9981122 -0.05749666 -0.02633804 -0.9989538 -0.03738594 -0.02395731 -0.9898198 0.1402954 -0.0100103 -0.9803398 0.1970629 -0.01013249 -0.9629248 0.2695799 -0.03048843 -0.9746543 0.2216289 -0.01708847 -0.9998396 -0.005383312 -0.02132511 -0.9997196 -0.01030653 -0.02166306 -0.9997647 0.001187384 -0.02151715 -0.9997673 0.001618146 -0.01934009 -0.9998129 3.49938e-4 -0.0216487 -0.9997649 0.001202642 -0.0215432 -0.9997676 8.09346e-4 -0.02168464 -0.9997649 3.6224e-4 -0.0215435 -0.999768 -1.41749e-4 -0.021721 -0.9997638 -7.0219e-4 -0.02154237 -0.9997627 -0.00323832 -0.02175563 -0.9997614 -0.001987695 -0.02155786 -0.9997584 -0.004303574 -0.01994806 -0.9998001 -0.001419067 -0.007787883 -0.999969 -0.001179218 0.007714033 -0.9999698 -9.3992e-4 0.02545416 -0.9996758 -6.98868e-4 0.04364293 -0.9990471 -4.60065e-4 0.06003814 -0.9981961 -2.54447e-4 0.0724762 -0.9973702 1.59393e-4 0.05605715 -0.9984275 4.92523e-4 -0.01266765 -0.9999195 7.35413e-4 -0.03067815 -0.9995288 9.74546e-4 -0.05534297 -0.9984667 0.001214444 -0.08331412 -0.9965223 0.001452565 -0.1106479 -0.9938583 0.001691162 -0.1211305 -0.9926047 0.007965445 -0.1398378 -0.9901566 0.005951166 -0.02111917 -0.9983084 -0.05417126 -0.02047836 -0.9985275 -0.05023461 -0.02041691 -0.9982627 -0.05526912 -0.02146923 -0.9981314 -0.05720949 -0.02047842 -0.998775 -0.0450465 -0.02044743 -0.9995447 -0.02218699 -0.02145516 -0.9994205 0.02642983 -0.02859622 -0.9569528 0.2888315 -0.03409016 -0.8745346 0.4837636 -0.02737557 -0.8683288 0.4952331 -0.01663261 -0.9998315 -0.007771432 -0.02092504 -0.9996994 -0.01278388 -0.02168637 -0.9997624 0.002240002 -0.0193392 -0.9998123 0.001194834 -0.01934134 -0.9998127 -7.19915e-4 -0.02179104 -0.9997565 -0.003496825 -0.02154248 -0.9997643 -0.002716183 -0.02154225 -0.9997586 -0.004325032 -0.02273261 -0.9997293 -0.004964053 -0.03299111 -0.9956237 0.08743709 -0.01870799 -0.9944546 0.1034892 -0.04651153 -0.9335572 0.3553981 -0.02630764 -0.9248269 0.3794772 -0.03723335 -0.880447 0.4726806 -0.01617968 -0.9998168 -0.01023077 -0.0193268 -0.9997059 -0.01464998 -0.0213378 -0.9997699 0.002242326 -0.01705992 -0.9998535 0.001403808 -0.01709043 -0.9998518 0.002075254 -0.009460866 -0.9999538 0.001739561 -0.02122044 -0.9997724 0.002207815 -0.02107846 -0.9997763 0.001806437 -0.01696842 -0.9998561 -3.05188e-5 -0.0170294 -0.9998548 7.62968e-4 -0.009643971 -0.9999533 7.93493e-4 -0.02107763 -0.9997771 0.001189708 -0.02107763 -0.9997779 3.48257e-4 -0.01709043 -0.9998531 -0.001312255 -0.009369313 -0.999956 -4.88304e-4 -0.02107727 -0.9997778 3.48545e-4 -0.02107751 -0.9997776 -7.16747e-4 -0.02107846 -0.9997726 -0.003243327 -0.02107721 -0.9997759 -0.002005279 -0.01736509 -0.9985086 -0.0517596 -0.02090805 -0.998129 -0.05745792 -0.02014231 -0.9982969 -0.0547505 -0.01309245 -0.998599 -0.0512712 -0.04379528 -0.9877291 0.1499111 -0.02530026 -0.9853985 0.1683735 -0.06164807 -0.9141008 0.4007736 -0.03436475 -0.8995273 0.4355111 -0.01572525 -0.9997953 -0.01272767 -0.01706016 -0.9998357 -0.006134331 -0.02094292 -0.999778 0.00233227 -0.01934313 -0.9998105 0.002216935 3.35713e-4 -0.9999985 0.001770079 -0.01933914 -0.9998113 0.001815259 5.79869e-4 -0.9999995 7.93505e-4 -0.01934009 -0.9998123 0.001194536 -0.01934128 -0.999813 3.49646e-4 5.1883e-4 -0.9999998 -4.88311e-4 -0.01934081 -0.9998127 -7.19748e-4 4.8831e-4 -0.9999977 -0.002075314 -0.02107709 -0.9997726 -0.003242731 -0.01842963 -0.9998287 -0.001779079 -0.02107828 -0.9997632 -0.005414724 -0.01959264 -0.9998036 -0.002992272 -0.01923912 -0.9998062 -0.004171907 -0.01931101 -0.9981745 -0.05722606 -0.01690745 -0.9983637 -0.05462872 -0.01945751 -0.9981667 -0.05731189 -0.02838307 -0.9995114 -0.01309281 -0.03711086 -0.9990031 0.0248118 -0.05304199 -0.9960486 0.0712313 -0.05099749 -0.9746909 0.2176628 -0.03027534 -0.9711012 0.2367401 -0.06113058 -0.959259 0.2758354 -0.07443678 -0.9418284 0.3277477 -0.05942094 -0.8929017 0.4463135 -0.01593095 -0.9997759 -0.01394718 -0.009765982 -0.9999486 0.002716124 -0.01932597 -0.9998108 0.00222069 -0.002258419 -0.9999969 0.001068174 -0.001403868 -0.9999967 0.002166867 -0.008789479 -0.9999597 0.001861631 -0.0109561 -0.9999397 8.85037e-4 -0.01043736 -0.9999448 0.00125122 -0.01126164 -0.9999364 7.01945e-4 -0.003418147 -0.9999942 1.52596e-4 -0.004547297 -0.9999895 -5.49344e-4 -0.01464909 -0.9998925 -7.01936e-4 -0.004669368 -0.9999881 -0.001464903 -0.01565641 -0.9998748 -0.002288937 -0.004577815 -0.9999858 -0.002716183 -0.01547336 -0.9998783 -0.002044796 -0.01909041 -0.9998126 -0.00325942 -0.01968616 -0.9997987 -0.003878593 -0.01168876 -0.9985833 -0.0519129 -0.01010179 -0.9984905 -0.05398809 -0.0257889 -0.9987487 -0.04284924 -0.06906539 -0.9890116 0.1307145 -0.08307278 -0.9228036 0.376208 -0.008850514 -0.9999582 0.002319395 -0.009399831 -0.9999546 0.001617491 -0.01278734 -0.9999182 2.4415e-4 -0.01352006 -0.9999087 -1.22078e-4 -0.01571744 -0.9998756 -0.00137335 -0.01577848 -0.999874 -0.001739561 -0.01632755 -0.9998596 -0.003784298 -0.005462884 -0.9987652 -0.0493797 -2.13632e-4 -0.9986706 -0.05154645 -0.01214635 -0.9996973 -0.02139347 6.40893e-4 -0.9998844 0.01519829 -0.01327556 -0.9787628 0.2045663 -0.01245182 -0.9620563 0.2725669 -0.01336735 -0.8784625 0.4776243 -0.03616523 -0.8600613 0.5089075 -0.01428639 -0.9998585 -0.00889033 0.006191968 -0.9999782 0.002340674 0.00495541 -0.9999861 0.001823544 0.005474269 -0.9999848 7.94292e-4 -0.0152288 -0.9998835 -0.001068115 0.005443811 -0.9999853 -1.06627e-4 0.005331754 -0.9999854 -8.82387e-4 0.006570816 -0.9999777 -0.001315891 -0.01568692 -0.9998735 -0.00262463 0.005114376 -0.9999847 -0.002132654 2.44155e-4 -0.9990217 -0.04422259 0.005759 -0.9983906 -0.05642038 -0.01184123 -0.9982966 -0.05713093 0.005760073 -0.9983906 -0.05641955 -0.0122382 -0.998744 -0.04858672 -0.01232963 -0.9995592 -0.0270093 -0.01232975 -0.9998396 0.01300114 -0.01187181 -0.9980909 0.06061053 -0.01223814 -0.9929398 0.1179869 -0.01434409 -0.9822682 0.1869316 -0.0165413 -0.9666904 0.2554138 -0.01187199 -0.9413991 0.3370859 -0.01318413 -0.9151986 0.4027875 -0.0144658 -0.8847362 0.4658675 -0.02905458 -0.8550667 0.5177034 0.00593084 -0.9999808 0.001828968 0.00577712 -0.9999808 0.002278983 0.006542265 -0.9999778 0.001312732 0.006553828 -0.9999785 3.18965e-4 0.006652176 -0.9999735 -0.002971827 -0.01672416 -0.8522635 0.5228454 -9.17682e-5 0 1 7.9255e-4 0 0.9999997 3.36445e-4 0 1 -2.77313e-4 0 1 1.85811e-4 0 1 -1.76379e-4 0 1 1.09504e-4 0 1 8.82019e-5 0 1 6.00101e-5 0 1 1.6896e-4 0 1 3.31509e-5 0 1 -7.92648e-4 0 0.9999997 -5.44329e-4 0 0.9999999 -7.56377e-5 0 1 -3.80899e-5 0 1 1.09516e-4 0 1 -8.95671e-5 0 1 -2.21307e-5 0 1 0 -2.02376e-7 1 0 0 1 0 -6.39451e-7 1 6.48141e-5 -5.35436e-6 1 0 -9.55651e-7 1 -8.56879e-6 5.18291e-7 1 5.45655e-7 0 1 1.28687e-6 0 1 1.2297e-6 2.15397e-6 1 0 -4.82323e-6 1 0 -2.13676e-6 1 -6.48042e-6 -4.84139e-6 1 0 -1.44615e-5 1 4.70432e-6 2.08664e-6 1 0 -1.45231e-5 1 0 -4.67844e-6 1 0 -1.7737e-6 1 3.06609e-6 -1.32495e-6 1 0 -2.41306e-6 1 0 -3.38981e-6 1 0 4.72081e-6 1 -4.4847e-6 -4.88877e-6 1 -5.86302e-5 -5.07814e-6 1 0 -5.22511e-6 1 -1.21344e-4 0 1 0 -5.69963e-6 1 2.05107e-5 0 1 -1.7616e-5 0 1 -4.08224e-5 0 1 1.11955e-4 0 1 -4.10648e-6 0 1 -4.45264e-5 0 1 5.79055e-5 0 1 2.27565e-5 0 1 -1.13149e-4 0 1 -1.66031e-6 0 1 1.43547e-6 0 1 0 1.10151e-6 1 0 -1.3565e-5 1 0 7.65782e-7 1 0 1.40447e-7 1 4.765e-6 3.20691e-7 1 -0.9933521 -0.1151164 0 -0.8204988 -0.5716483 0 -0.9039391 -0.4276612 0 -0.9614156 -0.2751 0 -0.5896569 -0.8076539 0 -0.4482876 -0.8938895 0 -0.8204889 -0.5716626 0 -0.7150426 -0.6990809 0 -0.1345902 -0.9909014 0 0.03027522 -0.9995416 0 -0.2960325 -0.9551779 0 -0.4482997 -0.8938833 0 0.5016474 -0.8650723 0 0.3537175 -0.9353524 0 0.1945605 -0.9808905 0 0.8529958 -0.5219178 0 0.7560938 -0.6544634 0 0.5016341 -0.8650799 0 0.6383725 -0.7697276 0 0.9765248 -0.2154049 0 0.9765313 -0.2153758 0 0.9273507 -0.3741936 0 0.9273612 -0.3741673 0 0.9039217 0.427698 0 0.9613383 0.27537 0 0.9614156 0.2751 0 0.9936974 0.1120961 0 0.9936766 0.1122803 0 0.9986326 -0.05227851 0 0.7150426 0.6990809 -6.10391e-5 0.5897603 0.8075785 -3.05196e-5 0.715103 0.6990192 -6.1039e-5 0.9029091 0.4298317 -3.05191e-5 0.8190828 0.5736754 -9.15585e-5 0.8204889 0.5716626 -3.05196e-5 0.2963368 0.9550836 3.05187e-5 0.2957925 0.9552522 0 0.4485681 0.8937487 0 0.5906767 0.8069083 0 0.4494218 0.8933197 3.05189e-5 -0.03109848 0.9995164 0 -0.194314 0.9809394 0 -0.3535371 0.9354205 0 -0.5015524 0.8651274 3.05192e-5 -0.3530759 0.9355947 0 -0.5033852 0.8640622 0 -0.6366536 0.7711501 0 -0.6380898 0.769962 -3.05189e-5 -0.756291 0.6542355 -3.0519e-5 -0.8543236 0.5197417 -3.05192e-5 -0.7562347 0.6543006 -3.05192e-5 -0.8542528 0.519858 0 -0.9274016 0.3740674 0 -0.9273253 0.3742567 0 -0.9758875 0.2182745 0 -0.9758404 0.2184845 0 -0.07668346 0.004018425 0.9970474 -0.0766828 0.004018425 0.9970476 0.8239421 -0.0431773 0.5650268 0.8239431 -0.04317718 0.5650252 0.900626 -0.0471962 -0.4320247 0.9006248 -0.0471968 -0.4320272 0.07668274 -0.004018425 -0.9970475 0.0766828 -0.004018843 -0.9970475 -0.8239425 0.04317724 -0.5650262 -0.8239431 0.04317718 -0.5650253 -0.9006249 0.0471965 0.432027 -0.9006261 0.0471965 0.4320246 0.05233156 0.9986298 0 0.05233204 0.9986298 0 0.05233138 0.9986298 0 0.05233073 0.9986298 0 0.05233079 0.9986299 4.8081e-7 0.05233371 0.9986297 0 0.05233097 0.9986299 -5.58181e-7 0.05232834 0.9986301 2.09754e-6 0.05233061 0.9986299 0 0.05233108 0.9986298 -1.76603e-6 0.05232977 0.9986299 4.61409e-7 0.05233067 0.9986299 0 0.05233085 0.9986298 -2.35173e-7 0.05233091 0.9986298 0 0.05233073 0.9986298 0 0.05233246 0.9986298 0 0.05233103 0.9986299 5.43428e-7 0.05233174 0.9986298 0 0.05233043 0.9986299 0 0.05233138 0.9986298 0 0.05233049 0.9986299 5.25027e-7 0.05232977 0.9986299 0 0.05232971 0.9986299 8.92421e-7 0.05233085 0.9986299 -1.31341e-6 0.05232888 0.99863 -5.64096e-7 0.05232948 0.99863 -1.01132e-6 0.0523312 0.9986299 -7.39922e-7 0.0523318 0.9986298 9.54895e-7 0.05233061 0.9986299 6.81142e-7 0.05232959 0.9986299 1.61831e-6 0.05233234 0.9986298 -4.28855e-7 0.05233037 0.9986299 -4.34043e-7 0.05233281 0.9986297 1.12845e-6 0.05233103 0.9986298 0 0.05233091 0.9986298 4.702e-7 0.05233192 0.9986298 -1.85492e-6 0.05233103 0.9986298 4.98916e-7 0.05233103 0.9986299 0 0.0523312 0.9986299 0 0.05233305 0.9986298 0 0.05233073 0.9986298 0 0.05233037 0.9986299 -9.7931e-7 -0.05233144 -0.9986298 9.55998e-7 -0.05233037 -0.9986299 0 -0.05233097 -0.9986298 0 -0.05233079 -0.9986299 4.80513e-7 -0.0523315 -0.9986298 1.01455e-6 -0.05233013 -0.9986299 1.05076e-6 -0.05233144 -0.9986298 -3.93305e-7 -0.05233132 -0.9986298 9.78742e-7 -0.05233168 -0.9986298 1.00917e-6 -0.05233055 -0.9986299 0 -0.05233162 -0.9986298 0 -0.05233019 -0.9986299 0 -0.05233007 -0.9986299 0 -0.05232954 -0.99863 0 -0.05233168 -0.9986298 5.98568e-7 -0.0523315 -0.9986298 0 -0.05233097 -0.9986298 -6.51899e-7 -0.05232948 -0.99863 8.46151e-7 -0.05233097 -0.9986299 1.49806e-6 -0.05233114 -0.9986298 5.25034e-7 -0.05233108 -0.9986298 0 -0.05233228 -0.9986298 0 -0.05232989 -0.9986299 0 -0.05233108 -0.9986299 1.05072e-6 -0.05233073 -0.9986298 0 -0.05233132 -0.9986298 5.39935e-7 -0.05233031 -0.9986299 5.45733e-7 -0.05233138 -0.9986298 0 -0.05233156 -0.9986298 0 -0.0523315 -0.9986298 9.77301e-7 -0.05233055 -0.9986299 0 -0.05233108 -0.9986298 2.62223e-7 -0.05233156 -0.9986298 9.96716e-7 -0.0523324 -0.9986298 0 -0.05233001 -0.9986299 6.4327e-7 -0.05233091 -0.9986299 5.6458e-7 -0.05233156 -0.9986298 5.66592e-7 -0.05233144 -0.9986298 -1.22871e-7 -0.05232995 -0.9986299 0 -0.05233097 -0.9986299 4.70199e-7 -0.05233132 -0.9986298 0 -0.05232959 -0.9986299 -9.27419e-7 -0.05233114 -0.9986299 2.71714e-7 -0.05233222 -0.9986298 0 -0.9878116 0.05176037 -0.1467968 -0.9984691 0.05231004 0.01797586 0.1003786 -0.005249321 0.9949355 -0.06451719 0.003357052 0.997911 -0.06454759 0.003357052 0.9979091 -0.9502033 0.04977613 -0.3076297 -0.886678 0.04645037 -0.4600483 -0.7989661 0.04184198 -0.5999189 -0.6894578 0.03610414 -0.7234256 -0.5611544 0.02938985 -0.8271893 -0.4175313 0.02185159 -0.9083998 -0.262496 0.01373362 -0.9648354 -0.2625244 0.0137335 -0.9648277 -0.1003453 0.005249202 -0.9949389 -0.1003151 0.005249202 -0.9949418 0.06454759 -0.003357052 -0.9979091 -0.9818972 0.05145549 0.1822917 -0.9818987 0.05142503 0.182292 -0.9385347 0.04916685 0.3416655 -0.9385383 0.04916542 0.3416556 -0.8695768 0.04556477 0.491691 -0.7769034 0.04068243 0.6283041 -0.6630325 0.03473097 0.7477847 -0.5310636 0.02780294 0.8468757 -0.3846262 0.02014225 0.9228527 -0.2276756 0.01190257 0.9736644 -0.2276756 0.01193308 0.973664 0.5609362 -0.02945065 0.8273351 0.4176552 -0.02185171 0.9083428 0.4173448 -0.02191251 0.9084841 0.2624313 -0.01376396 0.9648526 0.2626174 -0.01373362 0.9648023 0.7991356 -0.04181075 0.5996951 0.798754 -0.04193365 0.6001946 0.8865171 -0.04654151 0.4603492 0.5613014 -0.02938956 0.8270895 0.6892208 -0.03619605 0.7236467 0.6896452 -0.03610432 0.7232469 0.9877537 -0.05182158 0.1471635 0.9984719 -0.0523712 -0.01764017 0.9878664 -0.05166846 0.1464602 0.9500889 -0.0498681 0.3079679 0.9503043 -0.04971563 0.3073275 0.886824 -0.0464195 0.4597702 0.8697097 -0.04559588 -0.4914529 0.9384302 -0.04907459 -0.3419659 0.9386443 -0.04922723 -0.3413558 0.9818341 -0.05136382 -0.1826575 0.9984678 -0.05221843 -0.0183115 0.9819509 -0.05151617 -0.1819851 0.6628412 -0.034639 -0.7479585 0.7767145 -0.04059052 -0.6285436 0.6631607 -0.03476178 -0.7476695 0.869427 -0.04544287 -0.4919672 0.7770513 -0.04074323 -0.6281173 0.531192 -0.02783375 -0.8467943 0.5309138 -0.02774202 -0.8469717 0.3847259 -0.02014267 -0.9228112 0.3845745 -0.02011221 -0.9228749 0.2277045 -0.01193302 -0.9736572 0.2277334 -0.0119329 -0.9736505 -0.05233108 -0.9986298 0 -0.05233037 -0.9986299 0 -0.0523324 -0.9986298 1.75034e-7 -0.05233108 -0.9986298 0 0.9929358 -0.05203944 0.1066326 0.9929354 -0.05203908 0.1066361 0.5886836 -0.03085058 -0.8077747 0.5886914 -0.03085017 -0.807769 -0.4042367 0.02118867 -0.914409 -0.404249 0.02118027 -0.9144038 -0.9929367 0.05202245 -0.1066322 -0.992936 0.05203866 -0.1066311 -0.5886821 0.03085058 0.8077758 -0.5886879 0.03085047 0.8077715 0.4042431 -0.02117186 0.9144066 0.4042418 -0.02118873 0.9144067 -0.05232894 -0.99863 -1.77334e-7 -0.05233174 -0.9986298 -1.432e-7 -0.05233466 -0.9986296 -2.50988e-7 -0.05233037 -0.9986299 0 -0.05232965 -0.9986299 -2.04831e-7 -0.0523346 -0.9986296 0 -0.05232715 -0.9986301 1.45668e-7 -0.05233061 -0.9986299 -1.33959e-7 -0.05233168 -0.9986298 0 -0.05233043 -0.9986299 -1.03942e-6 -0.05233657 -0.9986296 9.0875e-7 -0.05233061 -0.9986299 0 -0.05232757 -0.99863 3.47896e-7 -0.0523324 -0.9986298 7.78891e-7 -0.05233126 -0.9986298 0 -0.05232971 -0.9986299 -1.39902e-7 -0.05232983 -0.9986299 -1.24928e-7 -0.05233091 -0.9986299 0 -0.05233031 -0.9986299 -2.97616e-7 -0.05233067 -0.9986299 2.29735e-7 -0.0523346 -0.9986297 -1.08308e-6 -0.05232942 -0.99863 -1.28666e-7 -0.0523315 -0.9986298 -2.82449e-7 -0.05233204 -0.9986298 -2.71147e-7 -0.0523315 -0.9986298 4.68815e-7 -0.05233192 -0.9986298 0 -0.05233073 -0.9986298 0 -0.05233311 -0.9986297 5.45318e-7 -0.05233019 -0.9986299 3.51021e-7 -0.05232936 -0.9986299 2.09399e-7 -0.05233198 -0.9986298 2.71928e-7 -0.05233496 -0.9986296 -2.1254e-7 -0.05232918 -0.9986299 2.46401e-7 -0.05233091 -0.9986298 0 -0.05233383 -0.9986297 2.17503e-7 -0.0523315 -0.9986298 1.11917e-6 -0.05233132 -0.9986298 -5.94581e-7 -0.05232816 -0.99863 0 -0.05232906 -0.9986299 -4.02086e-7 -0.0523284 -0.9986301 2.13101e-7 -0.05232876 -0.9986299 2.1272e-7 -0.05233007 -0.9986299 -7.28483e-7 -0.05233108 -0.9986299 0 -0.05233329 -0.9986298 1.81365e-7 0.8997626 -0.0471214 -0.4338282 0.8161692 -0.04275709 -0.5762289 0.8161836 -0.0427578 -0.5762085 0.5063803 -0.02652144 0.8619024 0.3577787 -0.01873886 0.9336184 0.7103157 -0.03720349 -0.7028993 0.7103005 -0.03720271 -0.7029148 0.5850574 -0.03064149 -0.8104128 0.4438425 -0.0232557 -0.8958032 0.443867 -0.0232554 -0.8957909 0.2905414 -0.01519846 -0.9567418 0.2905134 -0.01519858 -0.9567503 0.1292475 -0.006744623 -0.9915894 -0.03552383 0.001861631 -0.9993671 -0.03549331 0.001861631 -0.9993682 -0.1993206 0.01043754 -0.9798787 -0.1993499 0.01043748 -0.9798728 -0.3577787 0.01873886 -0.9336184 -0.3577419 0.01873856 -0.9336325 -0.5063669 0.02652078 -0.8619102 0.8997613 -0.04715186 -0.4338276 0.9587962 -0.05023485 -0.2796183 0.9916812 -0.05194312 -0.1177724 0.997516 -0.05224865 0.04724353 0.9975175 -0.05224871 0.04721307 0.9761579 -0.0511502 0.210949 0.9761517 -0.0511499 0.2109781 0.928189 -0.04861748 0.3689195 0.9281786 -0.04861694 0.3689458 0.8549075 -0.04477185 0.5168449 0.7583725 -0.03973603 0.6506091 0.6411698 -0.03360116 0.7666632 0.6411524 -0.03357136 0.7666789 0.1994438 -0.0104376 0.9798537 -0.2902923 0.01519823 0.9568173 -0.1290636 0.006744623 0.9916135 -0.2903009 0.01519864 0.9568148 0.03567618 -0.001861631 0.9993618 -0.5848301 0.03064078 0.810577 -0.7100879 0.03720277 0.7031295 -0.4436227 0.02322483 0.8959127 -0.58481 0.03064131 0.8105914 -0.4435982 0.02322518 0.8959249 -0.9586988 0.05023455 0.2799524 -0.8996143 0.04712158 0.4341355 -0.8996024 0.04712098 0.4341603 -0.8159686 0.04275774 0.5765129 -0.8159799 0.04272621 0.5764992 -0.9762173 0.05115014 -0.2106739 -0.997532 0.05224788 -0.04690712 -0.9762111 0.05114978 -0.2107031 -0.991641 0.05194425 0.1181106 -0.9916374 0.05194407 0.1181407 -0.8549985 0.0448023 -0.5166919 -0.9282748 0.04861718 -0.3687036 -0.9282644 0.04861664 -0.36873 -0.7584286 0.03973573 -0.6505438 -0.8549996 0.04477185 -0.5166926 -0.7584006 0.03973591 -0.6505765 -0.6411524 0.03357136 -0.7666789 -0.6411194 0.03357124 -0.7667065 0.05232805 0.9986301 -3.4535e-7 0.05232644 0.9986301 0 0.05232739 0.99863 6.907e-7 0.05233013 0.9986299 1.3814e-6 0.05232894 0.9986299 -1.92101e-6 0.05233609 0.9986295 3.4538e-7 0.05233246 0.9986298 1.29512e-6 0.05233192 0.9986298 0 0.05233132 0.9986298 -1.10511e-6 0.05232828 0.99863 -6.90638e-7 0.05232781 0.99863 1.10513e-6 0.05232727 0.9986301 -5.52535e-7 0.05233281 0.9986298 5.52594e-7 0.0523349 0.9986296 -6.90653e-7 0.05232852 0.99863 3.45334e-7 0.05232918 0.99863 0 0.05233049 0.9986299 -2.76375e-7 0.0523262 0.9986301 6.90684e-7 0.05232763 0.9986301 3.45365e-7 0.05233407 0.9986297 -2.07259e-7 0.05233156 0.9986299 0 0.05233126 0.9986298 6.90669e-7 0.0523312 0.9986298 -6.91005e-7 0.05232965 0.9986299 0 0.05233281 0.9986298 -5.52594e-7 0.05233126 0.9986298 -5.52437e-7 0.05233055 0.9986299 -2.76268e-7 0.05233216 0.9986298 4.48839e-7 0.05232834 0.9986301 -6.90493e-7 0.05233049 0.9986299 0 0.05232912 0.99863 0 0.05233103 0.9986298 -1.65725e-6 0.05232912 0.99863 -5.52555e-7 0.05232506 0.9986302 -6.90669e-7 0.05233204 0.9986298 -5.52574e-7 0.05232822 0.99863 -3.45273e-7 0.05233192 0.9986298 1.72644e-7 0.05232816 0.99863 -6.90856e-7 0.05233538 0.9986296 0 0.05233448 0.9986297 -1.72682e-7 0.05233049 0.9986299 -1.65771e-6 0.0523315 0.9986298 0 0.05232834 0.9986301 -5.52535e-7 0.05232912 0.99863 -1.10511e-6 0.05233317 0.9986297 -5.52574e-7 0.05233556 0.9986296 -5.52594e-7 0.05233317 0.9986297 -8.28861e-7 0.05232959 0.9986299 1.13964e-6 0.0523315 0.9986298 -4.14431e-7 0.05233126 0.9986298 0 0.05233246 0.9986298 -6.9073e-7 0.05233013 0.9986299 0 0.05233013 0.9986299 -1.3814e-6 0.0523315 0.9986298 6.90699e-7 0.05232775 0.99863 -3.45243e-7 0.05233168 0.9986298 1.65733e-6 0.0523284 0.99863 -5.61019e-7 0.05233103 0.9986298 -1.6573e-6 0.05233097 0.9986298 -1.72637e-7 0.05233263 0.9986297 0 0.05233198 0.9986298 -5.52457e-7 0.05232852 0.99863 0 0.05233311 0.9986298 -5.52515e-7 0.05233275 0.9986297 1.10507e-6 0.05233317 0.9986297 2.76287e-7 0.05232912 0.99863 -2.76277e-7 0.05233156 0.9986298 2.76316e-7 0.05233299 0.9986298 -3.79949e-7 0.0523312 0.9986299 -5.52711e-7 0.0523321 0.9986298 0 0.05232632 0.9986301 1.38174e-6 0.05233043 0.9986299 4.1493e-7 0.0523355 0.9986296 -5.52809e-7 0.05232912 0.99863 0 0.05232983 0.9986299 6.91572e-7 0.5063442 -0.02652114 0.8619236 -0.9586905 0.05023407 0.2799805 -0.9916415 0.05194264 0.118107 -0.9282734 0.04864764 -0.368703 -0.6411374 0.03357058 -0.7666915 -0.5063442 0.02652114 -0.8619236 -0.5063803 0.02652144 -0.8619024 -0.2903288 0.01519852 0.9568063 0.1994731 -0.01043754 0.9798477 0.3577419 -0.01873856 0.9336325 0.9281744 -0.04870831 0.3689442 0.8549985 -0.0448023 0.5166919 0.8549052 -0.04483276 0.5168435 0.7584156 -0.03973668 0.6505588 0.6411518 -0.03360182 0.7666782 0.9975304 -0.05227828 0.046907 0.9975127 -0.05234003 0.04721283 0.991675 -0.05206489 -0.1177717 0.9282734 -0.04864764 0.368703 0.9761548 -0.05121111 0.2109483 0.9762173 -0.05115014 0.2106739 0.8997573 -0.04724317 -0.4338257 0.8161557 -0.04284954 -0.576241 0.8996143 -0.04712158 -0.4341355 0.9587918 -0.05032616 -0.2796171 0.9586988 -0.05023455 -0.2799524 0.9916393 -0.05197465 -0.1181104 0.4438052 -0.02331638 -0.89582 0.5848445 -0.03064149 -0.8105665 0.5850218 -0.03070223 -0.8104363 0.7101032 -0.03720355 -0.7031141 0.8159931 -0.04275745 -0.5764781 0.7102981 -0.03729414 -0.7029125 0.1290636 -0.006744623 -0.9916135 0.2903009 -0.01519864 -0.9568148 0.1292175 -0.006805717 -0.991593 0.4436227 -0.02322483 -0.8959127 0.2904852 -0.01525974 -0.9567579 -0.03549331 0.001800596 -0.9993683 -0.03567618 0.001861631 -0.9993618 -0.1993207 0.01040703 -0.9798791 -0.199473 0.01046806 -0.9798475 0.0523352 0.9986296 0 0.05233055 0.9986299 0 0.05232506 0.9986302 6.90669e-7 0.05233287 0.9986298 0 0.05233383 0.9986297 6.9073e-7 0.05233722 0.9986295 -2.76274e-6 0.05232852 0.99863 -8.63336e-7 0.05233317 0.9986298 0 0.05233383 0.9986297 -6.9073e-7 0.05232971 0.9986299 0 0.05233126 0.9986298 6.90715e-7 0.05232942 0.9986299 -6.90699e-7 0.05232888 0.99863 -1.72667e-7 0.05233162 0.9986298 0 0.05232501 0.9986302 -2.76194e-6 0.05233198 0.9986298 -2.76304e-6 0.05233144 0.9986298 0 0.05232596 0.9986301 2.76243e-6 0.05232638 0.9986301 1.72633e-6 0.05233228 0.9986298 -2.76277e-6 0.0523321 0.9986298 3.45354e-7 0.05233085 0.9986298 0 0.05233108 0.9986299 -2.76329e-6 0.05233305 0.9986298 0 0.05233079 0.9986298 -1.3814e-6 0.05232185 0.9986304 0 0.05233055 0.9986299 1.38134e-6 0.05233198 0.9986298 0 0.05233287 0.9986298 -2.0721e-6 0.05232363 0.9986303 0 0.05233001 0.9986299 1.03606e-6 0.05232876 0.9986299 6.90699e-7 0.05233234 0.9986298 -1.38109e-6 0.05233108 0.9986299 -1.38146e-6 0.05233484 0.9986296 0 0.05233329 0.9986296 0 0.05233174 0.9986298 0 0.05233073 0.9986299 1.38141e-6 0.05233156 0.9986298 -1.38144e-6 0.05232852 0.9986299 1.38143e-6 0.05233246 0.9986298 -1.38146e-6 0.05233246 0.9986298 0 0.05233383 0.9986297 1.38146e-6 0.05233281 0.9986298 0 0.05232888 0.99863 0 0.05233561 0.9986295 -1.38122e-6 0.05233097 0.9986298 0 0.05232775 0.99863 2.76194e-6 0.05232971 0.9986299 2.76292e-6 0.0523352 0.9986296 -2.76292e-6 0.05233287 0.9986298 2.7628e-6 0.05233287 0.9986298 -2.7628e-6 0.052329 0.99863 1.38137e-6 0.05233126 0.9986298 1.38143e-6 0.05233407 0.9986297 0 0.05233162 0.9986298 6.90738e-7 0.05233234 0.9986298 -6.90738e-7 0.05233383 0.9986297 0 0.05233252 0.9986297 0 0.05232959 0.9986299 0 0.05232834 0.99863 -2.59001e-7 0.05233013 0.9986299 6.90699e-7 0.05233174 0.9986298 0 0.05233901 0.9986294 3.45399e-7 0.05235803 0.9986284 9.49892e-6 0.05232584 0.9986302 -4.27308e-7 0.05231046 0.998631 0 0.05232268 0.9986303 8.5126e-6 0.05234044 0.9986293 -8.99653e-7 0.05235213 0.9986287 3.95628e-6 0.05231535 0.9986307 -2.64199e-6 0.05233609 0.9986295 1.65393e-6 0.05233335 0.9986298 2.04825e-6 0.0523315 0.9986298 0 0.05232036 0.9986304 -1.38085e-6 0.05233347 0.9986297 4.27355e-7 0.05233472 0.9986296 0 0.05233764 0.9986295 1.38207e-6 0.0523231 0.9986302 0 0.05233228 0.9986298 0 0.05232673 0.9986301 0 0.05233287 0.9986298 -3.96634e-6 0.05233347 0.9986298 1.38151e-6 0.05233776 0.9986295 6.32749e-6 0.05232715 0.9986301 -2.15907e-6 0.05231583 0.9986307 -5.27684e-6 0.05234843 0.9986289 0 0.05234235 0.9986292 3.07399e-6 0.05233043 0.9986299 1.80014e-6 0.0523281 0.99863 2.37101e-6 0.05231308 0.9986308 -1.65433e-6 0.05233424 0.9986297 0 0.05233407 0.9986297 -1.04199e-6 0.05233103 0.9986298 -1.40056e-6 0.05233341 0.9986297 1.44041e-6 0.05232268 0.9986303 -3.45304e-7 0.05232656 0.9986301 -7.50847e-7 0.052338 0.9986295 0 0.05232977 0.9986299 0 0.0523315 0.9986299 3.97321e-7 -0.8159543 0.04275697 0.5765332 -0.7100728 0.03720355 0.7031448 -0.5848445 0.03064149 0.8105665 -0.443537 0.02322518 0.8959552 -0.2902085 0.01519858 0.9568428 -0.1290975 0.006744801 0.991609 -0.1290335 0.006744623 0.9916174 0.03561526 -0.001861631 0.9993639 0.3578053 -0.01873868 0.9336082 -0.9587084 0.05020451 0.2799246 -0.7583725 0.03973603 -0.6506091 -0.7584437 0.03973656 -0.6505262 -0.6410865 0.03357112 -0.7667341 0.1288835 -0.006744742 -0.9916369 -0.03555428 0.001831114 -0.9993662 -0.03576874 0.001861631 -0.9993584 -0.1994438 0.0104376 -0.9798537 -0.3578053 0.01873868 -0.9336082 0.4433172 -0.02319431 -0.8960648 0.5845285 -0.03061044 -0.8107956 0.1292475 -0.00677514 -0.9915893 0.2899961 -0.01516813 -0.9569077 0.2905693 -0.01519834 -0.9567334 0.8157404 -0.04272645 -0.5768382 0.8994363 -0.04712188 -0.4345042 0.8161938 -0.04275673 -0.5761942 0.7097849 -0.03717237 -0.703437 0.7103308 -0.03720271 -0.7028841 0.585092 -0.03064167 -0.8103879 0.9975448 -0.05224853 0.04663306 0.9916796 -0.05197358 -0.1177722 0.9916047 -0.05194395 -0.1184151 0.958788 -0.05023443 -0.2796465 0.8997732 -0.04715245 -0.4338029 0.9586108 -0.05020421 -0.2802586 0.9283459 -0.04861772 0.3685244 0.9975159 -0.05227917 0.04721295 0.9762641 -0.05114936 0.2104572 0.855077 -0.04480165 0.5165619 0.8549281 -0.04480183 0.5168083 0.7584717 -0.03973644 0.6504935 0.6411194 -0.03357124 0.7667065 0.6411704 -0.0335707 0.7666639</float_array>
          <technique_common>
            <accessor source="#ID26_011-mesh-normals-array" count="8796" stride="3">
              <param name="X" type="float"/>
              <param name="Y" type="float"/>
              <param name="Z" type="float"/>
            </accessor>
          </technique_common>
        </source>
        <vertices id="ID26_011-mesh-vertices">
          <input semantic="POSITION" source="#ID26_011-mesh-positions"/>
        </vertices>
        <triangles material="ID10_002-material" count="10877">
          <input semantic="VERTEX" source="#ID26_011-mesh-vertices" offset="0"/>
          <input semantic="NORMAL" source="#ID26_011-mesh-normals" offset="1"/>
          <p>0 0 1 1 2 2 3 3 4 3 5 4 6 5 2 2 7 6 1 1 7 6 2 2 8 7 9 8 6 5 6 5 7 6 8 7 9 8 10 9 11 10 10 9 9 8 8 7 12 11 11 10 13 12 10 9 13 12 11 10 14 13 15 14 12 11 12 11 13 12 14 13 15 14 16 15 17 16 16 15 15 14 14 13 18 17 17 16 19 18 16 15 19 18 17 16 20 19 21 20 18 17 18 17 19 18 20 19 22 21 21 20 20 19 22 21 23 21 21 20 1 1 0 0 24 22 25 23 26 24 24 22 24 22 0 0 25 23 26 24 27 25 28 26 27 25 26 24 25 23 29 27 28 26 30 28 27 25 30 28 28 26 31 29 32 30 29 27 29 27 30 28 31 29 32 30 33 31 34 32 33 31 32 30 31 29 35 33 34 32 36 34 33 31 36 34 34 32 37 35 38 36 35 33 35 33 36 34 37 35 38 36 39 37 40 38 39 37 38 36 37 35 39 37 4 3 40 38 41 39 42 4 43 39 40 38 4 3 3 3 44 40 45 41 46 40 47 42 48 42 49 43 50 44 51 45 52 45 53 46 54 44 55 47 56 48 57 48 58 49 59 49 60 50 61 50 62 51 63 52 64 51 65 53 66 53 67 54 68 55 69 56 70 57 62 51 70 57 69 56 68 55 71 58 72 55 72 55 69 56 68 55 73 58 71 58 74 59 71 58 73 58 72 55 23 21 75 59 74 59 73 58 74 59 75 59 22 21 75 59 23 21 63 52 67 54 64 51 62 51 64 51 70 57 65 53 57 48 66 53 63 52 65 53 67 54 56 48 58 49 59 49 66 53 57 48 56 48 61 50 60 50 52 45 59 49 58 49 60 50 54 44 51 45 50 44 51 45 61 50 52 45 44 40 53 46 55 47 55 47 54 44 50 44 45 41 49 43 46 40 44 40 46 40 53 46 47 42 41 39 48 42 45 41 47 42 49 43 43 39 42 4 5 4 48 42 41 39 43 39 3 3 5 4 42 4 76 60 77 60 78 60 79 61 80 61 81 61 82 60 78 60 83 60 76 60 84 60 85 60 86 60 82 60 87 60 88 60 89 60 84 60 90 60 91 60 88 60 92 60 93 60 90 60 94 60 86 60 95 60 96 62 92 62 97 62 98 60 99 60 95 60 100 63 101 63 102 63 97 60 103 60 104 60 105 60 106 60 81 60 107 60 108 60 109 60 110 64 111 64 112 64 79 60 113 60 114 60 115 60 116 60 117 60 118 60 119 60 120 60 117 60 121 60 122 60 123 60 124 60 125 60 126 65 127 65 128 65 125 60 129 60 130 60 110 60 131 60 132 60 115 60 132 60 133 60 134 60 135 60 136 60 137 60 138 60 139 60 109 66 140 66 141 66 142 67 111 67 114 67 143 60 144 60 106 60 141 68 107 68 109 68 145 60 102 60 144 60 146 60 103 60 147 60 122 60 124 60 123 60 148 60 98 60 149 60 101 69 150 69 149 69 140 70 151 70 141 70 151 60 140 60 136 60 147 60 103 60 108 60 147 60 108 60 107 60 104 60 103 60 146 60 96 60 97 60 104 60 93 60 92 60 96 60 91 60 90 60 93 60 89 60 88 60 91 60 85 60 84 60 89 60 77 60 76 60 85 60 83 71 78 71 77 71 87 60 82 60 83 60 95 60 86 60 87 60 95 72 99 72 94 72 98 60 148 60 99 60 149 60 150 60 148 60 101 60 100 60 150 60 102 60 145 60 100 60 144 60 143 60 145 60 106 60 105 60 143 60 81 60 80 60 105 60 79 60 114 60 80 60 142 60 114 60 113 60 112 73 111 73 142 73 131 74 110 74 112 74 133 60 132 60 131 60 116 60 115 60 133 60 121 60 117 60 116 60 124 60 122 60 121 60 130 60 123 60 125 60 126 60 130 60 129 60 127 75 120 75 128 75 127 76 126 76 129 76 118 60 137 60 119 60 127 60 118 60 120 60 139 77 138 77 134 77 119 78 137 78 139 78 136 60 135 60 151 60 134 60 138 60 135 60 152 79 153 79 154 79 155 79 156 79 157 79 158 79 154 79 159 79 160 79 161 79 152 79 162 79 163 79 158 79 160 79 164 79 165 79 166 79 167 79 164 79 167 79 168 79 169 79 163 79 170 79 171 79 169 79 172 79 173 79 174 79 171 79 175 79 176 79 177 79 178 79 179 79 176 79 174 79 180 79 181 79 182 79 183 79 184 79 185 79 186 79 187 79 188 79 189 79 190 79 191 79 192 79 193 79 194 79 195 79 196 79 197 79 198 79 199 79 200 79 201 79 199 79 202 79 203 79 204 79 192 79 205 79 206 79 200 79 196 79 207 79 208 79 201 79 209 79 207 79 210 79 211 79 212 79 213 79 214 79 215 79 216 79 157 79 191 79 217 79 155 79 195 79 218 79 189 79 219 79 220 79 180 79 182 79 221 79 219 79 185 79 204 79 203 79 205 79 181 79 180 79 222 79 223 79 224 79 173 79 183 79 224 79 225 79 220 79 182 79 226 79 226 79 188 79 220 79 178 79 222 79 176 79 178 79 181 79 222 79 179 79 177 79 176 79 175 79 179 79 174 79 170 79 175 79 171 79 162 79 170 79 163 79 159 79 162 79 158 79 153 79 159 79 154 79 161 79 153 79 152 79 165 79 161 79 160 79 167 79 165 79 164 79 167 79 166 79 168 79 169 79 168 79 172 79 173 79 172 79 223 79 224 79 223 79 225 79 183 79 225 79 184 79 185 79 184 79 221 79 219 79 221 79 218 79 189 79 218 79 190 79 191 79 190 79 216 79 157 79 216 79 155 79 217 79 156 79 155 79 197 79 217 79 195 79 208 79 197 79 196 79 209 79 208 79 207 79 202 79 209 79 201 79 198 79 202 79 199 79 206 79 198 79 200 79 203 79 206 79 205 79 227 79 192 79 204 79 194 79 193 79 214 79 192 79 227 79 193 79 213 79 215 79 210 79 194 79 214 79 213 79 211 79 187 79 212 79 215 79 211 79 210 79 188 79 226 79 186 79 187 79 186 79 212 79 228 37 229 3 230 3 231 31 232 34 233 34 234 35 235 37 236 35 237 28 238 25 239 80 240 31 241 29 242 29 243 0 244 0 245 2 246 23 247 25 248 23 249 81 250 8 251 8 252 5 253 5 254 2 255 82 256 16 257 82 258 10 259 11 260 11 261 20 262 20 263 21 264 17 265 16 266 17 267 83 268 84 269 85 270 86 271 87 272 21 273 88 274 89 275 90 276 91 277 92 278 93 279 94 280 95 281 96 282 97 283 98 284 99 285 100 286 101 287 102 286 101 285 100 288 103 289 104 290 105 287 102 287 102 286 101 289 104 291 106 290 105 292 107 289 104 292 107 290 105 291 106 293 108 294 109 293 108 291 106 292 107 295 110 296 111 294 109 294 109 293 108 295 110 297 112 296 111 298 113 295 110 298 113 296 111 297 112 299 114 300 115 299 114 297 112 298 113 301 116 302 117 300 115 300 115 299 114 301 116 229 3 302 117 303 118 301 116 303 118 302 117 230 3 229 3 303 118 288 103 281 96 280 95 285 100 281 96 288 103 282 97 284 99 279 94 279 94 284 99 280 95 273 88 283 98 274 89 274 89 283 98 282 97 277 92 275 90 278 93 277 92 273 88 275 90 276 91 267 83 269 85 276 91 278 93 267 83 268 84 271 87 270 86 269 85 268 84 270 86 263 21 262 20 272 21 271 87 263 21 272 21 264 17 266 17 261 20 261 20 266 17 262 20 255 82 265 16 256 16 256 16 265 16 264 17 259 11 255 82 257 82 258 10 260 11 249 81 259 11 257 82 260 11 251 8 250 8 252 5 258 10 249 81 251 8 253 5 245 2 254 2 250 8 253 5 252 5 243 0 248 23 244 0 245 2 244 0 254 2 238 25 247 25 246 23 246 23 248 23 243 0 241 29 237 28 239 80 237 28 247 25 238 25 240 31 242 29 231 31 241 29 239 80 242 29 233 34 232 34 236 35 240 31 231 31 233 34 234 35 228 37 235 37 232 34 234 35 236 35 230 3 235 37 228 37 1868 0 1869 1 1870 2 1871 3 1872 3 1873 1255 1874 5 1870 2 1875 6 1869 1 1875 6 1870 2 1876 7 1877 8 1874 5 1874 5 1875 6 1876 7 1877 8 1878 9 1879 81 1878 9 1877 8 1876 7 1880 11 1879 81 1881 12 1878 9 1881 12 1879 81 1882 13 1883 14 1880 11 1880 11 1881 12 1882 13 1883 14 1884 1256 1885 16 1884 1256 1883 14 1882 13 1886 1257 1885 16 1887 1257 1884 1256 1887 1257 1885 16 1888 1258 1889 20 1886 1257 1886 1257 1887 1257 1888 1258 1890 21 1889 20 1888 1258 1890 21 1891 21 1889 20 1869 1 1868 0 1892 22 1893 1259 1894 1260 1892 22 1892 22 1868 0 1893 1259 1894 1260 1895 25 1896 26 1895 25 1894 1260 1893 1259 1897 27 1896 26 1898 28 1895 25 1898 28 1896 26 1899 29 1900 1261 1897 27 1897 27 1898 28 1899 29 1900 1261 1901 31 1902 1262 1901 31 1900 1261 1899 29 1903 1263 1902 1262 1904 1264 1901 31 1904 1264 1902 1262 1905 35 1906 36 1903 1263 1903 1263 1904 1264 1905 35 1906 36 1907 37 1908 38 1907 37 1906 36 1905 35 1907 37 1872 3 1908 38 1909 39 1910 4 1911 1265 1908 38 1872 3 1871 3 1912 40 1913 41 1914 40 1915 42 1916 42 1917 41 1918 44 1919 1266 1920 45 1921 47 1922 44 1923 47 1924 48 1925 1267 1926 49 1927 49 1928 50 1929 50 1930 51 1931 54 1932 51 1933 53 1934 53 1935 54 1936 55 1937 56 1938 57 1930 51 1938 57 1937 56 1936 55 1939 58 1940 55 1940 55 1937 56 1936 55 1941 575 1939 58 1942 59 1939 58 1941 575 1940 55 1891 21 1943 59 1942 59 1941 575 1942 59 1943 59 1890 21 1943 59 1891 21 1931 54 1935 54 1932 51 1930 51 1932 51 1938 57 1933 53 1925 1267 1934 53 1931 54 1933 53 1935 54 1924 48 1926 49 1927 49 1934 53 1925 1267 1924 48 1929 50 1928 50 1920 45 1927 49 1926 49 1928 50 1922 44 1919 1266 1918 44 1919 1266 1929 50 1920 45 1912 40 1921 47 1923 47 1923 47 1922 44 1918 44 1913 41 1917 41 1914 40 1912 40 1914 40 1921 47 1915 42 1909 39 1916 42 1913 41 1915 42 1917 41 1911 1265 1910 4 1873 1255 1916 42 1909 39 1911 1265 1871 3 1873 1255 1910 4 1944 60 1945 60 1946 60 1947 60 1948 60 1949 60 1950 1268 1945 1268 1951 1268 1952 1269 1953 1269 1944 1269 1954 1270 1951 1270 1955 1270 1956 60 1953 60 1957 60 1958 60 1956 60 1959 60 1960 60 1958 60 1961 60 1962 1271 1963 1271 1955 1271 1960 60 1964 60 1965 60 1966 60 1962 60 1967 60 1968 60 1969 60 1970 60 1971 1272 1972 1272 1965 1272 1973 60 1974 60 1948 60 1975 60 1976 60 1977 60 1978 60 1979 60 1980 60 1981 60 1947 60 1982 60 1983 60 1984 60 1985 60 1986 60 1987 60 1988 60 1984 60 1989 60 1990 60 1991 1273 1992 1273 1989 1273 1975 60 1977 60 1993 60 1994 60 1991 60 1976 60 1980 60 1995 60 1996 60 1997 1274 1995 1274 1983 1274 1998 1275 1999 1275 2000 1275 2001 60 2002 60 2003 60 2004 1276 2005 1276 2006 1276 1979 60 2007 60 1981 60 2008 60 2009 60 1973 60 2006 60 2010 60 2004 60 1969 60 2011 60 2008 60 2012 60 2013 60 1972 60 2014 60 2012 60 2015 60 1966 1277 2016 1277 2017 1277 1970 1278 2017 1278 2018 1278 2005 1279 2019 1279 2006 1279 2019 60 2005 60 2000 60 2010 1280 2014 1280 2015 1280 2010 1281 2015 1281 2004 1281 2014 60 2013 60 2012 60 1972 1282 1971 1282 2012 1282 1965 60 1964 60 1971 60 1960 1283 1961 1283 1964 1283 1958 1284 1959 1284 1961 1284 1956 1285 1957 1285 1959 1285 1953 1286 1952 1286 1957 1286 1944 1287 1946 1287 1952 1287 1945 1288 1950 1288 1946 1288 1951 60 1954 60 1950 60 1955 1289 1963 1289 1954 1289 1955 60 1967 60 1962 60 1967 60 2016 60 1966 60 2016 60 2018 60 2017 60 2018 1290 1968 1290 1970 1290 1968 60 2011 60 1969 60 2011 1291 2009 1291 2008 1291 2009 60 1974 60 1973 60 1974 60 1949 60 1948 60 1949 60 1982 60 1947 60 1981 1292 2007 1292 1947 1292 1979 60 1978 60 2007 60 1980 1293 1996 1293 1978 1293 1995 1294 1997 1294 1996 1294 1983 1295 1985 1295 1997 1295 1984 60 1990 60 1985 60 1989 1296 1992 1296 1990 1296 1991 1297 1994 1297 1992 1297 1976 1298 1975 1298 1994 1298 1977 1299 1988 1299 1993 1299 1986 60 2001 60 1987 60 1977 60 1986 60 1988 60 2003 60 2002 60 1998 60 1987 1300 2001 1300 2003 1300 2000 60 1999 60 2019 60 1998 60 2002 60 1999 60 2020 1301 2021 1301 2022 1301 2023 1302 2024 1302 2025 1302 2026 79 2027 79 2022 79 2028 1303 2029 1303 2021 1303 2026 79 2030 79 2031 79 2029 1304 2032 1304 2033 1304 2034 1305 2033 1305 2035 1305 2036 79 2034 79 2037 79 2038 1306 2030 1306 2039 1306 2040 79 2037 79 2041 79 2042 1307 2043 1307 2039 1307 2044 1308 2045 1308 2046 1308 2042 79 2046 79 2047 79 2048 1309 2049 1309 2050 1309 2051 79 2052 79 2053 79 2054 79 2055 79 2056 79 2057 1310 2058 1310 2024 1310 2059 79 2060 79 2061 79 2062 1311 2063 1311 2064 1311 2065 1312 2066 1312 2067 1312 2068 79 2069 79 2066 79 2070 1313 2059 1313 2071 1313 2072 79 2071 79 2065 79 2064 79 2073 79 2074 79 2075 1314 2068 1314 2074 1314 2076 79 2077 79 2078 79 2079 79 2080 79 2081 79 2050 79 2082 79 2083 79 2062 79 2084 79 2085 79 2086 79 2058 79 2087 79 2083 79 2048 79 2050 79 2051 79 2086 79 2088 79 2089 1315 2090 1315 2045 1315 2060 79 2059 79 2091 79 2041 79 2092 79 2093 79 2053 79 2094 79 2092 79 2056 79 2083 79 2082 79 2025 79 2084 79 2095 79 2049 1316 2090 1316 2089 1316 2049 79 2048 79 2090 79 2089 79 2045 79 2044 79 2046 79 2045 79 2047 79 2042 1317 2047 1317 2043 1317 2039 1318 2043 1318 2038 1318 2030 1319 2038 1319 2031 1319 2026 1320 2031 1320 2027 1320 2022 79 2027 79 2020 79 2021 1321 2020 1321 2028 1321 2029 1322 2028 1322 2032 1322 2033 1323 2032 1323 2035 1323 2033 79 2034 79 2036 79 2036 79 2037 79 2040 79 2040 79 2041 79 2093 79 2093 79 2092 79 2094 79 2094 79 2053 79 2052 79 2052 79 2051 79 2088 79 2088 1324 2086 1324 2087 1324 2087 79 2058 79 2057 79 2057 1325 2024 1325 2023 1325 2023 1326 2025 1326 2095 1326 2084 79 2025 79 2085 79 2062 79 2085 79 2063 79 2064 1327 2063 1327 2073 1327 2074 1328 2073 1328 2075 1328 2068 1329 2075 1329 2069 1329 2066 79 2069 79 2067 79 2065 1330 2067 1330 2072 1330 2071 1331 2072 1331 2070 1331 2059 1332 2070 1332 2091 1332 2061 79 2060 79 2080 79 2079 79 2081 79 2076 79 2061 79 2080 79 2079 79 2077 1333 2055 1333 2078 1333 2081 1334 2077 1334 2076 1334 2056 79 2082 79 2054 79 2055 79 2054 79 2078 79 2096 37 2097 3 2098 3 2099 31 2100 34 2101 34 2102 35 2103 37 2104 35 2105 28 2106 25 2107 80 2108 1335 2109 29 2110 29 2111 0 2112 0 2113 2 2114 23 2115 25 2116 23 2117 81 2118 8 2119 8 2120 5 2121 5 2122 2 2123 14 2124 16 2125 14 2126 81 2127 11 2128 11 2129 1336 2130 20 2131 21 2132 17 2133 16 2134 1337 2135 1338 2136 1339 2137 85 2138 87 2139 87 2140 21 2141 1340 2142 89 2143 90 2144 1341 2145 92 2146 93 2147 1342 2148 1343 2149 96 2150 97 2151 98 2152 1344 2153 100 2154 101 2155 1345 2154 101 2153 100 2156 103 2157 104 2158 105 2155 1345 2155 1345 2154 101 2157 104 2159 106 2158 105 2160 107 2157 104 2160 107 2158 105 2159 106 2161 108 2162 1346 2161 108 2159 106 2160 107 2163 110 2164 1347 2162 1346 2162 1346 2161 108 2163 110 2165 112 2164 1347 2166 113 2163 110 2166 113 2164 1347 2165 112 2167 1348 2168 115 2167 1348 2165 112 2166 113 2169 1349 2170 118 2168 115 2168 115 2167 1348 2169 1349 2097 3 2170 118 2171 118 2169 1349 2171 118 2170 118 2098 3 2097 3 2171 118 2156 103 2149 96 2148 1343 2153 100 2149 96 2156 103 2150 97 2152 1344 2147 1342 2147 1342 2152 1344 2148 1343 2141 1340 2151 98 2142 89 2142 89 2151 98 2150 97 2145 92 2143 90 2146 93 2145 92 2141 1340 2143 90 2144 1341 2135 1338 2137 85 2144 1341 2146 93 2135 1338 2136 1339 2139 87 2138 87 2137 85 2136 1339 2138 87 2131 21 2130 20 2140 21 2139 87 2131 21 2140 21 2132 17 2134 1337 2129 1336 2129 1336 2134 1337 2130 20 2123 14 2133 16 2124 16 2124 16 2133 16 2132 17 2127 11 2123 14 2125 14 2126 81 2128 11 2117 81 2127 11 2125 14 2128 11 2119 8 2118 8 2120 5 2126 81 2117 81 2119 8 2121 5 2113 2 2122 2 2118 8 2121 5 2120 5 2111 0 2116 23 2112 0 2113 2 2112 0 2122 2 2106 25 2115 25 2114 23 2114 23 2116 23 2111 0 2109 29 2105 28 2107 80 2105 28 2115 25 2106 25 2108 1335 2110 29 2099 31 2109 29 2107 80 2110 29 2101 34 2100 34 2104 35 2108 1335 2099 31 2101 34 2102 35 2096 37 2103 37 2100 34 2102 35 2104 35 2098 3 2103 37 2096 37 2172 1350 2174 1351 2173 1350 2175 1352 2177 142 2176 1353 2178 148 2180 153 2179 1354 2181 148 2183 146 2182 1355 2184 1356 2186 151 2185 1356 2187 151 2189 1357 2188 1358 2190 158 2192 158 2191 155 2193 156 2195 155 2194 156 2196 1359 2198 161 2197 1360 2199 1361 2201 159 2200 1359 2202 163 2204 1362 2203 1363 2203 1363 2198 161 2202 163 2205 1364 2204 1362 2206 1365 2202 163 2206 1365 2204 1362 2205 1364 2208 1364 2207 1366 2208 1364 2205 1364 2206 1365 2209 1366 2210 1367 2207 1366 2207 1366 2208 1364 2209 1366 2198 161 2203 1363 2197 1360 2209 1366 2211 1367 2210 1367 2196 1359 2197 1360 2200 1359 2201 159 2199 1361 2190 158 2196 1359 2200 1359 2201 159 2192 158 2195 155 2191 155 2199 1361 2192 158 2190 158 2194 156 2185 1356 2193 156 2195 155 2193 156 2191 155 2187 151 2186 151 2184 1356 2184 1356 2185 1356 2194 156 2180 153 2188 1358 2189 1357 2188 1358 2186 151 2187 151 2178 148 2179 1354 2181 148 2180 153 2189 1357 2179 1354 2182 1355 2183 146 2173 1350 2178 148 2181 148 2182 1355 2172 1350 2177 142 2174 1351 2183 146 2172 1350 2173 1350 2175 1352 2174 1351 2177 142 2212 79 2214 79 2213 79 2212 79 2213 79 2215 79 2216 79 2214 79 2212 79 2217 1368 2216 1368 2218 1368 2212 79 2218 79 2216 79 2217 1369 2220 1369 2219 1369 2220 1370 2217 1370 2218 1370 2219 1371 2220 1371 2221 1371 2219 1372 2221 1372 2222 1372 2223 79 2225 79 2224 79 2226 79 2227 79 2222 79 2222 79 2221 79 2226 79 2228 1373 2227 1373 2229 1373 2226 1374 2229 1374 2227 1374 2228 79 2231 79 2230 79 2231 79 2228 79 2229 79 2232 79 2233 79 2230 79 2230 1375 2231 1375 2232 1375 2232 1376 2234 1376 2233 1376 2235 1377 2237 1377 2236 1377 2236 1378 2239 1378 2238 1378 2240 79 2242 79 2241 79 2238 1379 2239 1379 2243 1379 2244 1380 2246 1380 2245 1380 2245 1381 2247 1381 2244 1381 2242 79 2240 79 2237 79 2247 79 2225 79 2248 79 2240 79 2241 79 2246 79 2224 79 2250 79 2249 79 2215 1382 2251 1382 2250 1382 2215 1383 2213 1383 2251 1383 2250 1384 2251 1384 2249 1384 2250 79 2224 79 2225 79 2223 1385 2248 1385 2225 1385 2248 1386 2244 1386 2247 1386 2245 79 2246 79 2241 79 2235 1387 2236 1387 2238 1387 2242 1388 2237 1388 2235 1388 2239 79 2252 79 2243 79 2252 79 2253 79 2243 79 2254 1389 2256 1389 2255 1389 2257 1390 2259 1390 2258 1390 2260 1391 2256 1391 2261 1391 2256 1392 2254 1392 2262 1392 2258 1393 2261 1393 2263 1393 2264 1394 2263 1394 2265 1394 2258 1395 2263 1395 2257 1395 2266 1396 2268 1396 2267 1396 2263 1397 2269 1397 2267 1397 2269 1398 2263 1398 2264 1398 2267 1399 2269 1399 2266 1399 2256 1400 2265 1400 2261 1400 2263 1401 2261 1401 2265 1401 2265 1402 2256 1402 2262 1402 2270 1403 2272 1403 2271 1403 2273 79 2270 79 2274 79 2271 79 2274 79 2270 79 2275 79 2273 79 2274 79 2276 1404 2278 1404 2277 1404 2276 1405 2279 1405 2278 1405 2280 1406 2282 1406 2281 1406 2280 1407 2283 1407 2282 1407 2280 1408 2281 1408 2284 1408 2285 1409 2282 1409 2283 1409 2286 1410 2288 1410 2287 1410 2286 1411 2290 1411 2289 1411 2291 1412 2290 1412 2286 1412 2287 1413 2291 1413 2286 1413 2292 1414 2294 1414 2293 1414 2295 1415 2297 1415 2296 1415 2298 1416 2300 1416 2299 1416 2298 1417 2299 1417 2294 1417 2301 1418 2296 1418 2302 1418 2302 1419 2296 1419 2297 1419 2292 1420 2295 1420 2303 1420 2303 1421 2295 1421 2296 1421 2295 1422 2292 1422 2293 1422 2292 1423 2298 1423 2294 1423 2304 1424 2299 1424 2305 1424 2305 1425 2299 1425 2300 1425 2306 79 2308 79 2307 79 2307 79 2309 79 2306 79 2310 1426 2312 1426 2311 1426 2310 1427 2313 1427 2312 1427 2314 1428 2315 1428 2311 1428 2311 1429 2312 1429 2314 1429 2315 1430 2314 1430 2316 1430 2317 60 2319 60 2318 60 2320 1431 2322 1431 2321 1431 2323 1432 2319 1432 2317 1432 2322 1433 2325 1433 2324 1433 2326 1434 2328 1434 2327 1434 2329 60 2326 60 2330 60 2331 60 2319 60 2332 60 2331 1435 2318 1435 2319 1435 2320 1436 2333 1436 2332 1436 2332 1437 2319 1437 2320 1437 2334 1438 2320 1438 2321 1438 2333 1439 2320 1439 2334 1439 2335 60 2322 60 2324 60 2321 60 2322 60 2335 60 2336 60 2337 60 2325 60 2325 1440 2322 1440 2336 1440 2326 1441 2329 1441 2336 1441 2337 1442 2336 1442 2329 1442 2326 1443 2327 1443 2330 1443 2338 60 2340 60 2339 60 2338 60 2328 60 2340 60 2341 1444 2340 1444 2342 1444 2341 60 2339 60 2340 60 2340 1445 2328 1445 2326 1445 2344 1446 2343 1446 2345 1446 2343 1447 2344 1447 2346 1447 2347 1448 2343 1448 2346 1448 2348 1449 2347 1449 2346 1449 2349 60 2351 60 2350 60 2350 1450 2352 1450 2349 1450 2353 1451 2355 1451 2354 1451 2354 1452 2356 1452 2353 1452 2357 1453 2359 1453 2358 1453 2358 79 2360 79 2357 79 2361 1454 2363 1454 2362 1454 2362 1455 2364 1455 2361 1455 2362 1456 2363 1456 2365 1456 2366 1457 2368 1457 2367 1457 2369 1458 2371 1458 2370 1458 2366 1459 2373 1459 2372 1459 2367 1460 2373 1460 2366 1460 2374 1461 2376 1461 2375 1461 2372 1462 2374 1462 2366 1462 2377 1463 2379 1463 2378 1463 2375 1464 2380 1464 2378 1464 2378 1465 2379 1465 2375 1465 2370 1466 2379 1466 2369 1466 2381 1467 2379 1467 2377 1467 2382 1468 2370 1468 2383 1468 2370 1469 2371 1469 2383 1469 2384 1470 2382 1470 2385 1470 2384 1471 2370 1471 2382 1471 2386 1472 2387 1472 2384 1472 2386 1473 2384 1473 2385 1473 2384 1474 2389 1474 2388 1474 2389 1475 2384 1475 2387 1475 2388 1476 2391 1476 2390 1476 2389 1477 2391 1477 2388 1477 2390 1478 2392 1478 2388 1478 2392 1479 2393 1479 2388 1479 2381 1480 2369 1480 2379 1480 2380 1481 2375 1481 2376 1481 2375 1482 2366 1482 2374 1482 2394 1483 2396 1483 2395 1483 2395 1484 2397 1484 2394 1484 2395 1485 2396 1485 2398 1485 2399 1486 2401 1486 2400 1486 2400 79 2402 79 2399 79 2403 1487 2405 1487 2404 1487 2406 1488 2408 1488 2407 1488 2409 1489 2405 1489 2406 1489 2409 1490 2406 1490 2407 1490 2403 1491 2410 1491 2405 1491 2409 1492 2404 1492 2405 1492 2411 1493 2413 1493 2412 1493 2412 60 2414 60 2411 60 2415 1494 2417 1494 2416 1494 2417 1495 2415 1495 2418 1495 2419 1496 2418 1496 2420 1496 2415 1497 2420 1497 2418 1497 2420 1498 2421 1498 2419 1498 2422 60 2424 60 2423 60 2423 60 2425 60 2422 60 2426 1499 2428 1499 2427 1499 2427 1500 2429 1500 2426 1500 2430 1501 2432 1501 2431 1501 2431 1502 2433 1502 2430 1502 2434 1503 2436 1503 2435 1503 2434 1504 2437 1504 2436 1504 2438 60 2440 60 2439 60 2439 1505 2441 1505 2438 1505 2442 1506 2444 1506 2443 1506 2443 1507 2445 1507 2442 1507 2446 79 2448 79 2447 79 2447 1508 2449 1508 2446 1508 2447 1509 2448 1509 2450 1509 2449 79 2451 79 2446 79 2452 1510 2454 1510 2453 1510 2452 1511 2455 1511 2454 1511 2456 60 2458 60 2457 60 2459 60 2461 60 2460 60 2459 60 2460 60 2456 60 2456 1512 2457 1512 2459 1512 2462 1513 2464 1514 2463 1515 2465 1516 2467 1517 2466 1518 2468 1519 2470 1520 2469 1521 2471 1522 2473 1523 2472 1524 2468 1519 2474 1525 2470 1520 2475 301 2477 1526 2476 299 2474 1525 2468 1519 2478 1527 2465 1516 2480 1528 2479 1514 2480 1528 2465 1516 2466 1518 2467 1517 2478 1527 2466 1518 2467 1517 2474 1525 2478 1527 2481 1529 2483 302 2482 1530 2484 1531 2469 1521 2485 1532 2486 1533 2488 284 2487 285 2489 298 2490 1534 2487 285 2491 289 2493 288 2492 1535 2494 1536 2488 284 2486 1533 2495 1537 2497 1538 2496 1539 2498 1540 2500 1541 2499 290 2501 1542 2503 1543 2502 1544 2504 294 2506 1545 2505 389 2507 1546 2501 1542 2508 1547 2503 1543 2501 1542 2509 1548 2508 1547 2511 1549 2510 1550 2510 1550 2507 1546 2508 1547 2512 1551 2513 1552 2511 1549 2510 1550 2511 1549 2513 1552 2514 1553 2512 1551 2515 1554 2512 1551 2514 1553 2513 1552 2509 1548 2501 1542 2507 1546 2516 1555 2517 1556 2502 1544 2507 1546 2505 389 2509 1548 2505 389 2507 1546 2504 294 2502 1544 2503 1543 2516 1555 2504 294 2497 1538 2506 1545 2517 1556 2519 1557 2518 1558 2517 1556 2516 1555 2519 1557 2500 1541 2495 1537 2496 1539 2495 1537 2506 1545 2497 1538 2498 1540 2499 290 2491 289 2500 1541 2496 1539 2499 290 2492 1535 2493 288 2494 1536 2498 1540 2491 289 2492 1535 2490 1534 2486 1533 2487 285 2493 288 2488 284 2494 1536 2476 299 2520 1559 2489 298 2520 1559 2490 1534 2489 298 2475 301 2481 1529 2477 1526 2476 299 2477 1526 2520 1559 2521 1560 2482 1530 2483 302 2483 302 2481 1529 2475 301 2521 1560 2484 1531 2485 1532 2485 1532 2482 1530 2521 1560 2469 1521 2470 1520 2472 1524 2468 1519 2469 1521 2484 1531 2471 1522 2462 1513 2473 1523 2470 1520 2471 1522 2472 1524 2463 1515 2473 1523 2462 1513 2522 1561 2524 1562 2523 1563 2525 1564 2527 1565 2526 1566 2528 1567 2530 1568 2529 1569 2531 1570 2529 1569 2532 1571 2528 1567 2534 1572 2533 1573 2531 1570 2534 1572 2529 1569 2535 1574 2523 1563 2524 1562 2536 1575 2538 1576 2537 1577 2522 1561 2539 1578 2526 1566 2540 1579 2542 1579 2541 1579 2543 1580 2538 1576 2536 1575 2544 1581 2546 1581 2545 1581 2547 1582 2549 1582 2548 1582 2550 1583 2552 1584 2551 1585 2553 1586 2555 1586 2554 1586 2544 1587 2556 1587 2546 1587 2557 1588 2536 1575 2547 1589 2552 1584 2553 1590 2551 1585 2550 1583 2551 1585 2558 1591 2542 1592 2559 1592 2541 1592 2560 1593 2562 1593 2561 1593 2537 1577 2538 1576 2535 1574 2549 1594 2547 1594 2563 1594 2524 1562 2522 1561 2564 1595 2535 1574 2538 1576 2523 1563 2565 1596 2560 1597 2566 1598 2567 1599 2568 1599 2565 1599 2561 1600 2566 1600 2560 1600 2569 1601 2571 1602 2570 1603 2544 1604 2572 1604 2556 1604 2573 1605 2574 1605 2547 1605 2545 1606 2575 1606 2544 1606 2576 1607 2577 1607 2547 1607 2544 1608 2579 1608 2578 1608 2575 1609 2579 1609 2544 1609 2547 1589 2581 1610 2580 1611 2570 1603 2544 1612 2582 1613 2578 1614 2582 1614 2544 1614 2570 1603 2582 1613 2569 1601 2583 1615 2581 1610 2571 1602 2570 1603 2571 1602 2581 1610 2581 1610 2583 1615 2580 1611 2547 1616 2580 1616 2576 1616 2547 1617 2577 1617 2573 1617 2584 1618 2547 1618 2585 1618 2547 1619 2574 1619 2585 1619 2547 1620 2587 1620 2586 1620 2584 1621 2587 1621 2547 1621 2548 1622 2588 1622 2547 1622 2586 1623 2563 1623 2547 1623 2547 1589 2589 1624 2557 1588 2588 1625 2589 1625 2547 1625 2589 1624 2590 1626 2557 1588 2590 1626 2591 1627 2557 1588 2551 1585 2557 1588 2592 1628 2593 1629 2592 1628 2557 1588 2594 1630 2595 1631 2551 1585 2551 1585 2595 1631 2558 1591 2552 1632 2544 1632 2596 1632 2553 1590 2552 1584 2596 1633 2597 1634 2598 1634 2544 1634 2599 1635 2600 1635 2544 1635 2599 1636 2544 1636 2598 1636 2572 1637 2544 1637 2600 1637 2530 1568 2564 1595 2529 1569 2529 1569 2534 1572 2528 1567 2522 1561 2526 1566 2564 1595 2530 1568 2524 1562 2564 1595 2526 1566 2601 1638 2529 1569 2529 1569 2564 1595 2526 1566 2529 1569 2601 1638 2532 1571 2555 1639 2596 1633 2602 1640 2553 1590 2603 1641 2551 1585 2544 1642 2552 1642 2597 1642 2557 1588 2591 1627 2593 1629 2557 1588 2543 1580 2536 1575 2543 1580 2604 1643 2538 1576 2537 1577 2547 1589 2536 1575 2523 1563 2604 1643 2605 1644 2522 1561 2605 1644 2565 1596 2538 1576 2604 1643 2523 1563 2565 1596 2566 1598 2522 1561 2522 1561 2523 1563 2605 1644 2539 1578 2522 1561 2566 1598 2525 1564 2526 1566 2539 1578 2527 1565 2606 1645 2601 1638 2527 1565 2601 1638 2526 1566 2532 1571 2601 1638 2606 1645 2553 1590 2596 1633 2555 1639 2557 1588 2551 1585 2540 1646 2594 1630 2551 1585 2592 1628 2543 1580 2607 1647 2541 1648 2543 1580 2557 1588 2607 1647 2608 1649 2609 1650 2604 1643 2609 1650 2610 1651 2605 1644 2609 1650 2605 1644 2604 1643 2610 1651 2567 1652 2565 1596 2610 1651 2565 1596 2605 1644 2565 1653 2568 1653 2560 1653 2611 1654 2525 1564 2539 1578 2612 1655 2553 1590 2554 1656 2612 1655 2603 1641 2553 1590 2603 1641 2540 1646 2551 1585 2540 1646 2607 1647 2557 1588 2540 1657 2541 1657 2607 1657 2541 1648 2608 1649 2543 1580 2543 1580 2608 1649 2604 1643 2613 1658 2615 1658 2614 1658 2616 1659 2618 1659 2617 1659 2619 1660 2620 1660 2618 1660 2621 1661 2618 1661 2622 1661 2623 1662 2625 1662 2624 1662 2626 1663 2627 1663 2618 1663 2618 1664 2627 1664 2617 1664 2628 1665 2629 1665 2618 1665 2618 1666 2629 1666 2626 1666 2630 1667 2631 1667 2618 1667 2618 1668 2631 1668 2628 1668 2618 1669 2620 1669 2632 1669 2618 1670 2632 1670 2630 1670 2633 1671 2619 1671 2624 1671 2618 1672 2624 1672 2619 1672 2634 1673 2635 1673 2624 1673 2624 1674 2635 1674 2633 1674 2636 1675 2637 1675 2624 1675 2624 1676 2637 1676 2634 1676 2638 1677 2639 1677 2624 1677 2624 1678 2639 1678 2636 1678 2624 1679 2625 1679 2638 1679 2623 1680 2624 1680 2615 1680 2614 1681 2641 1681 2640 1681 2624 1682 2614 1682 2615 1682 2642 1683 2643 1683 2614 1683 2614 1684 2643 1684 2613 1684 2644 1685 2645 1685 2614 1685 2614 1686 2645 1686 2642 1686 2614 1687 2640 1687 2644 1687 2621 1688 2646 1688 2614 1688 2641 1689 2614 1689 2646 1689 2647 1690 2648 1690 2621 1690 2621 1691 2648 1691 2646 1691 2649 1692 2650 1692 2621 1692 2621 1693 2650 1693 2647 1693 2651 1694 2652 1694 2621 1694 2621 1695 2652 1695 2649 1695 2622 1696 2653 1696 2621 1696 2621 1697 2653 1697 2651 1697 2618 1698 2616 1698 2622 1698 2654 1699 2656 1700 2655 1701 2657 1702 2658 1703 2656 1700 2655 1701 2656 1700 2658 1703 2659 1704 2657 1702 2660 1705 2657 1702 2659 1704 2658 1703 2660 1705 2662 1706 2661 1707 2661 1707 2659 1704 2660 1705 2663 1708 2664 1709 2662 1706 2661 1707 2662 1706 2664 1709 2665 1710 2663 1708 2666 1711 2663 1708 2665 1710 2664 1709 2666 1711 2668 1712 2667 1713 2667 1713 2665 1710 2666 1711 2669 1714 2671 1715 2670 1716 2667 1713 2668 1712 2670 1716 2672 1717 2671 1715 2673 1718 2673 1718 2671 1715 2669 1714 2672 1717 2675 1719 2674 1720 2675 1719 2672 1717 2673 1718 2668 1712 2669 1714 2670 1716 2676 1721 2654 1699 2655 1701 2677 1722 2676 1721 2678 1723 2676 1721 2677 1722 2654 1699 2678 1723 2680 1724 2679 1725 2679 1725 2677 1722 2678 1723 2681 1726 2682 1727 2680 1724 2679 1725 2680 1724 2682 1727 2683 1728 2681 1726 2684 1729 2681 1726 2683 1728 2682 1727 2684 1729 2686 1730 2685 1731 2685 1731 2683 1728 2684 1729 2687 1732 2688 1733 2686 1730 2685 1731 2686 1730 2688 1733 2689 1734 2687 1732 2690 1735 2687 1732 2689 1734 2688 1733 2690 1735 2692 1736 2691 1737 2691 1737 2689 1734 2690 1735 2691 1737 2692 1736 2693 1738 2692 1736 2694 1739 2693 1738 2695 1740 2697 1741 2696 1742 2698 1743 2700 1744 2699 1745 2701 1746 2703 1747 2702 1748 2704 1749 2706 1750 2705 1751 2707 1752 2709 1753 2708 1754 2710 1755 2712 143 2711 1756 2713 1757 2715 1758 2714 1759 2716 1760 2718 1761 2717 1762 2719 1763 2721 1764 2720 1765 2722 1766 2724 1767 2723 1768 2725 1769 2723 1768 2724 1767 2722 1766 2727 1770 2726 1771 2727 1770 2722 1766 2723 1768 2728 1772 2729 1773 2726 1771 2726 1771 2727 1770 2728 1772 2730 1774 2729 1773 2731 1773 2728 1772 2731 1773 2729 1773 2732 1775 2730 1774 2731 1773 2725 1769 2716 1760 2717 1762 2725 1769 2724 1767 2716 1760 2718 1761 2721 1764 2719 1763 2717 1762 2718 1761 2719 1763 2711 1756 2712 143 2720 1765 2721 1764 2711 1756 2720 1765 2713 1757 2714 1759 2710 1755 2710 1755 2714 1759 2712 143 2704 1749 2715 1758 2706 1750 2706 1750 2715 1758 2713 1757 2709 1753 2705 1751 2708 1754 2709 1753 2704 1749 2705 1751 2707 1752 2698 1743 2699 1745 2707 1752 2708 1754 2698 1743 2700 1744 2701 1746 2702 1748 2699 1745 2700 1744 2702 1748 2695 1740 2696 1742 2703 1747 2701 1746 2695 1740 2703 1747 2733 1776 2735 1776 2734 1776 2736 1777 2738 1777 2737 1777 2736 1778 2737 1778 2739 1778 2738 1779 2736 1779 2740 1779 2736 79 2739 79 2741 79 2740 1780 2743 1780 2742 1780 2742 79 2738 79 2740 79 2744 1781 2745 1781 2743 1781 2742 1782 2743 1782 2745 1782 2745 1783 2744 1783 2746 1783 2747 79 2749 79 2748 79 2750 1784 2751 1784 2746 1784 2746 79 2744 79 2750 79 2752 79 2751 79 2750 79 2752 1785 2735 1785 2733 1785 2733 79 2751 79 2752 79 2753 79 2755 79 2754 79 2734 79 2757 79 2756 79 2758 79 2756 79 2757 79 2759 79 2755 79 2760 79 2761 79 2763 79 2762 79 2757 79 2734 79 2735 79 2759 1786 2760 1786 2764 1786 2765 1787 2767 1787 2766 1787 2766 1788 2768 1788 2765 1788 2763 1789 2761 1789 2753 1789 2768 79 2749 79 2769 79 2761 79 2762 79 2767 79 2748 79 2771 79 2770 79 2741 79 2772 79 2771 79 2741 79 2739 79 2772 79 2771 1790 2772 1790 2770 1790 2771 79 2748 79 2749 79 2747 1791 2769 1791 2749 1791 2769 79 2765 79 2768 79 2766 1792 2767 1792 2762 1792 2754 1793 2755 1793 2759 1793 2763 1794 2753 1794 2754 1794 2760 79 2773 79 2764 79 2764 1376 2773 1376 2774 1376 2775 1795 2777 1795 2776 1795 2778 79 2780 79 2779 79 2781 1796 2777 1796 2782 1796 2775 79 2782 79 2777 79 2781 79 2784 79 2783 79 2784 1797 2781 1797 2782 1797 2784 1798 2785 1798 2783 1798 2786 1799 2785 1799 2787 1799 2785 1800 2786 1800 2783 1800 2787 79 2789 79 2788 79 2788 79 2786 79 2787 79 2790 1801 2792 1801 2791 1801 2788 79 2789 79 2790 79 2793 79 2795 79 2794 79 2796 79 2798 79 2797 79 2778 1802 2799 1802 2780 1802 2800 79 2779 79 2801 79 2802 79 2804 79 2803 79 2805 1803 2807 1803 2806 1803 2808 79 2810 79 2809 79 2811 1804 2812 1804 2808 1804 2812 1805 2811 1805 2803 1805 2808 1806 2809 1806 2811 1806 2804 79 2802 79 2806 79 2812 1807 2803 1807 2804 1807 2805 1808 2799 1808 2807 1808 2802 79 2805 79 2806 79 2780 79 2801 79 2779 79 2799 1809 2778 1809 2807 1809 2794 79 2800 79 2793 79 2800 79 2801 79 2793 79 2794 79 2795 79 2796 79 2797 1810 2798 1810 2791 1810 2796 1811 2795 1811 2798 1811 2790 1812 2789 1812 2792 1812 2797 1813 2791 1813 2792 1813 2813 1814 2815 1814 2814 1814 2816 79 2818 79 2817 79 2819 1815 2814 1815 2820 1815 2819 79 2813 79 2814 79 2821 79 2814 79 2822 79 2821 79 2820 79 2814 79 2823 79 2814 79 2824 79 2823 1816 2822 1816 2814 1816 2825 79 2814 79 2826 79 2825 79 2824 79 2814 79 2827 1817 2829 1817 2828 1817 2829 1818 2831 1818 2830 1818 2829 1819 2827 1819 2832 1819 2833 79 2828 79 2829 79 2826 79 2829 79 2830 79 2832 79 2831 79 2829 79 2829 79 2826 79 2814 79 2829 1820 2814 1820 2834 1820 2835 1821 2818 1821 2816 1821 2835 1822 2837 1822 2836 1822 2838 1823 2818 1823 2835 1823 2835 1824 2840 1824 2839 1824 2838 1825 2835 1825 2839 1825 2841 1826 2837 1826 2835 1826 2840 79 2835 79 2836 79 2842 79 2835 79 2843 79 2842 79 2841 79 2835 79 2843 1827 2835 1827 2829 1827 2843 1828 2829 1828 2834 1828 2844 79 2834 79 2845 79 2834 1829 2814 1829 2845 1829 2846 1830 2847 1830 2845 1830 2845 1831 2847 1831 2844 1831 2848 79 2849 79 2845 79 2845 1832 2849 1832 2846 1832 2850 79 2851 79 2845 79 2845 79 2851 79 2848 79 2852 1833 2853 1833 2845 1833 2845 79 2853 79 2850 79 2854 79 2856 79 2855 79 2857 79 2859 79 2858 79 2854 79 2855 79 2860 79 2861 79 2854 79 2862 79 2854 1834 2860 1834 2862 1834 2863 1835 2854 1835 2861 1835 2864 1836 2865 1836 2854 1836 2864 79 2854 79 2863 79 2866 79 2867 79 2854 79 2866 79 2854 79 2865 79 2868 1837 2854 1837 2867 1837 2869 79 2870 79 2858 79 2871 1838 2873 1838 2872 1838 2874 79 2872 79 2873 79 2875 1839 2872 1839 2876 1839 2875 1840 2871 1840 2872 1840 2872 1841 2878 1841 2877 1841 2876 1842 2872 1842 2877 1842 2872 1843 2879 1843 2878 1843 2880 1844 2872 1844 2881 1844 2880 1845 2879 1845 2872 1845 2872 1846 2858 1846 2881 1846 2857 1847 2858 1847 2882 1847 2870 79 2883 79 2858 79 2884 1848 2858 1848 2859 1848 2885 79 2869 79 2858 79 2885 79 2858 79 2884 79 2881 1849 2858 1849 2886 1849 2886 1850 2858 1850 2883 1850 2886 1851 2868 1851 2867 1851 2867 1852 2881 1852 2886 1852 2887 1853 2854 1853 2868 1853 2888 1854 2887 1854 2889 1854 2887 1855 2868 1855 2889 1855 2890 79 2887 79 2891 79 2887 79 2888 79 2891 79 2892 79 2887 79 2893 79 2887 1856 2890 1856 2893 1856 2894 79 2887 79 2895 79 2887 1857 2892 1857 2895 1857 2887 79 2894 79 2896 79 2897 1858 2899 1858 2898 1858 2900 79 2902 79 2901 79 2897 79 2898 79 2903 79 2904 1859 2897 1859 2905 1859 2897 79 2903 79 2905 79 2906 1860 2897 1860 2904 1860 2907 1861 2908 1861 2897 1861 2907 1862 2897 1862 2906 1862 2909 79 2910 79 2897 79 2909 79 2897 79 2908 79 2911 1863 2897 1863 2910 1863 2912 79 2913 79 2901 79 2914 1864 2916 1864 2915 1864 2917 1865 2915 1865 2916 1865 2918 1866 2915 1866 2919 1866 2918 1867 2914 1867 2915 1867 2915 1868 2921 1868 2920 1868 2919 1869 2915 1869 2920 1869 2915 1870 2922 1870 2921 1870 2923 1871 2915 1871 2924 1871 2923 1872 2922 1872 2915 1872 2915 1873 2901 1873 2924 1873 2900 1874 2901 1874 2925 1874 2913 79 2926 79 2901 79 2927 79 2901 79 2902 79 2928 79 2912 79 2901 79 2928 79 2901 79 2927 79 2924 1875 2901 1875 2929 1875 2929 1876 2901 1876 2926 1876 2929 1877 2911 1877 2910 1877 2910 1878 2924 1878 2929 1878 2930 1879 2897 1879 2911 1879 2931 79 2930 79 2932 79 2930 1880 2911 1880 2932 1880 2933 1881 2930 1881 2934 1881 2930 1882 2931 1882 2934 1882 2935 79 2930 79 2936 79 2930 79 2933 79 2936 79 2937 1883 2930 1883 2938 1883 2930 79 2935 79 2938 79 2930 79 2937 79 2939 79 2940 1884 2942 1885 2941 1884 2943 1886 2945 1887 2944 1888 2946 1889 2948 1890 2947 1891 2949 1889 2951 1892 2950 1892 2952 1893 2954 1894 2953 1893 2955 1894 2957 1895 2956 1895 2958 1896 2960 1896 2959 1897 2961 1898 2963 1897 2962 1898 2964 1899 2966 1900 2965 1900 2967 1901 2969 1902 2968 1899 2970 1903 2972 1904 2971 1903 2971 1903 2966 1900 2970 1903 2973 1905 2972 1904 2974 1906 2970 1903 2974 1906 2972 1904 2973 1905 2976 138 2975 1907 2976 138 2973 1905 2974 1906 2977 1908 2978 1909 2975 1907 2975 1907 2976 138 2977 1908 2966 1900 2971 1903 2965 1900 2977 1908 2979 1909 2978 1909 2964 1899 2965 1900 2968 1899 2969 1902 2967 1901 2958 1896 2964 1899 2968 1899 2969 1902 2960 1896 2963 1897 2959 1897 2967 1901 2960 1896 2958 1896 2962 1898 2953 1893 2961 1898 2963 1897 2961 1898 2959 1897 2955 1894 2954 1894 2952 1893 2952 1893 2953 1893 2962 1898 2948 1890 2956 1895 2957 1895 2956 1895 2954 1894 2955 1894 2946 1889 2947 1891 2949 1889 2948 1890 2957 1895 2947 1891 2950 1892 2951 1892 2941 1884 2946 1889 2949 1889 2950 1892 2940 1884 2945 1887 2942 1885 2951 1892 2940 1884 2941 1884 2943 1886 2942 1885 2945 1887 2980 1910 2982 1910 2981 1910 2983 1911 2985 1911 2984 1911 2980 1912 2983 1912 2986 1912 2981 1913 2985 1913 2983 1913 2981 1914 2983 1914 2980 1914 2983 1915 2987 1915 2986 1915 2988 1916 2990 1916 2989 1916 2989 1917 2991 1917 2988 1917 2992 1918 2994 1918 2993 1918 2994 1919 2996 1919 2995 1919 2997 1920 2992 1920 2993 1920 3000 1921 2992 1921 2997 1921 2994 1922 2992 1922 2996 1922 2998 1923 2993 1923 2994 1923 2993 1924 2999 1924 3001 1924 2993 1925 2998 1925 2999 1925 3002 322 3004 1926 3003 1927 3003 1927 3006 1928 3005 323 3005 323 3002 322 3003 1927 3007 1929 3008 1930 3006 1928 3005 323 3006 1928 3008 1930 3009 1931 3007 1929 3010 1932 3007 1929 3009 1931 3008 1930 3010 1932 3012 1933 3011 1934 3011 1934 3009 1931 3010 1932 3013 352 3014 314 3012 1933 3011 1934 3012 1933 3014 314 3015 313 3013 352 3016 1935 3013 352 3015 313 3014 314 3016 1935 3018 1936 3017 1937 3017 1937 3015 313 3016 1935 3019 1938 3020 310 3018 1936 3017 1937 3018 1936 3020 310 3021 1939 3019 1938 3022 1940 3019 1938 3021 1939 3020 310 3023 1941 3021 1939 3022 1940 3023 1941 3022 1940 3024 1941 3002 322 3025 321 3004 1926 3026 1942 3027 1943 3025 321 3004 1926 3025 321 3027 1943 3028 1944 3026 1942 3029 325 3026 1942 3028 1944 3027 1943 3029 325 3031 324 3030 1945 3030 1945 3028 1944 3029 325 3032 1946 3033 1947 3031 324 3030 1945 3031 324 3033 1947 3034 1948 3032 1946 3035 327 3032 1946 3034 1948 3033 1947 3035 327 3037 340 3036 1949 3036 1949 3034 1948 3035 327 3038 1950 3039 1951 3037 340 3036 1949 3037 340 3039 1951 3040 1952 3038 1950 3041 333 3038 1950 3040 1952 3039 1951 3041 333 3043 335 3042 1953 3042 1953 3040 1952 3041 333 3042 1953 3043 335 3044 1954 3043 335 3045 1955 3044 1954 3046 1956 3048 1956 3047 1956 3049 1957 3051 1957 3050 1957 3052 1958 3053 1958 3049 1958 3046 1959 3049 1959 3048 1959 3048 1960 3055 1960 3054 1960 3049 1961 3050 1961 3048 1961 3048 1962 3050 1962 3055 1962 3049 1963 3053 1963 3051 1963 3056 1964 3058 1965 3057 1966 3059 145 3061 1967 3060 145 3062 1968 3064 1969 3063 1970 3065 1971 3067 1972 3066 1973 3068 1974 3070 1975 3069 1976 3071 1977 3073 1978 3072 1979 3074 1980 3076 1981 3075 1982 3077 1983 3079 1984 3078 1985 3080 1986 3082 1987 3081 1988 3083 1989 3085 1990 3084 1991 3086 1992 3088 1993 3087 1994 3089 1995 3091 1996 3090 1997 3092 1998 3094 1998 3093 122 3095 1999 3097 121 3096 2000 3098 2001 3100 2002 3099 2002 3101 2003 3103 2003 3102 2001 3104 2004 3106 2005 3105 2004 3107 2005 3109 2006 3108 2006 3110 2007 3112 2007 3111 2008 3113 2009 3115 2008 3114 2009 3116 2010 3112 2007 3110 2007 3116 2010 3118 2011 3117 2012 3118 2011 3116 2010 3110 2007 3119 2012 3120 2013 3117 2012 3117 2012 3118 2011 3119 2012 3121 2014 3120 2013 3122 2013 3119 2012 3122 2013 3120 2013 3121 2014 3124 2014 3123 2015 3124 2014 3121 2014 3122 2013 3125 2015 3126 1906 3123 2015 3123 2015 3124 2014 3125 2015 3127 2016 3126 1906 3128 1906 3125 2015 3128 1906 3126 1906 3127 2016 3130 2016 3129 2017 3130 2016 3127 2016 3128 1906 3131 2017 3060 145 3129 2017 3129 2017 3130 2016 3131 2017 3111 2008 3115 2008 3113 2009 3131 2017 3059 145 3060 145 3112 2007 3115 2008 3111 2008 3104 2004 3105 2004 3114 2009 3114 2009 3105 2004 3113 2009 3108 2006 3106 2005 3107 2005 3107 2005 3106 2005 3104 2004 3100 2002 3109 2006 3099 2002 3100 2002 3108 2006 3109 2006 3098 2001 3102 2001 3103 2003 3098 2001 3099 2002 3102 2001 3101 2003 3094 1998 3092 1998 3103 2003 3101 2003 3092 1998 3097 121 3095 1999 3093 122 3094 1998 3097 121 3093 122 3086 1992 3087 1994 3096 2000 3096 2000 3087 1994 3095 1999 3090 1997 3088 1993 3089 1995 3089 1995 3088 1993 3086 1992 3082 1987 3090 1997 3091 1996 3080 1986 3081 1988 3084 1991 3082 1987 3091 1996 3081 1988 3085 1990 3083 1989 3074 1980 3080 1986 3084 1991 3085 1990 3076 1981 3079 1984 3075 1982 3083 1989 3076 1981 3074 1980 3078 1985 3069 1976 3077 1983 3079 1984 3077 1983 3075 1982 3071 1977 3070 1975 3068 1974 3068 1974 3069 1976 3078 1985 3064 1969 3072 1979 3073 1978 3072 1979 3070 1975 3071 1977 3062 1968 3063 1970 3065 1971 3064 1969 3073 1978 3063 1970 3066 1973 3067 1972 3057 1966 3062 1968 3065 1971 3066 1973 3056 1964 3061 1967 3058 1965 3067 1972 3056 1964 3057 1966 3059 145 3058 1965 3061 1967 3132 2018 3134 2018 3133 2018 3134 2019 3132 2019 3135 2019 3136 2020 3138 2021 3137 2022 3139 2023 3141 2023 3140 2024 3142 2025 3138 2021 3143 2026 3138 2021 3142 2025 3137 2022 3144 2027 3145 2026 3143 2026 3142 2025 3143 2026 3145 2026 3144 2027 3147 2028 3146 2027 3146 2027 3145 2026 3144 2027 3147 2028 3148 2028 3146 2027 3149 2029 3136 2020 3137 2022 3150 2030 3151 2031 3149 2029 3136 2020 3149 2029 3151 2031 3150 2030 3153 2032 3152 2030 3152 2030 3151 2031 3150 2030 3154 2033 3153 2032 3141 2023 3153 2032 3154 2033 3152 2030 3155 2034 3157 2024 3156 2035 3154 2033 3141 2023 3139 2023 3158 2036 3160 2037 3159 2036 3161 2038 3163 2038 3162 2037 3164 2039 3166 2039 3165 2040 3167 2041 3166 2039 3168 2041 3169 2042 3170 2040 3165 2040 3164 2039 3165 2040 3170 2040 3171 2042 3170 2040 3169 2042 3167 2041 3168 2041 3158 2036 3168 2041 3166 2039 3164 2039 3160 2037 3162 2037 3159 2036 3158 2036 3159 2036 3167 2041 3161 2038 3155 2034 3163 2038 3160 2037 3161 2038 3162 2037 3156 2035 3157 2024 3140 2024 3163 2038 3155 2034 3156 2035 3139 2023 3140 2024 3157 2024 3172 2043 3174 2043 3173 2043 3174 2044 3172 2044 3175 2044 3176 2045 3178 2045 3177 2046 3179 2047 3181 2047 3180 2046 3182 2048 3184 2049 3183 2049 3185 2048 3187 2050 3186 2050 3188 2051 3190 2051 3189 2052 3191 2052 3193 2053 3192 2053 3194 2054 3196 2055 3195 2054 3195 2054 3190 2051 3194 2054 3197 2055 3196 2055 3198 2056 3196 2055 3197 2055 3195 2054 3190 2051 3188 2051 3194 2054 3197 2055 3198 2056 3199 2056 3191 2052 3188 2051 3189 2052 3183 2049 3192 2053 3193 2053 3193 2053 3191 2052 3189 2052 3182 2048 3185 2048 3184 2049 3183 2049 3184 2049 3192 2053 3187 2050 3178 2045 3186 2050 3182 2048 3187 2050 3185 2048 3176 2045 3177 2046 3180 2046 3186 2050 3178 2045 3176 2045 3179 2047 3180 2046 3177 2046 3200 2057 3202 2057 3201 2057 3200 2058 3201 2058 3203 2058 3204 2059 3206 2060 3205 2061 3207 2062 3209 2062 3208 2061 3210 2063 3212 2064 3211 2064 3213 2063 3215 2065 3214 2065 3216 2066 3218 2066 3217 2067 3219 2067 3221 2068 3220 2069 3218 2066 3223 2070 3222 2070 3223 2070 3218 2066 3216 2066 3224 2071 3222 2070 3225 2071 3223 2070 3225 2071 3222 2070 3219 2067 3216 2066 3217 2067 3211 2064 3220 2069 3221 2068 3221 2068 3219 2067 3217 2067 3210 2063 3213 2063 3212 2064 3211 2064 3212 2064 3220 2069 3215 2065 3206 2060 3214 2065 3210 2063 3215 2065 3213 2063 3204 2059 3205 2061 3208 2061 3214 2065 3206 2060 3204 2059 3207 2062 3208 2061 3205 2061 3226 2072 3228 2072 3227 2072 3226 2073 3227 2073 3229 2073 3230 2074 3232 2075 3231 2076 3233 2077 3235 2077 3234 2078 3236 2079 3238 2080 3237 2080 3239 2081 3232 2075 3240 2082 3241 2083 3243 2084 3242 2085 3244 2086 3246 2087 3245 2087 3243 2084 3248 2088 3247 2088 3248 2088 3243 2084 3241 2083 3249 2089 3247 2088 3250 2089 3248 2088 3250 2089 3247 2088 3244 2086 3241 2083 3242 2085 3237 2080 3245 2087 3246 2087 3246 2087 3244 2086 3242 2085 3236 2079 3239 2081 3238 2080 3237 2080 3238 2080 3245 2087 3236 2079 3232 2075 3239 2081 3230 2074 3231 2076 3234 2078 3240 2082 3232 2075 3230 2074 3233 2077 3234 2078 3231 2076 3251 2090 3253 2090 3252 2090 3251 2091 3252 2091 3254 2091 3255 2092 3257 2093 3256 2094 3258 2095 3260 2095 3259 2094 3261 2096 3263 2097 3262 2097 3264 2098 3266 2099 3265 2100 3267 2101 3269 2102 3268 2103 3270 2104 3272 2105 3271 2106 3269 2102 3274 2107 3273 2108 3274 2107 3269 2102 3267 2101 3275 2109 3273 2108 3276 2110 3274 2107 3276 2110 3273 2108 3270 2104 3267 2101 3268 2103 3262 2097 3271 2106 3272 2105 3272 2105 3270 2104 3268 2103 3261 2096 3264 2098 3263 2097 3262 2097 3263 2097 3271 2106 3266 2099 3257 2093 3265 2100 3261 2096 3266 2099 3264 2098 3255 2092 3256 2094 3259 2094 3265 2100 3257 2093 3255 2092 3258 2095 3259 2094 3256 2094 3277 2111 3279 2111 3278 2111 3277 2112 3278 2112 3280 2112 3281 2113 3283 2114 3282 2115 3284 2116 3286 2116 3285 2115 3287 2117 3289 2118 3288 2119 3290 2120 3292 2121 3291 2122 3293 2123 3295 2124 3294 2125 3296 2125 3298 2126 3297 2127 3295 2124 3300 2128 3299 2129 3300 2128 3295 2124 3293 2123 3301 2130 3299 2129 3302 2131 3300 2128 3302 2131 3299 2129 3296 2125 3293 2123 3294 2125 3288 2119 3297 2127 3298 2126 3298 2126 3296 2125 3294 2125 3287 2117 3290 2120 3289 2118 3288 2119 3289 2118 3297 2127 3292 2121 3283 2114 3291 2122 3287 2117 3292 2121 3290 2120 3281 2113 3282 2115 3285 2115 3291 2122 3283 2114 3281 2113 3284 2116 3285 2115 3282 2115 3303 2132 3305 2132 3304 2132 3303 2133 3304 2133 3306 2133 3307 2134 3309 2135 3308 2136 3310 2137 3312 2138 3311 2139 3313 2140 3315 2141 3314 2142 3316 2143 3318 2144 3317 2145 3319 2146 3321 2147 3320 2148 3319 2146 3323 2149 3322 2150 3324 2151 3321 2147 3325 2152 3321 2147 3324 2151 3320 2148 3319 2146 3320 2148 3323 2149 3324 2151 3325 2152 3326 2153 3314 2142 3322 2150 3323 2149 3313 2140 3316 2143 3315 2141 3314 2142 3315 2141 3322 2150 3318 2144 3309 2135 3317 2145 3313 2140 3318 2144 3316 2143 3307 2134 3308 2136 3311 2139 3317 2145 3309 2135 3307 2134 3310 2137 3311 2139 3308 2136 3327 2154 3329 2154 3328 2154 3327 2155 3328 2155 3330 2155 3331 2134 3333 2156 3332 2136 3334 2157 3336 2158 3335 2159 3337 2160 3339 2161 3338 2142 3340 2162 3342 2163 3341 1932 3343 2164 3345 2147 3344 2148 3343 2164 3347 2165 3346 2166 3348 2151 3345 2147 3349 2167 3345 2147 3348 2151 3344 2148 3343 2164 3344 2148 3347 2165 3348 2151 3349 2167 3350 2152 3338 2142 3346 2166 3347 2165 3337 2160 3340 2162 3339 2161 3338 2142 3339 2161 3346 2166 3342 2163 3333 2156 3341 1932 3337 2160 3342 2163 3340 2162 3331 2134 3332 2136 3335 2159 3341 1932 3333 2156 3331 2134 3334 2157 3335 2159 3332 2136 3351 2168 3353 2168 3352 2168 3351 2169 3352 2169 3354 2169 3355 2170 3357 2171 3356 2172 3358 2173 3360 2174 3359 2175 3361 2176 3363 2177 3362 2178 3364 2176 3366 2179 3365 2180 3367 2181 3369 2182 3368 2183 3370 2184 3372 2185 3371 2186 3369 2182 3374 2187 3373 2187 3374 2187 3369 2182 3367 2181 3375 2188 3373 2187 3376 2188 3374 2187 3376 2188 3373 2187 3370 2184 3367 2181 3368 2183 3362 2178 3371 2186 3372 2185 3372 2185 3370 2184 3368 2183 3361 2176 3364 2176 3363 2177 3362 2178 3363 2177 3371 2186 3366 2179 3357 2171 3365 2180 3361 2176 3366 2179 3364 2176 3355 2170 3356 2172 3359 2175 3365 2180 3357 2171 3355 2170 3358 2173 3359 2175 3356 2172 3377 2189 3379 2189 3378 2189 3377 2190 3378 2190 3380 2190 3381 2191 3383 2191 3382 2192 3384 2193 3386 2193 3385 2194 3387 2195 3389 2196 3388 2196 3390 2197 3392 2198 3391 2198 3393 2199 3395 2200 3394 2201 3396 2202 3398 2203 3397 2204 3395 2200 3400 2205 3399 2205 3400 2205 3395 2200 3393 2199 3401 2206 3399 2205 3402 2206 3400 2205 3402 2206 3399 2205 3396 2202 3393 2199 3394 2201 3388 2196 3397 2204 3398 2203 3398 2203 3396 2202 3394 2201 3387 2195 3390 2197 3389 2196 3388 2196 3389 2196 3397 2204 3392 2198 3383 2191 3391 2198 3387 2195 3392 2198 3390 2197 3381 2191 3382 2192 3385 2194 3391 2198 3383 2191 3381 2191 3384 2193 3385 2194 3382 2192 3403 2207 3405 2207 3404 2207 3403 2208 3404 2208 3406 2208 3407 2114 3409 2114 3408 2209 3410 2210 3412 2116 3411 2211 3413 2212 3415 2213 3414 2118 3416 2214 3418 2121 3417 2215 3419 2124 3421 2124 3420 2125 3422 2216 3424 2217 3423 2127 3421 2124 3426 2129 3425 2129 3426 2129 3421 2124 3419 2124 3427 2131 3425 2129 3428 2131 3426 2129 3428 2131 3425 2129 3422 2216 3419 2124 3420 2125 3414 2118 3423 2127 3424 2217 3424 2217 3422 2216 3420 2125 3413 2212 3416 2214 3415 2213 3414 2118 3415 2213 3423 2127 3418 2121 3409 2114 3417 2215 3413 2212 3418 2121 3416 2214 3407 2114 3408 2209 3411 2211 3417 2215 3409 2114 3407 2114 3410 2210 3411 2211 3408 2209 3429 2218 3431 2218 3430 2218 3429 2219 3432 2219 3431 2219 3430 2220 3431 2220 3433 2220 3433 2221 3431 2221 3434 2221 3433 2222 3434 2222 3435 2222 3435 2223 3434 2223 3436 2223 3437 2224 3439 2224 3438 2224 3438 60 3440 60 3437 60 3441 2225 3443 2225 3442 2225 3442 2226 3444 2226 3441 2226 3442 2227 3443 2227 3445 2227 3446 2228 3448 2228 3447 2228 3447 79 3449 79 3446 79 3450 2229 3452 2229 3451 2229 3453 2230 3454 2230 3452 2230 3455 2231 3452 2231 3450 2231 3452 2232 3456 2232 3451 2232 3452 2233 3455 2233 3457 2233 3458 2234 3456 2234 3452 2234 3457 2235 3459 2235 3452 2235 3458 2236 3452 2236 3460 2236 3461 2237 3452 2237 3459 2237 3452 2238 3462 2238 3460 2238 3452 2239 3461 2239 3463 2239 3464 2240 3462 2240 3452 2240 3463 2241 3465 2241 3452 2241 3464 2242 3452 2242 3466 2242 3467 2243 3468 2243 3452 2243 3452 2244 3468 2244 3466 2244 3467 2245 3470 2245 3469 2245 3470 2246 3467 2246 3452 2246 3471 2247 3470 2247 3472 2247 3471 2248 3469 2248 3470 2248 3473 2249 3470 2249 3474 2249 3473 2250 3472 2250 3470 2250 3475 2251 3470 2251 3476 2251 3475 2252 3474 2252 3470 2252 3465 2253 3453 2253 3452 2253 3477 2254 3479 2254 3478 2254 3480 2255 3482 2255 3481 2255 3483 79 3485 79 3484 79 3486 79 3488 79 3487 79 3488 79 3489 79 3487 79 3486 79 3491 79 3490 79 3490 79 3488 79 3486 79 3492 79 3491 79 3485 79 3491 2256 3492 2256 3490 2256 3483 2257 3484 2257 3493 2257 3492 2258 3485 2258 3483 2258 3494 79 3495 79 3493 79 3493 79 3484 79 3494 79 3496 79 3495 79 3494 79 3497 2259 3498 2259 3496 2259 3495 2260 3496 2260 3498 2260 3497 79 3500 79 3499 79 3499 79 3498 79 3497 79 3482 79 3500 79 3479 79 3500 79 3482 79 3499 79 3478 2261 3501 2261 3477 2261 3477 79 3502 79 3479 79 3482 2262 3479 2262 3502 2262 3480 2263 3481 2263 3503 2263 3502 2264 3481 2264 3482 2264 3504 2265 3506 2265 3505 2265 3506 2266 3504 2266 3507 2266 3508 2267 3509 2267 3504 2267 3507 2268 3504 2268 3509 2268 3510 2269 3511 2269 3508 2269 3508 2270 3511 2270 3509 2270 3512 2271 3513 2271 3508 2271 3508 2272 3513 2272 3510 2272 3514 2273 3516 2273 3515 2273 3517 79 3518 79 3515 79 3514 2274 3519 2274 3516 2274 3520 2275 3518 2275 3517 2275 3514 79 3515 79 3518 79 3521 2276 3523 2276 3522 2276 3523 2277 3521 2277 3524 2277 3525 2278 3527 2278 3526 2278 3527 79 3525 79 3528 79 3529 2279 3531 2279 3530 2279 3531 2280 3529 2280 3532 2280 3533 2281 3535 2281 3534 2281 3535 60 3533 60 3536 60 3537 2282 3539 2282 3538 2282 3540 2283 3541 2283 3537 2283 3538 2284 3540 2284 3537 2284 3542 2285 3544 2285 3543 2285 3545 2286 3546 2286 3543 2286 3542 2287 3547 2287 3544 2287 3548 2288 3546 2288 3545 2288 3542 2289 3543 2289 3546 2289 3550 2290 3549 2290 3551 2290 3549 2291 3550 2291 3552 2291 3549 2292 3553 2292 3551 2292 3549 2293 3554 2293 3553 2293 3555 2294 3554 2294 3556 2294 3557 2295 3556 2295 3558 2295 3557 2296 3555 2296 3556 2296 3558 2297 3556 2297 3559 2297 3554 2298 3549 2298 3556 2298 3560 2299 3562 2299 3561 2299 3561 79 3563 79 3560 79 3564 2300 3566 2300 3565 2300 3564 2301 3567 2301 3566 2301 3565 2302 3566 2302 3568 2302 3565 2303 3568 2303 3569 2303 3570 2304 3572 2304 3571 2304 3571 60 3573 60 3570 60 3574 2305 3576 2305 3575 2305 3574 2306 3577 2306 3576 2306 3575 2307 3576 2307 3578 2307 3579 2308 3580 2308 3578 2308 3578 2309 3576 2309 3579 2309 3580 2310 3579 2310 3581 2310 3582 2311 3584 2311 3583 2311 3585 2312 3587 2312 3586 2312 3588 2313 3590 2313 3589 2313 3591 2314 3593 2314 3592 2314 3594 2315 3596 2315 3595 2315 3597 2316 3599 2316 3598 2316 3598 2317 3601 2317 3600 2317 3602 2318 3604 2318 3603 2318 3595 2319 3596 2319 3593 2319 3605 2320 3607 2320 3606 2320 3608 2321 3610 2321 3609 2321 3611 2322 3613 2322 3612 2322 3614 2323 3616 2323 3615 2323 3617 2324 3619 2324 3618 2324 3618 2325 3619 2325 3620 2325 3621 2326 3623 2326 3622 2326 3588 2327 3625 2327 3624 2327 3626 2328 3628 2328 3627 2328 3628 2329 3630 2329 3629 2329 3631 2330 3619 2330 3632 2330 3633 2331 3635 2331 3634 2331 3636 2332 3638 2332 3637 2332 3588 2333 3640 2333 3639 2333 3633 2334 3641 2334 3635 2334 3619 2335 3617 2335 3642 2335 3588 2336 3644 2336 3643 2336 3619 2337 3588 2337 3645 2337 3646 2338 3647 2338 3619 2338 3645 2339 3588 2339 3648 2339 3642 2340 3649 2340 3619 2340 3620 2341 3619 2341 3647 2341 3642 2342 3650 2342 3649 2342 3643 2343 3651 2343 3588 2343 3625 2344 3588 2344 3589 2344 3649 2345 3650 2345 3652 2345 3652 2346 3622 2346 3649 2346 3652 2347 3621 2347 3622 2347 3653 2348 3588 2348 3654 2348 3655 2349 3656 2349 3621 2349 3656 2350 3623 2350 3621 2350 3657 2351 3659 2351 3658 2351 3659 2352 3629 2352 3658 2352 3658 2353 3629 2353 3630 2353 3660 2354 3628 2354 3661 2354 3629 2355 3661 2355 3628 2355 3662 2356 3628 2356 3663 2356 3628 2357 3660 2357 3663 2357 3627 2358 3628 2358 3664 2358 3628 2359 3662 2359 3664 2359 3665 2360 3628 2360 3626 2360 3665 2361 3667 2361 3666 2361 3665 2362 3626 2362 3667 2362 3665 2363 3669 2363 3668 2363 3670 2364 3672 2364 3671 2364 3673 2365 3675 2365 3674 2365 3676 2366 3634 2366 3677 2366 3675 2367 3673 2367 3678 2367 3677 2368 3680 2368 3679 2368 3681 2369 3673 2369 3682 2369 3680 2370 3677 2370 3683 2370 3681 2371 3615 2371 3616 2371 3682 2372 3615 2372 3681 2372 3614 2373 3684 2373 3616 2373 3685 2374 3687 2374 3686 2374 3684 2375 3688 2375 3616 2375 3689 2376 3691 2376 3690 2376 3692 2377 3693 2377 3616 2377 3692 2378 3616 2378 3688 2378 3613 2379 3693 2379 3612 2379 3693 2380 3613 2380 3616 2380 3694 2381 3613 2381 3611 2381 3613 2382 3607 2382 3605 2382 3607 2383 3613 2383 3694 2383 3695 2384 3696 2384 3605 2384 3605 2385 3606 2385 3695 2385 3697 2386 3698 2386 3605 2386 3697 2387 3605 2387 3696 2387 3699 2388 3700 2388 3605 2388 3699 2389 3605 2389 3698 2389 3609 2390 3701 2390 3608 2390 3608 2391 3700 2391 3610 2391 3702 2392 3704 2392 3703 2392 3705 2393 3707 2393 3706 2393 3708 2394 3710 2394 3709 2394 3711 2395 3713 2395 3712 2395 3585 2396 3584 2396 3714 2396 3715 2397 3716 2397 3586 2397 3592 2398 3717 2398 3591 2398 3718 2399 3582 2399 3583 2399 3598 2400 3599 2400 3719 2400 3598 2401 3600 2401 3720 2401 3598 2402 3719 2402 3601 2402 3599 2403 3721 2403 3719 2403 3592 2404 3720 2404 3717 2404 3720 2405 3600 2405 3717 2405 3718 2406 3594 2406 3595 2406 3596 2407 3592 2407 3593 2407 3714 2408 3584 2408 3582 2408 3718 2409 3583 2409 3594 2409 3715 2410 3586 2410 3587 2410 3585 2411 3714 2411 3587 2411 3716 2412 3604 2412 3722 2412 3586 2413 3716 2413 3722 2413 3603 2414 3723 2414 3602 2414 3604 2415 3602 2415 3722 2415 3710 2416 3723 2416 3709 2416 3603 2417 3709 2417 3723 2417 3724 2418 3725 2418 3708 2418 3708 2419 3725 2419 3710 2419 3724 2420 3712 2420 3713 2420 3713 2421 3725 2421 3724 2421 3711 2422 3727 2422 3726 2422 3713 2423 3711 2423 3726 2423 3728 2424 3727 2424 3703 2424 3727 2425 3728 2425 3726 2425 3704 2426 3702 2426 3636 2426 3728 2427 3703 2427 3704 2427 3638 2428 3636 2428 3729 2428 3636 2429 3702 2429 3729 2429 3705 2430 3706 2430 3637 2430 3638 2431 3705 2431 3637 2431 3707 2432 3731 2432 3730 2432 3706 2433 3707 2433 3730 2433 3732 2434 3731 2434 3733 2434 3731 2435 3732 2435 3730 2435 3734 2436 3735 2436 3733 2436 3732 2437 3733 2437 3735 2437 3734 2438 3737 2438 3736 2438 3736 2439 3735 2439 3734 2439 3608 2440 3736 2440 3737 2440 3608 2441 3737 2441 3738 2441 3608 2442 3701 2442 3736 2442 3739 2443 3608 2443 3738 2443 3740 2444 3741 2444 3608 2444 3742 2445 3743 2445 3608 2445 3741 2446 3745 2446 3744 2446 3746 2447 3747 2447 3741 2447 3741 2448 3749 2448 3748 2448 3750 2449 3752 2449 3751 2449 3753 2450 3752 2450 3747 2450 3744 2451 3749 2451 3741 2451 3752 2452 3750 2452 3754 2452 3755 2453 3757 2453 3756 2453 3757 2454 3755 2454 3758 2454 3759 2455 3605 2455 3608 2455 3755 2456 3756 2456 3760 2456 3761 2457 3760 2457 3756 2457 3761 2458 3763 2458 3762 2458 3761 2459 3764 2459 3760 2459 3758 2460 3752 2460 3757 2460 3765 2461 3768 2461 3767 2461 3769 2462 3771 2462 3770 2462 3764 2463 3761 2463 3762 2463 3770 2464 3772 2464 3769 2464 3773 2465 3605 2465 3759 2465 3774 2466 3776 2466 3775 2466 3777 2467 3779 2467 3778 2467 3770 2468 3781 2468 3780 2468 3781 2469 3770 2469 3783 2469 3781 2470 3782 2470 3784 2470 3785 2471 3787 2471 3786 2471 3788 2472 3783 2472 3789 2472 3786 2473 3791 2473 3790 2473 3792 2474 3794 2474 3793 2474 3795 2475 3797 2475 3796 2475 3798 2476 3800 2476 3799 2476 3801 2477 3802 2477 3800 2477 3803 2478 3805 2478 3804 2478 3806 2479 3808 2479 3807 2479 3805 2480 3803 2480 3809 2480 3810 2481 3798 2481 3811 2481 3812 2482 3803 2482 3813 2482 3814 2483 3803 2483 3815 2483 3809 2484 3803 2484 3812 2484 3816 2485 3804 2485 3817 2485 3816 2486 3819 2486 3818 2486 3818 2487 3804 2487 3816 2487 3818 2488 3819 2488 3820 2488 3821 2489 3817 2489 3804 2489 3820 2490 3822 2490 3818 2490 3823 2491 3824 2491 3808 2491 3825 2492 3815 2492 3826 2492 3827 2493 3798 2493 3810 2493 3828 2494 3804 2494 3805 2494 3829 2495 3830 2495 3821 2495 3827 2496 3831 2496 3798 2496 3832 2497 3833 2497 3808 2497 3834 2498 3835 2498 3823 2498 3793 2499 3836 2499 3792 2499 3834 2500 3837 2500 3835 2500 3784 2501 3838 2501 3795 2501 3778 2502 3840 2502 3839 2502 3790 2503 3791 2503 3841 2503 3842 2504 3844 2504 3843 2504 3845 2505 3847 2505 3846 2505 3850 2506 3791 2506 3851 2506 3852 2507 3854 2507 3853 2507 3855 2508 3856 2508 3791 2508 3791 2509 3856 2509 3851 2509 3857 2510 3791 2510 3858 2510 3857 2511 3855 2511 3791 2511 3859 2512 3858 2512 3791 2512 3802 2513 3860 2513 3800 2513 3847 2514 3861 2514 3846 2514 3786 2515 3787 2515 3791 2515 3862 2516 3823 2516 3808 2516 3823 2517 3862 2517 3834 2517 3863 2518 3792 2518 3836 2518 3864 2519 3844 2519 3842 2519 3791 2520 3787 2520 3859 2520 3831 2521 3794 2521 3792 2521 3804 2522 3865 2522 3821 2522 3800 2523 3798 2523 3801 2523 3807 2524 3866 2524 3806 2524 3806 2525 3832 2525 3808 2525 3811 2526 3798 2526 3799 2526 3814 2527 3815 2527 3825 2527 3798 2528 3831 2528 3792 2528 3867 2529 3869 2529 3868 2529 3821 2530 3865 2530 3829 2530 3871 2531 3792 2531 3863 2531 3870 2532 3788 2532 3789 2532 3783 2533 3788 2533 3782 2533 3770 2534 3780 2534 3772 2534 3872 2535 3874 2535 3873 2535 3768 2536 3771 2536 3767 2536 3771 2537 3768 2537 3770 2537 3765 2538 3767 2538 3766 2538 3754 2539 3765 2539 3766 2539 3761 2540 3874 2540 3763 2540 3757 2541 3754 2541 3766 2541 3872 2542 3763 2542 3874 2542 3773 2543 3759 2543 3875 2543 3876 2544 3873 2544 3874 2544 3877 2545 3878 2545 3787 2545 3877 2546 3787 2546 3879 2546 3880 2547 3777 2547 3778 2547 3787 2548 3785 2548 3879 2548 3840 2549 3778 2549 3881 2549 3778 2550 3779 2550 3881 2550 3882 2551 3788 2551 3870 2551 3883 2552 3825 2552 3826 2552 3883 2553 3885 2553 3884 2553 3886 2554 3887 2554 3824 2554 3808 2555 3824 2555 3887 2555 3888 2556 3887 2556 3889 2556 3887 2557 3886 2557 3889 2557 3888 2558 3884 2558 3885 2558 3885 2559 3887 2559 3888 2559 3884 2560 3825 2560 3883 2560 3814 2561 3813 2561 3803 2561 3828 2562 3865 2562 3804 2562 3830 2563 3891 2563 3890 2563 3890 2564 3821 2564 3830 2564 3892 2565 3893 2565 3890 2565 3892 2566 3890 2566 3891 2566 3869 2567 3893 2567 3894 2567 3893 2568 3869 2568 3890 2568 3869 2569 3894 2569 3895 2569 3868 2570 3896 2570 3867 2570 3895 2571 3868 2571 3869 2571 3867 2572 3897 2572 3882 2572 3896 2573 3897 2573 3867 2573 3867 2574 3882 2574 3898 2574 3882 2575 3870 2575 3898 2575 3796 2576 3797 2576 3899 2576 3784 2577 3782 2577 3838 2577 3900 2578 3797 2578 3795 2578 3781 2579 3783 2579 3782 2579 3795 2580 3838 2580 3900 2580 3796 2581 3902 2581 3901 2581 3899 2582 3902 2582 3796 2582 3871 2583 3796 2583 3903 2583 3901 2584 3903 2584 3796 2584 3904 2585 3871 2585 3905 2585 3871 2586 3903 2586 3905 2586 3792 2587 3871 2587 3904 2587 3906 2588 3880 2588 3778 2588 3808 2589 3833 2589 3862 2589 3837 2590 3802 2590 3835 2590 3854 2591 3850 2591 3907 2591 3850 2592 3854 2592 3791 2592 3907 2593 3853 2593 3854 2593 3853 2594 3848 2594 3852 2594 3849 2595 3848 2595 3853 2595 3849 2596 3843 2596 3848 2596 3849 2597 3842 2597 3843 2597 3842 2598 3866 2598 3864 2598 3866 2599 3807 2599 3864 2599 3800 2600 3860 2600 3908 2600 3802 2601 3837 2601 3860 2601 3847 2602 3845 2602 3800 2602 3800 2603 3908 2603 3847 2603 3847 2604 3910 2604 3909 2604 3861 2605 3847 2605 3909 2605 3839 2606 3847 2606 3778 2606 3847 2607 3839 2607 3910 2607 3876 2608 3778 2608 3873 2608 3906 2609 3778 2609 3876 2609 3753 2610 3751 2610 3752 2610 3757 2611 3752 2611 3754 2611 3752 2612 3741 2612 3747 2612 3746 2613 3741 2613 3748 2613 3911 2614 3773 2614 3875 2614 3741 2615 3740 2615 3745 2615 3608 2616 3912 2616 3740 2616 3912 2617 3608 2617 3743 2617 3742 2618 3608 2618 3739 2618 3700 2619 3608 2619 3605 2619 3911 2620 3914 2620 3913 2620 3875 2621 3914 2621 3911 2621 3776 2622 3911 2622 3775 2622 3913 2623 3775 2623 3911 2623 3774 2624 3915 2624 3776 2624 3878 2625 3776 2625 3916 2625 3915 2626 3916 2626 3776 2626 3787 2627 3878 2627 3917 2627 3878 2628 3916 2628 3917 2628 3918 2629 3920 2629 3919 2629 3683 2630 3677 2630 3921 2630 3674 2631 3671 2631 3672 2631 3673 2632 3681 2632 3678 2632 3674 2633 3672 2633 3673 2633 3672 2634 3670 2634 3922 2634 3923 2635 3669 2635 3672 2635 3672 2636 3922 2636 3923 2636 3924 2637 3668 2637 3669 2637 3924 2638 3669 2638 3923 2638 3925 2639 3669 2639 3665 2639 3634 2640 3635 2640 3677 2640 3665 2641 3926 2641 3925 2641 3635 2642 3927 2642 3677 2642 3926 2643 3665 2643 3666 2643 3659 2644 3655 2644 3621 2644 3657 2645 3655 2645 3659 2645 3928 2646 3930 2646 3929 2646 3931 2647 3932 2647 3588 2647 3632 2648 3619 2648 3645 2648 3619 2649 3631 2649 3646 2649 3932 2650 3648 2650 3588 2650 3588 2651 3639 2651 3933 2651 3933 2652 3931 2652 3588 2652 3640 2653 3588 2653 3651 2653 3624 2654 3644 2654 3588 2654 3588 2655 3653 2655 3590 2655 3588 2656 3934 2656 3654 2656 3934 2657 3588 2657 3930 2657 3935 2658 3930 2658 3936 2658 3930 2659 3588 2659 3936 2659 3930 2660 3935 2660 3929 2660 3937 2661 3635 2661 3928 2661 3930 2662 3928 2662 3635 2662 3938 2663 3635 2663 3939 2663 3635 2664 3937 2664 3939 2664 3940 2665 3635 2665 3941 2665 3635 2666 3938 2666 3941 2666 3927 2667 3635 2667 3940 2667 3676 2668 3677 2668 3679 2668 3918 2669 3919 2669 3921 2669 3683 2670 3921 2670 3919 2670 3920 2671 3942 2671 3919 2671 3685 2672 3686 2672 3942 2672 3919 2673 3942 2673 3686 2673 3687 2674 3943 2674 3686 2674 3689 2675 3690 2675 3943 2675 3686 2676 3943 2676 3690 2676 3690 2677 3691 2677 3613 2677 3616 2678 3613 2678 3691 2678 3944 2679 3946 2679 3945 2679 3947 2680 3949 2680 3948 2680 3948 2681 3949 2681 3950 2681 3950 2682 3951 2682 3948 2682 3949 2683 3947 2683 3952 2683 3949 2684 3952 2684 3953 2684 3954 2685 3951 2685 3950 2685 3954 2686 3946 2686 3944 2686 3954 2687 3944 2687 3951 2687 3952 2688 3955 2688 3953 2688 3955 2689 3952 2689 3956 2689 3945 2690 3946 2690 3957 2690 3945 2691 3957 2691 3958 2691 3958 2692 3960 2692 3959 2692 3960 2693 3958 2693 3957 2693 3961 2694 3959 2694 3960 2694 3962 2695 3964 2695 3963 2695 3965 2696 3966 2696 3962 2696 3964 2697 3962 2697 3967 2697 3963 2698 3964 2698 3968 2698 3967 2699 3962 2699 3966 2699 3968 2700 3969 2700 3963 2700 3970 2701 3963 2701 3969 2701 3969 2702 3971 2702 3970 2702 3970 2703 3973 2703 3972 2703 3973 2704 3970 2704 3971 2704 3962 2705 3974 2705 3965 2705 3965 2706 3974 2706 3975 2706 3974 2707 3976 2707 3975 2707 3975 2708 3976 2708 3977 2708 3977 2709 3976 2709 3978 2709 3979 2710 3978 2710 3976 2710 3979 2711 3976 2711 3980 2711 3981 2712 3979 2712 3980 2712 3981 2713 3980 2713 3982 2713 3983 2714 3984 2714 3980 2714 3982 2715 3980 2715 3984 2715 3985 2716 3984 2716 3983 2716 3986 2717 3985 2717 3983 2717 3987 2718 3988 2718 3986 2718 3986 2719 3983 2719 3987 2719 3987 2720 3989 2720 3988 2720 3987 2721 3990 2721 3989 2721 3990 2722 3991 2722 3989 2722 3992 2723 3991 2723 3990 2723 3993 2724 3994 2724 3992 2724 3992 2725 3990 2725 3993 2725 3993 2726 3995 2726 3994 2726 3993 2727 3996 2727 3995 2727 3996 2728 3997 2728 3995 2728 3997 2729 3996 2729 3998 2729 3998 2730 3996 2730 3999 2730 3999 2731 3996 2731 4000 2731 4003 2732 4005 2732 4004 2732 4006 2733 4001 2733 4007 2733 4008 2734 4005 2735 4009 2736 4012 2737 4013 2738 4011 2739 4012 2737 4010 2740 4014 2741 4001 2742 4015 2742 4002 2742 4019 2743 4021 2744 4020 2745 4024 2746 4020 2745 4021 2744 4025 2747 4027 2748 4026 2749 4020 2745 4024 2746 4026 2749 4027 2748 4028 2750 4026 2749 4028 2750 4030 2751 4029 2752 4031 2753 4030 2751 4028 2750 4030 2751 4032 2754 4029 2752 4033 2755 4035 2756 4034 2757 4029 2752 4035 2756 4033 2755 4033 2755 4037 2758 4036 2759 4036 2759 4039 2760 4038 2761 4037 2758 4039 2760 4036 2759 4038 2761 4041 2762 4040 2763 4042 2764 4044 2765 4043 2766 4040 2763 4041 2762 4044 2765 4043 2766 4045 2767 4042 2764 4046 2768 4047 2769 4045 2767 4047 2769 4042 2764 4045 2767 4047 2769 4046 2768 4048 2770 4049 2771 4048 2770 4050 2772 4048 2770 4049 2771 4047 2769 4050 2772 4051 2773 4049 2771 4051 2773 4050 2772 4054 2774 4051 2773 4054 2774 4055 2775 4056 2776 4051 2773 4055 2775 4057 2777 4056 2776 4055 2775 4058 2778 4056 2776 4057 2777 4056 2776 4058 2778 4059 2779 4058 2778 4060 2780 4059 2779 4059 2779 4060 2780 4061 2781 4066 2782 4061 2781 4067 2783 4068 2784 4066 2782 4067 2783 4069 2785 4065 2786 4064 2787 4068 2784 4064 2787 4066 2782 4069 2785 4064 2787 4068 2784 4071 2788 4064 2787 4065 2786 4072 2789 4064 2787 4073 2790 4070 2791 4073 2790 4064 2787 4071 2788 4070 2791 4064 2787 4075 2792 4072 2789 4076 2793 4072 2789 4075 2792 4064 2787 4059 2779 4061 2781 4066 2782 4080 2794 4081 2795 4079 2796 4075 2792 4079 2796 4081 2795 4082 2797 4081 2795 4080 2794 4076 2793 4079 2796 4075 2792 4083 2798 4085 2798 4084 2798 4080 2794 4083 2799 4082 2797 4088 2800 4015 2800 4089 2800 4092 2801 4094 2801 4093 2801 4089 2802 4092 2802 4090 2802 4095 2803 4093 2803 4096 2803 4094 2804 4092 2804 4089 2804 4097 2805 4098 2805 4095 2805 4095 2806 4096 2806 4097 2806 4100 2807 4098 2807 4097 2807 4100 2808 4101 2808 4099 2808 4101 2809 4102 2809 4099 2809 4104 2810 4106 2811 4105 2812 4113 2813 4115 2814 4114 2815 4124 2816 4232 2816 4120 2816 4826 2817 4123 2817 4741 2817 4144 2818 4133 2818 4134 2818 4425 2819 4140 2819 4414 2819 4138 2820 4141 2820 4140 2820 4142 2821 4143 2822 4145 2823 4146 2824 4142 2821 4145 2823 4147 2825 4149 2826 4148 2827 4087 2828 4152 2829 4086 2830 4153 2831 4152 2829 4087 2828 4155 2832 4154 2833 4153 2831 4155 2832 4153 2831 4156 2834 4156 2834 4158 2835 4157 2836 4156 2834 4157 2836 4155 2832 4159 2837 4087 2828 4160 2838 4151 2839 4087 2828 4159 2837 4151 2839 4159 2837 4161 2840 4151 2841 4166 2841 4162 2841 4164 2842 4151 2839 4163 2843 4164 2842 4165 2844 4166 2845 4167 2846 4168 2847 4166 2845 4169 2848 4170 2849 4168 2847 4170 2849 4143 2822 4142 2821 4462 2850 4373 2850 4463 2850 4171 2851 4147 2825 4148 2827 4174 2852 4148 2852 4175 2852 4173 2853 4176 2854 4148 2827 4176 2854 4175 2855 4148 2827 4171 2851 4172 2856 4147 2825 4172 2856 4171 2851 4146 2824 4142 2857 4171 2857 4178 2857 4142 2821 4146 2824 4171 2851 4109 2858 4117 2859 4180 2860 4186 2861 5932 2862 4187 2863 4187 2863 4188 2864 4190 2865 4190 2865 6056 2866 4189 2867 4207 2868 4192 2869 4191 2870 4196 2871 4194 2872 4189 2867 4197 2873 4199 2874 4198 2875 5997 2876 4195 2877 4194 2872 6592 2878 4195 2877 4200 2879 4201 2880 6592 2878 4192 2869 4202 2881 4211 2882 4193 2883 4204 2884 4206 2885 4205 2886 4207 2868 4203 2887 4201 2880 4209 2888 4211 2882 4210 2889 4210 2889 4212 2890 4198 2875 4104 2810 4216 2891 4215 2892 4199 2874 4205 2886 4206 2885 4206 2885 4214 2893 4105 2812 4217 2894 4104 2810 4215 2892 4218 2895 4222 2896 4221 2897 4220 2898 4225 2899 4224 2900 4226 2901 4223 2902 4220 2898 4227 2903 4228 2904 4226 2901 4226 2901 4220 2898 4227 2903 4226 2901 4228 2904 4229 2905 4230 2906 4126 2906 4739 2906 4127 2907 4231 2907 4128 2907 4130 2908 4129 2908 4789 2908 4233 2909 4592 2909 4645 2909 4235 2910 4233 2910 4131 2910 4234 2911 4238 2911 4561 2911 4139 2912 4239 2912 4135 2912 4503 2913 4135 2913 4241 2913 4243 2914 4241 2914 4242 2914 4251 2915 4250 2915 4252 2915 4252 2916 4249 2916 4572 2916 4253 2917 4255 2917 4254 2917 4254 2918 4255 2918 4256 2918 4257 2919 4259 2919 4258 2919 4255 2920 4253 2920 4257 2920 4252 2921 4260 2921 4251 2921 4259 2922 4257 2922 4253 2922 4261 2923 4262 2923 4258 2923 4262 2924 4264 2924 4263 2924 4263 2925 4264 2925 4265 2925 4265 2926 4267 2926 4266 2926 4266 2927 4267 2927 4268 2927 4268 2928 4267 2928 4269 2928 4270 2929 4268 2929 4269 2929 4271 2930 4270 2930 4269 2930 4271 2931 4272 2931 4270 2931 4272 2932 4271 2932 4273 2932 4274 2933 4272 2933 4273 2933 4273 2934 4275 2934 4274 2934 4275 2935 4276 2935 4274 2935 4277 2936 4276 2936 4275 2936 4278 2937 4276 2937 4277 2937 4278 2938 4277 2938 4279 2938 4279 2939 4280 2939 4278 2939 4278 2940 4280 2940 4281 2940 4282 2941 4281 2941 4280 2941 4283 2942 4282 2942 4280 2942 4283 2943 4284 2943 4282 2943 4283 2944 4285 2944 4284 2944 4284 2945 4285 2945 4286 2945 4288 2946 4287 2946 4289 2946 4285 2947 4288 2947 4286 2947 4286 2948 4288 2948 4289 2948 4290 2949 4292 2949 4291 2949 4292 2950 4290 2950 4287 2950 4293 2951 4291 2951 4294 2951 4292 2952 4294 2952 4291 2952 4295 2953 4296 2953 4293 2953 4293 2954 4294 2954 4295 2954 4296 2955 4298 2955 4297 2955 4298 2956 4296 2956 4295 2956 4297 2957 4298 2957 4299 2957 4300 2958 4297 2958 4299 2958 4301 2959 4300 2959 4299 2959 4301 2960 4303 2960 4302 2960 4302 2961 4300 2961 4301 2961 4304 2962 4303 2962 4305 2962 4303 2963 4304 2963 4302 2963 4306 2964 4307 2964 4305 2964 4304 2965 4305 2965 4307 2965 4101 2966 4308 2966 4102 2966 4308 2967 4307 2967 4306 2967 4098 2968 4100 2968 4099 2968 4102 2969 4308 2969 4306 2969 4094 2970 4096 2970 4093 2970 4088 2971 4089 2971 4091 2971 4091 2972 4089 2972 4090 2972 4006 2973 4015 2973 4001 2973 4002 2974 4015 2974 4088 2974 4003 2975 4004 2976 4007 2977 4004 2978 4006 2978 4007 2978 4008 2734 4309 2979 4013 2738 4005 2980 4003 2980 4009 2980 4011 2739 4013 2738 4309 2979 4309 2979 4008 2734 4009 2736 4310 2981 4312 2982 4311 2983 4323 2984 4023 2985 4324 2986 4326 2987 4325 2988 4330 2989 4331 2990 4332 2991 4019 2743 4020 2745 4331 2990 4019 2743 4333 2992 4335 2993 4334 2994 4331 2990 4335 2993 4332 2991 4336 2995 4338 2996 4337 2997 4336 2995 4333 2992 4334 2994 4339 2998 4341 2999 4340 3000 4337 2997 4338 2996 4340 3000 4342 3001 4344 3002 4343 3003 4343 3003 4341 2999 4339 2998 4345 3004 4347 3005 4346 3006 4345 3004 4342 3001 4347 3005 4348 3007 4350 3008 4349 3009 4346 3006 4348 3007 4349 3009 4351 3010 4353 3011 4352 3012 4352 3012 4353 3011 4350 3008 4354 3013 4356 3014 4355 3015 4354 3013 4351 3010 4356 3014 4357 3016 4359 3017 4358 3018 4355 3015 4357 3016 4358 3018 4360 3019 4362 3020 4361 3021 4361 3021 4362 3020 4359 3017 4363 3022 4361 3021 4364 3023 4363 3022 4360 3019 4361 3021 4365 3024 4367 3025 4366 3026 4364 3023 4365 3024 4366 3026 4368 3027 4369 3028 4367 3025 4369 3028 4368 3027 4370 3029 4148 2827 4149 2826 4173 2853 4174 3030 4171 3030 4148 3030 4171 3031 4174 3031 4178 3031 4170 2849 4142 2821 4168 2847 4167 2846 4169 2848 4168 2847 4165 2844 4167 2846 4166 2845 4374 3032 4168 3032 4142 3032 4375 3033 4168 3033 4374 3033 4151 2839 4164 2842 4166 2845 4151 2839 4161 2840 4163 2843 4162 3034 4150 3034 4151 3034 4087 2828 4086 2830 4160 2838 4376 3035 4150 3036 4377 3037 4378 3038 4087 3038 4150 3038 4153 3039 4087 3039 4378 3039 4152 2829 4153 2831 4154 2833 4378 3040 4379 3040 4153 3040 4379 3041 4158 3041 4156 3041 4158 2835 4380 3042 4157 2836 4381 3043 4085 3044 4382 3045 4082 3046 4083 3046 4084 3046 4081 3047 4384 3047 4383 3047 4384 3048 4081 2795 4082 2797 4383 3049 4075 3049 4081 3049 4385 3050 4064 3050 4383 3050 4064 3051 4385 3051 4063 3051 4062 3052 4064 2787 4063 3053 4383 3054 4064 3054 4075 3054 4386 3055 4059 2779 4066 2782 4078 3056 4056 2776 4059 2779 4051 2773 4056 2776 4077 3057 4066 3058 4064 3058 4062 3058 4044 2765 4042 2764 4040 2763 4062 3052 4386 3055 4066 2782 4036 2759 4038 2761 4040 2763 4059 2779 4386 3055 4078 3056 4037 2758 4033 2755 4034 2757 4077 3057 4056 2776 4078 3056 4032 2754 4035 2756 4029 2752 4077 3057 4387 3059 4051 2773 4031 2753 4028 2750 4027 2748 4387 3059 4049 2771 4051 2773 4024 2746 4025 2747 4026 2749 4388 3060 4047 2769 4049 2771 4026 2749 4390 3061 4389 3062 4042 2764 4047 2769 4391 3063 4335 2993 4331 2990 4334 2994 4040 2763 4042 2764 4392 3064 4336 2995 4334 2994 4338 2996 4040 2763 4392 3064 4393 3065 4340 3000 4338 2996 4339 2998 4036 2759 4393 3065 4394 3066 4341 2999 4343 3003 4344 3002 4033 2755 4394 3066 4395 3067 4347 3005 4342 3001 4343 3003 4029 2752 4395 3067 4396 3068 4346 3006 4347 3005 4348 3007 4029 2752 4396 3068 4028 2750 4350 3008 4348 3007 4352 3012 4026 2749 4028 2750 4390 3061 4351 3010 4352 3012 4356 3014 4020 2745 4026 2749 4389 3062 4355 3015 4356 3014 4357 3016 4331 2990 4020 2745 4397 3069 4359 3017 4357 3016 4361 3021 4334 2994 4331 2990 4398 3070 4338 2996 4334 2994 4399 3071 4364 3023 4361 3021 4365 3024 4339 2998 4338 2996 4400 3072 4367 3025 4365 3024 4368 3027 4343 3003 4339 2998 4401 3073 4370 3029 4368 3027 4402 3074 4347 3005 4343 3003 4403 3075 4347 3005 4404 3076 4348 3007 4405 3077 4406 3078 4402 3074 4402 3074 4406 3078 4370 3029 4352 3012 4348 3007 4407 3079 4408 3080 4409 3081 4405 3077 4405 3077 4402 3074 4408 3080 4357 3082 4410 3082 4361 3082 4411 3083 4412 3084 4408 3080 4408 3080 4412 3084 4409 3081 4174 3085 4371 3086 4414 3087 4174 3085 4414 3087 4178 3088 4414 3087 4140 3089 4178 3088 4142 3090 4178 3090 4374 3090 4166 3091 4168 3091 4375 3091 4141 3092 4374 3093 4178 3088 4162 3094 4166 3094 4375 3094 4374 3093 4415 3095 4375 3096 4415 3095 4162 3097 4375 3096 4150 3036 4162 3097 4377 3037 4150 3098 4087 3098 4151 3098 4417 3099 4378 3100 4376 3035 4376 3035 4378 3100 4150 3036 4379 3101 4378 3100 4417 3099 4153 3102 4379 3102 4156 3102 4379 3101 4417 3099 4418 3103 4418 3103 4158 2835 4379 3101 4084 3104 4384 3048 4082 2797 4084 3104 4085 3044 4381 3043 4063 3053 4385 3105 4383 3106 4387 3059 4388 3060 4049 2771 4047 2769 4388 3060 4391 3063 4042 2764 4391 3063 4392 3064 4393 3065 4036 2759 4040 2763 4036 2759 4394 3066 4033 2755 4033 2755 4395 3067 4029 2752 4390 3061 4028 2750 4396 3068 4389 3062 4397 3069 4020 2745 4397 3069 4398 3070 4331 2990 4398 3070 4399 3071 4334 2994 4399 3071 4400 3072 4338 2996 4400 3072 4401 3073 4339 2998 4401 3073 4403 3075 4343 3003 4403 3075 4404 3076 4347 3005 4404 3076 4407 3079 4348 3007 4407 3079 4356 3014 4352 3012 4410 3107 4365 3024 4361 3021 4410 3107 4357 3016 4422 3108 4408 3080 4423 3109 4411 3083 4414 3110 4413 3110 4425 3110 4414 3111 4371 3111 4413 3111 4426 3112 4427 3112 4519 3112 4140 3113 4425 3113 4138 3113 4178 3088 4140 3089 4141 3092 4374 3114 4141 3114 4138 3114 4162 3115 4415 3115 4416 3115 4162 3116 4416 3116 4377 3116 4417 3117 4430 3117 4431 3117 4431 3118 4418 3118 4417 3118 4382 3045 4432 3119 4419 3120 4381 3043 4384 3048 4084 3104 4381 3121 4382 3121 4419 3121 4384 3048 4434 3122 4433 3123 4434 3122 4384 3048 4381 3043 4383 3124 4384 3124 4433 3124 4383 3125 4433 3125 4435 3125 4063 3053 4435 3126 4436 3127 4062 3052 4437 3128 4386 3055 4435 3129 4063 3129 4383 3129 4386 3055 4438 3130 4078 3056 4062 3131 4063 3131 4436 3131 4437 3128 4062 3052 4436 3127 4437 3128 4438 3130 4386 3055 4438 3130 4439 3132 4078 3056 4439 3132 4440 3133 4077 3057 4440 3133 4387 3059 4077 3057 4395 3067 4442 3134 4441 3135 4388 3060 4387 3059 4443 3136 4391 3063 4388 3060 4444 3137 4391 3063 4444 3137 4445 3138 4392 3064 4445 3138 4446 3139 4393 3065 4446 3139 4447 3140 4394 3066 4447 3140 4442 3134 4395 3067 4394 3066 4442 3134 4396 3068 4395 3067 4441 3135 4390 3061 4396 3068 4448 3141 4389 3062 4390 3061 4449 3142 4397 3069 4389 3062 4450 3143 4398 3070 4397 3069 4451 3144 4399 3071 4398 3070 4452 3145 4400 3072 4399 3071 4453 3146 4401 3073 4400 3072 4454 3147 4401 3073 4455 3148 4403 3075 4404 3076 4403 3075 4457 3149 4404 3076 4458 3150 4407 3079 4456 3151 4459 3152 4368 3027 4368 3027 4365 3024 4456 3151 4356 3014 4407 3079 4460 3153 4356 3014 4461 3154 4357 3016 4402 3074 4459 3152 4423 3109 4459 3152 4402 3074 4368 3027 4402 3074 4423 3109 4408 3080 4463 3155 4425 3156 4413 3157 4425 3156 4463 3155 4137 3158 4137 3158 4138 3159 4425 3156 4374 3160 4138 3160 4428 3160 4415 3161 4374 3161 4428 3161 4428 3162 4138 3159 4464 3163 4416 3164 4415 3164 4428 3164 4428 3162 4464 3163 4416 3165 4377 3037 4429 3166 4465 3167 4376 3035 4377 3037 4465 3167 4376 3168 4430 3168 4417 3168 4430 3169 4467 3170 4468 3171 4468 3171 4431 3172 4430 3169 4419 3120 4434 3122 4381 3043 4469 3173 4419 3120 4432 3119 4433 3123 4434 3122 4470 3174 4433 3123 4470 3174 4471 3175 4435 3126 4471 3175 4436 3127 4433 3123 4471 3175 4435 3126 4077 3057 4078 3056 4439 3132 4440 3133 4443 3136 4387 3059 4388 3060 4443 3136 4444 3137 4445 3138 4392 3064 4391 3063 4392 3064 4446 3139 4393 3065 4393 3065 4447 3140 4394 3066 4472 3176 4441 3135 4442 3134 4441 3135 4448 3141 4396 3068 4448 3141 4449 3142 4390 3061 4449 3142 4450 3143 4389 3062 4450 3143 4451 3144 4397 3069 4451 3144 4452 3145 4398 3070 4446 3139 4473 3177 4474 3178 4452 3145 4453 3146 4399 3071 4447 3140 4474 3178 4472 3176 4453 3146 4454 3147 4400 3072 4442 3134 4447 3140 4472 3176 4454 3147 4455 3148 4401 3073 4455 3148 4457 3149 4403 3075 4457 3149 4458 3150 4404 3076 4449 3142 4448 3141 4475 3179 4458 3150 4460 3153 4407 3079 4450 3143 4449 3142 4476 3180 4460 3153 4461 3154 4356 3014 4461 3154 4422 3108 4357 3016 4452 3145 4451 3144 4477 3181 4453 3146 4452 3145 4478 3182 4422 3108 4479 3183 4410 3107 4456 3151 4365 3024 4479 3183 4410 3107 4479 3183 4365 3024 4424 3184 4463 3155 4413 3157 4462 3185 4463 3185 4424 3185 4136 3186 4463 3186 4373 3186 4137 3187 4463 3187 4136 3187 4138 3159 4137 3158 4464 3163 4464 3188 4137 3188 4136 3188 4136 3189 4480 3189 4464 3189 4429 3166 4416 3165 4464 3163 4429 3166 4377 3037 4416 3165 4464 3190 4481 3190 4429 3190 4465 3191 4429 3191 4466 3191 4429 3192 4481 3192 4466 3192 4465 3193 4466 3193 4483 3193 4465 3167 4467 3170 4376 3035 4376 3035 4467 3170 4430 3169 4467 3194 4483 3194 4468 3194 4432 3195 4486 3195 4485 3195 4469 3173 4434 3122 4419 3120 4485 3196 4469 3196 4432 3196 4434 3122 4074 3197 4487 3198 4074 3197 4434 3122 4469 3173 4470 3199 4434 3199 4487 3199 4488 3200 4470 3200 4487 3200 4421 3201 4471 3201 4488 3201 4471 3175 4421 3202 4420 3203 4471 3204 4470 3204 4488 3204 4471 3175 4420 3203 4436 3127 4420 3203 4489 3205 4436 3127 4489 3205 4490 3206 4437 3128 4445 3138 4473 3177 4446 3139 4490 3206 4491 3207 4438 3130 4446 3139 4474 3178 4447 3140 4491 3207 4439 3132 4438 3130 4440 3133 4439 3132 4492 3208 4443 3136 4440 3133 4493 3209 4444 3137 4443 3136 4330 2989 4475 3179 4476 3180 4449 3142 4444 3137 4330 2989 4329 3210 4476 3180 4451 3144 4450 3143 4445 3138 4329 3210 4473 3177 4477 3181 4478 3182 4452 3145 4478 3182 4454 3147 4453 3146 4495 3211 4441 3135 4494 3212 4475 3179 4448 3141 4495 3211 4451 3144 4476 3180 4496 3213 4454 3147 4478 3182 4497 3214 4454 3147 4498 3215 4455 3148 4457 3149 4455 3148 4499 3216 4422 3217 4461 3217 4530 3217 4427 3218 4462 3218 4372 3218 4427 3219 4373 3219 4462 3219 4144 3220 4373 3220 4427 3220 4136 3221 4373 3221 4144 3221 4134 3222 4136 3222 4144 3222 4481 3223 4464 3223 4480 3223 4504 3224 4481 3224 4480 3224 4466 3225 4484 3225 4483 3225 4465 3226 4483 3226 4467 3226 4505 3227 4468 3227 4483 3227 4485 3228 4074 3197 4469 3173 4487 3229 4074 3229 4506 3229 4488 3230 4487 3230 4507 3230 4487 3231 4506 3231 4507 3231 4436 3127 4489 3205 4437 3128 4438 3130 4437 3128 4490 3206 4491 3207 4492 3208 4439 3132 4440 3133 4492 3208 4493 3209 4443 3136 4493 3209 4330 2989 4329 3210 4445 3138 4444 3137 4508 3232 4473 3177 4329 3210 4472 3176 4494 3212 4441 3135 4441 3135 4495 3211 4448 3141 4496 3213 4477 3181 4451 3144 4509 3233 4473 3177 4508 3232 4510 3234 4474 3178 4509 3233 4494 3212 4472 3176 4510 3234 4497 3214 4498 3215 4454 3147 4498 3215 4499 3216 4455 3148 4499 3216 4458 3150 4457 3149 4512 3235 4475 3179 4511 3236 4496 3213 4476 3180 4512 3235 4514 3237 4477 3181 4513 3238 4478 3182 4477 3181 4514 3237 4530 3239 4479 3183 4422 3108 4499 3216 4515 3240 4458 3150 4460 3153 4458 3150 4516 3241 4460 3153 4517 3242 4461 3154 4530 3243 4461 3243 4517 3243 4519 3244 4427 3244 4372 3244 4144 3245 4426 3245 4139 3245 4426 3246 4144 3246 4427 3246 4136 3247 4134 3247 4503 3247 4133 3248 4144 3248 4139 3248 4480 3249 4136 3249 4503 3249 4504 3250 4480 3250 4503 3250 4482 3251 4481 3251 4504 3251 4482 3252 4466 3252 4481 3252 4482 3253 4484 3253 4466 3253 4482 3254 4504 3254 4484 3254 4524 3255 4490 3206 4489 3205 4473 3177 4509 3233 4474 3178 4491 3207 4490 3206 4324 2986 4474 3178 4510 3234 4472 3176 4326 2987 4330 2989 4493 3209 4495 3211 4511 3236 4475 3179 4475 3179 4512 3235 4476 3180 4496 3213 4513 3238 4477 3181 4497 3214 4478 3182 4514 3237 4511 3236 4495 3211 4525 3256 4515 3240 4516 3241 4458 3150 4516 3241 4517 3242 4460 3153 4513 3238 4496 3213 4526 3257 4498 3215 4497 3214 4527 3258 4529 3259 4479 3183 4528 3260 4530 3239 4528 3260 4479 3183 4529 3259 4459 3152 4456 3151 4456 3151 4479 3183 4529 3259 4519 3261 4518 3261 4501 3261 4518 3262 4519 3262 4372 3262 4426 3263 4519 3263 4501 3263 4135 3264 4133 3264 4139 3264 4134 3265 4133 3265 4503 3265 4504 3266 4503 3266 4520 3266 4532 3267 4523 3267 4484 3267 4484 3268 4523 3268 4522 3268 4532 3269 4504 3269 4521 3269 4484 3270 4522 3270 4483 3270 4486 3271 4534 3271 4533 3271 4533 3272 4485 3272 4486 3272 4489 3205 4420 3203 4524 3255 4324 2986 4492 3208 4491 3207 4326 2987 4493 3209 4492 3208 4325 2988 4327 3273 4329 3210 4324 2986 4022 3274 4492 3208 4022 3274 4326 2987 4492 3208 4494 3212 4525 3256 4495 3211 4329 3210 4330 2989 4325 2988 4512 3235 4526 3257 4496 3213 4514 3237 4527 3258 4497 3214 4459 3152 4535 3275 4423 3109 4535 3275 4459 3152 4529 3259 4239 3276 4547 3276 4537 3276 4239 3277 4237 3277 4240 3277 4133 3278 4135 3278 4503 3278 4504 3279 4520 3279 4531 3279 4521 3280 4504 3280 4531 3280 4532 3281 4484 3281 4504 3281 4531 3282 4243 3282 4521 3282 4522 3283 4505 3283 4483 3283 4533 3284 4074 3197 4485 3228 4328 3285 4508 3232 4329 3210 4550 3286 4508 3232 4328 3285 4538 3287 4509 3233 4550 3286 4494 3212 4510 3234 4538 3287 4540 3288 4511 3236 4539 3289 4526 3257 4512 3235 4540 3288 4542 3290 4513 3238 4541 3291 4527 3258 4514 3237 4542 3290 4515 3240 4543 3292 4544 3293 4545 3294 4516 3241 4544 3293 4517 3295 4545 3295 4530 3295 4518 3296 4177 3296 4502 3296 4502 3297 4501 3297 4518 3297 4547 3298 4501 3298 4502 3298 4547 3299 4426 3299 4501 3299 4426 3300 4547 3300 4139 3300 4547 3301 4239 3301 4139 3301 4135 3302 4239 3302 4240 3302 4241 3303 4135 3303 4240 3303 4241 3304 4520 3304 4503 3304 4241 3305 4243 3305 4531 3305 4522 3306 4548 3306 4505 3306 4074 3307 4549 3307 4016 3307 4533 3284 4549 3308 4074 3197 4506 3309 4053 3309 4507 3309 4074 3310 4016 3310 4506 3310 4506 3311 4016 3311 4053 3311 4507 3312 4052 3312 4488 3312 4052 3313 4018 3313 4488 3313 4017 3314 4421 3314 4018 3314 4524 3255 4420 3203 4017 3315 4323 2984 4490 3206 4524 3255 4508 3232 4550 3286 4509 3233 4324 2986 4490 3206 4323 2984 4509 3233 4538 3287 4510 3234 4525 3256 4539 3289 4511 3236 4511 3236 4540 3288 4512 3235 4327 3273 4328 3285 4329 3210 4526 3257 4541 3291 4513 3238 4513 3238 4542 3290 4514 3237 4499 3216 4543 3292 4515 3240 4515 3240 4544 3293 4516 3241 4516 3241 4545 3294 4517 3242 4543 3292 4499 3216 4551 3316 4531 3317 4520 3317 4241 3317 4523 3318 4548 3318 4522 3318 4507 3319 4053 3319 4052 3319 4488 3320 4018 3320 4421 3320 4420 3321 4421 3321 4017 3321 4017 3315 4321 3322 4524 3255 4321 3322 4323 2984 4524 3255 4022 3274 4324 2986 4023 2985 4525 3256 4494 3212 4556 3323 4498 3215 4551 3316 4499 3216 4551 3316 4498 3215 4557 3324 4502 3325 4177 3325 4559 3325 4547 3326 4536 3326 4537 3326 4502 3327 4559 3327 4536 3327 4560 3328 4234 3328 4561 3328 4536 3329 4547 3329 4502 3329 4237 3330 4239 3330 4537 3330 4237 3331 4555 3331 4240 3331 4240 3332 4555 3332 4241 3332 4521 3333 4247 3333 4532 3333 4523 3334 4249 3334 4548 3334 4562 3335 4315 3335 4534 3335 4315 3336 4533 3336 4534 3336 4549 3308 4533 3284 4315 3337 4022 3274 4563 3338 4326 2987 4538 3287 4556 3323 4494 3212 4527 3258 4557 3324 4498 3215 4528 3260 4530 3239 4565 3339 4177 3340 4558 3340 4559 3340 4243 3341 4242 3341 4244 3341 4521 3342 4243 3342 4244 3342 4247 3343 4521 3343 4244 3343 4247 3344 4523 3344 4532 3344 4247 3345 4249 3345 4523 3345 4250 3346 4548 3346 4249 3346 4328 3285 4564 3347 4569 3348 4539 3289 4525 3256 4570 3349 4545 3350 4565 3350 4530 3350 4554 3351 4559 3351 4558 3351 4559 3352 4554 3352 4536 3352 4561 3353 4536 3353 4554 3353 4537 3354 4561 3354 4237 3354 4536 3355 4561 3355 4537 3355 4238 3356 4555 3356 4237 3356 4571 3357 4241 3357 4555 3357 4561 3358 4238 3358 4237 3358 4238 3359 4571 3359 4555 3359 4246 3360 4242 3360 4241 3360 4242 3361 4245 3361 4244 3361 4571 3362 4246 3362 4241 3362 4245 3363 4242 3363 4246 3363 4244 3364 4248 3364 4247 3364 4245 3365 4248 3365 4244 3365 4247 3366 4572 3366 4249 3366 4572 3367 4247 3367 4248 3367 4249 3368 4252 3368 4250 3368 4260 3369 4256 3369 4251 3369 4262 3370 4261 3370 4264 3370 4258 3371 4259 3371 4261 3371 4260 3372 4254 3372 4256 3372 4263 3373 4265 3373 4266 3373 4562 3374 4573 3374 4315 3374 4562 3375 4014 2741 4573 3376 4567 3377 4017 3377 4018 3377 4014 3378 4010 3378 4573 3378 4564 3347 4327 3273 4325 2988 4321 3322 4017 3315 4567 3379 4556 3323 4570 3349 4525 3256 4325 2988 4326 2987 4563 3338 4327 3273 4564 3347 4328 3285 4541 3291 4526 3257 4575 3380 4557 3324 4527 3258 4576 3381 4246 3382 4577 3382 4245 3382 4578 3383 4260 3383 4252 3383 4578 3384 4254 3384 4260 3384 4253 3385 4578 3385 4259 3385 4578 3386 4265 3386 4264 3386 4261 3387 4259 3387 4578 3387 4254 3388 4578 3388 4253 3388 4579 3389 4273 3389 4599 3389 4261 3390 4578 3390 4264 3390 4279 3391 4277 3391 4580 3391 4271 3392 4599 3392 4273 3392 4290 3393 4289 3393 4287 3393 4581 3394 4299 3394 4298 3394 4002 3395 4582 3395 4001 3395 4635 3396 4634 3397 4011 2739 4010 2740 4012 2737 4011 2739 4573 3376 4636 3398 4315 3337 4636 3398 4549 3308 4315 3337 4320 3399 4321 3322 4567 3379 4322 3400 4023 2985 4323 2984 4568 3401 4022 3274 4023 2985 4574 3402 4325 2988 4563 3338 4320 3399 4323 2984 4321 3322 4322 3400 4568 3401 4023 2985 4563 3338 4022 3274 4568 3401 4325 2988 4574 3402 4564 3347 4540 3288 4575 3380 4526 3257 4542 3290 4576 3381 4527 3258 4588 3403 4541 3291 4587 3404 4576 3381 4542 3290 4588 3403 4589 3405 4529 3259 4528 3260 4535 3275 4529 3259 4589 3405 4423 3109 4590 3406 4411 3083 4546 3407 4558 3407 4553 3407 4546 3408 4554 3408 4558 3408 4554 3409 4546 3409 4560 3409 4560 3410 4561 3410 4554 3410 4236 3411 4571 3411 4238 3411 4234 3412 4236 3412 4238 3412 4594 3413 4246 3413 4571 3413 4236 3414 4594 3414 4571 3414 4596 3415 4248 3415 4245 3415 4246 3416 4594 3416 4577 3416 4248 3417 4597 3417 4572 3417 4577 3418 4595 3418 4245 3418 4245 3419 4595 3419 4596 3419 4598 3420 4252 3420 4572 3420 4596 3421 4597 3421 4248 3421 4597 3422 4598 3422 4572 3422 4599 3423 4265 3423 4600 3423 4599 3424 4269 3424 4267 3424 4599 3425 4271 3425 4269 3425 4601 3426 4275 3426 4273 3426 4267 3427 4265 3427 4599 3427 4602 3428 4277 3428 4275 3428 4603 3429 4280 3429 4279 3429 4579 3430 4601 3430 4273 3430 4604 3431 4283 3431 4280 3431 4275 3432 4601 3432 4602 3432 4604 3433 4285 3433 4283 3433 4605 3434 4288 3434 4285 3434 4602 3435 4580 3435 4277 3435 4606 3436 4292 3436 4287 3436 4606 3437 4294 3437 4292 3437 4607 3438 4295 3438 4294 3438 4280 3439 4603 3439 4604 3439 4607 3440 4298 3440 4295 3440 4299 3441 4581 3441 4301 3441 4604 3442 4605 3442 4285 3442 4605 3443 4287 3443 4288 3443 4581 3444 4303 3444 4301 3444 4608 3445 4305 3445 4303 3445 4608 3446 4306 3446 4305 3446 4294 3447 4606 3447 4607 3447 4098 3448 4609 3448 4095 3448 4607 3449 4581 3449 4298 3449 4303 3450 4581 3450 4608 3450 4610 3451 4092 3451 4093 3451 4608 3452 4102 3452 4306 3452 4611 3453 4091 3453 4090 3453 4612 3454 4088 3454 4091 3454 4613 3455 4002 3455 4088 3455 4614 3456 4653 3457 4003 2975 4614 3458 4007 3458 4001 3458 4610 3459 4090 3459 4092 3459 4615 3460 4009 2736 4003 2975 4635 3396 4309 2979 4009 2736 4611 3461 4612 3461 4091 3461 4612 3462 4613 3462 4088 3462 4616 3463 4010 2740 4011 2739 4582 3464 4002 3464 4613 3464 4617 3465 4573 3376 4010 2740 4614 3466 4001 3466 4582 3466 4003 2975 4007 2977 4614 3456 4583 3467 4549 3308 4636 3398 4009 2736 4615 3460 4635 3396 4011 2739 4309 2979 4635 3396 4616 3463 4617 3465 4010 2740 4316 3468 4018 3468 4052 3468 4573 3376 4617 3465 4636 3398 4583 3469 4016 3469 4549 3469 4319 3470 4323 2984 4320 3399 4619 3471 4574 3402 4563 3338 4677 3472 4564 3347 4574 3402 4316 3473 4567 3473 4018 3473 4322 3400 4323 2984 4319 3470 4585 3474 4538 3287 4550 3286 4328 3285 4569 3348 4550 3286 4575 3380 4587 3404 4541 3291 4541 3291 4588 3403 4542 3290 4556 3323 4538 3287 4585 3474 4575 3380 4540 3288 4621 3475 4551 3316 4622 3476 4623 3477 4544 3293 4543 3292 4623 3477 4423 3109 4535 3275 4590 3406 4132 3478 4234 3478 4566 3478 4594 3479 4646 3479 4577 3479 4578 3480 4252 3480 4598 3480 4628 3481 4265 3481 4578 3481 4628 3482 4600 3482 4265 3482 4605 3483 4604 3483 4630 3483 4580 3484 4603 3484 4279 3484 4581 3485 4607 3485 4631 3485 4605 3486 4606 3486 4287 3486 4632 3487 4102 3487 4608 3487 4632 3488 4099 3488 4102 3488 4633 3489 4090 3489 4610 3489 4632 3490 4098 3490 4099 3490 4609 3491 4093 3491 4095 3491 4633 3492 4611 3492 4090 3492 4671 3493 4583 3467 4636 3398 4615 3460 4003 2975 4653 3457 4584 3494 4016 3494 4583 3494 4637 3495 4053 3495 4016 3495 4637 3496 4052 3496 4053 3496 4616 3463 4011 2739 4634 3397 4639 3497 4568 3401 4618 3498 4584 3499 4637 3499 4016 3499 4052 3500 4637 3500 4638 3500 4052 3501 4638 3501 4316 3501 4586 3502 4550 3286 4569 3348 4539 3289 4621 3475 4540 3288 4586 3502 4585 3474 4550 3286 4641 3503 4570 3349 4640 3504 4557 3324 4622 3476 4551 3316 4621 3475 4539 3289 4641 3503 4551 3316 4623 3477 4543 3292 4544 3293 4642 3505 4545 3294 4552 3506 4553 3506 4624 3506 4566 3507 4560 3507 4546 3507 4552 3508 4546 3508 4553 3508 4546 3509 4552 3509 4566 3509 4234 3510 4560 3510 4566 3510 4594 3511 4236 3511 4646 3511 4234 3512 4132 3512 4236 3512 4625 3513 4646 3513 4236 3513 4647 3514 4595 3514 4577 3514 4647 3515 4596 3515 4595 3515 4597 3516 4596 3516 4648 3516 4646 3517 4647 3517 4577 3517 4648 3518 4598 3518 4597 3518 4647 3519 4626 3519 4596 3519 4626 3520 4648 3520 4596 3520 4598 3521 4648 3521 4627 3521 4629 3522 4628 3522 4578 3522 4627 3523 4578 3523 4598 3523 4600 3524 4628 3524 4663 3524 4599 3525 4649 3525 4579 3525 4600 3526 4649 3526 4599 3526 4579 3527 4649 3527 4601 3527 4650 3528 4098 3528 4632 3528 4581 3529 4631 3529 4608 3529 4651 3530 4093 3530 4609 3530 4650 3531 4609 3531 4098 3531 4652 3532 4615 3460 4653 3457 4651 3533 4610 3533 4093 3533 4317 3534 4567 3534 4316 3534 4317 3535 4320 3399 4567 3379 4655 3536 4556 3323 4585 3474 4556 3323 4640 3504 4570 3349 4570 3349 4641 3503 4539 3289 4640 3504 4556 3323 4655 3536 4623 3477 4642 3505 4544 3293 4565 3339 4643 3537 4528 3260 4622 3476 4557 3324 4657 3538 4528 3260 4643 3537 4589 3405 4552 3539 4593 3539 4566 3539 4566 3540 4235 3540 4131 3540 4659 3541 4625 3541 4236 3541 4686 3542 4626 3542 4647 3542 4661 3543 4578 3543 4627 3543 4627 3544 4648 3544 4661 3544 4578 3545 4661 3545 4629 3545 4629 3546 4663 3546 4628 3546 4664 3547 4602 3547 4601 3547 4692 3548 4580 3548 4602 3548 4692 3549 4603 3549 4580 3549 4630 3550 4606 3550 4605 3550 4669 3551 4610 3551 4651 3551 4613 3552 4612 3552 4728 3552 4668 3553 4650 3553 4632 3553 4672 3554 4674 3555 4673 3556 4675 3557 4638 3557 4637 3557 4318 3558 4320 3399 4317 3535 4618 3498 4322 3400 4319 3470 4620 3559 4563 3338 4568 3401 4316 3560 4638 3560 4675 3560 4318 3558 4319 3470 4320 3399 4656 3561 4655 3536 4679 3562 4568 3401 4322 3400 4618 3498 4563 3338 4620 3559 4619 3471 4574 3402 4619 3471 4677 3472 4677 3472 4569 3348 4564 3347 4576 3381 4657 3538 4557 3324 4681 3563 4575 3380 4680 3564 4642 3505 4658 3565 4545 3294 4588 3403 4587 3404 4681 3563 4545 3566 4658 3566 4565 3566 4657 3538 4576 3381 4682 3567 4643 3537 4565 3339 4714 3568 4593 3569 4552 3569 4624 3569 4235 3570 4566 3570 4593 3570 4683 3571 4236 3571 4132 3571 4132 3572 4566 3572 4131 3572 4684 3573 4646 3573 4625 3573 4132 3574 4131 3574 4683 3574 4683 3575 4659 3575 4236 3575 4625 3576 4659 3576 4684 3576 4685 3577 4647 3577 4646 3577 4646 3578 4684 3578 4660 3578 4660 3579 4685 3579 4646 3579 4687 3580 4648 3580 4626 3580 4647 3581 4685 3581 4686 3581 4686 3582 4687 3582 4626 3582 4648 3583 4687 3583 4688 3583 4662 3584 4629 3584 4661 3584 4688 3585 4661 3585 4648 3585 4690 3586 4649 3586 4600 3586 4629 3587 4662 3587 4663 3587 4691 3588 4601 3588 4649 3588 4600 3589 4663 3589 4690 3589 4693 3590 4603 3590 4692 3590 4665 3591 4604 3591 4603 3591 4691 3592 4664 3592 4601 3592 4694 3593 4630 3593 4604 3593 4602 3594 4664 3594 4692 3594 4695 3595 4606 3595 4630 3595 4666 3596 4607 3596 4606 3596 4693 3597 4665 3597 4603 3597 4666 3598 4631 3598 4607 3598 4604 3599 4665 3599 4694 3599 4696 3600 4608 3600 4631 3600 4695 3601 4666 3601 4606 3601 4631 3602 4666 3602 4696 3602 4633 3603 4753 3603 4697 3603 4696 3604 4667 3604 4608 3604 4667 3605 4632 3605 4608 3605 4697 3606 4611 3606 4633 3606 4698 3607 4612 3607 4611 3607 4699 3608 4582 3608 4613 3608 4700 3609 4614 3609 4582 3609 4669 3610 4633 3610 4610 3610 4701 3611 4635 3396 4615 3460 4697 3612 4698 3612 4611 3612 4698 3613 4728 3613 4612 3613 4702 3614 4616 3463 4634 3397 4728 3615 4699 3615 4613 3615 4703 3616 4617 3465 4616 3463 4699 3617 4700 3617 4582 3617 4653 3457 4614 3456 4700 3618 4652 3532 4701 3611 4615 3460 4634 3397 4635 3396 4701 3611 4703 3616 4616 3463 4702 3614 4706 3619 4316 3619 4675 3619 4617 3465 4703 3616 4636 3398 4583 3620 4671 3620 4584 3620 4676 3621 4707 3622 4639 3497 4709 3623 4619 3471 4708 3624 4654 3625 4677 3472 4709 3623 4316 3626 4706 3626 4317 3626 4654 3625 4569 3348 4677 3472 4678 3627 4585 3474 4586 3502 4639 3497 4620 3559 4568 3401 4621 3475 4680 3564 4575 3380 4586 3502 4569 3348 4654 3625 4575 3380 4681 3563 4587 3404 4678 3627 4655 3536 4585 3474 4588 3403 4682 3567 4576 3381 4680 3564 4621 3475 4710 3628 4682 3567 4588 3403 4711 3629 4658 3630 4714 3630 4565 3630 4622 3476 4712 3631 4713 3632 4642 3505 4623 3477 4713 3632 4500 3633 4593 3633 4624 3633 4233 3634 4235 3634 4593 3634 4593 3635 4500 3635 4233 3635 4684 3636 4718 3636 4717 3636 4689 3637 4719 3637 4661 3637 4661 3638 4719 3638 4662 3638 4661 3639 4688 3639 4689 3639 4690 3640 4691 3640 4649 3640 4694 3641 4695 3641 4630 3641 4695 3642 4723 3642 4750 3642 4696 3643 4725 3643 4724 3643 4609 3644 4726 3644 4651 3644 4667 3645 4668 3645 4632 3645 4609 3646 4650 3646 4726 3646 4669 3647 4753 3647 4633 3647 4653 3457 4729 3648 4652 3532 4730 3649 4731 3650 4670 3651 4634 3397 4754 3652 4702 3614 4700 3618 4729 3648 4653 3457 4636 3398 4670 3651 4671 3493 4701 3611 4754 3652 4634 3397 4637 3653 4732 3653 4675 3653 4670 3651 4636 3398 4703 3616 4671 3654 4732 3654 4584 3654 4584 3655 4732 3655 4637 3655 4319 3470 4314 3656 4618 3498 4319 3470 4318 3558 4314 3656 4679 3562 4678 3627 4733 3657 4586 3502 4734 3658 4678 3627 4641 3503 4710 3628 4621 3475 4586 3502 4654 3625 4734 3658 4681 3563 4711 3629 4588 3403 4656 3561 4640 3504 4655 3536 4735 3659 4641 3503 4640 3504 4657 3538 4712 3631 4622 3476 4622 3476 4713 3632 4623 3477 4642 3505 4736 3660 4658 3565 4589 3405 4737 3661 4535 3275 4737 3661 4590 3406 4535 3275 4500 3662 4592 3662 4233 3662 4645 3663 4592 3663 4644 3663 4645 3664 4716 3664 4131 3664 4131 3665 4233 3665 4645 3665 4716 3666 4718 3666 4659 3666 4683 3667 4131 3667 4716 3667 4659 3668 4683 3668 4716 3668 4684 3669 4659 3669 4718 3669 4717 3670 4686 3670 4685 3670 4684 3671 4717 3671 4660 3671 4685 3672 4660 3672 4717 3672 4743 3673 4689 3673 4687 3673 4687 3674 4686 3674 4743 3674 4688 3675 4687 3675 4689 3675 4719 3676 4720 3676 4662 3676 4746 3677 4691 3677 4690 3677 4663 3678 4662 3678 4746 3678 4721 3679 4747 3679 4691 3679 4690 3680 4663 3680 4746 3680 4747 3681 4748 3681 4664 3681 4748 3682 4722 3682 4693 3682 4749 3683 4665 3683 4722 3683 4664 3684 4691 3684 4747 3684 4692 3685 4664 3685 4748 3685 4693 3686 4692 3686 4748 3686 4693 3687 4722 3687 4665 3687 4694 3688 4665 3688 4749 3688 4750 3689 4725 3689 4666 3689 4695 3690 4694 3690 4723 3690 4751 3691 4752 3691 4668 3691 4695 3692 4750 3692 4666 3692 4724 3693 4668 3693 4667 3693 4752 3694 4726 3694 4650 3694 4666 3695 4725 3695 4696 3695 4727 3696 4669 3696 4651 3696 4667 3697 4696 3697 4724 3697 4668 3698 4752 3698 4650 3698 4651 3699 4726 3699 4727 3699 4754 3652 4756 3700 4755 3701 4777 3702 4701 3611 4652 3532 4729 3648 4777 3702 4652 3532 4759 3703 4318 3558 4317 3535 4759 3704 4317 3704 4706 3704 4734 3658 4760 3705 4733 3657 4656 3561 4762 3706 4761 3707 4640 3504 4656 3561 4735 3659 4641 3503 4735 3659 4710 3628 4679 3562 4655 3536 4678 3627 4713 3632 4736 3660 4642 3505 4763 3708 4657 3538 4682 3567 4714 3709 4658 3709 4764 3709 4500 3710 4738 3710 4592 3710 4129 3711 4645 3711 4644 3711 4717 3712 4718 3712 4742 3712 4766 3713 4767 3713 4742 3713 4742 3714 4767 3714 4686 3714 4743 3715 4767 3715 4744 3715 4686 3716 4717 3716 4742 3716 4794 3717 4768 3717 4744 3717 4744 3718 4745 3718 4689 3718 4743 3719 4686 3719 4767 3719 4768 3720 4689 3720 4745 3720 4689 3721 4743 3721 4744 3721 4768 3722 4720 3722 4719 3722 4795 3723 4769 3723 4720 3723 4719 3724 4689 3724 4768 3724 4769 3725 4746 3725 4662 3725 4662 3726 4720 3726 4769 3726 4770 3727 4721 3727 4691 3727 4771 3728 4772 3728 4748 3728 4691 3729 4746 3729 4770 3729 4773 3730 4774 3730 4723 3730 4749 3731 4723 3731 4694 3731 4750 3732 4723 3732 4800 3732 4841 3733 4726 3733 4752 3733 4776 3734 4844 3734 4697 3734 4724 3735 4751 3735 4668 3735 4778 3736 4670 3651 4703 3616 4732 3737 4779 3737 4780 3737 4778 3736 4703 3616 4702 3614 4675 3738 4780 3738 4706 3738 4779 3739 4732 3739 4671 3739 4318 3558 4781 3740 4314 3656 4313 3741 4639 3497 4618 3498 4732 3742 4780 3742 4675 3742 4707 3622 4708 3624 4620 3559 4781 3740 4318 3558 4759 3703 4618 3498 4314 3656 4313 3741 4639 3497 4707 3622 4620 3559 4620 3559 4708 3624 4619 3471 4677 3472 4619 3471 4709 3623 4657 3538 4763 3708 4712 3631 4783 3743 4680 3564 4710 3628 4784 3744 4681 3563 4680 3564 4736 3660 4764 3745 4658 3565 4785 3746 4682 3567 4711 3629 4787 3747 4714 3568 4786 3748 4592 3749 4738 3749 4644 3749 4129 3750 4765 3750 4645 3750 4765 3751 4790 3751 4716 3751 4645 3752 4765 3752 4716 3752 4791 3753 4718 3753 4790 3753 4791 3754 4766 3754 4742 3754 4718 3755 4716 3755 4790 3755 4792 3756 4793 3756 4767 3756 4742 3757 4718 3757 4791 3757 4744 3758 4767 3758 4794 3758 4745 3759 4744 3759 4768 3759 4720 3760 4768 3760 4795 3760 4746 3761 4796 3761 4770 3761 4746 3762 4769 3762 4796 3762 4797 3763 4798 3763 4721 3763 4798 3764 4771 3764 4747 3764 4721 3765 4770 3765 4797 3765 4772 3766 4799 3766 4722 3766 4747 3767 4721 3767 4798 3767 4747 3768 4771 3768 4748 3768 4800 3769 4723 3769 4774 3769 4722 3770 4748 3770 4772 3770 4749 3771 4722 3771 4799 3771 4750 3772 4800 3772 4775 3772 4749 3773 4773 3773 4723 3773 4775 3774 4801 3774 4725 3774 4801 3775 4751 3775 4724 3775 4750 3776 4775 3776 4725 3776 4724 3777 4725 3777 4801 3777 4803 3778 4753 3778 4669 3778 4805 3779 4698 3779 4844 3779 4805 3780 4806 3780 4728 3780 4806 3781 4807 3781 4699 3781 4669 3782 4727 3782 4803 3782 4700 3618 4807 3783 4729 3648 4756 3700 4809 3784 4808 3785 4753 3786 4776 3786 4697 3786 4698 3787 4697 3787 4844 3787 4810 3788 4756 3700 4701 3611 4698 3789 4805 3789 4728 3789 4811 3790 4730 3649 4778 3736 4728 3791 4806 3791 4699 3791 4755 3701 4778 3736 4702 3614 4699 3792 4807 3783 4700 3618 4812 3793 4850 3793 4813 3793 4731 3794 4779 3794 4671 3794 4777 3702 4810 3788 4701 3611 4756 3700 4754 3652 4701 3611 4754 3652 4755 3701 4702 3614 4730 3649 4670 3651 4778 3736 4706 3795 4814 3795 4759 3795 4731 3650 4671 3493 4670 3651 4780 3796 4814 3796 4706 3796 4782 3797 4817 3798 4818 3799 4782 3797 4734 3658 4654 3625 4639 3497 4313 3741 4676 3621 4761 3707 4762 3706 4819 3800 4821 3801 4735 3659 4761 3707 4709 3623 4782 3797 4654 3625 4680 3564 4783 3743 4784 3744 4678 3627 4734 3658 4733 3657 4681 3563 4784 3744 4711 3629 4682 3567 4785 3746 4763 3708 4821 3801 4710 3628 4735 3659 4822 3802 4711 3629 4784 3744 4786 3803 4714 3803 4764 3803 4714 3568 4787 3747 4643 3537 4823 3804 4712 3631 4763 3708 4713 3632 4712 3631 4824 3805 4643 3537 4787 3747 4589 3405 4738 3806 4788 3806 4825 3806 4857 3807 4591 3807 4826 3807 4738 3808 4825 3808 4644 3808 4789 3809 4825 3809 4715 3809 4128 3810 4789 3810 4715 3810 4825 3811 4789 3811 4644 3811 4128 3812 4827 3812 4130 3812 4130 3813 4790 3813 4765 3813 4789 3814 4129 3814 4644 3814 4765 3815 4129 3815 4130 3815 4828 3816 4766 3816 4791 3816 4791 3817 4790 3817 4828 3817 4830 3818 4831 3818 4793 3818 4793 3819 4831 3819 4794 3819 4767 3820 4766 3820 4792 3820 4832 3821 4768 3821 4831 3821 4794 3822 4767 3822 4793 3822 4768 3823 4794 3823 4831 3823 4768 3824 4832 3824 4795 3824 4769 3825 4834 3825 4796 3825 4835 3826 4836 3826 4796 3826 4769 3827 4795 3827 4834 3827 4770 3828 4836 3828 4797 3828 4837 3829 4838 3829 4798 3829 4770 3830 4796 3830 4836 3830 4799 3831 4773 3831 4749 3831 4840 3832 4801 3832 4775 3832 4841 3833 4751 3833 4802 3833 4775 3834 4800 3834 4840 3834 4726 3835 4842 3835 4727 3835 4843 3836 4844 3836 4776 3836 4751 3837 4801 3837 4802 3837 4804 3838 4776 3838 4753 3838 4752 3839 4751 3839 4841 3839 4726 3840 4841 3840 4842 3840 4845 3841 4847 3842 4846 3843 4753 3844 4803 3844 4804 3844 4729 3648 4848 3845 4845 3841 4777 3702 4845 3841 4810 3788 4807 3783 4848 3845 4729 3648 4729 3648 4845 3841 4777 3702 4850 3846 4851 3846 4780 3846 4755 3701 4811 3790 4778 3736 4780 3847 4851 3847 4814 3847 4759 3703 4852 3848 4781 3740 4850 3849 4779 3849 4731 3849 4673 3556 4313 3741 4314 3656 4780 3850 4779 3850 4850 3850 4852 3851 4759 3851 4814 3851 4673 3556 4314 3656 4781 3740 4819 3800 4820 3852 4853 3853 4710 3628 4821 3801 4783 3743 4734 3658 4782 3797 4760 3705 4711 3629 4822 3802 4785 3746 4762 3706 4656 3561 4679 3562 4735 3659 4656 3561 4761 3707 4712 3631 4823 3804 4824 3805 4713 3632 4824 3805 4736 3660 4855 3854 4736 3660 4824 3805 4764 3745 4736 3660 4856 3855 4715 3856 4825 3856 4788 3856 4857 3857 4741 3857 4739 3857 4130 3858 4789 3858 4128 3858 4790 3859 4827 3859 4828 3859 4790 3860 4130 3860 4827 3860 4828 3861 4859 3861 4829 3861 4792 3862 4829 3862 4830 3862 4829 3863 4766 3863 4828 3863 4792 3864 4766 3864 4829 3864 4793 3865 4792 3865 4830 3865 4833 3866 4863 3866 4832 3866 4832 3867 4831 3867 4833 3867 4795 3868 4832 3868 4863 3868 4796 3869 4834 3869 4835 3869 4834 3870 4795 3870 4863 3870 4797 3871 4864 3871 4837 3871 4838 3872 4865 3872 4771 3872 4797 3873 4836 3873 4864 3873 4865 3874 4866 3874 4772 3874 4798 3875 4797 3875 4837 3875 4799 3876 4866 3876 4839 3876 4771 3877 4798 3877 4838 3877 4772 3878 4771 3878 4865 3878 4800 3879 4867 3879 4840 3879 4799 3880 4772 3880 4866 3880 4773 3881 4799 3881 4839 3881 4774 3882 4773 3882 4867 3882 4800 3883 4774 3883 4867 3883 4868 3884 4869 3884 4727 3884 4803 3885 4869 3885 4804 3885 4870 3886 4871 3886 4805 3886 4727 3887 4842 3887 4868 3887 4806 3888 4871 3889 4872 3890 4803 3891 4727 3891 4869 3891 4807 3783 4872 3890 4848 3845 4776 3892 4804 3892 4843 3892 4810 3788 4846 3843 4809 3784 4873 3893 4874 3894 4811 3790 4805 3895 4871 3895 4806 3895 4808 3785 4811 3790 4755 3701 4807 3896 4806 3896 4872 3896 4730 3649 4874 3894 4731 3650 4845 3841 4846 3843 4810 3788 4810 3788 4809 3784 4756 3700 4756 3700 4808 3785 4755 3701 4811 3790 4874 3894 4730 3649 4814 3897 4875 3897 4852 3897 4310 2981 4707 3622 4676 3621 4851 3898 4875 3898 4814 3898 4676 3621 4313 3741 4310 2981 4679 3562 4820 3852 4762 3706 4820 3852 4679 3562 4733 3657 4736 3660 4855 3854 4856 3855 4764 3899 4856 3899 4786 3899 4880 3900 4763 3708 4785 3746 4881 3901 4737 3661 4589 3405 4589 3405 4787 3747 4881 3901 4590 3406 4882 3902 4411 3083 4788 3903 4740 3903 4127 3903 4788 3904 4127 3904 4715 3904 4126 3905 4127 3905 4885 3905 4127 3906 4128 3906 4715 3906 4231 3907 4887 3907 4827 3907 4827 3908 4128 3908 4231 3908 4828 3909 4887 3909 4858 3909 4926 3910 4888 3910 4858 3910 4828 3911 4827 3911 4887 3911 4858 3912 4829 3912 4859 3912 4858 3913 4859 3913 4828 3913 4860 3914 4861 3914 4889 3914 4860 3915 4889 3915 4830 3915 4831 3916 4889 3916 4861 3916 4830 3917 4829 3917 4860 3917 4861 3918 4833 3918 4831 3918 4831 3919 4830 3919 4889 3919 4863 3920 4833 3920 4862 3920 4863 3921 4835 3921 4834 3921 4836 3922 4893 3922 4864 3922 4894 3923 4895 3923 4837 3923 4836 3924 4835 3924 4893 3924 4896 3925 4897 3925 4866 3925 4773 3926 4839 3926 4867 3926 4801 3927 4898 3927 4802 3927 4840 3928 4867 3928 4898 3928 4899 3929 4842 3929 4841 3929 4801 3930 4840 3930 4898 3930 4842 3931 4900 3931 4868 3931 4901 3932 4843 3932 4804 3932 4841 3933 4802 3933 4899 3933 4844 3934 4903 3934 4870 3934 4904 3935 4905 3936 4872 3890 4804 3937 4869 3937 4901 3937 4848 3845 4905 3936 4847 3842 4906 3938 4907 3939 4809 3784 4843 3940 4903 3940 4844 3940 4805 3941 4844 3941 4870 3941 4872 3890 4905 3936 4848 3845 4845 3841 4848 3845 4847 3842 4731 3942 4909 3942 4813 3942 4910 3943 4912 3944 4911 3945 4808 3785 4873 3893 4811 3790 4851 3946 4812 3946 4875 3946 4909 3947 4731 3650 4874 3894 4852 3848 4913 3948 4914 3949 4813 3950 4850 3950 4731 3950 4914 3949 4672 3554 4781 3740 4313 3741 4674 3555 4310 2981 4851 3951 4850 3951 4812 3951 4707 3622 4311 2983 4815 3952 4875 3953 4913 3953 4852 3953 4708 3624 4815 3952 4816 3954 4852 3848 4914 3949 4781 3740 4709 3623 4816 3954 4782 3797 4781 3740 4672 3554 4673 3556 4916 3955 4917 3956 4876 3957 4313 3741 4673 3556 4674 3555 4818 3799 4733 3657 4760 3705 4707 3622 4310 2981 4311 2983 4708 3624 4707 3622 4815 3952 4919 3958 4879 3959 4878 3960 4708 3624 4816 3954 4709 3623 4782 3797 4818 3799 4760 3705 4762 3706 4820 3852 4819 3800 4763 3708 4880 3900 4823 3804 4854 3961 4783 3743 4821 3801 4920 3962 4784 3744 4783 3743 4921 3963 4785 3746 4822 3802 4786 3964 4856 3964 4923 3964 4737 3661 4922 3965 4882 3902 4922 3965 4737 3661 4881 3901 4787 3747 4786 3748 4924 3966 4737 3661 4882 3902 4590 3406 4885 3967 4127 3967 4740 3967 4886 3968 4231 3968 4126 3968 4231 3969 4127 3969 4126 3969 4886 3970 4926 3970 4887 3970 4887 3971 4231 3971 4886 3971 4888 3972 4860 3972 4829 3972 4858 3973 4887 3973 4926 3973 4829 3974 4858 3974 4888 3974 4928 3975 4929 3975 4861 3975 4929 3976 4930 3976 4890 3976 4833 3977 4890 3977 4891 3977 4890 3978 4833 3978 4861 3978 4862 3979 4833 3979 4891 3979 4863 3980 4862 3980 4892 3980 4893 3981 4835 3981 4892 3981 4864 3982 4932 3982 4894 3982 4892 3983 4835 3983 4863 3983 4838 3984 4895 3984 4933 3984 4864 3985 4893 3985 4932 3985 4865 3986 4933 3986 4896 3986 4894 3987 4837 3987 4864 3987 4838 3988 4837 3988 4895 3988 4839 3989 4897 3989 4935 3989 4865 3990 4838 3990 4933 3990 4867 3991 4935 3991 4898 3991 4896 3992 4866 3992 4865 3992 4969 3993 4936 3993 4898 3993 4839 3994 4866 3994 4897 3994 4867 3995 4839 3995 4935 3995 4802 3996 4936 3996 4899 3996 4900 3997 4842 3997 4971 3997 4868 3998 4937 3998 4938 3998 4802 3999 4898 3999 4936 3999 4869 4000 4938 4000 4901 4000 4903 4001 4843 4001 4902 4001 4939 4002 4940 4002 4870 4002 4842 4003 4899 4003 4971 4003 4868 4004 4900 4004 4937 4004 4871 3889 4940 4005 4904 3935 4869 4006 4868 4006 4938 4006 4941 4007 4942 4008 4847 3842 4843 4009 4901 4009 4902 4009 4846 3843 4942 4008 4906 3938 4943 4010 4944 4011 4873 3893 4871 4012 4870 4012 4940 4012 4907 3939 4873 3893 4808 3785 4872 4013 4871 4013 4904 4013 4874 3894 4944 4011 4909 3947 4846 3843 4847 3842 4942 4008 4846 3843 4906 3938 4809 3784 4945 4014 4947 4015 4946 4016 4809 3784 4907 3939 4808 3785 4813 4017 4849 4017 4812 4017 4873 3893 4944 4011 4874 3894 4875 4018 4948 4018 4913 4018 4875 4019 4812 4019 4948 4019 4950 4020 4949 4021 4951 4022 4951 4022 4916 3955 4953 4023 4312 2982 4310 2981 4674 3555 4733 3657 4876 3957 4853 3853 4954 4024 4919 3958 4918 4025 4782 3797 4816 3954 4817 3798 4821 3801 4878 3960 4854 3961 4783 3743 4854 3961 4920 3962 4733 3657 4818 3799 4876 3957 4784 3744 4920 3962 4822 3802 4820 3852 4733 3657 4853 3853 4785 3746 4921 3963 4880 3900 4878 3960 4821 3801 4761 3707 4955 4026 4822 3802 4920 3962 4786 3748 4923 4027 4924 3966 4956 4028 4823 3804 4880 3900 4787 3747 4924 3966 4881 3901 4957 4029 4824 3805 4823 3804 4739 4030 4740 4030 4857 4030 4740 4031 4739 4031 4885 4031 4741 4032 4125 4032 4739 4032 4885 4033 4739 4033 4126 4033 4999 4034 4960 4034 4230 4034 4886 4035 4230 4035 4925 4035 4230 4036 4886 4036 4126 4036 4926 4037 4925 4037 4927 4037 4926 4038 4886 4038 4925 4038 4927 4039 4888 4039 4926 4039 4860 4040 4927 4040 4928 4040 4927 4041 4860 4041 4888 4041 5003 4042 4963 4042 4929 4042 4928 4043 4861 4043 4860 4043 4890 4044 4861 4044 4929 4044 4891 4045 4890 4045 4930 4045 4964 4046 4965 4046 4930 4046 4862 4047 4930 4047 4892 4047 4862 4048 4891 4048 4930 4048 4932 4049 4931 4049 4894 4049 4931 4050 4893 4050 4892 4050 4932 4051 4893 4051 4931 4051 4935 4052 4934 4052 4969 4052 4935 4053 4897 4053 4934 4053 4898 4054 4935 4054 4969 4054 4900 4055 4972 4055 4937 4055 4901 4056 4973 4056 4902 4056 4899 4057 4936 4057 4971 4057 4903 4058 4975 4058 4939 4058 4900 4059 4971 4059 4972 4059 4976 4060 4977 4061 4904 3935 4901 4062 4938 4062 4973 4062 4905 3936 4977 4061 4941 4007 4978 4063 4979 4064 4906 3938 4903 4065 4902 4065 4975 4065 4870 4066 4903 4066 4939 4066 4905 3936 4904 3935 4977 4061 4847 3842 4905 3936 4941 4007 4909 4067 4981 4067 4849 4067 4907 3939 4943 4010 4873 3893 4812 4068 4982 4068 4948 4068 4944 4011 4981 4069 4909 3947 4913 3948 4983 4070 4984 4071 4849 4072 4813 4072 4909 4072 4984 4071 4985 4073 4914 3949 4672 3554 4985 4073 4986 4074 4674 3555 4986 4074 4312 2982 4812 4075 4849 4075 4982 4075 4311 2983 4987 4076 4988 4077 4948 4078 4983 4078 4913 4078 4815 3952 4988 4077 4989 4079 4913 3948 4984 4071 4914 3949 4816 3954 4989 4079 4817 3798 4914 3949 4985 4073 4672 3554 4986 4074 4674 3555 4672 3554 4818 3799 4953 4023 4876 3957 4987 4076 4311 2983 4312 2982 4815 3952 4311 2983 4988 4077 4819 3800 4877 4080 4918 4025 4816 3954 4815 3952 4989 4079 4761 3707 4918 4025 4878 3960 4818 3799 4817 3798 4953 4023 4822 3802 4955 4026 4921 3963 4877 4080 4819 3800 4853 3853 4918 4025 4761 3707 4819 3800 4823 3804 4956 4028 4957 4029 4879 3959 4854 3961 4878 3960 4824 3805 4957 4029 4855 3854 4992 4081 4920 3962 4854 3961 4993 4082 4921 3963 4955 4026 4855 3854 4957 4029 4994 4083 4995 4084 4856 3855 4855 3854 4884 4085 4120 4085 4958 4085 4230 4086 4125 4086 4999 4086 4125 4087 4230 4087 4739 4087 4925 4088 4960 4088 4961 4088 4925 4089 4230 4089 4960 4089 4927 4090 4961 4090 4962 4090 4927 4091 4925 4091 4961 4091 4928 4092 4962 4092 5003 4092 4928 4093 4927 4093 4962 4093 4929 4094 4963 4094 4964 4094 5003 4095 4929 4095 4928 4095 4964 4096 4930 4096 4929 4096 4892 4097 4965 4097 5006 4097 4931 4098 5006 4098 4966 4098 4892 4099 4930 4099 4965 4099 4894 4100 4966 4100 5007 4100 4931 4101 4892 4101 5006 4101 4895 4102 5007 4102 5008 4102 4933 4103 5008 4103 4967 4103 4894 4104 4931 4104 4966 4104 5009 4105 4896 4105 4967 4105 4895 4106 4894 4106 5007 4106 4897 4107 5009 4107 4934 4107 5008 4108 4933 4108 4895 4108 4896 4109 4933 4109 4967 4109 5045 4110 5011 4110 4968 4110 4897 4111 4896 4111 5009 4111 4969 4112 4968 4112 5011 4112 4936 4113 5011 4113 4970 4113 4969 4114 4934 4114 4968 4114 4971 4115 4970 4115 4972 4115 4937 4116 5012 4116 5013 4116 5011 4117 4936 4117 4969 4117 4938 4118 5013 4118 4973 4118 5014 4119 5015 4119 4975 4119 4971 4120 4936 4120 4970 4120 4902 4121 4974 4121 4975 4121 5012 4122 4937 4122 4972 4122 4940 4005 5016 4123 4976 4060 4938 4124 4937 4124 5013 4124 5017 4125 5018 4126 4941 4007 4902 4127 4973 4127 4974 4127 4942 4008 5018 4126 4978 4063 5019 4128 5020 4129 4943 4010 4940 4130 4939 4130 5016 4130 4907 3939 4979 4064 4943 4010 4904 4131 4940 4131 4976 4131 4944 4011 5020 4129 4981 4069 4942 4008 4941 4007 5018 4126 4942 4008 4978 4063 4906 3938 5021 4132 5023 4133 5022 4134 4906 3938 4979 4064 4907 3939 4849 4135 4908 4135 4982 4135 4943 4010 5020 4129 4944 4011 4948 4136 5024 4137 4983 4070 4981 4138 4908 4138 4849 4138 4312 2982 5025 4139 4987 4076 4948 4140 4982 4140 5024 4140 4817 3798 4950 4020 4953 4023 4986 4074 5025 4139 4312 2982 4990 4141 5027 4142 5026 4143 4853 3853 4917 3956 4877 4080 5028 4144 5030 4145 5029 4146 4950 4020 4817 3798 4989 4079 4854 3961 4879 3959 4992 4081 4953 4023 4916 3955 4876 3957 4920 3962 4992 4081 4955 4026 4917 3956 4853 3853 4876 3957 4921 3963 4993 4082 4880 3900 4918 4025 4919 3958 4878 3960 4855 3854 4994 4083 4995 4084 5032 4147 4955 4026 4992 4081 4856 4148 4995 4148 4923 4148 5033 4149 4880 3900 4993 4082 5034 4150 4956 4028 4880 3900 5035 4151 4922 3965 4881 3901 4881 3901 4924 3966 5035 4151 4591 4152 4959 4152 4122 4152 4826 4153 4741 4153 4857 4153 4997 4154 4996 4155 4116 4156 4123 4157 4125 4157 4741 4157 4125 4158 4123 4158 4998 4158 4998 4159 4999 4159 4125 4159 4960 4160 4998 4160 5000 4160 4998 4161 4960 4161 4999 4161 4961 4162 5000 4162 5001 4162 5000 4163 4961 4163 4960 4163 4962 4164 5001 4164 5002 4164 5037 4165 5003 4165 5002 4165 4962 4166 4961 4166 5001 4166 5003 4167 4962 4167 5002 4167 5004 4168 4963 4168 5037 4168 5037 4169 4963 4169 5003 4169 4964 4170 4963 4170 5004 4170 4964 4171 5004 4171 5005 4171 5040 4172 5006 4172 5005 4172 5005 4173 4965 4173 4964 4173 4966 4174 5040 4174 5007 4174 5006 4175 4965 4175 5005 4175 5042 4176 5043 4176 5008 4176 5040 4177 4966 4177 5006 4177 4934 4178 5010 4178 5045 4178 5086 4179 5046 4179 5011 4179 4934 4180 5009 4180 5010 4180 5045 4181 4968 4181 4934 4181 5047 4182 5048 4182 5013 4182 4973 4183 5048 4183 4974 4183 5049 4184 5050 4184 5016 4184 4972 4185 4970 4185 5012 4185 4939 4186 5015 4187 5016 4123 5048 4188 4973 4188 5013 4188 4977 4061 5051 4189 5017 4125 4978 4063 5053 4190 5052 4191 4975 4192 4974 4192 5014 4192 4939 4193 4975 4193 5015 4193 4977 4061 4976 4060 5051 4189 4941 4007 4977 4061 5017 4125 4981 4069 5056 4194 4980 4195 5057 4196 5059 4197 5058 4198 4908 4199 4980 4199 5060 4199 4979 4064 5019 4128 4943 4010 4982 4200 5060 4200 5024 4200 5020 4129 5056 4194 4981 4069 4983 4070 5061 4201 5062 4202 4981 4069 4980 4195 4908 4203 4984 4071 5062 4202 5063 4204 4985 4073 5063 4204 5064 4205 4986 4074 5064 4205 5025 4139 5060 4206 4982 4206 4908 4206 4987 4076 4704 4207 4705 4208 4983 4209 5024 4209 5061 4209 4988 4077 4705 4208 4915 4210 4984 4071 4983 4070 5062 4202 4989 4079 4915 4210 4950 4020 4985 4073 4984 4071 5063 4204 4985 4073 5064 4205 4986 4074 5027 4142 5066 4211 5065 4212 4704 4207 4987 4076 5025 4139 4705 4208 4988 4077 4987 4076 4877 4080 4990 4141 4954 4024 4915 4210 4989 4079 4988 4077 4953 4023 4950 4020 4951 4022 4879 3959 5028 4144 5031 4213 4955 4026 5032 4147 4993 4082 4877 4080 4917 3956 4990 4141 4877 4080 4954 4024 4918 4025 4880 3900 5033 4149 5034 4150 4956 4028 5034 4150 4957 4029 5028 4144 4879 3959 4919 3958 5031 4213 4992 4081 4879 3959 5067 4214 4993 4082 5032 4147 4922 3965 5068 4215 4882 3902 5068 4215 4922 3965 5035 4151 4924 3966 4923 4027 5069 4216 4122 4217 4958 4217 4232 4217 4996 4155 5070 4218 4111 4219 4122 4220 4826 4220 4591 4220 4123 4221 4122 4221 5036 4221 4122 4222 4123 4222 4826 4222 5072 4223 4998 4223 5036 4223 5036 4224 4998 4224 4123 4224 5074 4225 5000 4225 5072 4225 5072 4226 5000 4226 4998 4226 5076 4227 5001 4227 5074 4227 5074 4228 5001 4228 5000 4228 5002 4229 5076 4229 5038 4229 5076 4230 5002 4230 5001 4230 5037 4231 5038 4231 5039 4231 5038 4232 5037 4232 5002 4232 5039 4233 5004 4233 5037 4233 5080 4234 5004 4234 5039 4234 5080 4235 5122 4235 5081 4235 5005 4236 5080 4236 5041 4236 5005 4237 5004 4237 5080 4237 5040 4238 5041 4238 5082 4238 5007 4239 5082 4239 5042 4239 5041 4240 5040 4240 5005 4240 4967 4241 5043 4241 5084 4241 5082 4242 5007 4242 5040 4242 5009 4243 5084 4243 5044 4243 5042 4244 5008 4244 5007 4244 4967 4245 5008 4245 5043 4245 5045 4246 5044 4246 5086 4246 5084 4247 5009 4247 4967 4247 5044 4248 5010 4248 5009 4248 5045 4249 5010 4249 5044 4249 5088 4250 5090 4250 5089 4250 4970 4251 5046 4251 5088 4251 5012 4252 5088 4252 5047 4252 5011 4253 5045 4253 5086 4253 5014 4254 5093 4255 5092 4256 4970 4257 5011 4257 5046 4257 4974 4258 5091 4259 5014 4254 5088 4260 5012 4260 4970 4260 5051 4189 4976 4060 5050 4261 5013 4262 5012 4262 5047 4262 5094 4263 5017 4125 5095 4264 4974 4265 5048 4265 5091 4265 5018 4126 5094 4263 5053 4190 5096 4266 5098 4267 5097 4268 5016 4269 5015 4269 5049 4269 4979 4064 5052 4191 5019 4128 4976 4270 5016 4270 5050 4270 5020 4129 5097 4268 5056 4194 5018 4126 5017 4125 5094 4263 4978 4063 5018 4126 5053 4190 4979 4064 4978 4063 5052 4191 4980 4271 5055 4271 5060 4271 5019 4128 5097 4268 5020 4129 5024 4137 5060 4272 5061 4201 5056 4194 5055 4273 4980 4195 5025 4139 5099 4274 4704 4207 5100 4275 5102 4276 5101 4277 5104 4278 5101 4277 5103 4279 5066 4211 5104 4278 5105 4280 5064 4205 5099 4274 5025 4139 4916 3955 4952 4281 5106 4282 4917 3956 5106 4282 4990 4141 5108 4283 5030 4145 5107 4284 4950 4020 4915 4210 4949 4021 4919 3958 4991 4285 5028 4144 5109 4286 5031 4213 5029 4146 4952 4281 4916 3955 4951 4022 4992 4081 5031 4213 5032 4147 4917 3956 4916 3955 5106 4282 4993 4082 5067 4214 5033 4149 4991 4285 4919 3958 4954 4024 5109 4286 5032 4147 5031 4213 4923 4027 4995 4084 5114 4287 5110 4288 5033 4149 5067 4214 4923 4027 5114 4287 5069 4216 5111 4289 5034 4150 5033 4149 4924 3966 5069 4216 5035 4151 5112 4290 4957 4029 5034 4150 5113 4291 4995 4084 4994 4083 4958 4292 4122 4292 4959 4292 4122 4293 4232 4293 5071 4293 5071 4294 4124 4294 5115 4294 5071 4295 5036 4295 4122 4295 5036 4296 5071 4296 5073 4296 5072 4297 5073 4297 5075 4297 5073 4298 5072 4298 5036 4298 5074 4299 5075 4299 5117 4299 5075 4300 5074 4300 5072 4300 5076 4301 5117 4301 5077 4301 5038 4302 5077 4302 5078 4302 5117 4303 5076 4303 5074 4303 5038 4304 5078 4304 5079 4304 5077 4305 5038 4305 5076 4305 5079 4306 5039 4306 5038 4306 5039 4307 5079 4307 5122 4307 5041 4308 5081 4308 5083 4308 5122 4309 5080 4309 5039 4309 5082 4310 5083 4310 5124 4310 5081 4311 5041 4311 5080 4311 5042 4312 5124 4312 5126 4312 5043 4313 5126 4313 5085 4313 5082 4314 5041 4314 5083 4314 5124 4315 5042 4315 5082 4315 5044 4316 5085 4316 5087 4316 5126 4317 5043 4317 5042 4317 5084 4318 5043 4318 5085 4318 5085 4319 5044 4319 5084 4319 5086 4320 5087 4320 5129 4320 5046 4321 5129 4321 5090 4321 5086 4322 5044 4322 5087 4322 5047 4323 5089 4324 5131 4325 5048 4326 5131 4325 5091 4259 5129 4327 5046 4327 5086 4327 5132 4328 5049 4329 5133 4330 5088 4331 5046 4331 5090 4331 5015 4187 5092 4256 5049 4329 5089 4324 5047 4323 5088 4332 5131 4325 5048 4326 5047 4323 5051 4189 5134 4333 5095 4264 5014 4334 5091 4334 5093 4334 5092 4256 5015 4187 5014 4254 5019 4128 5137 4335 5097 4268 5051 4189 5050 4261 5134 4333 5017 4125 5051 4189 5095 4264 5056 4194 5098 4267 5054 4336 5055 4337 5054 4337 5140 4337 5052 4191 5137 4335 5019 4128 5060 4272 5140 4338 5058 4198 5097 4268 5098 4267 5056 4194 5061 4201 5058 4198 5141 4339 5056 4194 5054 4336 5055 4273 5062 4202 5141 4339 5142 4340 5063 4204 5142 4340 5143 4341 5064 4205 5143 4341 5099 4274 5055 4342 5140 4342 5060 4342 4704 4207 4910 3943 5144 4343 5061 4344 5060 4344 5058 4344 4705 4208 5144 4343 5145 4345 5062 4202 5061 4201 5141 4339 4915 4210 5145 4345 4949 4021 5063 4204 5062 4202 5142 4340 5063 4204 5143 4341 5064 4205 4951 4022 5146 4346 4952 4281 5099 4274 4910 3943 4704 4207 4704 4207 5144 4343 4705 4208 5147 4347 5107 4284 5148 4348 5145 4345 4915 4210 4705 4208 4954 4024 5026 4143 4991 4285 5146 4346 4951 4022 4949 4021 5032 4147 5109 4286 5067 4214 5027 4142 4990 4141 5106 4282 5026 4143 4954 4024 4990 4141 5033 4149 5110 4288 5111 4289 5034 4150 5111 4289 5112 4290 4991 4285 5030 4145 5028 4144 4957 4029 5112 4290 4994 4083 5029 4146 5031 4213 5028 4144 4995 4349 5113 4349 5114 4349 5150 4350 5067 4214 5109 4286 4994 4083 5112 4290 5151 4351 4882 3902 5152 4352 4411 3083 4884 4353 4883 4354 4119 4355 4958 4356 4120 4356 4232 4356 5071 4357 4232 4357 4124 4357 5073 4358 5115 4358 5116 4358 5115 4359 5073 4359 5071 4359 5075 4360 5116 4360 5118 4360 5118 4361 5158 4361 5117 4361 5116 4362 5075 4362 5073 4362 5118 4363 5117 4363 5075 4363 5077 4364 5158 4364 5119 4364 5158 4365 5077 4365 5117 4365 5078 4366 5119 4366 5120 4366 5119 4367 5078 4367 5077 4367 5120 4368 5079 4368 5078 4368 5079 4369 5120 4369 5121 4369 5122 4370 5121 4370 5123 4370 5122 4371 5079 4371 5121 4371 5123 4372 5162 4372 5081 4372 5123 4373 5081 4373 5122 4373 5083 4374 5162 4374 5125 4374 5125 4375 5163 4375 5124 4375 5162 4376 5083 4376 5081 4376 5126 4377 5163 4377 5165 4377 5085 4378 5165 4378 5127 4378 5125 4379 5124 4379 5083 4379 5163 4380 5126 4380 5124 4380 5087 4381 5127 4381 5128 4381 5165 4382 5085 4382 5126 4382 5128 4383 5167 4383 5129 4383 5127 4384 5087 4384 5085 4384 5090 4385 5167 4386 5169 4387 5089 4324 5169 4387 5130 4388 5130 4388 5171 4389 5170 4390 5129 4391 5087 4391 5128 4391 5131 4325 5130 4388 5170 4390 5091 4259 5170 4390 5093 4255 5167 4386 5090 4385 5129 4392 5089 4393 5090 4393 5169 4393 5132 4328 5172 4394 5134 4333 5050 4261 5132 4328 5134 4333 5130 4388 5131 4325 5089 4324 5170 4390 5091 4259 5131 4325 5094 4263 5173 4395 5136 4396 5053 4190 5136 4396 5135 4397 5049 4398 5092 4398 5133 4398 5052 4191 5135 4397 5137 4335 5132 4328 5050 4261 5049 4329 5098 4267 5175 4399 5174 4400 5094 4263 5095 4264 5173 4395 5053 4190 5094 4263 5136 4396 5052 4191 5053 4190 5135 4397 5054 4401 5174 4401 5057 4401 5137 4335 5096 4266 5097 4268 5140 4338 5057 4196 5058 4198 5098 4267 5174 4400 5054 4336 5054 4402 5057 4402 5140 4402 5099 4274 4912 3944 4910 3943 4949 4021 5176 4403 5146 4346 5143 4341 4912 3944 5099 4274 4952 4281 5104 4278 5066 4211 5106 4282 5066 4211 5027 4142 5176 4403 4949 4021 5145 4345 4991 4285 5107 4284 5030 4145 4952 4281 5146 4346 5104 4278 5066 4211 5106 4282 4952 4281 5067 4214 5150 4350 5110 4288 5026 4143 5107 4284 4991 4285 4994 4083 5151 4351 5113 4291 5149 4404 5109 4286 5029 4146 5179 4405 5110 4288 5150 4350 5180 4406 5111 4289 5110 4288 5182 4407 5112 4290 5111 4289 5181 4408 5068 4215 5035 4151 5035 4151 5069 4216 5181 4408 5183 4409 5113 4291 5151 4351 5114 4287 5113 4291 5183 4409 5068 4215 5152 4352 4882 3902 4883 4354 4997 4154 4121 4410 4120 4411 4884 4353 4119 4355 5155 4412 4124 4413 4120 4411 4119 4355 5155 4412 4120 4411 5156 4414 5115 4415 4124 4413 5155 4412 5156 4414 4124 4413 5156 4414 5116 4416 5115 4415 5157 4417 5118 4418 5116 4416 5156 4414 5157 4417 5116 4416 5187 4419 5158 4420 5118 4418 5157 4417 5187 4419 5118 4418 5188 4421 5119 4422 5158 4420 5187 4419 5188 4421 5158 4420 5188 4421 5159 4423 5119 4422 5160 4424 5120 4425 5119 4422 5159 4423 5160 4424 5119 4422 5160 4424 5121 4426 5120 4425 5161 4427 5123 4428 5121 4426 5160 4424 5161 4427 5121 4426 5190 4429 5162 4430 5123 4428 5191 4431 5193 4432 5192 4433 5161 4427 5190 4429 5123 4428 5192 4433 5125 4434 5162 4430 5164 4435 5163 4436 5125 4434 5191 4431 5162 4430 5190 4429 5165 4437 5163 4436 5194 4438 5191 4431 5192 4433 5162 4430 5194 4438 5127 4439 5165 4437 5192 4433 5164 4435 5125 4434 5194 4438 5163 4436 5164 4435 5128 4440 5127 4439 5166 4441 5194 4438 5166 4441 5127 4439 5197 4442 5167 4386 5128 4440 5168 4443 5199 4444 5198 4445 5168 4443 5169 4387 5167 4386 5166 4441 5197 4442 5128 4440 5198 4445 5130 4388 5169 4387 5168 4443 5167 4386 5197 4442 5093 4255 5170 4390 5200 4446 5200 4446 5201 4447 5133 4330 5168 4443 5198 4445 5169 4387 5200 4446 5092 4256 5093 4255 5198 4445 5171 4389 5130 4388 5202 4448 5203 4449 5173 4395 5200 4446 5170 4390 5171 4389 5202 4448 5095 4264 5134 4333 5200 4446 5133 4330 5092 4256 5204 4450 5205 4451 5096 4266 5204 4450 5137 4335 5135 4397 5202 4448 5134 4333 5172 4394 5202 4448 5173 4395 5095 4264 5206 4452 5098 4267 5096 4266 5207 4453 5139 4454 5262 4455 5096 4266 5137 4335 5204 4450 5138 4456 5057 4196 5174 4400 5098 4267 5206 4452 5175 4399 5208 4457 5210 4458 5209 4459 5211 4460 5141 4339 5058 4198 5212 4461 5142 4340 5141 4339 5174 4400 5175 4399 5138 4456 5213 4462 5143 4341 5142 4340 5057 4196 5138 4456 5059 4197 4947 4015 5215 4463 5214 4464 5058 4198 5059 4197 5211 4460 4758 4465 5144 4343 4910 3943 5211 4460 5212 4461 5141 4339 4757 4466 5145 4345 5144 4343 5212 4461 5213 4462 5142 4340 4912 3944 5143 4341 5213 4462 5101 4277 5146 4346 5176 4403 4758 4465 4910 3943 4911 3945 5144 4343 4758 4465 4757 4466 5217 4467 5218 4468 5147 4347 4757 4466 5176 4403 5145 4345 5148 4348 5026 4143 5027 4142 5101 4277 5104 4278 5146 4346 5220 4469 5219 4470 5178 4471 5177 4472 5029 4146 5030 4145 5109 4286 5149 4404 5150 4350 5148 4348 5027 4142 5065 4212 5026 4143 5148 4348 5107 4284 5110 4288 5179 4405 5180 4406 5111 4289 5180 4406 5182 4407 5108 4283 5177 4472 5030 4145 5112 4290 5182 4407 5151 4351 5149 4404 5029 4146 5177 4472 5221 4473 5179 4405 5150 4350 5151 4351 5182 4407 5222 4474 5068 4215 5223 4475 5152 4352 5223 4475 5068 4215 5181 4408 5224 4476 5114 4287 5183 4409 5069 4216 5114 4287 5225 4477 5226 4478 5330 4479 5227 4480 4121 4410 4119 4355 4883 4354 5155 4412 4119 4355 5228 4481 4121 4410 5228 4481 4119 4355 5156 4414 5155 4412 5186 4482 5228 4481 5186 4482 5155 4412 5186 4482 5230 4483 5156 4414 5157 4417 5156 4414 5232 4484 5157 4417 5232 4484 5187 4419 5230 4483 5232 4484 5156 4414 5282 4485 5233 4486 5232 4484 5233 4486 5188 4421 5187 4419 5232 4484 5233 4486 5187 4419 5234 4487 5235 4488 5189 4489 5159 4423 5188 4421 5189 4489 5233 4486 5189 4489 5188 4421 5159 4423 5236 4490 5160 4424 5189 4489 5235 4488 5159 4423 5235 4488 5236 4490 5159 4423 5237 4491 5238 4492 5236 4490 5161 4427 5160 4424 5238 4492 5161 4427 5239 4493 5190 4429 5236 4490 5238 4492 5160 4424 5191 4431 5190 4429 5241 4494 5238 4492 5239 4493 5161 4427 5242 4495 5243 4496 5193 4432 5164 4435 5192 4433 5243 4496 5239 4493 5241 4494 5190 4429 5194 4438 5164 4435 5195 4497 5241 4494 5193 4432 5191 4431 5193 4432 5243 4496 5192 4433 5166 4441 5194 4438 5196 4498 5243 4496 5195 4497 5164 4435 5195 4497 5196 4498 5194 4438 5197 4442 5166 4441 5246 4499 5168 4443 5197 4442 5247 4500 5196 4498 5246 4499 5166 4441 5171 4389 5198 4445 5249 4501 5246 4499 5247 4500 5197 4442 5200 4446 5171 4389 5250 4502 5247 4500 5199 4444 5168 4443 5252 4503 5254 4504 5253 4505 5199 4444 5249 4501 5198 4445 5132 4328 5133 4330 5253 4505 5172 4394 5132 4328 5254 4504 5249 4501 5250 4502 5171 4389 5202 4448 5172 4394 5255 4506 5251 4507 5200 4446 5250 4502 5256 4508 5258 4509 5257 4510 5201 4447 5200 4446 5251 4507 5136 4396 5173 4395 5257 4510 5201 4447 5253 4505 5133 4330 5135 4397 5136 4396 5258 4509 5253 4505 5254 4504 5132 4328 5204 4450 5135 4397 5259 4511 5255 4506 5172 4394 5254 4504 5260 4512 5262 4455 5261 4513 5203 4449 5202 4448 5255 4506 5206 4452 5096 4266 5261 4513 5257 4510 5173 4395 5203 4449 5175 4399 5206 4452 5262 4455 5257 4510 5258 4509 5136 4396 5259 4511 5135 4397 5258 4509 5205 4451 5204 4450 5259 4511 5138 4456 5175 4399 5139 4454 5261 4513 5096 4266 5205 4451 5263 4514 5265 4515 5264 4516 5262 4455 5206 4452 5261 4513 5175 4399 5262 4455 5139 4454 4912 3944 5213 4462 5266 4517 5138 4456 5139 4454 5059 4197 5214 4464 5268 4518 5267 4519 5176 4403 4757 4466 5100 4275 4911 3945 4912 3944 5266 4517 5269 4520 5271 4521 5270 4522 5216 4523 5269 4520 5217 4467 5176 4403 5100 4275 5101 4277 5272 4524 5220 4469 5273 4525 5103 4279 5105 4280 5104 4278 5105 4280 5065 4212 5066 4211 5149 4404 5177 4472 5178 4471 5150 4350 5149 4404 5221 4473 5147 4347 5108 4283 5107 4284 5222 4474 5183 4409 5151 4351 5178 4471 5221 4473 5149 4404 5274 4526 5275 4527 5179 4405 5114 4287 5224 4476 5225 4477 5275 4527 5276 4528 5180 4406 5069 4216 5225 4477 5181 4408 5276 4528 5222 4474 5182 4407 5277 4529 5278 4530 5183 4409 5224 4476 5183 4409 5278 4530 4116 4156 4121 4410 4997 4154 5228 4481 4121 4410 4116 4156 5186 4482 5228 4481 5229 4531 4116 4156 5229 4531 5228 4481 5186 4482 5280 4532 5230 4483 5186 4482 5229 4531 5280 4532 5280 4532 5232 4484 5230 4483 5280 4532 5231 4533 5232 4484 5231 4533 5282 4485 5232 4484 5189 4489 5233 4486 5284 4534 5282 4485 5284 4534 5233 4486 5236 4490 5235 4488 5234 4487 5284 4534 5234 4487 5189 4489 5285 4535 5286 4536 5234 4487 5234 4487 5286 4536 5236 4490 5239 4493 5238 4492 5240 4537 5286 4536 5237 4491 5236 4490 5241 4494 5239 4493 5288 4538 5237 4491 5240 4537 5238 4492 5193 4432 5241 4494 5288 4538 5240 4537 5288 4538 5239 4493 5195 4497 5243 4496 5290 4539 5288 4538 5242 4495 5193 4432 5244 4540 5196 4498 5195 4497 5242 4495 5290 4539 5243 4496 5290 4539 5244 4540 5195 4497 5292 4541 5246 4499 5196 4498 5246 4499 5245 4542 5247 4500 5244 4540 5292 4541 5196 4498 5199 4444 5247 4500 5294 4543 5292 4541 5245 4542 5246 4499 5295 4544 5249 4501 5199 4444 5296 4545 5297 4546 5248 4547 5245 4542 5294 4543 5247 4500 5250 4502 5249 4501 5248 4547 5251 4507 5250 4502 5297 4546 5294 4543 5295 4544 5199 4444 5201 4447 5251 4507 5298 4548 5299 4549 5253 4505 5201 4447 5248 4547 5249 4501 5295 4544 5300 4550 5302 4551 5301 4552 5255 4506 5254 4504 5301 4552 5248 4547 5297 4546 5250 4502 5203 4449 5255 4506 5302 4551 5297 4546 5298 4548 5251 4507 5257 4510 5203 4449 5303 4553 5299 4549 5201 4447 5298 4548 5304 4554 5306 4555 5305 4556 5252 4503 5253 4505 5299 4549 5259 4511 5258 4509 5305 4556 5252 4503 5301 4552 5254 4504 5205 4451 5259 4511 5306 4555 5301 4552 5302 4551 5255 4506 5307 4557 5261 4513 5205 4451 5303 4553 5203 4449 5302 4551 5256 4508 5257 4510 5303 4553 5256 4508 5305 4556 5258 4509 5306 4555 5259 4511 5305 4556 5310 4558 5312 4559 5311 4560 5307 4557 5205 4451 5306 4555 5260 4512 5261 4513 5307 4557 5313 4561 5059 4197 5139 4454 5211 4460 5059 4197 5314 4562 5207 4453 5262 4455 5260 4512 5315 4563 5212 4461 5211 4460 5213 4462 5212 4461 5316 4564 5266 4517 5213 4462 5317 4565 5139 4454 5207 4453 5313 4561 4911 3945 5266 4517 5318 4566 5059 4197 5313 4561 5314 4562 4758 4465 4911 3945 5319 4567 5314 4562 5315 4563 5211 4460 4757 4466 4758 4465 5320 4568 5315 4563 5316 4564 5212 4461 5316 4564 5317 4565 5213 4462 5321 4569 5322 4570 5267 4519 5317 4565 5318 4566 5266 4517 5323 4571 5322 4570 5271 4521 5319 4567 4911 3945 5318 4566 4758 4465 5319 4567 5320 4568 5065 4212 5105 4280 5216 4523 4757 4466 5320 4568 5100 4275 5148 4348 5065 4212 5217 4467 5102 4276 5103 4279 5101 4277 5108 4283 5147 4347 5273 4525 5177 4472 5108 4283 5220 4469 5065 4212 5216 4523 5217 4467 5217 4467 5147 4347 5148 4348 5179 4405 5221 4473 5274 4526 5180 4406 5179 4405 5275 4527 5220 4469 5108 4283 5273 4525 5182 4407 5180 4406 5276 4528 5177 4472 5220 4469 5178 4471 5183 4409 5222 4474 5277 4529 5325 4572 5274 4526 5221 4473 5277 4529 5222 4474 5326 4573 5327 4574 5328 4575 5224 4476 5329 4576 5225 4477 5328 4575 4110 4577 4103 4578 5330 4479 4111 4219 4116 4156 4996 4155 5229 4531 4116 4156 5331 4579 4111 4219 5331 4579 4116 4156 5331 4579 5279 4580 5229 4531 5281 4581 5280 4532 5229 4531 5279 4580 5281 4581 5229 4531 5231 4533 5280 4532 5333 4582 5281 4581 5333 4582 5280 4532 5231 4533 5334 4583 5282 4485 5283 4584 5284 4534 5282 4485 5333 4582 5334 4583 5231 4533 5334 4583 5283 4584 5282 4485 5234 4487 5284 4534 5283 4584 5283 4584 5337 4585 5234 4487 5237 4491 5286 4536 5338 4586 5337 4585 5285 4535 5234 4487 5237 4491 5339 4587 5240 4537 5340 4588 5341 4589 5339 4587 5285 4535 5338 4586 5286 4536 5341 4589 5288 4538 5240 4537 5338 4586 5339 4587 5237 4491 5339 4587 5341 4589 5240 4537 5242 4495 5288 4538 5343 4590 5288 4538 5341 4589 5287 4591 5344 4592 5290 4539 5242 4495 5287 4591 5343 4590 5288 4538 5343 4590 5344 4592 5242 4495 5244 4540 5290 4539 5289 4593 5344 4592 5289 4593 5290 4539 5244 4540 5291 4594 5292 4541 5346 4595 5347 4596 5291 4594 5245 4542 5292 4541 5347 4596 5289 4593 5291 4594 5244 4540 5293 4597 5294 4543 5245 4542 5295 4544 5294 4543 5349 4598 5291 4594 5347 4596 5292 4541 5248 4547 5295 4544 5350 4599 5347 4596 5293 4597 5245 4542 5297 4546 5351 4600 5298 4548 5293 4597 5349 4598 5294 4543 5352 4601 5354 4602 5353 4603 5299 4549 5298 4548 5353 4603 5349 4598 5350 4599 5295 4544 5252 4503 5299 4549 5354 4602 5355 4604 5301 4552 5252 4503 5296 4545 5248 4547 5350 4599 5356 4605 5358 4606 5357 4607 5296 4545 5351 4600 5297 4546 5303 4553 5302 4551 5357 4607 5351 4600 5353 4603 5298 4548 5256 4508 5303 4553 5358 4606 5353 4603 5354 4602 5299 4549 5359 4608 5305 4556 5256 4508 5355 4604 5252 4503 5354 4602 5360 4609 5362 4610 5361 4611 5355 4604 5300 4550 5301 4552 5307 4557 5306 4555 5361 4611 5300 4550 5357 4607 5302 4551 5260 4512 5307 4557 5362 4610 5357 4607 5358 4606 5303 4553 5359 4608 5256 4508 5358 4606 5207 4453 5260 4512 5308 4612 5304 4554 5305 4556 5359 4608 5304 4554 5361 4611 5306 4555 5362 4610 5307 4557 5361 4611 5313 4561 5207 4453 5363 4613 5364 4614 5314 4562 5313 4561 5308 4612 5260 4512 5362 4610 5315 4563 5314 4562 5365 4615 5366 4616 5316 4564 5315 4563 5317 4565 5316 4564 5367 4617 5207 4453 5308 4612 5363 4613 5318 4566 5317 4565 5368 4618 5313 4561 5363 4613 5364 4614 5369 4619 5319 4567 5318 4566 5314 4562 5364 4614 5365 4615 5320 4568 5319 4567 5370 4620 5365 4615 5366 4616 5315 4563 5100 4275 5320 4568 5371 4621 5366 4616 5367 4617 5316 4564 5102 4276 5100 4275 5372 4622 5368 4618 5317 4565 5367 4617 5103 4279 5102 4276 5373 4623 5369 4619 5318 4566 5368 4618 5105 4280 5103 4279 5374 4624 5370 4620 5319 4567 5369 4619 5371 4621 5320 4568 5370 4620 5375 4625 5377 4626 5376 4627 5372 4622 5100 4275 5371 4621 5378 4628 5376 4627 5272 4524 5102 4276 5372 4622 5373 4623 5103 4279 5373 4623 5374 4624 5105 4280 5374 4624 5216 4523 5379 4629 5381 4630 5380 4631 5221 4473 5178 4471 5325 4572 5273 4525 5147 4347 5218 4468 5222 4474 5276 4528 5326 4573 5219 4470 5325 4572 5178 4471 5380 4631 5382 4632 5274 4526 5224 4476 5278 4530 5327 4574 5382 4632 5383 4633 5275 4527 5225 4477 5224 4476 5328 4575 5383 4633 5326 4573 5276 4528 5181 4408 5225 4477 5329 4576 5223 4475 5181 4408 5329 4576 5384 4634 5327 4574 5278 4530 5152 4352 5223 4475 5385 4635 4411 3083 5152 4352 5385 4635 4111 4219 5070 4218 4115 2814 4113 2813 5331 4579 4111 4219 4115 2814 4113 2813 4111 4219 5279 4580 5331 4579 5388 4636 4113 2813 5388 4636 5331 4579 5281 4581 5279 4580 5332 4637 5279 4580 5388 4636 5332 4637 5391 4638 5333 4582 5281 4581 5392 4639 5393 4640 5391 4638 5332 4637 5391 4638 5281 4581 5393 4640 5334 4583 5333 4582 5391 4638 5393 4640 5333 4582 5283 4584 5334 4583 5335 4641 5334 4583 5393 4640 5335 4641 5337 4585 5283 4584 5396 4642 5335 4641 5336 4643 5283 4584 5336 4643 5396 4642 5283 4584 5397 4644 5398 4645 5396 4642 5285 4535 5337 4585 5398 4645 5285 4535 5399 4646 5338 4586 5396 4642 5398 4645 5337 4585 5340 4588 5339 4587 5338 4586 5285 4535 5398 4645 5399 4646 5401 4647 5402 4648 5340 4588 5399 4646 5340 4588 5338 4586 5402 4648 5287 4591 5341 4589 5403 4649 5343 4590 5287 4591 5343 4590 5342 4650 5344 4592 5340 4588 5402 4648 5341 4589 5402 4648 5403 4649 5287 4591 5289 4593 5344 4592 5405 4651 5343 4590 5403 4649 5342 4650 5342 4650 5405 4651 5344 4592 5291 4594 5289 4593 5407 4652 5405 4651 5345 4653 5289 4593 5345 4653 5407 4652 5289 4593 5293 4597 5347 4596 5409 4654 5348 4655 5349 4598 5293 4597 5407 4652 5346 4595 5291 4594 5349 4598 5410 4656 5350 4599 5411 4657 5412 4658 5410 4656 5346 4595 5409 4654 5347 4596 5296 4545 5350 4599 5412 4658 5409 4654 5348 4655 5293 4597 5413 4659 5351 4600 5296 4545 5414 4660 5353 4603 5351 4600 5348 4655 5410 4656 5349 4598 5415 4661 5417 4662 5416 4663 5355 4604 5354 4602 5416 4663 5410 4656 5412 4658 5350 4599 5417 4662 5300 4550 5355 4604 5412 4658 5413 4659 5296 4545 5418 4664 5357 4607 5300 4550 5413 4659 5414 4660 5351 4600 5419 4665 5421 4666 5420 4667 5414 4660 5352 4601 5353 4603 5359 4608 5358 4606 5420 4667 5352 4601 5416 4663 5354 4602 5304 4554 5359 4608 5421 4666 5416 4663 5417 4662 5355 4604 5422 4668 5361 4611 5304 4554 5418 4664 5300 4550 5417 4662 5423 4669 5479 4670 5424 4671 5418 4664 5356 4605 5357 4607 5356 4605 5420 4667 5358 4606 5309 4672 5308 4612 5362 4610 5421 4666 5359 4608 5420 4667 5425 4673 5427 4674 5426 4675 5422 4668 5304 4554 5421 4666 5422 4668 5360 4609 5361 4611 5428 4676 5363 4613 5308 4612 5364 4614 5363 4613 5429 4677 5309 4672 5362 4610 5360 4609 5430 4678 5365 4615 5364 4614 5366 4616 5365 4615 5431 4679 5432 4680 5367 4617 5366 4616 5308 4612 5309 4672 5428 4676 5368 4618 5367 4617 5433 4681 5363 4613 5428 4676 5429 4677 5369 4619 5368 4618 5434 4682 5364 4614 5429 4677 5430 4678 5435 4683 5370 4620 5369 4619 5365 4615 5430 4678 5431 4679 5436 4684 5371 4621 5370 4620 5431 4679 5432 4680 5366 4616 5437 4685 5372 4622 5371 4621 5432 4680 5433 4681 5367 4617 5438 4686 5373 4623 5372 4622 5433 4681 5434 4682 5368 4618 5323 4571 5374 4624 5373 4623 5435 4683 5369 4619 5434 4682 5271 4521 5216 4523 5374 4624 5436 4684 5370 4620 5435 4683 5439 4687 5440 4688 5375 4625 5371 4621 5436 4684 5437 4685 5218 4468 5217 4467 5441 4689 5372 4622 5437 4685 5438 4686 5324 4690 5273 4525 5218 4468 5373 4623 5438 4686 5323 4571 5442 4691 5444 4692 5443 4693 5374 4624 5323 4571 5271 4521 5381 4630 5443 4693 5445 4694 5271 4521 5269 4520 5216 4523 5379 4629 5325 4572 5219 4470 5441 4689 5217 4467 5269 4520 5274 4526 5325 4572 5380 4631 5218 4468 5441 4689 5324 4690 5275 4527 5274 4526 5382 4632 5324 4690 5272 4524 5273 4525 5276 4528 5275 4527 5383 4633 5272 4524 5219 4470 5220 4469 5277 4529 5326 4573 5384 4634 5379 4629 5380 4631 5325 4572 5278 4530 5277 4529 5384 4634 5329 4576 5447 4695 5223 4475 5449 4696 5327 4574 5448 4697 5447 4695 5385 4635 5223 4475 5449 4696 5450 4698 5328 4575 4115 2814 5070 4218 5154 4699 5153 4700 4115 2814 5154 4699 5330 4479 5226 4478 5184 4701 4112 4702 4115 2814 5153 4700 4115 2814 4112 4702 4114 2815 4114 2815 5388 4636 4113 2813 5389 4703 5332 4637 5388 4636 5388 4636 4114 2815 5389 4703 5332 4637 5390 4704 5391 4638 5503 4705 5452 4706 5390 4704 5389 4703 5390 4704 5332 4637 5390 4704 5452 4706 5391 4638 5453 4707 5454 4708 5392 4639 5454 4708 5335 4641 5393 4640 5391 4638 5452 4706 5392 4639 5335 4641 5394 4709 5336 4643 5392 4639 5454 4708 5393 4640 5335 4641 5454 4708 5394 4709 5395 4710 5396 4642 5336 4643 5394 4709 5395 4710 5336 4643 5400 4711 5399 4646 5398 4645 5396 4642 5395 4710 5397 4644 5340 4588 5399 4646 5457 4712 5397 4644 5400 4711 5398 4645 5400 4711 5457 4712 5399 4646 5458 4713 5459 4714 5401 4647 5403 4649 5402 4648 5401 4647 5457 4712 5401 4647 5340 4588 5459 4714 5342 4650 5403 4649 5460 4715 5405 4651 5342 4650 5401 4647 5459 4714 5403 4649 5345 4653 5405 4651 5404 4716 5459 4714 5460 4715 5342 4650 5405 4651 5460 4715 5404 4716 5406 4717 5407 4652 5345 4653 5462 4718 5463 4719 5406 4717 5404 4716 5406 4717 5345 4653 5463 4719 5346 4595 5407 4652 5464 4720 5409 4654 5346 4595 5465 4721 5466 4722 5408 4723 5406 4717 5463 4719 5407 4652 5348 4655 5409 4654 5408 4723 5463 4719 5464 4720 5346 4595 5466 4722 5410 4656 5348 4655 5464 4720 5408 4723 5409 4654 5468 4724 5470 4725 5469 4726 5413 4659 5412 4658 5469 4726 5408 4723 5466 4722 5348 4655 5470 4725 5414 4660 5413 4659 5471 4727 5352 4601 5414 4660 5410 4656 5466 4722 5467 4728 5472 4729 5416 4663 5352 4601 5467 4728 5411 4657 5410 4656 5473 4730 5475 4731 5474 4732 5411 4657 5469 4726 5412 4658 5418 4664 5417 4662 5474 4732 5469 4726 5470 4725 5413 4659 5475 4731 5356 4605 5418 4664 5470 4725 5471 4727 5414 4660 5476 4733 5420 4667 5356 4605 5471 4727 5472 4729 5352 4601 5477 4734 5479 4670 5478 4735 5472 4729 5415 4661 5416 4663 5422 4668 5421 4666 5478 4735 5415 4661 5474 4732 5417 4662 5479 4670 5360 4609 5422 4668 5474 4732 5475 4731 5418 4664 5476 4733 5356 4605 5475 4731 5309 4672 5360 4609 5479 4670 5476 4733 5419 4665 5420 4667 5419 4665 5478 4735 5421 4666 5479 4670 5422 4668 5478 4735 5428 4676 5309 4672 5480 4736 5481 4737 5429 4677 5428 4676 5430 4678 5429 4677 5311 4560 5423 4669 5309 4672 5479 4670 5312 4559 5431 4679 5430 4678 5432 4680 5431 4679 5482 4738 5480 4736 5309 4672 5423 4669 5483 4739 5433 4681 5432 4680 5428 4676 5480 4736 5481 4737 5484 4740 5434 4682 5433 4681 5429 4677 5481 4737 5311 4560 5435 4683 5434 4682 5485 4741 5430 4678 5311 4560 5312 4559 4946 4016 5436 4684 5435 4683 5431 4679 5312 4559 5482 4738 4947 4015 5437 4685 5436 4684 5482 4738 5483 4739 5432 4680 5214 4464 5438 4686 5437 4685 5483 4739 5484 4740 5433 4681 5267 4519 5323 4571 5438 4686 5484 4740 5485 4741 5434 4682 5486 4742 5488 4743 5487 4744 5485 4741 4946 4016 5435 4683 5440 4688 5489 4745 5486 4742 5436 4684 4946 4016 4947 4015 5490 4746 5441 4689 5269 4520 5437 4685 4947 4015 5214 4464 5378 4628 5324 4690 5441 4689 5438 4686 5214 4464 5267 4519 5444 4692 5492 4747 5491 4748 5267 4519 5322 4570 5323 4571 5493 4749 5219 4470 5272 4524 5271 4521 5322 4570 5270 4522 5269 4520 5270 4522 5490 4746 5490 4746 5378 4628 5441 4689 5272 4524 5324 4690 5378 4628 5326 4573 5383 4633 5446 4750 5219 4470 5493 4749 5379 4629 5384 4634 5326 4573 5446 4750 5381 4630 5494 4751 5380 4631 5327 4574 5384 4634 5448 4697 5494 4751 5495 4752 5382 4632 5328 4575 5327 4574 5449 4696 5495 4752 5496 4753 5383 4633 5329 4576 5328 4575 5450 4698 5497 4754 5446 4750 5496 4753 5447 4695 5329 4576 5450 4698 5497 4754 5448 4697 5384 4634 5498 4755 5500 4756 5499 4757 5153 4700 4103 4578 4112 4702 5451 4758 4114 2815 4112 4702 4103 4578 5451 4758 4112 4702 5501 4759 5389 4703 4114 2815 5451 4758 5501 4759 4114 2815 5502 4760 5503 4705 5501 4759 5390 4704 5389 4703 5501 4759 5501 4759 5503 4705 5390 4704 5504 4761 5392 4639 5452 4706 5452 4706 5503 4705 5504 4761 5392 4639 5504 4761 5453 4707 5507 4762 5394 4709 5454 4708 5453 4707 5507 4762 5454 4708 5395 4710 5394 4709 5455 4763 5394 4709 5507 4762 5455 4763 5455 4763 5508 4764 5395 4710 5509 4765 5397 4644 5395 4710 5508 4764 5509 4765 5395 4710 5400 4711 5397 4644 5511 4766 5456 4767 5457 4712 5400 4711 5509 4765 5511 4766 5397 4644 5401 4647 5457 4712 5513 4768 5400 4711 5511 4766 5456 4767 5456 4767 5513 4768 5457 4712 5460 4715 5459 4714 5515 4769 5461 4770 5404 4716 5460 4715 5401 4647 5513 4768 5458 4713 5404 4716 5516 4771 5406 4717 5458 4713 5515 4769 5459 4714 5515 4769 5461 4770 5460 4715 5461 4770 5516 4771 5404 4716 5464 4720 5463 4719 5519 4772 5520 4773 5408 4723 5464 4720 5406 4717 5516 4771 5462 4718 5462 4718 5519 4772 5463 4719 5521 4774 5523 4775 5522 4776 5522 4776 5467 4728 5466 4722 5519 4772 5520 4773 5464 4720 5523 4775 5411 4657 5467 4728 5524 4777 5469 4726 5411 4657 5520 4773 5465 4721 5408 4723 5470 4725 5525 4778 5471 4727 5526 4779 5528 4780 5527 4781 5465 4721 5522 4776 5466 4722 5527 4781 5472 4729 5471 4727 5522 4776 5523 4775 5467 4728 5528 4780 5415 4661 5472 4729 5411 4657 5523 4775 5524 4777 5529 4782 5474 4732 5415 4661 5524 4777 5468 4724 5469 4726 5530 4783 5532 4784 5531 4785 5468 4724 5525 4778 5470 4725 5476 4733 5475 4731 5531 4785 5525 4778 5527 4781 5471 4727 5532 4784 5419 4665 5476 4733 5527 4781 5528 4780 5472 4729 5533 4786 5478 4735 5419 4665 5528 4780 5529 4782 5415 4661 5529 4782 5473 4730 5474 4732 5473 4730 5531 4785 5475 4731 5532 4784 5476 4733 5531 4785 5534 4787 5536 4788 5535 4789 5532 4784 5533 4786 5419 4665 5533 4786 5477 4734 5478 4735 5537 4790 5480 4736 5423 4669 5481 4737 5480 4736 5425 4673 5426 4675 5311 4560 5481 4737 5424 4671 5479 4670 5477 4734 5538 4791 5540 4792 5539 4793 5541 4794 5482 4738 5312 4559 5537 4790 5423 4669 5424 4671 5483 4739 5482 4738 5542 4795 5425 4673 5480 4736 5537 4790 5543 4796 5484 4740 5483 4739 5481 4737 5425 4673 5426 4675 5544 4797 5485 4741 5484 4740 5311 4560 5426 4675 5310 4558 5545 4798 4946 4016 5485 4741 5312 4559 5310 4558 5541 4794 5022 4134 5547 4799 5546 4800 5482 4738 5541 4794 5542 4795 5548 4801 5550 4802 5549 4803 5483 4739 5542 4795 5543 4796 5551 4804 5548 4801 5552 4805 5543 4796 5544 4797 5484 4740 5488 4743 5553 4806 5551 4804 5545 4798 5485 4741 5544 4797 5554 4807 5270 4522 5322 4570 4945 4014 4946 4016 5545 4798 5439 4687 5490 4746 5270 4522 5215 4463 4947 4015 4945 4014 5375 4625 5378 4628 5490 4746 5268 4518 5214 4464 5215 4463 5491 4748 5556 4808 5555 4809 5267 4519 5268 4518 5321 4569 5442 4691 5493 4749 5272 4524 5322 4570 5321 4569 5554 4807 5443 4693 5379 4629 5493 4749 5270 4522 5554 4807 5439 4687 5375 4625 5490 4746 5439 4687 5382 4632 5380 4631 5494 4751 5376 4627 5378 4628 5375 4625 5383 4633 5382 4632 5495 4752 5272 4524 5376 4627 5442 4691 5446 4750 5383 4633 5496 4753 5442 4691 5443 4693 5493 4749 5443 4693 5381 4630 5379 4629 5384 4634 5446 4750 5497 4754 5557 4810 5497 4754 5496 4753 5559 4811 5448 4697 5558 4812 5559 4811 5560 4813 5449 4696 4103 4578 5153 4700 5227 4480 5330 4479 4103 4578 5227 4480 5185 4814 5386 4815 5387 4816 5561 4817 5562 4818 5934 4819 4103 4578 5563 4820 5451 4758 4103 4578 4110 4577 5563 4820 5563 4820 5501 4759 5451 4758 5501 4759 5563 4820 5565 4821 5501 4759 5565 4821 5502 4760 5502 4760 5504 4761 5503 4705 5568 4822 5569 4823 5505 4824 5505 4824 5453 4707 5504 4761 5504 4761 5502 4760 5505 4824 5569 4823 5507 4762 5453 4707 5505 4824 5569 4823 5453 4707 5506 4825 5455 4763 5507 4762 5507 4762 5569 4823 5506 4825 5455 4763 5571 4826 5508 4764 5455 4763 5506 4825 5570 4827 5571 4826 5509 4765 5508 4764 5455 4763 5570 4827 5571 4826 5510 4828 5511 4766 5509 4765 5571 4826 5573 4829 5509 4765 5575 4830 5576 4831 5510 4828 5576 4831 5456 4767 5511 4766 5509 4765 5573 4829 5510 4828 5576 4831 5513 4768 5456 4767 5510 4828 5576 4831 5511 4766 5578 4832 5458 4713 5513 4768 5513 4768 5576 4831 5512 4833 5514 4834 5515 4769 5458 4713 5515 4769 5579 4835 5461 4770 5512 4833 5578 4832 5513 4768 5458 4713 5578 4832 5514 4834 5517 4836 5516 4771 5461 4770 5514 4834 5579 4835 5515 4769 5581 4837 5582 4838 5517 4836 5461 4770 5579 4835 5517 4836 5582 4838 5462 4718 5516 4771 5518 4839 5519 4772 5462 4718 5519 4772 5583 4840 5520 4773 5584 4841 5585 4842 5583 4840 5517 4836 5582 4838 5516 4771 5585 4842 5465 4721 5520 4773 5462 4718 5582 4838 5518 4839 5586 4843 5522 4776 5465 4721 5518 4839 5583 4840 5519 4772 5587 4844 5589 4845 5588 4846 5588 4846 5524 4777 5523 4775 5583 4840 5585 4842 5520 4773 5589 4845 5468 4724 5524 4777 5590 4847 5525 4778 5468 4724 5465 4721 5585 4842 5586 4843 5591 4848 5527 4781 5525 4778 5586 4843 5521 4774 5522 4776 5592 4849 5594 4850 5593 4851 5521 4774 5588 4846 5523 4775 5593 4851 5529 4782 5528 4780 5588 4846 5589 4845 5524 4777 5594 4850 5473 4730 5529 4782 5468 4724 5589 4845 5590 4847 5595 4852 5531 4785 5473 4730 5590 4847 5591 4848 5525 4778 5596 4853 5598 4854 5597 4855 5591 4848 5526 4779 5527 4781 5597 4855 5533 4786 5532 4784 5526 4779 5593 4851 5528 4780 5598 4854 5477 4734 5533 4786 5593 4851 5594 4850 5529 4782 5594 4850 5595 4852 5473 4730 5599 4856 5601 4857 5600 4858 5595 4852 5530 4783 5531 4785 5602 4859 5424 4671 5477 4734 5530 4783 5597 4855 5532 4784 5598 4854 5533 4786 5597 4855 5536 4788 5537 4790 5424 4671 5534 4787 5425 4673 5537 4790 5603 4860 5605 4861 5604 4862 5602 4859 5477 4734 5598 4854 5606 4863 5310 4558 5426 4675 5607 4864 5541 4794 5310 4558 5536 4788 5424 4671 5602 4859 5608 4865 5542 4795 5541 4794 5537 4790 5536 4788 5534 4787 5609 4866 5543 4796 5542 4795 5427 4674 5425 4673 5534 4787 5610 4867 5544 4797 5543 4796 5426 4675 5427 4674 5606 4863 5611 4868 5545 4798 5544 4797 5310 4558 5606 4863 5607 4864 5612 4869 4945 4014 5545 4798 5607 4864 5608 4865 5541 4794 5613 4870 5215 4463 4945 4014 5608 4865 5609 4866 5542 4795 5614 4871 5268 4518 5215 4463 5609 4866 5610 4867 5543 4796 5615 4872 5321 4569 5268 4518 5611 4868 5544 4797 5610 4867 5616 4873 5554 4807 5321 4569 5612 4869 5545 4798 5611 4868 5489 4745 5439 4687 5554 4807 5613 4870 4945 4014 5612 4869 5617 4874 5619 4875 5618 4876 5614 4871 5215 4463 5613 4870 5620 4877 5555 4809 5621 4878 5268 4518 5614 4871 5615 4872 5492 4747 5442 4691 5376 4627 5321 4569 5615 4872 5616 4873 5622 4879 5624 4880 5623 4881 5489 4745 5554 4807 5616 4873 5440 4688 5439 4687 5489 4745 5375 4625 5440 4688 5377 4626 5377 4626 5492 4747 5376 4627 5496 4753 5495 4752 5557 4810 5492 4747 5444 4692 5442 4691 5445 4694 5443 4693 5444 4692 5445 4694 5625 4882 5381 4630 5448 4697 5497 4754 5558 4812 5625 4882 5626 4883 5494 4751 5449 4696 5448 4697 5559 4811 5626 4883 5557 4810 5495 4752 5450 4698 5449 4696 5560 4813 5447 4695 5450 4698 5560 4813 5627 4884 5558 4812 5497 4754 5385 4635 5447 4695 5628 4885 4411 3083 5385 4635 5628 4885 5629 4886 5631 4887 5630 4888 5184 4701 4117 2859 4118 4889 5184 4701 4118 4889 5330 4479 4179 4890 4107 4891 5499 4757 5330 4479 4118 4889 4110 4577 5564 4892 5563 4820 4110 4577 4110 4577 4118 4889 5564 4892 5566 4893 5565 4821 5563 4820 5634 4894 5502 4760 5565 4821 5563 4820 5564 4892 5566 4893 5566 4893 5634 4894 5565 4821 5567 4895 5693 4896 5635 4897 5567 4895 5505 4824 5502 4760 5502 4760 5634 4894 5567 4895 5567 4895 5635 4897 5505 4824 5637 4898 5506 4825 5569 4823 5505 4824 5635 4897 5568 4822 5506 4825 5638 4899 5570 4827 5569 4823 5568 4822 5637 4898 5638 4899 5571 4826 5570 4827 5637 4898 5638 4899 5506 4825 5640 4900 5574 4901 5572 4902 5571 4826 5638 4899 5572 4902 5574 4901 5573 4829 5571 4826 5572 4902 5574 4901 5571 4826 5641 4903 5510 4828 5573 4829 5574 4901 5641 4903 5573 4829 5643 4904 5512 4833 5576 4831 5510 4828 5641 4903 5575 4830 5577 4905 5578 4832 5512 4833 5645 4906 5514 4834 5578 4832 5576 4831 5575 4830 5643 4904 5512 4833 5643 4904 5577 4905 5580 4907 5579 4835 5514 4834 5577 4905 5645 4906 5578 4832 5579 4835 5646 4908 5517 4836 5514 4834 5645 4906 5580 4907 5580 4907 5646 4908 5579 4835 5648 4909 5518 4839 5582 4838 5650 4910 5583 4840 5518 4839 5517 4836 5646 4908 5581 4837 5651 4911 5652 4912 5584 4841 5581 4837 5648 4909 5582 4838 5652 4912 5586 4843 5585 4842 5518 4839 5648 4909 5650 4910 5653 4913 5521 4774 5586 4843 5654 4914 5588 4846 5521 4774 5650 4910 5584 4841 5583 4840 5655 4915 5657 4916 5656 4917 5656 4917 5590 4847 5589 4845 5584 4841 5652 4912 5585 4842 5657 4916 5591 4848 5590 4847 5586 4843 5652 4912 5653 4913 5658 4918 5526 4779 5591 4848 5521 4774 5653 4913 5654 4914 5659 4919 5593 4851 5526 4779 5654 4914 5587 4844 5588 4846 5660 4920 5662 4921 5661 4922 5587 4844 5656 4917 5589 4845 5661 4922 5595 4852 5594 4850 5656 4917 5657 4916 5590 4847 5662 4921 5530 4783 5595 4852 5591 4848 5657 4916 5658 4918 5663 4923 5597 4855 5530 4783 5658 4918 5659 4919 5526 4779 5721 4924 5601 4857 5596 4853 5659 4919 5592 4849 5593 4851 5592 4849 5661 4922 5594 4850 5595 4852 5661 4922 5662 4921 5601 4857 5602 4859 5598 4854 5662 4921 5663 4923 5530 4783 5663 4923 5596 4853 5597 4855 5599 4856 5536 4788 5602 4859 5664 4925 5666 4926 5665 4927 5596 4853 5601 4857 5598 4854 5667 4928 5427 4674 5534 4787 5668 4929 5606 4863 5427 4674 5669 4930 5607 4864 5606 4863 5601 4857 5599 4856 5602 4859 5670 4931 5608 4865 5607 4864 5535 4789 5536 4788 5599 4856 5671 4932 5609 4866 5608 4865 5534 4787 5535 4789 5667 4928 5672 4933 5610 4867 5609 4866 5668 4929 5427 4674 5667 4928 5673 4934 5611 4868 5610 4867 5606 4863 5668 4929 5669 4930 5674 4935 5612 4869 5611 4868 5607 4864 5669 4930 5670 4931 5675 4936 5613 4870 5612 4869 5608 4865 5670 4931 5671 4932 5676 4937 5614 4871 5613 4870 5671 4932 5672 4933 5609 4866 5677 4938 5615 4872 5614 4871 5672 4933 5673 4934 5610 4867 5553 4806 5616 4873 5615 4872 5673 4934 5674 4935 5611 4868 5488 4743 5489 4745 5616 4873 5674 4935 5675 4936 5612 4869 5678 4939 5679 4940 5617 4874 5676 4937 5613 4870 5675 4936 5680 4941 5377 4626 5440 4688 5677 4938 5614 4871 5676 4937 5556 4808 5492 4747 5377 4626 5553 4806 5615 4872 5677 4938 5681 4942 5683 4943 5682 4944 5616 4873 5553 4806 5488 4743 5684 4945 5445 4694 5444 4692 5489 4745 5488 4743 5486 4742 5494 4751 5381 4630 5625 4882 5486 4742 5680 4941 5440 4688 5495 4752 5494 4751 5626 4883 5680 4941 5556 4808 5377 4626 5491 4748 5492 4747 5556 4808 5497 4754 5557 4810 5627 4884 5444 4692 5491 4748 5684 4945 5684 4945 5625 4882 5445 4694 5685 4946 5686 4947 5557 4810 5560 4813 5687 4948 5447 4695 5686 4947 5688 4949 5627 4884 5689 4950 5558 4812 5688 4949 5687 4948 5628 4885 5447 4695 5689 4950 5690 4951 5559 4811 5184 4701 5185 4814 4117 2859 4118 4889 4109 2858 5564 4892 4118 4889 4117 2859 4109 2858 5691 4952 5566 4893 5564 4892 5564 4892 4109 2858 5632 4953 5633 4954 5634 4894 5566 4893 5632 4953 5691 4952 5564 4892 5633 4954 5751 4955 5693 4896 5693 4896 5567 4895 5634 4894 5566 4893 5691 4952 5633 4954 5634 4894 5633 4954 5693 4896 5694 4956 5568 4822 5635 4897 5693 4896 5694 4956 5635 4897 5568 4822 5636 4957 5637 4898 5568 4822 5694 4956 5636 4957 5639 4958 5638 4899 5637 4898 5697 4959 5572 4902 5638 4899 5637 4898 5636 4957 5639 4958 5639 4958 5697 4959 5638 4899 5572 4902 5697 4959 5640 4900 5642 4960 5641 4903 5574 4901 5642 4960 5700 4961 5699 4962 5699 4962 5575 4830 5641 4903 5574 4901 5640 4900 5642 4960 5575 4830 5701 4963 5643 4904 5701 4963 5703 4964 5702 4965 5641 4903 5642 4960 5699 4962 5702 4965 5577 4905 5643 4904 5644 4966 5645 4906 5577 4905 5699 4962 5701 4963 5575 4830 5643 4904 5701 4963 5702 4965 5704 4967 5580 4907 5645 4906 5577 4905 5702 4965 5644 4966 5647 4968 5646 4908 5580 4907 5645 4906 5644 4966 5704 4967 5580 4907 5704 4967 5647 4968 5706 4969 5581 4837 5646 4908 5649 4970 5648 4909 5581 4837 5707 4971 5650 4910 5648 4909 5646 4908 5647 4968 5706 4969 5709 4972 5584 4841 5650 4910 5581 4837 5706 4969 5649 4970 5652 4912 5710 4973 5653 4913 5649 4970 5707 4971 5648 4909 5711 4974 5713 4975 5712 4976 5711 4974 5654 4914 5653 4913 5650 4910 5707 4971 5709 4972 5712 4976 5587 4844 5654 4914 5714 4977 5656 4917 5587 4844 5709 4972 5651 4911 5584 4841 5657 4916 5715 4978 5658 4918 5651 4911 5710 4973 5652 4912 5716 4979 5718 4980 5717 4981 5710 4973 5711 4974 5653 4913 5718 4980 5659 4919 5658 4918 5654 4914 5711 4974 5712 4976 5716 4979 5592 4849 5659 4919 5587 4844 5712 4976 5714 4977 5719 4982 5661 4922 5592 4849 5714 4977 5655 4915 5656 4917 5720 4983 5722 4984 5721 4924 5655 4915 5715 4978 5657 4916 5720 4983 5663 4923 5662 4921 5658 4918 5715 4978 5718 4980 5721 4924 5596 4853 5663 4923 5659 4919 5718 4980 5716 4979 5716 4979 5719 4982 5592 4849 5723 4985 5725 4986 5724 4987 5719 4982 5660 4920 5661 4922 5660 4920 5720 4983 5662 4921 5720 4983 5721 4924 5663 4923 5727 4988 5729 4989 5728 4990 5730 4991 5535 4789 5599 4856 5731 4992 5667 4928 5535 4789 5721 4924 5726 4993 5601 4857 5732 4994 5668 4929 5667 4928 5733 4995 5669 4930 5668 4929 5600 4858 5601 4857 5726 4993 5734 4996 5670 4931 5669 4930 5600 4858 5730 4991 5599 4856 5735 4997 5671 4932 5670 4931 5731 4992 5535 4789 5730 4991 5736 4998 5672 4933 5671 4932 5667 4928 5731 4992 5732 4994 5737 4999 5673 4934 5672 4933 5733 4995 5668 4929 5732 4994 5208 4457 5674 4935 5673 4934 5734 4996 5669 4930 5733 4995 5209 4459 5675 4936 5674 4935 5670 4931 5734 4996 5735 4997 5738 5000 5676 4937 5675 4936 5671 4932 5735 4997 5736 4998 5550 4802 5677 4938 5676 4937 5736 4998 5737 4999 5672 4933 5548 4801 5553 4806 5677 4938 5737 4999 5208 4457 5673 4934 5739 5001 5741 5002 5740 5003 5208 4457 5209 4459 5674 4935 5679 4940 5739 5001 5742 5004 5738 5000 5675 4936 5209 4459 5743 5005 5680 4941 5486 4742 5550 4802 5676 4937 5738 5000 5621 4878 5556 4808 5680 4941 5548 4801 5677 4938 5550 4802 5683 4943 5745 5006 5744 5007 5553 4806 5548 4801 5551 4804 5746 5008 5684 4945 5491 4748 5488 4743 5551 4804 5487 4744 5622 4879 5625 4882 5684 4945 5487 4744 5743 5005 5486 4742 5621 4878 5680 4941 5743 5005 5557 4810 5626 4883 5685 4946 5556 4808 5621 4878 5555 4809 5627 4884 5557 4810 5686 4947 5491 4748 5555 4809 5746 5008 5746 5008 5622 4879 5684 4945 5558 4812 5627 4884 5688 4949 5622 4879 5623 4881 5625 4882 5559 4811 5558 4812 5689 4950 5560 4813 5559 4811 5690 4951 5623 4881 5747 5009 5685 4946 5748 5010 5686 4947 5747 5009 5687 4948 5560 4813 5690 4951 5748 5010 5688 4949 5686 4947 5499 5011 5387 5011 5386 5011 5500 4756 5498 4755 5630 4888 5185 4814 5387 4816 4108 5012 4108 5012 4180 2860 4117 2859 5632 4953 4109 2858 5749 5013 5749 5013 5691 4952 5632 4953 4180 2860 5749 5013 4109 2858 5692 5014 5633 4954 5691 4952 5691 4952 5749 5013 5692 5014 5753 5015 5752 5016 5816 5017 5633 4954 5692 5014 5751 4955 5695 5018 5694 4956 5693 4896 5693 4896 5751 4955 5752 5016 5693 4896 5752 5016 5695 5018 5754 5019 5636 4957 5694 4956 5695 5018 5754 5019 5694 4956 5757 5020 5639 4958 5636 4957 5636 4957 5754 5019 5696 5021 5698 5022 5697 4959 5639 4958 5696 5021 5757 5020 5636 4957 5759 5023 5640 4900 5697 4959 5639 4958 5757 5020 5698 5022 5697 4959 5698 5022 5759 5023 5759 5023 5642 4960 5640 4900 5642 4960 5759 5023 5700 4961 5761 5024 5701 4963 5699 4962 5700 4961 5761 5024 5699 4962 5763 5025 5644 4966 5702 4965 5701 4963 5761 5024 5703 4964 5705 5026 5704 4967 5644 4966 5703 4964 5763 5025 5702 4965 5766 5027 5647 4968 5704 4967 5644 4966 5763 5025 5705 5026 5706 4969 5647 4968 5767 5028 5705 5026 5766 5027 5704 4967 5769 5029 5649 4970 5706 4969 5708 5030 5707 4971 5649 4970 5766 5027 5767 5028 5647 4968 5709 4972 5707 4971 5770 5031 5706 4969 5767 5028 5769 5029 5772 5032 5651 4911 5709 4972 5649 4970 5769 5029 5708 5030 5773 5033 5710 4973 5651 4911 5774 5034 5711 4974 5710 4973 5708 5030 5770 5031 5707 4971 5775 5035 5777 5036 5776 5037 5776 5037 5714 4977 5712 4976 5709 4972 5770 5031 5772 5032 5778 5038 5655 4915 5714 4977 5651 4911 5772 5032 5773 5033 5779 5039 5715 4978 5655 4915 5710 4973 5773 5033 5774 5034 5780 5040 5718 4980 5715 4978 5774 5034 5713 4975 5711 4974 5781 5041 5783 5042 5782 5043 5712 4976 5713 4975 5776 5037 5782 5043 5719 4982 5716 4979 5714 4977 5776 5037 5778 5038 5784 5044 5660 4920 5719 4982 5655 4915 5778 5038 5779 5039 5785 5045 5720 4983 5660 4920 5779 5039 5780 5040 5715 4978 5780 5040 5717 4981 5718 4980 5716 4979 5717 4981 5782 5043 5719 4982 5782 5043 5784 5044 5725 4986 5726 4993 5721 4924 5784 5044 5785 5045 5660 4920 5785 5045 5722 4984 5720 4983 5787 5046 5600 4858 5726 4993 5788 5047 5730 4991 5600 4858 5789 5048 5731 4992 5730 4991 5722 4984 5725 4986 5721 4924 5790 5049 5732 4994 5731 4992 5791 5050 5733 4995 5732 4994 5725 4986 5787 5046 5726 4993 5792 5051 5734 4996 5733 4995 5788 5047 5600 4858 5787 5046 5793 5052 5735 4997 5734 4996 5788 5047 5789 5048 5730 4991 5794 5053 5736 4998 5735 4997 5790 5049 5731 4992 5789 5048 5795 5054 5737 4999 5736 4998 5791 5050 5732 4994 5790 5049 5796 5055 5208 4457 5737 4999 5792 5051 5733 4995 5791 5050 5797 5056 5265 4515 5798 5057 5793 5052 5734 4996 5792 5051 5021 4132 5738 5000 5209 4459 5735 4997 5793 5052 5794 5053 5546 4800 5550 4802 5738 5000 5736 4998 5794 5053 5795 5054 5799 5058 5801 5059 5800 5060 5737 4999 5795 5054 5796 5055 5741 5002 5799 5058 5802 5061 5210 4458 5208 4457 5796 5055 5803 5062 5487 4744 5551 4804 5021 4132 5209 4459 5210 4458 5678 4939 5743 5005 5487 4744 5546 4800 5738 5000 5021 4132 5618 4876 5621 4878 5743 5005 5549 4803 5550 4802 5546 4800 5804 5063 5745 5006 5805 5064 5548 4801 5549 4803 5552 4805 5681 4942 5746 5008 5555 4809 5803 5062 5551 4804 5552 4805 5806 5065 5622 4879 5746 5008 5678 4939 5487 4744 5803 5062 5626 4883 5625 4882 5623 4881 5743 5005 5678 4939 5618 4876 5685 4946 5626 4883 5623 4881 5621 4878 5618 4876 5620 4877 5686 4947 5685 4946 5747 5009 5620 4877 5681 4942 5555 4809 5806 5065 5746 5008 5681 4942 5806 5065 5624 4880 5622 4879 5624 4880 5747 5009 5623 4881 5808 5066 5688 4949 5807 5067 5808 5066 5809 5068 5689 4950 4108 5012 4117 2859 5185 4814 5499 4757 4107 4891 4108 5012 4180 2860 4107 4891 5813 5069 4180 2860 4108 5012 4107 4891 5812 5070 5814 5071 5750 5072 5749 5013 5813 5069 5750 5072 5749 5013 4180 2860 5813 5069 5692 5014 5749 5013 5750 5072 5751 4955 5750 5072 5816 5017 5751 4955 5692 5014 5750 5072 5752 5016 5751 4955 5816 5017 5695 5018 5753 5015 5755 5073 5695 5018 5752 5016 5753 5015 5755 5073 5818 5074 5754 5019 5754 5019 5695 5018 5755 5073 5696 5021 5818 5074 5756 5075 5696 5021 5754 5019 5818 5074 5756 5075 5820 5076 5757 5020 5876 5077 5821 5078 5820 5076 5757 5020 5696 5021 5756 5075 5698 5022 5820 5076 5758 5079 5698 5022 5757 5020 5820 5076 5759 5023 5758 5079 5760 5080 5759 5023 5698 5022 5758 5079 5759 5023 5760 5080 5823 5081 5700 4961 5823 5081 5762 5082 5700 4961 5759 5023 5823 5081 5882 5083 5824 5084 5762 5082 5761 5024 5762 5082 5825 5085 5761 5024 5700 4961 5762 5082 5703 4964 5825 5085 5764 5086 5764 5086 5826 5087 5763 5025 5703 4964 5761 5024 5825 5085 5763 5025 5703 4964 5764 5086 5705 5026 5826 5087 5765 5088 5763 5025 5826 5087 5705 5026 5765 5088 5828 5089 5766 5027 5766 5027 5705 5026 5765 5088 5767 5028 5828 5089 5768 5090 5768 5090 5830 5091 5769 5029 5767 5028 5766 5027 5828 5089 5708 5030 5830 5091 5832 5092 5769 5029 5767 5028 5768 5090 5770 5031 5832 5092 5771 5093 5833 5094 5835 5095 5834 5096 5708 5030 5769 5029 5830 5091 5772 5032 5771 5093 5834 5096 5773 5033 5834 5096 5836 5097 5770 5031 5708 5030 5832 5092 5774 5034 5836 5097 5837 5098 5713 4975 5837 5098 5775 5035 5770 5031 5771 5093 5772 5032 5838 5099 5840 5100 5839 5101 5773 5033 5772 5032 5834 5096 5778 5038 5777 5036 5839 5101 5774 5034 5773 5033 5836 5097 5779 5039 5839 5101 5841 5102 5713 4975 5774 5034 5837 5098 5780 5040 5841 5102 5842 5103 5776 5037 5713 4975 5775 5035 5717 4981 5842 5103 5781 5041 5776 5037 5777 5036 5778 5038 5843 5104 5845 5105 5844 5106 5779 5039 5778 5038 5839 5101 5784 5044 5783 5042 5844 5106 5780 5040 5779 5039 5841 5102 5785 5045 5844 5106 5786 5107 5717 4981 5780 5040 5842 5103 5717 4981 5781 5041 5782 5043 5782 5043 5783 5042 5784 5044 5722 4984 5786 5107 5724 4987 5785 5045 5784 5044 5844 5106 5785 5045 5786 5107 5722 4984 5848 5108 5850 5109 5849 5110 5787 5046 5723 4985 5851 5111 5788 5047 5851 5111 5852 5112 5722 4984 5724 4987 5725 4986 5789 5048 5852 5112 5728 4990 5790 5049 5728 4990 5853 5113 5723 4985 5787 5046 5725 4986 5791 5050 5853 5113 5665 4927 5787 5046 5851 5111 5788 5047 5792 5051 5665 4927 5854 5114 5852 5112 5789 5048 5788 5047 5793 5052 5854 5114 5855 5115 5789 5048 5728 4990 5790 5049 5794 5053 5855 5115 5856 5116 5853 5113 5791 5050 5790 5049 5795 5054 5856 5116 5857 5117 5665 4927 5792 5051 5791 5050 5796 5055 5857 5117 5858 5118 5793 5052 5792 5051 5854 5114 5210 4458 5858 5118 5023 4133 5855 5115 5794 5053 5793 5052 5859 5119 5860 5120 5798 5057 5795 5054 5794 5053 5856 5116 5801 5059 5861 5121 5860 5120 5795 5054 5857 5117 5796 5055 5549 4803 5547 4799 5862 5122 5796 5055 5858 5118 5210 4458 5552 4805 5862 5122 5863 5123 5210 4458 5023 4133 5021 4132 5803 5062 5863 5123 5679 4940 5021 4132 5022 4134 5546 4800 5546 4800 5547 4799 5549 4803 5862 5122 5552 4805 5549 4803 5620 4877 5619 4875 5683 4943 5863 5123 5803 5062 5552 4805 5744 5007 5804 5063 5866 5124 5679 4940 5678 4939 5803 5062 5618 4876 5678 4939 5617 4874 5618 4876 5619 4875 5620 4877 5683 4943 5681 4942 5620 4877 5682 4944 5806 5065 5681 4942 5688 4949 5748 5010 5807 5067 5806 5065 5682 4944 5624 4880 5689 4950 5688 4949 5808 5066 5690 4951 5689 4950 5809 5068 5868 5125 5747 5009 5867 5126 5687 4948 5690 4951 5809 5068 5868 5125 5807 5067 5748 5010 5628 4885 5687 4948 5869 5127 4411 3083 5628 4885 5869 5127 5499 4757 4108 5012 5387 4816 5631 4887 5870 5128 5561 4817 5499 4757 5500 4756 4179 4890 4179 4890 5812 5070 4107 4891 5871 5129 5812 5070 5936 5130 5813 5069 4107 4891 5812 5070 5750 5072 5813 5069 5812 5070 5814 5071 5815 5131 5750 5072 5873 5132 5874 5133 5939 5134 5815 5131 5874 5133 5816 5017 5816 5017 5750 5072 5815 5131 5874 5133 5817 5135 5753 5015 5753 5015 5816 5017 5874 5133 5817 5135 5819 5136 5755 5073 5817 5135 5755 5073 5753 5015 5876 5077 5818 5074 5819 5136 5818 5074 5755 5073 5819 5136 5756 5075 5818 5074 5876 5077 5820 5076 5756 5075 5876 5077 5758 5079 5820 5076 5821 5078 5879 5137 5758 5079 5821 5078 5879 5137 5822 5138 5760 5080 5760 5080 5758 5079 5879 5137 5822 5138 5882 5083 5823 5081 5823 5081 5760 5080 5822 5138 5762 5082 5823 5081 5882 5083 5824 5084 5884 5139 5825 5085 5825 5085 5762 5082 5824 5084 5884 5139 5827 5140 5764 5086 5764 5086 5825 5085 5884 5139 5827 5140 5829 5141 5765 5088 5826 5087 5764 5086 5827 5140 5765 5088 5826 5087 5827 5140 5886 5142 5828 5089 5829 5141 5887 5143 5886 5142 5888 5144 5828 5089 5765 5088 5829 5141 5886 5142 5889 5145 5768 5090 5889 5145 5831 5146 5830 5091 5768 5090 5828 5089 5886 5142 5831 5146 5891 5147 5832 5092 5830 5091 5768 5090 5889 5145 5891 5147 5892 5148 5771 5093 5892 5148 5833 5094 5771 5093 5830 5091 5831 5146 5832 5092 5893 5149 5836 5097 5835 5095 5894 5150 5896 5151 5895 5152 5771 5093 5832 5092 5891 5147 5893 5149 5896 5151 5837 5098 5896 5151 5897 5153 5775 5035 5834 5096 5771 5093 5833 5094 5897 5153 5838 5099 5777 5036 5834 5096 5835 5095 5836 5097 5898 5154 5841 5102 5840 5100 5837 5098 5836 5097 5893 5149 5899 5155 5901 5156 5900 5157 5775 5035 5837 5098 5896 5151 5898 5154 5901 5156 5842 5103 5777 5036 5775 5035 5897 5153 5901 5156 5902 5158 5781 5041 5839 5101 5777 5036 5838 5099 5902 5158 5843 5104 5783 5042 5839 5101 5840 5100 5841 5102 5842 5103 5841 5102 5898 5154 5781 5041 5842 5103 5901 5156 5783 5042 5781 5041 5902 5158 5845 5105 5847 5159 5786 5107 5783 5042 5843 5104 5844 5106 5786 5107 5844 5106 5845 5105 5847 5159 5904 5160 5724 4987 5904 5160 5905 5161 5723 4985 5905 5161 5849 5110 5851 5111 5786 5107 5847 5159 5724 4987 5849 5110 5727 4988 5852 5112 5906 5162 5908 5163 5907 5164 5724 4987 5904 5160 5723 4985 5729 4989 5664 4925 5853 5113 5905 5161 5851 5111 5723 4985 5909 5165 5604 4862 5910 5166 5851 5111 5849 5110 5852 5112 5666 4926 5911 5167 5854 5114 5727 4988 5728 4990 5852 5112 5911 5167 5912 5168 5855 5115 5728 4990 5729 4989 5853 5113 5912 5168 5913 5169 5856 5116 5664 4925 5665 4927 5853 5113 5913 5169 5914 5170 5857 5117 5666 4926 5854 5114 5665 4927 5914 5170 5915 5171 5858 5118 5855 5115 5854 5114 5911 5167 5915 5171 5916 5172 5023 4133 5856 5116 5855 5115 5912 5168 5916 5172 5917 5173 5022 4134 5857 5117 5856 5116 5913 5169 5917 5173 5918 5174 5547 4799 5857 5117 5914 5170 5858 5118 5918 5174 5919 5175 5862 5122 5858 5118 5915 5171 5023 4133 5919 5175 5739 5001 5863 5123 5023 4133 5916 5172 5022 4134 5864 5176 5921 5177 5920 5178 5917 5173 5547 4799 5022 4134 5742 5004 5922 5179 5617 4874 5918 5174 5862 5122 5547 4799 5922 5179 5745 5006 5619 4875 5919 5175 5863 5123 5862 5122 5923 5180 5925 5181 5924 5182 5739 5001 5679 4940 5863 5123 5679 4940 5742 5004 5617 4874 5867 5126 5624 4880 5682 4944 5922 5179 5619 4875 5617 4874 5624 4880 5867 5126 5747 5009 5745 5006 5683 4943 5619 4875 5748 5010 5747 5009 5868 5125 5682 4944 5683 4943 5744 5007 5682 4944 5926 5183 5867 5126 5809 5068 5927 5184 5687 4948 5868 5125 5928 5185 5807 5067 5929 5186 5808 5066 5807 5067 5927 5184 5869 5127 5687 4948 5929 5186 5930 5187 5808 5066 5931 5188 4188 2864 5932 2862 5500 4756 5630 4888 4181 5189 5933 5190 5932 2862 5811 5191 4183 5192 4184 5193 5934 4819 4181 5189 5936 5130 4179 4890 5812 5070 4179 4890 5936 5130 5937 5194 5871 5129 5999 5195 5871 5129 5872 5196 5812 5070 5814 5071 5812 5070 5872 5196 5872 5196 5939 5134 5815 5131 5815 5131 5814 5071 5872 5196 5874 5133 5815 5131 5939 5134 5873 5132 5875 5197 5817 5135 5941 5198 5817 5135 5875 5197 5817 5135 5874 5133 5873 5132 5942 5199 5941 5198 6004 5200 5941 5198 5877 5201 5819 5136 5941 5198 5819 5136 5817 5135 5876 5077 5819 5136 5877 5201 5877 5201 5878 5202 5876 5077 5944 5203 5878 5202 6007 5204 5821 5078 5876 5077 5878 5202 5878 5202 5880 5205 5821 5078 5880 5205 5946 5206 5879 5137 5879 5137 5821 5078 5880 5205 5822 5138 5946 5206 5881 5207 5822 5138 5879 5137 5946 5206 5947 5208 5881 5207 6010 5209 5881 5207 5948 5210 5882 5083 5882 5083 5822 5138 5881 5207 5948 5210 5883 5211 5824 5084 5824 5084 5882 5083 5948 5210 5883 5211 5950 5212 5884 5139 5884 5139 5824 5084 5883 5211 5827 5140 5950 5212 5885 5213 5827 5140 5884 5139 5950 5212 5829 5141 5827 5140 5885 5213 5885 5213 5888 5144 5829 5141 5952 5214 5887 5143 5953 5215 5887 5143 5954 5216 5889 5145 5886 5142 5829 5141 5888 5144 5954 5216 5890 5217 5831 5146 5889 5145 5886 5142 5887 5143 5955 5218 5891 5147 5890 5217 5956 5219 5958 5220 5957 5221 5831 5146 5889 5145 5954 5216 5955 5218 5958 5220 5892 5148 5958 5220 5959 5222 5833 5094 5891 5147 5831 5146 5890 5217 5959 5222 5960 5223 5835 5095 5893 5149 5960 5223 5895 5152 5892 5148 5891 5147 5955 5218 5961 5224 5963 5225 5962 5226 5833 5094 5892 5148 5958 5220 5894 5150 5963 5225 5897 5153 5835 5095 5833 5094 5959 5222 5963 5225 5964 5227 5838 5099 5893 5149 5835 5095 5960 5223 5964 5227 5965 5228 5840 5100 5896 5151 5893 5149 5895 5152 5898 5154 5965 5228 5900 5157 5897 5153 5896 5151 5894 5150 5966 5229 5968 5230 5967 5231 5838 5099 5897 5153 5963 5225 5899 5155 5968 5230 5902 5158 5840 5100 5838 5099 5964 5227 5968 5230 5969 5232 5843 5104 5898 5154 5840 5100 5965 5228 5845 5105 5969 5232 5903 5233 5898 5154 5900 5157 5901 5156 5902 5158 5901 5156 5899 5155 5843 5104 5902 5158 5968 5230 5903 5233 5846 5234 5847 5159 5843 5104 5969 5232 5845 5105 5971 5235 5973 5236 5972 5237 5846 5234 5973 5236 5904 5160 5973 5236 5848 5108 5905 5161 5845 5105 5903 5233 5847 5159 5974 5238 5976 5239 5975 5240 5850 5109 5977 5241 5727 4988 5904 5160 5847 5159 5846 5234 5729 4989 5977 5241 5978 5242 5904 5160 5973 5236 5905 5161 5978 5242 5979 5243 5664 4925 5905 5161 5848 5108 5849 5110 5666 4926 5979 5243 5980 5244 5849 5110 5850 5109 5727 4988 5980 5244 5981 5245 5911 5167 5977 5241 5729 4989 5727 4988 5981 5245 5982 5246 5912 5168 5729 4989 5978 5242 5664 4925 5913 5169 5982 5246 5983 5247 5979 5243 5666 4926 5664 4925 5983 5247 5984 5248 5914 5170 5980 5244 5911 5167 5666 4926 5984 5248 5985 5249 5915 5171 5912 5168 5911 5167 5981 5245 5985 5249 5986 5250 5916 5172 5913 5169 5912 5168 5982 5246 5986 5250 5987 5251 5917 5173 5914 5170 5913 5169 5983 5247 5987 5251 5988 5252 5918 5174 5915 5171 5914 5170 5984 5248 5988 5252 5741 5002 5919 5175 5915 5171 5985 5249 5916 5172 5989 5253 5990 5254 5921 5177 5986 5250 5917 5173 5916 5172 5740 5003 5991 5255 5742 5004 5917 5173 5987 5251 5918 5174 5991 5255 5805 5064 5922 5179 5918 5174 5988 5252 5919 5175 5992 5256 5994 5257 5993 5258 5741 5002 5739 5001 5919 5175 5740 5003 5742 5004 5739 5001 5926 5183 5682 4944 5744 5007 5991 5255 5922 5179 5742 5004 5745 5006 5922 5179 5805 5064 5868 5125 5867 5126 5926 5183 5745 5006 5804 5063 5744 5007 5929 5186 5807 5067 5928 5185 5744 5007 5866 5124 5926 5183 5808 5066 5930 5187 5809 5068 5996 5259 5868 5125 5926 5183 5927 5184 5809 5068 5930 5187 5870 5128 5631 4887 5629 4886 4181 5189 4179 4890 5500 4756 5934 4819 5810 5260 5811 5191 5630 4888 5631 4887 4182 5261 5997 2876 6234 5262 4200 2879 4182 5261 5935 5263 4181 5189 5935 5263 5999 5195 5936 5130 5935 5263 5936 5130 4181 5189 5871 5129 5936 5130 5999 5195 5937 5194 5938 5264 5872 5196 5937 5194 5872 5196 5871 5129 6001 5265 5939 5134 5938 5264 6002 5266 6001 5265 6061 5267 5939 5134 5872 5196 5938 5264 5873 5132 6001 5265 5940 5268 5873 5132 5939 5134 6001 5265 5940 5268 6004 5200 5875 5197 5940 5268 5875 5197 5873 5132 5941 5198 5875 5197 6004 5200 5942 5199 5943 5269 5877 5201 5877 5201 5941 5198 5942 5199 5943 5269 6007 5204 5878 5202 5943 5269 5878 5202 5877 5201 5880 5205 5944 5203 5945 5270 5880 5205 5878 5202 5944 5203 5945 5270 6010 5209 5946 5206 5945 5270 5946 5206 5880 5205 5881 5207 5946 5206 6010 5209 5947 5208 6012 5271 5948 5210 5947 5208 5948 5210 5881 5207 5883 5211 6012 5271 5949 5272 5883 5211 5948 5210 6012 5271 6013 5273 5949 5272 6071 5274 5949 5272 5951 5275 5950 5212 5950 5212 5883 5211 5949 5272 5885 5213 5950 5212 5951 5275 5951 5275 6015 5276 5885 5213 6015 5276 5953 5215 5888 5144 5888 5144 5885 5213 6015 5276 5952 5214 6017 5277 5954 5216 5887 5143 5888 5144 5953 5215 6017 5277 6018 5278 5890 5217 5952 5214 5954 5216 5887 5143 5955 5218 6018 5278 5957 5221 6019 5279 5959 5222 5956 5219 5890 5217 5954 5216 6017 5277 6020 5280 6022 5281 6021 5282 6019 5279 6022 5281 5960 5223 5955 5218 5890 5217 6018 5278 6022 5281 6023 5283 5895 5152 5958 5220 5955 5218 5957 5221 5894 5150 6023 5283 5962 5226 5959 5222 5958 5220 5956 5219 6024 5284 5964 5227 5961 5224 5960 5223 5959 5222 6019 5279 6025 5285 6027 5286 6026 5287 5895 5152 5960 5223 6022 5281 6024 5284 6027 5286 5965 5228 5894 5150 5895 5152 6023 5283 6027 5286 6028 5288 5900 5157 5963 5225 5894 5150 5962 5226 5899 5155 6028 5288 5967 5231 5964 5227 5963 5225 5961 5224 5965 5228 5964 5227 6024 5284 5966 5229 6030 5289 5969 5232 5900 5157 5965 5228 6027 5286 5899 5155 5900 5157 6028 5288 5903 5233 6030 5289 5970 5290 5968 5230 5899 5155 5967 5231 6031 5291 6033 5292 6032 5293 5969 5232 5968 5230 5966 5229 5903 5233 5969 5232 6030 5289 5846 5234 5970 5290 5972 5237 6034 5294 6036 5295 6035 5296 5971 5235 6037 5297 5848 5108 5846 5234 5903 5233 5970 5290 5850 5109 6037 5297 6038 5298 6038 5298 6039 5299 5977 5241 5973 5236 5846 5234 5972 5237 5978 5242 6039 5299 6040 5300 5973 5236 5971 5235 5848 5108 6040 5300 6041 5301 5979 5243 5848 5108 6037 5297 5850 5109 5980 5244 6041 5301 6042 5302 5850 5109 6038 5298 5977 5241 6042 5302 6043 5303 5981 5245 6039 5299 5978 5242 5977 5241 6043 5303 6044 5304 5982 5246 5978 5242 6040 5300 5979 5243 5983 5247 6044 5304 5538 4791 6041 5301 5980 5244 5979 5243 5984 5248 5538 4791 6045 5305 6042 5302 5981 5245 5980 5244 6045 5305 6046 5306 5985 5249 6043 5303 5982 5246 5981 5245 6046 5306 6047 5307 5986 5250 5983 5247 5982 5246 6044 5304 5987 5251 6047 5307 5861 5121 5984 5248 5983 5247 5538 4791 5988 5252 5861 5121 5799 5058 5985 5249 5984 5248 6045 5305 5985 5249 6046 5306 5986 5250 5802 5061 6048 5308 5740 5003 5986 5250 6047 5307 5987 5251 5991 5255 6048 5308 5865 5309 5987 5251 5861 5121 5988 5252 6049 5310 6050 5311 5992 5256 5799 5058 5741 5002 5988 5252 5865 5309 5924 5182 5804 5063 5802 5061 5740 5003 5741 5002 5991 5255 5740 5003 6048 5308 5995 5312 5926 5183 5866 5124 5991 5255 5865 5309 5805 5064 5996 5259 5926 5183 5995 5312 5865 5309 5804 5063 5805 5064 5928 5185 5868 5125 5996 5259 5804 5063 5924 5182 5866 5124 6052 5313 5928 5185 5996 5259 5927 5184 6051 5314 5869 5127 6051 5314 5927 5184 5930 5187 5928 5185 6053 5315 5929 5186 6054 5316 5930 5187 5929 5186 4182 5261 4181 5189 5630 4888 6055 5317 4196 2871 6056 2866 5631 4887 5561 4817 4185 5318 5935 5263 4185 5318 5998 5319 4185 5318 5935 5263 4182 5261 6058 5320 5999 5195 5998 5319 5998 5319 5999 5195 5935 5263 5937 5194 6058 5320 6000 5321 5937 5194 5999 5195 6058 5320 6000 5321 6061 5267 5938 5264 6000 5321 5938 5264 5937 5194 6062 5322 6002 5266 6114 5323 6001 5265 5938 5264 6061 5267 5940 5268 6002 5266 6003 5324 5940 5268 6001 5265 6002 5266 6063 5325 6004 5200 6003 5324 6003 5324 6004 5200 5940 5268 5942 5199 6063 5325 6005 5326 6065 5327 5942 5199 6005 5326 5942 5199 6004 5200 6063 5325 6065 5327 5943 5269 5942 5199 5943 5269 6065 5327 6006 5328 6006 5328 6007 5204 5943 5269 5944 5203 6006 5328 6008 5329 5944 5203 6007 5204 6006 5328 5945 5270 6008 5329 6009 5330 5945 5270 5944 5203 6008 5329 6068 5331 6009 5330 6123 5332 6009 5330 6069 5333 6010 5209 6009 5330 6010 5209 5945 5270 5947 5208 6069 5333 6011 5334 5947 5208 6010 5209 6069 5333 6011 5334 6071 5274 6012 5271 6011 5334 6012 5271 5947 5208 5949 5272 6012 5271 6071 5274 6013 5273 5951 5275 5949 5272 5951 5275 6013 5273 6014 5335 6073 5336 6015 5276 6014 5335 6074 5337 6073 5336 6075 5338 6073 5336 6076 5339 5953 5215 6014 5335 6015 5276 5951 5275 5952 5214 6076 5339 6016 5340 5953 5215 6015 5276 6073 5336 6077 5341 6017 5277 6016 5340 6078 5342 6080 5343 6079 5344 5952 5214 5953 5215 6076 5339 6077 5341 6080 5343 6018 5278 6080 5343 6081 5345 5957 5221 6016 5340 6017 5277 5952 5214 5956 5219 6081 5345 6082 5346 6019 5279 6082 5346 6021 5282 6018 5278 6017 5277 6077 5341 6083 5347 6085 5348 6084 5349 5957 5221 6018 5278 6080 5343 6020 5280 6085 5348 6023 5283 5956 5219 5957 5221 6081 5345 6085 5348 6086 5350 5962 5226 6082 5346 6019 5279 5956 5219 5961 5224 6086 5350 6087 5351 6021 5282 6022 5281 6019 5279 6024 5284 6087 5351 6026 5287 6023 5283 6022 5281 6020 5280 6088 5352 6090 5353 6089 5354 5962 5226 6023 5283 6085 5348 6025 5285 6090 5353 6028 5288 5961 5224 5962 5226 6086 5350 5967 5231 6090 5353 6091 5355 6087 5351 6024 5284 5961 5224 5966 5229 6091 5355 6029 5356 6027 5286 6024 5284 6026 5287 6092 5357 6093 5358 6143 5359 6028 5288 6027 5286 6025 5285 6029 5356 6093 5358 6030 5289 5967 5231 6028 5288 6090 5353 5966 5229 5967 5231 6091 5355 6030 5289 5966 5229 6029 5356 6093 5358 6033 5292 5970 5290 5972 5237 6033 5292 6094 5360 5970 5290 6030 5289 6093 5358 5971 5235 6094 5360 6095 5361 6095 5361 6096 5362 6037 5297 6038 5298 6096 5362 6097 5363 5970 5290 6033 5292 5972 5237 6097 5363 5976 5239 6039 5299 5971 5235 5972 5237 6094 5360 6040 5300 5976 5239 6098 5364 5971 5235 6095 5361 6037 5297 6098 5364 6099 5365 6041 5301 6037 5297 6096 5362 6038 5298 6042 5302 6099 5365 6100 5366 6038 5298 6097 5363 6039 5299 6043 5303 6100 5366 6101 5367 5976 5239 6040 5300 6039 5299 6101 5367 5540 4792 6044 5304 6040 5300 6098 5364 6041 5301 6099 5365 6042 5302 6041 5301 6045 5305 5539 4793 5264 4516 6100 5366 6043 5303 6042 5302 6046 5306 5264 4516 5797 5056 6101 5367 6044 5304 6043 5303 6047 5307 5797 5056 5860 5120 5538 4791 6044 5304 5540 4792 6102 5368 6104 5369 6103 5370 6045 5305 5538 4791 5539 4793 6103 5370 6105 5371 5989 5253 6045 5305 5264 4516 6046 5306 5800 5060 6106 5372 5802 5061 6046 5306 5797 5056 6047 5307 6048 5308 6106 5372 5864 5176 6047 5307 5860 5120 5861 5121 6107 5373 6049 5310 5990 5254 5861 5121 5801 5059 5799 5058 5864 5176 5923 5180 5865 5309 5799 5058 5800 5060 5802 5061 5802 5061 6106 5372 6048 5308 5995 5312 5866 5124 5924 5182 5864 5176 5865 5309 6048 5308 5924 5182 5865 5309 5923 5180 6053 5315 5928 5185 6052 5313 6054 5316 5929 5186 6053 5315 5924 5182 5925 5181 5995 5312 6051 5314 5930 5187 6054 5316 5995 5312 6108 5374 5996 5259 4411 3083 5869 5127 6109 5375 6051 5314 6109 5375 5869 5127 5810 5260 5934 4819 5562 4818 4185 5318 4182 5261 5631 4887 4185 5318 5934 4819 4184 5193 4185 5318 4184 5193 6057 5376 6110 5377 6057 5376 6173 5378 5998 5319 6057 5376 6059 5379 6057 5376 5998 5319 4185 5318 6111 5380 6058 5320 6059 5379 6059 5379 6058 5320 5998 5319 6000 5321 6111 5380 6060 5381 6000 5321 6058 5320 6111 5380 6060 5381 6114 5323 6061 5267 6060 5381 6061 5267 6000 5321 6002 5266 6061 5267 6114 5323 6003 5324 6062 5322 6064 5382 6062 5322 6003 5324 6002 5266 6116 5383 6063 5325 6064 5382 6117 5384 6116 5383 6118 5385 6064 5382 6063 5325 6003 5324 6005 5326 6116 5383 6066 5386 6005 5326 6063 5325 6116 5383 6066 5386 6120 5387 6065 5327 6066 5386 6065 5327 6005 5326 6006 5328 6065 5327 6120 5387 6008 5329 6120 5387 6067 5388 6008 5329 6006 5328 6120 5387 6122 5389 6067 5388 6121 5390 6008 5329 6067 5388 6123 5332 6009 5330 6008 5329 6123 5332 6068 5331 6125 5391 6069 5333 6068 5331 6069 5333 6009 5330 6011 5334 6125 5391 6070 5392 6011 5334 6069 5333 6125 5391 6126 5393 6070 5392 6187 5394 6071 5274 6070 5392 6072 5395 6070 5392 6071 5274 6011 5334 6013 5273 6071 5274 6072 5395 6072 5395 6128 5396 6013 5273 6014 5335 6128 5396 6075 5338 6014 5335 6013 5273 6128 5396 6074 5337 6130 5397 6076 5339 6075 5338 6073 5336 6014 5335 6016 5340 6130 5397 6131 5398 6074 5337 6076 5339 6073 5336 6077 5341 6131 5398 6079 5344 6132 5399 6134 5400 6133 5401 6016 5340 6076 5339 6130 5397 6078 5342 6134 5400 6081 5345 6082 5346 6134 5400 6135 5402 6131 5398 6077 5341 6016 5340 6021 5282 6135 5402 6136 5403 6079 5344 6080 5343 6077 5341 6020 5280 6136 5403 6084 5349 6081 5345 6080 5343 6078 5342 6137 5404 6086 5350 6083 5347 6082 5346 6081 5345 6134 5400 6138 5405 6140 5406 6139 5407 6021 5282 6082 5346 6135 5402 6087 5351 6137 5404 6140 5406 6136 5403 6020 5280 6021 5282 6026 5287 6140 5406 6141 5408 6084 5349 6085 5348 6020 5280 6025 5285 6141 5408 6089 5354 6086 5350 6085 5348 6083 5347 6087 5351 6086 5350 6137 5404 6088 5352 6143 5359 6091 5355 6026 5287 6087 5351 6140 5406 6141 5408 6025 5285 6026 5287 6090 5353 6025 5285 6089 5354 6144 5409 6092 5357 6145 5410 6091 5355 6090 5353 6088 5352 6029 5356 6091 5355 6143 5359 6093 5358 6092 5357 6032 5293 6146 5411 6148 5412 6147 5413 6093 5358 6029 5356 6143 5359 6094 5360 6031 5291 6149 5414 6095 5361 6149 5414 6150 5415 6150 5415 6036 5295 6096 5362 6033 5292 6093 5358 6032 5293 6097 5363 6036 5295 5975 5240 6033 5292 6031 5291 6094 5360 6151 5416 6153 5417 6152 5418 6094 5360 6149 5414 6095 5361 6098 5364 5974 5238 6154 5419 6095 5361 6150 5415 6096 5362 6154 5419 6155 5420 6099 5365 6096 5362 6036 5295 6097 5363 6100 5366 6155 5420 6156 5421 6097 5363 5975 5240 5976 5239 6101 5367 6156 5421 6157 5422 5974 5238 6098 5364 5976 5239 6157 5422 6158 5423 5540 4792 6154 5419 6099 5365 6098 5364 6158 5423 5263 4514 5539 4793 6099 5365 6155 5420 6100 5366 5605 4861 6160 5424 6159 5425 6156 5421 6101 5367 6100 5366 6157 5422 5540 4792 6101 5367 6102 5368 6160 5424 6162 5426 5539 4793 5540 4792 6158 5423 5801 5059 5859 5119 6163 5427 5264 4516 5539 4793 5263 4514 5800 5060 6163 5427 5921 5177 5797 5056 5264 4516 5265 4515 5860 5120 5797 5056 5798 5057 6164 5428 6165 5429 6107 5373 5860 5120 5859 5119 5801 5059 5801 5059 6163 5427 5800 5060 5923 5180 5920 5178 5993 5258 5800 5060 5921 5177 6106 5372 5923 5180 5993 5258 6166 5430 5921 5177 5864 5176 6106 5372 6108 5374 5995 5312 5925 5181 6052 5313 5996 5259 6108 5374 5864 5176 5920 5178 5923 5180 5923 5180 6166 5430 5925 5181 6168 5431 6052 5313 6108 5374 6051 5314 6167 5432 6109 5375 6167 5432 6051 5314 6054 5316 6052 5313 6169 5433 6053 5315 6170 5434 6054 5316 6053 5315 5933 5190 5811 5191 5810 5260 5934 4819 4185 5318 5561 4817 4188 2864 6171 5435 6056 2866 5811 5191 4186 2861 4183 5192 5811 5191 4183 5192 5934 4819 4184 5193 4183 5192 6173 5378 6057 5376 4184 5193 6173 5378 6059 5379 6110 5377 6112 5436 6110 5377 6059 5379 6057 5376 6112 5436 6176 5437 6111 5380 6112 5436 6111 5380 6059 5379 6060 5381 6176 5437 6113 5438 6060 5381 6111 5380 6176 5437 6177 5439 6113 5438 6239 5440 6114 5323 6113 5438 6115 5441 6113 5438 6114 5323 6060 5381 6178 5442 6062 5322 6115 5441 6115 5441 6062 5322 6114 5323 6064 5382 6178 5442 6118 5385 6178 5442 6064 5382 6062 5322 6118 5385 6116 5383 6064 5382 6066 5386 6117 5384 6119 5443 6066 5386 6116 5383 6117 5384 6119 5443 6182 5444 6120 5387 6119 5443 6120 5387 6066 5386 6120 5387 6182 5444 6121 5390 6067 5388 6120 5387 6121 5390 6184 5445 6122 5389 6246 5446 6123 5332 6122 5389 6185 5447 6122 5389 6123 5332 6067 5388 6068 5331 6185 5447 6124 5448 6185 5447 6068 5331 6123 5332 6125 5391 6124 5448 6187 5394 6124 5448 6125 5391 6068 5331 6070 5392 6125 5391 6187 5394 6126 5393 6072 5395 6070 5392 6072 5395 6126 5393 6127 5449 6189 5450 6128 5396 6127 5449 6190 5451 6189 5450 6191 5452 6075 5338 6189 5450 6192 5453 6127 5449 6128 5396 6072 5395 6074 5337 6192 5453 6129 5454 6075 5338 6128 5396 6189 5450 6193 5455 6130 5397 6129 5454 6194 5456 6196 5457 6195 5458 6192 5453 6074 5337 6075 5338 6131 5398 6193 5455 6196 5457 6079 5344 6196 5457 6197 5459 6129 5454 6130 5397 6074 5337 6078 5342 6197 5459 6133 5401 6198 5460 6135 5402 6132 5399 6131 5398 6130 5397 6193 5455 6199 5461 6201 5462 6200 5463 6079 5344 6131 5398 6196 5457 6136 5403 6198 5460 6201 5462 6197 5459 6078 5342 6079 5344 6084 5349 6201 5462 6202 5464 6133 5401 6134 5400 6078 5342 6083 5347 6202 5464 6203 5465 6132 5399 6135 5402 6134 5400 6137 5404 6203 5465 6139 5407 6136 5403 6135 5402 6198 5460 6204 5466 6206 5467 6205 5468 6084 5349 6136 5403 6201 5462 6141 5408 6138 5405 6206 5467 6202 5464 6083 5347 6084 5349 6089 5354 6206 5467 6207 5469 6203 5465 6137 5404 6083 5347 6088 5352 6207 5469 6142 5470 6140 5406 6137 5404 6139 5407 6141 5408 6140 5406 6138 5405 6089 5354 6141 5408 6206 5467 6143 5359 6142 5470 6145 5410 6207 5469 6088 5352 6089 5354 6143 5359 6088 5352 6142 5470 6209 5471 6211 5472 6210 5473 6032 5293 6144 5409 6212 5474 6031 5291 6212 5474 6213 5475 6092 5357 6143 5359 6145 5410 6213 5475 6148 5412 6149 5414 6150 5415 6148 5412 6035 5296 6092 5357 6144 5409 6032 5293 6214 5476 6216 5477 6215 5478 6031 5291 6032 5293 6212 5474 5975 5240 6034 5294 6217 5479 6149 5414 6031 5291 6213 5475 5974 5238 6217 5479 6218 5480 6149 5414 6148 5412 6150 5415 6154 5419 6218 5480 6219 5481 6150 5415 6035 5296 6036 5295 6155 5420 6219 5481 6220 5482 6036 5295 6034 5294 5975 5240 6156 5421 6220 5482 6221 5483 5975 5240 6217 5479 5974 5238 6157 5422 6221 5483 6222 5484 6218 5480 6154 5419 5974 5238 6158 5423 6222 5484 6223 5485 6219 5481 6155 5420 6154 5419 5263 4514 6223 5485 6224 5486 6220 5482 6156 5421 6155 5420 5265 4515 6224 5486 6225 5487 6157 5422 6156 5421 6221 5483 5798 5057 6225 5487 6226 5488 6158 5423 6157 5422 6222 5484 5859 5119 6226 5488 6227 5489 5263 4514 6158 5423 6223 5485 6163 5427 6227 5489 5989 5253 5265 4515 5263 4514 6224 5486 6228 5490 6230 5491 6229 5492 5798 5057 5265 4515 6225 5487 6164 5428 6230 5491 6231 5493 5798 5057 6226 5488 5859 5119 5859 5119 6227 5489 6163 5427 5920 5178 5990 5254 5992 5256 5921 5177 6163 5427 5989 5253 5994 5257 6050 5311 6232 5494 6108 5374 5925 5181 6166 5430 5921 5177 5990 5254 5920 5178 6169 5433 6052 5313 6168 5431 5992 5256 5993 5258 5920 5178 6170 5434 6053 5315 6169 5433 5993 5258 5994 5257 6166 5430 6167 5432 6054 5316 6170 5434 6166 5430 6232 5494 6108 5374 6233 5495 4192 2869 6234 5262 5811 5191 5932 2862 4186 2861 4183 5192 4186 2861 6172 5496 6296 5497 6235 5498 6172 5496 6172 5496 6173 5378 4183 5192 6110 5377 6172 5496 6174 5499 6236 5500 6112 5436 6174 5499 6172 5496 6110 5377 6173 5378 6174 5499 6112 5436 6110 5377 6112 5436 6236 5500 6175 5501 6176 5437 6175 5501 6239 5440 6175 5501 6176 5437 6112 5436 6239 5440 6113 5438 6176 5437 6301 5502 6240 5503 6177 5439 6115 5441 6177 5439 6179 5504 6177 5439 6115 5441 6113 5438 6241 5505 6178 5442 6179 5504 6179 5504 6178 5442 6115 5441 6118 5385 6241 5505 6180 5506 6118 5385 6178 5442 6241 5505 6243 5507 6117 5384 6180 5506 6180 5506 6117 5384 6118 5385 6119 5443 6243 5507 6181 5508 6119 5443 6117 5384 6243 5507 6181 5508 6182 5444 6119 5443 6121 5390 6181 5508 6183 5509 6181 5508 6121 5390 6182 5444 6121 5390 6183 5509 6246 5446 6246 5446 6122 5389 6121 5390 6124 5448 6184 5445 6248 5510 6184 5445 6185 5447 6122 5389 6124 5448 6248 5510 6186 5511 6184 5445 6124 5448 6185 5447 6186 5511 6187 5394 6124 5448 6126 5393 6186 5511 6188 5512 6186 5511 6126 5393 6187 5394 6126 5393 6188 5512 6250 5513 6127 5449 6250 5513 6191 5452 6127 5449 6126 5393 6250 5513 6192 5453 6190 5451 6252 5514 6191 5452 6189 5450 6127 5449 6129 5454 6252 5514 6253 5515 6190 5451 6192 5453 6189 5450 6193 5455 6253 5515 6195 5458 6254 5516 6256 5517 6255 5518 6252 5514 6129 5454 6192 5453 6197 5459 6194 5456 6256 5517 6133 5401 6256 5517 6257 5519 6253 5515 6193 5455 6129 5454 6132 5399 6257 5519 6258 5520 6195 5458 6196 5457 6193 5455 6198 5460 6258 5520 6200 5463 6197 5459 6196 5457 6194 5456 6259 5521 6261 5522 6260 5523 6133 5401 6197 5459 6256 5517 6202 5464 6199 5461 6261 5522 6257 5519 6132 5399 6133 5401 6203 5465 6261 5522 6262 5524 6258 5520 6198 5460 6132 5399 6139 5407 6262 5524 6263 5525 6200 5463 6201 5462 6198 5460 6138 5405 6263 5525 6205 5468 6202 5464 6201 5462 6199 5461 6203 5465 6202 5464 6261 5522 6207 5469 6204 5466 6265 5526 6262 5524 6139 5407 6203 5465 6263 5525 6138 5405 6139 5407 6142 5470 6265 5526 6208 5527 6206 5467 6138 5405 6205 5468 6266 5528 6208 5527 6267 5529 6207 5469 6206 5467 6204 5466 6265 5526 6142 5470 6207 5469 6145 5410 6208 5527 6268 5530 6144 5409 6268 5530 6269 5531 6212 5474 6269 5531 6211 5472 6145 5410 6142 5470 6208 5527 6213 5475 6211 5472 6147 5413 6270 5532 6272 5533 6271 5534 6144 5409 6145 5410 6268 5530 6035 5296 6146 5411 6273 5535 6212 5474 6144 5409 6269 5531 6034 5294 6273 5535 6274 5536 6213 5475 6212 5474 6211 5472 6217 5479 6274 5536 6275 5537 6148 5412 6213 5475 6147 5413 6218 5480 6275 5537 6276 5538 6148 5412 6146 5411 6035 5296 6219 5481 6276 5538 6277 5539 6035 5296 6273 5535 6034 5294 6220 5482 6277 5539 6278 5540 6034 5294 6274 5536 6217 5479 6221 5483 6278 5540 6279 5541 6217 5479 6275 5537 6218 5480 6222 5484 6279 5541 6280 5542 6218 5480 6276 5538 6219 5481 6223 5485 6280 5542 6281 5543 6277 5539 6220 5482 6219 5481 6224 5486 6281 5543 6282 5544 6278 5540 6221 5483 6220 5482 6225 5487 6282 5544 6283 5545 6279 5541 6222 5484 6221 5483 6226 5488 6283 5545 6103 5370 6223 5485 6222 5484 6280 5542 6224 5486 6223 5485 6281 5543 6284 5546 6285 5547 6228 5490 6224 5486 6282 5544 6225 5487 6226 5488 6225 5487 6283 5545 5990 5254 6105 5371 6107 5373 6227 5489 6226 5488 6103 5370 5989 5253 6227 5489 6103 5370 6232 5494 6166 5430 5994 5257 5989 5253 6105 5371 5990 5254 6168 5431 6108 5374 6232 5494 5992 5256 5990 5254 6049 5310 5992 5256 6050 5311 5994 5257 6291 5548 6168 5431 6232 5494 6167 5432 6290 5549 6109 5375 6290 5549 6167 5432 6170 5434 6168 5431 6292 5550 6169 5433 6293 5551 6170 5434 6169 5433 6171 5435 4188 2864 5931 5188 4196 2871 6294 5552 5997 2876 4188 2864 4187 2863 5932 2862 4190 2865 6295 5553 4187 2863 4186 2861 4187 2863 6296 5497 6296 5497 6172 5496 4186 2861 6174 5499 6235 5498 6237 5554 6235 5498 6174 5499 6172 5496 6298 5555 6236 5500 6237 5554 6237 5554 6236 5500 6174 5499 6175 5501 6298 5555 6238 5556 6298 5555 6175 5501 6236 5500 6239 5440 6238 5556 6301 5502 6238 5556 6239 5440 6175 5501 6301 5502 6177 5439 6239 5440 6179 5504 6240 5503 6242 5557 6240 5503 6179 5504 6177 5439 6242 5557 6303 5558 6180 5506 6304 5559 6305 5560 6303 5558 6242 5557 6241 5505 6179 5504 6180 5506 6303 5558 6244 5561 6242 5557 6180 5506 6241 5505 6306 5562 6243 5507 6244 5561 6244 5561 6243 5507 6180 5506 6181 5508 6306 5562 6245 5563 6306 5562 6181 5508 6243 5507 6183 5509 6181 5508 6245 5563 6309 5564 6246 5446 6245 5563 6245 5563 6246 5446 6183 5509 6184 5445 6309 5564 6247 5565 6311 5566 6312 5567 6247 5565 6309 5564 6184 5445 6246 5446 6248 5510 6247 5565 6313 5568 6247 5565 6248 5510 6184 5445 6314 5569 6186 5511 6313 5568 6313 5568 6186 5511 6248 5510 6188 5512 6314 5569 6249 5570 6188 5512 6186 5511 6314 5569 6316 5571 6250 5513 6249 5570 6317 5572 6318 5573 6316 5571 6191 5452 6316 5571 6319 5574 6249 5570 6250 5513 6188 5512 6190 5451 6319 5574 6251 5575 6191 5452 6250 5513 6316 5571 6251 5575 6320 5576 6252 5514 6321 5577 6323 5578 6322 5579 6319 5574 6190 5451 6191 5452 6253 5515 6320 5576 6321 5577 6195 5458 6321 5577 6324 5580 6251 5575 6252 5514 6190 5451 6194 5456 6324 5580 6255 5518 6325 5581 6257 5519 6254 5516 6320 5576 6253 5515 6252 5514 6326 5582 6328 5583 6327 5584 6321 5577 6195 5458 6253 5515 6258 5520 6325 5581 6327 5584 6324 5580 6194 5456 6195 5458 6200 5463 6327 5584 6329 5585 6255 5518 6256 5517 6194 5456 6199 5461 6329 5585 6260 5523 6257 5519 6256 5517 6254 5516 6330 5586 6262 5524 6259 5521 6258 5520 6257 5519 6325 5581 6331 5587 6333 5588 6332 5589 6327 5584 6200 5463 6258 5520 6263 5525 6330 5586 6332 5589 6329 5585 6199 5461 6200 5463 6205 5468 6332 5589 6334 5590 6260 5523 6261 5522 6199 5461 6204 5466 6334 5590 6264 5591 6262 5524 6261 5522 6259 5521 6385 5592 6335 5593 6264 5591 6263 5525 6262 5524 6330 5586 6332 5589 6205 5468 6263 5525 6208 5527 6264 5591 6267 5529 6334 5590 6204 5466 6205 5468 6265 5526 6204 5466 6264 5591 6336 5594 6338 5595 6337 5596 6268 5530 6266 5528 6336 5594 6264 5591 6208 5527 6265 5526 6269 5531 6336 5594 6210 5473 6339 5597 6341 5598 6340 5599 6147 5413 6209 5471 6342 5600 6266 5528 6268 5530 6208 5527 6146 5411 6342 5600 6343 5601 6269 5531 6268 5530 6336 5594 6273 5535 6343 5601 6344 5602 6211 5472 6269 5531 6210 5473 6274 5536 6344 5602 6345 5603 6147 5413 6211 5472 6209 5471 6275 5537 6345 5603 6346 5604 6146 5411 6147 5413 6342 5600 6276 5538 6346 5604 6347 5605 6146 5411 6343 5601 6273 5535 6277 5539 6347 5605 6348 5606 6273 5535 6344 5602 6274 5536 6278 5540 6348 5606 6349 5607 6274 5536 6345 5603 6275 5537 6279 5541 6349 5607 6350 5608 6275 5537 6346 5604 6276 5538 6280 5542 6350 5608 6351 5609 6276 5538 6347 5605 6277 5539 6281 5543 6351 5609 6352 5610 6348 5606 6278 5540 6277 5539 6282 5544 6352 5610 6353 5611 6349 5607 6279 5541 6278 5540 6283 5545 6353 5611 6102 5368 6350 5608 6280 5542 6279 5541 6351 5609 6281 5543 6280 5542 6354 5612 6355 5613 6285 5547 6282 5544 6281 5543 6352 5610 6283 5545 6282 5544 6353 5611 6105 5371 6104 5369 6164 5428 6103 5370 6283 5545 6102 5368 6356 5614 6357 5615 6287 5616 6049 5310 6165 5429 6358 5617 6105 5371 6103 5370 6104 5369 6050 5311 6358 5617 6289 5618 6107 5373 6105 5371 6164 5428 6292 5550 6168 5431 6291 5548 6049 5310 6107 5373 6165 5429 6293 5551 6169 5433 6292 5550 6049 5310 6358 5617 6050 5311 6290 5549 6170 5434 6293 5551 6050 5311 6289 5618 6232 5494 6288 5619 6291 5548 6232 5494 6291 5548 6359 5620 6292 5550 6360 5621 4193 2883 4207 2868 4188 2864 6056 2866 4190 2865 6296 5497 6295 5553 6297 5622 6295 5553 6296 5497 4187 2863 6297 5622 6361 5623 6235 5498 6297 5622 6235 5498 6296 5497 6237 5554 6361 5623 6299 5624 6235 5498 6361 5623 6237 5554 6299 5624 6298 5555 6237 5554 6238 5556 6299 5624 6300 5625 6300 5625 6364 5626 6301 5502 6299 5624 6238 5556 6298 5555 6300 5625 6301 5502 6238 5556 6240 5503 6364 5626 6302 5627 6365 5628 6366 5629 6302 5627 6364 5626 6240 5503 6301 5502 6242 5557 6302 5627 6366 5629 6242 5557 6366 5629 6304 5559 6240 5503 6302 5627 6242 5557 6304 5559 6303 5558 6242 5557 6244 5561 6305 5560 6307 5630 6305 5560 6244 5561 6303 5558 6307 5630 6306 5562 6244 5561 6306 5562 6307 5630 6308 5631 6308 5631 6245 5563 6306 5562 6309 5564 6308 5631 6310 5632 6308 5631 6309 5564 6245 5563 6247 5565 6310 5632 6311 5566 6310 5632 6247 5565 6309 5564 6312 5567 6313 5568 6247 5565 6313 5568 6312 5567 6315 5633 6371 5634 6372 5635 6315 5633 6314 5569 6315 5633 6372 5635 6315 5633 6314 5569 6313 5568 6249 5570 6372 5635 6317 5572 6372 5635 6249 5570 6314 5569 6373 5636 6374 5637 6318 5573 6319 5574 6318 5573 6374 5637 6317 5572 6316 5571 6249 5570 6251 5575 6374 5637 6375 5638 6318 5573 6319 5574 6316 5571 6320 5576 6375 5638 6323 5578 6376 5639 6377 5640 6322 5579 6374 5637 6251 5575 6319 5574 6324 5580 6322 5579 6377 5640 6255 5518 6377 5640 6378 5641 6375 5638 6320 5576 6251 5575 6254 5516 6378 5641 6379 5642 6323 5578 6321 5577 6320 5576 6325 5581 6379 5642 6326 5582 6322 5579 6324 5580 6321 5577 6380 5643 6328 5583 6381 5644 6377 5640 6255 5518 6324 5580 6329 5585 6328 5583 6380 5643 6378 5641 6254 5516 6255 5518 6260 5523 6380 5643 6382 5645 6379 5642 6325 5581 6254 5516 6259 5521 6382 5645 6383 5646 6326 5582 6327 5584 6325 5581 6330 5586 6383 5646 6331 5587 6329 5585 6327 5584 6328 5583 6384 5647 6385 5592 6333 5588 6380 5643 6260 5523 6329 5585 6334 5590 6333 5588 6385 5592 6382 5645 6259 5521 6260 5523 6383 5646 6330 5586 6259 5521 6332 5589 6330 5586 6331 5587 6333 5588 6334 5590 6332 5589 6385 5592 6264 5591 6334 5590 6267 5529 6335 5593 6338 5595 6387 5648 6389 5649 6388 5650 6335 5593 6267 5529 6264 5591 6210 5473 6337 5596 6390 5651 6209 5471 6390 5651 6339 5597 6266 5528 6267 5529 6338 5595 6342 5600 6339 5597 6340 5599 6336 5594 6266 5528 6338 5595 6343 5601 6340 5599 6270 5532 6210 5473 6336 5594 6337 5596 6344 5602 6270 5532 6271 5534 6209 5471 6210 5473 6390 5651 6345 5603 6271 5534 6391 5652 6342 5600 6209 5471 6339 5597 6346 5604 6391 5652 6392 5653 6343 5601 6342 5600 6340 5599 6347 5605 6392 5653 6393 5654 6343 5601 6270 5532 6344 5602 6348 5606 6393 5654 6394 5655 6344 5602 6271 5534 6345 5603 6349 5607 6394 5655 6395 5656 6346 5604 6345 5603 6391 5652 6350 5608 6395 5656 6396 5657 6346 5604 6392 5653 6347 5605 6351 5609 6396 5657 6397 5658 6347 5605 6393 5654 6348 5606 6352 5610 6397 5658 6159 5425 6348 5606 6394 5655 6349 5607 6353 5611 6159 5425 6160 5424 6395 5656 6350 5608 6349 5607 6396 5657 6351 5609 6350 5608 6355 5613 6399 5659 6398 5660 6352 5610 6351 5609 6397 5658 6104 5369 6162 5426 6229 5492 6353 5611 6352 5610 6159 5425 6104 5369 6229 5492 6230 5491 6102 5368 6353 5611 6160 5424 6357 5615 6401 5661 6400 5662 6165 5429 6231 5493 6402 5663 6104 5369 6102 5368 6162 5426 6358 5617 6402 5663 6289 5618 6288 5619 6232 5494 6289 5618 6164 5428 6104 5369 6230 5491 6359 5620 6291 5548 6288 5619 6164 5428 6231 5493 6165 5429 6293 5551 6292 5550 6359 5620 6402 5663 6358 5617 6165 5429 6290 5549 6403 5664 6404 5665 6403 5664 6290 5549 6293 5551 6405 5666 6293 5551 6359 5620 4411 3083 6109 5375 6404 5665 6290 5549 6404 5665 6109 5375 6294 5552 4196 2871 6055 5317 4200 2879 6234 5262 4192 2869 4196 2871 4189 2867 6056 2866 6406 5667 6295 5553 4190 2865 4189 2867 6406 5667 4190 2865 6297 5622 6295 5553 6407 5668 6406 5667 6407 5668 6295 5553 6362 5669 6361 5623 6297 5622 6407 5668 6362 5669 6297 5622 6410 5670 6299 5624 6361 5623 6361 5623 6362 5669 6410 5670 6300 5625 6299 5624 6363 5671 6410 5670 6363 5671 6299 5624 6412 5672 6364 5626 6300 5625 6363 5671 6412 5672 6300 5625 6413 5673 6302 5627 6364 5626 6412 5672 6413 5673 6364 5626 6471 5674 6415 5675 6365 5628 6413 5673 6365 5628 6302 5627 6415 5675 6304 5559 6366 5629 6415 5675 6305 5560 6304 5559 6366 5629 6365 5628 6415 5675 6415 5675 6367 5676 6305 5560 6416 5677 6307 5630 6305 5560 6367 5676 6416 5677 6305 5560 6308 5631 6307 5630 6368 5678 6417 5679 6418 5680 6368 5678 6416 5677 6368 5678 6307 5630 6308 5631 6368 5678 6418 5680 6419 5681 6310 5632 6308 5631 6418 5680 6419 5681 6308 5631 6311 5566 6310 5632 6420 5682 6419 5681 6369 5683 6310 5632 6369 5683 6420 5682 6310 5632 6370 5684 6312 5567 6311 5566 6420 5682 6370 5684 6311 5566 6423 5685 6315 5633 6312 5567 6312 5567 6370 5684 6423 5685 6425 5686 6317 5572 6372 5635 6423 5685 6371 5634 6315 5633 6426 5687 6318 5573 6317 5572 6372 5635 6371 5634 6425 5686 6427 5688 6428 5689 6373 5636 6425 5686 6426 5687 6317 5572 6428 5689 6375 5638 6374 5637 6426 5687 6373 5636 6318 5573 6429 5690 6323 5578 6375 5638 6430 5691 6322 5579 6323 5578 6373 5636 6428 5689 6374 5637 6378 5641 6377 5640 6431 5692 6428 5689 6429 5690 6375 5638 6432 5693 6434 5694 6433 5695 6429 5690 6430 5691 6323 5578 6433 5695 6379 5642 6378 5641 6430 5691 6376 5639 6322 5579 6434 5694 6326 5582 6379 5642 6376 5639 6431 5692 6377 5640 6435 5696 6328 5583 6326 5582 6431 5692 6433 5695 6378 5641 6382 5645 6380 5643 6436 5697 6433 5695 6434 5694 6379 5642 6437 5698 6439 5699 6438 5700 6434 5694 6435 5696 6326 5582 6438 5700 6383 5646 6382 5645 6435 5696 6381 5644 6328 5583 6439 5699 6331 5587 6383 5646 6381 5644 6436 5697 6380 5643 6384 5647 6333 5588 6331 5587 6436 5697 6438 5700 6382 5645 6438 5700 6439 5699 6383 5646 6439 5699 6384 5647 6331 5587 6386 5701 6335 5593 6385 5592 6441 5702 6385 5592 6384 5647 6442 5703 6443 5704 6386 5701 6386 5701 6338 5595 6335 5593 6441 5702 6386 5701 6385 5592 6444 5705 6337 5596 6338 5595 6387 5648 6390 5651 6337 5596 6386 5701 6443 5704 6338 5595 6388 5650 6339 5597 6390 5651 6444 5705 6338 5595 6443 5704 6445 5706 6447 5707 6446 5708 6387 5648 6337 5596 6444 5705 6448 5709 6270 5532 6340 5599 6388 5650 6390 5651 6387 5648 6449 5710 6451 5711 6450 5712 6341 5598 6339 5597 6388 5650 6452 5713 6391 5652 6271 5534 6448 5709 6340 5599 6341 5598 6215 5478 6392 5653 6391 5652 6272 5533 6270 5532 6448 5709 6216 5477 6393 5654 6392 5653 6452 5713 6271 5534 6272 5533 6453 5714 6394 5655 6393 5654 6391 5652 6452 5713 6215 5478 6454 5715 6395 5656 6394 5655 6216 5477 6392 5653 6215 5478 5910 5166 6396 5657 6395 5656 6393 5654 6216 5477 6453 5714 5604 4862 6397 5658 6396 5657 6394 5655 6453 5714 6454 5715 5605 4861 6159 5425 6397 5658 6395 5656 6454 5715 5910 5166 6455 5716 6457 5717 6456 5718 6396 5657 5910 5166 5604 4862 6398 5660 6458 5719 6456 5718 5604 4862 5605 4861 6397 5658 6161 5720 6162 5426 6160 5424 6284 5546 6229 5492 6162 5426 5605 4861 6161 5720 6160 5424 6461 5721 6231 5493 6230 5491 6284 5546 6162 5426 6161 5720 6286 5722 6402 5663 6231 5493 6284 5546 6228 5490 6229 5492 6287 5616 6289 5618 6402 5663 6230 5491 6228 5490 6461 5721 6461 5721 6286 5722 6231 5493 6287 5616 6402 5663 6286 5722 6403 5664 6293 5551 6405 5666 6289 5618 6287 5616 6462 5723 6462 5723 6463 5724 6288 5619 6359 5620 6463 5724 6405 5666 6464 5725 4210 2889 4211 2882 4196 2871 5997 2876 4194 2872 4189 2867 6465 5726 6406 5667 4194 2872 6465 5726 4189 2867 6407 5668 6406 5667 6408 5727 6465 5726 6408 5727 6406 5667 6362 5669 6407 5668 6466 5728 6407 5668 6408 5727 6466 5728 6466 5728 6410 5670 6362 5669 6466 5728 6409 5729 6410 5670 6363 5671 6410 5670 6409 5729 6363 5671 6411 5730 6412 5672 6409 5729 6411 5730 6363 5671 6412 5672 6411 5730 6469 5731 6413 5673 6412 5672 6469 5731 6471 5674 6414 5732 6472 5733 6469 5731 6414 5732 6413 5673 6365 5628 6413 5673 6414 5732 6414 5732 6471 5674 6365 5628 6474 5734 6473 5735 6475 5736 6367 5676 6415 5675 6473 5735 6471 5674 6473 5735 6415 5675 6416 5677 6367 5676 6474 5734 6473 5735 6474 5734 6367 5676 6368 5678 6416 5677 6476 5737 6474 5734 6476 5737 6416 5677 6476 5737 6417 5679 6368 5678 6419 5681 6418 5680 6417 5679 6369 5683 6419 5681 6478 5738 6419 5681 6417 5679 6478 5738 6420 5682 6369 5683 6478 5738 6420 5682 6480 5739 6370 5684 6478 5738 6421 5740 6420 5682 6421 5740 6480 5739 6420 5682 6422 5741 6423 5685 6370 5684 6481 5742 6422 5741 6482 5743 6480 5739 6422 5741 6370 5684 6371 5634 6423 5685 6481 5742 6424 5744 6425 5686 6371 5634 6422 5741 6481 5742 6423 5685 6425 5686 6483 5745 6426 5687 6484 5746 6483 5745 6485 5747 6481 5742 6424 5744 6371 5634 6373 5636 6426 5687 6484 5746 6425 5686 6424 5744 6483 5745 6428 5689 6487 5748 6429 5690 6483 5745 6484 5746 6426 5687 6488 5749 6490 5750 6489 5751 6484 5746 6486 5752 6373 5636 6430 5691 6429 5690 6490 5750 6486 5752 6427 5688 6373 5636 6376 5639 6430 5691 6488 5749 6427 5688 6487 5748 6428 5689 6431 5692 6376 5639 6491 5753 6429 5690 6487 5748 6490 5750 6492 5754 6433 5695 6431 5692 6490 5750 6488 5749 6430 5691 6434 5694 6493 5755 6435 5696 6488 5749 6491 5753 6376 5639 6494 5756 6496 5757 6495 5758 6491 5753 6492 5754 6431 5692 6381 5644 6435 5696 6496 5757 6492 5754 6432 5693 6433 5695 6436 5697 6381 5644 6494 5756 6434 5694 6432 5693 6493 5755 6497 5759 6438 5700 6436 5697 6493 5755 6496 5757 6435 5696 6496 5757 6494 5756 6381 5644 6384 5647 6439 5699 6498 5760 6494 5756 6497 5759 6436 5697 6497 5759 6437 5698 6438 5700 6441 5702 6384 5647 6440 5761 6437 5698 6498 5760 6439 5699 6441 5702 6440 5761 6386 5701 6498 5760 6440 5761 6384 5647 6502 5762 6504 5763 6503 5764 6440 5761 6500 5765 6386 5701 6444 5705 6443 5704 6504 5763 6387 5648 6444 5705 6502 5762 6442 5703 6386 5701 6500 5765 6505 5766 6507 5767 6506 5768 6442 5703 6504 5763 6443 5704 6341 5598 6388 5650 6508 5769 6504 5763 6502 5762 6444 5705 6509 5770 6448 5709 6341 5598 6389 5649 6387 5648 6502 5762 6272 5533 6448 5709 6510 5771 6389 5649 6508 5769 6388 5650 6511 5772 6452 5713 6272 5533 6509 5770 6341 5598 6508 5769 6215 5478 6452 5713 6512 5773 6510 5771 6448 5709 6509 5770 6513 5774 6515 5775 6514 5776 6511 5772 6272 5533 6510 5771 6453 5714 6216 5477 6516 5777 6512 5773 6452 5713 6511 5772 6454 5715 6453 5714 6517 5778 6215 5478 6512 5773 6214 5476 5910 5166 6454 5715 6518 5779 6516 5777 6216 5477 6214 5476 6519 5780 6521 5781 6520 5782 6453 5714 6516 5777 6517 5778 6522 5783 6524 5784 6523 5785 6454 5715 6517 5778 6518 5779 6525 5786 6526 5787 6457 5717 6518 5779 5909 5165 5910 5166 6161 5720 5605 4861 6527 5788 5909 5165 5603 4860 5604 4862 6284 5546 6161 5720 6354 5612 5603 4860 6527 5788 5605 4861 6460 5789 6529 5790 6528 5791 6461 5721 6228 5490 6530 5792 6527 5788 6354 5612 6161 5720 6286 5722 6461 5721 6356 5614 6354 5612 6285 5547 6284 5546 6531 5793 6462 5723 6287 5616 6285 5547 6530 5792 6228 5490 6462 5723 6288 5619 6289 5618 6356 5614 6461 5721 6530 5792 6463 5724 6359 5620 6288 5619 6287 5616 6286 5722 6356 5614 6403 5664 6532 5794 6404 5665 6532 5794 6403 5664 6405 5666 6533 5795 6532 5794 6405 5666 4195 2877 5997 2876 4200 2879 6465 5726 4194 2872 6534 5796 4195 2877 6534 5796 4194 2872 6465 5726 6535 5797 6408 5727 6465 5726 6534 5796 6535 5797 6467 5798 6466 5728 6408 5727 6535 5797 6467 5798 6408 5727 6409 5729 6466 5728 6537 5799 6466 5728 6467 5798 6537 5799 6409 5729 6468 5800 6411 5730 6539 5801 6468 5800 6540 5802 6537 5799 6468 5800 6409 5729 6539 5801 6469 5731 6411 5730 6411 5730 6468 5800 6539 5801 6414 5732 6469 5731 6470 5803 6469 5731 6539 5801 6470 5803 6470 5803 6472 5733 6414 5732 6473 5735 6471 5674 6543 5804 6471 5674 6472 5733 6542 5805 6542 5805 6543 5804 6471 5674 6473 5735 6543 5804 6475 5736 6476 5737 6474 5734 6545 5806 6475 5736 6545 5806 6474 5734 6417 5679 6476 5737 6545 5806 6545 5806 6477 5807 6417 5679 6479 5808 6478 5738 6417 5679 6477 5807 6479 5808 6417 5679 6421 5740 6478 5738 6546 5809 6480 5739 6421 5740 6548 5810 6478 5738 6479 5808 6546 5809 6546 5809 6548 5810 6421 5740 6422 5741 6480 5739 6549 5811 6480 5739 6548 5810 6549 5811 6552 5812 6551 5813 6553 5814 6549 5811 6482 5743 6422 5741 6424 5744 6481 5742 6551 5813 6481 5742 6482 5743 6551 5813 6552 5812 6483 5745 6424 5744 6551 5813 6552 5812 6424 5744 6484 5746 6554 5815 6486 5752 6555 5816 6557 5817 6556 5818 6552 5812 6485 5747 6483 5745 6427 5688 6486 5752 6557 5817 6487 5748 6427 5688 6555 5816 6484 5746 6485 5747 6554 5815 6558 5819 6490 5750 6487 5748 6554 5815 6557 5817 6486 5752 6488 5749 6559 5820 6491 5753 6557 5817 6555 5816 6427 5688 6560 5821 6562 5822 6561 5823 6555 5816 6558 5819 6487 5748 6492 5754 6491 5753 6562 5822 6558 5819 6489 5751 6490 5750 6432 5693 6492 5754 6560 5821 6488 5749 6489 5751 6559 5820 6563 5824 6493 5755 6432 5693 6491 5753 6559 5820 6562 5822 6564 5825 6496 5757 6493 5755 6562 5822 6560 5821 6492 5754 6565 5826 6567 5827 6566 5828 6560 5821 6563 5824 6432 5693 6497 5759 6494 5756 6567 5827 6563 5824 6564 5825 6493 5755 6437 5698 6497 5759 6565 5826 6496 5757 6564 5825 6495 5758 6568 5829 6498 5760 6437 5698 6495 5758 6567 5827 6494 5756 6498 5760 6569 5830 6440 5761 6567 5827 6565 5826 6497 5759 6565 5826 6568 5829 6437 5698 6568 5829 6499 5831 6498 5760 6498 5760 6499 5831 6569 5830 6501 5832 6500 5765 6440 5761 6442 5703 6500 5765 6570 5833 6569 5830 6501 5832 6440 5761 6570 5833 6504 5763 6442 5703 6572 5834 6574 5835 6573 5836 6501 5832 6570 5833 6500 5765 6389 5649 6502 5762 6575 5837 6576 5838 6508 5769 6389 5649 6570 5833 6503 5764 6504 5763 6509 5770 6508 5769 6506 5768 6503 5764 6575 5837 6502 5762 6507 5767 6510 5771 6509 5770 6576 5838 6389 5649 6575 5837 6511 5772 6510 5771 6447 5707 6576 5838 6506 5768 6508 5769 6445 5706 6512 5773 6511 5772 6507 5767 6509 5770 6506 5768 6214 5476 6512 5773 6577 5839 6507 5767 6447 5707 6510 5771 6578 5840 6516 5777 6214 5476 6445 5706 6511 5772 6447 5707 6517 5778 6516 5777 6579 5841 6577 5839 6512 5773 6445 5706 6518 5779 6517 5778 6580 5842 6214 5476 6577 5839 6578 5840 5909 5165 6518 5779 6581 5843 6516 5777 6578 5840 6579 5841 5603 4860 5909 5165 6582 5844 6517 5778 6579 5841 6580 5842 6518 5779 6580 5842 6581 5843 6527 5788 5603 4860 6583 5845 6581 5843 6582 5844 5909 5165 6399 5659 6354 5612 6527 5788 6582 5844 6583 5845 5603 4860 6585 5846 6587 5847 6586 5848 6583 5845 6584 5849 6527 5788 6530 5792 6285 5547 6588 5850 6584 5849 6399 5659 6527 5788 6356 5614 6530 5792 6401 5661 6399 5659 6355 5613 6354 5612 6589 5851 6531 5793 6590 5852 6588 5850 6285 5547 6355 5613 6401 5661 6530 5792 6588 5850 6356 5614 6401 5661 6357 5615 6533 5795 6405 5666 6463 5724 6357 5615 6531 5793 6287 5616 6462 5723 6531 5793 6589 5851 6589 5851 6533 5795 6463 5724 4191 2870 4192 2869 6233 5495 4192 2869 6592 2878 4200 2879 4195 2877 6593 5853 6534 5796 4195 2877 6592 2878 6593 5853 6536 5854 6535 5797 6534 5796 6593 5853 6536 5854 6534 5796 6595 5855 6536 5854 6596 5856 6467 5798 6535 5797 6536 5854 6595 5855 6537 5799 6467 5798 6467 5798 6536 5854 6595 5855 6468 5800 6537 5799 6538 5857 6537 5799 6595 5855 6538 5857 6538 5857 6540 5802 6468 5800 6598 5858 6470 5803 6539 5801 6539 5801 6540 5802 6598 5858 6470 5803 6541 5859 6472 5733 6600 5860 6541 5859 6601 5861 6470 5803 6598 5858 6541 5859 6600 5860 6542 5805 6472 5733 6541 5859 6600 5860 6472 5733 6542 5805 6602 5862 6543 5804 6542 5805 6600 5860 6602 5862 6602 5862 6475 5736 6543 5804 6475 5736 6544 5863 6545 5806 6602 5862 6544 5863 6475 5736 6545 5806 6544 5863 6604 5864 6477 5807 6545 5806 6605 5865 6545 5806 6604 5864 6605 5865 6477 5807 6606 5866 6479 5808 6477 5807 6605 5865 6606 5866 6547 5867 6546 5809 6479 5808 6546 5809 6608 5868 6548 5810 6606 5866 6547 5867 6479 5808 6550 5869 6608 5868 6674 5870 6546 5809 6547 5867 6608 5868 6550 5869 6549 5811 6548 5810 6608 5868 6550 5869 6548 5810 6482 5743 6549 5811 6609 5871 6611 5872 6551 5813 6482 5743 6549 5811 6550 5869 6609 5871 6609 5871 6611 5872 6482 5743 6485 5747 6552 5812 6612 5873 6551 5813 6611 5872 6553 5814 6614 5874 6554 5815 6485 5747 6552 5812 6553 5814 6612 5873 6615 5875 6557 5817 6554 5815 6555 5816 6616 5876 6558 5819 6612 5873 6614 5874 6485 5747 6617 5877 6619 5878 6618 5879 6554 5815 6614 5874 6615 5875 6489 5751 6558 5819 6619 5878 6557 5817 6615 5875 6556 5818 6617 5877 6559 5820 6489 5751 6555 5816 6556 5818 6616 5876 6620 5880 6562 5822 6559 5820 6616 5876 6619 5878 6558 5819 6560 5821 6621 5881 6563 5824 6619 5878 6617 5877 6489 5751 6622 5882 6624 5883 6623 5884 6617 5877 6620 5880 6559 5820 6564 5825 6563 5824 6624 5883 6562 5822 6620 5880 6561 5823 6622 5882 6495 5758 6564 5825 6560 5821 6561 5823 6621 5881 6625 5885 6567 5827 6495 5758 6621 5881 6624 5883 6563 5824 6565 5826 6626 5886 6568 5829 6624 5883 6622 5882 6564 5825 6627 5887 6629 5888 6628 5889 6622 5882 6625 5885 6495 5758 6499 5831 6568 5829 6629 5888 6567 5827 6625 5885 6566 5828 6627 5887 6569 5830 6499 5831 6565 5826 6566 5828 6626 5886 6626 5886 6629 5888 6568 5829 6629 5888 6627 5887 6499 5831 6501 5832 6569 5830 6630 5890 6571 5891 6570 5833 6501 5832 6627 5887 6630 5890 6569 5830 6632 5892 6634 5893 6633 5894 6635 5895 6503 5764 6570 5833 6501 5832 6630 5890 6571 5891 6636 5896 6575 5837 6503 5764 6576 5838 6575 5837 6573 5836 6571 5891 6635 5895 6570 5833 6574 5835 6506 5768 6576 5838 6635 5895 6636 5896 6503 5764 6637 5897 6639 5898 6638 5899 6636 5896 6573 5836 6575 5837 6640 5900 6447 5707 6507 5767 6574 5835 6576 5838 6573 5836 6641 5901 6643 5902 6642 5903 6574 5835 6505 5766 6506 5768 6644 5904 6577 5839 6445 5706 6640 5900 6507 5767 6505 5766 6578 5840 6577 5839 6645 5905 6640 5900 6446 5708 6447 5707 6646 5906 6579 5841 6578 5840 6644 5904 6445 5706 6446 5708 6647 5907 6580 5842 6579 5841 6645 5905 6577 5839 6644 5904 6648 5908 6581 5843 6580 5842 6578 5840 6645 5905 6646 5906 6582 5844 6581 5843 6648 5908 6579 5841 6646 5906 6647 5907 6580 5842 6647 5907 6648 5908 6583 5845 6582 5844 6649 5909 6650 5910 6584 5849 6583 5845 6582 5844 6648 5908 6649 5909 6458 5719 6399 5659 6584 5849 6585 5846 6652 5911 6651 5912 6649 5909 6650 5910 6583 5845 6588 5850 6355 5613 6653 5913 6650 5910 6458 5719 6584 5849 6654 5914 6401 5661 6588 5850 6458 5719 6398 5660 6399 5659 6398 5660 6653 5913 6355 5613 6588 5850 6653 5913 6654 5914 6589 5851 6463 5724 6462 5723 6654 5914 6400 5662 6401 5661 6400 5662 6531 5793 6357 5615 6591 5915 6532 5794 6533 5795 6404 5665 6532 5794 6657 5916 6591 5915 6657 5916 6532 5794 6533 5795 6656 5917 6591 5915 4411 3083 6404 5665 6657 5916 4207 2868 4201 2880 4192 2869 6658 5918 6593 5853 6592 2878 6592 2878 4201 2880 6658 5918 6593 5853 6594 5919 6536 5854 6593 5853 6658 5918 6594 5919 6594 5919 6596 5856 6536 5854 6660 5920 6538 5857 6595 5855 6595 5855 6596 5856 6660 5920 6538 5857 6597 5921 6540 5802 6662 5922 6597 5921 6723 5923 6538 5857 6660 5920 6597 5921 6662 5922 6598 5858 6540 5802 6540 5802 6597 5921 6662 5922 6599 5924 6541 5859 6598 5858 6598 5858 6662 5922 6599 5924 6599 5924 6601 5861 6541 5859 6665 5925 6664 5926 6666 5927 6665 5925 6602 5862 6600 5860 6600 5860 6601 5861 6664 5926 6664 5926 6665 5925 6600 5860 6602 5862 6603 5928 6544 5863 6667 5929 6603 5928 6731 5930 6602 5862 6665 5925 6603 5928 6667 5929 6604 5864 6544 5863 6603 5928 6667 5929 6544 5863 6669 5931 6668 5932 6733 5933 6604 5864 6667 5929 6668 5932 6669 5931 6605 5865 6604 5864 6668 5932 6669 5931 6604 5864 6607 5934 6606 5866 6605 5865 6669 5931 6607 5934 6605 5865 6547 5867 6606 5866 6671 5935 6673 5936 6608 5868 6547 5867 6606 5866 6607 5934 6671 5935 6671 5935 6673 5936 6547 5867 6608 5868 6673 5936 6674 5870 6610 5937 6609 5871 6550 5869 6609 5871 6676 5938 6611 5872 6677 5939 6676 5938 6678 5940 6550 5869 6674 5870 6610 5937 6677 5939 6553 5814 6611 5872 6609 5871 6610 5937 6676 5938 6613 5941 6612 5873 6553 5814 6676 5938 6677 5939 6611 5872 6612 5873 6679 5942 6614 5874 6680 5943 6682 5944 6681 5945 6553 5814 6677 5939 6613 5941 6682 5944 6615 5875 6614 5874 6680 5943 6556 5818 6615 5875 6612 5873 6613 5941 6679 5942 6683 5946 6616 5876 6556 5818 6614 5874 6679 5942 6682 5944 6684 5947 6619 5878 6616 5876 6682 5944 6680 5943 6615 5875 6685 5948 6687 5949 6686 5950 6556 5818 6680 5943 6683 5946 6620 5880 6617 5877 6687 5949 6616 5876 6683 5946 6684 5947 6685 5948 6561 5823 6620 5880 6619 5878 6684 5947 6618 5879 6688 5951 6621 5881 6561 5823 6617 5877 6618 5879 6687 5949 6689 5952 6624 5883 6621 5881 6687 5949 6685 5948 6620 5880 6622 5882 6690 5953 6625 5885 6685 5948 6688 5951 6561 5823 6691 5954 6693 5955 6692 5956 6621 5881 6688 5951 6689 5952 6693 5955 6566 5828 6625 5885 6624 5883 6689 5952 6623 5884 6691 5954 6626 5886 6566 5828 6622 5882 6623 5884 6690 5953 6628 5889 6629 5888 6626 5886 6690 5953 6693 5955 6625 5885 6693 5955 6691 5954 6566 5828 6626 5886 6691 5954 6628 5889 6694 5957 6630 5890 6627 5887 6628 5889 6694 5957 6627 5887 6696 5958 6631 5959 6697 5960 6631 5959 6571 5891 6630 5890 6630 5890 6694 5957 6631 5959 6698 5961 6635 5895 6571 5891 6633 5894 6636 5896 6635 5895 6631 5959 6696 5958 6571 5891 6634 5893 6573 5836 6636 5896 6696 5958 6698 5961 6571 5891 6699 5962 6701 5963 6700 5964 6698 5961 6633 5894 6635 5895 6702 5965 6505 5766 6574 5835 6633 5894 6634 5893 6636 5896 6703 5966 6640 5900 6505 5766 6634 5893 6572 5834 6573 5836 6704 5967 6446 5708 6640 5900 6572 5834 6702 5965 6574 5835 6705 5968 6644 5904 6446 5708 6702 5965 6703 5966 6505 5766 6706 5969 6645 5905 6644 5904 6704 5967 6640 5900 6703 5966 6646 5906 6645 5905 6707 5970 6704 5967 6705 5968 6446 5708 6708 5971 6647 5907 6646 5906 6706 5969 6644 5904 6705 5968 6709 5972 6648 5908 6647 5907 6707 5970 6645 5905 6706 5969 6708 5971 6646 5906 6707 5970 6710 5973 6649 5909 6648 5908 6647 5907 6708 5971 6709 5972 6712 5974 6650 5910 6649 5909 6648 5908 6709 5972 6710 5973 6455 5716 6458 5719 6650 5910 6649 5909 6710 5973 6711 5975 6713 5976 6715 5977 6714 5978 6711 5975 6712 5974 6649 5909 6716 5979 6653 5913 6398 5660 6712 5974 6455 5716 6650 5910 6717 5980 6654 5914 6653 5913 6458 5719 6455 5716 6456 5718 6459 5981 6400 5662 6654 5914 6456 5718 6716 5979 6398 5660 6460 5789 6531 5793 6400 5662 6716 5979 6717 5980 6653 5913 6717 5980 6459 5981 6654 5914 6656 5917 6533 5795 6589 5851 6460 5789 6400 5662 6459 5981 6531 5793 6460 5789 6590 5852 6590 5852 6656 5917 6589 5851 4202 2881 4193 2883 6360 5621 4193 2883 4203 2887 4207 2868 4203 2887 6658 5918 4201 2880 6719 5982 6594 5919 6658 5918 6658 5918 4203 2887 6719 5982 6594 5919 6659 5983 6596 5856 6594 5919 6719 5982 6659 5983 6596 5856 6659 5983 6721 5984 6721 5984 6660 5920 6596 5856 6722 5985 6723 5923 6661 5986 6660 5920 6721 5984 6661 5986 6661 5986 6597 5921 6660 5920 6661 5986 6723 5923 6597 5921 6662 5922 6723 5923 6724 5987 6724 5987 6599 5924 6662 5922 6599 5924 6663 5988 6601 5861 6599 5924 6724 5987 6663 5988 6601 5861 6663 5988 6726 5989 6728 5990 6664 5926 6601 5861 6601 5861 6726 5989 6728 5990 6730 5991 6731 5930 6729 5992 6664 5926 6728 5990 6666 5927 6729 5992 6603 5928 6665 5925 6665 5925 6666 5927 6729 5992 6729 5992 6731 5930 6603 5928 6667 5929 6731 5930 6732 5993 6732 5993 6668 5932 6667 5929 6668 5932 6732 5993 6733 5933 6669 5931 6733 5933 6670 5994 6669 5931 6734 5995 6607 5934 6669 5931 6670 5994 6734 5995 6672 5996 6671 5935 6607 5934 6671 5935 6672 5996 6673 5936 6607 5934 6734 5995 6672 5996 6796 5997 6675 5998 6672 5996 6675 5998 6674 5870 6673 5936 6673 5936 6672 5996 6675 5998 6737 5999 6610 5937 6674 5870 6738 6000 6676 5938 6610 5937 6674 5870 6675 5998 6737 5999 6610 5937 6737 5999 6738 6000 6739 6001 6613 5941 6677 5939 6676 5938 6738 6000 6678 5940 6741 6002 6679 5942 6613 5941 6677 5939 6678 5940 6739 6001 6742 6003 6682 5944 6679 5942 6680 5943 6743 6004 6683 5946 6613 5941 6739 6001 6741 6002 6744 6005 6746 6006 6745 6007 6679 5942 6741 6002 6742 6003 6745 6007 6684 5947 6683 5946 6682 5944 6742 6003 6681 5945 6746 6006 6618 5879 6684 5947 6680 5943 6681 5945 6743 6004 6747 6008 6687 5949 6618 5879 6743 6004 6745 6007 6683 5946 6685 5948 6748 6009 6688 5951 6684 5947 6745 6007 6746 6006 6749 6010 6751 6011 6750 6012 6618 5879 6746 6006 6747 6008 6751 6011 6689 5952 6688 5951 6687 5949 6747 6008 6686 5950 6749 6010 6623 5884 6689 5952 6685 5948 6686 5950 6748 6009 6752 6013 6690 5953 6623 5884 6688 5951 6748 6009 6751 6011 6753 6014 6693 5955 6690 5953 6751 6011 6749 6010 6689 5952 6623 5884 6749 6010 6752 6013 6754 6015 6628 5889 6691 5954 6690 5953 6752 6013 6753 6014 6693 5955 6753 6014 6692 5956 6695 6016 6694 5957 6628 5889 6692 5956 6754 6015 6691 5954 6628 5889 6754 6015 6695 6016 6756 6017 6631 5959 6694 5957 6695 6016 6756 6017 6694 5957 6758 6018 6697 5960 6759 6019 6697 5960 6698 5961 6696 5958 6758 6018 6633 5894 6698 5961 6756 6017 6697 5960 6631 5959 6760 6020 6762 6021 6761 6022 6763 6023 6572 5834 6634 5893 6698 5961 6697 5960 6758 6018 6764 6024 6702 5965 6572 5834 6758 6018 6632 5892 6633 5894 6700 5964 6703 5966 6702 5965 6632 5892 6763 6023 6634 5893 6701 5963 6704 5967 6703 5966 6763 6023 6764 6024 6572 5834 6637 5897 6705 5968 6704 5967 6764 6024 6700 5964 6702 5965 6638 5899 6706 5969 6705 5968 6700 5964 6701 5963 6703 5966 6765 6025 6707 5970 6706 5969 6637 5897 6704 5967 6701 5963 6451 5711 6708 5971 6707 5970 6637 5897 6638 5899 6705 5968 6449 5710 6709 5972 6708 5971 6765 6025 6706 5969 6638 5899 6451 5711 6707 5970 6765 6025 6766 6026 6710 5973 6709 5972 6449 5710 6708 5971 6451 5711 6767 6027 6711 5975 6710 5973 6766 6026 6709 5972 6449 5710 6768 6028 6712 5974 6711 5975 6525 5786 6455 5716 6712 5974 6767 6027 6710 5973 6766 6026 6769 6029 6771 6030 6770 6031 6711 5975 6767 6027 6768 6028 6772 6032 6716 5979 6456 5718 6712 5974 6768 6028 6525 5786 6773 6033 6717 5980 6716 5979 6455 5716 6525 5786 6457 5717 6529 5790 6459 5981 6717 5980 6456 5718 6457 5717 6772 6032 6716 5979 6772 6032 6773 6033 6529 5790 6717 5980 6773 6033 6459 5981 6529 5790 6460 5789 6718 6034 6591 5915 6656 5917 6718 6034 6657 5916 6591 5915 6656 5917 6655 6035 6718 6034 4203 2887 4211 2882 4208 6036 6776 6037 6719 5982 4203 2887 4203 2887 4208 6036 6776 6037 6659 5983 6719 5982 6720 6038 6719 5982 6776 6037 6720 6038 6778 6039 6721 5984 6659 5983 6659 5983 6720 6038 6778 6039 6779 6040 6661 5986 6721 5984 6721 5984 6778 6039 6779 6040 6661 5986 6779 6040 6722 5985 6781 6041 6724 5987 6723 5923 6723 5923 6722 5985 6781 6041 6663 5988 6724 5987 6725 6042 6725 6042 6784 6043 6783 6044 6724 5987 6781 6041 6725 6042 6727 6045 6726 5989 6663 5988 6663 5988 6725 6042 6785 6046 6726 5989 6786 6047 6728 5990 6663 5988 6785 6046 6727 6045 6788 6048 6666 5927 6728 5990 6726 5989 6727 6045 6786 6047 6788 6048 6729 5992 6666 5927 6788 6048 6728 5990 6786 6047 6729 5992 6788 6048 6730 5991 6790 6049 6732 5993 6731 5930 6731 5930 6730 5991 6790 6049 6733 5933 6732 5993 6791 6050 6732 5993 6790 6049 6791 6050 6791 6050 6670 5994 6733 5933 6670 5994 6791 6050 6793 6051 6793 6051 6734 5995 6670 5994 6672 5996 6734 5995 6735 6052 6734 5995 6793 6051 6735 6052 6796 5997 6672 5996 6735 6052 6675 5998 6796 5997 6797 6053 6736 6054 6737 5999 6675 5998 6737 5999 6799 6055 6738 6000 6799 6055 6801 6056 6800 6057 6675 5998 6797 6053 6736 6054 6802 6058 6678 5940 6738 6000 6737 5999 6736 6054 6799 6055 6740 6059 6739 6001 6678 5940 6738 6000 6799 6055 6802 6058 6739 6001 6803 6060 6741 6002 6804 6061 6806 6062 6805 6063 6678 5940 6802 6058 6740 6059 6804 6061 6742 6003 6741 6002 6807 6064 6681 5945 6742 6003 6739 6001 6740 6059 6803 6060 6808 6065 6743 6004 6681 5945 6741 6002 6803 6060 6804 6061 6809 6066 6745 6007 6743 6004 6742 6003 6804 6061 6807 6064 6747 6008 6746 6006 6810 6067 6681 5945 6807 6064 6808 6065 6811 6068 6813 6069 6812 6070 6743 6004 6808 6065 6809 6066 6813 6069 6686 5950 6747 6008 6745 6007 6809 6066 6744 6005 6814 6071 6748 6009 6686 5950 6746 6006 6744 6005 6810 6067 6815 6072 6751 6011 6748 6009 6747 6008 6810 6067 6813 6069 6749 6010 6816 6073 6752 6013 6686 5950 6813 6069 6814 6071 6817 6074 6819 6075 6818 6076 6748 6009 6814 6071 6815 6072 6819 6075 6753 6014 6752 6013 6751 6011 6815 6072 6750 6012 6820 6077 6692 5956 6753 6014 6749 6010 6750 6012 6816 6073 6755 6078 6754 6015 6692 5956 6752 6013 6816 6073 6819 6075 6695 6016 6754 6015 6821 6079 6753 6014 6819 6075 6820 6077 6692 5956 6820 6077 6755 6078 6757 6080 6756 6017 6695 6016 6755 6078 6821 6079 6754 6015 6823 6081 6825 6082 6824 6083 6695 6016 6821 6079 6757 6080 6825 6082 6697 5960 6756 6017 6826 6084 6828 6085 6827 6086 6756 6017 6757 6080 6825 6082 6828 6085 6632 5892 6758 6018 6829 6087 6763 6023 6632 5892 6825 6082 6759 6019 6697 5960 6760 6020 6764 6024 6763 6023 6758 6018 6759 6019 6828 6085 6830 6088 6700 5964 6764 6024 6828 6085 6829 6087 6632 5892 6829 6087 6760 6020 6763 6023 6833 6089 6637 5897 6701 5963 6760 6020 6830 6088 6764 6024 6834 6090 6836 6091 6835 6092 6830 6088 6699 5962 6700 5964 6837 6093 6765 6025 6638 5899 6699 5962 6833 6089 6701 5963 6450 5712 6451 5711 6765 6025 6639 5898 6637 5897 6833 6089 6838 6094 6840 6095 6839 6096 6639 5898 6837 6093 6638 5899 6841 6097 6766 6026 6449 5710 6837 6093 6450 5712 6765 6025 6842 6098 6767 6027 6766 6026 6841 6097 6449 5710 6450 5712 6843 6099 6768 6028 6767 6027 6844 6100 6525 5786 6768 6028 6842 6098 6766 6026 6841 6097 6845 6101 6847 6102 6846 6103 6767 6027 6842 6098 6843 6099 6848 6104 6772 6032 6457 5717 6768 6028 6843 6099 6844 6100 6849 6105 6773 6033 6772 6032 6525 5786 6844 6100 6526 5787 6586 5848 6529 5790 6773 6033 6848 6104 6457 5717 6526 5787 6850 6106 6851 6107 6775 6108 6772 6032 6848 6104 6849 6105 6852 6109 6590 5852 6460 5789 6773 6033 6849 6105 6586 5848 6655 6035 6656 5917 6590 5852 6529 5790 6586 5848 6528 5791 6528 5791 6852 6109 6460 5789 6852 6109 6655 6035 6590 5852 4212 2890 4210 2889 6464 5725 4211 2882 4203 2887 4193 2883 4208 6036 4211 2882 4209 2888 4209 2888 6855 6110 6776 6037 6776 6037 4208 6036 4209 2888 6720 6038 6855 6110 6777 6111 6855 6110 6720 6038 6776 6037 6777 6111 6857 6112 6778 6039 6858 6113 6857 6112 6920 6114 6778 6039 6720 6038 6777 6111 6779 6040 6857 6112 6780 6115 6779 6040 6778 6039 6857 6112 6722 5985 6780 6115 6782 6116 6722 5985 6779 6040 6780 6115 6782 6116 6860 6117 6781 6041 6781 6041 6722 5985 6782 6116 6725 6042 6860 6117 6784 6043 6860 6117 6725 6042 6781 6041 6783 6044 6862 6118 6785 6046 6863 6119 6862 6118 6864 6120 6785 6046 6725 6042 6783 6044 6727 6045 6862 6118 6865 6121 6862 6118 6727 6045 6785 6046 6786 6047 6865 6121 6787 6122 6786 6047 6727 6045 6865 6121 6866 6123 6868 6124 6867 6125 6788 6048 6786 6047 6787 6122 6788 6048 6787 6122 6868 6124 6730 5991 6868 6124 6789 6126 6868 6124 6730 5991 6788 6048 6789 6126 6869 6127 6790 6049 6790 6049 6730 5991 6789 6126 6791 6050 6869 6127 6792 6128 6791 6050 6790 6049 6869 6127 6791 6050 6792 6128 6794 6129 6793 6051 6791 6050 6794 6129 6794 6129 6872 6130 6793 6051 6872 6130 6735 6052 6793 6051 6735 6052 6872 6130 6795 6131 6874 6132 6795 6131 6935 6133 6796 5997 6735 6052 6795 6131 6796 5997 6795 6131 6798 6134 6797 6053 6796 5997 6798 6134 6875 6135 6877 6136 6876 6137 6797 6053 6798 6134 6877 6136 6736 6054 6877 6136 6801 6056 6877 6136 6736 6054 6797 6053 6799 6055 6736 6054 6801 6056 6878 6138 6880 6139 6879 6140 6802 6058 6800 6057 6880 6139 6802 6058 6799 6055 6800 6057 6740 6059 6880 6139 6881 6141 6880 6139 6740 6059 6802 6058 6803 6060 6881 6141 6806 6062 6805 6063 6882 6142 6807 6064 6803 6060 6740 6059 6881 6141 6883 6143 6885 6144 6884 6145 6804 6061 6803 6060 6806 6062 6808 6065 6882 6142 6885 6144 6807 6064 6804 6061 6805 6063 6809 6066 6885 6144 6886 6146 6808 6065 6807 6064 6882 6142 6744 6005 6886 6146 6887 6147 6885 6144 6809 6066 6808 6065 6810 6067 6887 6147 6812 6070 6744 6005 6809 6066 6886 6146 6811 6068 6888 6148 6814 6071 6810 6067 6744 6005 6887 6147 6889 6149 6891 6150 6890 6151 6813 6069 6810 6067 6812 6070 6815 6072 6888 6148 6891 6150 6814 6071 6813 6069 6811 6068 6750 6012 6891 6150 6892 6152 6888 6148 6815 6072 6814 6071 6816 6073 6892 6152 6818 6076 6750 6012 6815 6072 6891 6150 6817 6074 6893 6153 6820 6077 6816 6073 6750 6012 6892 6152 6894 6154 6896 6155 6895 6156 6819 6075 6816 6073 6818 6076 6755 6078 6893 6153 6896 6155 6820 6077 6819 6075 6817 6074 6893 6153 6755 6078 6820 6077 6821 6079 6896 6155 6822 6157 6821 6079 6755 6078 6896 6155 6757 6080 6822 6157 6824 6083 6757 6080 6821 6079 6822 6157 6825 6082 6757 6080 6824 6083 6759 6019 6823 6081 6827 6086 6899 6158 6901 6159 6900 6160 6759 6019 6825 6082 6823 6081 6829 6087 6826 6084 6762 6021 6759 6019 6827 6086 6828 6085 6902 6161 6904 6162 6903 6163 6829 6087 6828 6085 6826 6084 6830 6088 6761 6022 6904 6162 6760 6020 6829 6087 6762 6021 6699 5962 6904 6162 6905 6164 6760 6020 6761 6022 6830 6088 6833 6089 6905 6164 6906 6165 6699 5962 6830 6088 6904 6162 6639 5898 6906 6165 6907 6166 6699 5962 6905 6164 6833 6089 6837 6093 6907 6166 6908 6167 6833 6089 6906 6165 6639 5898 6639 5898 6907 6166 6837 6093 6450 5712 6908 6167 6909 6168 6837 6093 6908 6167 6450 5712 6841 6097 6909 6168 6910 6169 6841 6097 6910 6169 6911 6170 6450 5712 6909 6168 6841 6097 6842 6098 6911 6170 6912 6171 6843 6099 6912 6171 6913 6172 6911 6170 6842 6098 6841 6097 6844 6100 6913 6172 6523 5785 6843 6099 6842 6098 6912 6171 6526 5787 6523 5785 6914 6173 6844 6100 6843 6099 6913 6172 6848 6104 6914 6173 6915 6174 6523 5785 6526 5787 6844 6100 6849 6105 6915 6174 6585 5846 6914 6173 6848 6104 6526 5787 6851 6107 6850 6106 6916 6175 6849 6105 6848 6104 6915 6174 6528 5791 6587 5847 6852 6109 6585 5846 6586 5848 6849 6105 6586 5848 6587 5847 6528 5791 6853 6176 6718 6034 6655 6035 6852 6109 6774 6177 6655 6035 6657 5916 6718 6034 6917 6178 6853 6176 6917 6178 6718 6034 4411 3083 6657 5916 6917 6178 4209 2888 4210 2889 6854 6179 6918 6180 4209 2888 6854 6179 6855 6110 6918 6180 6856 6181 6855 6110 4209 2888 6918 6180 6856 6181 6920 6114 6777 6111 6856 6181 6777 6111 6855 6110 6857 6112 6777 6111 6920 6114 6858 6113 6984 6182 6922 6183 6858 6113 6859 6184 6780 6115 6858 6113 6780 6115 6857 6112 6923 6185 6782 6116 6859 6184 6782 6116 6780 6115 6859 6184 6860 6117 6923 6185 6861 6186 6860 6117 6782 6116 6923 6185 6925 6187 6860 6117 6861 6186 6925 6187 6926 6188 6784 6043 6925 6187 6784 6043 6860 6117 6926 6188 6864 6120 6783 6044 6926 6188 6783 6044 6784 6043 6862 6118 6783 6044 6864 6120 6863 6119 6928 6189 6865 6121 6863 6119 6865 6121 6862 6118 6928 6189 6867 6125 6787 6122 6928 6189 6787 6122 6865 6121 6868 6124 6787 6122 6867 6125 6866 6123 6931 6190 6930 6191 6866 6123 6789 6126 6868 6124 6866 6123 6870 6192 6789 6126 6932 6193 6869 6127 6870 6192 6869 6127 6789 6126 6870 6192 6932 6193 6792 6128 6869 6127 6932 6193 6871 6194 6792 6128 6871 6194 6873 6195 6794 6129 6871 6194 6794 6129 6792 6128 6935 6133 6872 6130 6873 6195 6872 6130 6794 6129 6873 6195 6935 6133 6795 6131 6872 6130 6874 6132 7001 6196 6937 6197 6874 6132 6798 6134 6795 6131 6874 6132 6876 6137 6798 6134 6938 6198 6801 6056 6875 6135 6877 6136 6798 6134 6876 6137 6938 6198 6940 6199 6939 6200 6875 6135 6801 6056 6877 6136 6938 6198 6879 6140 6800 6057 6800 6057 6801 6056 6938 6198 6941 6201 6880 6139 6878 6138 6942 6202 6881 6141 6941 6201 6880 6139 6800 6057 6879 6140 6943 6203 6945 6204 6944 6205 6942 6202 6943 6203 6806 6062 6941 6201 6881 6141 6880 6139 6943 6203 6946 6206 6805 6063 6942 6202 6806 6062 6881 6141 6946 6206 6884 6145 6882 6142 6805 6063 6806 6062 6943 6203 6947 6207 6886 6146 6883 6143 6882 6142 6805 6063 6946 6206 6948 6208 6950 6209 6949 6210 6885 6144 6882 6142 6884 6145 6947 6207 6948 6208 6887 6147 6886 6146 6885 6144 6883 6143 6948 6208 6951 6211 6812 6070 6947 6207 6887 6147 6886 6146 6951 6211 6952 6212 6811 6068 6948 6208 6812 6070 6887 6147 6888 6148 6952 6212 6890 6151 6811 6068 6812 6070 6951 6211 6953 6213 6892 6152 6889 6149 6888 6148 6811 6068 6952 6212 6954 6214 6956 6215 6955 6216 6891 6150 6888 6148 6890 6151 6953 6213 6954 6214 6818 6076 6889 6149 6892 6152 6891 6150 6954 6214 6957 6217 6817 6074 6953 6213 6818 6076 6892 6152 6893 6153 6957 6217 6895 6156 6817 6074 6818 6076 6954 6214 6894 6154 6959 6218 6958 6219 6893 6153 6817 6074 6957 6217 6896 6155 6893 6153 6895 6156 6894 6154 6897 6220 6822 6157 6822 6157 6896 6155 6894 6154 6960 6221 6962 6222 6961 6223 6897 6220 6960 6221 6824 6083 6824 6083 6822 6157 6897 6220 6823 6081 6960 6221 6898 6224 6963 6225 6965 6226 6964 6227 6823 6081 6824 6083 6960 6221 6898 6224 6963 6225 6827 6086 6826 6084 6963 6225 6966 6228 6827 6086 6823 6081 6898 6224 6966 6228 6899 6158 6762 6021 6826 6084 6827 6086 6963 6225 6899 6158 6903 6163 6761 6022 6762 6021 6826 6084 6966 6228 6967 6229 6969 6230 6968 6231 6761 6022 6762 6021 6899 6158 6902 6161 6970 6232 6905 6164 6761 6022 6903 6163 6904 6162 6970 6232 6832 6233 6906 6165 6905 6164 6904 6162 6902 6161 6832 6233 6971 6234 6907 6166 6905 6164 6970 6232 6906 6165 6971 6234 6643 5902 6908 6167 6906 6165 6832 6233 6907 6166 6908 6167 6907 6166 6971 6234 6909 6168 6643 5902 6972 6235 6972 6235 6973 6236 6910 6169 6908 6167 6643 5902 6909 6168 6973 6236 6974 6237 6911 6170 6909 6168 6972 6235 6910 6169 6974 6237 6975 6238 6912 6171 6910 6169 6973 6236 6911 6170 6975 6238 6522 5783 6913 6172 6911 6170 6974 6237 6912 6171 6976 6239 6978 6240 6977 6241 6975 6238 6913 6172 6912 6171 6524 5784 6979 6242 6914 6173 6522 5783 6523 5785 6913 6172 6979 6242 6652 5911 6915 6174 6524 5784 6914 6173 6523 5785 6916 6175 6770 6031 4411 3083 6979 6242 6915 6174 6914 6173 6651 5912 6980 6243 6587 5847 6652 5911 6585 5846 6915 6174 6980 6243 6774 6177 6852 6109 6651 5912 6587 5847 6585 5846 6774 6177 6853 6176 6655 6035 6852 6109 6587 5847 6980 6243 6774 6177 6775 6108 6853 6176 4205 2886 4199 2874 4197 2873 4198 2875 6854 6179 4210 2889 6854 6179 4198 2875 4213 6244 6854 6179 4213 6244 6919 6245 6918 6180 6854 6179 6919 6245 6982 6246 6918 6180 6919 6245 6982 6246 7045 6247 6983 6248 6982 6246 6856 6181 6918 6180 6856 6181 6982 6246 6921 6249 6921 6249 6920 6114 6856 6181 6921 6249 6984 6182 6920 6114 6984 6182 6858 6113 6920 6114 6922 6183 6859 6184 6858 6113 6859 6184 6922 6183 6924 6250 6923 6185 6859 6184 6924 6250 6987 6251 6923 6185 6924 6250 6987 6251 6989 6252 6988 6253 6987 6251 6990 6254 6861 6186 6987 6251 6861 6186 6923 6185 6925 6187 6990 6254 6927 6255 6925 6187 6861 6186 6990 6254 6991 6256 6926 6188 6927 6255 6927 6255 6926 6188 6925 6187 6991 6256 6992 6257 6864 6120 6991 6256 6864 6120 6926 6188 6863 6119 6992 6257 6929 6258 6863 6119 6864 6120 6992 6257 6994 6259 6928 6189 6929 6258 6928 6189 6863 6119 6929 6258 6994 6259 6995 6260 6867 6125 6994 6259 6867 6125 6928 6189 6866 6123 6995 6260 6931 6190 6995 6260 6866 6123 6867 6125 6930 6191 6870 6192 6866 6123 6870 6192 6930 6191 6933 6261 6932 6193 6870 6192 6933 6261 6998 6262 6932 6193 6933 6261 6998 6262 7063 6263 6999 6264 6998 6262 6871 6194 6932 6193 6871 6194 6998 6262 6934 6265 6934 6265 6873 6195 6871 6194 6935 6133 6934 6265 6936 6266 6935 6133 6873 6195 6934 6265 6936 6266 7001 6196 6935 6133 7001 6196 6874 6132 6935 6133 6937 6197 7003 6267 6876 6137 6937 6197 6876 6137 6874 6132 6875 6135 7003 6267 6940 6199 7003 6267 6875 6135 6876 6137 6938 6198 6875 6135 6940 6199 7005 6268 7007 6269 7006 6270 6939 6200 7005 6268 6879 6140 6939 6200 6879 6140 6938 6198 7005 6268 7008 6271 6878 6138 6941 6201 7008 6271 7009 6272 7005 6268 6878 6138 6879 6140 6942 6202 7009 6272 6945 6204 6941 6201 6878 6138 7008 6271 7010 6273 6946 6206 6944 6205 6942 6202 6941 6201 7009 6272 7011 6274 7013 6275 7012 6276 6945 6204 6943 6203 6942 6202 7010 6273 7011 6274 6884 6145 6944 6205 6946 6206 6943 6203 7011 6274 7014 6277 6883 6143 7010 6273 6884 6145 6946 6206 6947 6207 7014 6277 6950 6209 6883 6143 6884 6145 7011 6274 7015 6278 6951 6211 6949 6210 6947 6207 6883 6143 7014 6277 7016 6279 6952 6212 7015 6278 6948 6208 6947 6207 6950 6209 7017 6280 7019 6281 7018 6282 6949 6210 6951 6211 6948 6208 7016 6279 7017 6280 6890 6151 7015 6278 6952 6212 6951 6211 6889 6149 7017 6280 7020 6283 7016 6279 6890 6151 6952 6212 6953 6213 7020 6283 6956 6215 6889 6149 6890 6151 7017 6280 7021 6284 6957 6217 6955 6216 6953 6213 6889 6149 7020 6283 6959 6218 7023 6285 7022 6286 6956 6215 6954 6214 6953 6213 7021 6284 6959 6218 6895 6156 6955 6216 6957 6217 6954 6214 6895 6156 6957 6217 7021 6284 6894 6154 6895 6156 6959 6218 6958 6219 6962 6222 6897 6220 6958 6219 6897 6220 6894 6154 6960 6221 6897 6220 6962 6222 6961 6223 6965 6226 6898 6224 6898 6224 6960 6221 6961 6223 6966 6228 6964 6227 6901 6159 6963 6225 6898 6224 6965 6226 7028 6287 7027 6288 7029 6289 6966 6228 6963 6225 6964 6227 6900 6160 7028 6287 6903 6163 6901 6159 6899 6158 6966 6228 6902 6161 7028 6287 7030 6290 6903 6163 6899 6158 6900 6160 7030 6290 6831 6291 6970 6232 6903 6163 7028 6287 6902 6161 7031 6292 7032 6293 6836 6091 6970 6232 6902 6161 7030 6290 6971 6234 6831 6291 7033 6294 6970 6232 6831 6291 6832 6233 7033 6294 6642 5903 6643 5902 6832 6233 6831 6291 6971 6234 7034 6295 7036 6296 7035 6297 6643 5902 6971 6234 7033 6294 6972 6235 6641 5901 7037 6298 6973 6236 7037 6298 7038 6299 6643 5902 6641 5901 6972 6235 6974 6237 7038 6299 7039 6300 6972 6235 7037 6298 6973 6236 6975 6238 7039 6300 7040 6301 6973 6236 7038 6299 6974 6237 6522 5783 7040 6301 6521 5781 7039 6300 6975 6238 6974 6237 6521 5781 7041 6302 6524 5784 7040 6301 6522 5783 6975 6238 6979 6242 7041 6302 7042 6303 6522 5783 6521 5781 6524 5784 6652 5911 7042 6303 6714 5978 7041 6302 6979 6242 6524 5784 6714 5978 7043 6304 6651 5912 7042 6303 6652 5911 6979 6242 7043 6304 7044 6305 6980 6243 6714 5978 6651 5912 6652 5911 6774 6177 7044 6305 6775 6108 6980 6243 6651 5912 7043 6304 6775 6108 6917 6178 6853 6176 6980 6243 7044 6305 6774 6177 4214 2893 4206 2885 4204 2884 4206 2885 6981 6306 4213 6244 4199 2874 4213 6244 4198 2875 4206 2885 4213 6244 4199 2874 6919 6245 6981 6306 7045 6247 6981 6306 6919 6245 4213 6244 7045 6247 6982 6246 6919 6245 6921 6249 6983 6248 6985 6307 6983 6248 6921 6249 6982 6246 7048 6308 6984 6182 6985 6307 7048 6308 7114 6309 7049 6310 6985 6307 6984 6182 6921 6249 6922 6183 7048 6308 6986 6311 6922 6183 6984 6182 7048 6308 6924 6250 6986 6311 7050 6312 6986 6311 6924 6250 6922 6183 6924 6250 7050 6312 6989 6252 6989 6252 6987 6251 6924 6250 7052 6313 6990 6254 6988 6253 7052 6313 7054 6314 7053 6315 6988 6253 6990 6254 6987 6251 6927 6255 7052 6313 7055 6316 7052 6313 6927 6255 6990 6254 6991 6256 7055 6316 6993 6317 7055 6316 6991 6256 6927 6255 7056 6318 6992 6257 6993 6317 6993 6317 6992 6257 6991 6256 6929 6258 7056 6318 7058 6319 7056 6318 6929 6258 6992 6257 6994 6259 7058 6319 6996 6320 6994 6259 6929 6258 7058 6319 7059 6321 6995 6260 6996 6320 6996 6320 6995 6260 6994 6259 7060 6322 7062 6323 7061 6324 6931 6190 7059 6321 7060 6322 7059 6321 6931 6190 6995 6260 6930 6191 7060 6322 6997 6325 7060 6322 6930 6191 6931 6190 6997 6325 7063 6263 6933 6261 6997 6325 6933 6261 6930 6191 7063 6263 6998 6262 6933 6261 6934 6265 6999 6264 7000 6326 6999 6264 6934 6265 6998 6262 7000 6326 6936 6266 6934 6265 6936 6266 7000 6326 7002 6327 7066 6328 7001 6196 7002 6327 7002 6327 7001 6196 6936 6266 7067 6329 7069 6330 7068 6331 7001 6196 7066 6328 7067 6329 6937 6197 7067 6329 7004 6332 6937 6197 7001 6196 7067 6329 7070 6333 7003 6267 7004 6332 7004 6332 7003 6267 6937 6197 7071 6334 7073 6335 7072 6336 6940 6199 7070 6333 7071 6334 7070 6333 6940 6199 7003 6267 6939 6200 7071 6334 7007 6269 6939 6200 6940 6199 7071 6334 7074 6337 7008 6271 7006 6270 7075 6338 7009 6272 7074 6337 7007 6269 7005 6268 6939 6200 7076 6339 7078 6340 7077 6341 7006 6270 7008 6271 7005 6268 6945 6204 7075 6338 7076 6339 7074 6337 7009 6272 7008 6271 6944 6205 7076 6339 7079 6342 7075 6338 6945 6204 7009 6272 7010 6273 7079 6342 7013 6275 6944 6205 6945 6204 7076 6339 7080 6343 7014 6277 7012 6276 7079 6342 7010 6273 6944 6205 7081 6344 7083 6345 7082 6346 7013 6275 7011 6274 7010 6273 7080 6343 7081 6344 6950 6209 7012 6276 7014 6277 7011 6274 6949 6210 7081 6344 7084 6347 7080 6343 6950 6209 7014 6277 7015 6278 7084 6347 7085 6348 7081 6344 6949 6210 6950 6209 7016 6279 7085 6348 7019 6281 7015 6278 6949 6210 7084 6347 7086 6349 7020 6283 7018 6282 7085 6348 7016 6279 7015 6278 7087 6350 7089 6351 7088 6352 7019 6281 7017 6280 7016 6279 6956 6215 7086 6349 7087 6350 7018 6282 7020 6283 7017 6280 6955 6216 7087 6350 7090 6353 7086 6349 6956 6215 7020 6283 7021 6284 7090 6353 7023 6285 6955 6216 6956 6215 7087 6350 7091 6354 7093 6355 7092 6356 7090 6353 7021 6284 6955 6216 7022 6286 7091 6354 6959 6218 7023 6285 6959 6218 7021 6284 6958 6219 7091 6354 7024 6357 6958 6219 6959 6218 7091 6354 7094 6358 7096 6359 7095 6360 7024 6357 7094 6358 6962 6222 7024 6357 6962 6222 6958 6219 6961 6223 7094 6358 7025 6361 6961 6223 6962 6222 7094 6358 7097 6362 7098 6363 7026 6364 6965 6226 7025 6361 7097 6362 7025 6361 6965 6226 6961 6223 6901 6159 7097 6362 7027 6288 7097 6362 6964 6227 6965 6226 6901 6159 6964 6227 7097 6362 7099 6365 6968 6231 7100 6366 7027 6288 6900 6160 6901 6159 7030 6290 7029 6289 7101 6367 7028 6287 6900 6160 7027 6288 7101 6367 6969 6230 6831 6291 7030 6290 7028 6287 7029 6289 6831 6291 7030 6290 7101 6367 7033 6294 6969 6230 7102 6368 7102 6368 6834 6090 6642 5903 7033 6294 6831 6291 6969 6230 6641 5901 6834 6090 7103 6369 6642 5903 7033 6294 7102 6368 7037 6298 7103 6369 7104 6370 6641 5901 6642 5903 6834 6090 7038 6299 7104 6370 7105 6371 7037 6298 6641 5901 7103 6369 7039 6300 7105 6371 7106 6372 7038 6299 7037 6298 7104 6370 7040 6301 7106 6372 6520 5782 7039 6300 7038 6299 7105 6371 7107 6373 5908 5163 7108 6374 7039 6300 7106 6372 7040 6301 7041 6302 6519 5780 7109 6375 7040 6301 6520 5782 6521 5781 7042 6303 7109 6375 6713 5976 6521 5781 6519 5780 7041 6302 7110 6376 6770 6031 6916 6175 7109 6375 7042 6303 7041 6302 7043 6304 6715 5977 7044 6305 7042 6303 6713 5976 6714 5978 6714 5978 6715 5977 7043 6304 7044 6305 6850 6106 6775 6108 4216 2891 4105 2812 4214 2893 4106 2811 6981 6306 4206 2885 6981 6306 4106 2811 7046 6377 7112 6378 7045 6247 7046 6377 7046 6377 7045 6247 6981 6306 6983 6248 7112 6378 7047 6379 7045 6247 7112 6378 6983 6248 7047 6379 7114 6309 6985 6307 7047 6379 6985 6307 6983 6248 7114 6309 7048 6308 6985 6307 7116 6380 7048 6308 7049 6310 6986 6311 7116 6380 7118 6381 7116 6380 6986 6311 7048 6308 6986 6311 7118 6381 7051 6382 7119 6383 7050 6312 7051 6382 7051 6382 7050 6312 6986 6311 7119 6383 7121 6384 7120 6385 6989 6252 7119 6383 7120 6385 7119 6383 6989 6252 7050 6312 6988 6253 7120 6385 7054 6314 6989 6252 7120 6385 6988 6253 7054 6314 7052 6313 6988 6253 7053 6315 7122 6386 7055 6316 7053 6315 7055 6316 7052 6313 7122 6386 6993 6317 7055 6316 7056 6318 7122 6386 7057 6387 7124 6388 7058 6319 7057 6387 7122 6386 7056 6318 6993 6317 7124 6388 7126 6389 7125 6390 7057 6387 7058 6319 7056 6318 6996 6320 7124 6388 7125 6390 7124 6388 6996 6320 7058 6319 7059 6321 7125 6390 7062 6323 7125 6390 7059 6321 6996 6320 7062 6323 7060 6322 7059 6321 7061 6324 6997 6325 7060 6322 6997 6325 7061 6324 7064 6391 7128 6392 7063 6263 7064 6391 7064 6391 7063 6263 6997 6325 7063 6263 7128 6392 6999 6264 6999 6264 7128 6392 7065 6393 7065 6393 7000 6326 6999 6264 7130 6394 7000 6326 7065 6393 7130 6394 7002 6327 7000 6326 7066 6328 7130 6394 7069 6330 7130 6394 7066 6328 7002 6327 7068 6331 7132 6395 7131 6396 7069 6330 7067 6329 7066 6328 7004 6332 7068 6331 7131 6396 7068 6331 7004 6332 7067 6329 7070 6333 7131 6396 7073 6335 7131 6396 7070 6333 7004 6332 7133 6397 7071 6334 7072 6336 7133 6397 7135 6398 7134 6399 7073 6335 7071 6334 7070 6333 7007 6269 7133 6397 7134 6399 7006 6270 7134 6399 7136 6400 7133 6397 7007 6269 7071 6334 7074 6337 7136 6400 7137 6401 7007 6269 7134 6399 7006 6270 7075 6338 7137 6401 7078 6340 7136 6400 7074 6337 7006 6270 7138 6402 7079 6342 7077 6341 7137 6401 7075 6338 7074 6337 7138 6402 7140 6403 7139 6404 7078 6340 7076 6339 7075 6338 7013 6275 7138 6402 7139 6404 7077 6341 7079 6342 7076 6339 7012 6276 7139 6404 7141 6405 7138 6402 7013 6275 7079 6342 7080 6343 7141 6405 7083 6345 7139 6404 7012 6276 7013 6275 7142 6406 7084 6347 7082 6346 7141 6405 7080 6343 7012 6276 7143 6407 7085 6348 7142 6406 7083 6345 7081 6344 7080 6343 7144 6408 7143 6407 7145 6409 7082 6346 7084 6347 7081 6344 7019 6281 7143 6407 7144 6408 7142 6406 7085 6348 7084 6347 7018 6282 7144 6408 7146 6410 7085 6348 7143 6407 7019 6281 7086 6349 7146 6410 7089 6351 7144 6408 7018 6282 7019 6281 7147 6411 7090 6353 7088 6352 7146 6410 7086 6349 7018 6282 7148 6412 7147 6411 7149 6413 7089 6351 7087 6350 7086 6349 7023 6285 7147 6411 7148 6412 7088 6352 7090 6353 7087 6350 7022 6286 7148 6412 7093 6355 7147 6411 7023 6285 7090 6353 7148 6412 7022 6286 7023 6285 7092 6356 7150 6414 7096 6359 7093 6355 7091 6354 7022 6286 7024 6357 7092 6356 7096 6359 7024 6357 7091 6354 7092 6356 7098 6363 7095 6360 7151 6415 7096 6359 7094 6358 7024 6357 7025 6361 7095 6360 7098 6363 7095 6360 7025 6361 7094 6358 7097 6362 7025 6361 7098 6363 7100 6366 7026 6364 7153 6416 7027 6288 7026 6364 7100 6366 7026 6364 7027 6288 7097 6362 7101 6367 7100 6366 6968 6231 7029 6289 7027 6288 7100 6366 7032 6293 7155 6417 7154 6418 7100 6366 7101 6367 7029 6289 6969 6230 6967 6229 7031 6292 6969 6230 7101 6367 6968 6231 7102 6368 7031 6292 6836 6091 7156 6419 7158 6420 7157 6421 7102 6368 6969 6230 7031 6292 7103 6369 6835 6092 7159 6422 6834 6090 7102 6368 6836 6091 7104 6370 7159 6422 7160 6423 7103 6369 6834 6090 6835 6092 7105 6371 7160 6423 7161 6424 7104 6370 7103 6369 7159 6422 7106 6372 7161 6424 7162 6425 7105 6371 7104 6370 7160 6423 6520 5782 7162 6425 7163 6426 7105 6371 7161 6424 7106 6372 6519 5780 7163 6426 7164 6427 7106 6372 7162 6425 6520 5782 7109 6375 7164 6427 7165 6428 6520 5782 7163 6426 6519 5780 6713 5976 7165 6428 7166 6429 6519 5780 7164 6427 7109 6375 6715 5977 7166 6429 7167 6430 7109 6375 7165 6428 6713 5976 7044 6305 7167 6430 6850 6106 6713 5976 7166 6429 6715 5977 7167 6430 7044 6305 6715 5977 4411 3083 6917 6178 6851 6107 6775 6108 6851 6107 6917 6178 4217 2894 7168 6431 4104 2810 4105 2812 4106 2811 4206 2885 7111 6432 4104 2810 7169 6433 4106 2811 4104 2810 7111 6432 7046 6377 4106 2811 7111 6432 7111 6432 7170 6434 7046 6377 7170 6434 7112 6378 7046 6377 7170 6434 7113 6435 7112 6378 7047 6379 7112 6378 7113 6435 7047 6379 7113 6435 7171 6436 7171 6436 7114 6309 7047 6379 7171 6436 7115 6437 7114 6309 7173 6438 7115 6437 7174 6439 7115 6437 7049 6310 7114 6309 7049 6310 7115 6437 7173 6438 7173 6438 7116 6380 7049 6310 7118 6381 7116 6380 7117 6440 7173 6438 7117 6440 7116 6380 7051 6382 7118 6381 7175 6441 7117 6440 7175 6441 7118 6381 7051 6382 7175 6441 7176 6442 7176 6442 7119 6383 7051 6382 7176 6442 7121 6384 7119 6383 7054 6314 7120 6385 7178 6443 7121 6384 7178 6443 7120 6385 7054 6314 7178 6443 7179 6444 7179 6444 7053 6315 7054 6314 7053 6315 7179 6444 7181 6445 7181 6445 7122 6386 7053 6315 7181 6445 7123 6446 7122 6386 7057 6387 7122 6386 7182 6447 7183 6448 7182 6447 7184 6449 7123 6446 7182 6447 7122 6386 7183 6448 7124 6388 7057 6387 7057 6387 7182 6447 7183 6448 7183 6448 7126 6389 7124 6388 7062 6323 7125 6390 7185 6450 7186 6451 7185 6450 7187 6452 7126 6389 7185 6450 7125 6390 7186 6451 7061 6324 7062 6323 7062 6323 7185 6450 7186 6451 7186 6451 7127 6453 7061 6324 7064 6391 7061 6324 7188 6454 7127 6453 7188 6454 7061 6324 7064 6391 7188 6454 7189 6455 7189 6455 7128 6392 7064 6391 7189 6455 7191 6456 7128 6392 7191 6456 7065 6393 7128 6392 7065 6393 7191 6456 7129 6457 7129 6457 7193 6458 7065 6393 7193 6458 7130 6394 7065 6393 7069 6330 7130 6394 7195 6459 7193 6458 7195 6459 7130 6394 7069 6330 7195 6459 7196 6460 7196 6460 7068 6331 7069 6330 7196 6460 7132 6395 7068 6331 7073 6335 7131 6396 7198 6461 7132 6395 7198 6461 7131 6396 7199 6462 7201 6463 7200 6464 7198 6461 7201 6463 7073 6335 7199 6462 7072 6336 7073 6335 7073 6335 7201 6463 7199 6462 7202 6465 7133 6397 7072 6336 7199 6462 7202 6465 7072 6336 7136 6400 7134 6399 7203 6466 7202 6465 7135 6398 7133 6397 7137 6401 7136 6400 7204 6467 7135 6398 7203 6466 7134 6399 7205 6468 7207 6469 7206 6470 7203 6466 7204 6467 7136 6400 7207 6469 7078 6340 7137 6401 7137 6401 7204 6467 7207 6469 7205 6468 7077 6341 7078 6340 7078 6340 7207 6469 7205 6468 7208 6471 7138 6402 7077 6341 7205 6468 7208 6471 7077 6341 7141 6405 7139 6404 7209 6472 7208 6471 7140 6403 7138 6402 7083 6345 7141 6405 7210 6473 7140 6403 7209 6472 7139 6404 7211 6474 7213 6475 7212 6476 7209 6472 7210 6473 7141 6405 7213 6475 7082 6346 7083 6345 7083 6345 7210 6473 7213 6475 7211 6474 7142 6406 7082 6346 7082 6346 7213 6475 7211 6474 7214 6477 7143 6407 7142 6406 7211 6474 7214 6477 7142 6406 7146 6410 7144 6408 7215 6478 7214 6477 7145 6409 7143 6407 7216 6479 7218 6480 7217 6481 7145 6409 7215 6478 7144 6408 7218 6480 7089 6351 7146 6410 7146 6410 7215 6478 7218 6480 7216 6479 7088 6352 7089 6351 7089 6351 7218 6480 7216 6479 7219 6482 7147 6411 7088 6352 7216 6479 7219 6482 7088 6352 7093 6355 7148 6412 7220 6483 7219 6482 7149 6413 7147 6411 7221 6484 7223 6485 7222 6486 7149 6413 7220 6483 7148 6412 7223 6485 7092 6356 7093 6355 7093 6355 7220 6483 7223 6485 7223 6485 7221 6484 7092 6356 7221 6484 7150 6414 7092 6356 7150 6414 7224 6487 7096 6359 7225 6488 7095 6360 7096 6359 7096 6359 7224 6487 7225 6488 7152 6489 7151 6415 7227 6490 7225 6488 7151 6415 7095 6360 7152 6489 7026 6364 7098 6363 7151 6415 7152 6489 7098 6363 7152 6489 7153 6416 7026 6364 7099 6365 7230 6491 7229 6492 7153 6416 7230 6491 7100 6366 7154 6418 7232 6493 7231 6494 7230 6491 7099 6365 7100 6366 7233 6495 6967 6229 6968 6231 7099 6365 7233 6495 6968 6231 7155 6417 7031 6292 6967 6229 7155 6417 6967 6229 7233 6495 7234 6496 7236 6497 7235 6498 7155 6417 7032 6293 7031 6292 7237 6499 6835 6092 6836 6091 7032 6293 7237 6499 6836 6091 7238 6500 7159 6422 6835 6092 7238 6500 6835 6092 7237 6499 7239 6501 7160 6423 7159 6422 7239 6501 7159 6422 7238 6500 7240 6502 7161 6424 7160 6423 7240 6502 7160 6423 7239 6501 7241 6503 7162 6425 7161 6424 7241 6503 7161 6424 7240 6502 7242 6504 7163 6426 7162 6425 7242 6504 7162 6425 7241 6503 7243 6505 7164 6427 7163 6426 7243 6505 7163 6426 7242 6504 7244 6506 7165 6428 7164 6427 7244 6506 7164 6427 7243 6505 7245 6507 7166 6429 7165 6428 7165 6428 7244 6506 7245 6507 7246 6508 7167 6430 7166 6429 7246 6508 7166 6429 7245 6507 7110 6376 6850 6106 7167 6430 7110 6376 7167 6430 7246 6508 7110 6376 6916 6175 6850 6106 4105 2812 4216 2891 4104 2810 4218 2895 7168 6431 4222 2896 4218 2895 7169 6433 4104 2810 7170 6434 7111 6432 7247 6509 7111 6432 7169 6433 7247 6509 7170 6434 7249 6510 7113 6435 7170 6434 7247 6509 7249 6510 7172 6511 7171 6436 7113 6435 7249 6510 7172 6511 7113 6435 7171 6436 7250 6512 7115 6437 7250 6512 7252 6513 7251 6514 7171 6436 7172 6511 7250 6512 7115 6437 7250 6512 7251 6514 7251 6514 7174 6439 7115 6437 7173 6438 7253 6515 7117 6440 7173 6438 7174 6439 7253 6515 7175 6441 7117 6440 7254 6516 7117 6440 7253 6515 7254 6516 7177 6517 7176 6442 7175 6441 7254 6516 7177 6517 7175 6441 7176 6442 7256 6518 7121 6384 7176 6442 7177 6517 7256 6518 7178 6443 7121 6384 7257 6519 7121 6384 7256 6518 7257 6519 7180 6520 7179 6444 7178 6443 7257 6519 7180 6520 7178 6443 7179 6444 7259 6521 7181 6445 7180 6520 7259 6521 7179 6444 7181 6445 7260 6522 7123 6446 7260 6522 7262 6523 7261 6524 7181 6445 7259 6521 7260 6522 7182 6447 7123 6446 7261 6524 7123 6446 7260 6522 7261 6524 7261 6524 7184 6449 7182 6447 7183 6448 7263 6525 7126 6389 7183 6448 7184 6449 7263 6525 7264 6526 7265 6527 7187 6452 7126 6389 7263 6525 7264 6526 7185 6450 7126 6389 7264 6526 7264 6526 7187 6452 7185 6450 7186 6451 7266 6528 7127 6453 7187 6452 7266 6528 7186 6451 7267 6529 7269 6530 7268 6531 7127 6453 7266 6528 7267 6529 7188 6454 7127 6453 7267 6529 7188 6454 7267 6529 7268 6531 7268 6531 7189 6455 7188 6454 7268 6531 7190 6532 7189 6455 7189 6455 7190 6532 7191 6456 7191 6456 7190 6532 7192 6533 7191 6456 7192 6533 7129 6457 7129 6457 7192 6533 7271 6534 7193 6458 7129 6457 7271 6534 7271 6534 7194 6535 7193 6458 7195 6459 7193 6458 7273 6536 7193 6458 7194 6535 7273 6536 7197 6537 7196 6460 7195 6459 7273 6536 7197 6537 7195 6459 7196 6460 7275 6538 7132 6395 7197 6537 7275 6538 7196 6460 7132 6395 7276 6539 7198 6461 7276 6539 7278 6540 7277 6541 7132 6395 7275 6538 7276 6539 7201 6463 7198 6461 7277 6541 7276 6539 7277 6541 7198 6461 7199 6462 7279 6542 7202 6465 7277 6541 7200 6464 7201 6463 7202 6465 7280 6543 7135 6398 7200 6464 7279 6542 7199 6462 7135 6398 7281 6544 7203 6466 7202 6465 7279 6542 7280 6543 7282 6545 7284 6546 7283 6547 7135 6398 7280 6543 7281 6544 7204 6467 7203 6466 7282 6545 7203 6466 7281 6544 7282 6545 7283 6547 7207 6469 7204 6467 7282 6545 7283 6547 7204 6467 7205 6468 7285 6548 7208 6471 7283 6547 7206 6470 7207 6469 7208 6471 7286 6549 7140 6403 7206 6470 7285 6548 7205 6468 7287 6550 7289 6551 7288 6552 7208 6471 7285 6548 7286 6549 7209 6472 7140 6403 7287 6550 7140 6403 7286 6549 7287 6550 7210 6473 7209 6472 7288 6552 7209 6472 7287 6550 7288 6552 7290 6553 7213 6475 7210 6473 7288 6552 7290 6553 7210 6473 7211 6474 7291 6554 7214 6477 7290 6553 7212 6476 7213 6475 7214 6477 7292 6555 7145 6409 7211 6474 7212 6476 7291 6554 7293 6556 7295 6557 7294 6558 7214 6477 7291 6554 7292 6555 7215 6478 7145 6409 7293 6556 7145 6409 7292 6555 7293 6556 7294 6558 7218 6480 7215 6478 7293 6556 7294 6558 7215 6478 7216 6479 7296 6559 7219 6482 7294 6558 7217 6481 7218 6480 7219 6482 7297 6560 7149 6413 7216 6479 7217 6481 7296 6559 7298 6561 7300 6562 7299 6563 7219 6482 7296 6559 7297 6560 7220 6483 7149 6413 7298 6561 7149 6413 7297 6560 7298 6561 7299 6563 7223 6485 7220 6483 7298 6561 7299 6563 7220 6483 7221 6484 7301 6564 7150 6414 7299 6563 7222 6486 7223 6485 7302 6565 7304 6566 7303 6567 7221 6484 7222 6486 7301 6564 7224 6487 7150 6414 7302 6565 7150 6414 7301 6564 7302 6565 7303 6567 7225 6488 7224 6487 7302 6565 7303 6567 7224 6487 7305 6568 7307 6569 7306 6570 7225 6488 7303 6567 7226 6571 7151 6415 7225 6488 7305 6568 7225 6488 7226 6571 7305 6568 7305 6568 7306 6570 7151 6415 7308 6572 7310 6573 7309 6574 7306 6570 7227 6490 7151 6415 7152 6489 7227 6490 7308 6572 7309 6574 7153 6416 7152 6489 7308 6572 7309 6574 7152 6489 7311 6575 7312 6576 7229 6492 7153 6416 7309 6574 7228 6577 7311 6575 7230 6491 7153 6416 7228 6577 7311 6575 7153 6416 7313 6578 7315 6579 7314 6580 7230 6491 7311 6575 7229 6492 7316 6581 7233 6495 7099 6365 7229 6492 7316 6581 7099 6365 7155 6417 7233 6495 7232 6493 7316 6581 7232 6493 7233 6495 7317 6582 7319 6583 7318 6584 7232 6493 7154 6418 7155 6417 7320 6585 7237 6499 7032 6293 7154 6418 7320 6585 7032 6293 7238 6500 7237 6499 7321 6586 7320 6585 7321 6586 7237 6499 7239 6501 7238 6500 7158 6420 7321 6586 7158 6420 7238 6500 7240 6502 7239 6501 7156 6419 7158 6420 7156 6419 7239 6501 7241 6503 7240 6502 7322 6587 7156 6419 7322 6587 7240 6502 7323 6588 7242 6504 7241 6503 7322 6587 7323 6588 7241 6503 7324 6589 7243 6505 7242 6504 7324 6589 7242 6504 7323 6588 7244 6506 7243 6505 7107 6373 7107 6373 7243 6505 7324 6589 7245 6507 7244 6506 7108 6374 7107 6373 7108 6374 7244 6506 7325 6590 7246 6508 7245 6507 7325 6590 7245 6507 7108 6374 7110 6376 7246 6508 7325 6590 4411 3083 6851 6107 6916 6175 4218 2895 4104 2810 7168 6431 4220 2898 4221 2897 4225 2899 4218 2895 4220 2898 4219 6591 4218 2895 4219 6591 7169 6433 4219 6591 7413 6592 7326 6593 7169 6433 4219 6591 7326 6593 7326 6593 7247 6509 7169 6433 7247 6509 7326 6593 7248 6594 7248 6594 7328 6595 7327 6596 7327 6596 7249 6510 7247 6509 7247 6509 7248 6594 7327 6596 7249 6510 7329 6597 7172 6511 7249 6510 7327 6596 7329 6597 7172 6511 7329 6597 7331 6598 7331 6598 7250 6512 7172 6511 7250 6512 7331 6598 7252 6513 7251 6514 7332 6599 7174 6439 7251 6514 7252 6513 7332 6599 7334 6600 7253 6515 7174 6439 7174 6439 7332 6599 7334 6600 7255 6601 7254 6516 7253 6515 7253 6515 7334 6600 7255 6601 7254 6516 7335 6602 7177 6517 7254 6516 7255 6601 7335 6602 7335 6602 7337 6603 7336 6604 7336 6604 7256 6518 7177 6517 7177 6517 7335 6602 7336 6604 7258 6605 7257 6519 7256 6518 7256 6518 7336 6604 7258 6605 7257 6519 7338 6606 7180 6520 7257 6519 7258 6605 7338 6606 7180 6520 7339 6607 7259 6521 7340 6608 7341 6609 7339 6607 7180 6520 7338 6606 7339 6607 7342 6610 7260 6522 7259 6521 7259 6521 7339 6607 7342 6610 7261 6524 7343 6611 7184 6449 7260 6522 7342 6610 7262 6523 7261 6524 7262 6523 7343 6611 7343 6611 7345 6612 7344 6613 7344 6613 7263 6525 7184 6449 7184 6449 7343 6611 7344 6613 7346 6614 7264 6526 7263 6525 7263 6525 7344 6613 7346 6614 7264 6526 7346 6614 7265 6527 7187 6452 7347 6615 7266 6528 7348 6616 7349 6617 7347 6615 7187 6452 7265 6527 7347 6615 7350 6618 7267 6529 7266 6528 7266 6528 7347 6615 7350 6618 7267 6529 7350 6618 7269 6530 7268 6531 7269 6530 7190 6532 7269 6530 7352 6619 7351 6620 7190 6532 7269 6530 7351 6620 7190 6532 7351 6620 7353 6621 7353 6621 7192 6533 7190 6532 7192 6533 7353 6621 7270 6622 7355 6623 7356 6624 7354 6625 7192 6533 7270 6622 7354 6625 7354 6625 7271 6534 7192 6533 7271 6534 7354 6625 7357 6626 7271 6534 7272 6627 7194 6535 7271 6534 7357 6626 7272 6627 7194 6535 7272 6627 7358 6628 7194 6535 7358 6628 7360 6629 7360 6629 7273 6536 7194 6535 7273 6536 7274 6630 7197 6537 7273 6536 7360 6629 7274 6630 7361 6631 7363 6632 7362 6633 7197 6537 7274 6630 7361 6631 7275 6538 7197 6537 7362 6633 7197 6537 7361 6631 7362 6633 7364 6634 7276 6539 7275 6538 7275 6538 7362 6633 7364 6634 7277 6541 7365 6635 7200 6464 7276 6539 7364 6634 7278 6540 7200 6464 7366 6636 7279 6542 7277 6541 7278 6540 7365 6635 7367 6637 7369 6638 7368 6639 7200 6464 7365 6635 7366 6636 7368 6639 7280 6543 7279 6542 7279 6542 7366 6636 7368 6639 7370 6640 7281 6544 7280 6543 7280 6543 7368 6639 7370 6640 7371 6641 7282 6545 7281 6544 7281 6544 7370 6640 7371 6641 7283 6547 7372 6642 7206 6470 7282 6545 7371 6641 7284 6546 7372 6642 7374 6643 7373 6644 7283 6547 7284 6546 7372 6642 7285 6548 7206 6470 7373 6644 7206 6470 7372 6642 7373 6644 7375 6645 7286 6549 7285 6548 7285 6548 7373 6644 7375 6645 7376 6646 7287 6550 7286 6549 7375 6645 7376 6646 7286 6549 7288 6552 7377 6647 7290 6553 7287 6550 7376 6646 7289 6551 7290 6553 7378 6648 7212 6476 7288 6552 7289 6551 7377 6647 7378 6648 7380 6649 7379 6650 7290 6553 7377 6647 7378 6648 7379 6650 7291 6554 7212 6476 7212 6476 7378 6648 7379 6650 7381 6651 7292 6555 7291 6554 7291 6554 7379 6650 7381 6651 7382 6652 7293 6556 7292 6555 7292 6555 7381 6651 7382 6652 7294 6558 7383 6653 7217 6481 7293 6556 7382 6652 7295 6557 7383 6653 7385 6654 7384 6655 7294 6558 7295 6557 7383 6653 7384 6655 7296 6559 7217 6481 7217 6481 7383 6653 7384 6655 7386 6656 7297 6560 7296 6559 7296 6559 7384 6655 7386 6656 7387 6657 7298 6561 7297 6560 7297 6560 7386 6656 7387 6657 7299 6563 7388 6658 7222 6486 7298 6561 7387 6657 7300 6562 7389 6659 7391 6660 7390 6661 7299 6563 7300 6562 7388 6658 7390 6661 7301 6564 7222 6486 7222 6486 7388 6658 7390 6661 7392 6662 7302 6565 7301 6564 7301 6564 7390 6661 7392 6662 7303 6567 7393 6663 7226 6571 7302 6565 7392 6662 7304 6566 7394 6664 7396 6665 7395 6666 7303 6567 7304 6566 7393 6663 7394 6664 7305 6568 7226 6571 7393 6663 7394 6664 7226 6571 7306 6570 7397 6667 7227 6490 7305 6568 7394 6664 7307 6569 7398 6668 7400 6669 7399 6670 7306 6570 7307 6569 7397 6667 7399 6670 7308 6572 7227 6490 7397 6667 7399 6670 7227 6490 7310 6573 7402 6671 7401 6672 7308 6572 7399 6670 7310 6573 7401 6672 7228 6577 7309 6574 7309 6574 7310 6573 7401 6672 7403 6673 7311 6575 7228 6577 7228 6577 7401 6672 7403 6673 7404 6674 7406 6675 7405 6676 7311 6575 7403 6673 7312 6576 7406 6675 7316 6581 7229 6492 7229 6492 7312 6576 7406 6675 7314 6580 7232 6493 7316 6581 7406 6675 7314 6580 7316 6581 7407 6677 7409 6678 7408 6679 7232 6493 7314 6580 7231 6494 7407 6677 7320 6585 7154 6418 7154 6418 7231 6494 7407 6677 7318 6584 7321 6586 7320 6585 7407 6677 7318 6584 7320 6585 7234 6496 7158 6420 7321 6586 7318 6584 7234 6496 7321 6586 7410 6680 7035 6297 7157 6421 7234 6496 7157 6421 7158 6420 7036 6296 7322 6587 7156 6419 7157 6421 7036 6296 7156 6419 6839 6096 7323 6588 7322 6587 7036 6296 6839 6096 7322 6587 6515 5775 7324 6589 7323 6588 6839 6096 6515 5775 7323 6588 6151 5416 7107 6373 7324 6589 6515 5775 6151 5416 7324 6589 7411 6681 6977 6241 5908 5163 6151 5416 5908 5163 7107 6373 6978 6240 7325 6590 7108 6374 5908 5163 6978 6240 7108 6374 6846 6103 7110 6376 7325 6590 6978 6240 6846 6103 7325 6590 7412 6682 4411 3083 6770 6031 6846 6103 6770 6031 7110 6376 4220 2898 4218 2895 4221 2897 4220 2898 4224 2900 4227 2903 4223 2902 4219 6591 4220 2898 7413 6592 4219 6591 4223 2902 7413 6592 7414 6683 7326 6593 7414 6683 7415 6684 7326 6593 7326 6593 7415 6684 7416 6685 7416 6685 7248 6594 7326 6593 7417 6686 7248 6594 7416 6685 7328 6595 7248 6594 7417 6686 7328 6595 7418 6687 7327 6596 7327 6596 7418 6687 7419 6688 7329 6597 7419 6688 7420 6689 7419 6688 7329 6597 7327 6596 7421 6690 7329 6597 7420 6689 7330 6691 7329 6597 7421 6690 7330 6691 7331 6598 7329 6597 7330 6691 7422 6692 7331 6598 7252 6513 7422 6692 7423 6693 7422 6692 7252 6513 7331 6598 7252 6513 7423 6693 7424 6694 7425 6695 7252 6513 7424 6694 7426 6696 7252 6513 7425 6695 7252 6513 7426 6696 7332 6599 7333 6697 7332 6599 7426 6696 7333 6697 7427 6698 7332 6599 7427 6698 7428 6699 7334 6600 7427 6698 7334 6600 7332 6599 7428 6699 7429 6700 7334 6600 7255 6601 7429 6700 7430 6701 7429 6700 7255 6601 7334 6600 7255 6601 7430 6701 7431 6702 7432 6703 7255 6601 7431 6702 7255 6601 7432 6703 7335 6602 7433 6704 7335 6602 7432 6703 7337 6603 7335 6602 7433 6704 7337 6603 7434 6705 7336 6604 7434 6705 7435 6706 7336 6604 7258 6605 7435 6706 7436 6707 7435 6706 7258 6605 7336 6604 7258 6605 7436 6707 7437 6708 7338 6606 7437 6708 7438 6709 7437 6708 7338 6606 7258 6605 7439 6710 7338 6606 7438 6709 7440 6711 7338 6606 7439 6710 7338 6606 7440 6711 7339 6607 7340 6608 7339 6607 7440 6711 7341 6609 7441 6712 7342 6610 7341 6609 7342 6610 7339 6607 7342 6610 7441 6712 7442 6713 7262 6523 7442 6713 7443 6714 7442 6713 7262 6523 7342 6610 7444 6715 7262 6523 7443 6714 7262 6523 7444 6715 7343 6611 7445 6716 7343 6611 7444 6715 7345 6612 7343 6611 7445 6716 7345 6612 7446 6717 7344 6613 7446 6717 7447 6718 7344 6613 7447 6718 7448 6719 7346 6614 7447 6718 7346 6614 7344 6613 7346 6614 7448 6719 7449 6720 7265 6527 7449 6720 7450 6721 7449 6720 7265 6527 7346 6614 7451 6722 7265 6527 7450 6721 7452 6723 7265 6527 7451 6722 7265 6527 7452 6723 7347 6615 7348 6616 7347 6615 7452 6723 7349 6617 7453 6724 7350 6618 7349 6617 7350 6618 7347 6615 7350 6618 7453 6724 7454 6725 7269 6530 7454 6725 7455 6726 7454 6725 7269 6530 7350 6618 7456 6727 7269 6530 7455 6726 7457 6728 7269 6530 7456 6727 7352 6619 7269 6530 7457 6728 7352 6619 7458 6729 7351 6620 7458 6729 7459 6730 7351 6620 7459 6730 7460 6731 7353 6621 7459 6730 7353 6621 7351 6620 7353 6621 7460 6731 7461 6732 7270 6622 7461 6732 7462 6733 7461 6732 7270 6622 7353 6621 7463 6734 7270 6622 7462 6733 7464 6735 7270 6622 7463 6734 7270 6622 7464 6735 7354 6625 7355 6623 7354 6625 7464 6735 7356 6624 7465 6736 7357 6626 7356 6624 7357 6626 7354 6625 7357 6626 7465 6736 7466 6737 7272 6627 7466 6737 7467 6738 7466 6737 7272 6627 7357 6626 7468 6739 7272 6627 7467 6738 7469 6740 7272 6627 7468 6739 7272 6627 7469 6740 7358 6628 7359 6741 7358 6628 7469 6740 7359 6741 7470 6742 7358 6628 7470 6742 7471 6743 7360 6629 7470 6742 7360 6629 7358 6628 7360 6629 7471 6743 7472 6744 7274 6630 7472 6744 7473 6745 7472 6744 7274 6630 7360 6629 7274 6630 7473 6745 7474 6746 7475 6747 7274 6630 7474 6746 7274 6630 7475 6747 7361 6631 7363 6632 7361 6631 7475 6747 7363 6632 7476 6748 7362 6633 7476 6748 7477 6749 7362 6633 7477 6749 7478 6750 7364 6634 7477 6749 7364 6634 7362 6633 7364 6634 7478 6750 7479 6751 7278 6540 7479 6751 7480 6752 7479 6751 7278 6540 7364 6634 7481 6753 7278 6540 7480 6752 7278 6540 7481 6753 7365 6635 7482 6754 7365 6635 7481 6753 7365 6635 7482 6754 7366 6636 7367 6637 7366 6636 7482 6754 7367 6637 7368 6639 7366 6636 7369 6638 7483 6755 7370 6640 7369 6638 7370 6640 7368 6639 7483 6755 7371 6641 7370 6640 7284 6546 7483 6755 7484 6756 7483 6755 7284 6546 7371 6641 7485 6757 7284 6546 7484 6756 7284 6546 7485 6757 7372 6642 7374 6643 7372 6642 7485 6757 7374 6643 7486 6758 7373 6644 7486 6758 7375 6645 7373 6644 7486 6758 7487 6759 7376 6646 7486 6758 7376 6646 7375 6645 7289 6551 7487 6759 7488 6760 7487 6759 7289 6551 7376 6646 7377 6647 7488 6760 7489 6761 7488 6760 7377 6647 7289 6551 7490 6762 7377 6647 7489 6761 7377 6647 7490 6762 7378 6648 7380 6649 7378 6648 7490 6762 7380 6649 7491 6763 7379 6650 7491 6763 7492 6764 7381 6651 7491 6763 7381 6651 7379 6650 7382 6652 7492 6764 7493 6765 7492 6764 7382 6652 7381 6651 7295 6557 7493 6765 7494 6766 7493 6765 7295 6557 7382 6652 7495 6767 7295 6557 7494 6766 7295 6557 7495 6767 7383 6653 7385 6654 7383 6653 7495 6767 7385 6654 7496 6768 7384 6655 7496 6768 7497 6769 7386 6656 7496 6768 7386 6656 7384 6655 7387 6657 7497 6769 7498 6770 7497 6769 7387 6657 7386 6656 7300 6562 7498 6770 7499 6771 7498 6770 7300 6562 7387 6657 7500 6772 7300 6562 7499 6771 7300 6562 7500 6772 7388 6658 7389 6659 7388 6658 7500 6772 7389 6659 7390 6661 7388 6658 7392 6662 7391 6660 7501 6773 7391 6660 7392 6662 7390 6661 7304 6566 7501 6773 7502 6774 7501 6773 7304 6566 7392 6662 7503 6775 7304 6566 7502 6774 7304 6566 7503 6775 7393 6663 7396 6665 7393 6663 7503 6775 7396 6665 7394 6664 7393 6663 7307 6569 7395 6666 7504 6776 7395 6666 7307 6569 7394 6664 7505 6777 7307 6569 7504 6776 7307 6569 7505 6777 7397 6667 7398 6668 7397 6667 7505 6777 7398 6668 7399 6670 7397 6667 7310 6573 7400 6669 7506 6778 7400 6669 7310 6573 7399 6670 7402 6671 7310 6573 7506 6778 7402 6671 7507 6779 7401 6672 7403 6673 7507 6779 7508 6780 7507 6779 7403 6673 7401 6672 7509 6781 7403 6673 7508 6780 7403 6673 7509 6781 7312 6576 7405 6676 7312 6576 7509 6781 7405 6676 7406 6675 7312 6576 7313 6578 7406 6675 7404 6674 7313 6578 7314 6580 7406 6675 7231 6494 7315 6579 7510 6782 7315 6579 7231 6494 7314 6580 7409 6678 7231 6494 7510 6782 7409 6678 7407 6677 7231 6494 7317 6582 7407 6677 7408 6679 7317 6582 7318 6584 7407 6677 7236 6497 7318 6584 7319 6583 7236 6497 7234 6496 7318 6584 7511 6783 7234 6496 7235 6498 7234 6496 7511 6783 7157 6421 7410 6680 7157 6421 7511 6783 7035 6297 7036 6296 7157 6421 6838 6094 7036 6296 7034 6295 6838 6094 6839 6096 7036 6296 6514 5776 6839 6096 6840 6095 6514 5776 6515 5775 6839 6096 6153 5417 6515 5775 6513 5774 6153 5417 6151 5416 6515 5775 5907 5164 6151 5416 6152 5418 5907 5164 5908 5163 6151 5416 7411 6681 5908 5163 5906 5162 6977 6241 6978 6240 5908 5163 6845 6101 6978 6240 6976 6239 6845 6101 6846 6103 6978 6240 6769 6029 6846 6103 6847 6102 6769 6029 6770 6031 6846 6103 7412 6682 6770 6031 6771 6030 7512 6784 7514 6785 7513 6786 7515 6787 7517 6788 7516 6789 7518 6790 7515 6787 7516 6789 7519 6791 7515 6787 7518 6790 7519 6791 7521 6792 7520 6793 7517 6788 7515 6787 7522 6794 7515 6787 7519 6791 7520 6793 7520 6793 7524 6795 7523 6796 7525 6797 7523 6796 7524 6795 7525 6797 7526 6798 7523 6796 7524 6795 7520 6793 7527 6799 7526 6798 7528 6800 7523 6796 7529 6801 7523 6796 7530 6802 7530 6802 7523 6796 7528 6800 7531 6803 7532 6804 7529 6801 7531 6803 7529 6801 7530 6802 7529 6801 7534 6805 7533 6806 7534 6805 7535 6807 7533 6806 7533 6806 7535 6807 7536 6808 7536 6808 7537 6809 7533 6806 7538 6810 7533 6806 7537 6809 7538 6810 7537 6809 7539 6811 7534 6805 7529 6801 7532 6804 7540 6812 7542 6813 7541 6814 7539 6811 7543 6815 7538 6810 7544 6816 7545 6817 7543 6815 7546 6818 7548 6819 7547 6820 7548 6819 7545 6817 7549 6821 7548 6819 7549 6821 7547 6820 7545 6817 7544 6816 7550 6822 7550 6822 7549 6821 7545 6817 7548 6819 7546 6818 7551 6823 7551 6823 7546 6818 7552 6824 7551 6823 7553 6825 7540 6812 7553 6825 7551 6823 7552 6824 7540 6812 7553 6825 7554 6826 7538 6810 7543 6815 7545 6817 7540 6812 7554 6826 7542 6813 7542 6813 7555 6827 7541 6814 7556 6828 7541 6814 7555 6827 7557 6829 7556 6828 7558 6830 7558 6830 7559 6831 7557 6829 7559 6831 7560 6832 7557 6829 7557 6829 7541 6814 7556 6828 7561 6833 7562 6834 7560 6832 7560 6832 7559 6831 7561 6833 7561 6833 7563 6835 7562 6834 7564 6836 7566 6837 7565 6838 7562 6834 7563 6835 7564 6836 7562 6834 7564 6836 7565 6838 7566 6837 7567 6839 7565 6838 7568 6840 7565 6838 7567 6839 7569 6841 7568 6840 7570 6842 7568 6840 7569 6841 7571 6843 7571 6843 7572 6844 7568 6840 7567 6839 7573 6845 7568 6840 7574 6846 7572 6844 7575 6847 7575 6847 7572 6844 7571 6843 7576 6848 7578 6849 7577 6850 7579 6851 7581 6852 7580 6853 7579 6851 7580 6853 7572 6844 7582 6854 7583 6855 7580 6853 7581 6852 7582 6854 7580 6853 7580 6853 7583 6855 7578 6849 7584 6856 7577 6850 7578 6849 7583 6855 7585 6857 7578 6849 7586 6858 7580 6853 7587 6859 7588 6860 7589 6861 7576 6848 7577 6850 7590 6862 7576 6848 7591 6863 7592 6864 7589 6861 7593 6865 7588 6860 7576 6848 7594 6866 7593 6865 7576 6848 7578 6849 7585 6857 7584 6856 7576 6848 7590 6862 7594 6866 7579 6851 7572 6844 7574 6846 7591 6863 7589 6861 7597 6867 7592 6864 7600 6868 7589 6861 7601 6869 7603 6870 7602 6871 7600 6868 7604 6872 7603 6870 7601 6869 7602 6871 7605 6873 7603 6870 7601 6869 7600 6868 7606 6874 7608 6875 7607 6876 7606 6874 7607 6876 7601 6869 7601 6869 7605 6873 7606 6874 7609 6877 7607 6876 7608 6875 7610 6878 7612 6879 7611 6880 7611 6880 7612 6879 7607 6876 7612 6879 7617 6881 7616 6882 7616 6882 7615 6883 7612 6879 7618 6884 7619 6885 7615 6883 7618 6884 7615 6883 7620 6886 7621 6887 7623 6888 7622 6889 7624 6890 8119 6891 7625 6892 7619 6885 7622 6889 7623 6888 7621 6887 7626 6893 7623 6888 7623 6888 7636 6894 7629 6895 7609 6877 7611 6880 7607 6876 7623 6888 7626 6893 7630 6896 7631 6897 7630 6896 7626 6893 7631 6897 7632 6898 7630 6896 7633 6899 7635 6900 7634 6901 7630 6896 7632 6898 7637 6902 7639 6903 7599 6904 7640 6905 7637 6902 7632 6898 7643 6906 7641 6907 7643 6906 7642 6908 7637 6902 7643 6906 7641 6907 7639 6903 7645 6909 7644 6910 7646 6911 7641 6907 7642 6908 7647 6912 7644 6910 7648 6913 7649 6914 7650 6915 7599 6904 7599 6904 7598 6916 7651 6917 7646 6911 7652 6918 7641 6907 7640 6905 7653 6919 7639 6903 7654 6920 7655 6921 7649 6914 7649 6914 7652 6918 7656 6922 7598 6916 7599 6904 7650 6915 7650 6915 7649 6914 7657 6923 7657 6923 7649 6914 7658 6924 7658 6924 7649 6914 7655 6921 7659 6925 7649 6914 7656 6922 7660 6926 7600 6868 7592 6864 7661 6927 7659 6925 7656 6922 7661 6927 7656 6922 7662 6928 7663 6929 7664 6930 7662 6928 7649 6914 7659 6925 7654 6920 7664 6930 7661 6927 7662 6928 7521 6792 7527 6799 7520 6793 7662 6928 7666 6931 7665 6932 7662 6928 7667 6933 7666 6931 7668 6934 7667 6933 7662 6928 7669 6935 7668 6934 7670 6936 7669 6935 7672 6937 7668 6934 7673 6938 7668 6934 7671 6939 7670 6936 7668 6934 7673 6938 7668 6934 7672 6937 7667 6933 7671 6939 7668 6934 7674 6940 7675 6941 7677 6941 7676 6941 7663 6929 7662 6928 7665 6932 7678 6942 7517 6788 7522 6794 7679 6943 7522 6794 7680 6944 7679 6943 7678 6942 7522 6794 7681 6945 7683 6946 7682 6947 7680 6944 7522 6794 7682 6947 7684 6948 7685 6949 7681 6945 7681 6945 7685 6949 7683 6946 7686 6950 7688 6951 7687 6952 7684 6948 7681 6945 7688 6951 7689 6953 7690 6954 7688 6951 7687 6952 7688 6951 7690 6954 7691 6955 7692 6956 7689 6953 7693 6957 7690 6954 7689 6953 7694 6958 7696 6959 7695 6960 7697 6961 7691 6955 7689 6953 7697 6961 7699 6962 7698 6963 7699 6962 7697 6961 7689 6953 7699 6962 7701 6964 7700 6965 7698 6963 7699 6962 7700 6965 7701 6964 7703 6966 7702 6967 7703 6966 7701 6964 7699 6962 7704 6968 7703 6966 7705 6969 7702 6967 7703 6966 7706 6970 7704 6968 7705 6969 7707 6971 7704 6968 7706 6970 7703 6966 7708 6972 7710 6973 7709 6974 7707 6971 7705 6969 7711 6975 7712 6976 7705 6969 7710 6973 7712 6976 7711 6975 7705 6969 7709 6974 7713 6977 7708 6972 7705 6969 7709 6974 7710 6973 7709 6974 7714 6978 7713 6977 7715 6979 7716 6980 7709 6974 7714 6978 7709 6974 7716 6980 7717 6981 7718 6982 7715 6979 7719 6983 7716 6980 7715 6979 7715 6979 7721 6984 7720 6985 7720 6985 7717 6981 7715 6979 7721 6984 7722 6986 7720 6985 7723 6987 7725 6988 7724 6989 7722 6986 7721 6984 7726 6990 7570 6842 7568 6840 7573 6845 7728 6991 7721 6984 7729 6992 7730 6993 7726 6990 7721 6984 7731 6994 7733 6994 7732 6994 7729 6992 7735 6995 7734 6996 7728 6991 7729 6992 7734 6996 7736 6997 7737 6998 7729 6992 7729 6992 7737 6998 7735 6995 7729 6992 7739 6999 7738 7000 7738 7000 7736 6997 7729 6992 7739 6999 7741 7001 7740 7002 7742 7003 7739 6999 7740 7002 7743 7004 7744 7005 7739 6999 7739 6999 7744 7005 7741 7001 7745 7006 7747 7006 7746 7006 7748 7007 7745 7007 7746 7007 7749 7008 7750 7009 7743 7004 7743 7004 7739 6999 7749 7008 7751 7010 7753 7010 7752 7010 7749 7008 7755 7011 7754 7012 7749 7008 7754 7012 7750 7009 7756 7013 7749 7008 7757 7014 7749 7008 7756 7013 7758 7015 7759 7016 7757 7014 7760 7017 7756 7013 7757 7014 7759 7016 7761 7018 7762 7019 7757 7014 7757 7014 7762 7019 7763 7020 7757 7014 7512 6784 7764 7021 7764 7021 7761 7018 7757 7014 7760 7017 7757 7014 7763 7020 7765 7022 7755 7011 7749 7008 7512 6784 7766 7023 7514 6785 7725 6988 7767 7024 7724 6989 7768 7025 7770 7026 7769 7027 7771 7028 7773 7029 7772 7030 7774 7031 7724 7031 7767 7031 7777 7032 7779 7033 7778 7034 7780 7035 7782 7035 7781 7035 7725 6988 7723 6987 7783 7036 7845 7037 7789 7037 7788 7037 7792 7038 7794 7038 7793 7038 7795 7039 7797 7039 7796 7039 7797 7040 7799 7040 7798 7040 7752 7041 7745 7041 7748 7041 7733 7042 7800 7042 7747 7042 7801 7043 7803 7043 7802 7043 7776 7044 7804 7044 7775 7044 7776 7045 7792 7045 7793 7045 7805 7046 7807 7046 7806 7046 7807 7047 7808 7047 7810 7047 7806 7048 7811 7048 7675 7048 7675 7049 7811 7049 7818 7049 7812 7050 7811 7050 7810 7050 7676 7051 7813 7051 7675 7051 7814 7052 7816 7053 7815 7054 7817 7055 7677 7055 7818 7055 7807 7056 7810 7056 7806 7056 7790 7057 7808 7057 7791 7057 7790 7058 7810 7058 7808 7058 7794 7059 7822 7059 7804 7059 8411 7060 7846 7060 7827 7060 7833 7061 7814 7052 7815 7054 7815 7054 7816 7053 7834 7062 7835 7063 7837 7064 7836 7065 7838 7066 7839 7066 7830 7066 7842 7067 7843 7067 8411 7067 7845 7068 7844 7068 7846 7068 7847 7069 8429 7069 7789 7069 7848 7070 7850 7070 7849 7070 7848 7071 7847 7071 7789 7071 7855 7072 7854 7073 7856 7074 7787 7075 7853 7076 7857 7077 7853 7078 7858 7078 7855 7078 7855 7072 7859 7079 7853 7076 7860 7080 7861 7081 7856 7074 7855 7072 7856 7074 7861 7081 7862 7082 7864 7082 7863 7082 7865 7083 7799 7083 7866 7083 7867 7084 7796 7084 7797 7084 7867 7085 7871 7085 7796 7085 7872 7086 7874 7086 7873 7086 7876 7087 7786 7088 7852 7089 7819 7090 7780 7090 7781 7090 7793 7091 7794 7091 7804 7091 7802 7092 7776 7092 7775 7092 7871 7093 7881 7094 7880 7095 7882 7096 7884 7096 7883 7096 7883 7097 7885 7097 7873 7097 7886 7098 7869 7099 7872 7100 7870 7101 7887 7102 7869 7099 7888 7103 7870 7101 7889 7104 7890 7105 7892 7106 7891 7107 7893 7108 7894 7109 7888 7103 7895 7110 7897 7111 7896 7112 7892 7106 7897 7111 7898 7113 7899 7114 7901 7115 7900 7116 7896 7112 7902 7117 7899 7114 7903 7118 7904 7119 7512 6784 7901 7115 7905 7120 7768 7025 7766 7023 7512 6784 7904 7119 7906 7121 7908 7122 7907 7123 7909 7124 7910 7125 7907 7123 7911 7126 7913 7127 7912 7128 7916 7129 7917 7130 7914 7131 7914 7131 7918 7132 7915 7133 7918 7132 7914 7131 7919 7134 7920 7135 7909 7124 7921 7136 7917 7130 7923 7137 7922 7138 7926 7139 7912 7128 7917 7130 7927 7140 7929 7141 7928 7142 7921 7136 7907 7123 7930 7143 7908 7122 7931 7144 7930 7143 7932 7145 7933 7146 7908 7122 7934 7147 7936 7148 7935 7149 7933 7146 7937 7150 7931 7144 7929 7141 7938 7151 7935 7149 7940 7152 8467 7153 7941 7154 7937 7150 7942 7155 7941 7154 7943 7156 7945 7157 7944 7158 7944 7158 7948 7159 7947 7160 7949 7161 7942 7155 7956 7162 7950 7163 7952 7164 7951 7165 7948 7159 7951 7165 7953 7166 7955 7167 7956 7162 7948 7159 7955 7167 7953 7166 7957 7168 7952 7164 7959 7169 7958 7170 7957 7168 7954 7171 7955 7167 7961 7172 7958 7170 7962 7173 7967 7174 7961 7172 7968 7175 7969 7176 7976 7177 7964 7178 7954 7171 7966 7179 7963 7180 7979 7181 7963 7180 8284 7182 7982 7183 7984 7184 7983 7185 7981 7186 7982 7183 7985 7187 7986 7188 7988 7189 7987 7190 7990 7191 7512 6784 7991 7192 7990 7191 7992 7193 7987 7190 7993 7194 7512 6784 7990 7191 7652 6918 7649 6914 7641 6907 7639 6903 7653 6919 7645 6909 7636 6894 7641 6907 7599 6904 7634 6901 7644 6910 7647 6912 7636 6894 7637 6902 7641 6907 7622 6889 7619 6885 7618 6884 7636 6894 7630 6896 7637 6902 7620 6886 7615 6883 7616 6882 7623 6888 7630 6896 7636 6894 7617 6881 7612 6879 7610 6878 7619 6885 7623 6888 7629 6895 7994 7195 7612 6879 7615 6883 7615 6883 7629 6895 7994 7195 7994 7195 7607 6876 7612 6879 7600 6868 7660 6926 7604 6872 7995 7196 7607 6876 7994 7195 7589 6861 7588 6860 7597 6867 7995 7196 7600 6868 7601 6869 7576 6848 7996 7197 7587 6859 7996 7197 7589 6861 7600 6868 7576 6848 7589 6861 7996 7197 7578 6849 7576 6848 7587 6859 7586 6858 7997 7198 7568 6840 7580 6853 7578 6849 7587 6859 7565 6838 7997 7198 7998 7199 7586 6858 7572 6844 7580 6853 7562 6834 7998 7199 7999 7200 7586 6858 7568 6840 7572 6844 7560 6832 7999 7200 8000 7201 7997 7198 7565 6838 7568 6840 7557 6829 8000 7201 8001 7202 7998 7199 7562 6834 7565 6838 7541 6814 8001 7202 8002 7203 7999 7200 7560 6832 7562 6834 7540 6812 8002 7203 8003 7204 8000 7201 7557 6829 7560 6832 8002 7203 8005 7205 8004 7206 8001 7202 7541 6814 7557 6829 7551 6823 8006 7207 7548 6819 8002 7203 7540 6812 7541 6814 7548 6819 8007 7208 7545 6817 8003 7204 8006 7207 7551 6823 7545 6817 8008 7209 7538 6810 8006 7207 8007 7208 7548 6819 7538 6810 8009 7210 7533 6806 8007 7208 8008 7209 7545 6817 7533 6806 8009 7210 7529 6801 8008 7209 8009 7210 7538 6810 7529 6801 8010 7211 7523 6796 7523 6796 8011 7212 7520 6793 7529 6801 8009 7210 8010 7211 7520 6793 8012 7213 7515 6787 7523 6796 8010 7211 8011 7212 7515 6787 8013 7214 7522 6794 7520 6793 8011 7212 8012 7213 7522 6794 7681 6945 7682 6947 8013 7214 7515 6787 8012 7213 7688 6951 7686 6950 7684 6948 8014 7215 7522 6794 8013 7214 7689 6953 7692 6956 7693 6957 8015 7216 7681 6945 8014 7215 8016 7217 7689 6953 8017 7218 8015 7216 8017 7218 7688 6951 7699 6962 8016 7217 8018 7219 8017 7218 7689 6953 7688 6951 8019 7220 7703 6966 8018 7219 8016 7217 7699 6962 7689 6953 7719 6983 7715 6979 7718 6982 7699 6962 8018 7219 7703 6966 7721 6984 7728 6991 7730 6993 7705 6969 7703 6966 8019 7220 7738 7000 7739 6999 7742 7003 7705 6969 8019 7220 8020 7221 7758 7015 7765 7022 7749 7008 7709 6974 8020 7221 8021 7222 7764 7021 7512 6784 7513 6786 7715 6979 8021 7222 8022 7223 8023 7224 7749 7008 8024 7225 8022 7223 7721 6984 7715 6979 7729 6992 7721 6984 8025 7226 8026 7227 7512 6784 8027 7228 8026 7227 7903 7118 7512 6784 8028 7229 7739 6999 7729 6992 7749 7008 7739 6999 8024 7225 8029 7230 7984 7184 7988 7189 8027 7228 7512 6784 7993 7194 7649 6914 7599 6904 7641 6907 7651 6917 7640 6905 7599 6904 7627 7231 7636 6894 7639 6903 7638 7232 8030 7233 7628 7234 7619 6885 7629 6895 7615 6883 7629 6895 7627 7231 8031 7235 7994 7195 8031 7235 7995 7196 7607 6876 7995 7196 7601 6869 7996 7197 7600 6868 7995 7196 7995 7196 8031 7235 7727 7236 8032 7237 7587 6859 7727 7236 7727 7236 7587 6859 7996 7197 7997 7198 7586 6858 8032 7237 8032 7237 7586 6858 7587 6859 7998 7199 7997 7198 8034 7238 7999 7200 7998 7199 8035 7239 8032 7237 8034 7238 7997 7198 8000 7201 7999 7200 8036 7240 8034 7238 8035 7239 7998 7199 8001 7202 8000 7201 8037 7241 8035 7239 8036 7240 7999 7200 8002 7203 8001 7202 8005 7205 8036 7240 8037 7241 8000 7201 8003 7204 8002 7203 8004 7206 8037 7241 8005 7205 8001 7202 8006 7207 8003 7204 8038 7242 8006 7207 8039 7243 8007 7208 7540 6812 8003 7204 7551 6823 8004 7206 8038 7242 8003 7204 8007 7208 8040 7244 8008 7209 8038 7242 8039 7243 8006 7207 8008 7209 8041 7245 8009 7210 8007 7208 8039 7243 8040 7244 8008 7209 8040 7244 8041 7245 8010 7211 8009 7210 8042 7246 8009 7210 8041 7245 8042 7246 8011 7212 8010 7211 8043 7247 8012 7213 8011 7212 8044 7248 8010 7211 8042 7246 8043 7247 8013 7214 8012 7213 8045 7249 8011 7212 8043 7247 8044 7248 8014 7215 8013 7214 8046 7250 8012 7213 8044 7248 8045 7249 7522 6794 8014 7215 7681 6945 8046 7250 8013 7214 8045 7249 7681 6945 8015 7216 7688 6951 8047 7251 8014 7215 8046 7250 8017 7218 8015 7216 8048 7252 8015 7216 8047 7251 8048 7252 8016 7217 8050 7253 8049 7254 8048 7252 8050 7253 8017 7218 8049 7254 7695 6960 8018 7219 8050 7253 8016 7217 8017 7218 7709 6974 7705 6969 8020 7221 8016 7217 8049 7254 8018 7219 8021 7222 7715 6979 7709 6974 8019 7220 8018 7219 7695 6960 7721 6984 8022 7223 8025 7226 8020 7221 8019 7220 8051 7255 8028 7229 7729 6992 8025 7226 8020 7221 8051 7255 8052 7256 8024 7225 7739 6999 8028 7229 8021 7222 8052 7256 8053 7257 8028 7229 8055 7258 8054 7259 8053 7257 8056 7260 8022 7223 8025 7226 8022 7223 8056 7260 7757 7014 8023 7224 7991 7192 8023 7224 7757 7014 7749 7008 8055 7258 8028 7229 8025 7226 8054 7259 8024 7225 8028 7229 7757 7014 7991 7192 7512 6784 8023 7224 8024 7225 8057 7261 7990 7191 7987 7190 7993 7194 7639 6903 7636 6894 7599 6904 7648 6913 7644 6910 7645 6909 7627 7231 7644 6910 7628 7234 7636 6894 7627 7231 7629 6895 7629 6895 8031 7235 7994 7195 8031 7235 7628 7234 8030 7233 7995 7196 7727 7236 7996 7197 7595 7262 7596 7263 8033 7264 8030 7233 7595 7262 7727 7236 8032 7237 7727 7236 8033 7264 7595 7262 8033 7264 7727 7236 8032 7237 8059 7265 8034 7238 8034 7238 8059 7265 8035 7239 8033 7264 8059 7265 8032 7237 8035 7239 8060 7266 8036 7240 8036 7240 8061 7267 8037 7241 8059 7265 8060 7266 8035 7239 8037 7241 8062 7268 8005 7205 8060 7266 8061 7267 8036 7240 8005 7205 8063 7269 8004 7206 8061 7267 8062 7268 8037 7241 8004 7206 8064 7270 8038 7242 8062 7268 8063 7269 8005 7205 8038 7242 8065 7271 8039 7243 8004 7206 8063 7269 8064 7270 8039 7243 8066 7272 8040 7244 8038 7242 8064 7270 8065 7271 8041 7245 8040 7244 8067 7273 8039 7243 8065 7271 8066 7272 8042 7246 8041 7245 8068 7274 8040 7244 8066 7272 8067 7273 8041 7245 8067 7273 8068 7274 8043 7247 8042 7246 8069 7275 8042 7246 8068 7274 8069 7275 8044 7248 8043 7247 8070 7276 8071 7277 8070 7276 8072 7278 8043 7247 8069 7275 8070 7276 8071 7277 8073 7279 8045 7249 8045 7249 8044 7248 8071 7277 8073 7279 8074 7280 8046 7250 8046 7250 8045 7249 8073 7279 8014 7215 8047 7251 8015 7216 8074 7280 8047 7251 8046 7250 8075 7281 8048 7252 8047 7251 8047 7251 8074 7280 8075 7281 8050 7253 8048 7252 8076 7282 8048 7252 8075 7281 8076 7282 8049 7254 8077 7283 7694 6958 8076 7282 8077 7283 8050 7253 7695 6960 8051 7255 8019 7220 8050 7253 8077 7283 8049 7254 8021 7222 8020 7221 8052 7256 7695 6960 8049 7254 7694 6958 8053 7257 8022 7223 8021 7222 8051 7255 7695 6960 7696 6959 8025 7226 8056 7260 8055 7258 8051 7255 7696 6959 8078 7284 8079 7285 8080 7286 8055 7258 8078 7284 8081 7287 8052 7256 8057 7261 8024 7225 8054 7259 8081 7287 8082 7288 8053 7257 8083 7289 8023 7224 8057 7261 8082 7288 8056 7260 8053 7257 8055 7258 8056 7260 8079 7285 7991 7192 8083 7289 7992 7193 8083 7289 7991 7192 8023 7224 8055 7258 8080 7286 8054 7259 8084 7290 8057 7261 8054 7259 7991 7192 7992 7193 7990 7191 8057 7261 8085 7291 8083 7289 7987 7190 7988 7189 7993 7194 7633 6899 7634 6901 7647 6912 7639 6903 7644 6910 7627 7231 7634 6901 7638 7232 7628 7234 7627 7231 7628 7234 8031 7235 8030 7233 7638 7232 8087 7292 8031 7235 8030 7233 7727 7236 8087 7292 7596 7263 7595 7262 7596 7263 8089 7293 8033 7264 8033 7264 8090 7294 8059 7265 8089 7293 8090 7294 8033 7264 8059 7265 8091 7295 8060 7266 8090 7294 8091 7295 8059 7265 8060 7266 8091 7295 8061 7267 8061 7267 8092 7296 8062 7268 8062 7268 8093 7297 8063 7269 8061 7267 8091 7295 8092 7296 8063 7269 8094 7298 8064 7270 8062 7268 8092 7296 8093 7297 8065 7271 8064 7270 8095 7299 8063 7269 8093 7297 8094 7298 8066 7272 8065 7271 8096 7300 8064 7270 8094 7298 8095 7299 8067 7273 8066 7272 8097 7301 8065 7271 8095 7299 8096 7300 8068 7274 8067 7273 8098 7302 8066 7272 8096 7300 8097 7301 8099 7303 8098 7302 8100 7304 8067 7273 8097 7301 8098 7302 8099 7303 8101 7305 8069 7275 8069 7275 8068 7274 8099 7303 8101 7305 8102 7306 8069 7275 8102 7306 8072 7278 8070 7276 8070 7276 8069 7275 8102 7306 8071 7277 8103 7307 8073 7279 8044 7248 8070 7276 8071 7277 8072 7278 8103 7307 8071 7277 8104 7308 8105 7309 8074 7280 8104 7308 8074 7280 8073 7279 8074 7280 8105 7309 8075 7281 8106 7310 8107 7311 8105 7309 8107 7311 8076 7282 8075 7281 8075 7281 8105 7309 8107 7311 8077 7283 8076 7282 8108 7312 8076 7282 8107 7311 8108 7312 7694 6958 8110 7313 8109 7314 8077 7283 8108 7312 8110 7313 8052 7256 8051 7255 8078 7284 7694 6958 8077 7283 8110 7313 8081 7287 8053 7257 8052 7256 7696 6959 7694 6958 8109 7314 8056 7260 8082 7288 8079 7285 8078 7284 7696 6959 8111 7315 7769 7027 8112 7316 8079 7285 8111 7315 8113 7317 8078 7284 8084 7290 8054 7259 8080 7286 8113 7317 8114 7318 8081 7287 8085 7291 8057 7261 8084 7290 8114 7318 8082 7288 8081 7287 8115 7319 8083 7289 8085 7291 7769 7027 8079 7285 8082 7288 8112 7316 8080 7286 8079 7285 7992 7193 8115 7319 7986 7188 8115 7319 7992 7193 8083 7289 8080 7286 8116 7320 8084 7290 8117 7321 8085 7291 8084 7290 7975 7322 7972 7323 7981 7186 7992 7193 7986 7188 7987 7190 8115 7319 8085 7291 8118 7324 7988 7189 7984 7184 7993 7194 8058 7325 7635 6900 7633 6899 7644 6910 7634 6901 7628 7234 7635 6900 8119 6891 7638 7232 8087 7292 7638 7232 8119 6891 8030 7233 8087 7292 7595 7262 8120 7326 7596 7263 8087 7292 7596 7263 8088 7327 8089 7293 8120 7326 8088 7327 7596 7263 8089 7293 8121 7328 8090 7294 8089 7293 8088 7327 8121 7328 8090 7294 8121 7328 8091 7295 8092 7296 8091 7295 8122 7329 8091 7295 8121 7328 8122 7329 8093 7297 8092 7296 8123 7330 8094 7298 8093 7297 8124 7331 8092 7296 8122 7329 8123 7330 8125 7332 8124 7331 8126 7333 8093 7297 8123 7330 8124 7331 8125 7332 8127 7334 8095 7299 8095 7299 8094 7298 8125 7332 8127 7334 8128 7335 8096 7300 8096 7300 8095 7299 8127 7334 8128 7335 8129 7336 8097 7301 8097 7301 8096 7300 8128 7335 8129 7336 8100 7304 8098 7302 8098 7302 8097 7301 8129 7336 8099 7303 8130 7337 8101 7305 8068 7274 8098 7302 8099 7303 8100 7304 8130 7337 8099 7303 8131 7338 8132 7339 8102 7306 8132 7339 8133 7340 8072 7278 8132 7339 8072 7278 8102 7306 8133 7340 8103 7307 8072 7278 8103 7307 8104 7308 8073 7279 8134 7341 8135 7342 8106 7310 8135 7342 8108 7312 8107 7311 8107 7311 8106 7310 8135 7342 8110 7313 8108 7312 8136 7343 8108 7312 8135 7342 8136 7343 8109 7314 8111 7315 7696 6959 8137 7344 8110 7313 8136 7343 8081 7287 8078 7284 8113 7317 8109 7314 8110 7313 8137 7344 8082 7288 8114 7318 7769 7027 8111 7315 8109 7314 8138 7345 8139 7346 7770 7026 7905 7120 8140 7347 8111 7315 8138 7345 8116 7320 8080 7286 8112 7316 7900 7116 8113 7317 8140 7347 8117 7321 8084 7290 8116 7320 8114 7318 8113 7317 7900 7116 8118 7324 8085 7291 8117 7321 7768 7025 7769 7027 8114 7318 8141 7348 8115 7319 8118 7324 7769 7027 7770 7026 8112 7316 8142 7349 8116 7320 8112 7316 7986 7188 8141 7348 8029 7230 8141 7348 7986 7188 8115 7319 8116 7320 8143 7350 8117 7321 8144 7351 8118 7324 8117 7321 7986 7188 8029 7230 7988 7189 8118 7324 8145 7352 8141 7348 8086 7353 7613 7354 8058 7325 7634 6901 7635 6900 7638 7232 8119 6891 7635 6900 7613 7354 7625 6892 8119 6891 7613 7354 8120 7326 8119 6891 7624 6890 7624 6890 8146 7355 8120 7326 8087 7292 8119 6891 8120 7326 8147 7356 8148 7357 8146 7355 8149 7358 8088 7327 8148 7357 8088 7327 8120 7326 8148 7357 8149 7358 8150 7359 8088 7327 8150 7359 8151 7360 8088 7327 8151 7360 8152 7361 8121 7328 8121 7328 8088 7327 8151 7360 8152 7361 8153 7362 8121 7328 8153 7362 8154 7363 8121 7328 8154 7363 8155 7364 8122 7329 8122 7329 8121 7328 8154 7363 8155 7364 8156 7365 8122 7329 8156 7365 8157 7366 8123 7330 8123 7330 8122 7329 8156 7365 8157 7366 8126 7333 8124 7331 8124 7331 8123 7330 8157 7366 8125 7332 8158 7367 8127 7334 8094 7298 8124 7331 8125 7332 8126 7333 8158 7367 8125 7332 8127 7334 8159 7368 8128 7335 8159 7368 8160 7369 8129 7336 8159 7368 8129 7336 8128 7335 8160 7369 8130 7337 8100 7304 8160 7369 8100 7304 8129 7336 8130 7337 8131 7338 8101 7305 8101 7305 8131 7338 8102 7306 8161 7370 8162 7371 8134 7341 8162 7371 8136 7343 8135 7342 8135 7342 8134 7341 8162 7371 8138 7345 8109 7314 8137 7344 8163 7372 8136 7343 8162 7371 8113 7317 8111 7315 8140 7347 8163 7372 8137 7344 8136 7343 8114 7318 7900 7116 7768 7025 8138 7345 8137 7344 8164 7373 7902 7117 8165 7374 7901 7115 8138 7345 8164 7373 7895 7110 8142 7349 8112 7316 7770 7026 7895 7110 7899 7114 8140 7347 8143 7350 8116 7320 8142 7349 8140 7347 7899 7114 7900 7116 8144 7351 8117 7321 8143 7350 7768 7025 7900 7116 7901 7115 8145 7352 8118 7324 8144 7351 7905 7120 7770 7026 7768 7025 8166 7375 8141 7348 8145 7352 7770 7026 8139 7346 8142 7349 8167 7376 8143 7350 8142 7349 8029 7230 8166 7375 7989 7377 8166 7375 8029 7230 8141 7348 8143 7350 8168 7378 8144 7351 8169 7379 8145 7352 8144 7351 8029 7230 7989 7377 7984 7184 8166 7375 8145 7352 8170 7380 7984 7184 7982 7183 7993 7194 7613 7354 7635 6900 8058 7325 7614 7381 7613 7354 8086 7353 8148 7357 8171 7382 8149 7358 8120 7326 8146 7355 8148 7357 8149 7358 8172 7383 8150 7359 8150 7359 8173 7384 8151 7360 8151 7360 8174 7385 8152 7361 8152 7361 8175 7386 8153 7362 8176 7387 8154 7363 8153 7362 8176 7387 8177 7388 8154 7363 8177 7388 8178 7389 8155 7364 8177 7388 8155 7364 8154 7363 8178 7389 8179 7390 8156 7365 8178 7389 8156 7365 8155 7364 8179 7390 8180 7391 8157 7366 8179 7390 8157 7366 8156 7365 8180 7391 8126 7333 8157 7366 8180 7392 8158 7392 8126 7392 8158 7367 8159 7368 8127 7334 8161 7370 7773 7029 8162 7371 7773 7029 8181 7393 8162 7371 8140 7347 8138 7345 7895 7110 8137 7344 8163 7372 8164 7373 8181 7393 8163 7372 8162 7371 8164 7373 8182 7394 7897 7111 8182 7394 8163 7372 8181 7393 8183 7395 7905 7120 8165 7374 8163 7372 8182 7394 8164 7373 8184 7396 8139 7346 8183 7395 7897 7111 7895 7110 8164 7373 8167 7376 8142 7349 8139 7346 7895 7110 7896 7112 7899 7114 8168 7378 8143 7350 8167 7376 7901 7115 7899 7114 7902 7117 8169 7379 8144 7351 8168 7378 8165 7374 7905 7120 7901 7115 8170 7380 8145 7352 8169 7379 7905 7120 8183 7395 8139 7346 8185 7397 8166 7375 8170 7380 8139 7346 8184 7396 8167 7376 8186 7398 8168 7378 8167 7376 7989 7377 8185 7397 7983 7185 8185 7397 7989 7377 8166 7375 8168 7378 8187 7399 8169 7379 8188 7400 8170 7380 8169 7379 7989 7377 7983 7185 7984 7184 8189 7401 8185 7397 8170 7380 7614 7381 8190 7402 7613 7354 7613 7354 8190 7402 7625 6892 7625 6892 8190 7402 7624 6890 8190 7402 8191 7403 7624 6890 8147 7356 8171 7382 8148 7357 8171 7382 8172 7383 8149 7358 8172 7383 8173 7384 8150 7359 8173 7384 8174 7385 8151 7360 8174 7385 8175 7386 8152 7361 8175 7386 8176 7387 8153 7362 7892 7106 8192 7404 7896 7112 7773 7029 8193 7405 7772 7030 8192 7404 8194 7406 7902 7117 8181 7393 7771 7028 8195 7407 8194 7406 8196 7408 8165 7374 8195 7407 8182 7394 8181 7393 8196 7408 8197 7409 8183 7395 7898 7113 7897 7111 8182 7394 8197 7409 8198 7410 8184 7396 7892 7106 7896 7112 7897 7111 8186 7398 8167 7376 8184 7396 7896 7112 8192 7404 7902 7117 8187 7399 8168 7378 8186 7398 8165 7374 7902 7117 8194 7406 8188 7400 8169 7379 8187 7399 8196 7408 8183 7395 8165 7374 8189 7401 8170 7380 8188 7400 8183 7395 8197 7409 8184 7396 8199 7411 8185 7397 8189 7401 8184 7396 8198 7410 8186 7398 8200 7412 8187 7399 8186 7398 8199 7411 7983 7185 8185 7397 8187 7399 8201 7413 8188 7400 8202 7414 8189 7401 8188 7400 8189 7401 8203 7415 8199 7411 7982 7183 7981 7186 7993 7194 7771 7028 8181 7393 7773 7029 8193 7405 7783 7036 7772 7030 7723 6987 8204 7416 7783 7036 8182 7394 8195 7407 7898 7113 7894 7109 7891 7107 7898 7113 8205 7417 7772 7030 8204 7416 7890 7105 8206 7418 8192 7404 7771 7028 8205 7417 8207 7419 8206 7418 8208 7420 8194 7406 8207 7419 8195 7407 7771 7028 8208 7420 8209 7421 8196 7408 7894 7109 7898 7113 8195 7407 8209 7421 8210 7422 8197 7409 7891 7107 7892 7106 7898 7113 8210 7422 8211 7423 8198 7410 7890 7105 8192 7404 7892 7106 8200 7412 8186 7398 8198 7410 8192 7404 8206 7418 8194 7406 8201 7413 8187 7399 8200 7412 8196 7408 8194 7406 8208 7420 8202 7414 8188 7400 8201 7413 8209 7421 8197 7409 8196 7408 8203 7415 8189 7401 8202 7414 8197 7409 8210 7422 8198 7410 8212 7424 8199 7411 8203 7415 8198 7410 8211 7423 8200 7412 8213 7425 8201 7413 8200 7412 7983 7185 8212 7424 7985 7187 8212 7424 7983 7185 8199 7411 8201 7413 8214 7426 8202 7414 8215 7427 8203 7415 8202 7414 7983 7185 7985 7187 7982 7183 8216 7428 8217 7429 7779 7033 7774 7430 8216 7430 7777 7430 8218 7431 8216 7431 7774 7431 7777 7432 7724 7432 7774 7432 7767 7433 8218 7433 7774 7433 7772 7030 7783 7036 8204 7416 8219 7434 7724 7434 7777 7434 7771 7028 7772 7030 8205 7417 7723 6987 7724 6989 8219 7435 8195 7407 8207 7419 7894 7109 8204 7416 7723 6987 8220 7436 7893 7108 7889 7104 8221 7437 8222 7438 8204 7416 8220 7436 7891 7107 7893 7108 8223 7439 8205 7417 8222 7438 7887 7102 7890 7105 8223 7439 8224 7440 7887 7102 8207 7419 8205 7417 8206 7441 8224 7441 8225 7441 8207 7419 7888 7103 7894 7109 8208 7420 8225 7442 8226 7443 7894 7109 7893 7108 7891 7107 8209 7421 8226 7443 8227 7444 7891 7107 8223 7439 7890 7105 8210 7422 8227 7444 8228 7445 7890 7446 8224 7446 8206 7446 8213 7425 8200 7412 8211 7423 8208 7420 8206 7418 8225 7442 8214 7426 8201 7413 8213 7425 8226 7443 8209 7421 8208 7420 8215 7427 8202 7414 8214 7426 8209 7421 8227 7444 8210 7422 8210 7422 8228 7445 8211 7423 8211 7423 8229 7447 8213 7425 8230 7448 8214 7426 8213 7425 8203 7415 7977 7449 8212 7424 7802 7450 7803 7450 8231 7450 8231 7451 8233 7451 7732 7451 7731 7452 8232 7452 7733 7452 7746 7453 8235 7453 7748 7453 7733 7454 8232 7454 7800 7454 8236 7455 8237 7456 7751 7457 7800 7458 8235 7458 7746 7458 8235 7459 8236 7459 7748 7459 7753 7460 7751 7460 8238 7460 7752 7461 7748 7461 7751 7461 7777 7032 8216 7428 7779 7033 7778 7034 8239 7462 7777 7032 8220 7463 7723 7463 8219 7463 8240 7464 7777 7464 8239 7464 8205 7417 8204 7416 8222 7438 8240 7465 8219 7465 7777 7465 8207 7419 7887 7102 7888 7103 8220 7436 8219 7435 7874 7466 7874 7466 7872 7100 8220 7436 8221 7437 8241 7467 8223 7439 7869 7099 8222 7438 7872 7100 8241 7467 8242 7468 8224 7440 7869 7099 7887 7102 8222 7438 8242 7469 8243 7469 8225 7469 7870 7101 7888 7103 7887 7102 8243 7470 8244 7471 8226 7443 7889 7104 7893 7108 7888 7103 8244 7471 8245 7472 8227 7444 8221 7437 8223 7439 7893 7108 8245 7472 8246 7473 8228 7445 8241 7467 8224 7440 8223 7439 8229 7447 8211 7423 8228 7445 8224 7474 8242 7474 8225 7474 8230 7448 8213 7425 8229 7447 8226 7443 8225 7442 8243 7470 8244 7471 8227 7444 8226 7443 8227 7444 8245 7472 8228 7445 7977 7449 8203 7415 8215 7427 8228 7445 8246 7473 8229 7447 8247 7475 8212 7424 7977 7449 8229 7447 8248 7476 8230 7448 8249 7477 8214 7426 8230 7448 7985 7187 8247 7475 7980 7478 8247 7475 7985 7187 8212 7424 8214 7426 8250 7479 8215 7427 7978 7480 7977 7449 8215 7427 7978 7480 8252 7481 8251 7482 7985 7187 7980 7478 7981 7186 7677 7483 7675 7483 7818 7483 8253 7484 7813 7484 8254 7484 7813 7485 7805 7485 7675 7485 7805 7486 7806 7486 7675 7486 7811 7487 7806 7487 7810 7487 7776 7488 7793 7488 7804 7488 7801 7489 7802 7489 7775 7489 7791 7490 7794 7490 7790 7490 8231 7491 7803 7491 8233 7491 7804 7492 7822 7492 7775 7492 7731 7493 7732 7493 8233 7493 7801 7494 7775 7494 8256 7494 8257 7495 7803 7495 7801 7495 8233 7496 8257 7496 8234 7496 8235 7497 8258 7497 8236 7497 8259 7498 8237 7498 8260 7498 7800 7499 7746 7500 7747 7501 8261 7502 7800 7502 8232 7502 7748 7503 8236 7503 7751 7503 8262 7504 8258 7504 8235 7504 7751 7505 8237 7505 8238 7505 8236 7506 8258 7506 8260 7506 7778 7507 8264 7507 8263 7507 8239 7508 7778 7508 8263 7508 8222 7438 8220 7436 7872 7100 8219 7509 8240 7509 7874 7509 8239 7510 8263 7510 8240 7510 8265 7511 7874 7511 8240 7511 8221 7437 7889 7104 8266 7512 7870 7101 8266 7512 7889 7104 8244 7471 8243 7470 8267 7513 8248 7476 8229 7447 8246 7473 8243 7514 8242 7514 8267 7514 8249 7477 8230 7448 8248 7476 8250 7479 8214 7426 8249 7477 7978 7480 8215 7427 8250 7479 8251 7482 8247 7475 7977 7449 7981 7186 7972 7323 7993 7194 7676 7515 8254 7515 7813 7515 8253 7516 8254 7516 8268 7516 8269 7517 7805 7517 8253 7517 7807 7518 8269 7518 7809 7518 8269 7519 7807 7519 7805 7519 7809 7520 7808 7520 7807 7520 7808 7521 7821 7521 7791 7521 8270 7522 7794 7522 7791 7522 7809 7523 7821 7523 7808 7523 8270 7524 7782 7524 7822 7524 8256 7525 7775 7525 7822 7525 7821 7526 8270 7526 7791 7526 8257 7527 7801 7527 8256 7527 7822 7528 7794 7528 8270 7528 8271 7529 8261 7529 8234 7529 8234 7530 7731 7530 8233 7530 8257 7531 8233 7531 7803 7531 7782 7532 8256 7532 7822 7532 8234 7533 8232 7533 7731 7533 8273 7534 8257 7534 8272 7534 8261 7535 8262 7535 7800 7535 8234 7536 8261 7536 8232 7536 8273 7537 8271 7537 8234 7537 7800 7538 8262 7538 8235 7538 8261 7539 8274 7539 8262 7539 8236 7540 8260 7540 8237 7540 8258 7541 7864 7541 7862 7541 8237 7542 8259 7542 8238 7542 8259 7543 8260 7543 7866 7543 8240 7544 8263 7544 8265 7544 8265 7545 7883 7545 7874 7545 7882 7546 8265 7546 8263 7546 7869 7099 8275 7547 7870 7101 8265 7548 7882 7548 7883 7548 7870 7101 8276 7549 8266 7512 7883 7550 7873 7550 7874 7550 7873 7551 7886 7551 7872 7551 8221 7437 8277 7552 8241 7467 7886 7098 8275 7547 7869 7099 8241 7467 8278 7553 8242 7468 8275 7547 8276 7549 7870 7101 8242 7554 8279 7554 8267 7554 8266 7512 8277 7552 8221 7437 8244 7471 8280 7555 8245 7472 8277 7552 8278 7553 8241 7467 8245 7472 8281 7556 8246 7473 8278 7553 8279 7557 8242 7468 8280 7555 8244 7471 8267 7513 8280 7555 8281 7556 8245 7472 8246 7473 8281 7556 8282 7558 8251 7482 7977 7449 7978 7480 8248 7476 8282 7558 8283 7559 8284 7182 8247 7475 8251 7482 8249 7477 8283 7559 8285 7560 8285 7560 8286 7561 8250 7479 7980 7478 8284 7182 7975 7322 8284 7182 7980 7478 8247 7475 7978 7480 8286 7561 8252 7481 8252 7481 7973 7562 8251 7482 7980 7478 7975 7322 7981 7186 7813 7563 8253 7563 7805 7563 8268 7564 8287 7564 8269 7564 8268 7565 8269 7565 8253 7565 8287 7566 8288 7566 7809 7566 7821 7567 7809 7567 8288 7567 7809 7568 8269 7568 8287 7568 8270 7569 7821 7569 8289 7569 8288 7570 8289 7570 7821 7570 8290 7571 7781 7571 7782 7571 8272 7572 8256 7572 7782 7572 8289 7573 8290 7573 8270 7573 8272 7574 8257 7574 8256 7574 7782 7575 8270 7575 8290 7575 8273 7576 8234 7576 8257 7576 8272 7577 7780 7577 8291 7577 7862 7578 7863 7578 7875 7578 8291 7579 8292 7579 8272 7579 8293 7580 8273 7580 8292 7580 8274 7581 7864 7581 8262 7581 8271 7582 8274 7582 8261 7582 8293 7583 7878 7583 8271 7583 8258 7584 7862 7584 8260 7584 8262 7585 7864 7585 8258 7585 8274 7586 7878 7586 7868 7586 7864 7587 7868 7587 7863 7587 8259 7588 7866 7588 7799 7588 8260 7589 7862 7589 7866 7589 7862 7590 7875 7590 7866 7590 7797 7591 7798 7591 7867 7591 8264 7592 8294 7593 7871 7093 8264 7594 7882 7594 8263 7594 7873 7595 7885 7595 7886 7595 7880 7095 8264 7592 7871 7093 7882 7596 7880 7596 7884 7596 7883 7597 7884 7597 7885 7597 8266 7512 8295 7598 8277 7552 8266 7512 8276 7549 8295 7598 8267 7513 8296 7599 8280 7555 8282 7558 8248 7476 8246 7473 8296 7600 8267 7600 8279 7600 8283 7559 8249 7477 8248 7476 8285 7560 8250 7479 8249 7477 8286 7561 7978 7480 8250 7479 7993 7194 7976 7177 8341 7601 8284 7182 8251 7482 7973 7562 8268 7602 8298 7602 8297 7602 8288 7603 8287 7603 8299 7603 7780 7604 8272 7604 7782 7604 8292 7605 8273 7605 8272 7605 8293 7606 8271 7606 8273 7606 7878 7607 8274 7607 8271 7607 7868 7608 7864 7608 8274 7608 8300 7609 7879 7609 7878 7609 7798 7610 7799 7610 7865 7610 7866 7611 7875 7611 7865 7611 8301 7612 7871 7612 7867 7612 7880 7613 7882 7613 8264 7613 7867 7614 7798 7614 8301 7614 7871 7615 8301 7615 7881 7615 8302 7616 8275 7547 7886 7098 8303 7617 8276 7549 8275 7547 8304 7618 8295 7598 8276 7549 7886 7619 7885 7619 8302 7619 8275 7547 8302 7616 8303 7617 8305 7620 8278 7553 8277 7552 8276 7549 8303 7617 8304 7618 8306 7621 8279 7557 8278 7553 8307 7622 8296 7622 8279 7622 8277 7552 8295 7598 8305 7620 8278 7553 8305 7620 8306 7621 8308 7623 8281 7556 8280 7555 8279 7557 8306 7621 8307 7624 8296 7599 8308 7623 8280 7555 8281 7556 8308 7623 8309 7625 8282 7558 8309 7625 8310 7626 8283 7559 8310 7626 8311 7627 8285 7560 8311 7627 8312 7628 8312 7628 8313 7629 8286 7561 8252 7481 8313 7629 7974 7630 7976 7177 7969 7176 8341 7601 8254 7631 8298 7631 8268 7631 8297 7632 8299 7632 8287 7632 8299 7633 8314 7633 8288 7633 8289 7634 8288 7634 8314 7634 8290 7635 8289 7635 8315 7635 7781 7636 8290 7636 7819 7636 8314 7637 8315 7637 8289 7637 8290 7638 8315 7638 7819 7638 7780 7639 7819 7639 7823 7639 8300 7640 7878 7640 8293 7640 8292 7641 7823 7641 8316 7641 7879 7642 7868 7642 7878 7642 8293 7643 8316 7643 8300 7643 7868 7644 8317 7644 7863 7644 7863 7645 8319 7645 7875 7645 8320 7646 7879 7646 8318 7646 7875 7647 8321 7647 7865 7647 7865 7648 8322 7648 7798 7648 8320 7649 8317 7649 7868 7649 7798 7650 8323 7650 8301 7650 8317 7651 8319 7651 7863 7651 8319 7652 8321 7652 7875 7652 8321 7653 8322 7653 7865 7653 7880 7654 8324 7654 7884 7654 8322 7655 8323 7655 7798 7655 7884 7656 8325 7656 7885 7656 7885 7657 8327 7657 8302 7657 7881 7094 8324 7658 7880 7095 8324 7659 8325 7659 7884 7659 8325 7660 8326 7660 7885 7660 8326 7661 8327 7661 7885 7661 8295 7598 8328 7662 8305 7620 8304 7618 8328 7662 8295 7598 8296 7599 8329 7663 8308 7623 8309 7625 8282 7558 8281 7556 8310 7626 8283 7559 8282 7558 8329 7664 8296 7664 8307 7664 8311 7627 8285 7560 8283 7559 8312 7628 8286 7561 8285 7560 8313 7629 8252 7481 8286 7561 7974 7630 7973 7562 8252 7481 7979 7181 7973 7562 7974 7630 7964 7178 7972 7323 7975 7322 8268 7665 8297 7665 8287 7665 8297 7666 8298 7666 8330 7666 8297 7667 8331 7667 8299 7667 8314 7668 8299 7668 8331 7668 7819 7669 8315 7669 8332 7669 7823 7670 8291 7670 7780 7670 7823 7671 8292 7671 8291 7671 8316 7672 8293 7672 8292 7672 8318 7673 7879 7673 8300 7673 8320 7674 7868 7674 7879 7674 8304 7618 8333 7675 8328 7662 8305 7620 8334 7676 8306 7621 8306 7621 8335 7677 8307 7624 8304 7618 8303 7617 8333 7675 8305 7620 8328 7662 8334 7676 8308 7623 8336 7678 8309 7625 8306 7621 8334 7676 8335 7677 8308 7623 8329 7663 8336 7678 8309 7625 8336 7678 8337 7679 8310 7626 8337 7679 8338 7680 8311 7627 8338 7680 8339 7681 7979 7181 8284 7182 7973 7562 8312 7628 8339 7681 8340 7682 7963 7180 7975 7322 8284 7182 8313 7629 8340 7682 7971 7683 7971 7683 7970 7684 7974 7630 7963 7180 7964 7178 7975 7322 8330 7685 8343 7685 8297 7685 8343 7686 8331 7686 8297 7686 8331 7687 8344 7687 8314 7687 8315 7688 8314 7688 8344 7688 7819 7689 8332 7689 7820 7689 7824 7690 7826 7690 7820 7690 8344 7691 8332 7691 8315 7691 7819 7692 7820 7692 7826 7692 7823 7693 7826 7693 8345 7693 8316 7694 8345 7694 8346 7694 8300 7695 8346 7695 8347 7695 8319 7696 8317 7696 8348 7696 8347 7697 8349 7697 8318 7697 8321 7698 8319 7698 8350 7698 8351 7699 8320 7699 8349 7699 8322 7700 8321 7700 8352 7700 8323 7701 8322 7701 8353 7701 8317 7702 8351 7702 8348 7702 8319 7703 8348 7703 8350 7703 7881 7704 8301 7704 8354 7704 8321 7705 8350 7705 8352 7705 8324 7658 7881 7094 8355 7706 8322 7707 8352 7707 8353 7707 8325 7708 8324 7708 8356 7708 8326 7709 8325 7709 8357 7709 8301 7710 8323 7710 8354 7710 8327 7711 8326 7711 8358 7711 7881 7712 8354 7712 8355 7712 8324 7658 8355 7706 8356 7713 8303 7617 8302 7616 8359 7714 8325 7715 8356 7715 8357 7715 8333 7675 8303 7617 8360 7716 8326 7717 8357 7717 8358 7717 8334 7676 8328 7662 8361 7718 8302 7719 8327 7719 8359 7719 8303 7617 8359 7714 8360 7716 8329 7720 8307 7720 8362 7720 8328 7662 8333 7675 8361 7718 8336 7678 8329 7663 8363 7721 8337 7679 8310 7626 8309 7625 8362 7722 8307 7624 8335 7677 8338 7680 8311 7627 8310 7626 8362 7723 8363 7723 8329 7723 8339 7681 8312 7628 8311 7627 8340 7682 8313 7629 8312 7628 7971 7683 7974 7630 8313 7629 7970 7684 7979 7181 7974 7630 7965 7724 7961 7172 8364 7725 8298 7726 8342 7726 8330 7726 8330 7727 8342 7727 8365 7727 8344 7728 8331 7728 8366 7728 7826 7729 7823 7729 7819 7729 8345 7730 8316 7730 7823 7730 8346 7731 8300 7731 8316 7731 8347 7732 8318 7732 8300 7732 8349 7733 8320 7733 8318 7733 8351 7734 8317 7734 8320 7734 8367 7735 7993 7194 8341 7601 8365 7736 8383 7736 8343 7736 8383 7737 8366 7737 8331 7737 8383 7738 8331 7738 8343 7738 7820 7739 8332 7739 8368 7739 8332 7740 8344 7740 8368 7740 7825 7741 7820 7741 8368 7741 7820 7742 7825 7742 7824 7742 7826 7743 7824 7743 7877 7743 7826 7744 7877 7744 8369 7744 8345 7745 8369 7745 8370 7745 8347 7746 8346 7746 8371 7746 8372 7747 8373 7747 8348 7747 8349 7748 8374 7748 8351 7748 8373 7749 8375 7749 8350 7749 8375 7750 8376 7750 8352 7750 8348 7751 8351 7751 8372 7751 8376 7752 8377 7752 8353 7752 8350 7753 8348 7753 8373 7753 8377 7754 8378 7754 8323 7754 8352 7755 8350 7755 8375 7755 8378 7756 8379 7756 8354 7756 8353 7757 8352 7757 8376 7757 8379 7758 8380 7758 8355 7758 8323 7759 8353 7759 8377 7759 8354 7760 8323 7760 8378 7760 8355 7761 8354 7761 8379 7761 8357 7762 8381 7762 8358 7762 8380 7763 8356 7713 8355 7706 8381 7764 8382 7764 8327 7764 8381 7765 8327 7765 8358 7765 8382 7766 8359 7766 8327 7766 7970 7684 7949 7161 7960 7767 8330 7768 8365 7768 8343 7768 8369 7769 8345 7769 7826 7769 8370 7770 8346 7770 8345 7770 8371 7771 8349 7771 8347 7771 8374 7772 8372 7772 8351 7772 8371 7773 8374 7773 8349 7773 8337 7679 8336 7678 8384 7774 8338 7680 8337 7679 8385 7775 8339 7681 8338 7680 8386 7776 8339 7681 8386 7776 8387 7777 8387 7777 7946 7778 8340 7682 7952 7164 7957 7168 7953 7166 7971 7683 7946 7778 7949 7161 7993 7194 7972 7323 7976 7177 7972 7323 7964 7178 7976 7177 8389 7779 8366 7779 8383 7779 8390 7780 8391 7780 8344 7780 8368 7781 8344 7781 8391 7781 8344 7782 8366 7782 8390 7782 7842 7783 7827 7783 7825 7783 8392 7784 8373 7784 8372 7784 8393 7785 8360 7716 8359 7714 8394 7786 8334 7676 8361 7718 8333 7675 8360 7716 8393 7785 8395 7787 8335 7677 8394 7786 8396 7788 8362 7722 8395 7787 8335 7677 8334 7676 8394 7786 8363 7721 8384 7774 8336 7678 8395 7787 8362 7722 8335 7677 8384 7774 8385 7775 8337 7679 8362 7789 8396 7789 8363 7789 8385 7775 8386 7776 8338 7680 8340 7682 8339 7681 8387 7777 7946 7778 7971 7683 8340 7682 7949 7161 7970 7684 7971 7683 7960 7767 7979 7181 7970 7684 7954 7171 7963 7180 7979 7181 8341 7601 8364 7725 7967 7174 7960 7767 7954 7171 7979 7181 8397 7790 7993 7194 8367 7735 8365 7791 8388 7791 8383 7791 8383 7792 8388 7792 8398 7792 8389 7793 8390 7793 8366 7793 7825 7794 7827 7794 7824 7794 8374 7795 8392 7795 8372 7795 8371 7796 8346 7796 8399 7796 8400 7797 8356 7713 8380 7763 8401 7798 8357 7798 8400 7798 8402 7799 8382 7799 8381 7799 8357 7800 8356 7800 8400 7800 8403 7801 8359 7801 8402 7801 8381 7802 8357 7802 8401 7802 8404 7803 8333 7675 8393 7785 8402 7804 8359 7804 8382 7804 8405 7805 8361 7718 8404 7803 8403 7806 8393 7785 8359 7714 8404 7803 8361 7718 8333 7675 8405 7805 8394 7786 8361 7718 8406 7807 8363 7807 8396 7807 8384 7774 8363 7721 8406 7808 7960 7767 7956 7162 7955 7167 7966 7179 7969 7176 7963 7180 7963 7180 7969 7176 7964 7178 8398 7809 8389 7809 8383 7809 7827 7810 7877 7810 7824 7810 8370 7811 8399 7811 8346 7811 7967 7174 8364 7725 7961 7172 8398 7812 8408 7812 8407 7812 8398 7813 8409 7813 8389 7813 8409 7814 8410 7814 8390 7814 8409 7815 8390 7815 8389 7815 8410 7816 7841 7816 8391 7816 8368 7817 8391 7817 7841 7817 8390 7818 8410 7818 8391 7818 7842 7819 7825 7819 8368 7819 7842 7820 8368 7820 7841 7820 8369 7821 7877 7821 7844 7821 8370 7822 8369 7822 8412 7822 8399 7823 8370 7823 8413 7823 8371 7824 8415 7824 8374 7824 8414 7825 8416 7825 8373 7825 8417 7826 8392 7826 8374 7826 8416 7827 8418 7827 8375 7827 8418 7828 8419 7828 8376 7828 8414 7829 8373 7829 8392 7829 8416 7830 8375 7830 8373 7830 8418 7831 8376 7831 8375 7831 8378 7832 8420 7832 8379 7832 8419 7833 8377 7833 8376 7833 8420 7834 8380 7834 8379 7834 8401 7835 8421 7835 8381 7835 8421 7836 8402 7836 8381 7836 8385 7775 8422 7837 8386 7776 8423 7838 7951 7165 7944 7158 8424 7839 8397 7790 8425 7840 8388 7841 8408 7841 8398 7841 7841 7842 7785 7842 7829 7842 7844 7843 8412 7843 8369 7843 7827 7844 7844 7844 7877 7844 8412 7845 8413 7845 8370 7845 8399 7846 8415 7846 8371 7846 8415 7847 8417 7847 8374 7847 8417 7848 8414 7848 8392 7848 8384 7774 8422 7837 8385 7775 8398 7849 8407 7849 8409 7849 8407 7850 8427 7850 8426 7850 8407 7851 8428 7851 8409 7851 8428 7852 7784 7852 8410 7852 8428 7853 8410 7853 8409 7853 7784 7854 7785 7854 7841 7854 7841 7855 8410 7855 7784 7855 7842 7856 7829 7856 7843 7856 7829 7857 7842 7857 7841 7857 7842 7858 8411 7858 7827 7858 7846 7859 7844 7859 7827 7859 8412 7860 7844 7860 7845 7860 8413 7861 8412 7861 7788 7861 8413 7862 8429 7862 8399 7862 8430 7863 8415 7863 8431 7863 8380 7763 8432 7864 8400 7797 8400 7865 8433 7865 8401 7865 8380 7866 8420 7866 8432 7866 8401 7867 8434 7867 8421 7867 8400 7797 8432 7864 8433 7868 8421 7869 8435 7869 8402 7869 8401 7870 8433 7870 8434 7870 8402 7871 8436 7871 8403 7871 8421 7872 8434 7872 8435 7872 8403 7806 8437 7873 8393 7785 8402 7874 8435 7874 8436 7874 8403 7875 8436 7875 8437 7875 8404 7803 8438 7876 8405 7805 8405 7805 8439 7877 8394 7786 8404 7803 8393 7785 8438 7876 8405 7805 8438 7876 8439 7877 8440 7878 8384 7774 8406 7808 8386 7776 8422 7837 7939 7879 8440 7878 8422 7837 8384 7774 7939 7879 7940 7152 8387 7777 8441 7880 8443 7881 8442 7882 7939 7879 8387 7777 8386 7776 8387 7777 7940 7152 7946 7778 8408 7883 8427 7883 8407 7883 8426 7884 8445 7884 8444 7884 7840 7885 7832 7885 7828 7885 8457 7886 8411 7886 8446 7886 7845 7887 7788 7887 8412 7887 7788 7888 8429 7888 8413 7888 8429 7889 8431 7889 8399 7889 8415 7890 8430 7890 8417 7890 8399 7891 8431 7891 8415 7891 8414 7892 8417 7892 8447 7892 8418 7893 8448 7893 8419 7893 8419 7894 8449 7894 8377 7894 8418 7895 8416 7895 8448 7895 8378 7896 8377 7896 8450 7896 8419 7897 8448 7897 8449 7897 8420 7898 8378 7898 8451 7898 8377 7899 8449 7899 8450 7899 8378 7900 8450 7900 8451 7900 8452 7901 8454 7902 8453 7903 8407 7904 8426 7904 8428 7904 8427 7905 8445 7905 8426 7905 8444 7906 8456 7906 8455 7906 8444 7907 8455 7907 8428 7907 7832 7908 7840 7908 7784 7908 8455 7909 7832 7909 8428 7909 8428 7910 7832 7910 7784 7910 7785 7911 7784 7911 7840 7911 8457 7912 7789 7912 7845 7912 8417 7913 8430 7913 8458 7913 8416 7914 8414 7914 8459 7914 8448 7915 8416 7915 8460 7915 8414 7916 8447 7916 8459 7916 8416 7917 8459 7917 8460 7917 8461 7918 8420 7918 8451 7918 8462 7919 8393 7785 8437 7873 8463 7920 8394 7786 8439 7877 8406 7921 8396 7921 8464 7921 8465 7922 8395 7787 8463 7920 8464 7923 8396 7788 8465 7922 7929 7141 7912 7128 8466 7924 7931 7144 7941 7154 8467 7153 8468 7925 8441 7880 8469 7926 8470 7927 8452 7901 8471 7928 8472 7929 8473 7930 8470 7927 8470 7927 8473 7930 7967 7174 8426 7931 8444 7931 8428 7931 8445 7932 8456 7932 8444 7932 8455 7933 8475 7933 8474 7933 7828 7934 7832 7934 7839 7934 8446 7935 7828 7935 7838 7935 8457 7936 8477 7936 7789 7936 8417 7937 8458 7937 8447 7937 8478 7938 8447 7938 8458 7938 8479 7939 8459 7939 8447 7939 8480 7940 8460 7940 8459 7940 8481 7941 8448 7941 8460 7941 8482 7942 8449 7942 8448 7942 8483 7943 8450 7943 8449 7943 8483 7944 8451 7944 8450 7944 8484 7945 8461 7945 8451 7945 8432 7946 8420 7946 8461 7946 8461 7947 8485 7947 8432 7947 8486 7948 8433 7948 8432 7948 8487 7949 8434 7949 8433 7949 8488 7950 8435 7950 8434 7950 8489 7951 8436 7951 8435 7951 8490 7952 8437 7952 8436 7952 8491 7953 8462 7953 8437 7953 8438 7876 8393 7785 8462 7919 8492 7954 8438 7876 8462 7919 8493 7955 8439 7877 8438 7876 8494 7956 8463 7920 8439 7877 8395 7787 8394 7786 8463 7920 8495 7957 8465 7922 8463 7920 8396 7788 8395 7787 8465 7922 8496 7958 8406 7958 8464 7958 8497 7959 8464 7923 8465 7922 7939 7879 8422 7837 8467 7153 7946 7778 7940 7152 7942 7155 7939 7879 8467 7153 7940 7152 8498 7960 8499 7961 8468 7925 8500 7962 8499 7961 8501 7963 7949 7161 7946 7778 7942 7155 7960 7767 7949 7161 7956 7162 7954 7171 7960 7767 7955 7167 7954 7171 7957 7168 7966 7179 8456 7964 8475 7964 8455 7964 8474 7965 8503 7965 8502 7965 7829 7966 7828 7966 8446 7966 7785 7967 7840 7967 7828 7967 8477 7968 8476 7968 8505 7968 7829 7969 7785 7969 7828 7969 7843 7970 7829 7970 8446 7970 8411 7971 7843 7971 8446 7971 8411 7972 8457 7972 7846 7972 8457 7973 7845 7973 7846 7973 7847 7974 8506 7974 8430 7974 7789 7975 8429 7975 7788 7975 8430 7976 8507 7976 8458 7976 8478 7977 8458 7977 8507 7977 8479 7978 8447 7978 8478 7978 8480 7979 8459 7979 8479 7979 8481 7980 8460 7980 8480 7980 8482 7981 8448 7981 8481 7981 8483 7982 8449 7982 8482 7982 8484 7983 8451 7983 8483 7983 8484 7984 8485 7984 8461 7984 8485 7985 8486 7985 8432 7985 8486 7986 8487 7986 8433 7986 8487 7987 8488 7987 8434 7987 8488 7988 8489 7988 8435 7988 8489 7989 8490 7989 8436 7989 8490 7990 8491 7991 8437 7873 8491 7991 8492 7954 8462 7919 8492 7954 8493 7955 8438 7876 8493 7955 8494 7956 8439 7877 8494 7956 8495 7957 8463 7920 8495 7957 8497 7959 8465 7922 8497 7959 8496 7992 8464 7923 8508 7993 8496 7992 8497 7959 8440 7878 8406 7808 8509 7994 8406 7995 8496 7995 8509 7995 8422 7837 7925 7996 7924 7997 8509 7994 7925 7996 8440 7878 7930 7143 8467 7153 7924 7997 7925 7996 8422 7837 8440 7878 8441 7880 7935 7149 8510 7998 8467 7153 8422 7837 7924 7997 7941 7154 7942 7155 7940 7152 8452 7901 8500 7962 8511 7999 7966 7179 7957 7168 7965 7724 8512 8000 8513 8001 8397 7790 7969 7176 7966 7179 7965 7724 8475 8002 8503 8002 8474 8002 8502 8003 8515 8003 8514 8003 8455 8004 8474 8004 7832 8004 8476 8005 7838 8005 8504 8005 7848 8006 8477 8006 8516 8006 8431 8007 7847 8007 8430 8007 8429 8008 7847 8008 8431 8008 8430 8009 8506 8009 8507 8009 8518 8010 8507 8010 8506 8010 8519 8011 8520 8012 8468 7925 8521 8013 8522 8014 8470 7927 7969 7176 7965 7724 8364 7725 8523 8015 8397 7790 8473 7930 8503 8016 8515 8016 8502 8016 8514 8017 8525 8017 8524 8017 8474 8018 8502 8018 7832 8018 8504 8019 7830 8020 7831 8021 7839 8022 7832 8022 8514 8022 7839 8023 7838 8023 7828 8023 8516 8024 8505 8025 8526 8026 7838 8027 8476 8027 8446 8027 8476 8028 8457 8028 8446 8028 7850 8029 8516 8024 8517 8030 8476 8031 8477 8031 8457 8031 7852 7089 7850 8029 7876 7087 7848 8032 7789 8032 8477 8032 7849 8033 7851 8033 8506 8033 7849 8034 7847 8034 7848 8034 8508 7993 8527 8035 8496 7992 8528 8036 8509 8036 8496 8036 8528 8037 8496 7992 8527 8035 7913 7127 8529 8038 7912 7128 8499 7961 8531 8039 8530 8040 8473 7930 8533 8041 8532 8042 7969 7176 8364 7725 8341 7601 8515 8043 8525 8043 8514 8043 8524 8044 7835 7063 7836 7065 8502 8045 8514 8045 7832 8045 8524 8046 7830 8046 7839 8046 7831 8021 8255 8047 8526 8026 7838 8048 7830 8048 8504 8048 8526 8026 8534 8049 8517 8030 8504 8050 8505 8050 8476 8050 8477 8051 8505 8051 8516 8051 8517 8030 8535 8052 7876 7087 8516 8053 7850 8053 7848 8053 8536 8054 7787 7075 7876 7087 7847 8055 7849 8055 8506 8055 7849 8056 7850 8056 7852 8056 8506 8057 7851 8057 8518 8057 7849 8058 7852 8058 7786 8058 8537 8059 8518 8059 7851 8059 8538 8060 8509 8060 8528 8060 8538 8061 8528 8037 8527 8035 7925 7996 8509 7994 7920 7135 8509 8062 8538 8062 7920 8062 7924 7997 7925 7996 7921 7136 7925 7996 7920 7135 7921 7136 8539 8063 7934 7147 7935 7149 7930 7143 7924 7997 7921 7136 8441 7880 8540 8064 8443 7881 7931 7144 8467 7153 7930 7143 8468 7925 8541 8065 8519 8011 7931 7144 7937 7150 7941 7154 7956 7162 7942 7155 7947 7160 7947 7160 7942 7155 7937 7150 8542 8066 8543 8067 8500 7962 7948 7159 7956 7162 7947 7160 8452 7901 8544 8068 8454 7902 7953 7166 7955 7167 7948 7159 8470 7927 8545 8069 8521 8013 8512 8000 8397 7790 8546 8070 8525 8071 7835 7063 8524 8044 7814 7052 7833 7061 8547 8072 8514 8073 8524 8073 7839 8073 7830 8020 7836 7065 7831 8021 8549 8074 8548 8075 8550 8076 8551 8077 8549 8074 8552 8078 7831 8021 8505 8025 8504 8019 8549 8074 8578 8079 8553 8080 8505 8025 7831 8021 8526 8026 8516 8024 8526 8026 8517 8030 8556 8081 8555 8082 8557 8083 8559 8084 7858 8085 8560 8086 7850 8029 8517 8030 7876 7087 7849 8087 7786 8087 7851 8087 7851 8088 7786 8088 8537 8088 7786 7088 7876 7087 7787 7075 8527 8035 8561 8089 8538 8061 8562 8090 7920 7135 8538 8061 8562 8090 8538 8061 8561 8089 7917 7130 7916 7129 7923 7137 7920 7135 8562 8090 7909 7124 7929 7141 8563 8091 7928 7142 7909 7124 7907 7123 7921 7136 7935 7149 7938 7151 8539 8063 7930 7143 7907 7123 7908 7122 8441 7880 8510 7998 8540 8064 7931 7144 7908 7122 7933 7146 7943 7156 7947 7160 7937 7150 7933 7146 7943 7156 7937 7150 8499 7961 8564 8092 8531 8039 7943 7156 7944 7158 7947 7160 8500 7962 8501 7963 8542 8066 7948 7159 7944 7158 7951 7165 8452 7901 8511 7999 8544 8068 7953 7166 7951 7165 7952 7164 7958 7170 7965 7724 7957 7168 7952 7164 7958 7170 7957 7168 8473 7930 8565 8093 8533 8041 7958 7170 7961 7172 7965 7724 8397 7790 8523 8015 8546 8070 7993 7194 8397 7790 8424 7839 8566 8094 8548 8075 7814 7052 8524 8044 7836 7065 7830 8020 8566 8094 8550 8076 8548 8075 8255 8047 7831 8021 7837 7064 8550 8076 8567 8095 8549 8074 8578 8079 8554 8096 8553 8080 8534 8049 8526 8026 8255 8047 8568 8097 8556 8081 8553 8080 8535 8052 8517 8030 8534 8049 8558 8098 8569 8099 8557 8083 8560 8086 7858 8085 8557 8083 7876 7087 8535 8052 8536 8054 7786 7088 7787 7075 8537 8100 8536 8054 7853 7076 7787 7075 7857 7077 8537 8100 7787 7075 8561 8089 8570 8101 8562 8090 8571 8102 7909 7124 8562 8090 8570 8101 8571 8102 8562 8090 7926 7139 7911 7126 7912 7128 7910 7125 7909 7124 8571 8102 8466 7924 8563 8091 7929 7141 7906 7121 7907 7123 7910 7125 7929 7141 8572 8103 7938 7151 7932 7145 7908 7122 7906 7121 8573 8104 7943 7156 7933 7146 8573 8104 7933 7146 7932 7145 8469 7926 8541 8065 8468 7925 7945 7157 7943 7156 8573 8104 8498 7960 8564 8092 8499 7961 8423 7838 7944 7158 7945 7157 8499 7961 8574 8105 8501 7963 7950 7163 7951 7165 8423 7838 8500 7962 8575 8106 8511 7999 7959 7169 7952 7164 7950 7163 8471 7928 8545 8069 8470 7927 7962 7173 7958 7170 7959 7169 8472 7929 8565 8093 8473 7930 7968 7175 7961 7172 7962 7173 8473 7930 8576 8107 8523 8015 8577 8108 8425 7840 8397 7790 8341 7601 7967 7174 8367 7735 7835 8109 7816 8109 7837 8109 7836 7065 7837 7064 7831 8021 7814 8110 8548 8110 8255 8110 8552 8078 8549 8074 8567 8095 8548 8111 8549 8111 8255 8111 8578 8079 8549 8074 8551 8077 8568 8097 8553 8080 8554 8096 8549 8112 8553 8112 8534 8112 8555 8082 8556 8081 8568 8097 8579 8113 8557 8083 8555 8082 8553 8114 8556 8114 8535 8114 8535 8115 8556 8115 8557 8115 8535 8116 8557 8116 8536 8116 8580 8117 7858 8085 8559 8084 8557 8118 7858 8118 8536 8118 7859 7079 7857 7077 7853 7076 8570 8101 8581 8119 8571 8102 7914 8120 7910 8120 8571 8120 8571 8102 8581 8119 7914 7131 8582 8121 7926 7139 7917 7130 7914 8122 7917 8122 7910 8122 7912 7128 8529 8038 8583 8123 7906 7121 7917 7130 7912 7128 7929 7141 7927 7140 8584 8124 7912 7128 7929 7141 7932 7145 8585 8125 8510 7998 7935 7149 7929 7141 7935 7149 8573 8104 8586 8126 8469 7926 8441 7880 7935 7149 8441 7880 7945 7157 8468 7925 8520 8012 8587 8127 8423 7838 8441 7880 8468 7925 8499 7961 8530 8040 8588 8128 7950 7163 8468 7925 8499 7961 8500 7962 8543 8067 8589 8129 8499 7961 8500 7962 7959 7169 8590 8130 8471 7928 8452 7901 8500 7962 8452 7901 7962 7173 8470 7927 8522 8014 8591 8131 7968 7175 8452 7901 8470 7927 8473 7930 8532 8042 8592 8132 8367 7735 8473 7930 8397 7790 8397 7790 8593 8133 8577 8108 7816 8134 7814 8134 7837 8134 8566 8094 7814 7052 8547 8072 8255 8135 7837 8135 7814 8135 8534 8136 8255 8136 8549 8136 8535 8137 8534 8137 8553 8137 8579 8113 8558 8098 8557 8083 8560 8086 8557 8083 8569 8099 7853 8138 8536 8138 7858 8138 7854 7073 7858 8085 8580 8117 7855 7072 7858 8085 7854 7073 7859 7079 7855 7072 7861 7081 7919 7134 7914 7131 8581 8119 7916 7129 7914 7131 7915 7133 8582 8121 7917 7130 7922 7138 7906 7121 7910 7125 7917 7130 8466 7924 7912 7128 8583 8123 7932 7145 7906 7121 7912 7128 8572 8103 7929 7141 8584 8124 8573 8104 7932 7145 7929 7141 8585 8125 7935 7149 7936 7148 7945 7157 8573 8104 7935 7149 8586 8126 8441 7880 8442 7882 8423 7838 7945 7157 8441 7880 8498 7960 8468 7925 8587 8127 7950 7163 8423 7838 8468 7925 8574 8105 8499 7961 8588 8128 7959 7169 7950 7163 8499 7961 8575 8106 8500 7962 8589 8129 7962 7173 7959 7169 8500 7962 8590 8130 8452 7901 8453 7903 7968 7175 7962 7173 8452 7901 8472 7929 8470 7927 8591 8131 7967 7174 7968 7175 8470 7927 8576 8107 8473 7930 8592 8132 8367 7735 7967 7174 8473 7930 8513 8001 8594 8139 8397 7790 8593 8133 8397 7790 8594 8139 8595 8140 8597 8140 8596 8140 8598 60 8600 60 8599 60 8599 8141 8601 8141 8598 8141 8600 8142 8603 8142 8602 8142 8603 8143 8600 8143 8598 8143 8604 60 8602 60 8605 60 8603 60 8605 60 8602 60 8606 8144 8607 8144 8604 8144 8604 8145 8605 8145 8606 8145 8607 60 8597 60 8595 60 8597 60 8607 60 8606 60 8608 60 8610 60 8609 60 8596 8146 8612 8146 8611 8146 8613 8147 8615 8147 8614 8147 8616 8148 8618 8148 8617 8148 8619 60 8621 60 8620 60 8622 8149 8624 8149 8623 8149 8625 8150 8627 8150 8626 8150 8628 8151 8630 8151 8629 8151 8629 60 8632 60 8631 60 8624 60 8631 60 8632 60 8631 8152 8628 8152 8629 8152 8623 60 8624 60 8632 60 8625 60 8622 60 8627 60 8627 60 8622 60 8623 60 8616 60 8617 60 8626 60 8626 8153 8617 8153 8625 8153 8620 8154 8621 8154 8618 8154 8616 8155 8620 8155 8618 8155 8619 8156 8614 8156 8615 8156 8621 60 8619 60 8615 60 8613 60 8608 60 8609 60 8613 8157 8614 8157 8608 8157 8612 60 8610 60 8611 60 8612 60 8609 60 8610 60 8611 60 8595 60 8596 60 8633 8158 8635 8158 8634 8158 8634 8159 8638 8159 8633 8159 8639 60 8641 60 8640 60 8635 8160 8643 8160 8642 8160 8644 60 8641 60 8645 60 8646 8161 8643 8161 8647 8161 8642 8162 8643 8162 8648 8162 8633 8163 8650 8163 8649 8163 8651 8164 8641 8164 8652 8164 8653 8165 8652 8165 8654 8165 8655 60 8657 60 8656 60 8658 8166 8660 8166 8659 8166 8653 60 8654 60 8661 60 8658 8167 8662 8167 8660 8167 8660 8168 8664 8168 8663 8168 8664 8169 8660 8169 8662 8169 8664 8170 8637 8170 8636 8170 8636 8171 8663 8171 8664 8171 8637 8172 8665 8172 8636 8172 8666 60 8647 60 8667 60 8635 8173 8633 8173 8643 8173 8668 60 8670 60 8669 60 8671 8174 8672 8174 8643 8174 8643 8175 8672 8175 8648 8175 8671 8176 8643 8176 8673 8176 8646 8177 8673 8177 8643 8177 8667 8178 8647 8178 8643 8178 8674 8179 8666 8179 8667 8179 8674 8180 8676 8180 8675 8180 8666 8181 8674 8181 8675 8181 8677 8182 8676 8182 8668 8182 8674 8183 8668 8183 8676 8183 8668 8184 8669 8184 8678 8184 8668 8185 8678 8185 8677 8185 8668 8186 8680 8186 8679 8186 8670 8187 8668 8187 8679 8187 8680 60 8668 60 8639 60 8656 8188 8657 8188 8658 8188 8668 60 8641 60 8639 60 8641 8189 8644 8189 8640 8189 8641 8190 8682 8190 8681 8190 8645 60 8641 60 8681 60 8641 8191 8684 8191 8683 8191 8682 8192 8641 8192 8683 8192 8685 60 8641 60 8651 60 8684 60 8641 60 8685 60 8651 60 8652 60 8653 60 8661 8193 8654 8193 8657 8193 8661 60 8657 60 8655 60 8659 60 8686 60 8656 60 8656 8194 8658 8194 8659 8194 8687 8195 8686 8195 8633 8195 8659 8196 8633 8196 8686 8196 8633 8197 8649 8197 8687 8197 8638 8198 8688 8198 8633 8198 8633 8199 8688 8199 8650 8199 8689 8200 8691 122 8690 121 8692 8201 8694 8202 8693 8202 8695 8203 8697 8200 8696 8203 8698 8204 8700 8205 8699 8204 8701 8206 8703 8207 8702 8207 8704 8208 8706 8208 8705 8209 8707 8210 8709 8211 8708 8210 8710 8212 8712 8213 8711 8213 8713 8214 8715 8214 8714 8209 8716 141 8718 8215 8717 8216 8719 8217 8721 8218 8720 8218 8722 8219 8724 8220 8723 143 8725 8221 8727 8215 8726 8222 8728 8223 8730 8224 8729 8225 8731 8226 8733 8227 8732 8228 8734 8229 8736 8230 8735 8231 8737 8232 8739 8233 8738 8234 8740 8235 8742 8236 8741 1985 8743 8237 8745 8238 8744 8239 8746 1984 8748 8240 8747 8241 8748 8240 8746 1984 8749 1983 8750 158 8751 8242 8747 8241 8747 8241 8748 8240 8750 158 8752 8243 8751 8242 8753 8244 8750 158 8753 8244 8751 8242 8752 8243 8755 8245 8754 8246 8755 8245 8752 8243 8753 8244 8756 8247 8757 8248 8754 8246 8754 8246 8755 8245 8756 8247 8758 8249 8757 8248 8759 8250 8756 8247 8759 8250 8757 8248 8758 8249 8761 8251 8760 8252 8761 8251 8758 8249 8759 8250 8762 8253 8763 8254 8760 8252 8760 8252 8761 8251 8762 8253 8691 122 8763 8254 8764 8255 8762 8253 8764 8255 8763 8254 8690 121 8691 122 8764 8255 8749 1983 8741 1985 8742 8236 8746 1984 8741 1985 8749 1983 8743 8237 8744 8239 8740 8235 8740 8235 8744 8239 8742 8236 8734 8229 8745 8238 8736 8230 8736 8230 8745 8238 8743 8237 8739 8233 8735 8231 8738 8234 8739 8233 8734 8229 8735 8231 8737 8232 8728 8223 8729 8225 8737 8232 8738 8234 8728 8223 8730 8224 8733 8227 8731 8226 8729 8225 8730 8224 8731 8226 8723 143 8724 8220 8732 8228 8733 8227 8723 143 8732 8228 8725 8221 8726 8222 8722 8219 8722 8219 8726 8222 8724 8220 8716 141 8727 8215 8718 8215 8718 8215 8727 8215 8725 8221 8721 8218 8716 141 8717 8216 8719 8217 8720 8218 8710 8212 8721 8218 8717 8216 8720 8218 8711 8213 8712 8213 8713 8214 8719 8217 8710 8212 8711 8213 8715 8214 8705 8209 8714 8209 8712 8213 8715 8214 8713 8214 8704 8208 8708 8210 8706 8208 8705 8209 8706 8208 8714 8209 8700 8205 8709 8211 8707 8210 8707 8210 8708 8210 8704 8208 8703 8207 8698 8204 8699 8204 8698 8204 8709 8211 8700 8205 8701 8206 8702 8207 8692 8201 8703 8207 8699 8204 8702 8207 8693 8202 8694 8202 8696 8203 8701 8206 8692 8201 8693 8202 8695 8203 8689 8200 8697 8200 8694 8202 8695 8203 8696 8203 8690 121 8697 8200 8689 8200</p>
        </triangles>
        <triangles material="ID53_002-material" count="1526">
          <input semantic="VERTEX" source="#ID26_011-mesh-vertices" offset="0"/>
          <input semantic="NORMAL" source="#ID26_011-mesh-normals" offset="1"/>
          <p>304 119 306 120 305 119 307 121 309 120 308 122 310 123 312 124 311 125 313 126 315 127 314 128 316 129 318 130 317 129 319 130 321 131 320 131 322 132 324 132 323 133 325 134 327 133 326 134 328 135 330 136 329 136 331 137 333 137 332 135 334 138 336 139 335 140 337 139 339 141 338 141 340 142 342 142 341 143 343 144 345 145 344 144 346 146 348 147 347 148 349 149 351 150 350 146 352 151 354 152 353 151 355 152 357 153 356 154 358 155 360 155 359 156 361 157 363 156 362 157 364 158 360 155 358 155 364 158 366 158 365 159 366 158 364 158 358 155 367 159 368 160 365 159 365 159 366 158 367 159 369 161 368 160 370 160 367 159 370 160 368 160 369 161 372 161 371 162 372 161 369 161 370 160 373 163 374 164 371 162 371 162 372 161 373 163 375 165 374 164 376 164 373 163 376 164 374 164 375 165 378 166 377 167 378 166 375 165 376 164 379 167 308 122 377 167 377 167 378 166 379 167 359 156 363 156 361 157 379 167 307 121 308 122 360 155 363 156 359 156 352 151 353 151 362 157 362 157 353 151 361 157 356 154 354 152 355 152 355 152 354 152 352 151 348 147 357 153 347 148 348 147 356 154 357 153 346 146 350 146 351 150 346 146 347 148 350 146 349 149 342 142 340 142 351 150 349 149 340 142 345 145 343 144 341 143 342 142 345 145 341 143 334 138 335 140 344 144 344 144 335 140 343 144 338 141 336 139 337 139 337 139 336 139 334 138 330 136 338 141 339 141 328 135 329 136 332 135 330 136 339 141 329 136 333 137 331 137 322 132 328 135 332 135 333 137 324 132 327 133 323 133 331 137 324 132 322 132 326 134 317 129 325 134 327 133 325 134 323 133 319 130 318 130 316 129 316 129 317 129 326 134 312 124 320 131 321 131 320 131 318 130 319 130 310 123 311 125 313 126 312 124 321 131 311 125 314 128 315 127 305 119 310 123 313 126 314 128 304 119 309 120 306 120 315 127 304 119 305 119 307 121 306 120 309 120 380 60 382 60 381 60 383 60 385 60 384 60 386 168 388 168 387 168 380 169 389 169 388 169 390 60 391 60 381 60 392 60 393 60 386 60 392 60 394 60 393 60 395 170 396 170 394 170 397 60 391 60 398 60 399 60 400 60 395 60 397 60 402 60 401 60 403 60 405 60 404 60 406 171 403 171 401 171 407 60 409 60 408 60 410 60 412 60 411 60 413 60 415 60 414 60 416 172 418 172 417 172 419 173 421 173 420 173 422 174 424 174 423 174 425 175 427 175 426 175 428 176 430 176 429 176 431 60 427 60 432 60 432 60 434 60 433 60 429 60 436 60 435 60 434 60 437 60 436 60 438 60 440 60 439 60 441 60 443 60 442 60 444 60 445 60 424 60 444 60 430 60 446 60 422 60 383 60 384 60 447 60 449 60 448 60 450 60 385 60 416 60 425 177 426 177 443 177 414 178 415 178 451 178 418 179 453 179 452 179 454 180 408 180 455 180 456 60 412 60 453 60 410 60 458 60 457 60 455 60 404 60 454 60 457 60 459 60 399 60 413 60 448 60 415 60 448 181 413 181 447 181 451 182 409 182 407 182 451 60 407 60 414 60 409 60 455 60 408 60 404 60 405 60 454 60 403 183 406 183 405 183 401 184 402 184 406 184 397 60 398 60 402 60 391 185 390 185 398 185 381 186 382 186 390 186 381 60 389 60 380 60 389 60 387 60 388 60 387 60 392 60 386 60 394 187 396 187 393 187 395 188 400 188 396 188 399 60 459 60 400 60 457 60 458 60 459 60 410 60 411 60 458 60 412 60 456 60 411 60 412 189 452 189 453 189 452 190 417 190 418 190 417 191 450 191 416 191 450 60 384 60 385 60 422 192 423 192 383 192 424 193 445 193 423 193 444 194 446 194 445 194 430 195 428 195 446 195 429 196 435 196 428 196 436 197 437 197 435 197 436 198 433 198 434 198 433 60 431 60 432 60 431 60 426 60 427 60 442 199 440 199 441 199 443 60 441 60 425 60 439 60 421 60 438 60 442 200 439 200 440 200 419 201 420 201 449 201 438 202 421 202 419 202 448 203 449 203 420 203 460 204 462 205 461 206 463 207 465 208 464 209 466 210 468 211 467 212 469 213 471 214 470 215 472 216 474 217 473 218 472 216 476 219 475 220 477 221 479 222 478 223 478 223 481 224 480 225 482 226 484 227 483 228 485 229 487 230 486 231 488 232 490 233 489 234 491 235 484 227 492 236 493 237 495 238 494 239 496 240 498 241 497 242 499 243 501 244 500 245 502 246 503 247 500 245 504 248 506 249 505 250 507 251 509 252 508 253 510 254 512 255 511 256 513 257 515 258 514 259 516 260 518 261 517 262 519 263 516 260 520 264 521 265 518 261 516 260 522 266 521 265 523 267 521 265 522 266 518 261 523 267 525 268 524 269 524 269 522 266 523 267 526 270 527 271 525 268 524 269 525 268 527 271 528 272 526 270 529 273 526 270 528 272 527 271 529 273 531 274 530 275 530 275 528 272 529 273 532 276 533 277 531 274 530 275 531 274 533 277 534 278 532 276 535 279 532 276 534 278 533 277 535 279 537 280 536 281 536 281 534 278 535 279 463 207 538 282 537 280 536 281 537 280 538 282 516 260 517 262 520 264 463 207 464 209 538 282 510 254 519 263 520 264 511 256 512 255 513 257 519 263 510 254 511 256 515 258 505 250 514 259 512 255 515 258 513 257 504 248 508 253 506 249 505 250 506 249 514 259 501 244 509 252 507 251 507 251 508 253 504 248 503 247 499 243 500 245 499 243 509 252 501 244 493 237 494 239 503 247 493 237 503 247 502 246 498 241 496 240 495 238 496 240 494 239 495 238 490 233 497 242 489 234 497 242 498 241 489 234 490 233 488 232 492 236 483 228 484 227 491 235 491 235 492 236 488 232 482 226 486 231 487 230 483 228 486 231 482 226 485 229 479 222 477 221 485 229 477 221 487 230 481 224 478 223 539 283 539 283 478 223 479 222 474 217 480 225 473 218 480 225 481 224 473 218 476 219 468 211 475 220 474 217 472 216 475 220 469 213 466 210 467 212 467 212 468 211 476 219 461 206 470 215 471 214 470 215 466 210 469 213 462 205 460 204 465 208 461 206 471 214 460 204 465 208 463 207 462 205 540 284 542 284 541 285 543 286 545 286 544 287 542 284 547 288 546 288 547 288 542 284 540 284 548 289 546 288 549 289 547 288 549 289 546 288 550 290 551 290 548 289 548 289 549 289 550 290 551 290 553 291 552 291 553 291 551 290 550 290 554 292 552 291 555 292 553 291 555 292 552 291 556 293 557 294 554 292 554 292 555 292 556 293 557 294 559 295 558 295 559 295 557 294 556 293 560 296 558 295 561 296 559 295 561 296 558 295 562 297 563 297 560 296 560 296 561 296 562 297 564 145 563 297 562 297 564 145 565 145 563 297 540 284 541 285 566 285 567 298 566 285 568 298 541 285 568 298 566 285 569 299 570 300 567 298 567 298 568 298 569 299 570 300 572 301 571 301 572 301 570 300 569 299 573 302 571 301 574 302 572 301 574 302 571 301 575 303 576 303 573 302 573 302 574 302 575 303 576 303 578 304 577 304 578 304 576 303 575 303 579 305 577 304 580 306 578 304 580 306 577 304 581 307 582 307 579 305 579 305 580 306 581 307 582 307 584 308 583 309 584 308 582 307 581 307 584 308 545 286 583 309 585 310 587 311 586 310 583 309 545 286 543 286 588 312 590 313 589 314 591 315 593 315 592 316 594 317 596 318 595 318 597 319 599 317 598 320 600 321 602 321 601 322 603 322 605 323 604 323 606 324 608 325 607 324 609 326 611 326 610 325 612 327 614 328 613 329 615 330 614 328 616 331 617 332 618 329 613 329 612 327 613 329 618 329 617 332 620 333 619 332 619 332 618 329 617 332 621 333 620 333 622 334 620 333 621 333 619 332 565 145 623 335 622 334 621 333 622 334 623 335 564 145 623 335 565 145 615 330 616 331 606 324 616 331 614 328 612 327 608 325 610 325 607 324 606 324 607 324 615 330 609 326 602 321 611 326 608 325 609 326 610 325 600 321 601 322 603 322 611 326 602 321 600 321 604 323 605 323 595 318 603 322 601 322 605 323 599 317 596 318 594 317 596 318 604 323 595 318 588 312 597 319 598 320 598 320 599 317 594 317 590 313 592 316 589 314 588 312 589 314 597 319 591 315 585 310 593 315 590 313 591 315 592 316 586 310 587 311 544 287 593 315 585 310 586 310 543 286 544 287 587 311 624 333 626 336 625 337 627 143 629 334 628 145 630 338 632 339 631 327 633 340 635 341 634 342 636 325 638 343 637 344 639 324 641 331 640 345 642 346 644 322 643 347 645 348 647 321 646 326 648 349 650 350 649 317 651 323 653 351 652 318 654 313 656 352 655 353 657 314 659 320 658 354 660 287 662 311 661 355 663 356 665 310 664 315 666 308 668 357 667 358 669 121 671 121 670 359 672 360 674 361 673 362 675 363 677 364 676 365 678 366 680 367 679 368 681 369 683 370 682 371 684 372 686 373 685 374 687 375 689 376 688 377 686 373 690 378 685 374 691 379 690 378 692 380 686 373 692 380 690 378 691 379 694 381 693 382 694 381 691 379 692 380 695 383 696 384 693 382 693 382 694 381 695 383 697 385 696 384 698 386 695 383 698 386 696 384 697 385 700 387 699 388 700 387 697 385 698 386 701 389 702 390 699 388 699 388 700 387 701 389 703 391 702 390 704 392 701 389 704 392 702 390 703 391 706 393 705 394 706 393 703 391 704 392 707 395 628 145 705 394 705 394 706 393 707 395 684 372 688 377 689 376 707 395 627 143 628 145 684 372 685 374 688 377 687 375 680 367 678 366 689 376 687 375 678 366 683 370 681 369 679 368 680 367 683 370 679 368 672 360 673 362 682 371 682 371 673 362 681 369 676 365 674 361 675 363 675 363 674 361 672 360 668 357 677 364 667 358 668 357 676 365 677 364 666 308 670 359 671 121 666 308 667 358 670 359 669 121 662 311 660 287 671 121 669 121 660 287 665 310 663 356 661 355 662 311 665 310 661 355 654 313 655 353 664 315 664 315 655 353 663 356 657 314 656 352 654 313 650 350 658 354 659 320 658 354 656 352 657 314 648 349 649 317 652 318 650 350 659 320 649 317 653 351 651 323 642 346 648 349 652 318 653 351 644 322 647 321 643 347 651 323 644 322 642 346 646 326 637 344 645 348 647 321 645 348 643 347 639 324 638 343 636 325 636 325 637 344 646 326 632 339 640 345 641 331 640 345 638 343 639 324 630 338 631 327 633 340 632 339 641 331 631 327 634 342 635 341 625 337 630 338 633 340 634 342 624 333 629 334 626 336 635 341 624 333 625 337 627 143 626 336 629 334 708 396 710 397 709 398 711 399 713 400 712 401 708 396 715 402 714 403 714 403 710 397 708 396 716 404 715 402 717 405 715 402 716 404 714 403 717 405 719 406 718 407 716 404 717 405 718 407 719 406 721 408 720 409 721 408 719 406 717 405 722 410 720 409 723 411 721 408 723 411 720 409 724 412 725 413 722 410 722 410 723 411 724 412 725 413 727 414 726 415 727 414 725 413 724 412 728 416 726 415 729 417 727 414 729 417 726 415 730 418 731 419 728 416 728 416 729 417 730 418 732 420 731 419 730 418 732 420 733 421 731 419 709 398 735 422 734 423 735 422 709 398 710 397 736 424 734 423 737 425 735 422 737 425 734 423 738 426 739 427 736 424 736 424 737 425 738 426 739 427 741 428 740 429 741 428 739 427 738 426 742 430 740 429 743 431 741 428 743 431 740 429 744 432 745 433 742 430 742 430 743 431 744 432 745 433 747 434 746 435 747 434 745 433 744 432 748 436 746 435 749 437 747 434 749 437 746 435 750 438 751 439 748 436 748 436 749 437 750 438 751 439 753 440 752 441 753 440 751 439 750 438 752 441 754 442 713 400 753 440 754 442 752 441 755 443 757 444 756 445 752 441 713 400 711 399 758 446 760 447 759 448 761 449 763 450 762 451 764 452 766 453 765 454 767 455 769 456 768 457 770 458 772 459 771 460 773 461 774 462 765 454 775 463 777 464 776 465 778 466 780 467 779 468 781 469 783 470 782 471 784 472 786 473 785 474 787 475 782 471 788 476 783 470 788 476 782 471 789 477 790 478 787 475 787 475 788 476 789 477 790 478 792 479 791 480 792 479 790 478 789 477 793 481 791 480 794 482 792 479 794 482 791 480 795 483 732 420 793 481 793 481 794 482 795 483 733 421 732 420 795 483 781 469 785 474 786 473 786 473 783 470 781 469 777 464 775 463 784 472 777 464 784 472 785 474 776 465 778 466 779 468 777 464 778 466 776 465 772 459 780 467 771 460 779 468 780 467 772 459 773 461 770 458 774 462 770 458 771 460 774 462 766 453 764 452 769 456 766 453 773 461 765 454 758 446 767 455 768 457 768 457 769 456 764 452 760 447 762 451 759 448 758 446 759 448 767 455 761 449 755 443 763 450 760 447 761 449 762 451 756 445 757 444 712 401 763 450 755 443 756 445 711 399 712 401 757 444 796 484 798 484 797 484 799 79 801 79 800 79 802 79 798 79 796 79 797 79 804 79 803 79 805 79 806 79 802 79 807 79 808 79 804 79 809 485 807 485 810 485 811 486 812 486 810 486 813 79 814 79 805 79 815 487 811 487 816 487 817 488 818 488 813 488 819 489 821 489 820 489 815 490 822 490 820 490 823 491 825 491 824 491 826 492 825 492 821 492 827 493 829 493 828 493 827 494 823 494 830 494 831 495 832 495 828 495 831 496 828 496 829 496 831 497 833 497 832 497 834 79 832 79 833 79 835 79 836 79 817 79 831 498 837 498 833 498 838 79 840 79 839 79 841 79 843 79 842 79 844 499 846 499 845 499 847 500 849 500 848 500 850 79 852 79 851 79 853 79 855 79 854 79 856 501 858 501 857 501 859 79 858 79 851 79 860 79 862 79 861 79 856 502 863 502 860 502 864 503 799 503 865 503 865 79 861 79 866 79 867 504 800 504 868 504 869 505 871 505 870 505 867 79 870 79 871 79 872 506 842 506 873 506 874 79 869 79 872 79 875 79 841 79 876 79 877 507 879 507 878 507 840 79 838 79 844 79 835 79 881 79 880 79 881 79 877 79 882 79 883 79 879 79 876 79 833 79 847 79 834 79 853 79 852 79 855 79 827 508 830 508 829 508 823 79 824 79 830 79 825 79 826 79 824 79 821 79 819 79 826 79 820 509 822 509 819 509 815 510 816 510 822 510 815 511 812 511 811 511 812 79 809 79 810 79 809 79 808 79 807 79 808 512 803 512 804 512 803 79 796 79 797 79 802 79 806 79 798 79 805 513 814 513 806 513 813 514 818 514 814 514 817 79 836 79 818 79 835 79 880 79 836 79 881 79 882 79 880 79 877 515 878 515 882 515 879 79 883 79 878 79 879 516 875 516 876 516 875 79 843 79 841 79 843 517 873 517 842 517 873 79 874 79 872 79 874 518 871 518 869 518 867 519 868 519 870 519 800 79 801 79 868 79 799 520 864 520 801 520 865 521 866 521 864 521 861 522 862 522 866 522 860 523 863 523 862 523 856 524 857 524 863 524 858 79 859 79 857 79 858 79 850 79 851 79 850 79 855 79 852 79 854 79 846 79 853 79 845 79 840 79 844 79 854 525 845 525 846 525 848 79 838 79 839 79 847 79 848 79 884 79 839 526 884 526 848 526 834 527 847 527 884 527 885 121 887 528 886 121 888 529 887 528 889 530 887 528 888 529 886 121 890 531 891 532 889 530 888 529 889 530 891 532 890 531 893 533 892 534 892 534 891 532 890 531 894 535 893 533 895 536 893 533 894 535 892 534 896 537 897 538 895 536 894 535 895 536 897 538 896 537 899 539 898 540 898 540 897 538 896 537 900 541 899 539 901 542 899 539 900 541 898 540 902 543 903 544 901 542 900 541 901 542 903 544 902 543 905 545 904 546 904 546 903 544 902 543 906 547 905 545 907 548 905 545 906 547 904 546 908 549 909 550 907 548 906 547 907 548 909 550 908 549 911 551 910 552 910 552 909 550 908 549 912 553 911 551 913 554 911 551 912 553 910 552 914 555 915 556 913 554 912 553 913 554 915 556 914 555 917 557 916 558 916 558 915 556 914 555 918 559 917 557 919 560 917 557 918 559 916 558 920 561 921 562 919 560 918 559 919 560 921 562 920 561 923 563 922 564 922 564 921 562 920 561 924 565 923 563 925 566 923 563 924 565 922 564 926 567 927 568 925 566 924 565 925 566 927 568 926 567 929 569 928 570 928 570 927 568 926 567 929 569 930 569 928 570 931 571 885 121 886 121 932 572 933 573 931 571 885 121 931 571 933 573 932 572 935 574 934 575 934 575 933 573 932 572 936 576 935 574 937 577 935 574 936 576 934 575 938 578 939 579 937 577 936 576 937 577 939 579 938 578 941 580 940 581 940 581 939 579 938 578 942 582 941 580 943 583 941 580 942 582 940 581 944 584 945 585 943 583 942 582 943 583 945 585 944 584 947 586 946 587 946 587 945 585 944 584 948 588 947 586 949 589 947 586 948 588 946 587 950 590 951 591 949 589 948 588 949 589 951 591 950 590 953 592 952 593 952 593 951 591 950 590 954 594 953 592 955 595 953 592 954 594 952 593 956 596 957 597 955 595 954 594 955 595 957 597 956 596 959 598 958 599 958 599 957 597 956 596 960 600 959 598 961 601 959 598 960 600 958 599 962 602 963 603 961 601 960 600 961 601 963 603 962 602 965 604 964 605 964 605 963 603 962 602 966 606 965 604 967 607 965 604 966 606 964 605 968 608 969 609 967 607 966 606 967 607 969 609 968 608 971 610 970 611 970 611 969 609 968 608 972 612 971 610 973 613 971 610 972 612 970 611 972 612 973 613 974 614 975 60 977 60 976 60 978 615 975 615 979 615 976 616 979 616 975 616 980 617 982 121 981 121 983 618 985 619 984 620 986 621 988 622 987 623 989 624 991 625 990 626 992 627 994 628 993 628 995 629 997 630 996 631 998 632 1000 625 999 632 1001 633 1003 634 1002 635 1004 636 1006 637 1005 638 1007 639 1009 640 1008 639 1010 641 1012 642 1011 642 1013 643 1015 643 1014 145 1016 644 1018 645 1017 646 1019 647 1021 648 1020 649 1022 650 1024 650 1023 145 1025 651 1027 652 1026 653 1028 647 1030 654 1029 654 1031 655 1033 655 1032 656 1034 657 1036 658 1035 659 1037 660 1039 660 1038 661 1039 660 1037 660 1040 662 1041 661 1042 663 1038 661 1038 661 1039 660 1041 661 1043 664 1042 663 1044 663 1041 661 1044 663 1042 663 1043 664 1046 665 1045 666 1046 665 1043 664 1044 663 1047 667 1048 668 1045 666 1045 666 1046 665 1047 667 1049 669 1048 668 1050 670 1047 667 1050 670 1048 668 1049 669 1052 671 1051 672 1052 671 1049 669 1050 670 1053 672 1054 673 1051 672 1051 672 1052 671 1053 672 982 121 1054 673 1055 674 1053 672 1055 674 1054 673 981 121 982 121 1055 674 1040 662 1032 656 1033 655 1037 660 1032 656 1040 662 1034 657 1035 659 1031 655 1031 655 1035 659 1033 655 1025 651 1036 658 1027 652 1027 652 1036 658 1034 657 1030 654 1026 653 1029 654 1030 654 1025 651 1026 653 1028 647 1019 647 1020 649 1028 647 1029 654 1019 647 1021 648 1024 650 1022 650 1020 649 1021 648 1022 650 1014 145 1015 643 1023 145 1024 650 1014 145 1023 145 1016 644 1017 646 1013 643 1013 643 1017 646 1015 643 1007 639 1018 645 1009 640 1009 640 1018 645 1016 644 1012 642 1007 639 1008 639 1010 641 1011 642 1001 633 1012 642 1008 639 1011 642 1002 635 1003 634 1004 636 1010 641 1001 633 1002 635 1006 637 996 631 1005 638 1003 634 1006 637 1004 636 995 629 999 632 997 630 996 631 997 630 1005 638 991 625 1000 625 998 632 998 632 999 632 995 629 994 628 989 624 990 626 989 624 1000 625 991 625 992 627 993 628 983 618 994 628 990 626 993 628 984 620 985 619 987 623 992 627 983 618 984 620 986 621 980 617 988 622 985 619 986 621 987 623 981 121 988 622 980 617 1056 675 1058 675 1057 675 1057 676 1059 676 1056 676 1060 677 1062 677 1061 677 1063 678 1065 678 1064 678 1066 679 1062 679 1063 679 1067 680 1060 680 1061 680 1063 681 1060 681 1065 681 1062 682 1060 682 1063 682 1068 683 1070 683 1069 683 1069 683 1071 683 1068 683 1072 684 1074 684 1073 684 1072 685 1075 685 1074 685 1076 686 1077 686 1072 686 1078 687 1079 687 1075 687 1074 688 1075 688 1079 688 1072 689 1077 689 1075 689 1080 690 1082 691 1081 692 1083 693 1085 693 1084 692 1086 694 1088 695 1087 696 1089 694 1091 697 1090 697 1092 698 1094 698 1093 699 1095 699 1097 700 1096 701 1098 702 1100 703 1099 704 1101 705 1103 705 1102 703 1104 706 1106 707 1105 707 1107 708 1109 706 1108 708 1110 709 1112 710 1111 711 1112 710 1110 709 1113 709 1114 712 1111 711 1115 712 1112 710 1115 712 1111 711 1116 713 1117 713 1114 712 1114 712 1115 712 1116 713 1117 713 1119 714 1118 715 1119 714 1117 713 1116 713 1120 716 1118 715 1121 717 1119 714 1121 717 1118 715 1105 707 1113 709 1110 709 1106 707 1113 709 1105 707 1104 706 1108 708 1109 706 1106 707 1104 706 1109 706 1107 708 1098 702 1099 704 1107 708 1108 708 1098 702 1102 703 1100 703 1101 705 1102 703 1099 704 1100 703 1092 698 1103 705 1094 698 1094 698 1103 705 1101 705 1097 700 1095 699 1093 699 1093 699 1095 699 1092 698 1087 696 1088 695 1096 701 1097 700 1087 696 1096 701 1086 694 1091 697 1089 694 1088 695 1086 694 1089 694 1090 697 1082 691 1080 690 1090 697 1091 697 1082 691 1083 693 1084 692 1081 692 1084 692 1080 690 1081 692 1122 718 1124 718 1123 718 1125 719 1127 719 1126 719 1125 720 1129 720 1128 720 1130 721 1132 721 1131 721 1133 722 1125 722 1134 722 1125 723 1128 723 1134 723 1135 724 1125 724 1136 724 1125 725 1133 725 1136 725 1125 726 1137 726 1127 726 1125 727 1135 727 1137 727 1125 728 1139 728 1138 728 1126 729 1139 729 1125 729 1140 730 1124 730 1138 730 1125 731 1138 731 1124 731 1141 732 1124 732 1142 732 1124 733 1140 733 1142 733 1143 734 1124 734 1144 734 1124 735 1141 735 1144 735 1145 736 1124 736 1146 736 1124 737 1143 737 1146 737 1124 738 1145 738 1123 738 1130 739 1124 739 1147 739 1122 740 1147 740 1124 740 1148 741 1130 741 1149 741 1130 742 1147 742 1132 742 1150 743 1130 743 1151 743 1130 744 1131 744 1151 744 1130 745 1152 745 1149 745 1130 746 1150 746 1152 746 1130 747 1154 747 1153 747 1148 732 1154 732 1130 732 1129 748 1130 748 1155 748 1153 749 1155 749 1130 749 1156 750 1129 750 1157 750 1129 751 1155 751 1157 751 1158 752 1129 752 1159 752 1129 753 1156 753 1159 753 1160 754 1129 754 1161 754 1129 755 1158 755 1161 755 1162 756 1129 756 1163 756 1129 757 1160 757 1163 757 1128 758 1129 758 1162 758 1164 759 1166 759 1165 759 1166 760 1164 760 1167 760 1168 761 1170 761 1169 761 1169 762 1172 762 1171 762 1169 763 1173 763 1168 763 1174 764 1176 764 1175 764 1177 765 1169 765 1178 765 1169 766 1170 766 1178 766 1179 767 1169 767 1180 767 1169 768 1177 768 1180 768 1169 769 1179 769 1172 769 1169 770 1182 770 1181 770 1171 771 1182 771 1169 771 1174 772 1169 772 1183 772 1181 773 1183 773 1169 773 1184 774 1174 774 1185 774 1174 775 1183 775 1185 775 1186 776 1174 776 1187 776 1174 777 1184 777 1187 777 1174 778 1188 778 1176 778 1174 779 1186 779 1188 779 1174 780 1190 780 1189 780 1175 781 1190 781 1174 781 1191 782 1193 782 1192 782 1174 783 1189 783 1191 783 1194 784 1191 784 1195 784 1191 785 1189 785 1195 785 1196 786 1191 786 1197 786 1191 787 1194 787 1197 787 1191 788 1198 788 1193 788 1191 789 1196 789 1198 789 1191 790 1200 790 1199 790 1192 774 1200 774 1191 774 1201 791 1173 791 1199 791 1191 792 1199 792 1173 792 1202 793 1173 793 1203 793 1173 794 1201 794 1203 794 1204 795 1173 795 1205 795 1173 796 1202 796 1205 796 1206 797 1173 797 1207 797 1173 798 1204 798 1207 798 1208 799 1173 799 1209 799 1173 800 1206 800 1209 800 1168 761 1173 761 1208 761 1210 801 1212 802 1211 802 1213 803 1215 804 1214 804 1210 801 1217 801 1216 805 1217 801 1210 801 1211 802 1218 805 1219 806 1216 805 1216 805 1217 801 1218 805 1220 807 1219 806 1221 806 1218 805 1221 806 1219 806 1220 807 1223 808 1222 809 1223 808 1220 807 1221 806 1224 810 1225 811 1222 809 1222 809 1223 808 1224 810 1226 812 1225 811 1227 811 1224 810 1227 811 1225 811 1226 812 1229 812 1228 813 1229 812 1226 812 1227 811 1230 813 1231 814 1228 813 1228 813 1229 812 1230 813 1232 815 1231 814 1233 814 1230 813 1233 814 1231 814 1234 815 1232 815 1233 814 1235 816 1211 802 1212 802 1236 817 1235 816 1237 816 1212 802 1237 816 1235 816 1236 817 1239 817 1238 818 1239 817 1236 817 1237 816 1240 818 1241 819 1238 818 1238 818 1239 817 1240 818 1242 820 1241 819 1243 819 1240 818 1243 819 1241 819 1242 820 1245 821 1244 822 1245 821 1242 820 1243 819 1246 822 1247 823 1244 822 1244 822 1245 821 1246 822 1248 824 1247 823 1249 825 1246 822 1249 825 1247 823 1248 824 1251 826 1250 827 1251 826 1248 824 1249 825 1252 827 1215 804 1250 827 1250 827 1251 826 1252 827 1252 827 1214 804 1215 804 1253 828 1255 829 1254 829 1256 830 1258 803 1257 830 1259 831 1261 832 1260 833 1262 828 1264 834 1263 835 1265 836 1267 836 1266 837 1268 838 1270 832 1269 838 1271 839 1273 840 1272 841 1274 842 1276 842 1275 837 1277 843 1279 844 1278 843 1280 839 1282 845 1281 846 1283 847 1279 844 1284 848 1277 843 1284 848 1279 844 1283 847 1286 847 1285 849 1286 847 1283 847 1284 848 1287 850 1288 851 1285 849 1285 849 1286 847 1287 850 1289 852 1288 851 1290 851 1287 850 1290 851 1288 851 1291 853 1289 852 1290 851 1281 846 1282 845 1278 843 1282 845 1277 843 1278 843 1280 839 1271 839 1272 841 1280 839 1281 846 1271 839 1273 840 1276 842 1274 842 1272 841 1273 840 1274 842 1266 837 1267 836 1275 837 1276 842 1266 837 1275 837 1268 838 1269 838 1265 836 1265 836 1269 838 1267 836 1259 831 1270 832 1261 832 1261 832 1270 832 1268 838 1264 834 1260 833 1263 835 1264 834 1259 831 1260 833 1262 828 1253 828 1254 829 1262 828 1263 835 1253 828 1255 829 1256 830 1257 830 1254 829 1255 829 1257 830 1213 803 1214 804 1258 803 1256 830 1213 803 1258 803 1292 854 1294 854 1293 854 1295 79 1297 79 1296 79 1297 79 1299 79 1298 79 1300 79 1302 79 1301 79 1292 855 1303 855 1294 855 1299 79 1297 79 1295 79 1304 79 1305 79 1298 79 1296 856 1306 856 1295 856 1307 79 1305 79 1308 79 1298 857 1299 857 1304 857 1307 858 1310 858 1309 858 1304 79 1308 79 1305 79 1307 859 1308 859 1310 859 1311 860 1309 860 1310 860 1311 79 1312 79 1309 79 1312 79 1311 79 1313 79 1314 861 1312 861 1313 861 1313 79 1315 79 1314 79 1314 862 1315 862 1316 862 1317 863 1316 863 1315 863 1318 79 1316 79 1317 79 1319 79 1321 79 1320 79 1322 79 1323 79 1321 79 1324 79 1316 79 1325 79 1326 79 1328 79 1327 79 1329 864 1331 864 1330 864 1301 79 1332 79 1303 79 1332 865 1333 865 1294 865 1316 79 1318 79 1325 79 1334 79 1335 79 1323 79 1319 79 1320 79 1333 79 1336 866 1337 866 1335 866 1323 79 1322 79 1334 79 1338 867 1340 867 1339 867 1341 79 1342 79 1340 79 1336 868 1335 868 1343 868 1344 79 1341 79 1345 79 1338 869 1337 869 1336 869 1346 79 1345 79 1347 79 1347 870 1295 870 1306 870 1347 871 1306 871 1346 871 1347 79 1345 79 1341 79 1344 79 1342 79 1341 79 1342 872 1339 872 1340 872 1339 79 1337 79 1338 79 1343 79 1335 79 1334 79 1322 79 1321 79 1319 79 1320 873 1294 873 1333 873 1294 79 1303 79 1332 79 1348 79 1350 79 1349 79 1302 874 1350 874 1348 874 1351 79 1353 79 1352 79 1354 79 1353 79 1355 79 1356 875 1358 875 1357 875 1359 79 1361 79 1360 79 1362 79 1364 79 1363 79 1363 876 1365 876 1362 876 1366 877 1368 877 1367 877 1330 79 1363 79 1364 79 1369 878 1371 878 1370 878 1369 79 1331 79 1372 79 1367 79 1368 79 1373 79 1374 879 1376 879 1375 879 1327 880 1375 880 1377 880 1374 79 1379 79 1378 79 1380 79 1374 79 1378 79 1326 79 1373 79 1328 79 1366 79 1367 79 1370 79 1376 881 1374 881 1381 881 1374 882 1380 882 1381 882 1377 79 1326 79 1327 79 1376 883 1377 883 1375 883 1368 884 1328 884 1373 884 1371 885 1369 885 1372 885 1366 79 1370 79 1371 79 1372 79 1331 79 1329 79 1330 886 1331 886 1363 886 1358 79 1365 79 1363 79 1357 887 1361 887 1356 887 1358 888 1356 888 1365 888 1360 889 1361 889 1357 889 1351 890 1352 890 1359 890 1359 79 1360 79 1351 79 1352 79 1353 79 1354 79 1354 891 1355 891 1349 891 1300 892 1350 892 1302 892 1355 79 1348 79 1349 79 1300 893 1301 893 1303 893 1382 894 1384 895 1383 895 1382 894 1386 896 1385 894 1385 894 1384 895 1382 894 1387 896 1386 896 1388 897 1386 896 1387 896 1385 894 1389 898 1390 897 1388 897 1387 896 1388 897 1390 897 1389 898 1392 899 1391 898 1391 898 1390 897 1389 898 1393 899 1392 899 1394 900 1392 899 1393 899 1391 898 1395 901 1396 902 1394 900 1393 899 1394 900 1396 902 1395 901 1398 903 1397 904 1397 904 1396 902 1395 901 1399 905 1398 903 1400 906 1398 903 1399 905 1397 904 1401 907 1402 906 1400 906 1399 905 1400 906 1402 906 1401 907 1403 907 1402 906 1384 895 1404 908 1383 895 1404 908 1405 908 1383 895 1406 909 1405 908 1407 909 1404 908 1407 909 1405 908 1408 910 1409 910 1406 909 1406 909 1407 909 1408 910 1409 910 1411 911 1410 911 1411 911 1409 910 1408 910 1412 912 1410 911 1413 912 1411 911 1413 912 1410 911 1414 913 1415 913 1412 912 1412 912 1413 912 1414 913 1415 913 1417 914 1416 914 1417 914 1415 913 1414 913 1418 915 1416 914 1419 915 1417 914 1419 915 1416 914 1420 916 1421 916 1418 915 1418 915 1419 915 1420 916 1421 916 1423 917 1422 917 1423 917 1421 916 1420 916 1423 917 1424 918 1422 917 1422 917 1424 918 1425 918 1426 60 1428 60 1427 60 1429 919 1431 919 1430 919 1432 60 1434 60 1433 60 1433 60 1434 60 1435 60 1436 920 1437 920 1435 920 1435 921 1434 921 1436 921 1438 60 1440 60 1439 60 1441 60 1437 60 1436 60 1442 60 1443 60 1441 60 1437 60 1441 60 1443 60 1442 922 1445 922 1444 922 1444 923 1443 923 1442 923 1446 60 1448 60 1447 60 1445 60 1431 60 1444 60 1430 60 1431 60 1445 60 1449 924 1429 924 1430 924 1427 60 1449 60 1426 60 1449 925 1427 925 1429 925 1426 60 1450 60 1428 60 1428 60 1450 60 1451 60 1452 60 1450 60 1426 60 1453 60 1455 60 1454 60 1455 926 1456 926 1454 926 1457 60 1459 60 1458 60 1460 60 1462 60 1461 60 1463 927 1465 927 1464 927 1466 928 1461 928 1467 928 1468 60 1470 60 1469 60 1471 60 1473 60 1472 60 1469 60 1472 60 1474 60 1474 929 1468 929 1469 929 1475 60 1476 60 1468 60 1473 60 1471 60 1477 60 1472 930 1473 930 1474 930 1471 931 1478 931 1477 931 1467 932 1477 932 1478 932 1467 60 1478 60 1466 60 1479 60 1480 60 1462 60 1460 933 1461 933 1466 933 1481 934 1483 934 1482 934 1484 60 1480 60 1479 60 1479 60 1486 60 1485 60 1458 60 1482 60 1487 60 1485 60 1484 60 1479 60 1488 60 1490 60 1489 60 1481 60 1492 60 1491 60 1462 60 1460 60 1479 60 1493 60 1455 60 1459 60 1494 60 1492 60 1495 60 1495 60 1497 60 1496 60 1465 60 1498 60 1497 60 1475 60 1463 60 1499 60 1468 935 1476 935 1470 935 1475 936 1499 936 1476 936 1463 937 1464 937 1499 937 1463 60 1498 60 1465 60 1498 60 1496 60 1497 60 1496 60 1494 60 1495 60 1494 60 1491 60 1492 60 1491 60 1483 60 1481 60 1483 60 1487 60 1482 60 1493 938 1459 938 1457 938 1487 60 1457 60 1458 60 1456 60 1451 60 1454 60 1493 60 1456 60 1455 60 1450 60 1454 60 1451 60 1488 60 1489 60 1500 60 1501 939 1490 939 1502 939 1501 940 1504 940 1503 940 1503 941 1505 941 1447 941 1488 60 1502 60 1490 60 1448 942 1507 942 1506 942 1502 943 1504 943 1501 943 1439 60 1508 60 1507 60 1433 944 1440 944 1509 944 1433 945 1509 945 1432 945 1440 946 1438 946 1509 946 1440 60 1508 60 1439 60 1508 947 1506 947 1507 947 1506 60 1447 60 1448 60 1446 948 1447 948 1505 948 1505 949 1503 949 1504 949 1510 950 1500 950 1511 950 1489 60 1511 60 1500 60 1510 60 1511 60 1512 60 1510 60 1512 60 1513 60 1514 60 1510 60 1515 60 1513 60 1515 60 1510 60 1516 951 1518 951 1517 951 1518 952 1516 952 1519 952 1520 953 1522 953 1521 953 1523 954 1525 954 1524 954 1523 955 1527 955 1526 955 1528 956 1523 956 1529 956 1523 957 1526 957 1529 957 1530 958 1523 958 1531 958 1523 959 1528 959 1531 959 1523 960 1532 960 1525 960 1523 961 1530 961 1532 961 1523 962 1534 962 1533 962 1524 963 1534 963 1523 963 1521 964 1523 964 1535 964 1533 965 1535 965 1523 965 1536 966 1521 966 1537 966 1521 967 1535 967 1537 967 1538 968 1521 968 1539 968 1521 969 1536 969 1539 969 1521 970 1540 970 1520 970 1521 971 1538 971 1540 971 1521 972 1542 972 1541 972 1522 973 1542 973 1521 973 1543 974 1521 974 1541 974 1543 975 1545 975 1544 975 1546 976 1543 976 1547 976 1543 977 1541 977 1547 977 1548 978 1543 978 1549 978 1543 979 1546 979 1549 979 1543 980 1550 980 1545 980 1543 981 1548 981 1550 981 1543 982 1552 982 1551 982 1544 983 1552 983 1543 983 1553 984 1527 984 1551 984 1543 985 1551 985 1527 985 1554 729 1527 729 1555 729 1527 986 1553 986 1555 986 1556 987 1527 987 1557 987 1527 988 1554 988 1557 988 1558 989 1527 989 1559 989 1527 990 1556 990 1559 990 1560 991 1527 991 1561 991 1527 992 1558 992 1561 992 1526 993 1527 993 1560 993 1562 994 1564 994 1563 994 1563 995 1566 995 1565 995 1563 996 1567 996 1562 996 1568 997 1570 997 1569 997 1571 998 1563 998 1572 998 1563 999 1564 999 1572 999 1573 1000 1563 1000 1574 1000 1563 1001 1571 1001 1574 1001 1563 1002 1573 1002 1566 1002 1563 1003 1576 1003 1575 1003 1565 1004 1576 1004 1563 1004 1577 1005 1569 1005 1575 1005 1563 1006 1575 1006 1569 1006 1578 1007 1569 1007 1579 1007 1569 1008 1577 1008 1579 1008 1580 1009 1569 1009 1581 1009 1569 1010 1578 1010 1581 1010 1582 1011 1569 1011 1583 1011 1569 1012 1580 1012 1583 1012 1569 1013 1582 1013 1568 1013 1570 1014 1584 1014 1569 1014 1569 1015 1584 1015 1585 1015 1586 1016 1585 1016 1587 1016 1585 1017 1584 1017 1587 1017 1588 1018 1589 1018 1585 1018 1590 1019 1585 1019 1591 1019 1585 1020 1586 1020 1591 1020 1585 1021 1592 1021 1588 1021 1585 1022 1590 1022 1592 1022 1585 1023 1594 1023 1593 1023 1589 1024 1594 1024 1585 1024 1567 1025 1585 1025 1595 1025 1593 1026 1595 1026 1585 1026 1596 1027 1567 1027 1597 1027 1567 1028 1595 1028 1597 1028 1598 1029 1567 1029 1599 1029 1567 1030 1596 1030 1599 1030 1600 1031 1567 1031 1601 1031 1567 1032 1598 1032 1601 1032 1602 1033 1567 1033 1603 1033 1567 1034 1600 1034 1603 1034 1562 761 1567 761 1602 761 1604 622 1606 121 1605 121 1607 1035 1609 619 1608 1036 1610 1037 1612 617 1611 1038 1613 626 1615 1039 1614 1040 1616 1041 1618 628 1617 628 1619 629 1621 1042 1620 638 1622 632 1624 625 1623 1043 1625 1044 1627 634 1626 635 1628 637 1630 1045 1629 1046 1631 1047 1633 1048 1632 1047 1634 641 1636 642 1635 1049 1637 643 1639 643 1638 145 1640 1050 1642 1051 1641 1052 1643 1053 1645 1054 1644 1055 1646 1056 1648 1057 1647 145 1649 1058 1651 1059 1650 1060 1652 1061 1654 1062 1653 1063 1655 1064 1657 1065 1656 1066 1658 1067 1660 1068 1659 1069 1661 1070 1663 1071 1662 1072 1663 1071 1661 1070 1664 1073 1665 1074 1666 1075 1662 1072 1662 1072 1663 1071 1665 1074 1667 1076 1666 1075 1668 1077 1665 1074 1668 1077 1666 1075 1667 1076 1670 1078 1669 1079 1670 1078 1667 1076 1668 1077 1671 1080 1672 1081 1669 1079 1669 1079 1670 1078 1671 1080 1673 1082 1672 1081 1674 1083 1671 1080 1674 1083 1672 1081 1673 1082 1676 1084 1675 672 1676 1084 1673 1082 1674 1083 1677 1085 1678 1086 1675 672 1675 672 1676 1084 1677 1085 1606 121 1678 1086 1679 674 1677 1085 1679 674 1678 1086 1605 121 1606 121 1679 674 1664 1073 1656 1066 1657 1065 1661 1070 1656 1066 1664 1073 1658 1067 1659 1069 1655 1064 1655 1064 1659 1069 1657 1065 1649 1058 1660 1068 1651 1059 1651 1059 1660 1068 1658 1067 1654 1062 1650 1060 1653 1063 1654 1062 1649 1058 1650 1060 1652 1061 1643 1053 1644 1055 1652 1061 1653 1063 1643 1053 1645 1054 1648 1057 1646 1056 1644 1055 1645 1054 1646 1056 1638 145 1639 643 1647 145 1648 1057 1638 145 1647 145 1640 1050 1641 1052 1637 643 1637 643 1641 1052 1639 643 1631 1047 1642 1051 1633 1048 1633 1048 1642 1051 1640 1050 1636 642 1631 1047 1632 1047 1634 641 1635 1049 1625 1044 1636 642 1632 1047 1635 1049 1626 635 1627 634 1628 637 1634 641 1625 1044 1626 635 1630 1045 1620 638 1629 1046 1627 634 1630 1045 1628 637 1619 629 1623 1043 1621 1042 1620 638 1621 1042 1629 1046 1615 1039 1624 625 1622 632 1622 632 1623 1043 1619 629 1618 628 1613 626 1614 1040 1613 626 1624 625 1615 1039 1616 1041 1617 628 1607 1035 1618 628 1614 1040 1617 628 1608 1036 1609 619 1611 1038 1616 1041 1607 1035 1608 1036 1610 1037 1604 622 1612 617 1609 619 1610 1037 1611 1038 1605 121 1612 617 1604 622 8765 8256 8766 8256 8767 8256 8765 8257 8767 8257 8768 8257 8769 8258 8770 8258 8771 8258 8769 8259 8771 8259 8772 8259 8773 8260 8774 8260 8775 8260 8773 8261 8775 8261 8776 8261 8777 8262 8778 8262 8779 8262 8777 8263 8779 8263 8780 8263 8781 8264 8782 8264 8783 8264 8781 8265 8783 8265 8784 8265 8785 8266 8786 8266 8787 8266 8785 8267 8787 8267 8788 8267 8789 8268 8790 8268 8791 8268 8792 8269 8793 8269 8794 8269 8795 8270 8789 8270 8791 8270 8796 8271 8790 8271 8789 8271 8789 8272 8795 8272 8797 8272 8798 8273 8799 8273 8796 8273 8796 8274 8800 8274 8798 8274 8800 8275 8796 8275 8801 8275 8802 8276 8789 8276 8803 8276 8796 8277 8804 8277 8801 8277 8789 8278 8802 8278 8805 8278 8806 8279 8807 8279 8794 8279 8796 8280 8808 8280 8804 8280 8809 8281 8792 8281 8794 8281 8810 8282 8811 8282 8812 8282 8813 8283 8814 8283 8793 8283 8815 8284 8816 8284 8812 8284 8817 8285 8818 8285 8814 8285 8815 8286 8819 8286 8820 8286 8818 8287 8821 8287 8814 8287 8814 8288 8822 8288 8815 8288 8819 1662 8815 1662 8823 1662 8823 8289 8815 8289 8822 8289 8814 8290 8813 8290 8824 8290 8814 8291 8824 8291 8817 8291 8815 8292 8820 8292 8825 8292 8826 8293 8812 8293 8816 8293 8793 8294 8814 8294 8794 8294 8794 8295 8827 8295 8809 8295 8826 8296 8810 8296 8812 8296 8807 722 8828 722 8794 722 8812 8297 8829 8297 8830 8297 8789 8298 8805 8298 8831 8298 8794 8299 8831 8299 8806 8299 8811 8300 8829 8300 8812 8300 8827 8301 8794 8301 8828 8301 8794 8302 8789 8302 8831 8302 8822 8303 8814 8303 8821 8303 8816 8304 8815 8304 8832 8304 8825 8305 8832 8305 8815 8305 8808 8306 8796 8306 8812 8306 8830 8307 8808 8307 8812 8307 8799 8308 8790 8308 8796 8308 8797 8309 8803 8309 8789 8309 8833 8310 8834 8310 8835 8310 8836 8311 8837 8311 8838 8311 8839 8312 8834 8312 8833 8312 8833 8313 8840 8313 8839 8313 8841 8314 8842 8314 8843 8314 8844 8315 8843 8315 8842 8315 8843 8316 8844 8316 8845 8316 8840 8317 8833 8317 8846 8317 8847 8318 8843 8318 8845 8318 8848 8319 8846 8319 8833 8319 8849 8320 8838 8320 8850 8320 8847 8321 8851 8321 8843 8321 8852 8322 8838 8322 8837 8322 8853 8323 8854 8323 8855 8323 8856 8324 8857 8324 8858 8324 8855 8325 8859 8325 8860 8325 8856 8326 8861 8326 8862 8326 8863 8327 8864 8327 8865 8327 8856 8328 8866 8328 8861 8328 8856 8329 8864 8329 8867 8329 8868 8330 8869 8330 8864 8330 8869 8331 8867 8331 8864 8331 8857 8332 8856 8332 8870 8332 8862 8333 8870 8333 8856 8333 8871 8334 8864 8334 8860 8334 8865 8335 8864 8335 8871 8335 8872 8336 8859 8336 8855 8336 8856 8337 8858 8337 8838 8337 8873 8338 8874 8338 8838 8338 8873 8339 8838 8339 8852 8339 8838 8340 8874 8340 8850 8340 8851 8341 8855 8341 8843 8341 8851 8342 8853 8342 8855 8342 8875 8343 8848 8343 8833 8343 8849 8344 8875 8344 8833 8344 8854 8345 8876 8345 8855 8345 8855 8346 8876 8346 8872 8346 8835 8347 8843 8347 8833 8347 8841 8348 8843 8348 8835 8348 8849 8349 8833 8349 8838 8349 8858 8350 8836 8350 8838 8350 8867 8351 8866 8351 8856 8351 8855 8352 8860 8352 8864 8352 8868 8353 8864 8353 8863 8353 8877 8354 8878 8354 8879 8355 8880 8356 8881 8357 8882 8358 8878 8354 8883 8359 8884 8359 8883 8359 8878 8354 8877 8354 8885 8360 8884 8359 8886 8360 8883 8359 8886 8360 8884 8359 8887 8361 8888 8361 8885 8360 8885 8360 8886 8360 8887 8361 8888 8361 8889 8362 8890 8362 8889 8362 8888 8361 8887 8361 8891 8363 8890 8362 8892 8363 8889 8362 8892 8363 8890 8362 8893 8364 8894 8364 8891 8363 8891 8363 8892 8363 8893 8364 8894 8364 8895 8365 8896 8366 8895 8365 8894 8364 8893 8364 8897 8367 8896 8366 8898 8368 8895 8365 8898 8368 8896 8366 8899 8369 8900 8369 8897 8367 8897 8367 8898 8368 8899 8369 8877 8354 8879 8355 8901 8355 8902 8370 8903 8371 8901 8355 8901 8355 8879 8355 8902 8370 8903 8371 8904 8372 8905 8373 8904 8372 8903 8371 8902 8370 8906 8374 8905 8373 8907 8374 8904 8372 8907 8374 8905 8373 8908 8375 8909 8375 8906 8374 8906 8374 8907 8374 8908 8375 8909 8375 8910 8376 8911 8376 8910 8376 8909 8375 8908 8375 8912 8377 8911 8376 8913 8377 8910 8376 8913 8377 8911 8376 8914 8378 8915 8378 8912 8377 8912 8377 8913 8377 8914 8378 8915 8378 8916 8379 8917 8380 8916 8379 8915 8378 8914 8378 8916 8379 8882 8358 8917 8380 8917 8380 8882 8358 8881 8357 8918 8381 8919 8382 8920 8383 8921 8384 8922 8385 8923 8356 8924 8386 8925 8387 8926 8388 8927 8389 8928 8390 8929 8391 8930 8392 8931 8393 8932 8394 8933 8395 8934 8396 8935 8397 8936 8398 8937 8399 8938 8400 8939 8401 8940 8402 8941 8403 8942 8404 8943 8405 8944 8406 8945 8407 8946 8408 8943 8405 8947 8409 8948 8410 8942 8404 8942 8404 8944 8406 8947 8409 8948 8410 8949 8411 8950 8412 8949 8411 8948 8410 8947 8409 8951 8413 8950 8412 8952 8414 8949 8411 8952 8414 8950 8412 8900 8369 8899 8369 8951 8413 8951 8413 8952 8414 8900 8369 8936 8398 8946 8408 8945 8407 8943 8405 8946 8408 8944 8406 8937 8399 8939 8401 8938 8400 8945 8407 8937 8399 8936 8398 8941 8403 8940 8402 8931 8393 8938 8400 8939 8401 8941 8403 8930 8392 8932 8394 8934 8396 8931 8393 8940 8402 8932 8394 8926 8388 8933 8395 8935 8397 8933 8395 8930 8392 8934 8396 8929 8391 8925 8387 8924 8386 8924 8386 8926 8388 8935 8397 8927 8389 8918 8381 8928 8390 8929 8391 8928 8390 8925 8387 8919 8382 8922 8385 8920 8383 8927 8389 8919 8382 8918 8381 8921 8384 8923 8356 8880 8356 8920 8383 8922 8385 8921 8384 8881 8357 8880 8356 8923 8356</p>
        </triangles>
        <triangles material="ID90_002-material" count="176">
          <input semantic="VERTEX" source="#ID26_011-mesh-vertices" offset="0"/>
          <input semantic="NORMAL" source="#ID26_011-mesh-normals" offset="1"/>
          <p>1680 1087 1682 1087 1681 1087 1681 1088 1683 1088 1680 1088 1684 1089 1686 1089 1685 1089 1685 1090 1687 1090 1684 1090 1688 1091 1690 1091 1689 1091 1689 1092 1691 1092 1688 1092 1692 1093 1694 1093 1693 1093 1693 1094 1695 1094 1692 1094 1696 1095 1698 1095 1697 1095 1697 1096 1699 1096 1696 1096 1700 1097 1702 1097 1701 1097 1701 1098 1703 1098 1700 1098 1704 1099 1706 1099 1705 1099 1707 1100 1709 1100 1708 1100 1710 1101 1712 1101 1711 1101 1713 1102 1715 1102 1714 1102 1716 1103 1717 1103 1710 1103 1718 1104 1720 1104 1719 1104 1721 1105 1710 1105 1722 1105 1710 1106 1717 1106 1722 1106 1710 1107 1721 1107 1712 1107 1710 1108 1724 1108 1723 1108 1711 1109 1724 1109 1710 1109 1725 1110 1706 1110 1723 1110 1710 1111 1723 1111 1706 1111 1706 1112 1726 1112 1705 1112 1706 1113 1725 1113 1726 1113 1706 1114 1728 1114 1727 1114 1704 1115 1728 1115 1706 1115 1720 1116 1706 1116 1729 1116 1727 1117 1729 1117 1706 1117 1730 1118 1720 1118 1731 1118 1720 1119 1729 1119 1731 1119 1720 1120 1730 1120 1719 1120 1720 1121 1733 1121 1732 1121 1718 1122 1733 1122 1720 1122 1715 1123 1720 1123 1732 1123 1734 1124 1715 1124 1735 1124 1715 1125 1732 1125 1735 1125 1715 1126 1734 1126 1714 1126 1715 1127 1737 1127 1736 1127 1713 1128 1737 1128 1715 1128 1738 1129 1708 1129 1736 1129 1715 1130 1736 1130 1708 1130 1709 1131 1739 1131 1708 1131 1708 1132 1738 1132 1707 1132 1708 1133 1741 1133 1740 1133 1739 1134 1741 1134 1708 1134 1716 1135 1708 1135 1742 1135 1740 1136 1742 1136 1708 1136 1743 1137 1716 1137 1744 1137 1716 1138 1742 1138 1744 1138 1745 1139 1716 1139 1746 1139 1716 1140 1743 1140 1746 1140 1717 1141 1716 1141 1747 1141 1716 1142 1745 1142 1747 1142 1748 1143 1750 1143 1749 1143 1751 1144 1752 1144 1749 1144 1753 1145 1755 1145 1754 1145 1756 1146 1758 1146 1757 1146 1759 1147 1761 1147 1760 1147 1762 1148 1764 1148 1763 1148 1765 1149 1766 1149 1749 1149 1749 1150 1766 1150 1751 1150 1749 1151 1750 1151 1765 1151 1749 1152 1768 1152 1767 1152 1748 1153 1749 1153 1767 1153 1769 1154 1768 1154 1755 1154 1749 1155 1755 1155 1768 1155 1755 1156 1753 1156 1770 1156 1755 1157 1770 1157 1769 1157 1755 1158 1772 1158 1771 1158 1754 1159 1755 1159 1771 1159 1760 1160 1773 1160 1755 1160 1772 1161 1755 1161 1773 1161 1774 1162 1775 1162 1760 1162 1760 1163 1775 1163 1773 1163 1760 1164 1761 1164 1774 1164 1760 1165 1777 1165 1776 1165 1759 1166 1760 1166 1776 1166 1778 1167 1777 1167 1762 1167 1760 1168 1762 1168 1777 1168 1762 1169 1763 1169 1779 1169 1762 1170 1779 1170 1778 1170 1762 1171 1781 1171 1780 1171 1764 1172 1762 1172 1780 1172 1782 1173 1781 1173 1756 1173 1762 1174 1756 1174 1781 1174 1758 1175 1756 1175 1783 1175 1756 1176 1757 1176 1782 1176 1756 1177 1785 1177 1784 1177 1783 1178 1756 1178 1784 1178 1752 1179 1786 1179 1756 1179 1785 1180 1756 1180 1786 1180 1787 1181 1788 1181 1752 1181 1752 1182 1788 1182 1786 1182 1789 1183 1790 1183 1752 1183 1752 1184 1790 1184 1787 1184 1751 1185 1791 1185 1752 1185 1752 1186 1791 1186 1789 1186 1792 1187 1794 1188 1793 1189 1795 1190 1797 1191 1796 1191 1798 1192 1800 1187 1799 1193 1801 1194 1803 1195 1802 1194 1804 1190 1806 1196 1805 1197 1807 1198 1809 1199 1808 1200 1810 1201 1812 1195 1811 1201 1813 1202 1815 1203 1814 1204 1816 1205 1818 1206 1817 1207 1819 1208 1821 1209 1820 1210 1822 1202 1824 1211 1823 1212 1825 1213 1827 1214 1826 1215 1828 1216 1830 1217 1829 1218 1831 1219 1833 1220 1832 1221 1834 1222 1836 1223 1835 1224 1837 1225 1839 1226 1838 1227 1840 1228 1842 1229 1841 1230 1843 1231 1845 1232 1844 1233 1846 1234 1848 1235 1847 1236 1849 1237 1851 1238 1850 1239 1851 1238 1849 1237 1852 1240 1853 1241 1854 1242 1850 1239 1850 1239 1851 1238 1853 1241 1855 1243 1854 1242 1856 1244 1853 1241 1856 1244 1854 1242 1855 1243 1858 1245 1857 1246 1858 1245 1855 1243 1856 1244 1859 1247 1860 1248 1857 1246 1857 1246 1858 1245 1859 1247 1861 1249 1860 1248 1862 1250 1859 1247 1862 1250 1860 1248 1861 1249 1864 1251 1863 1252 1864 1251 1861 1249 1862 1250 1865 1253 1866 1254 1863 1252 1863 1252 1864 1251 1865 1253 1794 1188 1866 1254 1867 1254 1865 1253 1867 1254 1866 1254 1793 1189 1794 1188 1867 1254 1852 1240 1844 1233 1845 1232 1849 1237 1844 1233 1852 1240 1846 1234 1847 1236 1843 1231 1843 1231 1847 1236 1845 1232 1837 1225 1848 1235 1839 1226 1839 1226 1848 1235 1846 1234 1842 1229 1838 1227 1841 1230 1842 1229 1837 1225 1838 1227 1840 1228 1831 1219 1832 1221 1840 1228 1841 1230 1831 1219 1833 1220 1836 1223 1834 1222 1832 1221 1833 1220 1834 1222 1826 1215 1827 1214 1835 1224 1836 1223 1826 1215 1835 1224 1828 1216 1829 1218 1825 1213 1825 1213 1829 1218 1827 1214 1819 1208 1830 1217 1821 1209 1821 1209 1830 1217 1828 1216 1824 1211 1819 1208 1820 1210 1822 1202 1823 1212 1813 1202 1824 1211 1820 1210 1823 1212 1814 1204 1815 1203 1816 1205 1822 1202 1813 1202 1814 1204 1818 1206 1808 1200 1817 1207 1815 1203 1818 1206 1816 1205 1807 1198 1811 1201 1809 1199 1808 1200 1809 1199 1817 1207 1803 1195 1812 1195 1810 1201 1810 1201 1811 1201 1807 1198 1806 1196 1801 1194 1802 1194 1801 1194 1812 1195 1803 1195 1804 1190 1805 1197 1795 1190 1806 1196 1802 1194 1805 1197 1796 1191 1797 1191 1799 1193 1804 1190 1795 1190 1796 1191 1798 1192 1792 1187 1800 1187 1797 1191 1798 1192 1799 1193 1793 1189 1800 1187 1792 1187</p>
        </triangles>
        <triangles material="ID147_002-material" count="476">
          <input semantic="VERTEX" source="#ID26_011-mesh-vertices" offset="0"/>
          <input semantic="NORMAL" source="#ID26_011-mesh-normals" offset="1"/>
          <p>8953 8415 8954 8415 8955 8415 8956 8416 8955 8416 8954 8416 8957 8417 8953 8417 8955 8417 8954 8418 8958 8418 8956 8418 8959 8419 8960 8419 8961 8419 8959 8420 8962 8420 8960 8420 8963 8421 8964 8421 8965 8421 8963 8422 8966 8422 8964 8422 8967 8423 8968 8423 8969 8423 8967 8424 8970 8424 8968 8424 8971 8425 8972 8425 8973 8425 8971 8426 8974 8426 8972 8426 8975 8427 8976 8427 8977 8427 8975 8428 8978 8428 8976 8428 8979 8429 8980 8429 8981 8429 8979 8430 8982 8430 8980 8430 8983 8431 8984 8431 8985 8431 8986 8432 8987 8432 8988 8432 8984 8433 8989 8433 8985 8433 8983 8434 8990 8434 8984 8434 8989 8435 8984 8435 8991 8435 8990 8436 8983 8436 8992 8436 8992 8437 8993 8437 8990 8437 8994 8438 8990 8438 8993 8438 8995 8439 8991 8439 8984 8439 8994 8440 8996 8440 8990 8440 8997 8441 8984 8441 8998 8441 8987 8442 8999 8442 9000 8442 8987 8443 9001 8443 8998 8443 8986 8444 9002 8444 8987 8444 9003 8445 9004 8445 9005 8445 8988 8446 9006 8446 9007 8446 9008 8447 9003 8447 9009 8447 8988 8448 9010 8448 9011 8448 9012 8449 9013 8449 9014 8449 9015 8450 8988 8450 9012 8450 9016 8451 9015 8451 9012 8451 9014 8452 9017 8452 9012 8452 9016 8453 9012 8453 9017 8453 9006 8454 8988 8454 9018 8454 9018 8455 8988 8455 9011 8455 9003 8456 9008 8456 9012 8456 9003 8457 9019 8457 9009 8457 9007 8458 8986 8458 8988 8458 9020 8459 9021 8459 8987 8459 9022 8460 9019 8460 9003 8460 9021 8461 8999 8461 8987 8461 9003 8462 9023 8462 9024 8462 9003 8463 9024 8463 9004 8463 8987 8464 8998 8464 8984 8464 9000 8465 9001 8465 8987 8465 8996 8466 9025 8466 8990 8466 8990 8467 9025 8467 9023 8467 8995 8468 8984 8468 8997 8468 9002 8469 9020 8469 8987 8469 9015 8470 9010 8470 8988 8470 9008 8471 9026 8471 9012 8471 9013 8472 9012 8472 9026 8472 8990 8473 9023 8473 9003 8473 9022 8474 9003 8474 9005 8474 9027 8475 9028 8476 9029 8477 9030 8478 9031 8478 9032 8479 9033 8480 9029 8477 9034 8481 9028 8476 9034 8481 9029 8477 9035 8482 9036 8482 9033 8480 9033 8480 9034 8481 9035 8482 9036 8482 9037 8483 9038 8484 9037 8483 9036 8482 9035 8482 9039 8485 9038 8484 9040 8486 9037 8483 9040 8486 9038 8484 9041 8487 9042 8487 9039 8485 9039 8485 9040 8486 9041 8487 9042 8487 9043 8488 9044 8489 9043 8488 9042 8487 9041 8487 9045 8490 9044 8489 9046 8491 9043 8488 9046 8491 9044 8489 9047 8492 9048 8493 9045 8490 9045 8490 9046 8491 9047 8492 9049 8494 9048 8493 9047 8492 9049 8494 9050 8494 9048 8493 9028 8476 9027 8475 9051 8495 9052 8496 9053 8496 9051 8495 9051 8495 9027 8475 9052 8496 9053 8496 9054 8497 9055 8497 9054 8497 9053 8496 9052 8496 9056 8498 9055 8497 9057 8499 9054 8497 9057 8499 9055 8497 9058 8500 9059 8501 9056 8498 9056 8498 9057 8499 9058 8500 9059 8501 9060 8502 9061 8503 9060 8502 9059 8501 9058 8500 9062 8504 9061 8503 9063 8504 9060 8502 9063 8504 9061 8503 9064 8505 9065 8505 9062 8504 9062 8504 9063 8504 9064 8505 9065 8505 9066 8506 9067 8507 9066 8506 9065 8505 9064 8505 9066 8506 9031 8478 9067 8507 9068 8508 9069 8479 9070 8508 9067 8507 9031 8478 9030 8478 9071 8509 9072 8510 9073 8511 9074 8512 9075 8512 9076 8510 9077 8513 9078 8514 9079 8514 9080 8515 9081 8516 9082 8517 9083 8518 9084 8518 9085 8519 9086 8520 9087 8521 9088 8522 9089 8523 9090 8524 9091 8525 9092 8526 9093 8527 9094 8524 9095 8528 9096 8529 9097 8530 9089 8523 9097 8530 9096 8529 9095 8528 9098 8531 9099 8532 9099 8532 9096 8529 9095 8528 9100 8533 9098 8531 9101 8534 9098 8531 9100 8533 9099 8532 9050 8494 9102 8535 9101 8534 9100 8533 9101 8534 9102 8535 9049 8494 9102 8535 9050 8494 9090 8524 9094 8524 9091 8525 9089 8523 9091 8525 9097 8530 9092 8526 9084 8518 9093 8527 9090 8524 9092 8526 9094 8524 9083 8518 9085 8519 9086 8520 9093 8527 9084 8518 9083 8518 9088 8522 9087 8521 9079 8514 9086 8520 9085 8519 9087 8521 9081 8516 9078 8514 9077 8513 9078 8514 9088 8522 9079 8514 9071 8509 9080 8515 9082 8517 9082 8517 9081 8516 9077 8513 9072 8510 9076 8510 9073 8511 9071 8509 9073 8511 9080 8515 9074 8512 9068 8508 9075 8512 9072 8510 9074 8512 9076 8510 9070 8508 9069 8479 9032 8479 9075 8512 9068 8508 9070 8508 9030 8478 9032 8479 9069 8479 9103 8536 9104 8536 9105 8536 9106 8537 9107 8537 9108 8537 9107 8538 9109 8538 9110 8538 9106 8539 9111 8539 9112 8539 9113 8540 9109 8540 9114 8540 9115 8541 9116 8541 9112 8541 9117 8542 9114 8542 9118 8542 9119 8543 9116 8543 9120 8543 9121 8544 9122 8544 9118 8544 9119 8545 9123 8545 9103 8545 9124 8546 9121 8546 9125 8546 9126 8547 9127 8547 9128 8547 9129 8548 9130 8548 9131 8548 9132 8549 9133 8549 9134 8549 9135 8550 9136 8550 9137 8550 9138 8551 9139 8551 9140 8551 9141 8552 9142 8552 9143 8552 9144 8553 9145 8553 9139 8553 9146 8554 9144 8554 9147 8554 9148 8555 9149 8555 9150 8555 9147 8556 9151 8556 9152 8556 9153 8557 9138 8557 9154 8557 9155 8558 9156 8558 9157 8558 9153 8559 9158 8559 9134 8559 9137 8560 9159 8560 9135 8560 9160 8561 9159 8561 9161 8561 9137 8562 9136 8562 9126 8562 9162 8563 9163 8563 9164 8563 9165 8564 9166 8564 9167 8564 9126 8565 9136 8565 9127 8565 9128 8566 9168 8566 9169 8566 9130 8567 9170 8567 9171 8567 9172 8568 9131 8568 9173 8568 9174 8569 9105 8569 9169 8569 9175 8570 9173 8570 9124 8570 9133 8571 9176 8571 9177 8571 9177 8572 9162 8572 9178 8572 9148 8573 9150 8573 9151 8573 9127 8574 9168 8574 9128 8574 9168 8575 9174 8575 9169 8575 9105 8576 9104 8576 9169 8576 9103 8560 9123 8560 9104 8560 9119 8577 9120 8577 9123 8577 9116 8578 9115 8578 9120 8578 9112 8579 9111 8579 9115 8579 9106 8580 9108 8580 9111 8580 9107 8581 9110 8581 9108 8581 9109 8582 9113 8582 9110 8582 9114 8583 9117 8583 9113 8583 9118 8584 9122 8584 9117 8584 9118 8585 9125 8585 9121 8585 9125 8586 9175 8586 9124 8586 9175 8587 9172 8587 9173 8587 9172 8588 9129 8588 9131 8588 9129 8589 9170 8589 9130 8589 9170 8590 9166 8590 9171 8590 9166 8591 9165 8591 9171 8591 9167 8592 9164 8592 9163 8592 9167 8593 9163 8593 9165 8593 9164 8594 9178 8594 9162 8594 9177 8595 9176 8595 9162 8595 9133 8596 9132 8596 9176 8596 9134 8597 9158 8597 9132 8597 9153 8598 9154 8598 9158 8598 9138 8599 9140 8599 9154 8599 9139 8600 9145 8600 9140 8600 9144 8601 9146 8601 9145 8601 9147 8602 9152 8602 9146 8602 9151 8603 9150 8603 9152 8603 9148 8604 9143 8604 9149 8604 9141 8605 9156 8605 9142 8605 9148 8606 9141 8606 9143 8606 9155 8607 9157 8607 9161 8607 9142 8608 9156 8608 9155 8608 9159 8609 9160 8609 9135 8609 9161 8610 9157 8610 9160 8610 9179 8520 9180 8519 9181 8521 9182 8507 9183 8611 9184 8611 9180 8519 9185 8612 9186 8518 9185 8612 9180 8519 9179 8520 9187 8613 9186 8518 9188 8526 9185 8612 9188 8526 9186 8518 9189 8524 9190 8524 9187 8613 9187 8613 9188 8526 9189 8524 9190 8524 9191 8523 9192 8523 9191 8523 9190 8524 9189 8524 9193 8614 9192 8523 9194 8614 9191 8523 9194 8614 9192 8523 9195 8528 9196 8528 9193 8614 9193 8614 9194 8614 9195 8528 9196 8528 9197 8533 9198 8533 9197 8533 9196 8528 9195 8528 9199 8615 9198 8533 9200 8615 9197 8533 9200 8615 9198 8533 9201 8616 9202 8617 9199 8615 9199 8615 9200 8615 9201 8616 9179 8520 9181 8521 9203 8521 9204 8514 9205 8514 9203 8521 9203 8521 9181 8521 9204 8514 9205 8514 9206 8513 9207 8516 9206 8513 9205 8514 9204 8514 9208 8517 9207 8516 9209 8515 9206 8513 9209 8515 9207 8516 9210 8618 9211 8511 9208 8517 9208 8517 9209 8515 9210 8618 9211 8511 9212 8510 9213 8510 9212 8510 9211 8511 9210 8618 9214 8512 9213 8510 9215 8512 9212 8510 9215 8512 9213 8510 9216 8619 9217 8508 9214 8512 9214 8512 9215 8512 9216 8619 9217 8508 9218 8479 9219 8620 9218 8479 9217 8508 9216 8619 9218 8479 9184 8611 9219 8620 9219 8620 9184 8611 9183 8611 9220 8621 9221 8622 9222 8623 9223 8505 9224 8624 9225 8625 9226 8626 9227 8627 9228 8628 9229 8629 9230 8630 9231 8631 9232 8632 9233 8633 9234 8634 9235 8635 9236 8636 9237 8637 9238 8638 9239 8639 9240 8640 9241 8641 9242 8642 9243 8643 9244 8644 9245 8645 9246 8646 9247 8647 9248 8648 9245 8645 9249 8649 9250 8650 9244 8644 9244 8644 9246 8646 9249 8649 9250 8650 9251 8651 9252 8652 9251 8651 9250 8650 9249 8649 9253 8492 9252 8652 9254 8493 9251 8651 9254 8493 9252 8652 9202 8617 9201 8616 9253 8492 9253 8492 9254 8493 9202 8617 9238 8638 9248 8648 9247 8647 9245 8645 9248 8648 9246 8646 9239 8639 9241 8641 9240 8640 9247 8647 9239 8639 9238 8638 9243 8643 9242 8642 9233 8633 9240 8640 9241 8641 9243 8643 9232 8632 9234 8634 9236 8636 9233 8633 9242 8642 9234 8634 9228 8628 9235 8635 9237 8637 9235 8635 9232 8632 9236 8636 9231 8631 9227 8627 9226 8626 9226 8626 9228 8628 9237 8637 9229 8629 9220 8621 9230 8630 9231 8631 9230 8630 9227 8627 9221 8622 9224 8624 9222 8623 9229 8629 9221 8622 9220 8621 9223 8505 9225 8625 9182 8507 9222 8623 9224 8624 9223 8505 9183 8611 9182 8507 9225 8625 9255 8653 9256 8653 9257 8653 9258 8654 9259 8654 9260 8654 9261 8539 9258 8539 9262 8539 9263 8655 9264 8655 9265 8655 9266 8656 9267 8656 9268 8656 9264 8657 9269 8657 9270 8657 9267 8658 9271 8658 9272 8658 9273 8659 9274 8659 9275 8659 9271 8660 9276 8660 9277 8660 9278 8661 9279 8661 9280 8661 9276 8662 9257 8662 9281 8662 9282 8663 9283 8663 9284 8663 9256 8587 9285 8587 9286 8587 9287 8664 9288 8664 9289 8664 9290 8665 9291 8665 9292 8665 9293 8666 9294 8666 9295 8666 9296 8667 9297 8667 9298 8667 9299 8668 9300 8668 9301 8668 9302 8669 9303 8669 9304 8669 9303 8670 9305 8670 9306 8670 9307 8671 9296 8671 9308 8671 9302 8669 9309 8669 9308 8669 9305 8672 9310 8672 9311 8672 9298 8673 9312 8673 9313 8673 9301 8674 9314 8674 9310 8674 9299 8675 9315 8675 9316 8675 9317 8676 9313 8676 9292 8676 9290 8677 9318 8677 9319 8677 9266 8678 9261 8678 9262 8678 9294 8679 9293 8679 9284 8679 9320 8680 9318 8680 9289 8680 9321 8681 9322 8681 9287 8681 9282 8682 9284 8682 9293 8682 9323 8587 9283 8587 9324 8587 9325 8683 9321 8683 9326 8683 9323 8684 9327 8684 9328 8684 9324 8685 9283 8685 9282 8685 9286 8686 9329 8686 9326 8686 9315 8687 9295 8687 9316 8687 9316 8688 9295 8688 9294 8688 9300 8539 9299 8539 9316 8539 9314 8662 9301 8662 9300 8662 9311 8689 9310 8689 9314 8689 9306 8690 9305 8690 9311 8690 9304 8691 9303 8691 9306 8691 9309 8692 9302 8692 9304 8692 9307 8693 9308 8693 9309 8693 9297 8694 9296 8694 9307 8694 9312 8695 9298 8695 9297 8695 9317 8696 9298 8696 9313 8696 9291 8697 9317 8697 9292 8697 9319 8698 9291 8698 9290 8698 9320 8699 9319 8699 9318 8699 9288 8685 9320 8685 9289 8685 9322 8700 9288 8700 9287 8700 9325 8701 9322 8701 9321 8701 9329 8702 9325 8702 9326 8702 9285 8703 9329 8703 9286 8703 9255 8704 9285 8704 9256 8704 9281 8587 9257 8587 9256 8587 9277 8694 9276 8694 9281 8694 9272 8705 9271 8705 9277 8705 9268 8706 9267 8706 9272 8706 9261 8707 9266 8707 9268 8707 9258 8708 9260 8708 9262 8708 9259 8709 9265 8709 9260 8709 9330 8710 9264 8710 9263 8710 9263 8588 9265 8588 9259 8588 9270 8711 9269 8711 9275 8711 9264 8712 9330 8712 9269 8712 9274 8713 9273 8713 9278 8713 9270 8550 9275 8550 9274 8550 9279 8714 9328 8714 9280 8714 9273 8715 9279 8715 9278 8715 9323 8677 9324 8677 9327 8677 9328 8716 9327 8716 9280 8716 9331 8717 9332 8717 9333 8717 9334 8718 9335 8718 9336 8718 9337 8719 9338 8719 9333 8719 9331 8720 9333 8720 9338 8720 9337 8721 9339 8721 9340 8721 9340 8722 9338 8722 9337 8722 9340 8723 9339 8723 9341 8723 9342 8724 9343 8724 9341 8724 9341 8725 9339 8725 9342 8725 9343 8726 9344 8726 9345 8726 9344 8727 9343 8727 9342 8727 9346 8728 9347 8728 9348 8728 9344 8729 9346 8729 9345 8729 9349 8730 9350 8730 9351 8730 9352 8731 9353 8731 9354 8731 9334 8732 9336 8732 9355 8732 9356 8733 9357 8733 9335 8733 9358 8734 9359 8734 9360 8734 9361 8735 9362 8735 9363 8735 9364 8736 9365 8736 9366 8736 9367 8737 9364 8737 9368 8737 9368 8738 9359 8738 9367 8738 9364 8739 9367 8739 9365 8739 9360 8740 9362 8740 9358 8740 9368 8741 9360 8741 9359 8741 9361 8742 9363 8742 9355 8742 9358 8743 9362 8743 9361 8743 9336 8744 9335 8744 9357 8744 9355 8745 9363 8745 9334 8745 9350 8746 9349 8746 9356 8746 9356 8747 9349 8747 9357 8747 9350 8748 9352 8748 9351 8748 9353 8749 9347 8749 9354 8749 9352 8750 9354 8750 9351 8750 9346 8751 9348 8751 9345 8751 9353 8752 9348 8752 9347 8752 9369 8753 9370 8521 9371 8519 9372 8493 9373 8616 9374 8616 9370 8521 9375 8514 9376 8754 9375 8514 9370 8521 9369 8753 9377 8755 9376 8754 9378 8513 9375 8514 9378 8513 9376 8754 9379 8756 9380 8515 9377 8755 9377 8755 9378 8513 9379 8756 9380 8515 9381 8757 9382 8618 9381 8757 9380 8515 9379 8756 9383 8758 9382 8618 9384 8759 9381 8757 9384 8759 9382 8618 9385 8512 9386 8760 9383 8758 9383 8758 9384 8759 9385 8512 9386 8760 9387 8508 9388 8508 9387 8508 9386 8760 9385 8512 9389 8761 9388 8508 9390 8620 9387 8508 9390 8620 9388 8508 9391 8611 9392 8478 9389 8761 9389 8761 9390 8620 9391 8611 9369 8753 9371 8519 9393 8520 9394 8518 9395 8762 9393 8520 9393 8520 9371 8519 9394 8518 9395 8762 9396 8526 9397 8613 9396 8526 9395 8762 9394 8518 9398 8524 9397 8613 9399 8524 9396 8526 9399 8524 9397 8613 9400 8523 9401 8523 9398 8524 9398 8524 9399 8524 9400 8523 9401 8523 9402 8530 9403 8530 9402 8530 9401 8523 9400 8523 9404 8528 9403 8530 9405 8528 9402 8530 9405 8528 9403 8530 9406 8763 9407 8764 9404 8528 9404 8528 9405 8528 9406 8763 9407 8764 9408 8765 9409 8535 9408 8765 9407 8764 9406 8763 9408 8765 9374 8616 9409 8535 9409 8535 9374 8616 9373 8616 9410 8766 9411 8767 9412 8768 9413 8769 9414 8490 9415 8770 9416 8484 9417 8771 9418 8772 9419 8773 9420 8774 9421 8775 9422 8776 9423 8777 9424 8778 9425 8779 9426 8780 9427 8781 9428 8782 9429 8783 9430 8784 9431 8785 9432 8786 9433 8787 9434 8502 9435 8500 9436 8788 9437 8789 9438 8790 9435 8500 9439 8791 9440 8792 9434 8502 9434 8502 9436 8788 9439 8791 9440 8792 9441 8793 9442 8505 9441 8793 9440 8792 9439 8791 9443 8794 9442 8505 9444 8795 9441 8793 9444 8795 9442 8505 9392 8478 9391 8611 9443 8794 9443 8794 9444 8795 9392 8478 9428 8782 9438 8790 9437 8789 9435 8500 9438 8790 9436 8788 9429 8783 9431 8785 9430 8784 9437 8789 9429 8783 9428 8782 9433 8787 9432 8786 9423 8777 9430 8784 9431 8785 9433 8787 9422 8776 9424 8778 9426 8780 9423 8777 9432 8786 9424 8778 9418 8772 9425 8779 9427 8781 9425 8779 9422 8776 9426 8780 9421 8775 9417 8771 9416 8484 9416 8484 9418 8772 9427 8781 9419 8773 9410 8766 9420 8774 9421 8775 9420 8774 9417 8771 9411 8767 9414 8490 9412 8768 9419 8773 9411 8767 9410 8766 9413 8769 9415 8770 9372 8493 9412 8768 9414 8490 9413 8769 9373 8616 9372 8493 9415 8770</p>
        </triangles>
      </mesh>
    </geometry>
  </library_geometries>
  <library_visual_scenes>
    <visual_scene id="Scene" name="Scene">
      <node id="Object_004" name="Object.004" type="NODE">
        <matrix sid="transform">-1 2.46003e-14 1.50996e-07 -0.07846777 1.50996e-07 1.62921e-07 1 0.08721038 0 1 -1.62921e-07 0.03205801 0 0 0 1</matrix>
        <instance_geometry url="#ID26_011-mesh" name="Object.004">
          <bind_material>
            <technique_common>
              <instance_material symbol="ID10_002-material" target="#ID10_002-material"/>
              <instance_material symbol="ID53_002-material" target="#ID53_002-material"/>
              <instance_material symbol="ID90_002-material" target="#ID90_002-material"/>
              <instance_material symbol="ID147_002-material" target="#ID147_002-material"/>
            </technique_common>
          </bind_material>
        </instance_geometry>
      </node>
    </visual_scene>
  </library_visual_scenes>
  <scene>
    <instance_visual_scene url="#Scene"/>
  </scene>
</COLLADA>