<?xml version="1.0" encoding="utf-8"?>
<COLLADA xmlns="http://www.collada.org/2005/11/COLLADASchema" version="1.4.1" xmlns:xsi="http://www.w3.org/2001/XMLSchema-instance">
  <asset>
    <contributor>
      <author>Blender User</author>
      <authoring_tool>Blender 2.93.6 commit date:2021-11-16, commit time:14:54, hash:c842a90e2fa1</authoring_tool>
    </contributor>
    <created>2023-07-04T12:02:35</created>
    <modified>2023-07-04T12:02:35</modified>
    <unit name="meter" meter="1"/>
    <up_axis>Z_UP</up_axis>
  </asset>
  <library_effects>
    <effect id="ID10_002-effect">
      <profile_COMMON>
        <technique sid="common">
          <lambert>
            <emission>
              <color sid="emission">0 0 0 1</color>
            </emission>
            <diffuse>
              <color sid="diffuse">1 1 1 1</color>
            </diffuse>
            <index_of_refraction>
              <float sid="ior">1.45</float>
            </index_of_refraction>
          </lambert>
        </technique>
      </profile_COMMON>
    </effect>
  </library_effects>
  <library_images/>
  <library_materials>
    <material id="ID10_002-material" name="ID10.002">
      <instance_effect url="#ID10_002-effect"/>
    </material>
  </library_materials>
  <library_geometries>
    <geometry id="ID33_016-mesh" name="ID33.016">
      <mesh>
        <source id="ID33_016-mesh-positions">
          <float_array id="ID33_016-mesh-positions-array" count="9237">0.07200118 -0.001274674 -0.01580851 0.06268519 -0.001954734 -0.01512843 0.1099753 -0.0006598744 -0.0164234 0.1650891 -0.01060304 -0.006480128 0.110415 -0.0006645412 -0.01641868 0.05339592 -0.002837941 -0.01424531 0.1095299 -0.0005859145 -0.01649732 0.100108 -0.0004533641 -0.0166298 0.09071252 -0.0005239752 -0.01655916 0.08134349 -0.0007977452 -0.01628555 0.03489682 -0.0128065 -0.004276672 0.03489682 -0.00521396 -0.01186921 0.04413312 -0.00392435 -0.01315882 0.1470111 -0.00146673 -0.01561643 0.1650891 -0.002061375 -0.01502171 0.1289273 -0.0009795217 -0.01610363 0.1108381 -0.0005997028 -0.01648349 0.1650891 -0.01060304 -0.006480128 0.1650891 0.006480128 -0.006480128 0.1650891 -0.002061375 -0.01502171 0.1650891 -0.002061375 0.002061375 0.03489682 -0.0128065 -0.004276672 0.1650891 -0.002061375 0.002061375 0.1650891 -0.01060304 -0.006480128 0.03489682 -0.004264912 0.004264912 0.03489682 -0.00521396 -0.01186921 0.03489682 -0.004264912 0.004264912 0.03489682 -0.0128065 -0.004276672 0.03489682 0.003327625 -0.003327625 0.1482728 0.007029253 -0.007029253 0.131394 0.007500616 -0.007500616 0.1470111 -0.00146673 -0.01561643 0.1650891 -0.002061375 -0.01502171 0.1650891 0.006480128 -0.006480128 0.1289273 -0.0009795217 -0.01610363 0.1144539 0.0078943 -0.0078943 0.1117556 -0.0002443184 -0.01610652 0.1113204 -0.0004520904 -0.0163246 0.1108381 -0.0005997028 -0.01648349 0.1124728 0.0002949739 -0.01554907 0.1121395 8.461714e-06 -0.01584411 0.1129925 0.0009388816 -0.01489114 0.1127568 0.0006071264 -0.01522947 0.1133198 0.001645931 -0.01417546 0.1131792 0.001286005 -0.01453922 0.1134116 0.002013214 -0.01380554 0.1099753 -0.0006598744 -0.0164234 0.1570279 -0.0006301476 0.2517044 0.1095299 -0.0005859145 -0.01649732 0.1091181 -0.0004347265 -0.01635396 0.1565836 -0.0005089481 0.2517836 0.1561662 -0.0003111352 0.2518561 0.155789 -4.272304e-05 0.2519232 0.1087463 -0.0002089652 -0.01613508 0.1554629 0.0002881328 0.2519809 0.1084573 5.356764e-05 -0.01587764 0.1082298 0.0003544167 -0.0155806 0.1551985 0.000671381 0.2520279 0.1079611 0.001002131 -0.01493731 0.1080659 0.0006747646 -0.01526291 0.1550039 0.001095381 0.2520615 0.1079006 0.001674972 -0.01426539 0.1079067 0.001342649 -0.01459762 0.1548844 0.001547211 0.2520829 0.1548441 0.002013214 0.2520897 0.1079387 0.002013214 -0.0139265 0.1574869 -0.0006710468 0.2516238 0.110415 -0.0006645412 -0.01641868 0.1579459 -0.0006303933 0.2515434 0.1108381 -0.0005997028 -0.01648349 0.1583915 -0.0005094152 0.2514642 0.158809 -0.0003117754 0.2513904 0.1113204 -0.0004520904 -0.0163246 0.1117556 -0.0002443184 -0.01610652 0.1121395 8.461714e-06 -0.01584411 0.1591875 -4.346808e-05 0.2513246 0.1595123 0.0002873637 0.2512669 0.1124728 0.0002949739 -0.01554907 0.1127568 0.0006071264 -0.01522947 0.1129925 0.0009388816 -0.01489114 0.1597767 0.0006706777 0.2512198 0.1131792 0.001286005 -0.01453922 0.1599726 0.001094833 0.251185 0.1600921 0.001546891 0.2511649 0.1133198 0.001645931 -0.01417546 0.1601324 0.002013214 0.2511568 0.1134116 0.002013214 -0.01380554 0.09315639 0.00794462 -0.00794462 0.1009932 0.0209408 0.004949477 0.09077692 0.02122656 0.005405961 0.1089906 0.00796078 -0.00796078 0.09919019 0.0079919 -0.0079919 0.1112099 0.02050055 0.004625154 0.05339592 -0.002837941 -0.01424531 0.05799156 0.006230287 -0.006230287 0.05414841 0.005844604 -0.005844604 0.06183239 0.006576689 -0.006576689 0.06268519 -0.001954734 -0.01512843 0.06567082 0.006883972 -0.006883972 0.07200118 -0.001274674 -0.01580851 0.06950676 0.007151894 -0.007151894 0.07334047 0.007380615 -0.007380615 0.08134349 -0.0007977452 -0.01628555 0.0771717 0.007570137 -0.007570137 0.08482712 0.007831418 -0.007831418 0.08100061 0.007720378 -0.007720378 0.08865131 0.00790318 -0.00790318 0.09071252 -0.0005239752 -0.01655916 0.09247309 0.00793574 -0.00793574 0.09389375 0 -0.01590691 0.1087463 -0.0002089652 -0.01613508 0.100108 -0.0004533641 -0.0166298 0.1091181 -0.0004347265 -0.01635396 0.09315639 0.00794462 -0.00794462 0.09457799 0 -0.01592163 0.09919019 0.0079919 -0.0079919 0.1089906 0.00796078 -0.00796078 0.1079387 0.002013214 -0.0139265 0.1079006 0.001674972 -0.01426539 0.1079067 0.001342649 -0.01459762 0.1084573 5.356764e-05 -0.01587764 0.1082298 0.0003544167 -0.0155806 0.1080659 0.0006747646 -0.01526291 0.1079611 0.001002131 -0.01493731 0.1095299 -0.0005859145 -0.01649732 0.05030285 0.00541964 -0.00541964 0.04413312 -0.00392435 -0.01315882 0.04645499 0.004955477 -0.004955477 0.04260464 0.004452114 -0.004452114 0.03875189 0.003909469 -0.003909469 0.03489682 -0.00521396 -0.01186921 0.03489682 0.003327625 -0.003327625 0.006517409 -0.005573401 0.005573401 0.008507584 -0.004286112 0.004286112 0.007199094 0.009030148 0.01922974 0.03489682 0.003327625 -0.003327625 0.03750619 0.01869478 0.01120632 0.0353353 0.01839237 0.01159393 0.005700682 0.007564698 0.01992246 0.004725476 -0.006994532 0.006994532 0.004363152 0.005925084 0.02056688 0.003156664 -0.008561344 0.008561344 0.003210904 0.004118031 0.02111288 0.002255537 0.002162175 0.02150864 0.001495451 7.615827e-05 0.0216952 0.001835853 -0.0102856 0.0102856 0.0009250638 -0.002071856 0.02161896 0.0007759897 -0.01217353 0.01217353 0.0005335195 -0.004155391 0.02125735 0.0002795052 -0.006110205 0.02062519 0.0001066759 -0.00808598 0.01967694 0 -0.01423602 0.01423602 0 -0.010184 0.01828798 0.008839106 0.01033368 0.01852013 0.01060512 0.01149137 0.01781357 0.01068016 -0.003125063 0.003125063 0.01247481 0.01251505 0.01712556 0.01301474 -0.002080575 0.002080575 0.01548491 -0.001140159 0.001140159 0.01439907 0.01340762 0.01647412 0.01807213 -0.0002948947 0.0002948947 0.01636556 0.01418754 0.01586115 0.02044431 0.01549388 0.01473059 0.01838326 0.01487914 0.01528019 0.02075999 0.0004629272 -0.0004629272 0.02252832 0.0160394 0.01421362 0.02352074 0.001146595 -0.001146595 0.02460738 0.01652203 0.01373082 0.02670883 0.01695836 0.01327162 0.0263334 0.001766013 -0.001766013 0.02884533 0.01735885 0.01282954 0.02918525 0.002327297 -0.002327297 0.03204055 0.002847462 -0.002847462 0.03099487 0.01772693 0.01240521 0.033158 0.01806958 0.01199441 0.03968133 0.01897877 0.01082992 0.03875189 0.003909469 -0.003909469 0.04619259 0.01971911 0.009777274 0.04402481 0.01949054 0.01011528 0.04645499 0.004955477 -0.004955477 0.04260464 0.004452114 -0.004452114 0.04185432 0.01924381 0.01046616 0.05030285 0.00541964 -0.00541964 0.05271776 0.02030487 0.008835987 0.05053054 0.02012527 0.009138788 0.04835684 0.01993022 0.009452392 0.05414841 0.005844604 -0.005844604 0.05799156 0.006230287 -0.006230287 0.05709915 0.02061583 0.008267902 0.05490721 0.02046814 0.008545744 0.0614975 0.02086592 0.007748058 0.06183239 0.006576689 -0.006576689 0.06365952 0.02096712 0.007510536 0.05929324 0.02074815 0.0080023 0.06794099 0.02112744 0.007074213 0.06567082 0.006883972 -0.006883972 0.06950676 0.007151894 -0.007151894 0.06579842 0.02105375 0.007287015 0.0771717 0.007570137 -0.007570137 0.07444736 0.02127696 0.006492448 0.07334047 0.007380615 -0.007380615 0.07226535 0.02123887 0.00667709 0.07009652 0.02118911 0.006871012 0.07885051 0.02131944 0.006150047 0.07664234 0.02130367 0.006316847 0.08100061 0.007720378 -0.007720378 0.08107198 0.02132423 0.005991965 0.08482712 0.007831418 -0.007831418 0.08330646 0.02131831 0.005842364 0.08865131 0.00790318 -0.00790318 0.08555409 0.02130207 0.005701003 0.09008883 0.02123943 0.00544228 0.0878149 0.02127575 0.005567721 0.09247309 0.00793574 -0.00793574 0 -0.01224073 0.01647716 0 -0.01423602 0.01423602 0 -0.010184 0.01828798 0.2013281 -0.007117973 0.007117973 0.2013281 -0.001423531 0.001423531 0.1771688 -0.001423531 0.001423531 0.1650891 0.006480128 -0.006480128 0.1650891 -0.002061375 0.002061375 0.01807213 -0.0002948947 0.0002948947 0.01548491 -0.001140159 0.001140159 0.03489682 -0.004264912 0.004264912 0.02352074 0.001146595 -0.001146595 0.02075999 0.0004629272 -0.0004629272 0.01301474 -0.002080575 0.002080575 0.008507584 -0.004286112 0.004286112 0.006517409 -0.005573401 0.005573401 0.004725476 -0.006994532 0.006994532 0.003156664 -0.008561344 0.008561344 0.001835853 -0.0102856 0.0102856 0.0007759897 -0.01217353 0.01217353 0 -0.01423602 0.01423602 0.0263334 0.001766013 -0.001766013 0.03204055 0.002847462 -0.002847462 0.02918525 0.002327297 -0.002327297 0.1771688 0.006168926 -0.006168926 0.03489682 0.003327625 -0.003327625 0.01068016 -0.003125063 0.003125063 0.2013281 -0.001423531 0.001423531 0.2013281 0.003844268 0.008307263 0.2013281 0.005068038 0.00791526 0.2013281 0.00138425 0.008853587 0.2013281 0.00261554 0.008624065 0.2013281 -0.001078061 0.009013988 0.2013281 0.0001522806 0.008987508 0.2013281 -0.003522986 0.008693186 0.2013281 -0.002303857 0.008919347 0.2013281 -0.005932125 0.007802619 0.2013281 -0.004733715 0.008327103 0.2013281 -0.007117973 0.007117973 0.1771688 0.006217167 0.009064388 0.1771688 -0.001423531 0.001423531 0.2013281 0.005068038 0.00791526 0.2013281 -0.001423531 0.001423531 0.1771688 0.006168926 -0.006168926 0.1771688 0.01342194 0.005394681 0.1771688 0.0147721 0.004586594 0.1771688 0.01609188 0.003753948 0.1771688 0.01204153 0.006177967 0.1771688 0.01063088 0.006936612 0.1771688 -0.001423531 0.001423531 0.1771688 0.009189989 0.007670537 0.1771688 0.007718698 0.008379823 0.1771688 0.006217167 0.009064388 0.1650891 0.006480128 -0.006480128 0.1469011 0.01819934 0.004096751 0.1482728 0.007029253 -0.007029253 0.1771688 0.01609188 0.003753948 0.1771688 0.006168926 -0.006168926 0.131394 0.007500616 -0.007500616 0.1166386 0.02021463 0.004495873 0.1144539 0.0078943 -0.0078943 0.08154334 0 0.05721379 0.09389375 0 -0.01590691 0.09457799 0 -0.01592163 0.07994069 0 0.06238159 0.08881091 0 0.05850916 0.08786883 0 0.06379456 0.08060773 0 0.08158726 0.07990116 0 0.08555129 0.07461576 0 0.08460935 0.07532233 0 0.08064516 0.1601324 0.002013214 0.2511568 0.149574 0.004442594 0.1912831 0.1601318 0.004000109 0.2511568 0.1551963 0.004207951 0.2231689 0.1446786 0.004644994 0.1635172 0.1412244 0.004786756 0.1439288 0.1371356 0.004953477 0.1207402 0.1134116 0.002013214 -0.01380554 0.1321589 0.005154679 0.09251646 0.1279017 0.0053254 0.06837196 0.1237604 0.005490281 0.04488561 0.1181643 0.005711083 0.01314794 0.1144539 0.0078943 -0.0078943 0.117417 0.01394138 0.008910147 0.1175924 0.01234377 0.009905114 0.1172339 0.01552731 0.00787166 0.1179085 0.009085588 0.01169761 0.1177602 0.01073448 0.0108568 0.1170431 0.0171014 0.006789811 0.1180431 0.007411096 0.01246137 0.1168446 0.0186639 0.005664522 0.1166386 0.02021463 0.004495873 0.1561702 0.00408251 0.2518561 0.1548441 0.004097711 0.2520897 0.1548441 0.002013214 0.2520897 0.1574936 0.004061151 0.2516226 0.1548844 0.001547211 0.2520829 0.1550039 0.001095381 0.2520615 0.1551985 0.000671381 0.2520279 0.1579459 -0.0006303933 0.2515434 0.1583915 -0.0005094152 0.2514642 0.1565836 -0.0005089481 0.2517836 0.158809 -0.0003117754 0.2513904 0.155789 -4.272304e-05 0.2519232 0.1561662 -0.0003111352 0.2518561 0.1570279 -0.0006301476 0.2517044 0.1574869 -0.0006710468 0.2516238 0.1591875 -4.346808e-05 0.2513246 0.1554629 0.0002881328 0.2519809 0.1595123 0.0002873637 0.2512669 0.1597767 0.0006706777 0.2512198 0.1599726 0.001094833 0.251185 0.1600921 0.001546891 0.2511649 0.1601324 0.002013214 0.2511568 0.1588143 0.00403363 0.2513904 0.1601324 0.00400003 0.2511568 0.1127576 0.005997645 0.01340234 0.112457 0.009814235 0.01169857 0.1089906 0.00796078 -0.00796078 0.1079387 0.002013214 -0.0139265 0.1120908 0.01347729 0.009621513 0.1176668 0.005805964 0.04124455 0.1116664 0.01701125 0.007214454 0.1204647 0.005693083 0.05711202 0.1148625 0.005916444 0.02534066 0.1232585 0.005577882 0.07295631 0.1253837 0.005488441 0.08500904 0.1274983 0.005398121 0.09700193 0.1302843 0.00527684 0.1128018 0.1344893 0.005088919 0.1366493 0.1323982 0.005182999 0.1247904 0.1373277 0.004958837 0.1527474 0.1548441 0.002013214 0.2520897 0.1401338 0.004827636 0.1686594 0.1429152 0.004694995 0.184439 0.1471592 0.004487874 0.2085037 0.1450247 0.004592755 0.1963969 0.1499482 0.004348513 0.2243221 0.1527219 0.004207472 0.2400516 0.1548441 0.004097711 0.2520897 0.1112099 0.02050055 0.004625154 0.08985676 0.01438554 0.01056912 0.09030125 0.01784564 0.008074301 0.1009491 0.01662012 0.008220141 0.0894674 0.01077848 0.01275314 0.1009491 0.01157793 0.01152737 0.09445815 0.006818131 0.01430619 0.1120908 0.01347729 0.009621513 0.1116664 0.01701125 0.007214454 0.112457 0.009814235 0.01169857 0.1031677 0.006456929 0.01386626 0.1062665 0.006314768 0.01371434 0.1094631 0.006161646 0.01355969 0.1127576 0.005997645 0.01340234 0.09077692 0.02122656 0.005405961 0.1009932 0.0209408 0.004949477 0.1112099 0.02050055 0.004625154 0.09726362 0.00670861 0.01416219 0.08914083 0.007004373 0.01458602 0.09175053 0.006916692 0.01444739 0.1001668 0.006588209 0.01401562 0.08154334 0 0.05721379 0.08815658 0.007017493 0.0201079 0.08718226 0.007022612 0.02557467 0.08245846 0.006929332 0.05207887 0.08154334 0.006886851 0.05721379 0.08431847 0.006990452 0.04164295 0.08338351 0.006963812 0.0468886 0.08621778 0.007019812 0.030986 0.0852632 0.007009092 0.03634212 0.09457799 0 -0.01592163 0.08914083 0.007004373 0.01458602 0.09315639 0.00794462 -0.00794462 0.08985676 0.01438554 0.01056912 0.09030125 0.01784564 0.008074301 0.0894674 0.01077848 0.01275314 0.09077692 0.02122656 0.005405961 0.08881091 0 0.05850916 0.08639554 0.006824611 0.05807868 0.08881091 0.006782291 0.05850916 0.08397295 0.006859412 0.05764691 0.08154334 0 0.05721379 0.08154334 0.006886851 0.05721379 0.08786883 0 0.06379456 0.08881091 0.006782291 0.05850916 0.08786883 0.00675333 0.06379456 0.08881091 0 0.05850916 0.08060773 0 0.08158726 0.07797595 0.006538529 0.08111813 0.08060773 0.006559729 0.08158726 0.07532233 0.006503408 0.08064516 0.07532233 0 0.08064516 0.07994069 0 0.06238159 0.08192558 0.006822052 0.06273527 0.07994069 0.006834051 0.06238159 0.0839048 0.006804531 0.06308799 0.0839048 0 0.06308799 0.09389375 0 -0.01590691 0.08845251 0.007026692 0.01462299 0.09247309 0.00793574 -0.00793574 0.08877603 0.01076704 0.01280802 0.08896203 0.01258409 0.01176409 0.08860619 0.008914548 0.0137609 0.08916427 0.01436578 0.01062936 0.08938283 0.01611212 0.00940367 0.0896102 0.01783869 0.008127822 0.08096084 0.006895012 0.0566569 0.07994069 0 0.06238159 0.07994069 0.006834051 0.06238159 0.08984468 0.01954974 0.006812132 0.08199366 0.006945412 0.05086214 0.08303879 0.006985333 0.04499729 0.08409664 0.007014613 0.03906261 0.08516688 0.007033413 0.03305777 0.08734482 0.007039493 0.020838 0.08624961 0.007041733 0.02698292 0.09008883 0.02123943 0.00544228 0.1153285 -0.005863725 0.01325218 0.1509961 -0.005765403 0.01100928 0.1771688 0.006217167 0.009064388 0.2013281 0.005068038 0.00791526 0.1509961 0.005746203 0.01096896 0.1180431 0.007411096 0.01246137 0.1181643 0.005710923 0.01314802 0.04181744 -0.006984852 0.01750477 0.04241576 -0.007013973 0.01745029 0.0001066759 -0.00808598 0.01967694 0.1354348 0.004677395 0.01237921 0.1325571 0.004859956 0.01251017 0.1509961 0.007383415 0.01030336 0.1509961 0.00409563 0.01151225 0.1411887 0.004299872 0.01211385 0.1383124 0.004490673 0.01224705 0.08984468 0.01954974 0.006812132 0.07226535 0.02123887 0.00667709 0.07444736 0.02127696 0.006492448 0.1526926 0.003495225 0.01156953 0.1498177 0.003702588 0.01170729 0.2013281 0.003844268 0.008307263 0.2013281 0.00261554 0.008624065 0.1555676 0.003283705 0.01143057 0.1613162 0.002848341 0.01114936 0.1584426 0.003068102 0.01129057 0.1670648 0.002396418 0.01086352 0.1641911 0.002624419 0.01100704 0.2013281 0.00138425 0.008853587 0.1728107 0.001928013 0.0105732 0.169937 0.002164336 0.01071896 0.1785552 0.001443131 0.01027832 0.1756829 0.001687612 0.01042632 0.1814275 0.001194484 0.0101292 0.1842983 0.0009416949 0.009978875 0.2013281 0.0001522806 0.008987508 0.1871707 0.0006847747 0.009827514 0.1929113 0.0001585472 0.009521271 0.1900417 0.0004237259 0.009674953 0.1929138 -0.0001584466 0.009537272 0.2013281 -0.001078061 0.009013988 0.1894341 -0.0004786777 0.009766074 0.1912127 -0.000315253 0.009650233 0.18768 -0.0006390155 0.009878075 0.1858908 -0.0008014591 0.009990236 0.1839998 -0.0009714686 0.010106 0.1826419 -0.001092464 0.01018776 0.1808704 -0.001248483 0.01029248 0.1788571 -0.00142321 0.0104092 0.1764527 -0.001628492 0.0105452 0.2013281 -0.002303857 0.008919347 0.1746479 -0.001780092 0.0106448 0.1729092 -0.001924573 0.01073928 0.1705389 -0.002118976 0.0108652 0.1684134 -0.002290897 0.01097552 0.1667157 -0.002426817 0.01106208 0.1650932 -0.002555379 0.01114336 0.1634501 -0.0026845 0.01122457 0.1613084 -0.002850661 0.01132841 0.1594829 -0.002990502 0.01141545 0.2013281 -0.003522986 0.008693186 0.1577744 -0.003119862 0.01149537 0.1560253 -0.003250824 0.01157625 0.1536293 -0.003427705 0.01168505 0.151841 -0.003557707 0.01176465 0.1509961 -0.004155791 0.01164737 0.1500066 -0.003689707 0.01184577 0.1479028 -0.003838909 0.01193729 0.1461245 -0.00396339 0.01201353 0.1443307 -0.004087471 0.01208969 0.1423116 -0.004225311 0.01217433 0.139902 -0.004387232 0.01227409 0.2013281 -0.004733715 0.008327103 0.1374984 -0.004545874 0.01237241 0.1357063 -0.004662115 0.01244497 0.1341684 -0.004760755 0.0125069 0.1326853 -0.004854676 0.01256625 0.1309148 -0.004965397 0.01263682 0.1291645 -0.005073078 0.01270634 0.127337 -0.005183878 0.01277858 0.1252303 -0.00530924 0.01286138 0.1231252 -0.005432041 0.0129441 0.1210254 -0.005551882 0.01302682 0.1192313 -0.005652203 0.01309762 0.1174068 -0.005752204 0.01316978 0.1132404 -0.005972765 0.01333546 0.1117267 -0.006050046 0.01339618 0.2013281 -0.007117973 0.007117973 0.1509961 -0.007347895 0.01009968 0.2013281 -0.005932125 0.007802619 0.1102638 -0.006123406 0.01345513 0.1090261 -0.006184207 0.01350529 0.100664 -0.006968533 0.01363202 0.1077726 -0.006244847 0.0135565 0.1062043 -0.006319087 0.01362098 0.1049598 -0.006376768 0.01367258 0.1035679 -0.006439969 0.01373066 0.1020698 -0.006506369 0.01379386 0.100664 -0.008847907 0.01235305 0.1006728 -0.00656685 0.01385329 0.09906522 -0.00663445 0.01392234 0.09755522 -0.00669629 0.0139881 0.09613697 -0.006752611 0.0140505 0.09493527 -0.006799091 0.01410393 0.0936787 -0.006846292 0.01416035 0.09221454 -0.006899652 0.01422715 0.0904554 -0.006961092 0.01430866 0.0886201 -0.007022133 0.0143953 0.1509961 -0.008897507 0.008897507 0.08677249 -0.007080133 0.01448442 0.0852872 -0.007124213 0.0145573 0.08414304 -0.007156694 0.01461426 0.08265223 -0.007196854 0.01468954 0.08140709 -0.007228454 0.01475394 0.08052565 -0.007249894 0.01479995 0.07806907 -0.007304694 0.01493083 0.07927804 -0.007278614 0.01486579 0.05033198 -0.01245649 0.01245649 0 -0.01423602 0.01423602 0 -0.01224073 0.01647716 0.07689785 -0.007328295 0.01499474 0.07569657 -0.007350615 0.0150613 0.07456225 -0.007370055 0.01512523 0.0736012 -0.007385176 0.01518027 0.05033198 -0.01034792 0.01460634 0.05033198 -0.008171742 0.01625491 0.07269423 -0.007398375 0.01523283 0.0714655 -0.007414456 0.01530507 0.07024597 -0.007428216 0.01537803 0.0693986 -0.007436536 0.01542947 0.06844419 -0.007444697 0.01548811 0.06759778 -0.007450775 0.01554091 0.06670267 -0.007456056 0.01559739 0.06551241 -0.007461176 0.01567356 0.06431824 -0.007464056 0.01575131 0.06251446 -0.007463976 0.01587131 0.06339616 -0.007464616 0.01581227 0.06131078 -0.007460936 0.01595324 0.06009333 -0.007455256 0.0160374 0.05919581 -0.007449256 0.0161006 0.05831732 -0.007442136 0.01616316 0.05647811 -0.007422216 0.01629692 0.05739603 -0.007432936 0.01622972 0.05559673 -0.007410216 0.01636227 0.05468721 -0.007396215 0.01643076 0.0535364 -0.007375975 0.0165186 0.05110438 -0.007323256 0.01670956 0.05231031 -0.007351095 0.01661396 0.04988285 -0.007291575 0.01680804 0 -0.010184 0.01828798 0.04869765 -0.007257334 0.0169054 0.04750508 -0.007219414 0.01700509 0.0460073 -0.007166374 0.01713269 0.04660619 -0.007188214 0.01708132 0.04540858 -0.007143494 0.01718452 0.04480986 -0.007119654 0.01723676 0.04421121 -0.007094853 0.01728948 0.04361257 -0.007068934 0.01734261 0.04301408 -0.007041973 0.0173962 0.04062126 -0.006923172 0.01761508 0.04121934 -0.006954532 0.01755965 0.03942542 -0.006856691 0.01772741 0.04002317 -0.006890532 0.01767109 0.03823005 -0.006785171 0.01784148 0.03882757 -0.006821571 0.01778421 0.03643795 -0.00666789 0.01801629 0.03703507 -0.00670837 0.01795749 0.03763252 -0.00674741 0.01789925 0.03524378 -0.006582689 0.01813509 0.03584082 -0.00662597 0.01807549 0.03405049 -0.006491489 0.0182559 0.03464705 -0.006537889 0.01819518 0.03285777 -0.006393889 0.01837853 0.03345401 -0.006443488 0.01831693 0.03226176 -0.006342527 0.01844069 0.0002795052 -0.006110205 0.02062519 0.03107023 -0.006234367 0.01856645 0.03166592 -0.006289327 0.01850333 0.02987974 -0.006118606 0.01869422 0.03047486 -0.006177406 0.01863006 0.02869029 -0.005994765 0.01882374 0.02928485 -0.006057726 0.01875877 0.0275018 -0.005862444 0.0189551 0.02809581 -0.005929724 0.01888926 0.02631459 -0.005721163 0.0190883 0.02690812 -0.005793003 0.01902141 0.0251289 -0.005570361 0.01922319 0.02572163 -0.005647003 0.0191555 0.02335306 -0.00532444 0.01942838 0.02394457 -0.005409161 0.01935966 0.0245365 -0.005491081 0.01929126 0.02217153 -0.005146198 0.01956703 0.02276209 -0.00523684 0.0194975 0.02099231 -0.004954437 0.01970726 0.02158168 -0.005052198 0.01963694 0.0005335195 -0.004155391 0.02125735 0.02040391 -0.004852357 0.01977814 0.01922974 -0.004633074 0.01992166 0.0198163 -0.004745395 0.01984958 0.01806053 -0.004390593 0.0200675 0.01864454 -0.004514913 0.01999438 0.01689732 -0.004122591 0.02021518 0.01747821 -0.004259872 0.02014127 0.01574036 -0.003828348 0.02036319 0.01631803 -0.00397875 0.02028911 0.01401794 -0.003337945 0.02058271 0.0145901 -0.003508186 0.02051007 0.01516442 -0.003671467 0.02043695 0.01288242 -0.002968342 0.02072639 0.01344786 -0.003159623 0.02065463 0.01232553 -0.00275282 0.02079903 0.0009250638 -0.002071856 0.02161896 0.01125848 -0.002218896 0.02094575 0.01178353 -0.002502898 0.02087271 0.009836875 -0.001134586 0.02113983 0.01027472 -0.001542411 0.02108167 0.01075288 -0.001900654 0.02101623 0.001495451 7.615827e-05 0.0216952 0.009282469 -9.216547e-05 0.02120655 0.009475832 -0.0006572008 0.02118519 0.009710794 0.0009973151 0.02114496 0.002255537 0.002162175 0.02150864 0.01013024 0.00142361 0.02108656 0.00939031 0.0004925868 0.0211896 0.01383875 0.003283945 0.02059742 0.003210904 0.004118031 0.02111288 0.01441091 0.003456346 0.02052815 0.01215233 0.0026805 0.02080736 0.01161497 0.002420498 0.02087959 0.004363152 0.005925084 0.02056688 0.01846606 0.004475154 0.02004366 0.01671813 0.00407763 0.02024982 0.01613868 0.00393203 0.02031935 0.02317793 0.005293959 0.01952071 0.02376994 0.0053794 0.0194575 0.02140487 0.005019238 0.01971271 0.02081527 0.004920437 0.01977767 0.02971046 0.006094766 0.01884894 0.005700682 0.007564698 0.01992246 0.03030614 0.006154126 0.01879045 0.0267362 0.005766364 0.01914798 0.02614211 0.005694043 0.01920911 0.03746924 0.006729491 0.01812109 0.03687164 0.00669005 0.0181747 0.0344817 0.006517889 0.01839277 0.03388473 0.006471089 0.0184483 0.03866532 0.006804452 0.0180151 0.03806724 0.00676765 0.01806782 0.03986157 0.006874212 0.01791053 0.03926341 0.006839971 0.01796262 0.007199094 0.009030148 0.01922974 0.04165687 0.006969573 0.01775652 0.04105839 0.006938932 0.01780741 0.04045991 0.006907172 0.01785885 0.04285423 0.007027413 0.01765548 0.04225551 0.006999093 0.0177058 0.04405177 0.007081013 0.01755604 0.04465081 0.007106213 0.01750677 0.04345304 0.007054772 0.01760557 0.04673947 0.007186295 0.01733748 0.04584882 0.007153573 0.01740925 0.0452497 0.007130374 0.01745781 0.05033198 0.007985981 0.01677852 0.04792452 0.007226535 0.01724332 0.09008883 0.02123943 0.00544228 0.0878149 0.02127575 0.005567721 0.04976717 0.007282054 0.01709932 0.04884501 0.007255174 0.01717101 0.08555409 0.02130207 0.005701003 0.08330646 0.02131831 0.005842364 0.08107198 0.02132423 0.005991965 0.0509423 0.007313095 0.01700901 0.05184246 0.007334535 0.01694069 0.07664234 0.02130367 0.006316847 0.07885051 0.02131944 0.006150047 0.0527304 0.007354055 0.01687397 0.07009652 0.02118911 0.006871012 0.06794099 0.02112744 0.007074213 0.06579842 0.02105375 0.007287015 0.06365952 0.02096712 0.007510536 0.0614975 0.02086592 0.007748058 0.0896102 0.01783869 0.008127822 0.05393104 0.007377496 0.01678469 0.05929324 0.02074815 0.0080023 0.05709915 0.02061583 0.008267902 0.05490721 0.02046814 0.008545744 0.05271776 0.02030487 0.008835987 0.05053054 0.02012527 0.009138788 0.04835684 0.01993022 0.009452392 0.05484098 0.007393096 0.01671788 0.05033198 0.0190147 0.01002656 0.08938283 0.01611212 0.00940367 0.04619259 0.01971911 0.009777274 0.03968133 0.01897877 0.01082992 0.04185432 0.01924381 0.01046616 0.05577394 0.007407416 0.01665004 0.05692027 0.007422455 0.01656764 0.03750619 0.01869478 0.01120632 0.05033198 0.01692788 0.01158817 0.0353353 0.01839237 0.01159393 0.05784035 0.007432536 0.01650211 0.08916427 0.01436578 0.01062936 0.05872804 0.007440857 0.01643964 0.02884533 0.01735885 0.01282954 0.03099487 0.01772693 0.01240521 0.05033198 0.01477002 0.0130801 0.02670883 0.01695836 0.01327162 0.05964021 0.007447656 0.01637596 0.06055669 0.007453177 0.01631268 0.06232815 0.007459416 0.01619196 0.0614403 0.007456936 0.01625212 0.02460738 0.01652203 0.01373082 0.02044431 0.01549388 0.01473059 0.05033198 0.01255282 0.01446642 0.01838326 0.01487914 0.01528019 0.08896203 0.01258409 0.01176409 0.06324072 0.007460457 0.01613052 0.06415152 0.007460296 0.01606988 0.08877603 0.01076704 0.01280802 0.06595786 0.007455896 0.015951 0.06504113 0.007458696 0.01601108 0.008839106 0.01033368 0.01852013 0.05033198 0.0102876 0.01571123 0.01439907 0.01340762 0.01647412 0.01247481 0.01251505 0.01712556 0.06713218 0.007450296 0.01587483 0.0683318 0.007442376 0.01579803 0.06947596 0.007432775 0.01572539 0.08860619 0.008914548 0.0137609 0.07044317 0.007423176 0.01566475 0.07135206 0.007413016 0.01560827 0.0725235 0.007398136 0.01553604 0.07373408 0.007380855 0.01546219 0.0749336 0.007361656 0.01539003 0.07584593 0.007345815 0.01533555 0.0767393 0.007329336 0.01528259 0.07764682 0.007311495 0.01522922 0.07854652 0.007292855 0.01517674 0.0794478 0.007273174 0.01512451 0.08034836 0.007252615 0.01507283 0.08154181 0.007223814 0.01500474 0.08301199 0.007186214 0.01492178 0.08454952 0.007144294 0.01483611 0.08570208 0.007111174 0.0147725 0.08688849 0.007075733 0.01470762 0.08845259 0.007026773 0.0146229 0.144065 0.00410491 0.01197945 0.126801 0.00521276 0.01276874 0.1239224 0.005382921 0.01289626 0.1296791 0.005038438 0.01264002 0.1210436 0.005549002 0.01302274 0.1179085 0.009085588 0.01169761 0.1771688 0.007718698 0.008379823 0.1509961 0.009001508 0.009536631 0.1166386 0.02021463 0.004495873 0.1469011 0.01819934 0.004096751 0.1509961 0.01660172 0.004931316 0.03627395 0.00664917 0.01822861 0.03567635 0.00660685 0.01828293 0.03507898 0.006563089 0.01833773 0.03328785 0.006422609 0.0185043 0.03209448 0.006320687 0.01861742 0.03269112 0.006372528 0.01856069 0.03149815 0.006267008 0.01867478 0.03090207 0.006211487 0.01873229 0.02911509 0.006033325 0.01890789 0.02792508 0.005904204 0.01902709 0.02851997 0.005969804 0.01896734 0.02733036 0.005836443 0.01908734 0.02554851 0.005619242 0.0192707 0.02495523 0.005541881 0.01933255 0.02436242 0.005461961 0.01939486 0.02258641 0.005205639 0.01958422 0.02199537 0.005114199 0.01964823 0.02022631 0.004817076 0.0198431 0.01905165 0.004594994 0.01997614 0.01963846 0.004708755 0.01990927 0.01788188 0.004349073 0.02011182 0.01729924 0.004216592 0.0201807 0.01556099 0.003779948 0.02038888 0.01498491 0.003621306 0.02045863 0.01326938 0.003102823 0.02066655 0.01270562 0.002905381 0.02073607 0.0110956 0.002125856 0.02095151 0.01059744 0.001796333 0.02102119 0.1177602 0.01073448 0.0108568 0.1509961 0.01059456 0.008690146 0.1771688 0.009189989 0.007670537 0.1175924 0.01234377 0.009905114 0.1509961 0.01215689 0.007785019 0.1771688 0.01063088 0.006936612 0.1509961 0.01516626 0.005884365 0.1509961 0.01368274 0.006842692 0.1170431 0.0171014 0.006789811 0.1172339 0.01552731 0.00787166 0.1771688 0.01204153 0.006177967 0.1168446 0.0186639 0.005664522 0.1771688 0.01342194 0.005394681 0.1771688 0.01609188 0.003753948 0.1771688 0.0147721 0.004586594 0.04402481 0.01949054 0.01011528 0.117417 0.01394138 0.008910147 0.033158 0.01806958 0.01199441 0.02252832 0.0160394 0.01421362 0.01636556 0.01418754 0.01586115 0.01060512 0.01149137 0.01781357 0.1469413 0.003905788 0.01184393 0.100664 -0.01067696 0.01067696 0.1929138 -0.0001584748 0.009537192 0.194009 0.0001555434 0.02020247 0.1929113 0.0001585472 0.009521271 0.1940092 -0.0001554038 0.02020247 0.1937446 0.001846973 0.2190759 0.1918469 0.001989455 0.2189484 0.1937446 -0.001847614 0.2190759 0.1861547 -0.002401058 0.2185658 0.1861547 0.002400418 0.2185658 0.1842568 0.002531939 0.2184383 0.1956413 0.001701773 0.219202 0.1956413 -0.001702412 0.219202 0.1975378 -0.001554491 0.2193295 0.1975378 0.001553852 0.2193295 0.1994343 -0.00140377 0.2194571 0.1994343 0.00140321 0.2194571 0.2013308 0.001249789 0.2195844 0.2013308 -0.001250421 0.2195844 0.203226 -0.001094265 0.2197121 0.203226 0.00109363 0.2197121 0.2051225 -0.0009353718 0.2198396 0.2051225 0.0009347343 0.2198396 0.2070175 0.0007730987 0.2199657 0.2070175 -0.0007737402 0.2199657 0.2089128 -0.0006093692 0.2200932 0.2089128 0.0006087263 0.2200932 0.210808 -0.0004422602 0.2202208 0.210808 0.0004416146 0.2202208 0.2127032 0.0002717661 0.2203483 0.2127032 -0.0002724117 0.2203483 0.2145983 -9.982681e-05 0.2204744 0.2145983 9.917893e-05 0.2204744 0.1918469 -0.001990095 0.2189484 0.1899504 0.002129215 0.2188209 0.1880525 0.002266176 0.2186932 0.1899504 -0.002129775 0.2188209 0.1880525 -0.002266816 0.2186932 0.1842568 -0.002532498 0.2184383 0.1823589 0.002660739 0.2183108 0.1823589 -0.0026613 0.2183108 0.1804598 0.00278682 0.2181833 0.180461 -0.002787301 0.2181833 0.1785619 -0.002910661 0.2180558 0.1785619 0.002910101 0.2180558 0.1766627 0.003030662 0.2179282 0.1766627 -0.003031143 0.2179282 0.1747649 0.003148503 0.2178021 0.1747649 -0.003148984 0.2178021 0.1728657 -0.003264105 0.2176745 0.1728657 0.003263544 0.2176745 0.1709665 0.003375945 0.2175471 0.1709665 -0.003376426 0.2175471 0.169066 0.003485546 0.2174196 0.169066 -0.003486026 0.2174196 0.2041964 0.0001983552 0.2818594 0.204195 -0.0001979525 0.2818594 0.2040473 -8.342689e-05 0.2818594 0.206768 -0.0006161849 0.2818594 0.206768 0.0006162117 0.2818594 0.2069559 0.0006266096 0.2818594 0.2040487 8.395007e-05 0.2818594 0.2043667 -0.0002731794 0.2818594 0.2045453 -0.0003260321 0.2818594 0.2045467 0.0003262589 0.2818594 0.2043667 0.0002733674 0.2818594 0.2047278 0.0003718665 0.2818594 0.2049104 0.0004109765 0.2818594 0.2047278 -0.0003716665 0.2818594 0.2050943 0.0004444117 0.2818594 0.2049104 -0.0004109577 0.2818594 0.2050943 -0.0004442802 0.2818594 0.2052795 0.0004732204 0.2818594 0.2054647 0.0004985287 0.2818594 0.2052795 -0.0004730057 0.2818594 0.2056498 0.0005213204 0.2818594 0.2054647 -0.0004984898 0.2818594 0.2056498 -0.0005213472 0.2818594 0.2058364 0.0005418908 0.2818594 0.206023 0.0005603351 0.2818594 0.2058352 -0.0005418626 0.2818594 0.2062083 0.0005767796 0.2818594 0.2060218 -0.0005602425 0.2818594 0.2062083 -0.000576687 0.2818594 0.2063949 0.0005914309 0.2818594 0.2065814 0.0006045145 0.2818594 0.2063949 -0.0005913759 0.2818594 0.2065814 -0.0006044904 0.2818594 0.2069546 -0.000626568 0.2818594 0.2071425 0.0006357902 0.2818594 0.2071411 -0.0006357419 0.2818594 0.207329 0.0006438366 0.2818594 0.2073277 -0.000643799 0.2818594 0.2076084 -0.000654052 0.2818594 0.2076073 0.0006540426 0.2818594 0.2079839 0.0006643801 0.2818594 0.2079745 -0.0006641707 0.2818594 0.2083491 0.0006711246 0.2818594 0.2083534 -0.000671181 0.2818594 0.2087283 -0.0006750022 0.2818594 0.2087273 0.0006749995 0.2818594 0.2090108 0.0006759927 0.2818594 0.2090108 -0.0006759941 0.2818594 0.2170663 0.0003229088 0.2782282 0.2171756 -0.0003162301 0.2781188 0.2168974 -0.0003382004 0.2784234 0.2168546 0.0003397036 0.2784596 0.2165966 0.0003597653 0.2787209 0.2166287 -0.0003587278 0.2786929 0.2160931 -0.0003987585 0.2791806 0.2162099 0.0003884599 0.2790731 0.2157196 0.0004237903 0.2794852 0.2156051 -0.0004337333 0.2795877 0.2152547 -0.0004578 0.2798541 0.2152842 0.0004545935 0.279826 0.2150116 0.0004733479 0.2800273 0.2150144 -0.000474023 0.2800231 0.2147795 -0.0004897589 0.2801763 0.2147701 0.000489132 0.2801897 0.2144716 -0.0005094367 0.2803653 0.2139511 -0.000540515 0.2806549 0.2141572 0.0005273374 0.2805569 0.2145312 0.0005043914 0.2803414 0.2135877 -0.0005606747 0.2808353 0.2138225 0.0005470193 0.2807266 0.2133488 -0.0005737597 0.280944 0.2131084 -0.0005860836 0.281046 0.2133461 0.0005727731 0.2809467 0.2135877 0.00056017 0.2808353 0.2122655 -0.0006229347 0.2813551 0.2124903 0.0006130951 0.2812824 0.2127756 -0.0006018785 0.2811777 0.2129567 0.0005920335 0.2811107 0.2118871 -0.0006365472 0.2814688 0.2121314 0.0006276592 0.2813963 0.2118831 0.0006361942 0.2814688 0.2116402 -0.0006444299 0.2815346 0.2116334 0.0006439628 0.2815346 0.2111301 0.0006572008 0.2816487 0.2108805 -0.0006629198 0.2816956 0.2108764 0.0006626715 0.2816956 0.2113825 0.000650965 0.281595 0.2111355 -0.0006576155 0.2816487 0.2090108 0.0006759927 0.2818594 0.2092873 0.0006767054 0.281854 0.209286 -0.000676696 0.281854 0.2100953 0.0006736734 0.281803 0.2100953 -0.0006736748 0.281803 0.2098282 0.0006755444 0.2818258 0.2103597 0.0006709407 0.2817735 0.2103597 -0.0006709488 0.2817735 0.2098282 -0.0006755404 0.2818258 0.2106214 -0.0006673638 0.2817372 0.2106214 0.0006673477 0.2817372 0.2095584 -0.0006765484 0.2818431 0.2095596 0.0006765551 0.2818431 0.2113892 -0.0006514522 0.281595 0.2090108 -0.0006759941 0.2818594 0.217392 0.0002962275 0.2778378 0.2173959 -0.0002979683 0.2778461 0.2177597 -0.0002665853 0.2773428 0.2176196 0.0002769054 0.2775402 0.2178556 0.0002563055 0.2772145 0.2179608 -0.0002490429 0.2770478 0.2181282 0.0002318347 0.2767968 0.2194011 -0.0001070939 0.273836 0.2195161 9.127452e-05 0.2733515 0.2195234 -9.269469e-05 0.2733111 0.2197376 6.043333e-05 0.2716158 0.219747 5.788935e-05 0.27135 0.2197376 -6.252111e-05 0.2716009 0.2196138 7.916222e-05 0.272818 0.219594 -8.410026e-05 0.2729405 0.2182553 -0.0002224448 0.276581 0.2193905 0.0001056887 0.273877 0.2192466 -0.0001241169 0.2743704 0.2197121 -6.74978e-05 0.2720101 0.219711 6.539352e-05 0.2720219 0.2192451 0.0001216939 0.2743749 0.2191147 -0.0001379339 0.2747552 0.2189215 0.0001554763 0.2752545 0.2189514 -0.0001550925 0.2751802 0.2196566 -7.579494e-05 0.2725262 0.2196705 7.158879e-05 0.2724143 0.2184069 0.0002061949 0.2763215 0.2185034 -0.0001991833 0.2761414 0.2185819 0.0001891196 0.2759872 0.2187602 0.0001715624 0.2756202 0.2187352 -0.0001768211 0.2756726 0.2190709 0.0001401123 0.2748764 0.219748 5.5158e-05 0.2709604 0.219747 -6.003189e-05 0.2713366 0.2197496 -5.81437e-05 0.2710736 0.2197393 -5.629537e-05 0.270653 0.2197272 5.354778e-05 0.2704348 0.2196919 5.397943e-05 0.270024 0.2197161 -5.608559e-05 0.2702857 0.2196919 -5.660166e-05 0.270024 0.2179939 -8.80067e-05 0.2535083 0.2188435 -7.442886e-05 0.2617655 0.2188435 6.655331e-05 0.2617655 0.2145983 -9.982681e-05 0.2204744 0.2162962 9.217755e-05 0.2369914 0.2154479 9.668662e-05 0.2287329 0.2145983 9.917893e-05 0.2204744 0.2154479 -0.0001032446 0.2287329 0.2171458 8.565237e-05 0.2452497 0.2162962 -0.0001024145 0.2369914 0.2179939 7.711095e-05 0.2535083 0.2171458 -9.73353e-05 0.2452497 0.2196919 5.397943e-05 0.270024 0.2196919 -5.660166e-05 0.270024 0.1090459 -0.006082925 0.0979629 0.1090459 0.006083085 0.0979629 0.1082771 0.006083085 0.1022767 0.1075151 0.006077726 0.1065518 0.1082771 -0.006082925 0.1022767 0.1098216 -0.006077566 0.09361055 0.1098216 0.006077645 0.09361055 0.1075151 -0.006077645 0.1065518 0.1067601 0.006067086 0.1107883 0.1067601 -0.006067006 0.1107883 0.1124671 0.005991885 0.09408207 0.115107 -0.005899244 0.09455256 0.115107 0.005899404 0.09455256 0.1098216 0.006077645 0.09361055 0.1124671 -0.005991725 0.09408207 0.1098216 -0.006077566 0.09361055 0.115107 0.005899404 0.09455256 0.115578 -0.005887084 0.0919099 0.115578 0.005887244 0.0919099 0.115107 -0.005899244 0.09455256 0.112938 0.005982924 0.09143933 0.1102926 -0.006071965 0.0909678 0.1102926 0.006072126 0.0909678 0.115578 0.005887244 0.0919099 0.112938 -0.005982765 0.09143933 0.115578 -0.005887084 0.0919099 0.1132773 -0.006000926 0.07422087 0.1132773 0.006001085 0.07422087 0.1122705 0.006031405 0.0798702 0.1112756 0.006055086 0.08545249 0.1122705 -0.006031246 0.0798702 0.1142961 -0.005963965 0.06850467 0.1142961 0.005964124 0.06850467 0.1112756 -0.006054926 0.08545249 0.1102926 0.006072126 0.0909678 0.1102926 -0.006071965 0.0909678 0.1115652 -0.006079006 0.06801787 0.1088279 -0.006186286 0.06752995 0.1116779 0.006073566 0.06803803 0.08786883 0 0.06379456 0.08786883 0.00675333 0.06379456 0.09053604 0.00670493 0.06426992 0.0839048 0 0.06308799 0.08669953 -0.006766611 0.06358608 0.0839048 -0.006804452 0.06308799 0.09319782 0.00664973 0.06474425 0.09585416 0.006587809 0.06521778 0.09850498 0.006519009 0.06569025 0.1011504 0.006443488 0.06616178 0.1090542 0.006176287 0.06757035 0.1064251 0.006272127 0.06710178 0.1037905 0.006361167 0.06663219 0.1142961 -0.005963965 0.06850467 0.1142961 0.005964124 0.06850467 0.1060842 -0.006285887 0.06704098 0.1033341 -0.006377727 0.06655082 0.1005776 -0.006461809 0.06605961 0.09504552 -0.00660693 0.06507361 0.09781473 -0.006538289 0.06556713 0.08948787 -0.006721091 0.06408312 0.0922699 -0.00666789 0.06457888 0.0839048 0 0.06308799 0.08060773 0 0.08158726 0.08223981 0.006700611 0.0724299 0.08060773 0.006559729 0.08158726 0.08141958 0.00663477 0.07703162 0.07990116 0 0.08555129 0.07990116 -0.006484529 0.08555129 0.08306823 0.00675717 0.06778203 0.0839048 0.006804531 0.06308799 0.0839048 -0.006804452 0.06308799 0.08308839 -0.006758691 0.06766834 0.08227999 -0.00670381 0.07220479 0.08147917 -0.00663981 0.07669737 0.08068621 -0.006566769 0.08114621 0.07727114 -0.006451808 0.08508257 0.07461576 -0.006403968 0.08460935 0.07461576 0 0.08460935 0.07990116 0 0.08555129 0.07990116 -0.006484529 0.08555129 0.0747312 0.006421088 0.0839612 0.07532233 0.006503408 0.08064516 0.07532233 0 0.08064516 0.07461576 0 0.08460935 0.07414472 0.006331407 0.08725193 0.07461576 -0.006403968 0.08460935 0.07414472 -0.006331328 0.08725193 0.07680194 0.006388288 0.08772562 0.0794302 -0.006429168 0.08819403 0.0794302 0.006429249 0.08819403 0.07414472 0.006331407 0.08725193 0.07680178 -0.006388209 0.08772562 0.07414472 -0.006331328 0.08725193 0.07712234 0.006085486 0.1011429 0.07636866 -0.005944045 0.1053718 0.07636866 0.005944045 0.1053718 0.07865307 0.006328048 0.09255398 0.07788387 -0.006213487 0.09687033 0.07788387 0.006213487 0.09687033 0.07712234 -0.006085486 0.1011429 0.07865307 -0.006328048 0.09255398 0.0794302 0.006429249 0.08819403 0.0794302 -0.006429168 0.08819403 0.09440848 0.006224847 0.1085868 0.09188477 0.006220607 0.1081369 0.09440823 -0.006224847 0.1085867 0.09188453 -0.006220526 0.1081369 0.08934331 0.006204366 0.1076841 0.09691449 0.006217246 0.1090334 0.09691425 -0.006217167 0.1090334 0.09940235 -0.006197567 0.1094768 0.09940251 0.006197567 0.1094768 0.1018727 -0.006165966 0.1099172 0.1018728 0.006166046 0.1099172 0.1043253 0.006122527 0.1103543 0.1043253 -0.006122446 0.1103543 0.1067601 -0.006067006 0.1107883 0.1067601 0.006067086 0.1107883 0.08934291 -0.006204287 0.1076839 0.08678394 0.006176206 0.1072279 0.0867837 -0.006176127 0.1072279 0.08420679 0.006136046 0.1067686 0.08420663 -0.006136046 0.1067686 0.08161182 -0.006083965 0.1063062 0.08161198 0.006084046 0.1063062 0.07899924 0.006020045 0.1058406 0.07899908 -0.006019965 0.1058406 0.07636866 0.005944045 0.1053718 0.07636866 -0.005944045 0.1053718 0.1508103 0.004165471 0.1114959 0.1541947 -0.004040511 0.1311325 0.1568156 0.00394355 0.1463391 0.16038 -0.003810988 0.1670215 0.1643024 0.003664507 0.1897814 0.1656888 -0.003612826 0.1978249 0.169066 -0.003486026 0.2174196 0.169066 0.003485546 0.2174196 0.1467526 -0.004314432 0.08795258 0.1440676 0.004412913 0.07237366 0.1400153 -0.004560274 0.04886117 0.1373205 0.004658195 0.03322545 0.1339596 -0.004779636 0.0137253 0.1339596 0.004779636 0.0137253 0.2188141 0.0001661843 0.2755001 0.2187014 0.0001773996 0.2757444 0.2184544 0.0001895974 0.2738452 0.2179898 7.696868e-05 0.2534679 0.2188489 6.616005e-05 0.261817 0.214187 0.0003273568 0.2418097 0.2134902 0.0004572873 0.249818 0.218029 0.0001741878 0.265839 0.2196705 7.158879e-05 0.2724143 0.2196342 7.6482e-05 0.2726815 0.219543 8.803005e-05 0.2732156 0.2194878 9.458489e-05 0.2734774 0.2171458 8.565237e-05 0.2452497 0.2196919 5.397943e-05 0.270024 0.219747 5.788935e-05 0.27135 0.2197376 6.043333e-05 0.2716158 0.2196986 6.728305e-05 0.2721473 0.2197215 6.356452e-05 0.2718816 0.2161888 0.000341925 0.265839 0.2191147 0.0001355408 0.2747552 0.2197443 5.456355e-05 0.2708185 0.2197335 5.378145e-05 0.2705541 0.2197161 5.358684e-05 0.2702884 0.2197483 5.593285e-05 0.2710843 0.2195913 8.196229e-05 0.2729473 0.2193577 0.0001093119 0.2739942 0.2192839 0.0001175033 0.2742492 0.2162962 9.217755e-05 0.2369914 0.219202 0.0001262464 0.2745028 0.213287 0.0003400325 0.2337989 0.2154479 9.668662e-05 0.2287329 0.2124737 0.0002925982 0.2203328 0.2172168 0.0002978717 0.2738378 0.2132246 0.0005461643 0.2578268 0.2110966 0.0005718913 0.2378027 0.2145983 9.917893e-05 0.2204744 0.209339 0.0007272737 0.2378021 0.2183283 0.0002135313 0.2764598 0.2177714 0.0002635211 0.2773331 0.2137526 0.0005596814 0.2658382 0.2102926 0.0008061688 0.2578242 0.2075814 0.0008792939 0.2377999 0.211186 0.0007816994 0.2658518 0.2147057 0.0005051564 0.2738109 0.198988 0.001688173 0.2497951 0.1961204 0.001839453 0.2417951 0.2058251 0.001028082 0.237798 0.2040695 0.001173958 0.237796 0.2073935 0.0010558 0.2578195 0.2088489 0.00097724 0.2658616 0.2021132 0.00136705 0.2418018 0.2007644 0.00140825 0.2337814 0.2129983 0.0006379712 0.2737012 0.1971834 0.001689132 0.2337735 0.198686 0.001640412 0.2417976 0.2034078 0.00138985 0.2578329 0.1936005 0.001959935 0.2337634 0.2112999 0.0007638725 0.2737114 0.2059587 0.001211848 0.265831 0.2071465 0.001116334 0.2658323 0.1944132 0.001968734 0.2417924 0.2047749 0.001305598 0.2658295 0.2099946 0.0008566297 0.2737257 0.2035937 0.00139753 0.2658283 0.2024166 0.00148769 0.2658269 0.2091249 0.0009167973 0.2737069 0.1927073 0.002095455 0.2417897 0.1909141 0.002156576 0.2337554 0.2082511 0.0009757972 0.2736853 0.2012422 0.001576092 0.2658256 0.1910027 0.002219777 0.241787 0.188225 0.002346897 0.2337452 0.2073747 0.001033649 0.273664 0.2000705 0.001662812 0.2658229 0.1893008 0.002341697 0.2417843 0.2064942 0.00109038 0.2736412 0.1989015 0.001747772 0.2658216 0.1875989 0.002461218 0.2417803 0.1846407 0.002592339 0.2337326 0.1944764 0.002090095 0.2577936 0.1917246 0.002291777 0.2577823 0.1858997 0.00257834 0.2417776 0.1842017 0.00269298 0.2417749 0.181951 0.00277026 0.2337218 0.1864108 0.002622899 0.2497551 0.1825039 0.00280506 0.2417709 0.1889705 0.002486178 0.257773 0.1808088 0.002914582 0.2417682 0.1871157 0.00261234 0.2577604 0.1825711 0.002880341 0.2497422 0.1841186 0.00277818 0.2497475 0.1794827 0.003076582 0.2497287 0.1757258 0.003226903 0.2417575 0.1810249 0.002979782 0.2497355 0.1774197 0.003125623 0.2417614 0.1624683 0.003794188 0.1970585 0.1665641 0.003579787 0.2029035 0.169066 0.003485305 0.2174196 0.1677057 0.003567946 0.2192318 0.1590757 0.00391387 0.1733263 0.1568292 0.00397579 0.1535771 0.156331 0.003961469 0.1435275 0.1598651 0.003830269 0.1640346 0.1524057 0.004160111 0.1336643 0.1546133 0.004104431 0.1535677 0.109062 0.006181646 0.01357898 0.1059434 0.006330688 0.01373001 0.1169662 0.005833724 0.03727131 0.1183691 0.005777803 0.04522753 0.1177669 0.005790684 0.04156055 0.1496463 0.004208191 0.1047426 0.0915679 0.006923013 0.01445698 0.08834835 0.007014532 0.01903182 0.08914083 0.007004373 0.01458602 0.1375586 0.004735556 0.05507754 0.1403422 0.004548035 0.0507583 0.1376431 0.004646355 0.03509706 0.1181642 0.005711323 0.01314802 0.1214964 0.005524122 0.0130029 0.1239224 0.005382921 0.01289626 0.12641 0.005256679 0.01753109 0.1292758 0.005064277 0.0126581 0.1322565 0.004879637 0.01252377 0.1339597 0.004780116 0.01372538 0.126801 0.00521276 0.01276874 0.1929113 0.0001585258 0.009521271 0.1900417 0.0004237259 0.009674953 0.1354348 0.004677395 0.01237921 0.1940093 0.0001573567 0.02020239 0.1863763 0.0008413086 0.01937917 0.1871707 0.0006847747 0.009827514 0.1744743 0.001851933 0.01809541 0.1728107 0.001928013 0.0105732 0.169937 0.002164336 0.01071896 0.1686091 0.002324497 0.01746261 0.1670648 0.002396418 0.01086352 0.1641911 0.002624419 0.01100704 0.1627614 0.0027789 0.01683196 0.1613162 0.002848341 0.01114936 0.1584426 0.003068102 0.01129057 0.1565859 0.003241063 0.01616587 0.1555676 0.003283705 0.01143057 0.1526926 0.003495225 0.01156953 0.1498177 0.003702588 0.01170729 0.150574 0.003673468 0.01551739 0.1469413 0.003905788 0.01184393 0.1461144 0.00398259 0.01503651 0.144065 0.00410491 0.01197945 0.1411887 0.004299872 0.01211385 0.1414899 0.004294511 0.01453762 0.1383124 0.004490673 0.01224705 0.1338152 0.004941317 0.05057197 0.1735206 0.003068743 0.2657719 0.1863551 0.002002334 0.2729491 0.08245846 0.006929332 0.05207887 0.08338351 0.006963812 0.0468886 0.08518129 0.006843652 0.05786228 0.1723664 0.003093944 0.2657691 0.1599807 0.003813548 0.2576436 0.1620772 0.003782028 0.2576519 0.1704869 0.003125863 0.265762 0.174675 0.003039382 0.2657746 0.1157612 0.005878844 0.03355065 0.1152323 0.005901725 0.02743829 0.1127576 0.005997645 0.01340234 0.1876016 0.001968815 0.2730251 0.1885062 0.001944494 0.273056 0.2108764 0.0006626715 0.2816956 0.1048154 0.006384928 0.02453954 0.1150261 0.005933004 0.05257432 0.170255 0.003594186 0.2496897 0.176768 0.003234664 0.2577212 0.1491707 0.004333152 0.129658 0.1142961 0.005963565 0.06850467 0.1026219 0.006466449 0.03755548 0.1779419 0.003170503 0.2497234 0.1764024 0.003261544 0.2497167 0.1723409 0.003420425 0.2417493 0.111708 0.006071486 0.06804339 0.1006394 0.006536609 0.04055911 0.1054378 0.006325967 0.05758019 0.1137556 0.005967005 0.02554082 0.1169883 0.005838443 0.04956741 0.1146749 0.005950204 0.06158551 0.09422839 0.006826611 0.01431811 0.1729825 0.003318584 0.2336842 0.1030231 0.006385168 0.06649538 0.1027136 0.006422369 0.05758019 0.1740334 0.003325225 0.2417535 0.1704322 0.003460665 0.2335034 0.1808203 0.003009462 0.2577387 0.1789646 0.003115623 0.2577255 0.1733273 0.003434345 0.2497032 0.1748641 0.003349544 0.24971 0.1706497 0.003512506 0.2417468 0.1687197 0.003668988 0.2496831 0.1638865 0.003846748 0.2417307 0.1689586 0.003601306 0.2417427 0.1741013 0.003368105 0.2577077 0.1827267 0.00273362 0.2657907 0.1930361 0.001790733 0.2732117 0.1815778 0.00278658 0.265788 0.1912241 0.001858174 0.2731498 0.1792787 0.002884102 0.265784 0.1804289 0.002836821 0.2657853 0.1714081 0.003489626 0.2576952 0.1899656 0.001903533 0.2730727 0.1781298 0.002928182 0.2657812 0.184893 0.002026174 0.2729352 0.1758266 0.003006022 0.2657759 0.1769782 0.002968901 0.2657786 0.2098282 0.0006755444 0.2818258 0.1837257 0.002041295 0.2729122 0.1818452 0.002060495 0.2728307 0.1681706 0.003146023 0.2657597 0.1001098 0.006474529 0.06597626 0.09713705 0.00655653 0.06544642 0.09181485 0.006729491 0.05758011 0.08428167 0.006989892 0.04184927 0.08527688 0.007009092 0.03626562 0.08881091 0.006782371 0.05850916 0.1257351 0.00546412 0.09362775 0.1267866 0.005428601 0.09296534 0.1346241 0.005064439 0.1613041 0.134659 0.005044437 0.1690942 0.1313349 0.005190039 0.1573742 0.1277338 0.005379881 0.1196638 0.134041 0.005109398 0.1341067 0.09192461 0.00667741 0.06451737 0.08786883 0.00675333 0.06379456 0.115107 0.005899644 0.09455256 0.1247842 0.005500441 0.1176612 0.1326159 0.005170599 0.1376722 0.1346603 0.005075638 0.1534818 0.1324424 0.005159879 0.1534711 0.1260368 0.005435241 0.1306511 0.1268515 0.00538388 0.141635 0.139413 0.004861477 0.164571 0.07865307 0.006328048 0.09255398 0.07788387 0.006213487 0.09687033 0.07414472 0.006331407 0.08725193 0.08734482 0.007039493 0.020838 0.08624961 0.007041733 0.02698292 0.08409399 0.007156773 0.01486138 0.08845259 0.007027013 0.01462282 0.08225389 0.007206214 0.01496434 0.1291299 0.00526188 0.1573467 0.08573129 0.007110534 0.01477083 0.137036 0.004915877 0.1846971 0.1348331 0.004982917 0.1844037 0.124628 0.005427001 0.1495177 0.137653 0.004826356 0.2003689 0.1396492 0.004772915 0.200453 0.08154334 0.006886851 0.05721379 0.1226008 0.005600602 0.08161142 0.1226692 0.005600602 0.09162509 0.1231498 0.005568442 0.0736008 0.1239825 0.005547721 0.0770625 0.1251971 0.005479161 0.08161142 0.111903 0.006041645 0.08193237 0.115578 0.005887244 0.0919099 0.112938 0.005982924 0.09143933 0.1206689 0.005685243 0.09362814 0.1211024 0.005658042 0.06559049 0.1207717 0.005680202 0.05885332 0.1225779 0.005606123 0.06909644 0.1263999 0.0054386 0.1056449 0.1310682 0.00524228 0.1172474 0.1102926 0.006072126 0.0909678 0.1281876 0.00536844 0.1009108 0.1314098 0.005216519 0.1416397 0.07550849 0.007006852 0.0495699 0.07994069 0.006834051 0.06238159 0.1347731 0.005015477 0.1768721 0.1270741 0.00528572 0.1651273 0.1492325 0.004384433 0.220265 0.1407055 0.004658515 0.2165673 0.1381789 0.004765476 0.208415 0.08060773 0.006559489 0.08158726 0.08163774 0.00665325 0.07580777 0.0666177 0.007249815 0.03154784 0.06948004 0.007250375 0.03154784 0.1388745 0.004693555 0.2166363 0.1242897 0.005259399 0.1767603 0.03090207 0.006211487 0.01873229 0.03189695 0.006303408 0.0186363 0.1397282 0.004613715 0.2249612 0.07680194 0.006388288 0.08772562 0.06449192 0.007460136 0.01604723 0.0591198 0.006574049 0.05758027 0.06917852 0.006412528 0.07760674 0.08066029 0.007245335 0.01505498 0.0839048 0.006806371 0.06308799 0.08306823 0.00675717 0.06778203 0.05627506 0.007414616 0.01661372 0.0794722 0.007257334 0.01753093 0.07928204 0.007276935 0.0151341 0.07581666 0.007346695 0.01533723 0.07765706 0.007311415 0.01522859 0.07374719 0.007380855 0.01546132 0.08392672 0.007010692 0.04001566 0.08509112 0.007032132 0.03348273 0.0736004 0.007365015 0.01753093 0.07209046 0.007403895 0.01556268 0.07048494 0.007423016 0.01566211 0.07742915 0.007203974 0.02954549 0.0672961 0.007449496 0.01586428 0.06911884 0.007436056 0.01574803 0.07650234 0.007159574 0.03555283 0.07168325 0.007265095 0.02954541 0.06605633 0.007455496 0.0159446 0.08303879 0.006985333 0.04499729 0.06109894 0.007455896 0.01627531 0.06289711 0.007460376 0.01615356 0.08199366 0.006945412 0.05086214 0.07695738 0.007048933 0.04556498 0.05816059 0.007436136 0.01647947 0.0595278 0.007447016 0.0163838 0.05878901 0.007286375 0.02554059 0.054336 0.007385015 0.01675475 0.0526028 0.007351816 0.01688348 0.0513427 0.007323015 0.01697844 0.05300255 0.007174934 0.02554043 0.04992374 0.007286375 0.01708724 0.06859196 0.007046292 0.04556498 0.04884501 0.007255174 0.01717101 0.04776707 0.007221334 0.01725573 0.04666987 0.007183814 0.01734309 0.05055846 0.007074213 0.02677444 0.08096084 0.006895012 0.0566569 0.06301592 0.006972452 0.04556498 0.07822306 0.006540929 0.08116221 0.06580378 0.007017413 0.04556498 0.04315232 0.007041333 0.01763053 0.04721836 0.006986052 0.02554043 0.06022853 0.006910132 0.04556498 0.04211488 0.006992452 0.01771773 0.04474409 0.006843811 0.02665308 0.04008797 0.006886932 0.01789085 0.03806724 0.00676765 0.01806782 0.04148983 0.00670357 0.02567723 0.03905341 0.006827892 0.01798092 0.07455048 0.006394208 0.08497513 0.07532233 0.006503249 0.08064516 0.03680395 0.00668573 0.01818061 0.03543858 0.006589809 0.01830469 0.03889469 0.006512529 0.02643371 0.03423338 0.006498689 0.01841574 0.03298736 0.006397808 0.01853262 0.03000406 0.006124526 0.01882006 0.02792508 0.005904204 0.01902709 0.02890926 0.006011885 0.01892837 0.02704548 0.005803404 0.01911629 0.02991262 0.005764603 0.02555851 0.02521899 0.005577082 0.01930494 0.02703916 0.00542124 0.02555522 0.02436242 0.005461961 0.01939486 0.06286175 0.006013805 0.08162125 0.02354249 0.005347321 0.01948166 0.02232424 0.005166119 0.01961246 0.06394576 0.006202286 0.07760674 0.02022631 0.004817076 0.0198431 0.02109888 0.004969077 0.01974622 0.02417082 0.005019638 0.02554611 0.03605683 0.006297647 0.02654475 0.03303705 0.006051086 0.02618435 0.01788188 0.004349073 0.02011182 0.02131847 0.004535954 0.02554475 0.01729924 0.004216592 0.0201807 0.07177391 0.006139246 0.09162685 0.06680858 0.005650762 0.09848666 0.01326938 0.003102823 0.02066655 0.01270562 0.002905381 0.02073607 0.04605091 0.0053402 0.06559073 0.04885365 0.004888197 0.07897476 0.06043582 0.005579962 0.08862307 0.07300975 0.005902525 0.1016424 0.04073487 0.004649874 0.06559065 0.08146061 0.005810603 0.1176669 0.08207462 0.005606123 0.1256696 0.07971316 0.005481082 0.1256697 0.01569923 0.003176424 0.02554795 0.01806053 -0.004390593 0.0200675 0.01849117 -0.003927469 0.02554355 0.0213192 -0.004536034 0.0255449 0.09288125 0.005426361 0.1483627 0.07499497 0.005157958 0.1256698 0.06363216 0.005198279 0.1030587 0.02418594 -0.005019557 0.02557891 0.02305521 -0.005280839 0.0194631 0.03853788 -0.003585547 0.07281903 0.06342167 0.004888597 0.1086538 0.05340249 0.0026661 0.1133866 0.05170967 0.001736333 0.1146425 0.04137799 -0.004136031 0.07343551 0.03861389 -0.006522049 0.02569435 0.03439849 -0.006518849 0.01822037 0.03572954 -0.006308527 0.02569595 0.04404969 -0.004576355 0.07360159 0.03306248 -0.006051325 0.02623003 0.03014846 -0.005758523 0.02613332 0.0272286 -0.005416681 0.02601035 0.1031026 0.002914022 0.2207774 0.08976915 0.003565387 0.1841099 0.04473754 -0.006844692 0.02661395 0.04181744 -0.00669325 0.02651804 0.05465601 -0.00672821 0.0455649 0.0530028 -0.007174934 0.02554043 0.05056078 -0.007074853 0.02675156 0.05276024 -0.007360696 0.01657875 0.05169775 -0.007337416 0.01666228 0.09916275 0.001320572 0.223957 0.06456593 -0.006751731 0.05758027 0.05589585 -0.007239655 0.02554043 0.09833954 -1.751635e-07 0.2247751 0.07707722 -0.006448608 0.08504801 0.07990116 -0.006484289 0.08555129 0.05839659 -0.007443016 0.01615748 0.06301616 -0.006972452 0.04556498 0.101848 -0.002513298 0.2220993 0.1009016 -0.002022655 0.2240504 0.06140166 -0.007460936 0.015947 0.09943803 -0.001318766 0.2245892 0.06258455 -0.007464056 0.01586659 0.06962893 -0.007005893 0.04856884 0.06580402 -0.007017333 0.04556498 0.06479217 -0.007440136 0.01753085 0.06481376 -0.007463097 0.01571883 0.06361608 -0.007464616 0.01579763 0.06168302 -0.007316295 0.02554059 0.1032915 -0.002910182 0.2212305 0.06790706 -0.007448696 0.01552147 0.06772851 -0.007427416 0.01753093 0.09929715 -0.003350585 0.2071562 0.0700466 -0.007430056 0.01539003 0.07360072 -0.007365015 0.01753093 0.07141389 -0.007415016 0.0153081 0.07653658 -0.007316455 0.01753093 0.07371495 -0.007383576 0.01517371 0.1724656 -0.003491226 0.2497066 0.1698082 -0.003561307 0.2417441 0.0771993 -0.007322456 0.0149781 0.0752996 -0.007357735 0.01508346 0.1074059 -0.003468505 0.2223309 0.07432048 -0.007156934 0.03755516 0.08128709 -0.007231575 0.0147601 0.08240798 -0.007188133 0.01753093 0.07876043 -0.007289734 0.01489354 0.0797714 -0.007267494 0.01483963 0.176268 -0.003272504 0.2577134 0.1700756 -0.003612586 0.249729 0.1740989 -0.003379545 0.2577 0.07998204 -0.007096773 0.03755524 0.1663401 -0.003786828 0.2496787 0.1630436 -0.003887709 0.2417286 0.1035699 -0.003836749 0.2082676 0.1069262 -0.00399259 0.2118997 0.08470239 -0.007141254 0.01458618 0.1548871 -0.004176912 0.2334728 0.1571245 -0.004123231 0.2417145 0.1596613 -0.004028429 0.2417206 0.08281262 -0.007049973 0.03755524 0.09181485 -0.006729331 0.05758011 0.08908979 -0.006784212 0.05758011 0.1432671 -0.004616595 0.2125656 0.1413518 -0.004667634 0.2125213 0.08637305 -0.007092213 0.01450387 0.08827842 -0.007021973 0.01753093 0.08801211 -0.007041573 0.01442442 0.1413813 -0.004630915 0.2187053 0.1394999 -0.004668674 0.2186685 0.1376188 -0.004699635 0.2186336 0.0970393 -0.006559089 0.06542897 0.09087709 -0.006946932 0.0142889 0.08963403 -0.006988852 0.01434722 0.08678105 -0.004562834 0.1611947 0.08873819 -0.004758276 0.1606593 0.09130365 -0.006850611 0.0375554 0.1338565 -0.004739475 0.2185652 0.1357377 -0.004723395 0.218599 0.09413352 -0.006766291 0.0375554 0.1088296 -0.004158031 0.2119205 0.1107356 -0.004298832 0.2119442 0.1319758 -0.004747556 0.2185319 0.09340463 -0.006856772 0.01417267 0.1158882 -0.005312759 0.1766457 0.113788 -0.00530212 0.1766194 0.122201 -0.004770596 0.2121207 0.1241148 -0.004801316 0.2121556 0.114553 -0.004519313 0.2119958 0.1164636 -0.004603475 0.2120247 0.1126435 -0.004418433 0.2119689 0.1208823 -0.004158191 0.2334982 0.09088733 -0.004920277 0.160599 0.09290182 -0.005062437 0.1601839 0.09639369 -0.006742851 0.01403899 0.09979267 -0.006573649 0.0375554 0.09899347 -0.00663717 0.01392546 0.1011061 -0.006548289 0.01383475 0.1028966 -0.006390528 0.0664729 0.09782578 -0.00663605 0.04055911 0.1032443 -0.006454448 0.01374426 0.1048154 -0.006384768 0.02453954 0.1027136 -0.006422209 0.05758019 0.1026219 -0.006466289 0.03755548 0.1263902 -0.005224919 0.176789 0.1048766 -0.006380288 0.01367602 0.1060382 -0.006326848 0.01362786 0.1054378 -0.006325808 0.05758019 0.1284906 -0.005182679 0.1768194 0.1113764 -0.006085646 0.02754324 0.1083303 -0.006218207 0.01353361 0.1199964 -0.005587802 0.1415915 0.12015 -0.005539882 0.1495036 0.1118764 -0.006042045 0.0820811 0.115578 -0.005887084 0.0919099 0.1106077 -0.006105965 0.01344122 0.1128104 -0.005995165 0.01335258 0.1246282 -0.00542708 0.1495163 0.1178609 -0.005785564 0.1016396 0.1246346 -0.005495161 0.1256678 0.126167 -0.005441161 0.1226637 0.1131299 -0.006005166 0.07504848 0.1163196 -0.005810844 0.01321274 0.112144 -0.006054845 0.06812108 0.1141419 -0.005973405 0.05958292 0.1206688 -0.005685082 0.09362814 0.1197997 -0.005620762 0.01307522 0.1210702 -0.005670122 0.08561696 0.1142961 -0.005964045 0.06850467 0.1226008 -0.005600762 0.08161174 0.1203278 -0.005658923 0.04055934 0.1251969 -0.005479242 0.08161166 0.1277927 -0.005352599 0.08161166 0.1256072 -0.005286839 0.01284658 0.1281823 -0.00529164 0.06158559 0.1226044 -0.00546188 0.01296466 0.127125 -0.00530676 0.04556553 0.1283337 -0.005123638 0.01273922 0.1315776 -0.004924277 0.0126105 0.1339596 -0.004779716 0.0137253 0.1341884 -0.004759476 0.0125061 0.1370051 -0.004586275 0.01405386 0.1370043 -0.004578274 0.01239257 0.1398804 -0.004388673 0.01227497 0.141724 -0.004278913 0.01456283 0.1423252 -0.004224432 0.01217377 0.1443508 -0.00408611 0.01208881 0.147781 -0.003868429 0.01521611 0.1461107 -0.003964349 0.01201417 0.1479387 -0.003836428 0.01193569 0.1501062 -0.003682588 0.01184145 0.1521651 -0.003560026 0.01568907 0.1524571 -0.003513146 0.01173753 0.1548397 -0.003338665 0.01163033 0.1567934 -0.003225703 0.01618819 0.1573356 -0.003152984 0.01151585 0.1595096 -0.002988422 0.01141409 0.1628233 -0.0027741 0.01683868 0.1612943 -0.002851701 0.01132913 0.1634206 -0.002686819 0.01122601 0.1652932 -0.002539619 0.01113344 0.1687785 -0.002310897 0.01748101 0.1668075 -0.002419537 0.01105744 0.168386 -0.002293137 0.01097696 0.1698804 -0.002172336 0.01089952 0.1716709 -0.002026495 0.01080544 0.1748481 -0.001821213 0.01813573 0.1737762 -0.001852733 0.0106924 0.1752882 -0.001726492 0.0106096 0.1767162 -0.001605931 0.01053032 0.1791175 -0.001460491 0.01753125 0.1812813 -0.001282729 0.01882949 0.1788504 -0.00142385 0.01040952 0.1809019 -0.001245683 0.01029064 0.1827012 -0.00108709 0.01018424 0.1851172 -0.0009508768 0.01924334 0.185308 -0.0008539856 0.01002608 0.1841132 -0.0009613176 0.01009912 0.1864904 -0.0007471488 0.009952795 0.1899026 -0.0005277964 0.01975951 0.1879938 -0.0006103906 0.009858234 0.1897822 -0.0004467632 0.009743594 0.1915549 -0.0002837411 0.009627672 0.1940092 -0.0001554038 0.02020247 0.1929138 -0.0001583929 0.009537192 0.1221892 -0.00528612 0.17673 0.1200888 -0.00530412 0.1767014 0.1470984 -0.004497473 0.2126555 0.1451824 -0.004559714 0.2126099 0.08636449 -0.006829251 0.05758011 0.08363935 -0.006863732 0.05758011 0.08865226 -0.00392883 0.1763889 0.08251439 -0.00671989 0.07088958 0.06881052 -0.007277414 0.02954541 0.07268943 -0.007398456 0.01523306 0.218041 -0.0002283504 0.2738424 0.218696 -0.0001807054 0.2757551 0.2191147 -0.0001379339 0.2747552 0.218029 -0.0001842152 0.265839 0.2194893 -9.681467e-05 0.2734667 0.2195443 -9.010064e-05 0.2732035 0.2194275 -0.0001040589 0.2737297 0.2196356 -7.866078e-05 0.2726748 0.2196705 -7.378193e-05 0.272409 0.2196919 -5.660166e-05 0.270024 0.219594 -8.410026e-05 0.2729405 0.2197 -6.946384e-05 0.2721406 0.2197215 -6.570652e-05 0.271872 0.219747 -6.003189e-05 0.2713366 0.2197496 -5.81437e-05 0.2710736 0.2197376 -6.252111e-05 0.2716009 0.2197443 -5.685667e-05 0.2708105 0.2197335 -5.617055e-05 0.2705474 0.2197161 -5.608559e-05 0.2702857 0.219018 -0.0001480956 0.2750102 0.2192034 -0.0001287304 0.2745015 0.2098618 -0.0007228472 0.2418072 0.207274 -0.0009461214 0.2418064 0.2086041 -0.0009079415 0.2498133 0.2124549 -0.0004916258 0.2418092 0.2114991 -0.0005015969 0.2337977 0.207923 -0.0008162701 0.2337943 0.2154479 -0.0001032446 0.2287329 0.2145983 -9.982681e-05 0.2204744 0.2128896 -0.000254919 0.2203607 0.2193591 -0.0001117929 0.2739888 0.218916 -0.0001587164 0.2752637 0.2161902 -0.0003519122 0.265839 0.2147057 -0.0004333668 0.2578282 0.2184558 -0.0002036904 0.2762289 0.2185779 -0.0001920724 0.2759954 0.2134924 -0.0004742177 0.249818 0.2181872 -0.0002286698 0.2766918 0.2163821 -0.0003708706 0.2738291 0.2109201 -0.0007735228 0.257828 0.2131488 -0.0006228569 0.2658377 0.2180478 -0.0002412837 0.2769134 0.2151245 -0.000474066 0.2738156 0.2119408 -0.0007271596 0.2658363 0.2107369 -0.0008294128 0.2658363 0.206375 -0.001163494 0.2578016 0.204344 -0.001118027 0.2337889 0.2038326 -0.001233962 0.241803 0.2138172 -0.0005773513 0.2735822 0.2172223 -0.0003124559 0.2780637 0.2095369 -0.0009298353 0.265835 0.2083423 -0.001028601 0.2658337 0.2007644 -0.001408569 0.2337814 0.2004013 -0.001511851 0.2417996 0.2121403 -0.0007045424 0.2736475 0.2071505 -0.001125703 0.2658323 0.2028374 -0.00145641 0.2577952 0.205964 -0.001221089 0.265831 0.2108563 -0.0007975479 0.2737432 0.1969781 -0.001780253 0.2417951 0.1971834 -0.001689372 0.2337727 0.2035991 -0.00140649 0.2658283 0.2000926 -0.001677372 0.257795 0.2047789 -0.0013147 0.2658295 0.1936005 -0.001960175 0.2337634 0.1935629 -0.002038575 0.2417909 0.2091195 -0.0009189931 0.2737042 0.2082458 -0.0009779541 0.2736841 0.202422 -0.001496491 0.2658269 0.1900168 -0.002220656 0.2337513 0.1901543 -0.002286976 0.241785 0.2012476 -0.001584732 0.2658256 0.2073693 -0.001035767 0.2736612 0.2000759 -0.001671213 0.2658229 0.2064888 -0.001092453 0.2736385 0.2056057 -0.001148029 0.2736143 0.1989068 -0.001756093 0.2658216 0.1864325 -0.002471058 0.2337385 0.1867533 -0.002525778 0.2417788 0.2047198 -0.001202479 0.2735902 0.1977418 -0.001839213 0.2658202 0.1917571 -0.002307137 0.2577721 0.1879115 -0.002532579 0.2497716 0.1889885 -0.002501778 0.2577595 0.1965781 -0.001920574 0.2658174 0.2038313 -0.00125578 0.2735633 0.1856769 -0.00268658 0.2497529 0.1833562 -0.002754741 0.2417729 0.1799645 -0.002973462 0.2417662 0.1832895 -0.002846581 0.2497525 0.1862774 -0.00268418 0.2577499 0.1810343 -0.002991782 0.2497355 0.1835507 -0.002858741 0.2577403 0.1993565 -0.00150393 0.2734251 0.1919422 -0.002227536 0.2658095 0.1907879 -0.002299377 0.2658068 0.1930992 -0.002153696 0.2658108 0.2002544 -0.001456891 0.2734533 0.1808379 -0.003022422 0.257729 0.1786354 -0.003140823 0.2497337 0.1755659 -0.003321305 0.2497208 0.1731912 -0.003377626 0.2417513 0.1765762 -0.003181383 0.2417588 0.1966506 -0.001636732 0.2733338 0.188482 -0.002436658 0.2658028 0.1873318 -0.002501938 0.2658001 0.1781613 -0.003173143 0.2577183 0.06929348 -0.007437656 0.01543587 0.05878924 -0.007286294 0.02554059 0.05558778 -0.007410296 0.016363 0.07712234 -0.006085486 0.1011429 0.07636866 -0.005944205 0.1053718 0.04444377 -0.007105413 0.01726884 0.04571202 -0.007155254 0.0171582 0.04660619 -0.007188214 0.01708132 0.04301408 -0.007041973 0.0173962 0.04388777 -0.007081254 0.01731812 0.09180565 0.003850669 0.1841215 0.1034867 0.003837949 0.2080777 0.03733011 -0.006727891 0.01792861 0.0453597 -0.002773541 0.09465247 0.05216192 -0.001732572 0.1156835 0.0513447 -2.057278e-07 0.1173598 0.03226176 -0.006342527 0.01844069 0.02955462 -0.006086046 0.01872942 0.09509319 0.005175719 0.160283 0.1075871 0.004912116 0.1881105 0.05987501 0.004227232 0.1118409 0.02661771 -0.005758684 0.01905406 0.07290263 0.004314672 0.1377929 0.01117368 -2.330064e-07 0.02554011 0.1014853 0.005420281 0.1599149 0.1158881 0.0053126 0.1766468 0.1137879 0.00530196 0.1766203 0.1221892 0.00528596 0.1767309 0.1200888 0.00530396 0.1767022 0.1338566 0.004739396 0.2185657 0.1357378 0.004723236 0.2185999 0.1179883 0.00531308 0.1766743 0.1424531 0.004503953 0.233542 0.1452609 0.004404033 0.2416889 0.1406572 0.004526754 0.2335339 0.13886 0.004542114 0.2335257 0.08045581 0.005239079 0.133672 0.02099231 -0.004954437 0.01970726 0.1179884 -0.005313159 0.1766729 0.1134313 -0.005819964 0.127671 0.1156712 -0.005622042 0.1494915 0.1134315 -0.005650443 0.1494848 0.1082311 -0.006082446 0.1025348 0.1090859 -0.006082606 0.09773777 0.1098216 -0.006077726 0.09361055 0.1214077 -0.005615722 0.1226637 0.1190277 -0.005693562 0.1226639 0.1002395 -0.006471248 0.06599937 0.06629554 -0.007458216 0.01562324 0.06917876 -0.006412448 0.07760674 0.07414472 -0.006331328 0.08725193 0.07788387 -0.006213487 0.09687033 0.07680178 -0.006388209 0.08772562 0.04967518 -0.007285815 0.016825 0.04869573 -0.007257334 0.01690556 0.2194262 0.0001016724 0.2737365 0.1842983 0.0009416949 0.009978875 0.2094304 0.0005637711 0.220128 0.2190208 0.0001452743 0.2750062 0.2189215 0.0001554763 0.2752545 0.1814275 0.001194484 0.0101292 0.2070175 0.0007730987 0.2199657 0.2078121 0.0007575266 0.2257747 0.211036 0.0006780624 0.2498159 0.2185819 0.0001891196 0.2759872 0.2184571 0.0002013456 0.2762276 0.1804381 0.00135433 0.01873862 0.1785552 0.001443131 0.01027832 0.2051225 0.0009347343 0.2198396 0.2050593 0.0009927503 0.2257626 0.2085994 0.0008912944 0.2498133 0.2179176 0.0002508025 0.2771228 0.2181954 0.0002257049 0.2766852 0.2180585 0.0002381282 0.2769067 0.1756829 0.001687612 0.01042632 0.2024164 0.001161028 0.2196576 0.2176196 0.0002769054 0.2775402 0.2013865 0.001296014 0.2257405 0.205372 0.001166244 0.2498091 0.2171659 0.0003148262 0.278112 0.2173176 0.0003023398 0.2779295 0.2174679 0.0002898212 0.2777389 0.1981705 0.00150449 0.2193721 0.2168546 0.0003397036 0.2784596 0.2170116 0.0003272817 0.2782892 0.202169 0.00143169 0.2498026 0.2166962 0.000352092 0.278622 0.1956574 0.001700812 0.219203 0.2163002 0.0003818013 0.2789925 0.2165163 0.0003658119 0.2787965 0.1937731 0.001844974 0.2190776 0.2160694 0.000398674 0.2791938 0.1910009 0.002052495 0.2188915 0.2158224 0.0004164298 0.2794005 0.2000642 0.001659772 0.2578174 0.1957803 0.001939133 0.2497793 0.2155607 0.0004350701 0.2796112 0.1871851 0.002327937 0.2186351 0.1972852 0.001877134 0.2578052 0.2152842 0.0004545935 0.279826 0.1926259 0.002177456 0.2497777 0.2150116 0.0004733479 0.2800273 0.183378 0.002591859 0.2183793 0.2147701 0.000489132 0.2801897 0.1895198 0.002404098 0.2497654 0.2145312 0.0005043914 0.2803414 0.2056124 0.001146 0.273617 0.1796205 0.00284162 0.2181268 0.2142923 0.0005191259 0.2804809 0.2047265 0.001200495 0.2735915 0.1977351 0.001831133 0.2658202 0.203838 0.001253843 0.273566 0.2140561 0.0005333343 0.2806098 0.1965714 0.001912653 0.2658174 0.1766614 0.003030583 0.2179282 0.179347 0.002937222 0.2337581 0.1954104 0.001992414 0.2658162 0.2029468 0.001306021 0.2735392 0.2138225 0.0005470193 0.2807266 0.1747756 0.003147703 0.2178028 0.2020528 0.001356969 0.2735123 0.1930925 0.002146416 0.2658108 0.1942508 0.002070335 0.2658135 0.2133506 0.000572251 0.2809447 0.1719895 0.003316025 0.2176157 0.1757608 0.003156824 0.2337346 0.1791136 0.003021542 0.2417642 0.2011577 0.001406731 0.2734841 0.1292205 0.005179879 0.04256192 0.144578 0.004486593 0.09863387 0.2002611 0.00145513 0.2734559 0.1849058 0.002757781 0.2577546 0.1919368 0.002220496 0.2658095 0.1388623 0.004767796 0.08461527 0.1907826 0.002292497 0.2658068 0.1993618 0.001502251 0.2734263 0.2131045 0.0005848434 0.28105 0.129591 0.005200599 0.05607882 0.1383959 0.004822435 0.09362735 0.1458991 0.004504114 0.1256669 0.15148 0.004268352 0.1495975 0.1569574 0.00403299 0.1732981 0.1830314 0.002875941 0.257743 0.1896296 0.002362497 0.2658053 0.2128629 0.0005963809 0.2811467 0.1236754 0.005493641 0.04440354 0.1290974 0.00527772 0.07515289 0.1380236 0.004867876 0.1026397 0.1473478 0.004471074 0.1416325 0.1557818 0.00410715 0.1772336 0.1643299 0.003734508 0.2130676 0.1684471 0.003567546 0.2336045 0.1884767 0.002430257 0.2658028 0.1984612 0.001548011 0.2733967 0.1975593 0.001592331 0.2733674 0.1328967 0.005125238 0.09669993 0.134994 0.005040038 0.1085926 0.1411753 0.004757396 0.125667 0.1470064 0.004508433 0.1495841 0.1536833 0.004217552 0.1772024 0.1624168 0.003834909 0.2130233 0.2126198 0.0006073841 0.2812366 0.196656 0.001635211 0.2733364 0.1873251 0.002495779 0.2658001 0.1377487 0.004928437 0.1242193 0.1432913 0.004685795 0.1436255 0.1515853 0.004324033 0.1771709 0.1605021 0.00393163 0.2129783 0.1658151 0.003701867 0.2335818 0.1717906 0.003515946 0.2496965 0.1861748 0.002558899 0.2657974 0.1957527 0.001676492 0.2733056 0.2123757 0.0006178545 0.2813198 0.1190551 0.005747803 0.05758035 0.1391486 0.004871476 0.1321529 0.143288 0.004702515 0.1556348 0.1447263 0.004642754 0.1637869 0.1524701 0.004294673 0.1889585 0.1585882 0.004024751 0.2129327 0.1640152 0.003789789 0.2335614 0.1672674 0.003686667 0.2417387 0.1850259 0.002619699 0.2657961 0.2121314 0.0006276592 0.2813963 0.1031677 0.006456929 0.01386626 0.1453549 0.004614674 0.169223 0.1494504 0.004433153 0.1851044 0.1473735 0.004525393 0.1770747 0.1566742 0.004113951 0.212887 0.1622209 0.003873789 0.233551 0.1655776 0.003768508 0.2417347 0.1948479 0.001716252 0.2732747 0.1838757 0.002677939 0.2657933 0.1939421 0.001754333 0.2732439 0.09990412 0.00659965 0.01402883 0.1288693 0.0053282 0.1056446 0.1461427 0.004584594 0.1718213 0.1475413 0.004526754 0.1797551 0.14734 0.004527554 0.1849024 0.1494131 0.004434993 0.1928549 0.1569742 0.00410267 0.2210395 0.1595708 0.003992029 0.2336347 0.2118831 0.0006361942 0.2814688 0.09706057 0.006716771 0.01417251 0.1131969 0.006003564 0.07467272 0.1489399 0.004468833 0.1876888 0.1503398 0.004410672 0.1956225 0.1495479 0.004425632 0.2007 0.1551045 0.004181952 0.2210026 0.1517289 0.004329232 0.2087276 0.1621953 0.003921229 0.2417266 0.1671842 0.003740188 0.2496764 0.2116334 0.0006439628 0.2815346 0.1181354 0.005787244 0.09362798 0.1366065 0.004992037 0.1486593 0.1517383 0.004352513 0.2035562 0.1497922 0.004407073 0.2086793 0.1544053 0.004206672 0.225113 0.1520658 0.004307552 0.2168195 0.1568264 0.004103871 0.2336077 0.1605042 0.003991789 0.2417226 0.1656501 0.003807708 0.2496697 0.1921301 0.001825374 0.2731808 0.09696321 0.00667389 0.0375554 0.1077599 0.006225007 0.06733971 0.1199717 0.005676923 0.1176617 0.1380104 0.004927076 0.1566157 0.1531369 0.004294111 0.2114898 0.1545354 0.004235552 0.2194235 0.1525597 0.004276511 0.2250822 0.158813 0.00405819 0.2417186 0.1550294 0.004171951 0.2335997 0.1635211 0.003894668 0.2496834 0.2113825 0.000650965 0.281595 0.1129546 0.005975485 0.09416895 0.1409465 0.004788756 0.1732704 0.1559353 0.004176912 0.2273572 0.1532335 0.004235552 0.2335903 0.1571217 0.00412011 0.2417159 0.1694981 0.003566347 0.2576839 0.2111301 0.0006572008 0.2816487 0.1098216 0.006078126 0.09361055 0.1190276 0.005693643 0.1226639 0.1175424 0.005726683 0.1256684 0.1368736 0.004946917 0.1769057 0.1436208 0.004660915 0.1884404 0.1573339 0.00411811 0.2352907 0.1610397 0.00398507 0.2496509 0.1675296 0.003638347 0.2576628 0.08726658 0.007021493 0.0251017 0.08627305 0.007019253 0.03067575 0.1090695 0.006082846 0.0978301 0.1082044 0.006082446 0.1026841 0.1203324 0.005482521 0.1572923 0.122532 0.0054382 0.1573057 0.1450247 0.004592755 0.1963969 0.1587325 0.004059151 0.2432245 0.1601324 0.00400003 0.2511568 0.1072692 0.006075245 0.1079314 0.1199963 0.005587723 0.1415918 0.1478202 0.004455154 0.2122534 0.1588143 0.00403363 0.2513904 0.1647834 0.003720667 0.2576623 0.2106214 0.0006673477 0.2817372 0.1067601 0.006067086 0.1107883 0.1134311 0.005819964 0.127671 0.1401042 0.004720596 0.2084377 0.1574936 0.004061151 0.2516226 0.2103597 0.0006709407 0.2817735 0.106775 0.006045565 0.1138074 0.1043253 0.006122527 0.1103543 0.1043145 0.006086926 0.1137331 0.1111916 0.005669643 0.1494794 0.1089518 0.005679323 0.1494727 0.1506364 0.004313713 0.2282215 0.1561702 0.00408251 0.2518561 0.1018728 0.006166046 0.1099172 0.1018813 0.006117966 0.1137251 0.115671 0.005621962 0.1494915 0.14148 0.004586354 0.224905 0.152039 0.004242351 0.236178 0.1548441 0.004097711 0.2520897 0.2100953 0.0006736734 0.281803 0.09940251 0.006197567 0.1094768 0.1134314 0.005650362 0.1494848 0.1534416 0.004170351 0.2441332 0.1517838 0.004202192 0.249612 0.09691449 0.006217246 0.1090334 0.09945299 0.006138846 0.1137363 0.1319759 0.004747476 0.2185332 0.1435631 0.004419152 0.2416864 0.1502324 0.004216671 0.2496066 0.1586103 0.003826748 0.2576383 0.1418639 0.004426753 0.2416823 0.2095596 0.0006765551 0.2818431 0.09440848 0.006224847 0.1085868 0.09703722 0.006148926 0.1137832 0.1044721 0.005667482 0.149462 0.1057325 0.005509162 0.1596131 0.1279438 0.004830596 0.2122313 0.1370628 0.004549873 0.2335178 0.1486795 0.004224032 0.2495999 0.1572373 0.003833548 0.2576329 0.1401633 0.004426432 0.2416797 0.2092873 0.0006767054 0.281854 0.08223981 0.006700611 0.0724299 0.09188477 0.006220607 0.1081369 0.09453751 0.006150206 0.1136603 0.09930483 0.005966045 0.1276718 0.1067119 0.005678923 0.1494673 0.1384614 0.004417633 0.2416756 0.1335637 0.004538274 0.2336459 0.1353831 0.004546594 0.2337005 0.1260291 0.004820916 0.2121938 0.1471225 0.004223872 0.2495945 0.1558588 0.003833388 0.2576289 0.1658427 0.003144183 0.2657567 0.1799441 0.002062174 0.2727657 0.2090108 0.0006759927 0.2818594 0.08934331 0.006204366 0.1076841 0.09210877 0.006137887 0.1136605 0.09695042 0.005954125 0.1276717 0.1241148 0.004801156 0.2121569 0.1455629 0.004215552 0.2495892 0.1544777 0.003825948 0.2576235 0.1367582 0.004399633 0.2416729 0.2085025 0.000673303 0.2818592 0.0454597 0.007138694 0.01744068 0.08678394 0.006176206 0.1072279 0.08971532 0.006112526 0.1136962 0.1317512 0.004520274 0.2336065 0.1299438 0.004491714 0.2335785 0.122201 0.004770435 0.212122 0.1440006 0.004198431 0.2495838 0.1530926 0.003810429 0.257618 0.1350535 0.004371472 0.2416703 0.1642301 0.003127463 0.2657545 0.1782467 0.002044655 0.2727291 0.08420679 0.006136046 0.1067686 0.08728618 0.006073486 0.1136951 0.1036105 0.005471401 0.1597702 0.1202878 0.004727795 0.2120878 0.1424329 0.004171711 0.2495784 0.1517021 0.003786189 0.2576141 0.1333465 0.004332432 0.2416676 0.1630583 0.003107543 0.2657531 0.04436633 0.007094614 0.01753012 0.0794302 0.006429249 0.08819403 0.08161198 0.006084046 0.1063062 0.08486992 0.006019005 0.1137255 0.1281405 0.004451953 0.2335559 0.1183753 0.004672435 0.2120562 0.1408626 0.004134511 0.2495744 0.1503062 0.003752508 0.2576101 0.1316388 0.004281792 0.2416648 0.1618839 0.003079863 0.2657518 0.1768668 0.002016654 0.2726975 0.2079655 0.0006639318 0.2818594 0.07899924 0.006020045 0.1058406 0.08247766 0.005947564 0.1138179 0.0993482 0.005355001 0.1600275 0.1263386 0.004400033 0.2335408 0.1164636 0.004603394 0.2120254 0.1392868 0.004086191 0.2495689 0.1489063 0.003708747 0.2576059 0.1299295 0.004218511 0.2416622 0.1607068 0.003043862 0.2657491 0.1759876 0.001992974 0.2726761 0.02614211 0.005694043 0.01920911 0.07712234 0.006085486 0.1011429 0.07636866 0.005944045 0.1053718 0.1145529 0.004519234 0.2119964 0.1245377 0.004335313 0.2335234 0.1377084 0.00402595 0.249565 0.147501 0.003654028 0.257602 0.1282187 0.004141471 0.2416595 0.159527 0.002998902 0.2657478 0.2075967 0.0006537634 0.2818594 0.1751125 0.001963615 0.272656 0.04105839 0.006938932 0.01780741 0.1265065 0.00404907 0.2416568 0.1209409 0.004161471 0.2335022 0.1227377 0.004256271 0.2335111 0.1126434 0.004418352 0.2119689 0.1361247 0.00395251 0.249561 0.1460904 0.003587387 0.257598 0.1583444 0.002944182 0.2657464 0.1742414 0.001927694 0.2726359 0.2072284 0.0006396288 0.2818592 0.01905165 0.004594994 0.01997614 0.01963846 0.004708755 0.01990927 0.01533834 0.003720348 0.02041583 0.01849149 0.003927309 0.02554563 0.09296918 0.005058597 0.1604091 0.1107355 0.004298751 0.2119442 0.1345368 0.003864348 0.2495568 0.144673 0.003507466 0.2575938 0.1247932 0.003939469 0.2416555 0.1571581 0.002878501 0.2657449 0.1733744 0.001884733 0.2726171 0.2068395 0.0006204745 0.2818594 0.01671813 0.00407763 0.02024982 0.01613868 0.00393203 0.02031935 0.01215233 0.0026805 0.02080736 0.009475832 -0.0006572008 0.02118519 0.009282469 -9.216547e-05 0.02120655 0.04153175 0.00413283 0.07380415 0.0908922 0.004918517 0.160653 0.1191457 0.00404899 0.2334928 0.117351 0.003916589 0.2334845 0.1088295 0.004157951 0.2119213 0.132945 0.003759869 0.2495529 0.1432517 0.003412665 0.2575913 0.1230788 0.003810508 0.2416527 0.1559689 0.002800661 0.2657437 0.1725114 0.001833694 0.2725996 0.01383875 0.003283945 0.02059742 0.01441091 0.003456346 0.02052815 0.01059744 0.001796333 0.02102119 0.01303074 0.002075135 0.02554106 0.01013024 0.00142361 0.02108656 0.03900821 0.003577467 0.07392903 0.08900867 0.004748995 0.161379 0.106926 0.00399251 0.2118997 0.1155592 0.003760907 0.2334778 0.1313486 0.003636747 0.2495502 0.1418236 0.003300984 0.2575873 0.121364 0.003658908 0.2416515 0.154777 0.00270898 0.2657424 0.1716537 0.001773612 0.2725834 0.2064739 0.0005973768 0.2818594 0.009836875 -0.001134586 0.02113983 0.07582561 0.004865877 0.1336721 0.08700426 0.004555394 0.1617792 0.1297479 0.003492106 0.2495462 0.1403901 0.003169703 0.2575846 0.1196489 0.003481306 0.2416501 0.1535825 0.00260122 0.265741 0.2061079 0.0005683654 0.2818594 0.1708001 0.001703052 0.2725701 0.01846606 0.004475154 0.02004366 0.00939031 0.0004925868 0.0211896 0.009710794 0.0009973151 0.02114496 0.07767819 0.004523554 0.1439767 0.1137704 0.003578586 0.2334704 0.107299 0.003471945 0.2220547 0.1281436 0.003322664 0.2495435 0.1389512 0.003015942 0.2575832 0.1179345 0.003273864 0.2416474 0.1523853 0.002474978 0.2657397 0.1699531 0.001620412 0.2725567 0.1056209 0.003211064 0.2224299 0.1119577 0.003364425 0.2334426 0.126536 0.003124743 0.2495408 0.1375071 0.002836261 0.2575805 0.116222 0.003031302 0.2416474 0.1511853 0.002327537 0.2657397 0.2056498 0.0005213204 0.2818594 0.1691116 0.001523851 0.2725459 0.2058364 0.0005418908 0.2818594 0.01178353 -0.002502898 0.02087271 0.01125848 -0.002218896 0.02094575 0.01303146 -0.002075375 0.02554171 0.01542938 -0.003745628 0.0204031 0.01428042 -0.003418106 0.02054943 0.0156982 -0.003176904 0.0255433 0.07001277 0.004007789 0.136331 0.1145143 0.002739221 0.2416461 0.1084095 0.002814901 0.2334373 0.1101796 0.003115143 0.23344 0.1249262 0.002893142 0.2495395 0.1360589 0.0026261 0.2575779 0.1499854 0.002155055 0.2657384 0.1682768 0.001410971 0.2725351 0.2054647 0.0004985287 0.2818594 0.01747821 -0.004259872 0.02014127 0.05981565 0.003774908 0.1174264 0.07190374 0.003540426 0.146266 0.1015846 0.002517379 0.2214823 0.1066546 0.002437298 0.2334359 0.1009001 0.002022655 0.2240473 0.1233169 0.002614499 0.2495382 0.1346093 0.002373217 0.2575765 0.1128184 0.002371698 0.2416448 0.1487842 0.001947534 0.2657384 0.16745 0.001275028 0.2725271 0.2052795 0.0004732204 0.2818594 0.2050943 0.0004444117 0.2818594 0.01161497 0.002420498 0.02087959 0.01232553 -0.00275282 0.02079903 0.05736258 0.003269785 0.1171933 0.06512121 0.003141143 0.1354913 0.1217144 0.002263697 0.2495368 0.1331631 0.002054815 0.2575752 0.11114 0.001918493 0.2416448 0.1475896 0.001686173 0.265737 0.1666366 0.00110403 0.2725204 0.2049104 0.0004109765 0.2818594 0.0110956 0.002125856 0.02095151 0.06281463 0.002541699 0.1353243 0.06735771 0.002481619 0.1458877 0.1049213 0.001971455 0.2334346 0.1201244 0.001831133 0.2495355 0.131726 0.001662172 0.2575752 0.1095352 0.001253219 0.2416448 0.1464045 0.00136401 0.265737 0.165838 0.0008930258 0.2725164 0.2047278 0.0003718665 0.2818594 0.2045467 0.0003262589 0.2818594 0.01027472 -0.001542411 0.02108167 0.0165862 -0.00404707 0.02025487 0.02186872 -0.005098839 0.01960278 0.06052381 0.001661693 0.1349603 0.06520546 0.001621772 0.1457245 0.1032668 0.001287825 0.2334333 0.1185999 0.001196184 0.2495341 0.1303459 0.001085804 0.2575738 0.1084157 0 0.2416434 0.145269 0.0008910192 0.265737 0.2043667 0.0002733674 0.2818594 0.1650797 0.0005833335 0.2725137 0.01075288 -0.001900654 0.02101623 0.01288242 -0.002968342 0.02072639 0.0198163 -0.004745395 0.01984958 0.02040391 -0.004852357 0.01977814 0.02542299 -0.005609002 0.0191895 0.05909005 -2.197322e-07 0.1350814 0.06390144 0 0.1460598 0.1095355 -0.001253362 0.2416448 0.1175336 0 0.2495341 0.1186001 -0.001196339 0.2495341 0.1293795 0 0.2575738 0.1444744 0 0.265737 0.1021145 0 0.2334333 0.1645549 0 0.2725124 0.2041964 0.0001983552 0.2818594 0.01344786 -0.003159623 0.02065463 0.02869029 -0.005994765 0.01882374 0.02779605 -0.005896364 0.01892237 0.06078053 -0.001659852 0.1355502 0.065218 -0.001622012 0.1457526 0.1032669 -0.001287954 0.2334333 0.1303463 -0.001085955 0.2575738 0.1111404 -0.001918574 0.2416448 0.145269 -0.0008911293 0.265737 0.2040473 -8.342689e-05 0.2818594 0.1650797 -0.0005833764 0.2725137 0.2040487 8.395007e-05 0.2818594 0.03131352 -0.006257326 0.01854054 0.06275926 -0.002542178 0.1351967 0.06778291 -0.002476098 0.1468761 0.1128186 -0.002371857 0.2416448 0.1066549 -0.002437298 0.2334359 0.1049216 -0.001971534 0.2334346 0.1201247 -0.001831293 0.2495355 0.1317263 -0.001662252 0.2575752 0.1464045 -0.001364089 0.265737 0.165838 -0.0008930714 0.2725164 0.204195 -0.0001979525 0.2818594 0.01922974 -0.004633074 0.01992166 0.01864454 -0.004514913 0.01999438 0.02428722 -0.00545724 0.01931998 0.05750443 -0.003267464 0.1175275 0.06610578 -0.003126423 0.137798 0.1217148 -0.002263936 0.2495368 0.1331633 -0.002054975 0.2575752 0.1145147 -0.002739381 0.2416461 0.1475896 -0.001686332 0.265737 0.1666366 -0.001104053 0.2725204 0.2043667 -0.0002731794 0.2818594 0.2045453 -0.0003260321 0.2818594 0.06002734 -0.003769868 0.1179416 0.07206398 -0.003537386 0.1466471 0.1084098 -0.002814981 0.2334373 0.1233173 -0.00261474 0.2495382 0.1346093 -0.002373457 0.2575765 0.1162224 -0.003031462 0.2416474 0.1487855 -0.001947615 0.2657384 0.16745 -0.001275112 0.2725271 0.2047278 -0.0003716665 0.2818594 0.03047486 -0.006177406 0.01863006 0.03524378 -0.006582689 0.01813509 0.04090895 -0.006938692 0.01758829 0.03973478 -0.006874531 0.01769812 0.0610623 -0.004200911 0.1147163 0.07339456 -0.003933789 0.1444952 0.1101757 -0.003112103 0.2334582 0.1249268 -0.002893542 0.2495395 0.1360589 -0.002626579 0.2575779 0.1179349 -0.003274104 0.2416474 0.1499854 -0.002155295 0.2657384 0.1682768 -0.001410971 0.2725351 0.2049104 -0.0004109577 0.2818594 0.2050943 -0.0004442802 0.2818594 0.0331596 -0.006419408 0.01834718 0.038593 -0.006807652 0.01780661 0.05946429 -0.004632834 0.1049336 0.07270094 -0.004318672 0.1373175 0.1119579 -0.003364425 0.2334426 0.1265367 -0.003125143 0.2495408 0.1375071 -0.002836821 0.2575805 0.1196493 -0.003481546 0.2416501 0.1511867 -0.002327777 0.2657397 0.2052795 -0.0004730057 0.2818594 0.1691116 -0.00152393 0.2725446 0.03613194 -0.00664677 0.01804653 0.0614199 -0.004939317 0.1036948 0.07775586 -0.004521314 0.1441735 0.1137297 -0.003574267 0.2334676 0.1213644 -0.003659227 0.2416515 0.1281444 -0.003323224 0.2495435 0.129749 -0.003492906 0.2495462 0.1389512 -0.003016583 0.2575818 0.1523853 -0.002475298 0.2657397 0.1699518 -0.001620491 0.2725567 0.2054647 -0.0004984898 0.2818594 0.06354368 -0.005200838 0.1028337 0.07582593 -0.004865956 0.1336721 0.1155157 -0.003756988 0.2334741 0.1403913 -0.003170663 0.2575846 0.1230795 -0.003810908 0.2416527 0.1535838 -0.002601699 0.265741 0.2058352 -0.0005418626 0.2818594 0.1708001 -0.001703212 0.2725701 0.2056498 -0.0005213472 0.2818594 0.05749507 -0.005664842 0.08114541 0.07499529 -0.005157958 0.1256698 0.08277414 -0.005385 0.133672 0.1173007 -0.003912749 0.2334798 0.1313496 -0.003637707 0.2495502 0.1418249 -0.003302105 0.2575873 0.1547784 -0.00270954 0.2657424 0.1716522 -0.001773773 0.2725834 0.2061022 -0.0005677212 0.2818592 0.06013005 -0.005855324 0.08125614 0.07735338 -0.0053326 0.1256698 0.1190905 -0.00404547 0.2334881 0.1247939 -0.003940029 0.2416555 0.1329463 -0.003760907 0.2495529 0.1432529 -0.003414026 0.2575913 0.1265073 -0.00404971 0.2416568 0.1559702 -0.002801301 0.2657437 0.1725114 -0.001833854 0.2725996 0.2064751 -0.000597413 0.2818594 0.04210431 -0.006999093 0.01747853 0.06907948 -0.005815643 0.09787523 0.1067122 -0.005678923 0.1494673 0.1044724 -0.005667563 0.149462 0.1345382 -0.003865709 0.2495568 0.1446757 -0.003509147 0.2575938 0.1282195 -0.004142191 0.2416595 0.1571594 -0.002879301 0.2657449 0.173373 -0.001884894 0.2726171 0.05049101 -0.007307734 0.01675875 0.063946 -0.006202286 0.07760674 0.07603314 -0.005803404 0.1096547 0.08509352 -0.005507881 0.1336719 0.09494504 -0.005182599 0.159829 0.1226714 -0.004253231 0.2335047 0.1361273 -0.003954029 0.249561 0.1460917 -0.003589387 0.257598 0.1299304 -0.004219311 0.2416622 0.1583459 -0.002945142 0.2657464 0.1742401 -0.001927934 0.2726359 0.20685 -0.0006209765 0.2818592 0.05425272 -0.007389176 0.01646363 0.06656186 -0.006317647 0.07760674 0.08011756 -0.005854364 0.1141129 0.07899908 -0.006019965 0.1058406 0.09713905 -0.00527884 0.1598651 0.1183753 -0.004672514 0.2120549 0.1244663 -0.004332673 0.2335167 0.1377098 -0.004027791 0.249565 0.1475037 -0.003656347 0.2576007 0.1316399 -0.004282672 0.2416648 0.1595284 -0.003000023 0.2657478 0.2072265 -0.0006397241 0.2818594 0.1756553 -0.001982494 0.2726724 0.04750556 -0.007219414 0.01700501 0.05641202 -0.007421336 0.01630179 0.08161182 -0.006083965 0.1063062 0.08239919 -0.005946685 0.1137465 0.09935099 -0.00535708 0.1599502 0.1202878 -0.004727876 0.2120878 0.1262615 -0.004397793 0.2335322 0.1333478 -0.004333472 0.2416676 0.1392895 -0.004088271 0.2495689 0.1408653 -0.00413691 0.2495744 0.148909 -0.003711308 0.2576047 0.1607095 -0.003045062 0.2657491 0.05980061 -0.007453656 0.0160578 0.07461576 -0.006404209 0.08460935 0.08420663 -0.006136046 0.1067686 0.08480672 -0.006017805 0.1137042 0.1014909 -0.005422201 0.1598402 0.1280558 -0.004450033 0.2335461 0.1503102 -0.003755467 0.2576101 0.1350535 -0.004372672 0.2416703 0.1618866 -0.003081222 0.2657518 0.2076034 -0.0006538319 0.2818592 0.177442 -0.002028574 0.2727195 0.05739603 -0.007432936 0.01622972 0.07865307 -0.006328048 0.09255398 0.0867837 -0.006176127 0.1072279 0.0872333 -0.006072286 0.1137055 0.10359 -0.005474361 0.1596094 0.1298551 -0.004490274 0.2335673 0.1424356 -0.004174351 0.2495784 0.1517048 -0.003789548 0.2576141 0.163061 -0.003109142 0.2657531 0.2080522 -0.0006660028 0.2818592 0.0794302 -0.006429168 0.08819403 0.08934291 -0.006204287 0.1076839 0.08967411 -0.006111007 0.1137458 0.1057164 -0.005511881 0.1594529 0.126029 -0.004821076 0.2121925 0.1367595 -0.004400913 0.2416729 0.1316531 -0.004519234 0.2335918 0.1440033 -0.004201392 0.2495838 0.1530953 -0.003814109 0.257618 0.1384627 -0.004419073 0.2416756 0.1642327 -0.003129223 0.2657545 0.1792353 -0.002052735 0.2727734 0.08073181 -0.006571569 0.08089029 0.09188453 -0.006220526 0.1081369 0.09210909 -0.006137887 0.1136605 0.101812 -0.006118606 0.1137277 0.09695057 -0.005954125 0.1276717 0.1279437 -0.004830756 0.21223 0.1334525 -0.004537794 0.2336212 0.1455669 -0.004218831 0.2495892 0.1544818 -0.003830029 0.2576235 0.1401646 -0.004428034 0.2416797 0.1654018 -0.003142183 0.265757 0.2085268 -0.0006733473 0.2818594 0.08163046 -0.00665277 0.07584889 0.09440823 -0.006224847 0.1085867 0.09453759 -0.006150206 0.1136603 0.09930507 -0.005966045 0.1276718 0.1352514 -0.004546914 0.2336538 0.1471266 -0.004227472 0.2495945 0.1558642 -0.003837949 0.2576275 0.166568 -0.003148584 0.2657585 0.1810654 -0.002053215 0.2728665 0.209012 -0.0006763484 0.2818594 0.09697129 -0.006148926 0.113788 0.09691425 -0.006217167 0.1090334 0.108952 -0.005679402 0.1494727 0.1370628 -0.004549954 0.2335178 0.1418652 -0.004428434 0.2416823 0.1486835 -0.004227951 0.2495999 0.1435644 -0.004420992 0.2416864 0.1677318 -0.003148984 0.2657612 0.1572413 -0.003838428 0.2576329 0.08335775 -0.006775011 0.06615705 0.09938627 -0.006139166 0.1137405 0.09940235 -0.006197567 0.1094768 0.1111918 -0.005669722 0.1494794 0.1502378 -0.004220992 0.2496066 0.1452636 -0.004406032 0.2416889 0.13886 -0.004542193 0.2335257 0.1688942 -0.003143704 0.2657625 0.1821952 -0.002057615 0.2728493 0.1586156 -0.003832109 0.2576383 0.209286 -0.000676696 0.281854 0.0839048 -0.006804452 0.06308799 0.1018727 -0.006165966 0.1099172 0.1242897 -0.005259559 0.176759 0.151788 -0.004206832 0.249612 0.1477781 -0.004371553 0.2417155 0.1406572 -0.004526754 0.2335339 0.1700552 -0.003133143 0.2657652 0.1830918 -0.002050654 0.2728761 0.160629 -0.003811948 0.2576458 0.2095584 -0.0006765484 0.2818431 0.08807042 -0.00674645 0.06383048 0.1042461 -0.006087805 0.1137372 0.1043253 -0.006122446 0.1103543 0.1424544 -0.004504034 0.2335406 0.1540469 -0.004174751 0.249623 0.1712133 -0.003117463 0.2657665 0.2098282 -0.0006755404 0.2818258 0.1067056 -0.006046846 0.1137958 0.1067601 -0.006067006 0.1107883 0.1072999 -0.006075566 0.1077596 0.1179107 -0.005585002 0.1494969 0.1451358 -0.004457954 0.2335923 0.1633324 -0.003763309 0.2576553 0.1723691 -0.003097063 0.2657691 0.1839897 -0.002040415 0.2729056 0.1848904 -0.002026974 0.2729338 0.08291079 -0.007190054 0.01467658 0.0938891 -0.006634289 0.06486753 0.1476918 -0.004400113 0.2333601 0.1571358 -0.00410835 0.2496365 0.1511774 -0.004301391 0.2417282 0.2100953 -0.0006736748 0.281803 0.185791 -0.002010574 0.2729634 0.1735247 -0.003072183 0.2657719 0.126867 -0.005360281 0.1495237 0.1305908 -0.005133318 0.1768502 0.1545848 -0.004207551 0.241747 0.174679 -0.003042982 0.2657733 0.1866943 -0.001991455 0.2729942 0.1660353 -0.003693468 0.2576667 0.2103597 -0.0006709488 0.2817735 0.1175425 -0.005726603 0.1256684 0.1326911 -0.005077158 0.1768817 0.1347911 -0.005014677 0.1769132 0.1494936 -0.004352032 0.2334044 0.1602125 -0.00402003 0.2496498 0.1758306 -0.003009862 0.2657759 0.1875975 -0.001969694 0.2730238 0.2106214 -0.0006673638 0.2817372 0.1129837 -0.005974285 0.09417416 0.1368909 -0.004946197 0.176945 0.1632821 -0.00391203 0.2496638 0.1512957 -0.004298592 0.2334298 0.1769835 -0.002972982 0.2657786 0.1687352 -0.003604587 0.257678 0.1885022 -0.001945534 0.2730546 0.115107 -0.005899244 0.09455256 0.1291056 -0.005287 0.1495303 0.1389906 -0.004871957 0.176977 0.1530927 -0.004240111 0.2334545 0.2108805 -0.0006629198 0.2816956 0.1894068 -0.001918974 0.2730855 0.1781338 -0.002932501 0.2657812 0.1075414 -0.006234846 0.06730074 0.112938 -0.005982765 0.09143933 0.1102926 -0.006071965 0.0909678 0.131344 -0.005207718 0.1495371 0.1410901 -0.004792436 0.1770088 0.149013 -0.004429953 0.212701 0.1714261 -0.003499146 0.2576894 0.179284 -0.002888661 0.2657827 0.1903128 -0.001890254 0.2731164 0.2111355 -0.0006576155 0.2816487 0.1081618 -0.006222526 0.05758035 0.1293617 -0.00530996 0.1256677 0.1335819 -0.005122679 0.1495432 0.1431899 -0.004707876 0.1770411 0.150929 -0.004357633 0.2127475 0.156684 -0.004109071 0.2334848 0.180433 -0.00284162 0.2657853 0.2113892 -0.0006514522 0.281595 0.13582 -0.005032277 0.1495506 0.1473883 -0.004524834 0.1771051 0.1452887 -0.004618595 0.1770731 0.1528436 -0.004280751 0.2127931 0.1684586 -0.003690747 0.2496642 0.1584807 -0.00403683 0.2334982 0.1912188 -0.001859374 0.2731486 0.1815832 -0.002791621 0.265788 0.1921246 -0.001826574 0.2731793 0.1309255 -0.005243799 0.1226633 0.1380581 -0.004936837 0.1495573 0.1547582 -0.004199631 0.2128387 0.1602729 -0.003960829 0.2335229 0.182732 -0.002738821 0.2657907 0.1930307 -0.001792014 0.2732103 0.2116402 -0.0006444299 0.2815346 0.1333044 -0.005137318 0.1226635 0.1402955 -0.004836597 0.149564 0.1566727 -0.004114351 0.2128842 0.1620768 -0.003880429 0.2335316 0.183881 -0.002683379 0.2657933 0.2118871 -0.0006365472 0.2814688 0.1356833 -0.005025877 0.1226633 0.1425328 -0.004731716 0.1495707 0.1494865 -0.004426673 0.1771372 0.1585875 -0.004025151 0.21293 0.1638693 -0.003796748 0.2335402 0.1939367 -0.001755693 0.2732412 0.1850313 -0.002625379 0.2657947 0.1948427 -0.001717612 0.2732734 0.1380618 -0.004909637 0.1226631 0.1447697 -0.004622354 0.1495774 0.151585 -0.004324352 0.177169 0.1470064 -0.004508593 0.1495841 0.1536836 -0.004217952 0.1772007 0.1620674 -0.003863948 0.2191188 0.1664954 -0.003668188 0.2336018 0.1861802 -0.002564818 0.2657974 0.1957473 -0.001677932 0.2733043 0.2121327 -0.0006278069 0.2813963 0.1294072 -0.005263159 0.07760618 0.1382348 -0.004883077 0.1136528 0.1435372 -0.004632834 0.1256672 0.1624154 -0.003835309 0.2130199 0.168591 -0.003560507 0.2336583 0.2123784 -0.00061848 0.2813171 0.1358639 -0.004960117 0.09362743 0.1492432 -0.004390593 0.1495907 0.1557813 -0.00410755 0.1772314 0.1658262 -0.003670267 0.2191929 0.1975539 -0.001593931 0.2733647 0.1346401 -0.004982917 0.07760618 0.1430862 -0.004623075 0.1136525 0.15148 -0.004268512 0.1495969 0.157879 -0.00399339 0.1772632 0.1690658 -0.003485386 0.2174196 0.1677057 -0.003568187 0.2192291 0.172222 -0.003362266 0.2336775 0.2126226 -0.0006084431 0.2812326 0.1984557 -0.001549691 0.2733942 0.189635 -0.002369058 0.2658041 0.1335833 -0.004992598 0.06158566 0.1404682 -0.004699235 0.09162446 0.1491707 -0.004333152 0.129658 0.1568443 -0.00400971 0.1634465 0.1572637 -0.003957629 0.1555501 0.1719646 -0.003317865 0.2176141 0.2128668 -0.0005976452 0.2811426 0.1391985 -0.004712835 0.07460232 0.1465948 -0.004401713 0.1076461 0.1487587 -0.004240592 0.09959227 0.1519631 -0.004178512 0.1316724 0.1606554 -0.003801228 0.1686202 0.2053775 -0.001182597 0.2498079 0.202175 -0.00144769 0.2498026 0.1757915 -0.003154984 0.2336977 0.2131084 -0.0005860836 0.281046 0.1387637 -0.004684515 0.06058445 0.1549033 -0.00401419 0.1352446 0.1747939 -0.003146904 0.217804 0.2011523 -0.00140849 0.2734814 0.139311 -0.004585475 0.0447757 0.1766877 -0.003029302 0.2179299 0.1793956 -0.002934101 0.2337163 0.2133488 -0.0005737597 0.280944 0.2020475 -0.001358809 0.2735096 0.1942561 -0.002077855 0.2658135 0.1794384 -0.002853942 0.2181146 0.1954158 -0.002000094 0.2658162 0.2029401 -0.001307908 0.2735378 0.2135877 -0.0005606747 0.2808353 0.1829704 -0.0027029 0.2335942 0.2138279 -0.0005474031 0.2807172 0.183439 -0.002588099 0.2183833 0.2140668 -0.0005337866 0.2805923 0.1910564 -0.002307777 0.2497747 0.1945503 -0.002103055 0.2577801 0.1869711 -0.002343457 0.2186206 0.2143044 -0.00051964 0.2804608 0.193475 -0.002129056 0.2497796 0.2145418 -0.0005049645 0.2803226 0.1972953 -0.001895534 0.257787 0.1893578 -0.002172736 0.218781 0.1958346 -0.001950174 0.2497863 0.2147795 -0.0004897589 0.2801763 0.1934022 -0.001873853 0.2190529 0.2150144 -0.000474023 0.2800231 0.1989947 -0.001703773 0.2497951 0.2152547 -0.0004578 0.2798541 0.2099893 -0.0008588618 0.2737244 0.1956428 -0.001702333 0.219202 0.2154989 -0.0004410884 0.2796703 0.1983285 -0.001492491 0.2193827 0.2157446 -0.0004238668 0.2794743 0.2159915 -0.0004061365 0.2792676 0.2162398 -0.0003878949 0.2790502 0.2020681 -0.001190281 0.2196342 0.2167123 -0.0003523645 0.2786099 0.2164895 -0.0003691445 0.278822 0.2032233 -0.001145987 0.2257511 0.2168974 -0.0003382004 0.2784234 0.2051225 -0.0009353718 0.2198396 0.2170665 -0.000324898 0.2782408 0.2068942 -0.0008366727 0.2257707 0.2070175 -0.0007737402 0.2199657 0.2110402 -0.0006948773 0.2498159 0.2174867 -0.0002901541 0.2777228 0.2173618 -0.0003008741 0.2778904 0.2100624 -0.0005090716 0.2201706 0.2143621 -0.0005162845 0.2658377 0.2177619 -0.0002664363 0.2773402 0.2176156 -0.0002789764 0.2775429 0.2146177 -0.0002574477 0.2378048 0.2179055 -0.0002538721 0.2771295 0.2169378 -0.0002290242 0.2578287 0.2183242 -0.0002160318 0.2764624 0.2159607 -0.0002490832 0.24982 0.2188073 -0.0001695867 0.2755122 0.2162962 -0.0001024145 0.2369914 0.2171458 -9.73353e-05 0.2452497 0.2179939 -8.80067e-05 0.2535083 0.2188435 -7.442886e-05 0.2617655 0.2192839 -0.0001200168 0.2742465 0.1672111 -0.002433938 0.01731188 0.1642113 -0.00266714 0.01698828 0.1408988 0 0.01447387 0.1702082 0.002196816 0.01763508 0.1702067 -0.002196735 0.01763508 0.1672124 0.002434018 0.01731204 0.1731986 0.001955614 0.01795773 0.1731986 -0.001955534 0.01795773 0.1761849 -0.001710332 0.0182799 0.1761849 0.001710492 0.0182799 0.1791673 0.001461291 0.01860158 0.1791673 -0.00146121 0.0186015 0.1821456 0.001208151 0.01892262 0.1821442 -0.001208047 0.01892262 0.1851172 -0.0009508768 0.01924334 0.1851185 0.0009509895 0.01924343 0.1880861 0.0006898334 0.01956358 0.1880861 -0.0006897126 0.01956358 0.191051 0.0004246856 0.01988326 0.1910497 -0.0004245554 0.01988326 0.1940092 -0.0001554038 0.02020247 0.1940092 0.0001555434 0.02020247 0.1642113 0.002667219 0.01698844 0.140731 -0.0006387712 0.01445571 0.1612061 -0.002896341 0.01666428 0.1406062 -0.0008243487 0.01444226 0.14088 0.0002209563 0.01447171 0.1402693 -0.001123595 0.01440594 0.1551837 -0.003342825 0.01601451 0.140068 -0.0012291 0.01438418 0.1408237 0.0004358472 0.01446563 0.1491425 -0.003773308 0.01536291 0.1398519 -0.001301078 0.01436083 0.1521651 -0.003560026 0.01568907 0.1612075 0.002896422 0.01666428 0.1396251 -0.001337564 0.01433651 0.1461144 -0.003982509 0.01503651 0.140731 0.0006388504 0.01445571 0.1430826 -0.004187791 0.01470938 0.1406062 0.0008244279 0.01444226 0.1400465 -0.004389073 0.01438186 0.1393956 -0.001337564 0.01431171 0.1581983 0.003121623 0.01633972 0.1370051 -0.004586275 0.01405386 0.1339596 -0.004779555 0.0137253 0.1404505 0.0009875185 0.01442555 0.1387513 -0.001123595 0.01424234 0.1385701 -0.0009874406 0.01422274 0.1402693 0.001123674 0.01440594 0.140068 0.001229179 0.01438418 0.1551837 0.003342905 0.01601467 0.1381232 0 0.01417443 0.1339596 0.004779636 0.0137253 0.1430826 0.004187871 0.01470938 0.1396251 0.001337643 0.01433651 0.1393956 0.001337643 0.01431171 0.1491425 0.003773308 0.01536307 0.1461144 0.00398259 0.01503651 0.1382896 0.0006388504 0.01419251 0.1381982 0.0004358472 0.01418259 0.1521651 0.003560107 0.01568907 0.1398519 0.001301157 0.01436083 0.1400465 0.004389073 0.01438186 0.1370051 0.004586354 0.01405386 0.1391701 0.001301157 0.01428738 0.1387513 0.001123674 0.01424234 0.1389526 0.001229179 0.01426402 0.1384158 0.0008244279 0.01420594 0.1385701 0.0009875185 0.01422274 0.138142 0.0002209563 0.01417659 0.138142 -0.0002208771 0.01417659 0.1381982 -0.000435768 0.01418259 0.1382896 -0.0006387712 0.01419251 0.1384158 -0.0008243487 0.01420594 0.1389526 -0.0012291 0.01426402 0.1391701 -0.001301078 0.01428738 0.1581969 -0.003121623 0.01633964 0.1404505 -0.0009874406 0.01442555 0.1408237 -0.000435768 0.01446563 0.14088 -0.0002208771 0.01447171 0.13713 0 0.008412064 0.1387767 0.001301157 0.008128141 0.1389835 0.001229179 0.008092541 0.1379205 0.001229179 0.008275662 0.137409 0.0008244279 0.008363984 0.1375568 0.0009875185 0.008338463 0.1377284 0.001123674 0.008308782 0.1381272 0.001301157 0.008240062 0.1372897 0.0006388504 0.008384624 0.1372011 0.0004358472 0.008399744 0.1383433 0.001337643 0.008202941 0.1385621 0.001337643 0.008165262 0.1371474 0.0002209563 0.008408943 0.1372897 -0.0006385014 0.008384624 0.1372011 -0.0004355613 0.008399744 0.1393486 0.0009875185 0.00802974 0.1391754 0.001123674 0.008059421 0.1371474 -0.0002209388 0.008408943 0.1394962 0.0008244279 0.00800422 0.1396157 0.0006388504 0.00798358 0.1374078 -0.0008240494 0.008364063 0.1379205 -0.001228885 0.008275743 0.1397566 0.0002209563 0.00795926 0.1397754 0 0.00795614 0.1375568 -0.0009871427 0.008338543 0.1397029 0.0004358472 0.00796846 0.1377284 -0.001123328 0.008308863 0.1397029 -0.0004358848 0.00796846 0.1396157 -0.0006389309 0.00798366 0.1385607 -0.001337573 0.008165341 0.1397566 -0.0002209388 0.00795926 0.1383433 -0.001337495 0.008203022 0.1381272 -0.001300933 0.008240143 0.1393486 -0.0009876299 0.00802974 0.1391754 -0.001123768 0.008059421 0.1389835 -0.001229236 0.008092622 0.1387767 -0.001301157 0.008128222 0.1394962 -0.000824534 0.00800422 0.138142 0.0002209563 0.01417659 0.13713 0 0.008412064 0.1381232 0 0.01417443 0.137409 0.0008244279 0.008363984 0.1372897 0.0006388504 0.008384624 0.1384158 0.0008244279 0.01420594 0.1382896 0.0006388504 0.01419251 0.1372011 0.0004358472 0.008399744 0.1381982 0.0004358472 0.01418259 0.1377284 0.001123674 0.008308782 0.1389526 0.001229179 0.01426402 0.1379205 0.001229179 0.008275662 0.1385701 0.0009875185 0.01422274 0.1387513 0.001123674 0.01424234 0.1375568 0.0009875185 0.008338463 0.1396251 0.001337643 0.01433651 0.1385621 0.001337643 0.008165262 0.1383433 0.001337643 0.008202941 0.1393956 0.001337643 0.01431171 0.1381272 0.001301157 0.008240062 0.1391701 0.001301157 0.01428738 0.1391754 0.001123674 0.008059421 0.1389835 0.001229179 0.008092541 0.1402693 0.001123674 0.01440594 0.1387767 0.001301157 0.008128141 0.1398519 0.001301157 0.01436083 0.140068 0.001229179 0.01438418 0.140731 0.0006388504 0.01445571 0.1408237 0.0004358472 0.01446563 0.1396157 0.0006388504 0.00798358 0.1406062 0.0008244279 0.01444226 0.1394962 0.0008244279 0.00800422 0.1393486 0.0009875185 0.00802974 0.14088 -0.0002208771 0.01447171 0.1397754 0 0.00795614 0.1408988 0 0.01447387 0.1397566 0.0002209563 0.00795926 0.1397029 0.0004358472 0.00796846 0.14088 0.0002209563 0.01447171 0.1396157 -0.0006389309 0.00798366 0.140731 -0.0006387712 0.01445571 0.1406062 -0.0008243487 0.01444226 0.1397566 -0.0002209388 0.00795926 0.1408237 -0.000435768 0.01446563 0.1397029 -0.0004358848 0.00796846 0.1402693 -0.001123595 0.01440594 0.140068 -0.0012291 0.01438418 0.1391754 -0.001123768 0.008059421 0.1404505 -0.0009874406 0.01442555 0.1393486 -0.0009876299 0.00802974 0.1394962 -0.000824534 0.00800422 0.1396251 -0.001337564 0.01433651 0.1385607 -0.001337573 0.008165341 0.1387767 -0.001301157 0.008128222 0.1398519 -0.001301078 0.01436083 0.1389835 -0.001229236 0.008092622 0.1393956 -0.001337564 0.01431171 0.1391701 -0.001301078 0.01428738 0.1383433 -0.001337495 0.008203022 0.1381272 -0.001300933 0.008240143 0.1389526 -0.0012291 0.01426402 0.1387513 -0.001123595 0.01424234 0.1379205 -0.001228885 0.008275743 0.1385701 -0.0009874406 0.01422274 0.1377284 -0.001123328 0.008308863 0.1375568 -0.0009871427 0.008338543 0.1384158 -0.0008243487 0.01420594 0.1382896 -0.0006387712 0.01419251 0.1374078 -0.0008240494 0.008364063 0.1381982 -0.000435768 0.01418259 0.1372897 -0.0006385014 0.008384624 0.1372011 -0.0004355613 0.008399744 0.138142 -0.0002208771 0.01417659 0.1371474 -0.0002209388 0.008408943 0.1404505 0.0009875185 0.01442555 0.1371474 0.0002209563 0.008408943</float_array>
          <technique_common>
            <accessor source="#ID33_016-mesh-positions-array" count="3079" stride="3">
              <param name="X" type="float"/>
              <param name="Y" type="float"/>
              <param name="Z" type="float"/>
            </accessor>
          </technique_common>
        </source>
        <source id="ID33_016-mesh-normals">
          <float_array id="ID33_016-mesh-normals-array" count="10251">-1.26818e-6 -0.7070968 -0.7071169 6.89531e-7 -0.7071048 -0.7071089 -5.44931e-6 -0.7070932 -0.7071204 -6.19489e-7 -0.7069699 -0.7072438 1.45185e-6 -0.7071837 -0.7070298 -7.68973e-7 -0.7069893 -0.7072244 3.71636e-5 -0.7076008 -0.7066124 -4.05165e-6 -0.7070479 -0.7071657 0 -0.7071068 -0.7071068 -1.65442e-6 -0.7071219 -0.7070917 0 -0.7071066 -0.707107 1.80067e-6 -0.7071046 -0.707109 1.40682e-6 -0.7071031 -0.7071106 -1.4814e-6 -0.7071085 -0.7071051 3.47526e-6 -0.7070599 -0.7071537 1 0 0 0.02392834 -0.7069043 0.7069043 0.02392834 -0.7069043 0.7069043 -1 0 0 0.04312396 0.7069524 -0.7059453 0.04242146 0.7068212 -0.7061192 0.03607392 0.7068297 -0.7064635 0.04612922 0.7063523 -0.7063558 0.0464726 0.7066799 -0.7060056 0.03470075 0.7060397 -0.7073216 0.03192365 0.706319 -0.7071735 0.02984762 0.6943701 -0.7189989 0.02966457 0.68726 -0.7258056 0.02966487 0.6858633 -0.7271256 0.03018313 0.7003467 -0.7131645 0.03003102 0.6982217 -0.7152515 0.03058034 0.7031657 -0.7103682 0.03039711 0.7020031 -0.711525 0.03100752 0.7049027 -0.708626 0.03076344 0.7038975 -0.7096351 0.03122168 0.7055861 -0.7079361 0.1023608 0.9945844 -0.0180062 0.2537373 0.9662407 -0.04468023 0.1714264 0.9847326 -0.03024452 0.3926255 0.9170925 -0.06918627 0.3372923 0.9395171 -0.05951136 0.4927322 0.8658292 -0.08691859 0.5317665 0.8416889 -0.09372442 0.6329649 0.766089 -0.1116386 0.6532423 0.7483415 -0.1151506 0.7541505 0.6430925 -0.133001 0.7553148 0.6416926 -0.1331544 0.8529001 0.4999412 -0.1504005 0.8372316 0.5265467 -0.147621 0.9001001 0.4057515 -0.1586993 0.9253912 0.3420853 -0.163184 0.9725787 0.1571422 -0.1714556 0.9697884 0.1739558 -0.171026 0.9449077 0.2817846 -0.1665742 0.981053 0.08719182 -0.1730103 0.9828609 0.06289941 -0.1732863 1.83111e-4 1 -6.1037e-5 -0.06369286 0.997906 0.01126146 -0.1705722 0.9848875 0.03003096 -0.3364701 0.9398273 0.05926752 -0.2140314 0.976097 0.03775227 -0.4919101 0.866321 0.0866748 -0.3599458 0.9308111 0.06348031 -0.5034461 0.8594534 0.08878058 -0.6331177 0.7659671 0.1116082 -0.6285066 0.7698701 0.1108142 -0.7547376 0.6423968 0.1330327 -0.8198032 0.5541042 0.1445383 -0.7336293 0.6671272 0.1293419 -0.888158 0.4320241 0.1566224 -0.8521848 0.5012152 0.150215 -0.925028 0.343124 0.1630625 -0.9386398 0.3025951 0.165504 -0.9698088 0.1738984 0.1709685 -0.9701088 0.1721274 0.1710592 -0.981023 0.08764964 0.1729493 -0.9823213 0.07104867 0.1731964 -0.0112617 0.7076873 -0.706436 -0.01174992 0.7078358 -0.7062793 -0.002044796 0.7075935 -0.7066169 0.005615592 0.7069278 -0.7072635 -0.00375384 0.7071629 -0.7070408 0.008057057 0.7076787 -0.7064885 -0.14884 0.6926845 -0.705716 -0.1471628 0.6943389 -0.7044407 -0.1334614 0.6948661 -0.7066466 -0.1198168 0.6968362 -0.7071515 -0.1176205 0.6955909 -0.7087447 -0.1052904 0.6979383 -0.7083758 -0.08597248 0.6999267 -0.7090215 -0.09210646 0.700107 -0.7080726 -0.07641911 0.701628 -0.7084337 -0.06463885 0.7037333 -0.7075177 -0.05472093 0.705452 -0.7066423 -0.04831218 0.707257 -0.7053038 -0.03592121 0.7096046 -0.7036839 -0.02005106 0.7139644 -0.699895 -0.009094715 0.7188799 -0.6950749 0.02703821 0.7108261 -0.7028479 -0.005798637 0.7144269 -0.6996861 0.02002048 0.712316 -0.7015733 0.01989853 0.7152193 -0.6986169 -0.005005121 0.7183299 -0.6956847 -0.01104784 0.7075213 -0.7066057 -0.004059076 0.7104046 -0.7037818 -0.01638871 0.7702403 -0.6375433 0.002105772 0.7745753 -0.6324783 0.004455745 0.7077708 -0.7064281 0.01434403 0.710368 -0.7036843 0.02160739 0.7066059 -0.7072773 0.02121084 0.7073138 -0.7065814 0.02017331 0.7108283 -0.7030763 0.02035605 0.7097777 -0.7041317 0.02060067 0.7088464 -0.705062 0.02087527 0.7080506 -0.7058532 0.01986825 0.7158982 -0.6979221 -0.1613255 0.6926985 -0.7029531 -0.1798787 0.6909187 -0.7001964 -0.1891259 0.690827 -0.6978463 -0.1741416 0.6923853 -0.7001982 -0.2002983 0.6904386 -0.6951081 -0.1967291 0.6904444 -0.696121 -0.2087495 0.6915286 -0.6915286 -0.7115371 0.4955794 -0.4981126 -0.6809476 0.5182489 -0.517425 -0.6394664 0.542782 -0.5444911 -0.2204381 0.6891784 -0.6902465 -0.2239813 0.6891264 -0.6891569 -0.2142425 0.6900622 -0.6913135 -0.7825989 0.4389854 -0.4413964 -0.7373734 0.4781436 -0.4771365 -0.7908438 0.4329757 -0.4325485 -0.849067 0.3721783 -0.374925 -0.8789891 0.3372393 -0.3371172 -0.8381869 0.3854915 -0.3857967 -0.9059355 0.2975634 -0.3012257 -0.9119763 0.2899024 -0.2902686 -0.9355612 0.248486 -0.2509581 -0.9493969 0.219648 -0.2245005 -0.9542746 0.2110098 -0.2117422 -0.9645916 0.1845194 -0.1884564 -0.9720121 0.1648963 -0.1673378 -0.9670983 0.1769208 -0.1828111 -0.9781035 0.1471626 -0.1471626 -0.623987 0.5526341 -0.5524815 -0.5689781 0.5814607 -0.5815217 -0.5693059 0.5807201 -0.5819409 -0.5173291 0.6053156 -0.6049494 -0.5047362 0.6096938 -0.6111587 -0.4699022 0.6244814 -0.623871 -0.446891 0.6318367 -0.6333016 -0.394892 0.64915 -0.6501267 -0.4270256 0.6396228 -0.639165 -0.355062 0.6608964 -0.661171 -0.3886908 0.6514295 -0.6515821 -0.325577 0.6686415 -0.6685194 -0.3506051 0.66181 -0.662634 -0.3139482 0.6708977 -0.6718133 -0.3002787 0.674597 -0.6743528 -0.2785177 0.6791121 -0.6791426 -0.282667 0.6779797 -0.6785596 -0.2605767 0.6826022 -0.6827548 -0.2588299 0.6828275 -0.6831938 -0.2458633 0.6854934 -0.6853103 -0.2403688 0.6862535 -0.6864976 -0.2338996 0.6876295 -0.6873549 -0.2051828 0.6908097 -0.6933123 -0.202463 0.6909808 -0.6939411 -0.1773793 0.6935859 -0.6981943 -0.1750901 0.6937379 -0.698621 -0.1864114 0.6926034 -0.6968151 -0.1887328 0.6922441 -0.6965474 -0.1957538 0.6917611 -0.6950878 -0.1611401 0.6954355 -0.7002881 -0.1588553 0.6958504 -0.7003979 -0.1499422 0.6970344 -0.701185 -0.1680992 0.6947674 -0.6993147 -0.147133 0.6974552 -0.7013617 -0.1321809 0.6992677 -0.7025333 -0.1333373 0.6993722 -0.7022106 -0.140572 0.6981296 -0.7020361 -0.1144771 0.7020003 -0.7029159 -0.1065744 0.7030797 -0.7030797 -0.1190551 0.7013601 -0.7027945 -0.1232972 0.7008105 -0.7026112 -0.09082496 0.7051144 -0.7032528 -0.09073412 0.7054859 -0.7028918 -0.1049243 0.7034935 -0.7029137 -0.09811896 0.7041677 -0.7032216 -0.06238114 0.708167 -0.7032839 -0.07672643 0.7070186 -0.7030205 -0.06863754 0.7078918 -0.7029782 -0.08282941 0.7060642 -0.703287 -0.07602369 0.7068588 -0.7032575 -0.05499553 0.7088997 -0.7031621 -0.06164872 0.7085032 -0.7030097 -0.04849451 0.7091986 -0.703339 -0.04822057 0.708904 -0.7036547 -0.04214692 0.7092655 -0.7036805 -0.03384625 0.7091542 -0.7042406 -0.01992911 0.7085669 -0.7053623 -0.0358299 0.7088163 -0.7044826 -0.02575814 0.7085031 -0.7052375 -0.0306105 0.7084063 -0.7051408 -0.01202458 0.7079554 -0.7061548 -0.07185381 0.7075529 -0.7029979 -1 0 0 0 -0.7071067 -0.7071068 0 -0.707107 -0.7071067 0 -0.7071064 -0.7071072 0 -0.7071065 -0.7071071 0 -0.7071071 -0.7071065 0 -0.7071066 -0.707107 0 -0.7071068 -0.7071068 0 -0.7071066 -0.707107 0 -0.7071067 -0.7071069 0 -0.7071069 -0.7071067 0 -0.7071066 -0.707107 0 -0.707107 -0.7071066 0 -0.7071072 -0.7071065 0 -0.7071065 -0.7071072 0 -0.7071061 -0.7071076 0 -0.7071074 -0.7071062 0 -0.7071071 -0.7071065 0 -0.7071067 -0.7071068 0 -0.707107 -0.7071067 1 4.99857e-6 0 1 4.68469e-6 0 1 -2.07077e-5 0 1 0 0 1 2.20065e-5 0 1 4.21122e-6 0 1 -2.26191e-5 0 1 -1.30948e-6 0 1 -1.96897e-5 0 0 0.7071073 -0.7071063 0 0.7071065 -0.7071071 1 1.22084e-6 0 1 -9.81884e-6 0 1 1.93789e-5 0 1 1.24896e-5 0 1 -1.25439e-5 0 0.0461291 0.7077959 -0.7049093 0.03897315 0.7049961 -0.7081396 0.03640919 0.706638 -0.706638 0.04086494 0.7054472 -0.7075836 0.03689759 0.7076469 -0.7056021 0.03534162 0.70726 -0.7060697 0.04098773 0.707138 -0.7058867 0.04297065 0.7077038 -0.7052013 0.03283894 0.7058245 -0.7076252 0 1 0 0 1 0 0 1 0 0 1 0 0 1 0 -0.9848052 -2.67412e-4 0.1736622 -0.9848089 -5.21096e-4 0.1736416 -0.9848108 -8.36056e-4 0.1736291 -0.9848061 8.44514e-5 0.1736579 -0.9848071 -2.59823e-4 0.1736521 -0.984808 3.00254e-5 0.1736473 -0.9848081 3.51538e-5 0.1736464 -0.9848078 -1.35675e-5 0.1736483 -0.9848079 1.33988e-5 0.1736474 -0.9848082 0 0.1736464 -0.9848073 -1.39399e-4 0.1736507 -0.9848093 2.35668e-5 0.1736396 -0.9848092 1.25436e-5 0.17364 -0.9848082 -2.48039e-5 0.1736457 -0.9848092 -7.85195e-7 0.1736398 -0.9848098 2.49771e-5 0.1736369 -0.9848088 2.45021e-5 0.1736426 -0.9848114 1.84333e-5 0.1736282 -0.9848034 -4.96117e-5 0.1736732 -0.9848091 -3.61563e-5 0.1736408 -0.1734635 0 -0.9848403 -0.1730488 -7.46571e-4 -0.9849129 -0.1737706 2.23942e-4 -0.9847862 -0.1742169 6.7181e-4 -0.9847071 -0.1724895 -0.001128673 -0.9850108 -0.1740168 -0.003655314 -0.984736 -0.173572 0.002334594 -0.9848184 -0.1727135 0.009987831 -0.9849215 -0.1728641 4.31083e-5 -0.9849457 -0.1739985 -0.006319284 -0.9847257 -0.1734684 0.003269195 -0.9848341 -0.1735631 -0.001309156 -0.984822 -0.1736559 -0.001278817 -0.9848057 -0.1734866 7.98075e-4 -0.9848359 -0.1738042 -8.09007e-4 -0.98478 -0.173669 9.15055e-4 -0.9848037 -0.174346 -4.66377e-4 -0.9846844 -0.1737973 -7.98387e-5 -0.9847815 -0.175185 -0.001887083 -0.9845338 -0.1719805 0.001593053 -0.9850991 -0.1732041 8.975e-4 -0.9848856 -0.1744346 0 -0.9846689 0.9848076 2.64142e-5 -0.1736494 0.9848073 8.1857e-6 -0.1736511 0.9848079 5.44491e-6 -0.1736477 0.9848087 -5.47729e-6 -0.1736431 0.9848077 6.22025e-6 -0.1736485 0.9848074 3.10964e-5 -0.1736506 0.9848074 4.34869e-5 -0.1736502 0.9848088 -1.46552e-4 -0.1736425 0.9848073 1.30581e-4 -0.1736512 0.9848074 4.93682e-5 -0.1736506 0.984807 2.2431e-4 -0.1736523 0.9848087 -1.94334e-4 -0.1736429 0.984809 -3.82577e-4 -0.1736413 0.984808 -2.53033e-5 -0.1736467 0.9848014 -0.001196324 -0.1736803 0.9848183 0.001845717 -0.1735786 0.984812 2.60308e-4 -0.1736239 0.9847882 -0.002364873 -0.173743 0.9848086 -7.49407e-5 -0.1736438 0.9848063 -2.01402e-4 -0.1736565 0.9848136 0 -0.1736151 0.9848093 -4.978e-5 -0.1736395 0.9848094 -1.35192e-5 -0.1736392 0.05749875 0.544224 0.8369672 0.0566433 0.5766269 0.8150417 0.05487287 0.5948736 0.8019441 0.0603969 0.4684044 0.8814474 0.06436556 0.4348109 0.8982185 0.05920672 0.4919652 0.8685994 0.05844384 0.5321292 0.8446437 0.05408048 0.5834408 0.8103531 0.06177079 0.4524165 0.889665 0.05847465 0.4321206 0.8999181 0.06347894 0.4113927 0.909245 0.06372302 0.411087 0.9093661 0.06387645 0.4109702 0.9094082 0.0546301 0.6033731 0.7955857 0.05234062 0.6141402 0.7874594 0.05118113 0.5994334 0.7987866 0.06320488 0.4375206 0.8969843 0.06229007 0.4316357 0.8998948 0.06250298 0.431753 0.8998237 0.06357121 0.4373384 0.8970474 -0.9844868 2.67761e-5 -0.1754584 -0.9844891 0 -0.1754463 -0.9844847 -2.56261e-5 -0.1754707 -0.9844864 -1.44229e-5 -0.1754617 -0.9844878 3.04291e-5 -0.1754531 -0.9844858 -1.68475e-5 -0.1754646 -0.9844839 7.01197e-5 -0.1754754 -0.9844844 -5.44562e-5 -0.1754721 -0.9844865 -8.04572e-7 -0.1754611 -0.9844866 6.6423e-6 -0.1754601 -0.9844879 -2.31898e-5 -0.1754525 -0.984485 2.043e-5 -0.1754691 -0.9844833 2.04987e-5 -0.1754788 -0.9844863 -2.97393e-5 -0.1754617 -0.1754444 0 0.9844894 -0.1755018 0 0.9844791 -0.1754721 -1.08165e-5 0.9844845 -0.1754707 -1.0667e-5 0.9844847 -0.9844838 0 -0.1754755 -0.9844837 0 -0.1754759 -0.1754791 0 0.9844832 -0.1754758 0 0.9844838 -0.1754763 7.46784e-7 0.9844837 0.1754102 0 -0.9844955 0.1754516 0 -0.9844881 0.1754317 -6.20305e-6 -0.9844917 0.9844866 8.86748e-6 0.1754597 0.9844868 1.42854e-5 0.1754592 0.9844868 -1.97555e-5 0.1754587 0.9844872 0 0.1754568 0.9844853 -3.07377e-5 0.1754676 0.984486 -1.02275e-5 0.1754632 0.9844874 0 0.1754558 0.984489 0 0.1754462 0.9844877 5.0961e-6 0.1754539 0.9844894 -2.56324e-5 0.1754446 0.9844853 1.82177e-5 0.1754674 0.9844851 3.21956e-5 0.1754685 0.984485 5.04236e-5 0.1754692 0.9844853 3.8101e-5 0.1754673 0.9844853 4.37376e-5 0.1754669 0.9844863 1.49853e-6 0.1754618 0.9844855 -2.86223e-5 0.1754662 0.9844866 0 0.1754599 0.06137478 0.3770383 0.9241619 0.0619536 0.3444684 0.9367515 0.06174015 0.3057099 0.9501209 0.06030642 0.3984925 0.9151868 0.06091618 0.3772165 0.9241195 0.05826091 -0.459953 0.8860298 0.05700999 -0.4973421 0.8656793 0.05826175 -0.4627979 0.8845472 0.06348025 0.3221928 0.9445434 0.06293016 0.3289642 0.9422433 0.0605508 0.4020038 0.9136338 0.0643959 0.2945733 0.9534567 0.06488442 0.33486 0.9400313 0.0646401 0.3123968 0.94775 0.05374491 0.6151829 0.7865504 0.05453747 0.6297909 0.7748479 0.05466079 0.6309955 0.7738584 0.06332719 0.2695754 0.9608948 0.06534177 0.2794345 0.9579389 0.06228852 0.2772617 0.9587733 0.0628997 0.2148234 0.9746254 0.06283897 0.2161979 0.9743252 0.06289988 0.1934912 0.9790837 0.06287014 0.2038092 0.97699 0.06305253 0.1766142 0.9822585 0.06296044 0.184975 0.9807245 0.06290018 0.1454853 0.987359 0.0631746 0.1691066 0.9835711 0.06235104 0.1495754 0.9867825 0.06225854 0.1399292 0.9882023 0.06222742 0.1320235 0.9892915 0.062258 0.1251875 0.9901778 0.06238067 0.1191154 0.9909189 0.06253373 0.1145689 0.9914453 0.06369346 0.06515836 0.9958401 0.06308352 0.08780425 0.9941383 0.06314432 0.1149965 0.991357 0.06396722 0.03088492 0.997474 0.06369304 -0.02813845 0.9975728 0.063784 0.0137639 0.9978688 0.06332755 0.00476098 0.9979814 0.0630216 -0.004944026 0.998 0.06277662 -0.01803642 0.9978647 0.0626862 -0.0291152 0.9976086 0.06268835 -0.02944922 0.9975987 0.06265628 -0.041781 0.9971603 0.06274658 -0.05740582 0.9963772 0.06295984 -0.07794451 0.9949678 0.06250286 -0.09039723 0.9939426 0.06228935 -0.1300417 0.9895501 0.06225895 -0.09976696 0.9930612 0.06198436 -0.1130123 0.9916583 0.06176972 -0.1280562 0.9898415 0.06178086 -0.1284971 0.9897837 0.06164842 -0.1408148 0.9881148 0.06158757 -0.1535112 0.9862259 0.06155669 -0.1639783 0.9845414 0.06155717 -0.1794834 0.9818332 0.06158792 -0.1946521 0.978937 0.06103897 -0.201276 0.9776309 0.06067281 -0.2364044 0.9697587 0.06082493 -0.2100643 0.9757937 0.06058049 -0.2219962 0.9731638 0.06059104 -0.2223159 0.9730902 0.06024467 -0.2724441 0.9602838 0.06036669 -0.2356682 0.9699569 0.06027501 -0.3218536 0.9448689 0.06152713 -0.2774519 0.9587674 0.06085562 -0.2817855 0.9575456 0.06045848 -0.2877349 0.9557999 0.0602138 -0.2960947 0.9532588 0.06020796 -0.2963372 0.9531838 0.06009179 -0.3254542 0.9436464 0.06024485 -0.3440123 0.9370306 0.05838245 -0.3460221 0.9364082 0.0604276 -0.3572553 0.9320501 0.06048911 -0.3689472 0.92748 0.05716288 -0.4338641 0.8991632 0.06021475 -0.3724893 0.9260809 0.05987864 -0.3770038 0.9242742 0.05960458 -0.3811885 0.9225739 0.05923736 -0.3880795 0.9197203 0.05899351 -0.3928428 0.9177115 0.05878049 -0.3981572 0.915432 0.05859714 -0.403344 0.9131703 0.05841457 -0.4089024 0.9107066 0.05822986 -0.4144455 0.9082095 0.05807787 -0.4206758 0.9053502 0.0579555 -0.4259836 0.9028728 0.05796587 -0.4260848 0.9028243 0.05340898 -0.5021667 0.86312 0.05526912 -0.4514307 0.8905929 0.05353093 -0.5560933 0.8293942 0.05777245 -0.4343771 0.8988764 0.05786472 -0.429957 0.9009932 0.05716317 -0.4666444 0.8825958 0.05636972 -0.5224652 0.8507953 0.05923712 -0.4912626 0.8689949 0.05887198 -0.487426 0.8711774 0.05865824 -0.4855942 0.8722141 0.0584141 -0.4839765 0.8731293 0.05823099 -0.483061 0.8736482 0.05322444 -0.6196808 0.7830471 0.0579257 -0.4826027 0.8739219 0.05780386 -0.4826657 0.8738951 0.057621 -0.4839496 0.8731968 0.05752772 -0.4846676 0.8728046 0.05743747 -0.4859603 0.8720915 0.05746805 -0.4856253 0.8722761 0.0573765 -0.4878227 0.8710551 0.05734598 -0.4883717 0.8707495 0.05734544 -0.488276 0.8708031 0.05148577 -0.6131602 0.7882791 0.05735766 -0.4882925 0.8707931 0.05722016 -0.4933629 0.8679395 0.05720746 -0.4937818 0.867702 0.05711066 -0.4983854 0.8650726 0.05697953 -0.5535596 0.8308582 0.05676507 -0.555108 0.8298391 0.05655151 -0.5563595 0.8290153 0.05661284 -0.5561185 0.8291726 0.05636858 -0.557735 0.8281029 0.05130261 -0.7136283 0.6986435 0.05139422 -0.7035887 0.7087465 0.04983687 -0.7459668 0.6641159 0.05627804 -0.5583555 0.8276907 0.05618554 -0.5591089 0.8271883 0.05609393 -0.559841 0.8266993 0.05703932 -0.5519294 0.8319379 0.05560624 -0.5572531 0.8284788 0.05328619 -0.659699 0.7496385 0.05694878 -0.5217254 0.8512105 0.05691891 -0.5181607 0.8533872 0.05691832 -0.5181248 0.8534091 0.0569185 -0.5176685 0.853686 0.0569182 -0.5175744 0.853743 0.05688863 -0.5166979 0.8542758 0.0569179 -0.5184872 0.853189 0.0568875 -0.5163215 0.8545033 0.05688846 -0.5159945 0.8547009 0.0568878 -0.5164156 0.8544465 0.05685669 -0.51522 0.85517 0.05685752 -0.51535 0.8550916 0.0567646 -0.5138726 0.8559864 0.05679684 -0.5139794 0.8559203 0.05679649 -0.5141903 0.8557936 0.05670434 -0.5131473 0.8564255 0.05667394 -0.5128428 0.8566098 0.05658197 -0.5120459 0.8570924 0.05661273 -0.5122921 0.8569434 0.05643069 -0.5114166 0.8574781 0.05627763 -0.510985 0.8577455 0.05612516 -0.510742 0.8579002 0.05581909 -0.510643 0.857979 0.05432432 -0.6078528 0.7921894 0.05545353 -0.5110762 0.8577448 0.05496543 -0.5119935 0.8572289 0.05453753 -0.5131779 0.8565478 0.05484318 -0.5122665 0.8570737 0.05771237 -0.5024732 0.8626645 0.05823093 -0.4681367 0.8817353 0.05823075 -0.4682573 0.8816714 0.0582605 -0.4655653 0.8830939 0.05826056 -0.4631242 0.8843765 0.05826061 -0.4566546 0.8877344 0.05826073 -0.4574798 0.8873094 0.05826061 -0.4526568 0.8897795 0.05826139 -0.4555013 0.8883267 0.05822992 -0.4481386 0.8920657 0.05823123 -0.4495528 0.8913537 0.05817043 -0.4434506 0.8944091 0.05813878 -0.4418244 0.8952156 0.05820029 -0.4450022 0.8936363 0.05810928 -0.4385665 0.8968182 0.05804795 -0.4355124 0.8983092 0.05798643 -0.4337692 0.8991562 0.05795556 -0.4316912 0.9001577 0.05786418 -0.4282439 0.9018087 0.0578339 -0.4260483 0.90285 0.05902361 -0.413654 0.9085189 0.05893158 -0.3795001 0.923313 0.0594213 -0.4034972 0.9130495 0.0591762 -0.4096557 0.9103189 0.05966573 -0.3954117 0.9165641 0.0595436 -0.3994399 0.9148237 0.05996972 -0.3841117 0.921337 0.05981725 -0.3895754 0.9190501 0.06015378 -0.3748399 0.925136 0.06006115 -0.3800517 0.9230133 0.06027555 -0.3658958 0.9287019 0.06024491 -0.3698319 0.9271435 0.0603367 -0.3558861 0.9325795 0.06030589 -0.3609809 0.9306213 0.06030529 -0.3459317 0.9363197 0.06024539 -0.3401395 0.9384433 0.06033688 -0.3508817 0.9344739 0.06018465 -0.3354715 0.9401259 0.06006246 -0.3304962 0.9418944 0.05990833 -0.3252387 0.9437324 0.05972617 -0.3195061 0.9457002 0.05978757 -0.2550204 0.9650855 0.05954235 -0.3140091 0.9475511 0.0605809 -0.2950916 0.9535466 0.06009232 -0.3041241 0.9507352 0.06143468 -0.2751896 0.9594252 0.06100702 -0.2859306 0.9563064 0.06192255 -0.2566629 0.9645154 0.06170946 -0.2664616 0.9618681 0.06210637 -0.2378355 0.9693179 0.06207597 -0.2463812 0.9671829 0.06180101 -0.2177532 0.9740453 0.06146603 -0.2082949 0.9761328 0.06201523 -0.2275215 0.9717963 0.06091523 -0.1981576 0.9782755 0.06027555 -0.187724 0.9803707 0.06033682 -0.1734113 0.9829996 0.05963337 -0.1262251 0.9902077 0.06247252 -0.1354131 0.9888178 0.06161868 -0.1546114 0.986052 0.06231981 -0.09250313 0.9937603 0.06073319 -0.06790518 0.9958415 0.06280738 -0.1150858 0.991368 0.05932807 -0.003540098 0.9982323 0.0601536 -0.03885108 0.9974328 0.06259489 -4.27269e-4 0.998039 0.06060999 0.06872797 0.9957926 0.06180089 0.09088546 0.9939419 0.0599386 0.1057165 0.9925882 0.06189239 0.03720253 0.9973892 0.06216651 0.186408 0.9805037 0.0625329 0.1938245 0.9790412 0.06112885 0.1977913 0.9783363 0.06146442 0.159246 0.9853237 0.06241077 0.1431022 0.9877382 0.06128251 0.2456184 0.9674276 0.06189203 0.2732955 0.959937 0.06283819 0.2207425 0.9733058 0.06290072 0.2143385 0.9747321 0.06256365 0.2757989 0.9591772 0.06259465 0.27809 0.9585134 0.06229019 0.2650614 0.9622174 0.0621671 0.261578 0.9631783 0.06161832 0.3149584 0.9471033 0.06171065 0.3170987 0.9463827 0.06213736 0.3352243 0.9400871 0.06259876 0.2915899 0.9544929 0.06210678 0.3377878 0.9391711 0.06210678 0.3348885 0.9402087 0.06201559 0.3277794 0.9427167 0.06201434 0.3278338 0.9426978 0.06103885 0.3526217 0.9337732 0.06210559 0.3369879 0.9394584 0.06106942 0.3541477 0.9331934 0.06201392 0.3839553 0.9212669 0.06100809 0.3534443 0.9334641 0.06109952 0.355122 0.932821 0.0612511 0.3585648 0.9314933 0.06115996 0.3560954 0.9324461 0.06125134 0.3588715 0.9313751 0.06128293 0.359061 0.9313 0.06134438 0.3607723 0.9306344 0.06140404 0.3627783 0.9298502 0.06128269 0.3591509 0.9312654 0.06155616 0.3708022 0.9266697 0.06143468 0.3639389 0.9293946 0.06137335 0.3623197 0.9300311 0.06085556 0.3735263 0.9256213 0.06158798 0.3964766 0.9159767 0.05295103 0.6242429 0.7794338 0.05313366 0.6243894 0.7793041 0.0611608 0.372794 0.9258964 0.05343896 0.624818 0.7789396 0.05371457 0.6255001 0.778373 0.05395787 0.6262532 0.7777503 0.06112998 0.372884 0.9258621 0.06137394 0.3728522 0.9258588 0.0613743 0.3727629 0.9258948 0.05417162 0.6272923 0.7768976 0.05438488 0.6286006 0.7758244 0.06146508 0.3731549 0.9257308 0.05478107 0.632287 0.7727952 0.05484199 0.6334756 0.7718167 0.05487316 0.6340935 0.771307 0.05490374 0.6349794 0.7705756 0.05649083 0.623597 0.7797023 0.0554232 0.5973869 0.8000358 0.06158691 0.3738249 0.9254524 0.05664372 0.6241497 0.7792487 0.05667495 0.6244016 0.7790448 0.05664294 0.6238968 0.7794514 0.05661278 0.6231683 0.7800362 0.05740672 0.6168863 0.784956 0.06152653 0.3734322 0.925615 0.05716317 0.6109106 0.7896332 0.05716204 0.5795861 0.8129037 0.05752819 0.6161472 0.7855274 0.0574482 0.6117198 0.7889858 0.0577417 0.607631 0.7921178 0.06158691 0.3739773 0.9253908 0.06167876 0.3752306 0.9248771 0.05874842 0.6001496 0.7977275 0.05783426 0.5792891 0.8130679 0.05862742 0.5974141 0.7997871 0.06161868 0.3740764 0.9253486 0.05829221 0.5516705 0.8320227 0.06170934 0.375902 0.9246024 0.05993956 0.578185 0.8137011 0.05838257 0.5889834 0.8060335 0.05874949 0.5485831 0.8340294 0.05972605 0.5733641 0.8171209 0.0616483 0.3744067 0.925213 0.06174057 0.3772188 0.924064 0.06161814 0.3731883 0.9257072 0.06173962 0.3783727 0.9235921 0.05939102 0.5671144 0.8214949 0.06070226 0.5450695 0.8361904 0.06036734 0.534456 0.8430377 0.05972546 0.5050877 0.8609991 0.05954247 0.5136951 0.8559042 0.06167858 0.3747107 0.925088 0.0617401 0.3774601 0.9239654 0.06088697 0.4738807 0.8784816 0.06167948 0.3752044 0.9248877 0.0617398 0.3780686 0.9237166 0.06146496 0.4234187 0.9038466 0.06103938 0.4505012 0.8906868 0.06134372 0.5010043 0.8632681 0.06097775 0.4815046 0.8743198 0.0616793 0.37325 0.9256782 0.06174027 0.3819782 0.9221068 0.06168007 0.3745058 0.9251708 0.06173956 0.4325127 0.8995116 0.06106907 0.413872 0.9082844 0.06122124 0.415334 0.9076067 0.06128239 0.4158537 0.9073644 0.06122213 0.4153707 0.9075896 0.06140452 0.4168308 0.9069077 0.06137448 0.4166205 0.9070064 0.06152635 0.4180804 0.906324 0.06116056 0.4139938 0.9082227 0.06152617 0.4119449 0.9091292 0.06167906 0.4113059 0.9094082 0.06161737 0.4116067 0.9092763 0.0617392 0.4110559 0.9095172 0.06186175 0.4107535 0.9096454 0.06189274 0.4106652 0.9096832 0.06198436 0.4105132 0.9097456 0.06204581 0.4104241 0.9097815 0.06213682 0.4103596 0.9098044 0.06460827 0.2964595 0.9528576 0.06152725 0.3571084 0.9320343 0.06198406 0.3464517 0.9360178 0.06244295 0.3370273 0.939422 0.06113046 0.3694381 0.9272425 0.05939084 0.4388393 0.8966008 0.06119048 0.4239082 0.9036357 0.05994027 0.4479348 0.8920547 0.05340838 0.6039426 0.7952364 0.05014312 0.5565494 0.8293001 0.04815924 0.5563645 0.8295416 0.06207662 0.3322964 0.9411301 0.06207525 0.333479 0.9407117 0.06204545 0.3308584 0.9416387 0.06198412 0.3260654 0.943313 0.06189286 0.3221603 0.9446597 0.06192404 0.3240866 0.9439986 0.06186276 0.3214301 0.9449105 0.06174027 0.3181321 0.946034 0.06152683 0.3127614 0.9478369 0.06128209 0.3083637 0.9492926 0.06146574 0.311571 0.9482329 0.06128197 0.3070508 0.9497181 0.06261509 0.2897102 0.9550641 0.06253308 0.294934 0.9534693 0.06262493 0.2847421 0.9565564 0.06262516 0.281325 0.957567 0.0625953 0.2894768 0.9551362 0.06250214 0.2715549 0.9603914 0.06241184 0.2689051 0.9611425 0.06195396 0.257521 0.9642845 0.06146609 0.2498319 0.9663364 0.0617398 0.2539176 0.9652534 0.06247276 0.2347231 0.9700527 0.0626561 0.2286505 0.9714902 0.06286942 0.2067671 0.9763682 0.06277674 0.2011785 0.9775409 0.0616486 0.1792998 0.9818611 0.06100708 0.1708443 0.9834076 0.06289929 0.1276908 0.9898176 0.06277817 0.1103577 0.9919073 0.05856573 0.4865626 0.8716804 0.05795651 0.4847411 0.8727355 0.05993932 0.4438685 0.8940851 0.05832248 0.5232547 0.8501783 0.05545401 0.5123929 0.8569588 0.05749845 0.4638334 0.8840547 0.05148619 0.5471212 0.8354685 0.05548304 0.5794592 0.8131105 0.05353099 0.5331125 0.8443492 0.05655145 0.5611505 0.8257797 0.05450785 0.4837648 0.873499 0.05420136 0.5970701 0.8003559 0.05160838 0.5036625 0.8623577 0.04666441 0.5330243 0.8448122 0.04855626 0.523956 0.8503602 0.0574066 0.6144736 0.7868461 0.05741333 0.6143532 0.7869396 0.05777221 0.5421985 0.8382621 0.05844485 0.5937268 0.8025414 0.05920761 0.5590543 0.8270145 0.06003212 0.5209095 0.8514984 0.06079494 0.4559317 0.887936 0.06482201 0.2855954 0.9561555 0.06006085 -0.3090021 0.9491631 0.05139458 -0.6754547 0.7356083 0.9947555 0.003080427 -0.1022358 0.9947676 3.77444e-4 -0.1021636 0.06702423 0 -0.9977514 0.06702816 0 -0.9977512 0.06636184 0 -0.9977957 0.06638687 0 -0.997794 0.06707626 0 -0.9977479 0.06708979 0 -0.997747 0.06703531 0 -0.9977506 0.06712043 0 -0.997745 0.0670762 0 -0.9977479 0.06709402 0 -0.9977468 0.06714671 0 -0.9977431 0.06712478 0 -0.9977446 0.06706637 0 -0.9977486 0.06709551 0 -0.9977467 0.06641995 0 -0.9977918 0.0664075 0 -0.9977927 0.06712543 0 -0.9977446 0.06715053 0 -0.997743 0.06714266 0 -0.9977434 0.0670979 0 -0.9977464 0.06708151 0 -0.9977476 0.0671575 0 -0.9977425 0.06642377 0 -0.9977915 0.06646287 0 -0.9977889 0.06701844 0 -0.9977518 0.0670821 0 -0.9977476 0.06699538 0 -0.9977533 0.06709408 0 -0.9977467 0.06704723 0 -0.9977498 0.06706088 0 -0.9977489 0.06705051 0 -0.9977496 0.06702673 0 -0.9977512 0.06705427 0 -0.9977494 0.06702476 0 -0.9977514 0.06699192 1.63796e-5 -0.9977536 0.06696981 0 -0.997755 0.06698668 0 -0.9977539 0.0670728 1.57619e-5 -0.9977481 0.06700813 0 -0.9977524 0.06696134 0 -0.9977556 0.06632161 0 -0.9977983 0.0663349 0 -0.9977974 0.06699001 0 -0.9977537 0.06698918 0 -0.9977537 0.06696295 0 -0.9977555 0.06699317 0 -0.9977535 0.06694453 0 -0.9977567 0.06694918 0 -0.9977565 0 0 1 1.57426e-4 0 1 -2.66862e-4 0 1 -7.32122e-4 0 0.9999998 -2.35801e-4 0 1 1.93146e-4 0 1 1.93167e-4 0 1 -8.95832e-5 0 1 -1.40367e-4 0 1 2.99151e-4 0 1 2.83911e-4 0 1 -2.83911e-4 0 1 1.97937e-4 0 1 -4.58124e-4 0 1 2.52633e-4 0 1 -2.50762e-4 0 1 -2.89292e-4 0 1 1.2182e-4 0 1 -2.37597e-4 0 1 2.37572e-4 0 1 3.99521e-5 0 1 -2.28036e-4 0 1 1.27769e-4 0 1 -4.02979e-5 0 1 2.18244e-4 0 1 -2.21028e-4 0 1 1.42812e-4 0 1 -1.46324e-4 0 1 1.07738e-4 0 1 -2.12816e-4 0 1 -3.30215e-5 0 1 -5.1504e-5 0 1 -2.0724e-4 0 1 2.06578e-4 0 1 1.37262e-4 0 1 -1.36998e-4 0 1 0.7232776 0.008911609 0.6904999 0.7506194 0.01532059 0.6605573 0.7233296 0.00766021 0.6904607 0.7580969 0.01446604 0.6519816 0.6915085 0.00262463 0.7223637 0.6915062 0.003692805 0.7223612 0.6600967 0.004760921 0.7511656 0.6551262 0.004822015 0.7555041 0.6305618 0.009705126 0.7760784 0.622288 0.006866812 0.7827584 0.5915223 0.002197325 0.8062856 0.6037943 0.007629811 0.7971037 0.5726549 -7.6297e-4 0.8197962 0.5603558 -0.001922667 0.8282498 0.5354903 -0.00476098 0.844528 0.5447678 -0.008331716 0.8385456 0.5064666 -0.01025444 0.8621987 0.475765 -0.008118093 0.879535 0.4632236 -0.009338915 0.8861923 0.5173653 -0.01022398 0.8557037 0.43694 -0.003082394 0.8994855 0.4273632 -0.00262463 0.9040763 0.4025759 -7.01937e-4 0.9153864 0.4032508 -9.15577e-4 0.9150891 0.3799351 -0.002319455 0.9250103 0.4189033 -4.88303e-4 0.9080308 0.3067168 -0.002014219 0.9517987 0.3480727 -0.003418147 0.9374614 0.3236525 0 0.9461761 0.271745 1.52597e-4 0.9623693 0.2910583 7.9349e-4 0.9567051 0.2674375 0.001068115 0.9635747 0.2442441 0.00125128 0.969713 0.2452203 0.001037597 0.9694669 0.1947131 7.01944e-4 0.98086 0.1712741 5.18828e-4 0.9852233 0.1700234 3.66232e-4 0.98544 0.1941025 8.85059e-4 0.9809809 0.220745 0.001037597 0.9753311 0.01934921 0 0.9998129 0.02945107 0 0.9995663 0.02932906 0 0.9995699 0.09799575 0 0.9951869 0.07507669 0 0.9971778 0.09802603 0 0.995184 0.1239972 0 0.9922826 0.1238469 0 0.9923014 0.07471024 0 0.9972053 0.147742 0 0.989026 0.1488434 1.83117e-4 0.9888609 0.0518828 -3.05193e-5 0.9986532 0.05209589 0 0.9986422 0.2203188 0.001129209 0.9754273 0.01956278 0 0.9998087 0.3666237 -5.18822e-4 0.9303691 0.7907586 0.008636951 0.6120673 0.7828526 0.01663303 0.6219849 0.8166666 -0.007629811 0.5770594 0.8050315 0.001831114 0.5932294 0.8235448 -0.006897449 0.5672094 0.8358515 -0.01214647 0.5488213 0.8486527 -0.007233083 0.5289011 0.967719 -0.001983702 0.2520238 0.9795606 -0.003540158 0.2011186 0.9781956 -0.005188226 0.2076209 0.9987292 -0.005096614 0.05014246 0.9988402 -0.005829155 0.04779344 0.9997892 -0.002410948 0.02038639 0.9841784 0.01297056 0.1767053 0.9873555 0.001342833 0.1585164 0.859386 -0.008606314 0.5112552 0.9659552 -5.49341e-4 0.2587091 0.9532726 -5.79868e-4 0.3021112 0.9964073 -3.05188e-4 0.08468955 0.9962072 -8.24018e-4 0.08701014 0.9527572 0.00137335 0.3037298 0.9408623 -5.79856e-4 0.3387886 0.9914372 0.002563536 0.1305599 0.9934945 -0.006683707 0.1136844 0.8735752 -0.001739561 0.4866861 0.8845027 -0.004455745 0.4665139 0.8933504 1.52595e-4 0.4493609 0.908262 -0.002777278 0.4183926 0.9059269 -0.003326535 0.423421 0.9246399 -0.004303157 0.3808184 0.9212284 -0.004120111 0.3890004 0.9367282 -0.00100708 0.3500561 0.9998244 1.83112e-4 0.0187385 0.9998345 3.66229e-4 -0.01818931 0.9998709 0.01599204 0.001617491 0.9989795 0.01837241 -0.04126173 0.9979364 -0.003418087 -0.06412011 0.9959017 0.003692805 -0.09036725 0.9966105 0.006531119 -0.08200556 0.995769 0 -0.09189224 0.9947482 0 -0.1023533 0.9947447 -0.006534397 -0.1021787 0.9947499 0 -0.1023368 0.9947293 0.006504356 -0.1023297 0.9947285 0.006605982 -0.1023313 0.9947401 -0.007285237 -0.1021731 0.9947435 -0.006681084 -0.1021794 0.9947159 0.008193492 -0.1023393 0.9947195 0.007755517 -0.1023388 0.9947662 0 -0.1021773 0.9947136 -0.01043564 -0.1021574 0.9947662 0 -0.102177 -0.9844872 0 -0.1754567 -0.9844858 0 -0.1754643 -0.9844828 0 -0.1754812 -0.9844873 0 -0.1754559 -0.9844861 0 -0.1754633 -0.984489 0 -0.1754462 -0.9844888 0 -0.1754476 0.1754363 0 -0.9844908 0.1754691 0 -0.984485 0.1754376 0 -0.9844906 0.1754583 0 -0.9844869 -0.9844871 0 -0.1754572 -0.9844872 0 -0.1754566 -0.1754782 0 0.9844834 -0.1754811 0 0.9844828 -0.1754729 0 0.9844843 -0.1754766 0 0.9844836 -0.9844846 0 -0.1754712 -0.9844888 0 -0.1754479 -0.9844881 0 -0.1754516 -0.984488 0 -0.1754522 -0.9844847 0 -0.1754708 -0.984489 0 -0.1754469 -0.9844851 0 -0.1754688 -0.984485 0 -0.1754689 -0.17547 -3.10446e-6 0.9844848 -0.1754745 0 0.9844841 -0.1754629 0 0.9844861 -0.1754701 -3.96889e-6 0.9844848 -0.1754967 3.40631e-5 0.9844801 -0.1754297 -1.72105e-5 0.984492 -0.1754688 5.00455e-6 0.984485 -0.175463 -8.59691e-6 0.9844861 -0.1754608 -5.35619e-6 0.9844864 -0.1754295 -8.26785e-5 0.984492 -0.1754845 0 0.9844822 -0.1754815 -3.04047e-6 0.9844828 -0.1754584 -5.51597e-6 0.9844869 -0.1754429 -3.74883e-6 0.9844896 -0.1754713 1.84385e-6 0.9844846 -0.1754938 -2.14316e-6 0.9844806 -0.1754531 3.00714e-5 0.9844878 -0.1754606 1.54909e-6 0.9844865 -0.1754505 1.37358e-5 0.9844883 -0.175472 -1.71372e-5 0.9844845 -0.1754591 2.74786e-6 0.9844867 -0.1754749 -9.27804e-6 0.9844839 -0.1754761 -2.74335e-6 0.9844837 0.9844861 -8.32808e-7 0.1754631 0.9844881 0 0.1754515 0.9844849 0 0.1754701 0.9844855 -8.14847e-6 0.175466 0.9844837 1.70736e-5 0.1754761 0.9844869 0 0.1754586 0.9844822 0 0.1754847 0.9844906 -3.00563e-5 0.1754374 0.9844844 -1.04921e-5 0.1754726 0.9844861 3.32965e-6 0.175463 0.9844836 -1.415e-5 0.1754767 0.9844884 -1.07196e-5 0.1754502 -0.1754655 0 0.9844856 -0.1754502 0 0.9844884 -0.1754462 3.02728e-6 0.9844891 0.9844813 0 0.1754896 0.9844859 1.41947e-5 0.1754642 0.9844847 1.71463e-5 0.1754701 0.9844785 0 0.1755056 0.9844781 0 0.1755074 0.1754635 0 -0.984486 0.1754872 -1.9004e-6 -0.9844818 0.1754479 -1.92128e-6 -0.9844888 0.1755011 0 -0.9844793 0.9844886 0 0.1754493 0.9844894 0 0.1754447 0.9844836 0 0.1754767 0.9844884 0 0.1754499 0.9844837 0 0.1754767 0.9844892 0 0.1754454 0.9844837 0 0.1754765 0.9844838 0 0.1754753 0.1755147 7.39252e-6 -0.9844768 0.175421 -3.46902e-6 -0.9844936 0.1754325 -3.9341e-6 -0.9844915 0.1754733 7.23804e-6 -0.9844843 0.1754687 -1.67371e-6 -0.9844851 0.1754555 -3.9623e-6 -0.9844875 0.1754916 -1.69433e-6 -0.9844809 0.1755077 -2.10712e-6 -0.9844781 0.1754723 -1.7187e-6 -0.9844844 0.1754767 -1.9199e-6 -0.9844836 0.1754634 0 -0.984486 0.1754513 -1.94762e-6 -0.9844882 0.175441 -3.49337e-6 -0.9844899 0.1754757 5.52368e-6 -0.9844838 0.1754395 -3.67367e-6 -0.9844903 0.1754809 5.282e-6 -0.9844828 0.1754648 -2.04014e-6 -0.9844858 0.1754517 -3.44554e-6 -0.9844881 0.1754291 -2.04345e-6 -0.9844921 0.1754323 -1.8235e-6 -0.9844915 0.1754368 -2.05106e-6 -0.9844907 0.1754459 -2.02948e-6 -0.9844891 0.1754672 0 -0.9844854 0.1754676 -2.24085e-6 -0.9844853 0.9854701 -8.80804e-6 -0.1698491 0.9854711 -2.04443e-5 -0.1698436 0.9854722 -2.49672e-6 -0.1698373 0.9854715 6.40806e-6 -0.1698414 0.9854707 0 -0.1698461 0.9854708 5.75615e-6 -0.1698447 0.9854708 3.44724e-6 -0.1698447 0.985471 0 -0.1698441 0.985471 0 -0.169844 0.985471 0 -0.1698437 0.9854707 -3.78829e-6 -0.1698458 0.9854698 6.65218e-6 -0.1698508 0.08811581 0.9960974 -0.005061924 0.09086596 0.9958289 -0.008252918 0.08769959 0.9961267 -0.006351172 0.08801853 0.9960981 -0.006432831 0.09098786 0.9958176 -0.008293211 0.08581066 0.9962903 -0.006497383 0.08894032 0.9960148 -0.006664216 0.08794128 0.9961051 -0.006392836 0.08855819 0.9960493 -0.00657767 0.09081953 0.9958444 -0.006754696 0.09077644 0.9958373 -0.008240878 0.08784395 0.996113 -0.006520152 0.08795607 0.9961038 -0.00640136 0.08642375 0.9962379 -0.006407201 0.0946604 0.9954859 -0.006872236 0.08646339 0.9962344 -0.006424248 0.08773785 0.9961233 -0.006361246 0.09205031 0.9957225 -0.007977485 0.08821648 0.9960805 -0.006451368 0.08862626 0.9960434 -0.006558001 0.09135657 0.9957811 -0.008611619 0.08867728 0.9960422 -0.006039023 0.09121948 0.9957931 -0.008671879 0.09139949 0.9957751 -0.008844316 0.08838057 0.9960696 -0.005873918 0.09081548 0.9958339 -0.008213818 0.09125733 0.9957859 -0.0090878 0.08316785 0.9965298 -0.003399431 0.08903241 0.9960002 -0.007549703 0.08833646 0.9960625 -0.007503986 0.08459782 0.9964051 -0.004486203 0.07843267 0.9969195 -9.15557e-5 0.08258527 0.9965782 -0.003387629 0.08579623 0.9962914 -0.006512224 0.08227986 0.9966056 -0.002716183 0.08099603 0.9966782 -0.008499443 0.07952314 0.9967939 -0.008841156 0.08350354 0.9964931 -0.005378305 0.07733321 0.9969619 -0.009303212 0.07263624 0.9973449 0.005218803 0.08060032 0.996746 -9.76604e-4 0.07956206 0.99683 -6.10373e-5 0.07552796 0.9971054 -0.008734345 0.07812929 0.9969424 0.001403868 0.07690858 0.9970344 0.002777218 0.0699802 0.9975157 0.008087515 0.07559651 0.9971293 0.004303216 0.06805688 0.9976291 0.01022374 0.07411742 0.9972093 -0.008958935 0.07434481 0.9972158 0.005798637 0.06640869 0.9977174 0.01223796 0.07274693 0.9973065 -0.009369194 0.06479227 0.9977957 0.01434403 0.07303208 0.9973016 0.007477164 0.06958371 0.9975504 -0.007171988 0.07059133 0.9974654 -0.008942127 0.07223957 0.9973457 -0.009125292 0.07177978 0.9973794 0.009064018 0.06326657 0.9978606 0.01648044 0.06723237 0.9977124 -0.007049739 0.06958252 0.9975332 -0.009277641 0.07413113 0.9972458 -0.002349972 0.07153761 0.9974376 -9.15584e-4 0.06793618 0.9976488 -0.009033739 0.06494349 0.997866 -0.006775081 0.06668424 0.9977307 -0.009308278 0.06591665 0.9977802 -0.009485304 0.06888061 0.9976248 5.79855e-4 0.0687592 0.9976034 -0.007721245 0.06366193 0.9979305 -0.009064018 0.06515896 0.9978329 -0.009155809 0.06500613 0.9978602 -0.0070194 0.06665259 0.9977747 0.001831114 0.06164747 0.998079 -0.006164729 0.06338763 0.9979662 -0.006744623 0.05880922 0.9982309 -0.008758783 0.06425917 0.9978749 -0.01080328 0.05702555 0.9983672 -0.003330647 0.05645608 0.9984002 -0.003146171 0.05991554 0.9981959 -0.003893256 0.06360387 0.9979647 -0.004577219 0.06178742 0.9980793 -0.004487216 0.0579515 0.9983151 -0.002931654 -0.2777978 -0.9597107 0.04223567 0.0337007 0.9994251 0.003721117 0.05792766 0.9983132 -0.00390172 0.06318068 0.9979782 -0.006911993 0.09152686 0.9957593 -0.009300351 0.09018743 0.9958859 -0.008820295 0.08113551 0.9966734 -0.007702469 0.07871657 0.9968684 -0.007556378 0.07824707 0.9969078 -0.007233798 0.07727044 0.9969822 -0.007475614 0.07589685 0.9970902 -0.007124722 0.07444798 0.9972001 -0.007027924 0.07533729 0.9971356 -0.006686687 0.07303929 0.9973065 -0.006723821 0.07162564 0.9974098 -0.00659579 0.0723983 0.9973567 -0.006178736 0.07018268 0.9975143 -0.006308436 0.06876331 0.9976139 -0.006190061 0.06979382 0.9975439 -0.005922019 0.06734061 0.997711 -0.006161272 0.06789219 0.9976769 -0.005603611 0.06592845 0.9978065 -0.005985677 0.06449615 0.997903 -0.005464613 0.06483519 0.997886 -0.004462718 0.01257801 0.9998814 0.008894562 0.01886069 0.9959243 0.08819967 0.01754844 0.9937913 0.1098685 0.02322524 0.9964287 0.08118164 0.01165837 0.9984404 0.0545991 0.01229918 0.9950171 0.09894317 0.01855564 0.998711 0.04724371 0.02682662 0.996766 0.07574933 0.03531521 0.9993761 6.82943e-4 0.02203476 0.9948613 0.0988208 0.03247261 0.9974352 0.06378555 0.025209 0.9954525 0.09186351 0.05969876 0.9982083 -0.004037499 0.05987852 0.9981896 -0.005676507 0.05533117 0.9984338 -0.00827068 0.0580163 0.9983024 -0.005157649 0.03787761 0.999281 0.00165683 0.03763312 0.9992902 0.001755535 0.05987083 0.9981986 -0.00389719 0.04877269 0.9988092 -0.001216292 0.03627473 0.9993389 -0.002428174 0.04156452 0.9991357 5.56351e-4 0.04252737 0.9990952 4.04402e-4 0.0604586 0.9981318 -0.008820056 0.05713224 0.99835 -0.00576812 0.05707025 0.9983334 -0.008575797 0.05469006 0.9984908 -0.005035579 0.05844473 0.9982606 0.007751882 0.05401933 0.9985339 -0.003479182 0.05548417 0.99841 0.009949266 0.0560019 0.9984216 -0.00427258 0.05331653 0.9985481 -0.007690727 0.04965442 0.9987654 -0.001464903 0.04513698 0.9989656 -0.00552386 0.04745638 0.9988733 -4.2726e-4 0.0513944 0.9986516 -0.007324576 0.04696917 0.9978898 0.04483282 0.04458886 0.9978322 0.04840373 0.03680551 0.997168 0.06558465 0.03250235 0.9966481 0.07507592 0.04208534 0.9977502 0.05218708 0.0393691 0.9976267 0.05649012 0.04232925 0.9988727 0.02148503 0.04724359 0.9987388 0.01699912 0.02880984 0.9960759 0.08368283 0.03653073 0.9975003 0.0604878 0.01266527 0.9925037 0.1215566 0.0302751 0.9970653 0.07031643 0.03338772 0.9972983 0.0654326 0.007019281 0.9907563 0.1354721 0.003479123 0.9935355 0.1134684 -6.40904e-4 0.9879083 0.1550378 0.03324544 0.9994427 0.003009438 0.02669334 0.9996315 0.004963159 0.02395373 0.9996965 0.005768477 0.03528761 0.9993743 0.002405881 0.01720273 0.9998155 0.008557021 0.03493219 0.9993871 0.002278447 0.04289013 0.9990799 -1.85464e-5 0.03796517 0.9992781 0.001401603 0.03795701 0.9992749 0.003026962 -0.02414071 0.9994744 0.02163809 -0.02896225 0.999305 0.02346885 -0.03006142 0.9992609 0.02395755 0.02766871 0.9996068 0.004564702 0.03252214 0.999466 0.003191232 0.02656352 0.9996342 0.005110919 0.01008009 0.9998986 0.01007103 0.03511375 0.999381 0.002192437 -0.3236759 -0.9434089 0.07220453 0.03537666 0.9993712 0.002392411 0.03580373 0.9993563 0.002276957 0.04872983 0.9988113 -0.001213788 0.03098344 0.9995184 0.001769483 0.03993928 0.9992018 8.3615e-4 0.03325164 0.9994438 0.00255537 0.0346542 0.9993984 0.001459658 0.04029905 0.9991875 6.95562e-4 0.002319395 0.9999156 0.01278734 -0.004608392 0.9998772 0.01498502 0.001678526 0.9999166 0.01281785 0.03252393 0.9994664 0.003044247 0.02953583 0.9995555 0.004078865 0.03053867 0.999527 0.00365132 -0.08972495 0.9948484 0.0471819 -0.08026462 0.9958311 0.0433368 -0.08536076 0.9953064 0.04559493 -0.02328604 0.9995006 0.02136337 0.004962682 0.9999232 0.01135975 0.03086024 0.9995176 0.003500878 0.02490198 0.9996648 0.007089197 0.02327829 0.9997091 0.006310105 0.02160149 0.999746 0.006443738 0.02438479 0.9996872 0.005554437 0.02539211 0.9996621 0.005585014 0.02194303 0.9997377 0.006561517 0.01964151 0.9997752 0.007989645 0.01703429 0.9998157 0.008851945 0.01254063 0.99987 0.01013278 0.01444888 0.999858 0.008669078 0.01308137 0.9998719 0.009231746 0.01014971 0.9998968 0.01017391 0.005565583 0.9999162 0.01169615 0.01391661 0.9998627 0.009003043 0.01477104 0.9998531 0.008697807 0.01080369 0.9998916 0.01001018 0.002044737 0.9999158 0.01281785 0.006836116 0.9999126 0.01132237 0.00640887 0.9999144 0.01141399 -0.02412378 0.9994677 0.02196413 -0.02946966 0.9992723 0.0242204 -0.03218472 0.9991721 0.02488577 -0.002655148 0.9998928 0.01440495 0.006042659 0.9999163 0.0114445 -0.02588015 0.9994086 0.02264511 -0.01922678 0.9996122 0.02014237 -0.01971524 0.9995897 0.02078342 -0.0255745 0.999422 0.02240061 -0.03259402 0.9991546 0.02505588 -0.06149953 0.9974555 0.03605878 -0.05790406 0.9977278 0.03444355 -0.07167774 0.9966276 0.03994816 -0.01968497 0.9996009 0.02026486 -0.07458949 0.9963679 0.0410791 -0.07983875 0.9958786 0.04303234 -0.08208107 0.9956588 0.0438922 -0.09408974 0.994367 0.04879969 -0.1010785 0.993512 0.05212622 -0.1058999 0.9929267 0.05368238 -0.02688753 0.9993861 0.02246218 -0.03250271 0.9991622 0.02487295 -0.1232351 0.9905194 0.06070196 -0.1295832 0.9895755 0.06283837 -0.1285175 0.9897162 0.06280905 -0.1366023 0.9883832 0.06662261 -0.1457272 0.9868555 0.06985747 -0.04013305 0.9988101 0.02771162 -0.04846447 0.9983444 0.03097695 -0.04861688 0.9983409 0.03085476 -0.1684024 0.9823371 0.08157658 -0.1525635 0.9856052 0.07284837 -0.1581505 0.9845497 0.07516878 -0.2059416 0.9737672 0.09677547 -0.2149798 0.9714683 0.1001652 -0.1879672 0.9782291 0.08795607 -0.04031598 0.9988052 0.02761995 -0.06827205 0.9969183 0.03863763 -0.06821036 0.9969402 0.03817951 -0.0576803 0.9977477 0.03424197 -0.3016778 0.9436703 0.1359305 -0.3377284 0.9279139 0.1578466 -0.3163595 0.9375119 0.1448734 -0.04840272 0.9983607 0.03054928 -0.04004073 0.9988222 0.02740591 -0.04843312 0.9983582 0.03057968 -0.0577414 0.9977484 0.0341199 -0.2030143 -0.9744811 0.09576952 -0.1879677 -0.9782317 0.08792579 -0.2336269 -0.96637 0.1074592 -0.1525969 -0.9855931 0.0729413 -0.1394433 -0.987945 0.06723433 -0.1284241 -0.9897324 0.06274712 -0.06820911 -0.9969215 0.03866708 -0.08029484 -0.9958274 0.04336714 -0.07382476 -0.9964362 0.04080349 -0.07990002 -0.9958816 0.04284936 -0.09412014 -0.9943657 0.04876911 -0.06842464 -0.9969184 0.03836292 -0.557229 0.7933601 0.2451038 -0.5574995 0.7932931 0.2447052 -0.3180437 0.9373759 0.1420377 -0.9164017 -1.83116e-4 0.40026 -0.9160291 -3.0519e-5 0.4011118 -0.02572774 -0.9994146 0.02255374 -0.01922678 -0.999611 0.02020341 -0.02563631 -0.9994204 0.02240127 -0.01324534 -0.9997497 0.01803684 -0.01406913 -0.9997339 0.01828074 -0.01794511 -0.9996464 0.01962363 0.00211519 -0.9999169 0.01272386 -0.007690787 -0.9998401 0.01614463 -0.002471983 -0.9998852 0.01495414 -0.007812917 -0.9998397 0.01611411 0.006601393 -0.9999158 0.01117855 0.01163691 -0.9998711 0.01106387 -0.1881837 -0.9782746 0.08698076 -0.1526263 -0.9856471 0.0721473 -0.1530544 -0.9855605 0.07242232 0.01652342 -0.9998258 0.008679807 0.01899158 -0.9997933 0.007265269 0.05063104 -0.9986132 0.01443547 0.04672527 -0.9987488 0.01782333 0.04938042 -0.9987788 -0.001586973 0.03646981 -0.9993345 -7.62967e-4 0.03933882 -0.999219 -0.003753781 0.03515803 -0.9993801 -0.001861631 0.02013039 -0.9997731 0.00696808 0.02651619 -0.9996358 0.005044043 0.0310443 -0.9995115 0.003632724 -0.05807715 -0.9977195 0.03439462 -0.04876911 -0.9983326 0.03088504 -0.05847477 -0.9973062 0.04428333 0.03276234 -0.9994585 0.003056764 0.04386043 -0.9990377 6.32901e-5 0.03535741 -0.9993718 0.002402305 0.03792273 -0.9992793 0.001677632 0.02455538 -0.999683 0.005574166 0.0379244 -0.9992797 0.001387953 0.0425235 -0.9990954 4.16098e-4 0.04468393 -0.9990013 -1.64155e-4 0.04416847 -0.9990242 -6.02426e-5 0.04874646 -0.9988104 -0.001249969 0.04673856 -0.9989069 -7.44006e-4 0.05240613 -0.9986237 -0.002131879 0.05645328 -0.9984006 -0.00307703 0.06278228 -0.9980161 -0.004734873 0.06389045 -0.9979452 -0.004850804 0.06558805 -0.9978344 -0.004978001 0.06676667 -0.997751 -0.005931437 0.06790924 -0.9976755 -0.005641996 0.06818556 -0.9976583 -0.00534743 0.06873697 -0.9976171 -0.005955457 0.06955164 -0.9975579 -0.006382107 0.0705198 -0.9974904 -0.006334662 0.07081878 -0.9974704 -0.006128489 0.07159137 -0.9974126 -0.006544172 0.07273524 -0.9973304 -0.006458818 0.07513767 -0.99715 -0.006812572 0.07540869 -0.9971306 -0.006657719 0.0760563 -0.9970786 -0.007055759 0.07696604 -0.997007 -0.007309257 0.07801663 -0.9969261 -0.007196128 0.07830059 -0.9969048 -0.007072269 0.07868903 -0.9968726 -0.00728631 0.07943123 -0.996812 -0.007515609 0.08014774 -0.9967544 -0.007558822 0.08083236 -0.9967 -0.007442772 0.08118695 -0.9966723 -0.007287919 0.08183968 -0.9966168 -0.007572412 0.08366942 -0.9964641 -0.007657349 0.08308863 -0.9965117 -0.007801651 0.08375388 -0.9964818 -0.003086984 0.08455592 -0.9963842 -0.008307278 0.08604419 -0.9962563 -0.008362412 0.08678627 -0.9961935 -0.008178472 0.08731031 -0.9961474 -0.00820142 0.08707195 -0.996168 -0.008241772 0.08894187 -0.9959995 -0.008628308 0.08821463 -0.9960649 -0.008548438 0.08946216 -0.995953 -0.008616983 0.0889905 -0.9959946 -0.008687198 0.09052515 -0.9958522 -0.009145557 0.09128463 -0.9957834 -0.009094953 0.09122985 -0.9957882 -0.009109079 0.07389324 -0.9972419 -0.006958484 0.07273769 -0.9973302 -0.006460964 0.06553012 -0.9978388 -0.004851341 0.06404542 -0.997937 -0.004497289 0.0324155 -0.9994691 0.003292977 0.01651042 -0.999831 0.008095741 0.01265597 -0.9998765 0.009325385 -0.1100813 -0.9924101 0.05481171 -0.1102043 -0.992388 0.05496478 -0.1287603 -0.989706 0.0624727 0.002166807 -0.9999163 0.01275682 0.006347894 -0.9999155 0.01135295 4.57779e-4 -0.9999114 0.01330608 0.01503455 -0.99985 0.008607745 0.08866208 -0.9960459 -0.005626976 0.09191548 -0.9957476 -0.006187915 0.09113317 -0.9958205 -0.006036043 0.09086519 -0.9958429 -0.006358683 0.08980572 -0.9959427 -0.005755543 0.09414136 -0.9955383 -0.00640726 0.08756071 -0.9961388 -0.006385862 0.08705747 -0.9961837 -0.006247997 0.09006494 -0.9959157 -0.006344199 0.08913409 -0.9959999 -0.006268262 0.09856665 -0.9951066 -0.006881952 0.08742719 -0.9961512 -0.006268501 0.08890837 -0.9960203 -0.006239354 0.09232473 -0.9957089 -0.006322562 0.09131187 -0.9958038 -0.006086409 0.08894568 -0.9960186 -0.005978345 0.08771091 -0.9961307 -0.005511224 0.08596068 -0.996253 -0.009529232 0.08765566 -0.9961046 -0.009595453 0.09103846 -0.9957994 -0.009777843 0.09028369 -0.9958987 -0.005882501 0.0889253 -0.9960206 -0.005947947 0.08588796 -0.9962942 -0.004633247 0.08562815 -0.996317 -0.004507541 0.08428084 -0.9964355 -0.003643631 0.08383554 -0.9964742 -0.003296017 0.080388 -0.9967628 -0.001312315 0.08661299 -0.9962329 -0.004272639 0.08411097 -0.9964526 -0.002746701 0.08377391 -0.9964672 -0.005920588 0.08734661 -0.9961542 -0.006897389 0.08335477 -0.9964784 -0.009096205 0.07895129 -0.9968779 -0.001066505 0.0807349 -0.9966934 -0.009183704 0.08267658 -0.9965754 -0.001464903 0.07437366 -0.997224 0.003601133 0.08175981 -0.9966518 -8.24007e-4 0.08057004 -0.996749 2.74671e-4 0.08118027 -0.9966865 -0.005066096 0.07162743 -0.9974129 0.006103694 0.07925868 -0.9968527 0.001678526 0.07817232 -0.9968966 -0.009286403 0.07809871 -0.9969415 0.002899289 0.07880079 -0.996882 -0.004089534 0.07544738 -0.9971057 -0.009384572 0.06802666 -0.9976333 0.01001018 0.07672375 -0.9970428 0.00439465 0.06637847 -0.9977225 0.01199388 0.07550489 -0.9971287 0.005798637 0.0711711 -0.9974338 -0.007782399 0.07406926 -0.9972038 -0.00991863 0.07135409 -0.9974009 -0.0100103 0.06476211 -0.9978012 0.01409995 0.0741012 -0.997223 0.007446706 0.07294011 -0.9972962 0.008942008 0.0632041 -0.9978686 0.01623588 0.06164753 -0.9979273 0.01846373 0.07159644 -0.9973762 0.01071196 0.06848376 -0.9976234 -0.007599115 0.06866872 -0.9975888 -0.01007139 0.06009203 -0.9979733 0.02093607 0.07034581 -0.9974458 0.01239061 0.07126224 -0.9974576 -2.44153e-4 0.06839245 -0.9976576 0.001403808 0.06988888 -0.997519 -0.008453786 0.05853593 -0.9980102 0.02343875 0.06882113 -0.9975251 0.01440513 0.06438106 -0.9978654 -0.01095169 0.06543338 -0.9978287 -0.007507741 0.06528091 -0.9978612 0.003387629 0.06302082 -0.9979873 -0.007049739 0.06180149 -0.9980717 0.005798637 0.05029606 -0.9980172 0.03784412 0.06106817 -0.9978138 0.02526956 0.06268668 -0.9977687 0.02298104 0.06442654 -0.9977118 0.02050906 0.05203551 -0.9980444 0.03463947 0.05795586 -0.9982818 0.008636891 0.06021463 -0.9981657 -0.006286978 0.05603229 -0.9983881 -0.009033501 0.05951184 -0.9981814 -0.009613394 0.04483234 -0.9978182 0.04846411 0.05533057 -0.9979037 0.03357064 0.05740642 -0.9978834 0.03054958 0.05655103 -0.9983874 -0.004974484 0.05408012 -0.9984682 0.01168882 0.01090377 -0.9998558 0.01302272 -0.01913529 -0.9996146 0.02011191 -0.01324534 -0.9997486 0.01809787 -0.03671437 -0.9989804 0.02627688 -0.04156726 -0.9987437 0.02798616 -0.03250271 -0.9991622 0.02487295 -0.03943043 -0.9988244 0.02819949 -0.03235024 -0.9991648 0.02496457 -0.04016351 -0.9988088 0.02771162 -0.03459966 -0.9990667 0.02586174 -0.04339843 -0.9986228 0.02948164 -0.04153656 -0.9987101 0.02920687 -0.04843413 -0.9983479 0.03091603 -0.05771195 -0.9977365 0.03451728 -0.06213587 -0.9974091 0.03625607 -0.9162589 -1.22074e-4 0.4005867 -0.8999844 -0.003601253 0.4359075 -0.5574669 -0.7932596 0.2448874 -0.08334815 -0.9955088 0.04489386 -0.1099919 -0.9923997 0.05517905 -0.09726428 -0.9939762 0.05050909 -0.1145998 -0.9917535 0.05737614 -0.1285781 0.9897431 0.06225949 -0.1097145 0.9924659 0.05453675 -0.1285478 0.9897451 0.06229013 0.0126391 0.9998889 0.007907927 0.006256341 0.9999163 0.01132243 0.01739579 0.9998019 0.009674489 0.01043754 0.9999008 0.009460926 -0.06854599 -0.9969078 0.03842359 -0.05795556 -0.9977275 0.0343644 -0.06830137 0.9969316 0.03824019 -0.1590943 -0.9842609 0.07693779 0.04258966 -0.9990926 3.93864e-4 0.02976089 -0.9995502 0.003712594 0.02978479 -0.9995485 0.003973007 0.02654558 -0.9996352 0.004991531 0.003603219 -0.9999175 0.01233559 -0.02896225 -0.9993057 0.02343839 -0.02325558 -0.999502 0.02133285 -0.03006142 -0.9992609 0.02395755 0.09009051 0.9958951 -0.008755266 0.09102684 0.9958077 -0.009005844 0.08814966 0.9960899 -0.005867779 0.08767622 0.9961288 -0.006363213 0.09077823 0.9958478 -0.006833612 0.08744877 0.9961491 -0.006320238 0.08862131 0.9960252 -0.008952975 0.08934652 0.9959609 -0.008904874 0.08984881 0.9959191 -0.008517682 0.08921498 0.9959729 -0.008867561 0.08215284 0.9966106 -0.004280984 0.09069627 0.9958462 -0.008042454 0.08964723 0.9959385 -0.008360743 0.08889132 0.9960271 -0.005349755 0.09069472 0.9958464 -0.008041918 0.0878719 0.9961193 -0.005008161 0.08893245 0.9960233 -0.005357205 0.08725768 0.9961483 -0.008650422 0.08853691 0.996034 -0.008803665 0.08704626 0.9961615 -0.009236037 0.08806443 0.9960771 -0.008673369 0.08960074 0.9959408 -0.008578181 0.08806127 0.9960827 -0.008043587 0.08737003 0.996163 -0.005089521 0.08903205 0.996011 -0.005958139 0.08616763 0.9962707 -0.004471361 0.08754819 0.9961467 -0.005201697 0.08698058 0.9961737 -0.008500635 0.08580279 0.9962748 -0.008637964 0.08557325 0.9962909 -0.009034156 0.08517169 0.9963317 -0.008305609 0.0851733 0.9963269 -0.008851885 0.08617728 0.9962422 -0.008665204 0.08718085 0.9961573 -0.008383214 0.08207863 0.9966207 -0.003228187 0.08960044 0.995945 -0.008079349 0.0861786 0.9962469 -0.008093357 0.08474457 0.9963952 -0.003864884 0.08833593 0.996058 -0.008086025 0.08402657 0.9964569 -0.003642559 0.08436536 0.996428 -0.003739178 0.08439642 0.9963975 -0.008323609 0.08392459 0.9964327 -0.00886631 0.08442294 0.9963955 -0.008296191 0.08749848 0.9961463 -0.006073296 0.0871793 0.9961651 -0.00741434 0.08442288 0.9963968 -0.008149743 0.08279347 0.9965599 -0.003700971 0.08614099 0.9962615 -0.006550669 0.08402097 0.9964311 -0.008108079 0.08298736 0.9965164 -0.008273184 0.08233517 0.9965714 -0.008163869 0.08233356 0.9965713 -0.008173763 0.08281183 0.9965303 -0.008341014 0.08489501 0.9963532 -0.008565425 0.0828132 0.9965348 -0.007776379 0.08004832 0.9967896 -0.001677453 0.08579862 0.9962812 -0.007914006 0.08050131 0.9967526 -0.001967787 0.08144676 0.9966743 -0.002628862 0.08153903 0.9966385 -0.007951736 0.08119881 0.9966629 -0.008368074 0.08006387 0.9967598 -0.007726907 0.07580941 0.9971199 0.002227842 0.08489382 0.9963629 -0.007355332 0.08158999 0.9966323 -0.008206963 0.07816308 0.9969404 -6.452e-4 0.08335244 0.9965058 -0.005350768 0.07913339 0.9968634 -0.0011487 0.08016258 0.9967505 -0.007896184 0.07995331 0.9967687 -0.00773561 0.08262544 0.9965434 -0.008630394 0.08349329 0.9964788 -0.007679998 0.07758235 0.9969859 -3.77728e-4 0.07696956 0.9970335 6.10385e-5 0.0777933 0.9969694 -4.57787e-4 0.0783711 0.9968965 -0.007450044 0.07820862 0.9969047 -0.00802946 0.07820743 0.9969098 -0.007392406 0.08262383 0.9965555 -0.007109045 0.07952338 0.9967959 -0.008610844 0.08179128 0.9966329 -0.00576806 0.07464945 0.9972086 0.001586973 0.07571852 0.9971288 9.7662e-4 0.07674819 0.9970242 -0.00723946 0.08038526 0.9967234 -0.008987963 0.08015412 0.9967768 -0.003379285 0.07400757 0.9972558 0.002014219 0.07510477 0.9971521 -0.006856918 0.07538622 0.9971219 -0.008064508 0.07538342 0.9971303 -0.006973087 0.06662249 0.9977512 -0.007354974 0.08038258 0.9967381 -0.007198631 0.07733303 0.9969659 -0.008874118 0.07321602 0.9973132 0.002441525 0.08051496 0.9967269 -0.007271945 0.0790432 0.9968603 -0.004669308 0.07803481 0.9969038 -0.009665489 0.07552522 0.99711 -0.008223474 0.07260441 0.9973576 0.002533018 0.07243734 0.9973521 -0.006456732 0.07302409 0.9972941 -0.008481025 0.07302117 0.9973078 -0.006705284 0.07802402 0.9969274 -0.006937086 0.07411921 0.9972089 -0.008993923 0.07800948 0.9969286 -0.006928861 0.07657229 0.9970576 -0.003570675 0.07168918 0.9974227 0.002929806 0.07327634 0.9972727 -0.008819997 0.07184153 0.9973887 -0.007385551 0.07060599 0.9974856 -0.006107747 0.07532924 0.9971085 -0.01001536 0.07274711 0.9973146 -0.008464515 0.06997972 0.9975396 0.004211544 0.0695483 0.9975604 -0.006035029 0.07532948 0.997138 -0.006424844 0.07145285 0.9974014 -0.009226441 0.07394683 0.9972298 -0.008056938 0.06820917 0.9976546 0.005737483 0.06835097 0.9976454 -0.005655348 0.07282596 0.9972906 -0.01038843 0.07007408 0.9975043 -0.00865066 0.06692862 0.9977346 0.006805777 0.06170988 0.9979177 0.01876932 0.06670498 0.9977575 -0.005520045 0.07138359 0.9974173 -0.007965385 0.06549382 0.99782 0.008118033 0.06012213 0.9979664 0.02118003 0.07040774 0.9974585 0.01092582 0.06600177 0.9978054 -0.005292832 0.07021963 0.9974744 -0.010679 0.05856603 0.9980034 0.02365225 0.06424319 0.9978914 0.009247362 0.06737512 0.9976891 -0.00877875 0.06909608 0.9975293 0.01269608 0.0640456 0.9979344 -0.004999995 0.06259542 0.9980174 -0.006561636 0.06392568 0.9979424 -0.004959642 0.06762987 0.9976016 0.01474058 0.05697882 0.9980304 0.02624624 0.06228858 0.9979915 0.01153606 0.06230813 0.998046 -0.004684567 0.0553621 0.9980445 0.02902388 0.06613487 0.9976695 0.0167855 0.06460887 0.9977301 0.01898282 0.05929839 0.9981237 0.01525944 0.0613659 0.998106 -0.004330396 0.0596888 0.9982078 -0.004313409 0.06110197 0.9981228 -0.004194676 0.06072729 0.9981457 -0.004181325 0.060584 0.9981544 -0.004189252 0.05972629 0.9981954 -0.006225883 0.06115472 0.9981184 -0.00445044 0.06219708 0.9980223 -0.009125053 0.06295138 0.9979756 -0.009048461 0.05374443 0.9980414 0.03201466 0.06163901 0.9980888 -0.004395484 0.05882537 0.9982587 -0.004384517 0.05595654 0.9984288 -0.002994656 0.06070399 0.998147 -0.004196345 0.05945545 0.9982237 -0.003797352 0.05958074 0.998216 -0.003901362 0.059511 0.9982202 -0.003880977 0.06096392 0.9981313 -0.004158318 0.05969893 0.9981782 -0.008735358 0.05203473 0.9980295 0.03506618 0.06405925 0.9979394 0.003662228 0.06296062 0.9977874 0.02136325 0.06019181 0.9981788 -0.004016518 0.05797469 0.9983119 -0.003523528 0.05756884 0.9983356 -0.003444969 0.05793249 0.9983144 -0.003499031 0.05790615 0.9983154 -0.003636002 0.05811017 0.9983035 -0.003666341 0.05788528 0.9983167 -0.003618121 0.05795359 0.9983127 -0.003640413 0.05817532 0.9982993 -0.003773927 0.05804955 0.9983069 -0.003722012 0.06125104 0.99784 0.02374351 0.05029523 0.9980009 0.03827077 0.05725324 0.9982087 0.01736515 0.05740994 0.9983452 -0.003337562 0.05615204 0.9984176 -0.003068506 0.05628323 0.99841 -0.003142476 0.05591177 0.9984307 -0.003161787 0.05610591 0.9984197 -0.00322014 0.0564118 0.9984022 -0.003288328 0.05610197 0.9984204 -0.003044188 0.0561524 0.998417 -0.003258228 0.05615913 0.9984172 -0.003062248 0.05673497 0.9983844 -0.003127157 0.05615788 0.9984176 -0.002939343 0.06146532 0.9980946 0.005401849 0.05624306 0.9984117 -0.003307342 0.0594207 0.9978839 0.02639901 0.05496448 0.9982727 0.02075284 0.05479806 0.9984939 -0.002707064 0.05462819 0.9985034 -0.002620816 0.05604726 0.9984234 -0.003065645 0.05412006 0.9985311 -0.002634108 0.05441635 0.9985145 -0.002783775 0.05452984 0.998508 -0.002879142 0.05453401 0.9985079 -0.0028795 0.05385792 0.9985455 -0.002529144 0.05421233 0.998526 -0.002637267 0.05370932 0.9985537 -0.002427458 0.05439388 0.9985162 -0.002582728 0.05463397 0.9985021 -0.002935111 0.05513286 0.998475 -0.002832472 0.05587512 0.9984328 -0.003172814 0.05752867 0.9979174 0.02917635 0.04852563 0.9979503 0.04171985 0.05234032 0.9986177 -0.004822015 0.04669421 0.9978833 0.04525983 0.05270886 0.9986075 -0.002227783 0.05427241 0.9985224 -0.002789735 0.0532422 0.9985788 -0.002406656 0.05262559 0.9986115 -0.002433359 0.05256283 0.9986153 -0.002190291 0.05361789 0.9985578 -0.002740263 0.05256158 0.9986154 -0.002153158 0.05244207 0.9986215 -0.00227946 0.05294972 0.9983235 0.02337718 0.04483282 0.9977974 0.04889184 0.05560564 0.9979414 0.03195339 0.0525875 0.9986141 -0.002122938 0.05214613 0.9986367 -0.002348363 0.05060791 0.9987171 -0.001790046 0.05254751 0.9986156 -0.002403378 0.05090814 0.9987014 -0.002013921 0.05032145 0.9987317 -0.001647472 0.05069303 0.9987127 -0.001762628 0.05243873 0.998622 -0.00211656 0.05069178 0.9987129 -0.001689672 0.05098426 0.9986975 -0.002009332 0.05052161 0.9987217 -0.001637935 0.0498991 0.9987452 -0.004242181 0.0505259 0.9987211 -0.001832187 0.05191308 0.9986481 -0.002655148 0.05179023 0.9985722 0.01309251 0.05362242 0.9979508 0.03491407 0.04293978 0.9976866 0.05270576 0.05096697 0.9983425 0.02673476 0.04268491 0.999088 0.00117886 0.04963141 0.9987658 -0.001921951 0.04878509 0.9988086 -0.001218199 0.04431903 0.9990175 -9.7318e-5 0.01534122 0.9998567 0.007158219 0.04270893 0.9990875 -3.77538e-4 0.05059391 0.9987178 -0.001756668 0.05008369 0.9987432 -0.001916527 0.04859095 0.9988179 -0.00137639 0.04913371 0.9987913 -0.001376271 0.04902637 0.9987967 -0.001334726 0.04870545 0.9988126 -0.001169741 0.04861986 0.9988167 -0.001163363 0.04859161 0.9988181 -0.001154065 0.04859787 0.9988175 -0.001392602 0.04779243 0.9988504 -0.003723263 0.04937934 0.998757 -0.006805658 0.04878467 0.9988083 -0.001457929 0.05145537 0.9979476 0.03811848 0.04831153 0.9983366 0.03146505 0.04544097 0.9989671 -2.6972e-4 0.04696959 0.9988961 -7.55975e-4 0.03827178 0.9992665 0.001433134 0.03828901 0.9992658 0.001409649 0.02198791 0.9997429 0.005557775 -0.02077203 0.999724 0.01098656 -0.3236536 -0.9434328 0.07199424 -0.9855166 0.06515783 0.156562 0.03515803 0.9993804 0.001709043 0.04673045 0.9989073 -7.55855e-4 0.04673081 0.9989053 -0.002097725 0.9916526 -0.03909474 -0.1228693 0.04761004 0.9988657 -8.85059e-4 0.04904401 0.9987958 -0.001281797 0.05761969 0.998335 -0.002746701 0.04652088 0.9989172 -5.57028e-4 0.04664826 0.9989113 -6.57139e-4 0.0465936 0.9989136 -8.80655e-4 0.04658806 0.9989141 -6.37222e-4 0.04677516 0.9989051 -9.45097e-4 0.04721331 0.9988657 -0.006195366 0.0455957 0.9989551 -0.003143429 0.04095625 0.9975385 0.0569176 0.04922658 0.99793 0.04138326 0.03888142 0.9973667 0.06122142 0.04767781 0.9988623 -9.74845e-4 0.04690605 0.9988991 -7.97944e-4 0.04690361 0.9988992 -7.95728e-4 0.04468184 0.9990013 -1.70336e-4 0.04701453 0.9988939 -8.47709e-4 0.0472235 0.998884 -9.29506e-4 0.0446667 0.9990019 -3.03956e-4 0.0448383 0.9989943 -3.05018e-4 0.02404254 0.9996983 0.005036473 0.04467159 0.9990012 -0.001071393 0.04467183 0.9990017 -3.4626e-4 -0.0241481 0.9996367 0.01197624 -0.004364252 -0.9999392 -0.01013243 0.06115978 0.99812 -0.003997921 0.04577863 0.9989517 -6.10382e-5 0.0442565 0.9990202 -2.9803e-5 0.98739 -0.02594137 -0.1561671 0.9978594 -0.03924781 -0.05231004 0.04416322 0.9990244 -2.42626e-4 0.04491984 0.9989906 -2.70449e-4 0.04257357 0.9990903 -0.002471983 0.04455572 0.9990069 -4.07673e-4 0.04449629 0.9982681 0.03848409 0.04506331 0.9989841 -3.0938e-4 0.04368519 0.9990454 1.86526e-6 0.04308158 0.9990716 2.8471e-4 0.04063868 0.9991737 7.58264e-4 0.04451578 0.9990087 -1.76848e-4 0.04260063 0.9990922 2.91862e-4 0.04470354 0.9990003 -3.60274e-4 0.0429421 0.9990776 2.85626e-5 0.04228568 0.9991056 2.45788e-4 -0.03457188 -0.9994015 -0.001206278 -0.03009241 -0.99954 -0.003781378 -0.009220182 -0.9999414 -0.005695819 0.04150605 0.9991373 0.001464903 0.9899569 -0.03616541 -0.1366657 0.04238086 0.9991015 4.18786e-5 0.04330611 0.999062 -3.05188e-5 0.04120016 0.9991509 5.18817e-4 0.04275733 0.9990752 -0.004547297 0.04501581 0.9989858 9.76615e-4 0.04168891 0.9981544 0.04416096 0.03973162 0.9992097 0.001248955 0.0421195 0.9991126 3.81837e-4 0.0402224 0.9991903 9.22789e-4 0.04253256 0.9990952 2.24187e-4 0.03769844 0.9992871 0.002052366 0.04022258 0.9991905 7.98852e-4 0.04029929 0.9991874 7.85658e-4 0.04165774 0.9991313 0.001108944 0.0437777 0.9990413 3.37319e-4 0.04038274 0.9991841 6.62245e-4 -0.02387589 -0.9997147 -7.87799e-4 -0.03091818 -0.9995202 -0.001886606 0.04001969 0.9991886 0.004556357 0.9965097 -0.03585994 0.07538217 0.04014873 0.9991934 8.31896e-4 0.9855747 -0.03222787 -0.1661444 0.03924763 0.9992285 -0.001464903 0.0396437 0.9992119 0.002014219 0.04040771 0.9991764 -0.003723323 0.04071307 0.9991708 4.89936e-4 0.0423603 0.9990995 0.002410948 0.03473019 0.9969223 0.07028442 0.04119384 0.9991509 7.83986e-4 0.0328316 0.9994562 0.003108799 0.03802496 0.9992753 0.001754105 0.03866642 0.9992516 0.001135528 0.0379424 0.9992788 0.001517593 0.03754299 0.9992939 0.001541435 0.0380125 0.9992764 0.001344442 0.04306787 0.9990723 6.3071e-5 0.0379216 0.9992799 0.001353144 0.04391336 0.9990353 4.04667e-4 0.03734034 0.9993013 0.001637876 0.04381299 0.9990397 5.12941e-4 -0.02746707 -0.9996125 -0.004535496 -0.03237009 -0.9994746 -0.001647412 -0.03069609 -0.9995222 -0.003641366 -0.02625012 -0.9996517 -0.002747654 0.9981224 -0.03241109 0.05197376 -0.02307265 -0.9997237 -0.004516839 0.03787386 0.9992789 -0.002716124 0.0371719 0.999309 2.44151e-4 0.03845369 0.9992474 0.005096614 0.03885078 0.9980044 0.04977661 0.03882277 0.9992451 0.00146538 0.03525483 0.9993752 0.002542257 0.03534942 0.9993721 0.002404451 0.03534948 0.9993731 0.001925766 0.03812152 0.9992721 0.001421868 0.03483355 0.9993906 0.002299308 0.03542369 0.9993703 0.00204885 0.04201632 0.9991169 4.73349e-4 0.03521883 0.9993771 0.002275168 0.03904789 0.9992345 0.002388536 0.03574901 0.9993588 0.002024471 0.0353868 0.9993711 0.002323031 0.04165005 0.9991318 0.001011252 -0.02782231 -0.9996098 -0.002482593 0.03533446 0.9993581 0.005918681 0.9992453 -0.03045767 -0.02410978 0.1678875 -0.007446706 -0.9857781 0.03796577 0.9989517 0.02557498 0.03573775 0.9977582 0.05658221 0.03632086 0.9993379 0.002170979 0.03288227 0.9994546 0.003085553 0.03325718 0.9994424 0.003008902 0.0321725 0.9994775 0.003095269 0.03276741 0.999459 0.002843737 0.03200143 0.999483 0.003119885 0.03270065 0.9994612 0.002831339 0.0398488 0.9992051 0.001180648 0.04001599 0.9991982 0.001368224 0.03214973 0.9994774 0.003366947 0.03766345 0.9992889 0.001821041 -0.0263825 -0.9996412 -0.004619717 -0.02756655 -0.9996168 -0.002549171 -0.02865731 -0.9995886 -0.00125122 0.03149533 0.9994893 0.00540179 0.03314381 0.9989855 0.03048866 0.02952903 0.9995555 0.004123508 0.0299412 0.9995439 0.003966629 0.02897417 0.999572 0.004047513 0.02977705 0.9995496 0.003724813 0.03064286 0.9995245 0.003455519 0.02983272 0.999548 0.003752708 0.03252232 0.9994544 0.005757689 0.03256398 0.9994645 0.003202497 0.02957451 0.9995544 0.004070878 0.02987664 0.9995453 0.004076242 0.03760522 0.9992908 0.001922845 -0.04092586 -0.9991587 0.002624571 0.03137379 0.9993847 0.01568686 0.02843797 0.999587 0.004146277 0.02340328 0.9997082 0.005992174 0.026775 0.999631 0.004595518 0.02685064 0.999629 0.004583895 0.02587532 0.999652 0.005153954 0.02941811 0.9995389 0.007520198 0.02825772 0.9995914 0.004327714 0.03540015 0.9993703 0.002431094 0.02611833 0.9996455 0.005189657 0.03525209 0.9993754 0.002500474 0.02658206 0.9993456 0.02453726 0.02609348 0.9989079 0.03875875 0.02896249 0.9969646 0.07226902 0.02715003 0.9996206 0.004657387 0.02637326 0.9996393 0.005088806 0.02634078 0.9996417 0.004772245 0.02353584 0.9997075 0.005578219 0.02358329 0.9997065 0.005568206 0.02309769 0.9997166 0.005784988 0.02301454 0.9997164 0.006122469 0.02378654 0.999701 0.005673646 0.02641463 0.999614 0.008625805 0.02320957 0.9997123 0.006053745 0.03283888 0.9994558 0.003124773 0.03288805 0.9994544 0.003025293 0.02255326 0.9993322 0.02874851 0.02438485 0.9961786 0.08386689 0.02093571 0.9997584 0.006714046 0.02038711 0.9997683 0.006913244 0.019836 0.9997774 0.007191598 0.0199601 0.9997764 0.006994426 0.02189987 0.9997346 0.007158637 0.02151399 0.9997439 0.007030785 0.02335441 0.9997026 0.007020771 0.02011203 0.9997755 0.006673574 0.006408929 0.9999172 0.01116985 0.001953184 0.9999071 0.01348954 0.002014219 0.9999182 0.01263475 0.01958864 0.9997846 0.006863772 0.02011018 0.9997733 0.007003486 0.01996254 0.9997759 0.007054924 0.02315568 0.9996764 0.0105437 0.02320945 0.9997123 0.006053924 0.01941937 0.9997862 0.007101297 0.03061223 0.9995253 0.00348252 0.01864719 0.9992888 0.03277754 0.0202431 0.9997707 0.006986677 0.01676851 0.999827 0.008056402 0.01618289 0.9998367 0.008055448 0.01979893 0.999779 0.007071733 0.01584595 0.9998184 0.0105881 0.01987004 0.9997799 0.006728231 0.01649826 0.9998078 0.01059043 0.01271343 0.9998399 0.01259315 0.01740646 0.9998207 0.007471501 0.01658338 0.9998323 0.00777471 0.01677983 0.9998269 0.008050203 0.01626312 0.9998345 0.008155167 0.02830415 0.9995912 0.004036307 0.01963478 0.9997248 0.01284283 0.01745706 0.9998172 0.007802426 0.02832782 0.9995908 0.003971934 0.01583325 0.999843 0.007969081 -0.01022392 0.9983161 0.05710154 0.0200206 0.9952929 0.09482318 0.01640981 0.9998316 0.008221149 0.01280504 0.9998742 0.009370088 0.01727348 0.9998199 0.007873773 0.01536446 0.9998465 0.008437573 0.01052582 0.9998652 0.01259827 0.01265299 0.9998796 0.008987009 0.01272606 0.999879 0.008959352 0.01265186 0.9998768 0.009297311 0.01252001 0.999878 0.009349942 0.01593095 0.9998348 0.008758962 0.01944035 0.9997913 0.006286799 0.02621567 0.9996456 0.00463885 0.02124106 0.9997339 0.009002983 0.01246207 0.9998781 0.009405791 0.02707046 0.9996252 0.004089534 0.01432293 0.9998635 0.008237898 0.02325552 0.9996222 0.01464915 0.01538145 0.9941205 0.1071821 0.008470833 0.9999063 0.01076406 0.001069009 0.9999126 0.01318341 0.01019334 0.9998958 0.01022386 0.008601307 0.9999063 0.01065945 0.005435228 0.9998911 0.01372087 0.00866878 0.9998688 0.01368224 0.008576571 0.9999102 0.01030921 0.008653223 0.9999098 0.01027941 0.008575916 0.999907 0.01061767 0.008437275 0.9999075 0.01067376 0.01043748 0.9998964 0.009918689 0.006225824 0.9999173 0.0112614 0.01251941 0.9998776 0.009384393 0.001922667 0.999918 0.01266527 0.001861631 0.9999157 0.01284837 0.006500482 0.9998545 0.01577818 0.01263386 0.9998798 0.008997082 0.008367359 0.9999074 0.01073449 0.006836295 0.9995061 0.03067183 0.006958246 0.9982719 0.05835205 0.001983702 0.9998173 0.01901298 0.0107426 0.992653 0.1205185 0.00809586 0.9999074 0.01093959 0.002227842 0.999915 0.01284837 -0.002319395 0.9998901 0.01464903 0.002472043 0.9998968 0.01416081 0.006378471 0.9999014 0.01251286 -0.007996022 0.9998406 0.01596152 -0.01333665 0.999764 0.01715153 -0.01309281 0.9997538 0.01791483 0.006286799 0.9999155 0.01138347 0.008437037 0.9999071 0.01070815 -0.002807736 0.9998919 0.01443541 -0.003204464 0.9998894 0.01452696 0.001770019 0.9999095 0.01333659 0.002075254 0.9993796 0.03515803 0.002105772 0.997942 0.06408995 -0.002838253 0.9997417 0.0225535 0.005249202 0.9906962 0.135991 0.004455685 0.9999167 0.01211589 -0.004639387 0.9998742 0.01517057 -0.0032655 0.9998857 0.01477104 -0.008728325 0.999822 0.01672422 -0.01342839 0.9997444 0.01818937 -0.007782399 0.9998399 0.01611411 -0.01321482 0.9997506 0.01800632 0.002723693 0.9999163 0.01265627 -0.007141411 0.9998599 0.01513737 -0.002777218 0.9998902 0.01455748 -0.002533078 0.9998987 0.01400828 -0.002655148 0.9998955 0.01422184 -0.008056938 0.9996158 0.0265209 -0.007873892 0.9998075 0.01797574 -0.002899289 0.9998742 0.01559537 -0.00778234 0.999839 0.01617515 -0.007995963 0.9998382 0.01611411 -0.002929806 0.9991926 0.04007142 -0.003021299 0.9975353 0.07010149 -0.005981683 0.9915865 0.1293082 -0.009674608 0.9839462 0.1782029 -2.13631e-4 0.9883502 0.1521971 -4.88309e-4 0.9999039 0.01385575 -0.001220762 0.9999075 0.01355057 -0.009033501 0.9998224 0.01654112 -0.01199394 0.9998027 0.01583933 -0.007873952 0.9998455 0.01571744 -0.007782399 0.9998448 0.01580899 -0.01351994 0.999746 0.01803678 -0.008362293 0.9989279 0.04553478 -0.008667349 0.9969912 0.0770297 -0.01373338 0.9994277 0.03091543 -0.006348013 0.9853194 0.1706035 -0.005951166 0.9998579 0.01577818 -0.01393759 0.9997357 0.01829081 -0.01229906 0.9997655 0.01782298 -0.01269572 0.9997611 0.01779234 -0.01687705 0.9997146 0.01690757 -0.01947087 0.9996082 0.02011179 -0.01953184 0.9996058 0.02017277 -0.01342815 0.9996964 0.02066105 -0.01425212 0.9985674 0.05157637 -0.01458823 0.9963341 0.08429437 -0.01989835 0.999161 0.03579872 -0.01388621 0.9897378 0.1422194 -0.01974576 0.9786213 0.2047212 -0.02182108 0.9995909 0.01849454 -0.01922667 0.9996362 0.01892149 -0.02594131 0.9994118 0.02243155 -0.02597177 0.9994097 0.02249258 -0.01944065 0.9995306 0.02368277 -0.0205698 0.998093 0.0581997 -0.02102762 0.9955017 0.09238123 -0.02649062 0.9988009 0.04117035 -0.02041751 0.9879452 0.1534518 -0.01767241 0.9996401 0.02018243 -0.02711778 0.9993665 0.02305251 -0.02273684 0.999506 0.02169919 -0.03695857 0.9989502 0.0270704 -0.03988784 0.9988139 0.02792453 -0.01907444 0.9996225 0.01977634 -0.0268259 0.9994266 0.02066111 -0.02560573 0.9994484 0.02114987 -0.03289997 0.9991461 0.02499538 -0.02594077 0.9993003 0.02694785 -0.03305232 0.9991388 0.02508676 -0.02737528 0.9974755 0.06552374 -0.02792519 0.9944739 0.1012023 -0.03357058 0.9983294 0.04702937 -0.02719253 0.9858596 0.1653527 -0.02847433 0.973407 0.2273063 -0.01800632 0.9782631 0.2065846 -0.03514093 0.9990415 0.02610176 -0.03094613 0.9992191 0.02456766 -0.04010242 0.998807 0.02786415 -0.04339742 0.9986292 0.02926731 -0.04638904 0.9984636 0.03030544 -0.03152573 0.9992423 0.02282792 -0.03244149 0.9991865 0.02395725 -0.04034614 0.9987972 0.02786386 -0.04043769 0.9987961 0.0277723 -0.03286939 0.9989927 0.03054994 -0.0346089 0.9966998 0.07342946 -0.03524982 0.9932225 0.1107548 -0.04123061 0.9977147 0.05352962 -0.03421223 0.9834873 0.1777144 -0.03521895 0.9687966 0.2453426 -0.04152798 0.9987359 0.02832019 -0.05279773 0.9980612 0.03296041 -0.05612415 0.9978449 0.03399801 -0.05777257 0.9977298 0.0346086 -0.09500461 0.9942681 0.04904347 -0.1099614 0.9923997 0.05524009 -0.1174665 0.9913395 0.05871796 -0.03644007 0.9989895 0.02630764 -0.04187184 0.9987301 0.02801632 -0.04019296 0.9988127 0.02752774 -0.04849517 0.9983478 0.03082448 -0.04879951 0.998331 0.03088498 -0.04043781 0.9985858 0.0345171 -0.04242163 0.9957186 0.08212709 -0.04312348 0.9916883 0.1212219 -0.04968529 0.9969111 0.06082481 -0.04174983 0.9806329 0.1913534 -0.02771174 0.9711032 0.2370457 -0.04226905 0.9633388 0.2649372 -0.0479415 0.998378 0.03071171 -0.05073934 0.9982032 0.03187561 -0.06439483 0.9972354 0.0370804 -0.05908459 0.9958631 0.0690338 -0.05813896 0.9973353 0.04406964 -0.05804675 0.9977213 0.03439468 -0.05807709 0.9977184 0.03442507 -0.04880064 0.998048 0.03897333 -0.05099725 0.9944622 0.09189271 -0.05175977 0.989784 0.1328481 -0.05008262 0.9771456 0.206587 -0.04992938 0.9568381 0.2863007 -0.03790444 0.9619252 0.2706721 -0.1860415 0.9787629 0.086093 -0.1758516 0.9808871 0.08328688 -0.08008164 0.995863 0.04294008 -0.08026397 0.9958537 0.04281765 -0.06851559 0.9969099 0.03842365 -0.06854599 0.9969078 0.03842359 -0.06051939 0.9928479 0.1029105 -0.0612213 0.9874151 0.1458203 -0.06964373 0.9944838 0.07843315 -0.05923783 0.972862 0.2236755 -0.0581693 0.949051 0.3097074 -0.04800683 0.9512558 0.3046436 -0.06658214 0.9970653 0.03778582 -0.2258734 0.9686829 0.1031247 -0.2372252 0.9654728 0.107641 -0.233718 0.9663379 0.1075506 -0.3861882 0.9016551 0.19462 -0.9138782 -0.06793653 0.4002642 -0.8053631 -0.4530225 0.3823102 -0.08050793 0.9958208 0.0431227 -0.08054083 0.9958193 0.04309344 -0.06863814 0.9963975 0.04980766 -0.07111018 0.9907819 0.1153023 -0.07184153 0.9843882 0.1606822 -0.08169877 0.9926542 0.08923691 -0.06940114 0.9675569 0.2429345 -0.0672639 0.9395284 0.3358009 -0.2805047 0.9515367 0.126076 -0.2658849 0.9562945 0.1216807 -0.5539613 0.7943643 0.2492231 -0.6259534 0.718824 0.3024475 -0.5494027 0.7947753 0.2578548 -0.09439635 0.9943514 0.04852575 -0.1102644 0.9923796 0.05499482 -0.09460961 0.9934316 0.06436502 -0.09461015 0.9943221 0.04870891 -0.08066207 0.9951376 0.05652141 -0.0831651 0.9880626 0.1296765 -0.08374327 0.9805354 0.1775883 -0.09555608 0.9902005 0.1018431 -0.08081471 0.9608649 0.2649673 -0.07712221 0.9280914 0.3642781 -0.06045848 0.9359926 0.3467894 -0.09173107 0.9946412 0.04769033 -0.111854 0.9921591 0.05575913 -0.6655136 -0.6485751 0.3693805 -0.5572815 0.793409 0.2448254 -0.09418231 0.9943777 0.0484035 -0.1102045 0.9923897 0.05493438 -0.09396827 0.9944038 0.04828119 -0.09695869 0.9844806 0.1462774 -0.09717363 0.9755817 0.1969719 -0.1114556 0.9869254 0.1164302 -0.09372276 0.9523649 0.2902018 -0.07410061 0.9159729 0.3943386 -0.08865791 0.9128255 0.3986096 -0.1082548 0.9926471 0.05415588 -0.195934 0.9764047 0.09079498 -0.8497564 0.3561634 0.3886668 -0.7177836 0.5974766 0.3575032 -0.1101112 0.9924051 0.05484199 -0.1286967 0.9897164 0.06244093 -0.1291888 0.9896541 0.06241226 -0.1105086 0.9911591 0.07342821 -0.1125528 0.9798018 0.1652891 -0.1125246 0.9691097 0.2194642 -0.1297051 0.9825549 0.1332759 -0.1078867 0.9418348 0.3182889 -0.1011413 0.8946762 0.435115 -0.1526257 0.9856427 0.07220798 -0.1882137 0.9782717 0.08695 -0.1528393 0.9856119 0.07217746 -0.1528716 0.9855933 0.07236146 -0.1529002 0.9856113 0.07205533 -0.1290348 0.9880873 0.08386653 -0.1304066 0.9736093 0.1872936 -0.1300429 0.9606273 0.2455282 -0.1534184 0.975841 0.1555547 -0.1241537 0.927979 0.3513417 -0.09735685 0.873618 0.4767741 -0.1149041 0.8714703 0.4767984 -0.08804762 0.8921346 0.4431069 -0.4189356 -0.8872206 0.1932164 -0.5511378 -0.7940974 0.2562353 -0.4746928 -0.8547766 0.2098182 -0.2504701 -0.9612595 0.1150874 -0.3165445 -0.9374869 0.1446301 -0.2697896 -0.9550675 0.1227176 -0.1527803 0.9856254 0.07211738 -0.1880877 0.9639384 0.1882709 -0.189186 0.9746787 0.1192064 -0.1535095 0.9832547 0.0982095 -0.1533281 0.9642829 0.2159839 -0.1520171 0.9482069 0.2789167 -0.1440493 0.9084264 0.3924429 -0.1313245 0.8399212 0.5265797 -0.1062385 0.8543642 0.5086998 -0.2523049 0.9606323 0.1163098 -0.2125341 -0.9720598 0.09964442 -0.1881227 0.9783053 0.08676713 -0.1881781 0.978276 0.08697819 -0.2338955 0.9664672 0.1059916 -0.3182888 0.9373481 0.1416719 -0.2343876 0.9611723 0.1456377 -0.1885477 0.978202 0.08701026 -0.1864124 0.9480542 0.2577667 -0.1832965 0.9270421 0.3271015 -0.2313358 0.9456083 0.2287112 -0.1716069 0.8760408 0.4506704 -0.1525377 0.7913773 0.5919917 -0.1152709 0.8328986 0.541288 -0.1267451 0.8019459 0.5837966 -0.4305672 0.8795987 0.2022823 -0.2335005 0.9665659 0.1059618 -0.3616539 -0.9139011 0.1843672 -0.233717 0.9665167 0.1059326 -0.233502 0.9665721 0.1059014 -0.2271817 0.9234678 0.3091858 -0.2210524 0.895868 0.3854302 -0.3092244 0.9012432 0.3035477 -0.2035941 0.8316505 0.5166304 -0.1757299 0.7292273 0.6613219 -0.1406026 0.7597487 0.634833 -0.4923385 0.8429452 0.2169012 -0.3180415 0.9373999 0.1418842 -0.3179135 0.9374437 0.1418815 -0.3189868 0.927143 0.1966047 -0.2970446 0.8673593 0.3993149 -0.2830308 0.8280344 0.4839966 -0.5012222 0.7195894 0.4805909 -0.2508696 0.7454673 0.6175299 -0.205639 0.6249129 0.7531245 -0.1548565 0.7097029 0.687271 -0.1679771 0.6550924 0.7366395 -0.6075097 -0.7259537 0.3223714 -0.2294768 -0.9676849 0.1045296 -0.1493611 -0.9862291 0.07101821 -0.5572573 0.7933874 0.2449502 -0.5489173 0.767648 0.3307664 -0.4516232 0.6664174 0.5932323 -0.4076746 0.6135262 0.6763041 -0.7473219 -1.22077e-4 0.6644624 -0.3360783 0.5285329 0.779554 -0.1821385 0.5852361 0.7901419 -0.2510529 0.410456 0.8766404 -0.5341101 -0.8113433 0.2375891 -0.3294808 -0.9297547 0.1643131 -0.1735935 -0.9814074 0.08188313 -0.165078 -0.9830214 0.08011269 -0.9161497 -9.1557e-5 0.4008364 -0.5011883 -0.7196761 0.4804962 -0.4515938 -0.6665717 0.5930813 -0.624937 -9.15569e-5 0.7806753 -0.5354035 -6.1039e-5 0.8445965 -0.4306206 0 0.9025331 -0.8737958 -3.05192e-5 0.4862932 -0.2949993 0 0.9554975 -0.2067663 0.4238482 0.8818166 -0.2929181 -0.9470552 0.1314744 -0.1014763 -0.9934602 0.05234038 -0.1070615 -0.9927905 0.05389696 -0.1881496 -0.9782868 0.08691811 -0.1528382 -0.9856053 0.07226854 -0.5571631 -0.7934447 0.2449796 -0.557164 -0.7934155 0.2450716 -0.5573769 -0.793445 0.2444914 -0.318036 -0.9373836 0.1420037 -0.3182523 -0.937361 0.1416692 -0.5488294 -0.7676836 0.3308297 -0.4077108 -0.6136263 0.6761914 -0.309191 -0.9012349 0.303606 -0.3360461 -0.5284693 0.7796111 -0.2264193 -0.1733776 0.9584752 -0.2510784 -0.4104782 0.8766228 -0.2270314 0.1768885 0.9576885 -0.3179501 -0.9374309 0.1418842 -0.1217101 -0.9907414 0.06015312 -0.3178614 -0.93747 0.1418245 -0.2313326 -0.9455951 0.228769 -0.2343834 -0.9611552 0.1457571 -0.3189536 -0.9271353 0.1966946 -0.2970434 -0.8674167 0.3991912 -0.2830684 -0.8280858 0.4838867 -0.2508706 -0.7454397 0.6175628 -0.2055764 -0.624756 0.7532718 -0.2064605 -0.4255864 0.8810507 -0.182839 -0.9794753 0.08484268 -0.1926648 -0.9772098 0.08911466 -0.2335644 -0.966547 0.1059936 -0.2335317 -0.9665684 0.1058705 -0.2335301 -0.9665622 0.1059309 -0.233932 -0.9664614 0.1059637 -0.2272129 -0.9235007 0.3090645 -0.2210832 -0.8958996 0.3853391 -0.1881195 -0.9639141 0.1883636 -0.2035329 -0.8317415 0.516508 -0.1757282 -0.7290675 0.6614985 -0.1825029 -0.5833989 0.7914155 -0.167578 -0.6568837 0.7351336 -0.1098263 -0.9924392 0.05479586 -0.08731412 -0.9950945 0.04651057 -0.1881222 -0.9783028 0.08679747 -0.1890041 -0.978103 0.08713167 -0.1890339 -0.9747119 0.1191762 -0.1864394 -0.9480668 0.2577009 -0.1833887 -0.9270451 0.3270416 -0.1534505 -0.9758211 0.1556479 -0.1716411 -0.8760291 0.4506801 -0.1525052 -0.7912753 0.5921365 -0.1550984 -0.708594 0.6883597 -0.1304687 -0.989426 0.06335741 -0.09356266 -0.9944382 0.04836261 -0.07125926 -0.9966652 0.03975653 -0.05353105 -0.998016 0.03314405 -0.05005079 -0.9982393 0.03183108 -0.1526568 -0.9856469 0.07208621 -0.09454691 -0.9943296 0.04867726 -0.153692 -0.9831895 0.09857529 -0.1288218 -0.9897096 0.06228983 -0.15336 -0.9642911 0.2159247 -0.1521371 -0.9482247 0.2787908 -0.1297075 -0.9825419 0.1333698 -0.1441107 -0.9083371 0.392627 -0.1310479 -0.8402752 0.5260838 -0.1404216 -0.7604619 0.6340184 -0.1265034 -0.8026636 0.5828619 -0.05960267 -0.997603 0.03515636 -0.1283648 -0.9897766 0.06216812 -0.1286984 -0.9897295 0.06222808 -0.1293107 -0.9880356 0.08405047 -0.1304681 -0.9736129 0.1872332 -0.1300421 -0.9606824 0.2453131 -0.1114845 -0.9869115 0.1165201 -0.1241811 -0.9279555 0.3513938 -0.1157576 -0.8314834 0.5433559 -0.114935 -0.8715652 0.4766172 -0.09189337 -0.9946213 0.04779309 -0.1099914 -0.9924252 0.05472099 -0.1107843 -0.9911078 0.07370358 -0.09558546 -0.9901884 0.1019334 -0.09704983 -0.9844763 0.1462462 -0.1126471 -0.9797953 0.1652626 -0.09436613 -0.9943543 0.04852592 -0.1125853 -0.9691374 0.219311 -0.1079782 -0.9417419 0.3185326 -0.1015055 -0.8938954 0.4366323 -0.1064506 -0.8538327 0.5095468 -0.07861775 -0.995998 0.04251337 -0.05527108 -0.9979074 0.03355652 -0.09436351 -0.9943575 0.04846352 -0.09393805 -0.9944067 0.04828131 -0.08041721 -0.9958307 0.04306209 -0.08054083 -0.9958193 0.04309344 -0.09497642 -0.9933767 0.06467062 -0.09738636 -0.9755423 0.1970617 -0.0817309 -0.992643 0.08933019 -0.09375596 -0.9523313 0.2903017 -0.08756029 -0.892755 0.4419522 -0.08865791 -0.9128255 0.3986096 -0.09766066 -0.8729037 0.4780187 -0.08081936 -0.9957879 0.04329746 -0.06628727 -0.9970862 0.03775197 -0.08020335 -0.9958585 0.04281783 -0.05798625 -0.99773 0.03424239 -0.06842452 -0.9969173 0.03839343 -0.08102709 -0.9950925 0.05679523 -0.08328634 -0.9880526 0.1296752 -0.08389735 -0.9805216 0.1775913 -0.08090513 -0.9607909 0.2652078 -0.07718217 -0.9279565 0.3646088 -0.07428318 -0.9156304 0.3950987 -0.06813389 -0.9969384 0.03836488 -0.06830155 -0.996934 0.03817927 -0.06897342 -0.9963607 0.05008202 -0.06970626 -0.9944744 0.07849586 -0.07120126 -0.9907754 0.1153015 -0.07196515 -0.9843786 0.1606855 -0.05914521 -0.9958553 0.0690943 -0.06949168 -0.9674823 0.2432057 -0.06729537 -0.9394806 0.3359277 -0.06021505 -0.9361874 0.3463054 -0.0462051 -0.998476 0.03018283 -0.05774128 -0.9977463 0.03418087 -0.0486474 -0.9983403 0.03082424 -0.06064099 -0.9928405 0.1029097 -0.06140476 -0.9873901 0.1459126 -0.04974609 -0.9969062 0.06085503 -0.05932986 -0.9727785 0.2240131 -0.05823075 -0.9489668 0.3099539 -0.04762971 -0.9983963 0.03059935 -0.02504706 -0.9994381 0.02227735 -0.0401014 -0.998813 0.02764981 -0.04864752 -0.9983431 0.03073281 -0.04800701 -0.9983816 0.03048884 -0.0402854 -0.9988047 0.02768099 -0.04043769 -0.9987961 0.0277723 -0.04910469 -0.9980247 0.03918606 -0.0511493 -0.9944517 0.09192228 -0.0519129 -0.9897635 0.132941 -0.04129272 -0.9977105 0.05356156 -0.05020445 -0.9770491 0.2070133 -0.04901427 -0.9574577 0.2843807 -0.04846394 -0.9507539 0.3061346 -0.01755422 -0.999653 0.01964104 -0.04821985 -0.9983649 0.03070199 -0.03189206 -0.9992136 0.0235604 -0.03998017 -0.9988329 0.02710103 -0.03289997 -0.9991461 0.02499538 -0.03274655 -0.9991527 0.02493375 -0.04074347 -0.9985669 0.03470063 -0.04257386 -0.9957097 0.08215683 -0.04327565 -0.9916782 0.1212512 -0.03363156 -0.9983272 0.04702925 -0.04187202 -0.9805442 0.1917812 -0.03711158 -0.9626129 0.2683267 -0.03790438 -0.9663789 0.2543134 -0.02983003 -0.9992628 0.02417117 -0.03601199 -0.9989986 0.02655124 -0.0120626 -0.9997705 0.01771003 -0.02685642 -0.9994252 0.02069163 -0.03259402 -0.9991838 0.02386564 -0.02658212 -0.9987986 0.04117023 -0.0275591 -0.9974684 0.06555581 -0.0347613 -0.9966945 0.07342904 -0.02600222 -0.9994089 0.02249252 -0.0258193 -0.9994156 0.02240115 -0.03317409 -0.998977 0.03073257 -0.03549379 -0.9931865 0.1109983 -0.03430366 -0.9834235 0.1780496 -0.03252303 -0.999158 0.02501356 -0.02282452 -0.9995052 0.0216422 -0.02642965 -0.9993837 0.02310305 -0.006462216 -0.9998549 0.01576036 -0.02508682 -0.9994451 0.02191281 -0.02182108 -0.9995909 0.01849454 -0.0257582 -0.9994439 0.02118033 -0.01937937 -0.9996106 0.02008128 -0.01953184 -0.9996058 0.02017277 -0.02621591 -0.9992889 0.02710098 -0.02823007 -0.9944312 0.1015367 -0.0199899 -0.9991602 0.03576821 -0.0273447 -0.9857533 0.1659606 -0.02725315 -0.9713187 0.2362147 -0.02551364 -0.9750744 0.2204065 -0.028535 -0.9993064 0.02392667 -0.01931875 -0.9996019 0.02057003 -0.02401864 -0.9994767 0.02166867 -0.03051429 -0.9992435 0.02411079 -0.01687705 -0.9997141 0.01693809 -0.01934927 -0.9996326 0.01898306 -0.01303178 -0.9997552 0.01788437 -0.01351994 -0.999746 0.01803678 -0.01974564 -0.9995216 0.02380466 -0.02075278 -0.9980876 0.05822986 -0.02130222 -0.9954675 0.09268605 -0.02053928 -0.9878718 0.1539077 -0.01623612 -0.9794194 0.201182 -0.02157711 -0.999537 0.02145504 -0.01052337 -0.9997948 0.01731425 -0.01358085 -0.9997368 0.01849442 -0.01907444 -0.9996225 0.01977634 -0.01199394 -0.9998022 0.01586985 -0.01342821 -0.9997623 0.01718199 -0.007812857 -0.9998387 0.01617515 -0.007995963 -0.9998382 0.01611411 -0.01382499 -0.9994292 0.03082394 -0.01373362 -0.9996897 0.0207836 -0.01443564 -0.9985647 0.0515778 -0.01486283 -0.9963017 0.08462995 -0.00814855 -0.9996183 0.02639889 -0.01437437 -0.989546 0.1435 -0.01440495 -0.9815817 0.1904994 -0.01605302 -0.999684 0.01934909 -0.007995963 -0.9998318 0.01651072 -0.009308159 -0.9998183 0.01663261 -0.007141411 -0.9998599 0.01513737 -0.007904469 -0.9998453 0.01571744 -0.007873952 -0.9998431 0.01587003 -0.007996022 -0.9998406 0.01596152 -0.003143429 -0.9998905 0.01446592 -0.002807736 -0.9998919 0.01443541 -0.008179068 -0.9998039 0.01803672 -0.008575856 -0.9989247 0.04556518 -0.008881032 -0.996968 0.07730489 -0.002929806 -0.9997442 0.02243149 -0.008606314 -0.9910087 0.13352 -0.006988823 -0.9850607 0.1720659 -0.009705066 -0.9998053 0.01718223 3.71394e-4 -0.9999033 0.01390737 -0.004303097 -0.9998795 0.01492357 -0.002319395 -0.9998901 0.01464903 -0.002807736 -0.9998902 0.01455748 -0.005076527 -0.9998721 0.01517492 -0.002533078 -0.9998987 0.01400828 -0.002655148 -0.9998955 0.01422184 -0.003143429 -0.9998731 0.01562583 -0.003143429 -0.9991907 0.04010188 -0.003326475 -0.9975 0.07058948 -0.003235042 -0.9921889 0.1247026 -0.005554378 -0.9859364 0.1670287 8.24008e-4 -0.9888702 0.1487791 -0.005096673 -0.9998673 0.01547318 0.00412631 -0.9999102 0.01274859 0.001739561 -0.9999129 0.01309245 5.01518e-4 -0.9998971 0.01434355 -2.49536e-4 -0.9998918 0.01471346 0.001861631 -0.9999074 0.01348954 0.002014219 -0.9999182 0.01263475 0.001861631 -0.9999157 0.01284837 0.001678466 -0.9999105 0.01327556 0.001892149 -0.9998204 0.01886045 0.001892149 -0.9999181 0.01266527 0.001861631 -0.999379 0.03518849 0.006408929 -0.9998579 0.01559507 0.001770079 -0.9979131 0.06454783 0.001739561 -0.9932152 0.1162779 -0.001068174 -0.9998745 0.01580899 0.008681237 -0.9998978 0.01136165 0.007019221 -0.9999099 0.01144444 0.005438029 -0.9998914 0.01370239 0.004303634 -0.9998885 0.01429766 0.006256401 -0.9999018 0.01254338 0.008576154 -0.9999068 0.01062536 0.006408929 -0.9999172 0.01116985 0.006256282 -0.9999157 0.01138347 0.008430898 -0.9999071 0.01071459 0.004087388 -0.9999221 0.01179689 0.008367538 -0.9999074 0.01073217 0.006225824 -0.9999173 0.0112614 0.006592154 -0.9995068 0.03070241 0.01101732 -0.9998618 0.0124517 0.006256341 -0.9999174 0.01123088 0.006439566 -0.994046 0.108771 8.24009e-4 -0.988658 0.1501832 0.006958365 -0.9982575 0.05859714 0.005371212 -0.9907249 0.1357772 0.004944026 -0.9999155 0.01202434 0.01352626 -0.9998661 0.009206295 0.008693754 -0.9999058 0.01062119 0.004058957 -0.9999199 0.01199388 0.01053273 -0.9998654 0.01259142 0.008553445 -0.9998695 0.01371389 0.008535802 -0.9999104 0.01031512 0.008431553 -0.9999076 0.01066058 0.0124424 -0.9998784 0.009409189 0.01141411 -0.9995904 0.02624636 0.004255771 -0.9999218 0.01176047 0.01684623 -0.99982 0.008728265 0.01043754 -0.999902 0.009338855 0.01086467 -0.9947602 0.1016581 0.005096673 -0.99023 0.1393512 0.01361161 -0.9985919 0.05127245 0.01068162 -0.9926609 0.1204584 0.0087049 -0.9999056 0.01064145 0.01676493 -0.9998244 0.008389711 0.01266592 -0.999876 0.009356558 0.02138137 -0.9997403 0.007885158 0.008369743 -0.9999077 0.01070624 0.005264461 -0.999931 0.01050889 0.01210933 -0.9998749 0.01017856 0.01584231 -0.9998182 0.01060944 0.0126 -0.999841 0.01262396 0.008576929 -0.9999102 0.01030415 0.02355092 -0.9997072 0.005566418 0.01261478 -0.99988 0.008991837 0.01265221 -0.9998796 0.008982181 0.01251822 -0.9998782 0.009335994 0.01251739 -0.9998776 0.009389042 0.01244914 -0.9998815 0.00906074 0.008373737 -0.9999111 0.01038336 0.01467961 -0.9998641 0.007507622 0.008541464 -0.9999101 0.01034837 0.01262873 -0.9998908 0.007672369 0.01522886 -0.995401 0.09457772 0.01754856 -0.9996288 0.02084463 0.01538175 -0.9940477 0.1078556 0.01651632 -0.9998307 0.008127987 0.02236741 -0.9997212 0.007575631 0.01279056 -0.999875 0.009301066 0.01265591 -0.9998721 0.009790658 0.0215013 -0.9997437 0.007097363 0.01640683 -0.999809 0.01062226 0.01265126 -0.9998768 0.009303867 0.01647549 -0.9998342 0.007759749 0.01651704 -0.9998336 0.007749319 0.01637262 -0.9998332 0.008105158 0.01637214 -0.9998328 0.008158028 0.01630771 -0.9998364 0.007829308 0.01630139 -0.9998337 0.008177101 0.021577 -0.9988603 0.04257416 0.01262342 -0.9998796 0.009025335 0.01916587 -0.995894 0.08847439 0.00878936 -0.9914337 0.1303153 0.01709604 -0.999841 0.005069911 0.01245176 -0.9925436 0.1212525 0.01652354 -0.9998305 0.008126914 0.02399814 -0.9996942 0.005976021 0.02747952 -0.9996072 0.005517125 0.0165162 -0.9998309 0.008094549 0.0165103 -0.9998255 0.00873816 0.01767528 -0.999804 0.008928 0.02432155 -0.9996787 0.007147252 0.01988393 -0.9997798 0.006711721 0.01651591 -0.9998311 0.008071482 0.02014082 -0.9997732 0.006933748 0.01999872 -0.9997779 0.006655871 0.02014142 -0.9997752 0.006626546 0.02000606 -0.9997757 0.006964385 0.02000522 -0.9997753 0.007016837 0.02315169 -0.9997153 0.005779385 0.02399545 -0.9996952 0.005812466 0.01992189 -0.9997768 0.007038891 0.02386569 -0.9997057 0.004364192 0.02487277 -0.9995816 0.01477104 0.01704519 -0.9998252 0.0076828 0.0200507 -0.9952428 0.09534013 0.01571726 -0.9934241 0.1134086 0.02304148 -0.9963405 0.08230865 0.02027285 -0.9997704 0.006949901 0.02355384 -0.999705 0.00593394 0.02960371 -0.9995515 0.004540264 0.02001583 -0.9997752 0.006995856 0.02013033 -0.9997707 0.007311046 0.02369767 -0.999704 0.005536198 0.0234273 -0.9997085 0.005846619 0.02342522 -0.9997079 0.00595951 0.01993101 -0.9997797 0.00659269 0.02062821 -0.9997796 0.003920376 0.03018283 -0.9995442 7.01927e-4 0.02306437 -0.9997171 0.005817174 0.02283453 -0.9997367 0.002281069 0.02664303 -0.9966893 0.07681626 0.01892197 -0.9941998 0.1058717 0.0290234 -0.9989732 0.03479146 0.02438449 -0.9961633 0.08404868 0.02584385 -0.9996524 0.005230009 0.02692604 -0.9996253 0.00491333 0.03388535 -0.9994177 0.004016518 0.02379411 -0.9996998 0.005846619 0.0226919 -0.9997209 0.006580948 0.02640289 -0.9996401 0.004747152 0.0234909 -0.9997085 0.005595088 0.02680093 -0.9996303 0.004586517 0.02600526 -0.9996491 0.005070924 0.02684527 -0.9996291 0.004579663 0.0266385 -0.999633 0.00493288 0.02663737 -0.9996327 0.005014657 0.02652317 -0.999637 0.004763782 0.02801603 -0.9996051 0.002197325 0.02654641 -0.9996363 0.004758954 0.02664577 -0.9996447 6.92647e-4 0.03003054 -0.9969903 0.07147514 0.0219435 -0.9948753 0.0987001 0.03170877 -0.9994521 0.009491264 0.02819925 -0.996802 0.0747708 0.02675688 -0.9996298 0.004954278 0.03265911 -0.9994605 0.003494083 0.02978456 -0.9995482 0.00405693 0.02964192 -0.9995527 0.004003703 0.02978152 -0.9995496 0.003722548 0.02909708 -0.9995687 0.003996193 0.03267019 -0.9994621 0.002866387 0.02980768 -0.9995477 0.003997862 0.02980846 -0.9995489 0.003702521 0.02968096 -0.9995514 0.004024982 0.02967977 -0.9995511 0.004105448 0.02956151 -0.9995555 0.003856837 0.0378735 -0.9992696 0.005096554 0.02955508 -0.9995546 0.00413531 0.02958166 -0.999555 0.003852546 0.03317445 -0.9972185 0.06674569 0.03100699 -0.9995186 0.001037597 0.03570681 -0.998967 0.02810764 0.02475082 -0.9954359 0.09216713 0.03003281 -0.9995409 0.004019439 0.03265386 -0.9994617 0.003190696 0.03267002 -0.999462 0.002918064 0.03268891 -0.9994606 0.003153622 0.03268957 -0.9994615 0.002862393 0.03255909 -0.9994648 0.003180623 0.03255802 -0.9994646 0.003259718 0.03242248 -0.9994697 0.003017544 0.03378427 -0.9994292 9.15564e-5 0.03192251 -0.9973202 0.0658288 0.02746689 -0.9959189 0.08597135 0.03634804 -0.9974208 0.06189244 0.03282541 -0.9994561 0.003166496 0.03539776 -0.9993704 0.002428829 0.0337637 -0.9994257 0.002860426 0.03535437 -0.9993734 0.001702785 0.03299456 -0.9994515 0.00287652 0.03325062 -0.9994438 0.002558112 0.03486615 -0.9993889 0.002483069 0.03214216 -0.9994788 0.0030303 0.03639566 -0.9993357 0.001888036 0.03546798 -0.9993687 0.002089381 0.03541719 -0.9993705 0.002079606 0.03539699 -0.9993712 0.00210148 0.03540849 -0.9993701 0.002370178 0.03540951 -0.9993708 0.002081215 0.03528171 -0.9993746 0.002395927 0.03515839 -0.9993786 0.002500653 0.03528064 -0.9993744 0.002472877 0.03246653 -0.9994684 0.003008782 0.03516477 -0.9993791 0.00222969 0.0416581 -0.9988801 0.02243131 0.03915554 -0.997567 0.05768042 0.02993899 -0.996319 0.08032566 0.03543305 -0.9977114 0.05759018 0.03575682 -0.9993578 0.002368271 0.03792279 -0.9992792 0.001707673 0.04204386 -0.9991155 6.94542e-4 0.03535419 -0.999372 0.002402603 0.03789806 -0.9992809 0.001151382 0.03782421 -0.9992833 0.001506447 0.03580528 -0.9993563 0.002268075 0.03833484 -0.999264 0.00143218 0.03738445 -0.9992997 0.001601696 0.03796809 -0.999278 0.001366317 0.03784143 -0.9992824 0.001671075 0.03790575 -0.9992805 0.001378357 0.03796756 -0.9992777 0.001646339 0.03768467 -0.9992881 0.001781702 0.0351963 -0.999378 0.00222361 0.0378406 -0.9992823 0.00174719 0.03769057 -0.9992884 0.001516997 0.04187172 -0.9976897 0.0534994 0.03891122 -0.9992416 -0.001525878 0.04297095 -0.9990747 0.001831114 0.03888165 -0.9979835 0.05017381 0.03815692 -0.9992703 0.001673698 0.0453943 -0.9989692 -1.60271e-4 0.03789848 -0.9992803 0.00168097 0.03885447 -0.9992442 0.001212477 0.04023706 -0.9991898 8.87654e-4 0.04030704 -0.9991871 7.6223e-4 0.04075366 -0.999169 6.77413e-4 0.04036152 -0.999185 7.05134e-4 0.04022461 -0.9991902 0.001007497 0.0403611 -0.999185 7.05033e-4 0.04036104 -0.9991847 9.8143e-4 0.04009944 -0.9991952 0.001108407 0.03772819 -0.9992869 0.001509964 0.04022371 -0.9991902 0.001081466 0.04010534 -0.9991951 8.49149e-4 0.04126226 -0.999146 -0.002227902 0.04345905 -0.9990403 -0.005462884 0.0323807 -0.9966611 0.0749548 0.04431414 -0.9977707 0.04989922 0.03469997 -0.9969618 0.0697357 0.04066205 -0.9991725 9.80903e-4 0.04594403 -0.9989441 -3.11583e-4 0.04012781 -0.999194 0.001063048 0.03814893 -0.999271 0.001479685 0.04256629 -0.9990936 3.11522e-4 0.0421108 -0.9991129 3.19502e-4 0.04267776 -0.9990889 2.67319e-4 0.04228889 -0.9991055 2.47712e-4 0.04258555 -0.9990929 1.43118e-4 0.04259383 -0.9990925 1.05658e-4 0.04248571 -0.9990971 3.91418e-4 0.04253417 -0.999095 1.16528e-4 0.04259324 -0.9990925 3.71393e-4 0.04234397 -0.999103 4.92871e-4 0.04014247 -0.9991936 8.42135e-4 0.04248476 -0.999097 4.63334e-4 0.04235053 -0.9991028 2.40148e-4 0.04672414 -0.9989079 -3.66225e-4 0.04345953 -0.999051 -0.002899289 0.04678499 -0.9978358 0.0462051 0.03683596 -0.997197 0.06512677 0.04220747 -0.9981778 0.043123 0.04730254 -0.9988803 -8.34475e-4 0.04917269 -0.9987896 -0.001242041 0.04463875 -0.9990032 -2.41176e-4 0.04471307 -0.9989998 -3.80214e-4 0.04442763 -0.9990127 -3.22076e-4 0.04475539 -0.9989979 -4.64873e-4 0.04462039 -0.999004 -1.81425e-4 0.04471272 -0.9989998 -4.57353e-4 0.04475498 -0.998998 -2.05703e-4 0.04449027 -0.9990099 -8.3764e-5 0.04237401 -0.9991018 2.35647e-4 0.04461938 -0.9990041 -1.1048e-4 0.04449617 -0.9990096 -3.3089e-4 0.04907459 -0.9978808 0.04272663 0.04556518 -0.9989553 -0.0035097 0.04532074 -0.9982784 0.03723323 0.04696166 -0.9988965 -7.9027e-4 0.04678386 -0.9989047 -9.1827e-4 0.04673904 -0.9989068 -9.09347e-4 0.04683232 -0.9989023 -0.001001477 0.04671853 -0.9989079 -7.32009e-4 0.04678392 -0.9989046 -9.93279e-4 0.04683154 -0.9989026 -7.52002e-4 0.04655712 -0.9989155 -6.30777e-4 0.04454147 -0.9990075 -3.38947e-4 0.04671734 -0.9989081 -6.63061e-4 0.04661571 -0.9989126 -8.78121e-4 0.05258417 -0.9986112 -0.003296017 0.0531032 -0.9985541 -0.008362174 0.04779237 -0.998849 -0.004089474 0.03885066 -0.9973922 0.06082439 0.05121046 -0.997902 0.0396133 0.04086452 -0.9975649 0.05652064 0.04855018 -0.9988201 -0.001207888 0.0487973 -0.9988077 -0.001430451 0.04874658 -0.9988102 -0.001420617 0.04885393 -0.9988049 -0.001512169 0.0487287 -0.9988113 -0.001250088 0.04879766 -0.9988076 -0.001502752 0.0506739 -0.9987137 -0.001742005 0.04885327 -0.9988052 -0.001271486 0.04872786 -0.9988114 -0.001183569 0.04882657 -0.9988062 -0.001445651 0.04656296 -0.998915 -8.68947e-4 0.04816627 -0.9988388 -0.001073539 0.04894971 -0.9988002 -0.001461088 0.05026429 -0.9987246 -0.004760861 0.05337774 -0.9979116 0.03637868 0.04294067 -0.9977073 0.0523101 0.04767131 -0.9983212 0.03289991 0.05017322 -0.9987394 -0.001518964 0.05085867 -0.9987043 -0.001795947 0.05103212 -0.9986954 -0.001827597 0.05066114 -0.9987141 -0.001875638 0.05094939 -0.9986994 -0.001969873 0.05250447 -0.9986179 -0.002374351 0.05070507 -0.9987118 -0.001974582 0.05079984 -0.9987074 -0.001763164 0.05080151 -0.9987068 -0.001992106 0.05067193 -0.9987139 -0.001701176 0.05106365 -0.9986938 -0.001779556 0.05015778 -0.9987396 -0.001831412 0.04998958 -0.9983271 0.02905374 0.05274945 -0.9986052 -0.002260267 0.052868 -0.9985986 -0.002417385 0.05241602 -0.9986228 -0.002234816 0.0526787 -0.9986085 -0.0024513 0.05268174 -0.9986089 -0.002228558 0.05268186 -0.9986084 -0.002451956 0.05257517 -0.9986146 -0.00221163 0.05257517 -0.9986147 -0.002148747 0.05247128 -0.9986198 -0.002290844 0.05203229 -0.9986433 -0.002048075 0.05298095 -0.9985812 -0.005340814 0.0466634 -0.9979083 0.04474073 0.05236488 -0.9986258 -0.002125799 0.05454438 -0.9985079 -0.002657413 0.05443513 -0.9985139 -0.002620935 0.05454033 -0.9985079 -0.00274533 0.05427926 -0.9985224 -0.00263983 0.05452597 -0.9985083 -0.002859592 0.05412143 -0.9985308 -0.002713263 0.05436182 -0.9985172 -0.002853453 0.05449485 -0.9985105 -0.002666592 0.05449581 -0.9985099 -0.002876341 0.05439418 -0.9985161 -0.002650976 0.05426096 -0.9985235 -0.002589285 0.05439329 -0.9985162 -0.002614557 0.05135047 -0.9986783 -0.002238869 0.05426496 -0.9985227 -0.002796888 0.05633777 -0.998394 -0.005981683 0.05454176 -0.9985076 -0.002813816 0.05234032 -0.9983126 0.02514779 0.04846417 -0.9979723 0.04126173 0.05917662 -0.9978544 0.02801656 0.056266 -0.998411 -0.003106892 0.05605572 -0.9984232 -0.003021776 0.05642312 -0.9984017 -0.003253877 0.0560342 -0.9984241 -0.003091573 0.05600905 -0.9984251 -0.003204643 0.05618727 -0.9984149 -0.003272414 0.05594503 -0.9984294 -0.003010332 0.05680227 -0.9983799 -0.00334376 0.05621397 -0.9984142 -0.003030478 0.05659782 -0.9983922 -0.003138244 0.05629807 -0.9984083 -0.003364503 0.05490332 -0.9982703 0.02102744 0.05806237 -0.998307 -0.003476142 0.05764514 -0.9983314 -0.003407657 0.05791211 -0.9983155 -0.003523051 0.05813342 -0.9983021 -0.003691673 0.05764007 -0.9983313 -0.003502726 0.05792522 -0.9983143 -0.003667354 0.05788838 -0.9983165 -0.003616273 0.05759382 -0.9983339 -0.003523707 0.0592668 -0.9982364 -0.00343424 0.0579515 -0.9983126 -0.00368613 0.08252418 -0.9965435 -0.009532094 0.05799162 -0.9983103 -0.003686726 0.06202757 -0.9980144 -0.01094692 0.05737638 -0.9981973 0.01760965 0.05957543 -0.9982165 -0.003825545 0.0597226 -0.9982075 -0.003865957 0.05938702 -0.9982277 -0.003855586 0.05963349 -0.9982126 -0.003949999 0.05943095 -0.9982244 -0.004004538 0.06100481 -0.9981282 -0.004309713 0.06394743 -0.9979425 -0.004652261 0.05983179 -0.9982011 -0.003852009 0.05963492 -0.9981989 -0.006531119 0.06431901 -0.9978696 -0.01092588 0.06277793 -0.9979774 -0.01001024 0.06125664 -0.9980667 -0.01051521 0.05368268 -0.9980584 0.031587 0.06119763 -0.9981169 -0.004201889 0.06102317 -0.9981278 -0.004141807 0.06080073 -0.9981414 -0.004141569 0.06280803 -0.9980012 -0.006988823 0.06119453 -0.9981164 -0.004345297 0.05984842 -0.9981053 0.01428306 0.05536097 -0.9980542 0.02868759 0.06592023 -0.9976541 0.01846373 0.06270414 -0.9980218 -0.00456506 0.06056362 -0.9981558 -0.004157841 0.06059455 -0.9981533 -0.004307627 0.06687593 -0.9977015 -0.01092922 0.06585925 -0.9977772 -0.01016271 0.06747841 -0.9975882 0.01626682 0.05697923 -0.9980376 0.02597177 0.06781315 -0.9976653 -0.008087515 0.0610677 -0.9980502 0.01290935 0.06231069 -0.9980459 -0.00466901 0.06573736 -0.9978106 -0.007263422 0.06436818 -0.997914 -0.004947662 0.06885361 -0.9975605 -0.01150548 0.06219726 -0.9979947 0.01174968 0.06666547 -0.9977604 -0.005473256 0.06393939 -0.9979416 -0.004948973 0.06726115 -0.9976792 -0.01059538 0.06384557 -0.9979078 0.01019328 0.06703186 -0.9977359 -0.005461752 0.07129263 -0.9973928 -0.01117932 0.07239168 -0.9973389 -0.008636951 0.07391655 -0.997263 -0.001709043 0.07004189 -0.9974887 -0.01050335 0.06555438 -0.9978125 0.008545219 0.06971442 -0.9975494 -0.005934536 0.07371217 -0.9972199 -0.01091694 0.06711083 -0.9977204 0.007080316 0.07452762 -0.9971811 -0.008697926 0.07638806 -0.9970738 -0.002990782 0.0694912 -0.9975649 -0.005942523 0.0756148 -0.9970822 -0.01045966 0.07269787 -0.9972988 -0.01049411 0.06894242 -0.9976056 0.005493402 0.07179218 -0.9973995 -0.006354331 0.07400757 -0.9972257 -0.007995843 0.07250833 -0.9973475 -0.006385684 0.0765419 -0.9970285 -0.008697926 0.07016396 -0.9975249 0.004608392 0.07777667 -0.99692 -0.01007539 0.07544749 -0.9970955 -0.01041221 0.07086467 -0.9974769 0.00427258 0.06967437 -0.9975368 0.008117973 0.07414537 -0.997224 -0.006850779 0.07538914 -0.9971103 -0.009359896 0.07538408 -0.997131 -0.006866931 0.07889181 -0.9968451 -0.008728444 0.08022791 -0.9967467 -0.007720291 0.07184082 -0.9974095 0.003631711 0.08026635 -0.9967253 -0.009802937 0.0781725 -0.9968879 -0.01017552 0.07300126 -0.9973281 0.002746701 0.07404011 -0.9972532 0.002075314 0.07682657 -0.9970183 -0.007238984 0.07820695 -0.9968938 -0.009300649 0.07820546 -0.9969097 -0.007418632 0.08026438 -0.9967436 -0.007738113 0.08254122 -0.9965562 -0.007926583 0.07522839 -0.9971655 0.001342773 0.07838487 -0.9968957 -0.00740385 0.08949112 -0.9959517 -0.008476316 0.07742691 -0.9969978 8.24016e-4 0.08073484 -0.9966864 -0.009907007 0.07620632 -0.9970918 6.71422e-4 0.07580959 -0.997122 8.85056e-4 0.0810973 -0.9966733 -0.008097767 0.08091944 -0.9966778 -0.009254574 0.08091682 -0.9966902 -0.007815361 0.08252322 -0.9965577 -0.007917046 0.07670462 -0.9970538 4.52009e-4 0.08279192 -0.9965372 -0.007709741 0.08374035 -0.9964506 -0.008598506 0.08078408 -0.9967007 -0.007856249 0.08482831 -0.9963519 -0.009340524 0.08511841 -0.996365 -0.003418147 0.08335548 -0.9964728 -0.009692966 0.08553194 -0.9963034 -0.008006155 0.07869875 -0.9968981 -8.5912e-4 0.07799339 -0.9969539 -3.81886e-4 0.08556783 -0.9962919 -0.00898081 0.08400547 -0.996429 -0.008512079 0.08402585 -0.9964199 -0.009342849 0.08402478 -0.9964297 -0.008240044 0.08881723 -0.9960018 -0.009590268 0.08482533 -0.9963622 -0.008204817 0.08180785 -0.9966449 -0.002548635 0.08199113 -0.9966295 -0.00266838 0.08046442 -0.9967559 -0.001812875 0.08719301 -0.9961513 -0.008944749 0.08400577 -0.9964312 -0.008246898 0.08713573 -0.9961605 -0.008472025 0.08596247 -0.9962561 -0.009183704 0.0871368 -0.9961526 -0.009342432 0.08856683 -0.9960569 -0.005157709 0.08190715 -0.9966368 -0.002542734 0.08258903 -0.99658 -0.002769291 0.08955568 -0.9959411 -0.009016215 0.08765691 -0.9961128 -0.008695662 0.08962535 -0.9959399 -0.008432447 0.08881849 -0.9960039 -0.009355068 0.08949202 -0.9959665 -0.006471395 0.08962678 -0.9959306 -0.009446084 0.09006088 -0.9959194 -0.005798518 0.08713287 -0.996184 -0.005035698 0.08289211 -0.9965543 -0.002932548 0.087493 -0.9961494 -0.005607128 0.08955705 -0.9959715 -0.004514157 0.08335351 -0.9965151 -0.003155946 0.08761727 -0.9961162 -0.008701443 0.09082263 -0.995844 -0.006801664 0.08629757 -0.9962583 -0.004727184 0.08450806 -0.9964129 -0.004450023 0.08955764 -0.9959607 -0.006468594 0.0854119 -0.9963354 -0.00454694 0.09002357 -0.9958986 -0.009048283 0.09019821 -0.9958783 -0.009519875 0.09019857 -0.9958783 -0.009520232 0.09083819 -0.9958207 -0.009459018 0.09083771 -0.9958279 -0.008680939 0.0911675 -0.9957982 -0.008628726 0.09116739 -0.9958127 -0.006768524 0.09082001 -0.9958515 -0.005628824 0.08770406 -0.996133 -0.005201339 0.08789509 -0.9961158 -0.005285561 0.09098631 -0.9958101 -0.009151041 0.08808642 -0.9960734 -0.00887072 0.09012687 -0.9958901 -0.008956193 0.08769118 -0.9961079 -0.00890702 0.08792096 -0.9960919 -0.008432388 0.09096944 -0.9958086 -0.009473741 0.09440714 -0.9954969 -0.00857222 0.09545236 -0.995392 -0.009152472 0.09821099 -0.9951297 -0.008468866 0.09634357 -0.9953195 -0.007556736 0.09571957 -0.9953788 -0.007683098 0.08954524 -0.9959662 -0.005759 0.0892803 -0.99599 -0.0057258 -0.1072458 -8.53417e-5 0.9942325 -0.1072669 3.21785e-5 0.9942303 -0.1072182 2.23396e-6 0.9942355 -0.1072292 0 0.9942344 -0.1072733 3.27304e-5 0.9942296 -0.107244 0 0.9942328 -0.1072425 0 0.9942329 -0.107204 -4.635e-5 0.9942371 -0.1072527 0 0.9942319 -0.1072733 5.79782e-5 0.9942296 -0.1071787 -4.6856e-5 0.9942398 -0.1072329 6.91491e-6 0.994234 -0.1072737 5.80515e-5 0.9942296 -0.1072447 0 0.9942327 -0.1072465 4.61769e-6 0.9942325 -0.1072733 1.70898e-4 0.9942296 -0.1072106 0 0.9942364 -0.1072244 0 0.9942349 -0.1072564 1.65972e-4 0.9942315 -0.1072384 2.398e-6 0.9942334 -0.1072199 -2.00694e-4 0.9942353 -0.107222 2.04345e-4 0.9942352 -0.1073026 5.31269e-4 0.9942263 -0.1072657 -2.32212e-4 0.9942304 -0.1072294 -1.72018e-4 0.9942343 -0.1072725 -1.29578e-4 0.9942297 -0.1072677 2.3334e-4 0.9942302 -0.1071884 1.21736e-4 0.9942388 -0.1072081 -2.58944e-4 0.9942367 -0.1072552 -4.2503e-5 0.9942315 -0.1072145 -2.00442e-4 0.994236 -0.1072462 -5.54811e-6 0.9942325 -0.1072315 -3.83466e-5 0.9942342 -0.1072636 1.93426e-5 0.9942307 -0.1072266 -9.6928e-5 0.9942346 -0.107396 1.78399e-4 0.9942164 -0.1072784 2.0641e-4 0.994229 -0.1072405 0 0.9942332 -0.1075611 4.33272e-4 0.9941985 -0.1072248 -2.92166e-5 0.9942348 -0.1075497 -2.80894e-4 0.9941997 -0.1072239 -1.31761e-4 0.9942349 -0.107272 3.34724e-4 0.9942297 -0.1073145 4.03263e-4 0.9942251 -0.107247 1.48332e-5 0.9942324 -0.106781 -0.001813232 0.9942809 -0.1072409 -4.13549e-5 0.9942331 -0.1072559 4.31995e-5 0.9942315 -0.1072347 4.15501e-6 0.9942337 -0.1072447 5.54813e-6 0.9942327 -0.1071519 1.7385e-4 0.9942427 -0.1072621 -1.93426e-5 0.9942309 -0.107329 -7.34699e-5 0.9942236 -0.106946 4.68673e-4 0.9942648 -0.1076161 -4.19024e-4 0.9941925 -0.1074003 -1.80875e-4 0.9942159 -0.1066876 6.17962e-4 0.9942924 -0.1077939 -4.94092e-4 0.9941732 -0.1071214 1.46587e-4 0.994246 -0.1073168 -3.98225e-4 0.9942248 -0.1077985 4.90463e-4 0.9941726 -0.1075497 2.80894e-4 0.9941997 -0.1071102 -1.46587e-4 0.9942472 -0.1076251 4.19021e-4 0.9941915 -0.1066779 -6.19192e-4 0.9942935 -0.1069468 -4.72273e-4 0.9942647 -0.1073342 7.34699e-5 0.994223 -0.1071445 -1.73849e-4 0.9942435 -0.1072335 -4.155e-6 0.9942339 -0.1075513 -4.28293e-4 0.9941995 -0.1067714 0.001767039 0.9942821 -0.107253 -1.24622e-4 0.9942318 -0.1072153 1.544e-4 0.9942358 -0.107226 1.0173e-4 0.9942347 -0.1072728 -3.34748e-4 0.9942296 -0.1072154 2.86572e-4 0.9942359 -0.1072592 -1.72563e-4 0.9942312 -0.107223 1.82137e-4 0.994235 -0.1072147 2.63517e-4 0.9942359 -0.1072967 -5.31271e-4 0.994227 0.1698135 1.04178e-4 0.9854762 0.1702189 3.41445e-5 0.9854063 0.1690667 0.001714348 0.9856032 0.1702455 -2.9619e-4 0.9854017 0.1694163 0.001033842 0.9855442 0.1705675 -0.001019656 0.9853456 0.1691971 0.001118957 0.9855816 0.1698076 -7.52591e-5 0.9854772 0.1695984 2.5781e-4 0.9855133 0.1695113 5.11232e-4 0.9855281 0.1702881 -7.09118e-4 0.9853941 0.169434 5.63276e-4 0.9855414 0.1699661 -1.64175e-4 0.98545 0.1698164 -3.315e-5 0.9854757 0.1694723 5.31329e-4 0.9855348 0.1701244 -3.12834e-4 0.9854226 0.1692646 7.79706e-4 0.9855704 0.1694849 6.36621e-4 0.9855326 0.172156 -0.003896594 0.9850621 0.1698579 -6.90409e-5 0.9854686 0.1697231 1.26486e-4 0.9854918 0.1686328 0.001555919 0.9856778 0.1692641 8.03424e-4 0.9855704 0.1700128 -1.05944e-4 0.9854419 0.1706057 -0.001004099 0.9853389 0.1697768 3.33206e-5 0.9854826 0.1702663 -5.8179e-4 0.985398 0.1698538 3.57579e-5 0.9854693 0.1699125 -6.84028e-5 0.9854592 0.1693569 6.81618e-4 0.9855546 0.1701154 -3.23013e-4 0.9854241 0.1700124 -1.79442e-4 0.9854419 0.1704056 -7.97234e-4 0.9853738 0.1697998 6.16476e-5 0.9854786 0.1694722 5.15477e-4 0.9855349 0.1701748 -4.64457e-4 0.9854138 0.9716519 -0.1668505 -0.1674914 0.9854665 0 -0.1698701 0.9854665 -3.05192e-5 -0.1698701 0.7780532 -0.6137385 -0.1340092 0.7723564 -0.6211019 -0.1330344 0.8659474 -0.4773789 -0.1491465 0.8632731 -0.4823294 -0.1487212 0.9310079 -0.3278029 -0.1605291 0.9315461 -0.3262838 -0.1605019 0.5398235 -0.8366227 -0.09302246 0.3959935 -0.915714 -0.06824213 0.3834455 -0.9211969 -0.06607443 0.6601586 -0.7424687 -0.1137142 0.6683655 -0.7348663 -0.1151481 0.5288345 -0.8438218 -0.09109938 -0.09534066 -0.9953093 0.01641911 0.08115047 -0.9966039 -0.01397776 -0.08163791 -0.9965628 0.01406913 0.06723362 -0.9976702 -0.01156669 0.2282547 -0.9728063 -0.03933948 0.2416787 -0.9694617 -0.04165822 -0.5383356 -0.8376111 0.09274911 -0.5490175 -0.8304389 0.09461081 -0.3960193 -0.915703 0.06824129 -0.2421377 -0.9693446 0.04171943 -0.4086549 -0.9099668 0.0704388 -0.2558122 -0.9657202 0.04410028 -0.8698894 -0.4699044 0.1499409 -0.8671737 -0.475032 0.1495137 -0.9332575 -0.3211573 0.1608991 -0.7834993 -0.6065467 0.1350187 -0.6670359 -0.7361018 0.1149672 -0.7780315 -0.6137455 0.1341023 -0.972427 0.1620864 0.1676714 -0.9854614 6.10382e-5 0.1698997 -0.9854614 -1.52595e-4 0.1698997 -0.9717115 -0.1664483 0.1675469 -0.9724363 -0.1619659 0.167734 -0.9323444 -0.3238439 0.1608079 -0.8672873 0.4748442 0.1494512 -0.7834585 0.6065998 0.1350169 -0.8699054 0.4698661 0.1499689 -0.9717212 0.1663279 0.1676096 -0.93238 0.323774 0.1607425 -0.9332392 0.3211815 0.1609569 -0.549019 0.8304413 0.09458053 -0.5381737 0.8377187 0.09271699 -0.408718 0.9099408 0.07040864 -0.6745621 0.729008 0.1162469 -0.7780348 0.6137481 0.1340724 -0.6670256 0.7361208 0.1149044 -0.09537094 0.9953065 0.01641905 -0.2413418 0.9695483 0.04159694 -0.08081459 0.996632 0.01391667 -0.2558126 0.9657215 0.04406982 -0.3958067 0.9157972 0.06821095 0.06723362 0.9976702 -0.01156669 0.0814864 0.996576 -0.01400834 0.2282549 0.9728075 -0.03930902 0.2419517 0.9693936 -0.04165792 0.3834975 0.9211754 -0.06607288 0.5288345 0.8438218 -0.09109938 0.3961958 0.9156267 -0.06824016 0.5399407 0.836554 -0.09296059 0.6601908 0.74244 -0.1137144 0.6669275 0.7362052 -0.1149338 0.7722815 0.6211823 -0.1330931 0.8633853 0.4821102 -0.1487806 0.7781558 0.6135946 -0.1340721 0.867103 0.4752098 -0.1493595 0.9310169 0.3278366 -0.1604086 0.9314235 0.3265888 -0.1605934 0.9716421 0.1668488 -0.1675508 0.9721917 0.1635528 -0.1676118 -0.6745162 -0.7290549 0.1162191 0.9722176 -0.1633689 -0.1676416</float_array>
          <technique_common>
            <accessor source="#ID33_016-mesh-normals-array" count="3417" stride="3">
              <param name="X" type="float"/>
              <param name="Y" type="float"/>
              <param name="Z" type="float"/>
            </accessor>
          </technique_common>
        </source>
        <vertices id="ID33_016-mesh-vertices">
          <input semantic="POSITION" source="#ID33_016-mesh-positions"/>
        </vertices>
        <triangles material="ID10_002-material" count="4063">
          <input semantic="VERTEX" source="#ID33_016-mesh-vertices" offset="0"/>
          <input semantic="NORMAL" source="#ID33_016-mesh-normals" offset="1"/>
          <p>0 0 2 0 1 0 3 1 5 1 4 1 2 2 7 2 6 2 2 3 9 3 8 3 0 4 9 4 2 4 7 5 2 5 8 5 5 6 2 6 4 6 1 7 2 7 5 7 10 8 11 8 3 8 3 9 12 9 5 9 12 10 3 10 11 10 13 11 14 11 3 11 3 12 4 12 15 12 15 13 13 13 3 13 4 14 16 14 15 14 17 15 19 15 18 15 17 15 18 15 20 15 21 16 23 16 22 16 21 17 22 17 24 17 25 18 27 18 26 18 25 18 26 18 28 18 29 19 31 20 30 21 29 22 33 22 32 22 32 23 31 23 29 23 30 21 31 20 34 24 30 21 34 24 35 25 36 26 34 24 37 27 34 24 38 28 37 27 39 29 34 24 40 30 34 24 36 26 40 30 41 31 34 24 42 32 34 24 39 29 42 32 43 33 34 24 44 34 34 24 41 31 44 34 35 25 34 24 45 35 34 24 43 33 45 35 46 36 48 37 47 38 49 39 50 40 48 37 47 38 48 37 50 40 51 41 53 42 52 43 49 39 51 41 50 40 52 43 55 44 54 45 55 44 52 43 53 42 56 46 57 47 54 45 54 45 55 44 56 46 57 47 59 48 58 49 56 46 59 48 57 47 51 41 49 39 53 42 60 50 57 47 58 49 61 51 63 52 62 53 62 53 63 52 60 50 58 49 62 53 60 50 61 51 64 54 63 52 64 54 61 51 65 55 47 38 66 56 46 36 67 57 66 56 68 58 66 56 67 57 46 36 68 58 70 59 69 60 69 60 67 57 68 58 71 61 72 62 70 59 69 60 70 59 72 62 71 61 73 63 72 62 73 63 75 64 74 65 75 64 73 63 71 61 74 65 75 64 76 66 76 66 78 67 77 68 74 65 76 66 77 68 79 69 78 67 80 70 76 66 80 70 78 67 79 69 82 71 81 72 82 71 79 69 80 70 83 73 84 74 81 72 81 72 82 71 83 73 83 73 85 75 84 74 85 75 86 76 84 74 87 77 89 78 88 79 90 80 91 81 88 79 88 79 91 81 87 77 88 79 92 82 90 80 93 83 95 84 94 85 96 86 97 87 94 85 93 83 94 85 97 87 98 88 99 89 97 87 97 87 96 86 98 88 100 90 101 91 99 89 100 90 99 89 98 88 99 89 103 92 102 93 103 92 99 89 101 91 102 93 105 94 104 95 103 92 105 94 102 93 106 96 107 97 104 95 102 93 104 95 107 97 108 98 109 98 107 98 107 97 106 96 108 99 110 100 112 101 111 102 113 103 115 104 114 105 109 106 114 105 107 97 116 107 117 108 115 104 118 109 111 102 117 108 111 102 118 109 119 110 120 111 111 102 121 112 122 113 111 102 123 114 111 102 119 110 123 114 121 112 111 102 122 113 115 104 117 108 111 102 112 101 124 115 111 102 111 102 120 111 110 100 111 102 107 97 114 105 114 105 115 104 111 102 125 116 93 83 126 117 93 83 125 116 95 84 126 117 128 118 127 119 125 116 126 117 127 119 129 120 126 117 130 121 126 117 129 120 128 118 129 120 130 121 131 122 132 123 134 124 133 125 135 126 137 127 136 128 132 123 139 129 138 130 138 130 134 124 132 123 140 131 139 129 141 132 139 129 140 131 138 130 141 132 143 133 142 134 140 131 141 132 142 134 143 133 145 135 144 136 145 135 143 133 141 132 146 137 144 136 147 138 145 135 147 138 144 136 148 139 147 138 149 140 148 139 146 137 147 138 150 141 149 140 151 142 147 138 151 142 149 140 152 143 150 141 151 142 134 124 153 144 133 125 154 145 155 146 153 144 133 125 153 144 155 146 156 147 157 148 155 146 155 146 154 145 156 147 157 148 159 149 158 150 159 149 157 148 156 147 160 151 158 150 161 152 159 149 161 152 158 150 162 153 160 151 163 154 160 151 161 152 163 154 162 153 165 155 164 156 164 156 160 151 162 153 166 157 165 155 167 158 165 155 166 157 164 156 168 159 169 160 167 158 166 157 167 158 169 160 170 161 171 162 169 160 169 160 168 159 170 161 171 162 173 163 172 164 173 163 171 162 170 161 135 126 172 164 174 165 173 163 174 165 172 164 175 166 176 167 136 128 135 126 174 165 137 127 177 168 179 169 178 170 180 171 176 167 181 172 182 173 184 174 183 175 179 169 185 176 182 173 186 177 188 178 187 179 183 175 189 180 186 177 190 181 192 182 191 183 193 184 191 183 187 179 194 185 196 186 195 187 197 188 195 187 192 182 198 189 200 190 199 191 196 186 202 192 201 193 203 194 198 189 204 195 198 189 199 191 204 195 203 194 206 196 205 197 205 197 198 189 203 194 205 197 208 198 207 199 208 198 205 197 206 196 209 200 207 199 210 201 208 198 210 201 207 199 211 202 209 200 212 203 209 200 210 201 212 203 213 204 209 200 211 202 200 190 196 186 201 193 200 205 201 205 199 205 195 187 197 188 194 185 202 192 196 186 194 185 190 181 191 183 193 184 192 182 195 187 191 183 188 178 186 177 189 180 188 178 193 184 187 179 185 176 184 174 182 173 182 173 183 175 186 177 180 171 178 170 179 169 179 169 177 168 185 176 181 172 176 167 175 166 178 170 180 171 181 172 136 128 176 167 135 126 214 206 216 206 215 206 217 207 219 207 218 207 219 208 221 208 220 208 222 209 224 209 223 209 224 210 226 210 225 210 224 211 227 211 223 211 224 212 229 212 228 212 217 213 224 213 221 213 230 214 229 214 224 214 231 215 224 215 217 215 224 216 231 216 230 216 232 217 217 217 233 217 232 218 231 218 217 218 234 219 233 219 217 219 224 220 225 220 235 220 236 221 224 221 237 221 224 222 235 222 237 222 220 219 238 219 219 219 239 213 224 213 236 213 219 219 217 219 221 219 224 223 222 223 226 223 227 224 224 224 240 224 228 225 240 225 224 225 241 226 243 226 242 226 241 227 245 227 244 227 242 228 245 228 241 228 241 229 247 229 246 229 244 230 247 230 241 230 241 231 249 231 248 231 246 232 249 232 241 232 241 233 251 233 250 233 248 15 251 15 241 15 250 234 252 234 241 234 253 235 255 235 254 235 254 236 255 236 256 236 257 237 259 237 258 237 259 238 257 238 260 238 258 239 261 239 257 239 262 240 264 240 263 240 261 15 262 15 257 15 265 15 266 15 263 15 265 241 263 241 264 241 262 15 263 15 257 15 267 242 269 242 268 242 270 243 271 244 267 245 272 246 273 247 268 248 272 246 268 248 269 249 273 247 272 246 274 250 268 248 270 243 267 245 275 251 277 251 276 251 276 252 278 252 275 252 279 253 278 253 280 253 279 254 275 254 278 254 281 255 283 255 282 255 281 255 284 255 283 255 287 256 288 256 285 256 288 257 286 257 285 257 286 258 289 258 285 258 290 259 285 259 289 259 292 260 290 260 291 260 292 261 291 261 293 261 294 262 292 262 293 262 292 263 294 263 295 263 296 264 292 264 295 264 292 265 296 265 297 265 285 266 290 266 292 266 297 267 299 267 298 267 298 268 300 268 297 268 301 269 302 269 297 269 297 270 302 270 299 270 300 271 303 271 297 271 304 272 301 272 297 272 305 273 306 273 297 273 305 274 297 274 303 274 304 275 297 275 296 275 307 276 309 276 308 276 310 277 311 277 309 277 309 278 307 278 310 278 311 279 310 279 312 279 310 280 313 280 312 280 314 281 316 281 315 281 317 282 319 282 318 282 316 283 314 283 320 283 320 284 314 284 321 284 316 285 319 285 315 285 322 286 317 286 318 286 317 287 315 287 319 287 323 288 324 288 322 288 322 289 318 289 323 289 325 290 324 290 313 290 323 291 313 291 324 291 325 292 310 292 326 292 310 293 325 293 313 293 327 294 310 294 328 294 327 295 326 295 310 295 328 296 310 296 329 296 329 297 330 297 328 297 331 298 333 298 332 298 331 299 334 299 333 299 332 300 333 300 335 300 337 301 335 301 333 301 334 302 336 302 338 302 334 303 339 303 336 303 334 304 338 304 340 304 334 305 340 305 341 305 341 306 342 306 334 306 342 307 343 307 334 307 334 308 345 308 344 308 343 309 345 309 334 309 334 310 344 310 346 310 334 311 346 311 347 311 347 312 346 312 348 312 347 313 348 313 349 313 350 314 347 314 351 314 347 315 349 315 351 315 352 316 347 316 350 316 353 317 347 317 352 317 354 318 347 318 353 318 339 319 334 319 331 319 337 320 333 320 355 320 356 321 358 322 357 323 359 324 361 325 360 326 362 327 363 328 358 322 364 329 362 327 360 326 360 326 362 327 358 322 365 330 366 331 364 329 364 329 360 326 365 330 367 332 368 333 364 329 367 332 364 329 366 331 357 323 370 334 369 335 370 334 357 323 358 322 371 336 370 334 363 328 358 322 356 321 360 326 372 337 360 326 361 325 373 338 374 339 359 324 359 324 374 339 361 325 356 321 359 324 360 326 370 334 358 322 363 328 372 337 375 340 360 326 375 340 365 330 360 326 376 341 378 341 377 341 376 342 380 342 379 342 376 343 382 343 381 343 379 344 382 344 376 344 376 345 384 345 383 345 381 346 384 346 376 346 385 347 377 347 386 347 383 348 378 348 376 348 376 349 377 349 385 349 385 350 386 350 387 350 388 351 389 351 387 351 390 352 388 352 387 352 391 353 387 353 389 353 386 354 390 354 387 354 392 355 394 355 393 355 395 356 397 356 396 356 395 357 396 357 393 357 396 358 392 358 393 358 398 359 400 359 399 359 398 360 399 360 401 360 402 361 404 361 403 361 405 362 406 362 403 362 403 363 406 363 402 363 407 364 409 364 408 364 410 365 411 365 408 365 408 366 411 366 407 366 412 367 414 367 413 367 414 368 416 368 415 368 413 369 414 369 417 369 417 370 414 370 415 370 418 371 414 371 419 371 418 372 416 372 414 372 419 373 414 373 420 373 421 374 423 374 422 374 424 375 420 375 414 375 425 376 422 376 426 376 425 377 421 377 422 377 422 378 428 378 427 378 426 379 422 379 427 379 429 380 430 380 422 380 422 381 430 381 428 381 429 382 422 382 412 382 429 383 412 383 413 383 424 384 414 384 431 384 434 385 436 386 435 387 437 388 438 389 436 386 439 390 441 391 440 392 442 393 436 386 443 394 434 385 444 395 436 386 445 396 447 397 446 398 442 393 447 397 445 396 448 399 450 400 449 401 445 396 436 386 442 393 451 402 445 396 452 403 436 386 445 396 453 404 451 402 455 405 454 406 454 406 445 396 451 402 456 407 454 406 457 408 457 408 454 406 455 405 458 409 454 406 459 410 454 406 456 407 459 410 460 411 462 412 461 413 458 409 462 412 454 406 460 411 464 414 463 415 461 413 464 414 460 411 465 416 466 417 460 411 463 415 465 416 460 411 460 411 468 418 467 419 468 418 460 411 466 417 469 420 467 419 470 421 467 419 468 418 470 421 467 419 469 420 471 422 472 423 474 424 473 425 473 425 475 426 472 423 475 426 476 427 472 423 476 427 477 428 472 423 477 429 478 429 472 429 472 423 478 430 479 431 479 431 480 432 472 423 480 432 481 433 472 423 481 433 482 434 472 423 481 433 483 435 482 434 483 435 484 436 482 434 484 436 485 437 482 434 485 438 486 438 482 438 482 434 486 439 487 440 487 440 488 441 482 434 488 441 489 442 482 434 489 442 490 443 482 434 482 434 490 443 491 444 482 434 491 444 492 445 493 446 492 445 491 444 494 447 492 445 493 446 495 448 492 448 494 448 496 449 492 445 495 450 497 451 496 449 498 452 497 451 498 452 499 453 499 453 500 454 497 451 497 451 500 454 501 455 501 456 502 456 497 456 497 451 503 457 505 458 497 451 504 459 492 445 497 451 505 458 506 460 497 451 506 460 507 461 497 451 507 461 433 462 508 463 433 462 507 461 433 462 508 463 509 464 433 462 509 464 510 465 433 462 510 465 511 466 433 462 511 466 512 467 512 467 513 468 433 462 513 468 514 469 433 462 433 462 514 469 515 470 515 470 516 471 433 462 516 471 432 472 433 462 517 473 433 462 432 472 518 474 433 474 517 474 519 475 521 476 520 477 522 478 433 462 518 479 522 478 523 480 433 462 524 481 523 480 525 482 523 480 524 481 433 462 525 482 526 483 524 481 526 483 527 484 524 481 524 481 528 485 529 486 520 477 524 481 530 487 524 481 529 486 531 488 531 488 532 489 524 481 532 489 533 490 524 481 524 481 533 490 534 491 524 481 534 491 535 492 535 492 536 493 524 481 536 493 537 494 524 481 524 481 537 494 538 495 538 495 539 496 524 481 519 475 520 477 540 497 524 498 539 498 541 498 541 499 542 499 524 499 542 500 543 500 524 500 543 501 544 501 524 501 544 502 545 503 530 487 546 504 530 487 545 503 530 487 548 505 547 506 530 487 546 504 548 505 549 507 551 508 550 509 530 487 547 506 552 510 530 487 552 510 553 511 554 512 530 487 553 511 530 487 554 512 555 513 530 487 557 514 556 515 558 516 557 514 555 513 530 487 555 513 557 514 559 517 557 514 558 516 560 518 557 514 559 517 560 518 561 519 557 514 562 520 557 514 561 519 551 508 549 507 556 515 557 514 562 520 563 521 563 521 564 522 557 514 557 514 564 522 565 523 557 514 565 523 566 524 567 525 557 514 568 526 557 514 566 524 568 526 569 527 557 514 567 525 570 528 557 514 569 527 571 529 557 514 570 528 557 514 571 529 572 530 573 531 557 514 574 532 557 514 572 530 574 532 575 533 557 514 573 531 557 514 575 533 576 534 557 514 576 534 577 535 557 514 579 536 578 537 578 537 580 538 557 514 581 539 557 514 441 391 557 514 580 538 582 540 557 514 582 540 583 541 584 542 557 514 585 543 557 514 583 541 585 543 586 544 441 391 557 514 557 514 584 542 586 544 587 545 588 546 441 391 587 545 441 391 586 544 589 547 590 548 441 391 589 547 441 391 588 546 440 392 441 391 590 548 591 549 441 391 592 550 441 391 439 390 592 550 593 551 441 391 594 552 441 391 591 549 594 552 595 553 441 391 596 554 441 391 593 551 596 554 441 391 598 555 597 556 599 557 598 555 441 391 441 391 601 558 600 559 597 556 601 558 441 391 441 391 603 560 602 561 600 559 603 560 441 391 441 391 605 562 604 563 602 561 605 562 441 391 606 564 607 565 604 563 441 391 604 563 607 565 608 566 607 565 609 567 607 565 606 564 609 567 610 568 607 565 611 569 607 565 608 566 611 569 612 570 607 565 613 571 607 565 610 568 613 571 614 572 607 565 615 573 607 565 612 570 615 573 616 574 607 565 617 575 607 565 614 572 617 575 618 576 607 565 619 577 607 565 616 574 619 577 607 565 621 578 620 579 607 565 618 576 622 580 607 565 624 581 623 582 620 579 624 581 607 565 607 565 626 583 625 584 623 582 626 583 607 565 627 585 607 565 628 586 625 584 628 586 607 565 629 587 627 585 630 588 627 585 628 586 630 588 631 589 627 585 632 590 627 585 629 587 632 590 633 591 627 585 634 592 627 585 631 589 634 592 635 593 627 585 636 594 627 585 633 591 636 594 627 585 638 595 637 596 627 585 635 593 639 597 627 585 641 598 640 599 637 596 641 598 627 585 642 600 643 601 640 599 627 585 640 599 643 601 644 602 643 601 645 603 643 601 642 600 645 603 643 601 647 604 646 605 648 606 647 604 643 601 649 607 651 608 650 609 643 601 646 605 649 607 652 610 654 611 653 612 652 610 649 607 655 613 656 614 658 615 657 616 659 617 653 612 660 618 657 616 662 619 661 620 663 621 657 616 664 622 665 623 666 624 661 620 667 625 661 620 668 626 669 627 671 628 670 629 661 630 673 630 672 630 674 631 670 629 675 632 676 633 670 629 677 634 678 635 670 629 679 636 670 629 674 631 679 636 680 637 682 638 681 639 682 638 678 635 681 639 682 638 684 640 683 641 682 638 680 637 685 642 682 638 687 643 686 644 683 641 687 643 682 638 688 645 689 646 682 638 688 645 682 638 690 647 691 648 682 638 692 649 693 650 682 638 689 646 691 648 695 651 694 652 696 653 697 654 448 399 694 652 695 651 699 655 448 399 697 654 700 656 700 656 701 657 448 399 701 657 702 658 448 399 694 652 698 659 703 660 694 652 703 660 704 661 448 399 706 662 705 663 706 662 448 399 702 658 682 638 691 648 694 652 450 400 448 399 705 663 694 652 704 661 707 664 448 399 449 401 708 665 708 665 709 666 448 399 710 667 448 399 709 666 448 399 710 667 711 668 712 669 713 670 448 399 448 399 711 668 712 669 714 671 694 652 707 664 715 672 713 670 712 669 716 673 713 670 715 672 717 673 718 674 713 670 716 673 717 673 713 670 719 675 720 676 713 670 719 675 713 670 718 674 721 677 694 652 714 671 722 678 713 670 720 676 723 679 713 670 722 678 724 680 722 678 720 676 725 681 722 681 726 681 722 678 725 682 723 679 694 652 727 683 728 684 729 685 730 686 723 679 729 685 723 679 725 682 729 685 731 687 730 686 728 684 732 688 694 652 733 689 723 679 730 686 694 652 732 688 734 690 735 691 730 686 736 692 737 693 735 691 738 694 694 652 721 677 727 683 739 695 694 652 734 690 737 693 730 686 735 691 733 689 730 686 737 693 739 695 740 696 694 652 694 652 742 697 741 698 740 696 742 697 694 652 737 693 738 694 743 699 744 700 746 701 745 702 747 703 733 689 737 693 748 704 694 652 741 698 747 703 737 693 745 702 694 652 748 704 749 705 737 693 744 700 745 702 745 702 750 706 747 703 694 652 752 707 751 708 694 652 749 705 752 707 753 709 694 652 754 710 755 711 756 712 754 710 745 702 754 710 750 706 694 652 751 708 757 713 755 711 754 710 745 702 757 713 758 714 694 652 758 714 759 715 694 652 750 706 754 710 760 716 754 710 694 652 761 717 759 715 761 717 694 652 762 718 754 710 761 717 763 719 754 710 762 718 764 720 754 710 763 719 765 721 754 710 764 720 766 722 767 723 754 710 766 722 754 710 765 721 767 723 768 724 754 710 760 716 768 724 769 725 768 724 760 716 754 710 760 716 769 725 770 726 770 726 771 727 760 716 771 727 772 728 760 716 772 728 773 729 760 716 760 716 773 729 774 730 760 716 774 730 775 731 760 716 775 731 776 732 760 716 776 732 777 733 446 398 778 734 445 396 436 386 780 735 779 736 682 638 693 650 692 649 699 655 698 659 694 652 781 737 443 394 436 386 454 406 453 404 445 396 685 642 684 640 682 638 682 638 686 644 690 647 780 735 436 386 782 738 437 388 444 395 783 739 678 635 682 638 670 629 462 412 460 411 454 406 784 740 785 741 444 395 786 742 788 743 787 744 670 629 790 745 789 746 675 632 670 629 789 746 676 633 791 747 670 629 670 629 791 747 790 745 792 748 677 634 670 629 793 749 794 750 670 629 670 629 794 750 792 748 795 751 670 629 796 752 795 751 793 749 670 629 797 753 669 627 670 629 796 752 670 629 671 628 798 754 799 755 670 629 670 629 799 755 797 753 670 629 661 620 800 756 800 756 798 754 670 629 673 757 661 757 801 757 661 620 672 758 800 756 802 759 661 620 803 760 802 759 801 761 661 620 804 762 665 623 661 620 803 760 661 620 666 624 667 625 805 763 661 620 661 620 805 763 804 762 806 764 668 626 661 620 807 765 808 766 661 620 661 620 808 766 806 764 809 767 662 619 657 616 662 619 807 765 661 620 663 621 810 768 657 616 657 616 810 768 809 767 811 769 664 622 657 616 658 615 812 770 657 616 657 616 812 770 811 769 813 771 656 614 657 616 814 772 657 616 653 612 657 616 814 772 813 771 815 773 660 618 653 612 814 772 653 612 659 617 654 611 816 774 653 612 653 612 816 774 815 773 652 610 653 612 649 607 650 609 655 613 649 607 649 607 646 605 651 608 648 606 643 601 644 602 627 585 639 597 638 595 607 565 622 580 621 578 595 553 599 557 441 391 579 536 557 514 577 535 527 484 528 485 524 481 472 423 471 422 474 424 467 419 471 422 472 423 817 775 783 739 785 741 818 776 785 741 819 777 817 775 818 776 820 778 821 779 818 776 822 780 823 781 825 782 824 783 824 783 826 784 821 779 444 395 785 741 783 739 827 785 824 783 821 779 828 786 823 781 788 743 829 787 823 781 824 783 830 788 787 744 831 789 823 781 831 789 788 743 828 786 788 743 786 742 436 386 438 389 782 738 828 786 825 782 823 781 831 789 787 744 788 743 825 782 826 784 824 783 831 789 823 781 829 787 724 680 832 790 722 678 726 791 722 791 832 791 826 784 833 792 821 779 829 787 824 783 827 785 731 687 834 793 730 686 736 692 730 686 834 793 818 776 833 792 820 778 827 785 821 779 822 780 743 699 835 794 737 693 744 700 737 693 835 794 822 780 818 776 819 777 833 792 818 776 821 779 746 701 836 795 745 702 755 711 745 702 836 795 819 777 785 741 784 740 818 776 817 775 785 741 756 712 837 796 754 710 753 709 754 710 837 796 436 386 444 395 437 388 444 395 434 385 784 740 753 709 682 638 694 652 781 737 436 386 779 736 436 386 453 404 435 387 778 734 838 797 445 396 445 396 838 797 452 403 503 457 497 451 502 798 497 451 492 445 496 449 556 515 581 539 551 508 556 515 549 507 839 799 524 481 520 477 433 462 521 476 504 459 433 462 497 451 433 462 504 459 581 539 556 515 557 514 524 481 544 502 530 487 839 799 540 497 530 487 556 515 839 799 530 487 540 497 520 477 530 487 521 476 433 462 520 477 840 800 842 800 841 800 841 801 843 801 840 801 844 802 846 802 845 802 847 803 849 803 848 803 850 804 851 804 844 804 846 805 844 805 851 805 852 806 850 806 853 806 850 807 852 807 851 807 853 808 855 808 854 808 854 809 852 809 853 809 856 810 857 810 855 810 854 811 855 811 857 811 858 812 856 812 859 812 856 813 858 813 857 813 859 814 861 814 860 814 860 815 858 815 859 815 862 816 863 816 861 816 860 817 861 817 863 817 864 818 862 818 865 818 862 819 864 819 863 819 865 820 867 820 866 820 866 821 864 821 865 821 868 822 869 822 867 822 866 823 867 823 869 823 870 824 868 824 871 824 868 825 870 825 869 825 872 826 845 826 846 826 872 827 873 827 845 827 873 828 875 828 874 828 875 829 873 829 872 829 876 830 848 830 874 830 874 831 875 831 876 831 847 832 877 832 849 832 876 833 847 833 848 833 878 834 877 834 879 834 877 835 878 835 849 835 879 836 881 836 880 836 880 837 878 837 879 837 882 838 883 838 881 838 880 839 881 839 883 839 884 840 882 840 885 840 882 841 884 841 883 841 885 842 887 842 886 842 886 843 884 843 885 843 888 844 889 844 887 844 886 845 887 845 889 845 890 846 888 846 891 846 888 847 890 847 889 847 891 848 893 848 892 848 892 849 890 849 891 849 894 850 896 850 895 850 897 851 899 851 898 851 894 852 900 852 896 852 901 850 902 850 895 850 903 850 894 850 895 850 894 853 903 853 904 853 902 854 905 854 903 854 903 850 895 850 902 850 906 855 905 855 907 855 902 856 907 856 905 856 906 850 909 850 908 850 909 850 906 850 907 850 910 857 911 857 908 857 908 858 909 858 910 858 912 859 911 859 913 859 910 850 913 850 911 850 912 860 915 860 914 860 915 861 912 861 913 861 916 862 917 862 914 862 914 863 915 863 916 863 918 850 917 850 919 850 916 850 919 850 917 850 918 864 921 864 920 864 921 865 918 865 919 865 922 866 923 866 920 866 920 867 921 867 922 867 924 868 923 868 925 868 922 869 925 869 923 869 924 870 925 870 926 870 897 871 898 871 926 871 924 850 926 850 898 850 897 850 927 850 899 850 928 872 927 872 929 872 927 873 928 873 899 873 929 874 931 874 930 874 930 875 928 875 929 875 932 876 933 876 931 876 930 877 931 877 933 877 932 878 935 878 934 878 934 879 933 879 932 879 936 880 935 880 937 880 935 881 936 881 934 881 938 882 939 882 937 882 936 883 937 883 939 883 938 884 941 884 940 884 940 885 939 885 938 885 944 886 942 887 945 888 942 887 944 886 943 889 946 890 947 891 945 888 944 886 945 888 947 891 947 891 949 892 948 893 949 892 947 891 946 890 950 894 951 895 948 893 948 893 949 892 950 894 952 896 951 895 953 897 950 894 953 897 951 895 954 898 955 899 952 896 952 896 953 897 954 898 956 900 954 898 957 901 954 898 956 900 955 899 958 902 960 903 959 904 957 901 961 905 958 902 959 904 963 906 962 907 963 906 959 904 960 903 964 908 966 909 965 910 967 911 964 908 962 907 968 912 970 913 969 914 972 915 968 912 973 916 974 917 976 918 975 919 972 915 973 916 974 917 977 920 979 921 978 922 977 920 981 923 980 924 982 925 984 926 983 927 985 928 987 929 986 930 985 928 989 931 988 932 986 930 987 929 990 933 991 934 992 935 988 932 993 936 994 937 983 927 989 931 991 934 988 932 986 930 989 931 985 928 995 938 980 924 981 923 987 929 994 937 990 933 993 936 990 933 994 937 992 935 991 934 978 922 996 939 984 926 982 925 993 936 983 927 984 926 981 923 977 920 978 922 992 935 978 922 979 921 995 938 975 919 976 918 995 938 976 918 980 924 973 916 968 912 969 914 974 917 975 919 972 915 971 940 969 914 970 913 965 910 971 940 970 913 964 908 967 911 966 909 965 910 966 909 971 940 963 906 967 911 962 907 958 902 961 905 960 903 958 902 956 900 957 901 943 889 998 941 997 942 997 942 942 887 943 889 999 943 1000 944 998 941 997 942 998 941 1000 944 999 943 1001 945 1000 944 1002 946 1001 945 999 943 1003 947 1001 945 1002 946 1004 948 1006 949 1005 950 1007 951 1009 952 1008 953 1006 949 1011 954 1010 955 1012 956 1003 947 1002 946 1013 957 1014 958 1004 948 1015 959 1007 951 1016 960 1017 961 1018 962 1014 958 1021 963 1016 960 1022 964 1023 965 1012 956 1024 966 1023 965 1003 947 1012 956 1022 964 1010 955 1021 963 1024 966 1025 967 1023 965 1026 968 1025 967 1027 969 1025 967 1024 966 1027 969 1027 969 1020 970 1026 968 1020 970 1019 971 1026 968 1028 972 1020 970 1018 962 1020 970 1028 972 1019 971 1017 961 1028 972 1018 962 1014 958 1013 957 1017 961 1013 957 1004 948 1005 950 1005 950 1006 949 1010 955 1010 955 1011 954 1021 963 1015 959 1016 960 1021 963 1007 951 1015 959 1009 952 1008 953 1030 973 1029 974 1030 973 1008 953 1009 952 1030 973 1031 975 1029 974 1032 976 1033 977 1029 974 1029 974 1031 975 1032 976 1034 978 1033 977 1035 979 1032 976 1035 979 1033 977 1034 978 1035 979 1036 980 1037 981 1039 981 1038 981 1040 982 1042 982 1041 982 1042 983 1040 983 1043 983 1041 984 1045 984 1044 984 1044 985 1040 985 1041 985 1044 986 1045 986 1046 986 1047 987 1046 987 1045 987 1047 988 1039 988 1048 988 1048 989 1046 989 1047 989 1038 990 1039 990 1049 990 1048 991 1039 991 1037 991 1038 992 1049 992 1050 992 1051 993 1053 993 1052 993 1054 994 1053 994 1055 994 1056 995 1052 995 1057 995 1052 995 1056 995 1051 995 1055 996 1053 996 1051 996 1055 997 1058 997 1054 997 1058 998 1060 998 1059 998 1059 999 1054 999 1058 999 1061 1000 1063 1000 1062 1000 1061 1001 1065 1001 1064 1001 1065 1002 1061 1002 1062 1002 1066 1003 1064 1003 1065 1003 1067 1004 1069 1004 1068 1004 1068 1005 1070 1005 1067 1005 1071 1006 1073 1006 1072 1006 1071 1007 1075 1007 1074 1007 1075 1008 1071 1008 1072 1008 1076 1009 1074 1009 1075 1009 1077 1010 1079 1010 1078 1010 1080 1011 1079 1011 1081 1011 1082 1012 1078 1012 1083 1012 1078 1013 1082 1013 1077 1013 1081 1014 1079 1014 1077 1014 1081 1015 1084 1015 1080 1015 1084 1016 1086 1016 1085 1016 1085 1017 1080 1017 1084 1017 1087 1018 1089 1018 1088 1018 1090 1019 1092 1019 1091 1019 1093 1020 1095 1020 1094 1020 1093 1021 1094 1021 1090 1021 1090 1022 1097 1022 1096 1022 1092 1023 1090 1023 1096 1023 1090 1024 1099 1024 1098 1024 1097 1025 1090 1025 1098 1025 1100 1026 1101 1026 1088 1026 1099 1027 1090 1027 1102 1027 1103 1028 1104 1028 1087 1028 1104 1029 1089 1029 1087 1029 1089 1030 1100 1030 1088 1030 1101 1031 1105 1031 1088 1031 1102 1032 1106 1032 1105 1032 1105 1033 1101 1033 1102 1033 1107 1034 1106 1034 1090 1034 1102 1035 1090 1035 1106 1035 1108 1036 1109 1036 1090 1036 1090 1037 1109 1037 1107 1037 1110 1038 1111 1038 1090 1038 1090 1039 1111 1039 1108 1039 1090 1040 1094 1040 1110 1040 1112 1041 1114 1041 1113 1041 1113 1042 1116 1042 1115 1042 1117 1043 1118 1043 1113 1043 1114 1044 1112 1044 1119 1044 1116 1045 1113 1045 1114 1045 1120 1046 1119 1046 1112 1046 1121 1047 1112 1047 1122 1047 1122 1048 1112 1048 1123 1048 1124 1049 1123 1049 1113 1049 1112 1050 1113 1050 1123 1050 1113 1051 1125 1051 1124 1051 1113 1052 1118 1052 1125 1052 1126 1053 1128 1053 1127 1053 1129 1054 1126 1054 1130 1054 1128 1055 1126 1055 1129 1055 1131 1056 1133 1056 1132 1056 1131 1057 1134 1057 1133 1057 1131 1058 1135 1058 1134 1058 1134 1059 1137 1059 1136 1059 1134 1060 1135 1060 1137 1060 1138 1061 1140 1061 1139 1061 1138 1062 1142 1062 1141 1062 1142 1063 1138 1063 1139 1063 1143 1064 1141 1064 1142 1064 1144 1065 1146 1065 1145 1065 1147 1066 1149 1066 1148 1066 1150 1067 1149 1067 1144 1067 1144 1068 1145 1068 1150 1068 1150 1069 1148 1069 1149 1069 1148 1070 1151 1070 1147 1070 1151 1071 1153 1071 1152 1071 1152 1072 1147 1072 1151 1072 1154 1073 1156 1073 1155 1073 1157 1074 1158 1074 1155 1074 1159 1075 1160 1075 1154 1075 1156 1076 1154 1076 1160 1076 1161 1077 1159 1077 1162 1077 1159 1078 1161 1078 1160 1078 1162 1079 1164 1079 1163 1079 1163 1080 1161 1080 1162 1080 1165 1081 1166 1081 1164 1081 1163 1082 1164 1082 1166 1082 1167 1083 1165 1083 1168 1083 1165 1084 1167 1084 1166 1084 1157 1085 1155 1085 1156 1085 1158 1086 1157 1086 1169 1086 1170 1087 1169 1087 1171 1087 1169 1088 1170 1088 1158 1088 1171 1089 1173 1089 1172 1089 1172 1090 1170 1090 1171 1090 1174 1091 1175 1091 1173 1091 1172 1092 1173 1092 1175 1092 1176 1093 1174 1093 1177 1093 1174 1094 1176 1094 1175 1094 1177 1095 1179 1095 1178 1095 1178 1096 1176 1096 1177 1096 1180 1097 1182 1097 1181 1097 1181 1098 1182 1098 1183 1098 1183 1099 1182 1099 1184 1099 1183 1100 1184 1100 1185 1100 1186 1101 1184 1101 1187 1101 1184 1102 1186 1102 1185 1102 1188 1103 1180 1103 1181 1103 1188 1104 1189 1104 1180 1104 1188 1105 1190 1105 1189 1105 1190 1106 1191 1106 1189 1106 1192 1107 1191 1107 1190 1107 1193 1108 1191 1108 1192 1108 1194 1109 1196 1109 1195 1109 1199 1110 1200 1110 1197 1110 1201 1111 1203 1111 1202 1111 1204 1112 1201 1112 1205 1112 1206 1113 1199 1113 1197 1113 1207 1114 1209 1114 1208 1114 1202 1115 1210 1115 1201 1115 1211 1116 1201 1116 1210 1116 1207 1117 1201 1117 1209 1117 1212 1118 1196 1118 1213 1118 1201 1119 1198 1119 1212 1119 1214 1120 1215 1120 1207 1120 1209 1121 1201 1121 1211 1121 1207 1122 1215 1122 1216 1122 1217 1123 1207 1123 1208 1123 1207 1124 1217 1124 1214 1124 1203 1125 1201 1125 1218 1125 1207 1126 1198 1126 1201 1126 1201 1127 1220 1127 1219 1127 1204 1128 1218 1128 1201 1128 1206 1129 1221 1129 1199 1129 1212 1130 1213 1130 1222 1130 1199 1131 1221 1131 1223 1131 1223 1132 1221 1132 1224 1132 1195 1133 1212 1133 1226 1133 1212 1134 1198 1134 1227 1134 1224 1135 1229 1135 1225 1135 1226 1136 1233 1136 1232 1136 1227 1137 1233 1137 1212 1137 1234 1138 1233 1138 1227 1138 1236 1139 1237 1140 1232 1141 1234 1142 1242 1142 1236 1142 1243 1143 1237 1140 1236 1139 1241 1144 1245 1144 1244 1144 1247 1145 1248 1145 1244 1145 1249 1146 1243 1146 1242 1146 1239 1147 1248 1147 1250 1147 1251 1148 1253 1149 1252 1150 1250 1151 1254 1151 1239 1151 1255 1152 1251 1148 1252 1150 1255 1152 1257 1153 1256 1154 1258 1155 1259 1156 1257 1153 1254 1157 1261 1157 1260 1157 1258 1155 1263 1158 1262 1159 1264 1160 1260 1160 1265 1160 1266 1161 1263 1158 1267 1162 1265 1163 1268 1164 1264 1165 1267 1162 1270 1166 1269 1167 1268 1164 1272 1168 1271 1169 1273 1170 1274 1171 1270 1166 1275 1172 1277 1173 1276 1174 1272 1168 1275 1172 1271 1169 1276 1175 1279 1175 1278 1175 1280 1176 1274 1171 1278 1177 1281 1178 1278 1177 1279 1179 1280 1176 1283 1180 1282 1181 1285 1182 1287 1183 1286 1184 1287 1185 1283 1185 1288 1185 1289 1186 1291 1186 1290 1186 1292 1187 1291 1187 1289 1187 1293 1188 1290 1188 1296 1188 1294 1189 1296 1189 1295 1189 1294 1190 1295 1190 1297 1190 1296 1191 1294 1191 1298 1191 1301 1192 1303 1192 1302 1192 1305 1193 1307 1193 1306 1193 1312 1194 1314 1194 1313 1194 1317 1195 1321 1195 1316 1195 1319 1196 1320 1196 1322 1196 1323 1197 1322 1197 1324 1197 1327 1198 1328 1198 1325 1198 1329 1199 1330 1199 1328 1199 1331 1200 1328 1200 1330 1200 1330 1201 1332 1201 1331 1201 1333 1202 1331 1202 1332 1202 1333 1203 1335 1203 1334 1203 1334 1204 1331 1204 1333 1204 1334 1205 1335 1205 1336 1205 1337 1206 1338 1206 1336 1206 1334 1207 1336 1207 1338 1207 1337 1208 1339 1208 1338 1208 1340 1209 1339 1209 1341 1209 1339 1210 1340 1210 1338 1210 1342 1211 1343 1211 1341 1211 1340 1212 1341 1212 1343 1212 1342 1213 1344 1213 1343 1213 1317 1214 1344 1214 1321 1214 1344 1215 1317 1215 1343 1215 1348 1216 1350 1216 1349 1216 1351 1217 1347 1218 1346 1219 1352 1220 1354 1221 1353 1222 1347 1218 1355 1223 1346 1219 1301 1224 1357 1224 1356 1224 1359 1225 1361 1226 1360 1227 2026 1228 1297 1228 1304 1228 1369 1229 1371 1230 1370 1231 1368 1232 1373 1232 1372 1232 1373 1233 1374 1233 1372 1233 1296 1234 1298 1234 1293 1234 1299 1235 1376 1235 1375 1235 1303 1236 1376 1236 1302 1236 1372 1237 1367 1237 1368 1237 1367 1238 1377 1238 1362 1238 1288 1239 1379 1240 1286 1184 1382 1241 1286 1184 1383 1242 1384 1243 1386 1244 1385 1245 1387 1246 1370 1231 1388 1247 1364 1248 1390 1249 1389 1250 1386 1244 1387 1246 1391 1251 1393 1252 1395 1253 1394 1254 1396 1255 1398 1256 1397 1257 1399 1258 1395 1253 1392 1259 1400 1260 1397 1257 1401 1261 1347 1218 1351 1217 1402 1262 1403 1263 1360 1227 1404 1264 1355 1223 1347 1218 1359 1225 1359 1225 1403 1263 1355 1223 1406 1265 1408 1266 1407 1267 1380 1268 1381 1268 2119 1268 1410 1269 1409 1269 2146 1269 1411 1270 1410 1270 1413 1270 1417 1271 1419 1271 1418 1271 1414 1272 1423 1272 1422 1272 1424 1273 2121 1273 1429 1273 1421 1274 1420 1274 1426 1274 1427 1275 1429 1275 1428 1275 1427 1276 1428 1276 1431 1276 1432 1277 1434 1278 1433 1279 1435 1280 1437 1280 1436 1280 1419 1281 1440 1281 1418 1281 1445 1282 1446 1282 1443 1282 1348 1283 1447 1283 1350 1283 1448 1284 1415 1284 1416 1284 1450 1285 1452 1285 1451 1285 1373 1286 2119 1286 1374 1286 1453 1287 1455 1287 1454 1287 1376 1288 1303 1288 1356 1288 1457 1289 1459 1289 1458 1289 1421 1290 1461 1290 1460 1290 1453 1291 1462 1291 1455 1291 1463 1292 1416 1292 1415 1292 1426 1293 1425 1293 1464 1293 1465 1294 1473 1295 1466 1296 1430 1297 1440 1297 1419 1297 1467 1298 1440 1298 1443 1298 1469 1299 1471 1299 1470 1299 1478 1300 1558 1301 1479 1302 1481 1303 1434 1278 1432 1277 1487 1304 1486 1304 1466 1304 1435 1305 1438 1305 1441 1305 1489 1306 1439 1306 1485 1306 1489 1307 1485 1307 1490 1307 1490 1308 1492 1308 1489 1308 1436 1309 1439 1310 1489 1311 1489 1312 1492 1312 1491 1312 1491 1313 1493 1313 1496 1313 1497 1314 1498 1314 1496 1314 1496 1315 1493 1315 1497 1315 1498 1316 1499 1316 1496 1316 1501 1317 1502 1317 1498 1317 1500 1318 1504 1318 1503 1318 1505 1319 1499 1320 1502 1321 1475 1322 1509 1323 1503 1324 1509 1323 1475 1322 1465 1294 1515 1325 1517 1325 1516 1325 1519 1326 1520 1326 1516 1326 1521 1327 1522 1327 1520 1327 1474 1328 1473 1295 1465 1294 1523 1329 1465 1294 1466 1296 1516 1330 1524 1331 1514 1332 1529 1333 1516 1330 1522 1334 1538 1335 1534 1335 1533 1335 1534 1336 1535 1336 1533 1336 1539 1337 1541 1337 1540 1337 1537 1338 1524 1331 1529 1333 1558 1301 1541 1339 1542 1340 1558 1341 1542 1341 1479 1341 1559 1342 1545 1343 1544 1344 1536 1345 1522 1334 1484 1346 1548 1347 1550 1348 1549 1349 1552 1350 1553 1351 1549 1349 1483 1352 1531 1353 1554 1354 1555 1355 1557 1356 1556 1357 1560 1358 1562 1359 1561 1360 1483 1352 1554 1354 1563 1361 1540 1362 1564 1363 1551 1364 1565 1365 1566 1366 1575 1367 1551 1364 1570 1368 1554 1354 1554 1354 1570 1368 1563 1361 1572 1369 1570 1368 1573 1370 1574 1371 1573 1370 1551 1364 1576 1372 1578 1373 1577 1374 1582 1375 1583 1376 1595 1377 1589 1378 1591 1379 1590 1380 2521 1381 1593 1382 1591 1379 1589 1378 2530 1383 2521 1381 2409 1384 1605 1385 2396 1386 1608 1387 1605 1385 2423 1388 1601 1389 1607 1390 1606 1391 1619 1392 1610 1393 1609 1394 1620 1395 1622 1395 1621 1395 1623 1396 1615 1397 1618 1398 1625 1399 1626 1399 1945 1399 1629 1400 1628 1400 1630 1400 2468 1401 2481 1402 1627 1403 1629 1404 1632 1404 1631 1404 1635 1405 1631 1405 1636 1405 1643 1406 1645 1407 1644 1408 1652 1409 1654 1410 1653 1411 1656 1412 1657 1412 1641 1412 1658 1413 1659 1413 2703 1413 1660 1414 1662 1414 1661 1414 1685 1415 1683 1416 1686 1417 1674 1418 1694 1418 1693 1418 1695 1419 1696 1419 1692 1419 1690 1420 1697 1420 1694 1420 1702 1421 1690 1421 1698 1421 1706 1422 1703 1422 1707 1422 1713 1423 1715 1423 1714 1423 1718 1424 1691 1424 1719 1424 1700 1425 1719 1425 1696 1425 1700 1426 1724 1426 1719 1426 1726 1427 1710 1427 1727 1427 1704 1428 1726 1428 1724 1428 1729 1429 1725 1429 1717 1429 1730 1430 1731 1430 1721 1430 1735 1431 1734 1431 1733 1431 1737 1432 1736 1432 1734 1432 1739 1433 1737 1433 1738 1433 1739 1434 1738 1434 1740 1434 1739 1435 1740 1435 1741 1435 1741 1436 1742 1436 1739 1436 1741 1437 1743 1437 1742 1437 1744 1438 1742 1438 1743 1438 1744 1439 1745 1439 1742 1439 1745 1440 1746 1440 1742 1440 1745 1441 1747 1441 1746 1441 1749 1442 1746 1442 1747 1442 1749 1443 1750 1443 1751 1443 1752 1444 1749 1444 1751 1444 1751 1445 1753 1445 1752 1445 1752 1446 1753 1446 1754 1446 1752 1447 1754 1447 1755 1447 1756 1448 1752 1448 1755 1448 1757 1449 1756 1449 1755 1449 1758 1450 1756 1450 1757 1450 1758 1451 1759 1451 1756 1451 1759 1452 1760 1452 1756 1452 1756 1453 1760 1453 1761 1453 1762 1454 1761 1454 1760 1454 1763 1455 1764 1455 1761 1455 1761 1456 1764 1456 1765 1456 1766 1457 1761 1457 1765 1457 1765 1458 1764 1458 1767 1458 1768 1459 1765 1459 1767 1459 1766 1460 1765 1460 1768 1460 1768 1461 1769 1461 1766 1461 1770 1462 1766 1462 1769 1462 1770 1463 1772 1463 1771 1463 1772 1464 1770 1464 1769 1464 1771 1465 1773 1465 1770 1465 1773 1466 1774 1466 1770 1466 1774 1467 1775 1467 1776 1467 1778 1468 1774 1468 1779 1468 1779 1469 1774 1469 1777 1469 1750 1470 1749 1470 1748 1470 1747 1471 1748 1471 1749 1471 1737 1472 1739 1472 1736 1472 1734 1473 1735 1473 1737 1473 1782 1474 1783 1474 2711 1474 1655 1475 1657 1475 1784 1475 1646 1476 1784 1476 1785 1476 2503 1477 1649 1478 1786 1479 1788 1480 1638 1481 1787 1482 1629 1483 1789 1483 1632 1483 1792 1484 1790 1484 1793 1484 1793 1485 1795 1485 1794 1485 1796 1486 1793 1486 1794 1486 1797 1487 1799 1487 1798 1487 1795 1488 1793 1488 1800 1488 1799 1489 1802 1489 1801 1489 1798 1490 1799 1490 1801 1490 1799 1491 1804 1491 1803 1491 1805 1492 1802 1492 1799 1492 1806 1493 1808 1493 1807 1493 1806 1494 1804 1494 1799 1494 1805 1495 1799 1495 1803 1495 1799 1496 1808 1496 1806 1496 1799 1497 1797 1497 1793 1497 1793 1498 1797 1498 1800 1498 1792 1499 1809 1499 1790 1499 1793 1500 1810 1500 1792 1500 1811 1501 1813 1501 1812 1501 1815 1502 1811 1502 1816 1502 1817 1503 1819 1503 1818 1503 1796 1504 1820 1504 1793 1504 1821 1505 1790 1505 1809 1505 1824 1506 1790 1506 1825 1506 1827 1507 1828 1507 1790 1507 1828 1508 1827 1508 1831 1508 1828 1509 1832 1510 1830 1511 1834 1512 1835 1513 1829 1514 1812 1515 1837 1515 1836 1515 1832 1516 1839 1516 1838 1516 1837 1517 1843 1517 1842 1517 1840 1518 1844 1519 1841 1520 1845 1521 1846 1522 1835 1513 1845 1521 1848 1523 1847 1524 1850 1525 1843 1525 1849 1525 1846 1522 1853 1526 1852 1527 1849 1528 1855 1528 1854 1528 1853 1526 1856 1529 1851 1530 1857 1531 1858 1532 1851 1530 1859 1533 1855 1534 1860 1535 1858 1532 1862 1536 1861 1537 1863 1538 1861 1537 1864 1539 1865 1540 1866 1541 1863 1538 1867 1542 1860 1535 1868 1543 1869 1544 1870 1545 1866 1541 1871 1546 1873 1547 1872 1548 1870 1545 1875 1549 1874 1550 1877 1551 1879 1551 1878 1551 1879 1552 1873 1547 1880 1553 1881 1554 1880 1553 1882 1555 1883 1556 1885 1557 1884 1558 1886 1559 1887 1560 1884 1558 1888 1561 1889 1562 1882 1555 1891 1563 1892 1564 1889 1562 1893 1565 1895 1566 1894 1567 1890 1568 1888 1561 1896 1569 1897 1570 1628 1570 1626 1570 1612 1571 1607 1390 1898 1572 1900 1573 1901 1574 1946 1575 1902 1576 1602 1577 1600 1578 1903 1579 1904 1579 1602 1579 1905 1580 1906 1581 1598 1582 1599 1583 1589 1378 1909 1584 1912 1585 1920 1586 1911 1587 1593 1382 1913 1588 1591 1379 1593 1382 1594 1589 1914 1590 1594 1589 1595 1377 1918 1591 1919 1592 1585 1593 1568 1594 1929 1595 1931 1595 1930 1595 1932 1596 1930 1597 1931 1598 1676 1599 1688 1600 1685 1415 1933 1601 1574 1371 1564 1363 1934 1602 1582 1375 1578 1373 1623 1396 1619 1392 1898 1572 1691 1603 1696 1603 1719 1603 2702 1604 1943 1604 1712 1604 1671 1605 1674 1605 1944 1605 1666 1606 1671 1606 1944 1606 1788 1607 1620 1607 1945 1607 1947 1608 1949 1609 1948 1610 1324 1611 1322 1611 1320 1611 1224 1612 1225 1612 1223 1612 1220 1613 1212 1613 1222 1613 1205 1614 1201 1614 1952 1614 1212 1615 1220 1615 1201 1615 1952 1616 1201 1616 1219 1616 1953 1617 1323 1617 1324 1617 1954 1618 1223 1618 1225 1618 1199 1619 1223 1619 1228 1619 1223 1620 1954 1620 1228 1620 1196 1621 1212 1621 1195 1621 1197 1622 1200 1622 1198 1622 1228 1623 1200 1623 1199 1623 1196 1624 1955 1624 1213 1624 1200 1625 1227 1625 1198 1625 1194 1626 1956 1626 1196 1626 1955 1627 1196 1627 1956 1627 1323 1628 1953 1628 1957 1628 1959 1629 1228 1629 1954 1629 1959 1630 1954 1630 1958 1630 1228 1631 1959 1631 1230 1631 1230 1632 1960 1632 1200 1632 1228 1633 1230 1633 1200 1633 1226 1634 1961 1634 1195 1634 1212 1635 1233 1635 1226 1635 1231 1636 1962 1636 1226 1636 1961 1637 1226 1637 1962 1637 1963 1638 1323 1638 1957 1638 1963 1639 1957 1639 1964 1639 1958 1640 1965 1640 1959 1640 1966 1641 1230 1641 1959 1641 1966 1642 1959 1642 1965 1642 1230 1643 1966 1643 1235 1643 1235 1644 1967 1644 1960 1644 1232 1645 1968 1645 1226 1645 1200 1646 1960 1646 1227 1646 1960 1647 1230 1647 1235 1647 1231 1648 1226 1648 1969 1648 1234 1649 1227 1649 1967 1649 1968 1650 1970 1650 1226 1650 1969 1651 1226 1651 1970 1651 1963 1652 1964 1652 1971 1652 1965 1653 1972 1653 1966 1653 1235 1654 1966 1654 1240 1654 1236 1139 1232 1141 1233 1655 1960 1656 1967 1656 1227 1656 1240 1657 1967 1657 1235 1657 1973 1658 1232 1658 1237 1658 1234 1659 1236 1659 1233 1659 1325 1660 1963 1660 1971 1660 1325 1661 1971 1661 1326 1661 1974 1662 1240 1662 1966 1662 1974 1663 1966 1663 1972 1663 1240 1664 1974 1664 1241 1664 1967 1665 1241 1665 1975 1665 1241 1666 1967 1666 1240 1666 1976 1667 1977 1667 1237 1667 1234 1668 1975 1668 1242 1668 1977 1669 1978 1669 1237 1669 1237 1670 1978 1670 1973 1670 1325 1671 1326 1671 1327 1671 1972 1672 1979 1672 1974 1672 1241 1673 1974 1673 1245 1673 1246 1674 1237 1140 1243 1143 1967 1675 1975 1675 1234 1675 1241 1676 1244 1676 1975 1676 1980 1677 1981 1677 1237 1677 1242 1678 1243 1678 1236 1678 1981 1679 1976 1679 1237 1679 1328 1680 1327 1680 1329 1680 1979 1681 1245 1681 1974 1681 1975 1682 1244 1682 1982 1682 1249 1683 1242 1683 1982 1683 1237 1684 1246 1684 1980 1684 1983 1685 1980 1686 1246 1674 1984 1687 1245 1687 1979 1687 1244 1688 1245 1688 1247 1688 1245 1689 1984 1689 1247 1689 1251 1148 1246 1674 1253 1149 1975 1690 1982 1690 1242 1690 1248 1691 1982 1691 1244 1691 1249 1692 1253 1149 1243 1143 1985 1693 1986 1694 1246 1674 1246 1674 1986 1694 1983 1685 1987 1695 1247 1695 1984 1695 1982 1696 1248 1696 1238 1696 1243 1143 1253 1149 1246 1674 1246 1674 1251 1148 1985 1693 1253 1697 1249 1697 1252 1697 1988 1698 1985 1693 1251 1148 1989 1699 1247 1699 1987 1699 1248 1700 1247 1700 1250 1700 1247 1701 1989 1701 1250 1701 1278 1177 1281 1178 1284 1702 1982 1703 1238 1703 1249 1703 1248 1704 1239 1704 1238 1704 1990 1705 1251 1148 1256 1154 1238 1706 1991 1706 1249 1706 1252 1150 1991 1707 1255 1152 1990 1705 1988 1698 1251 1148 1992 1708 1238 1708 1254 1708 1249 1692 1991 1707 1252 1150 1239 1709 1254 1709 1238 1709 1993 1710 1256 1154 1259 1156 1991 1707 1257 1153 1255 1152 1990 1705 1256 1154 1993 1710 1251 1148 1255 1152 1256 1154 1994 1711 1250 1711 1989 1711 1254 1712 1250 1712 1261 1712 1994 1713 1261 1713 1250 1713 1238 1714 1992 1714 1991 1714 1254 1715 1260 1715 1992 1715 1257 1153 1259 1156 1256 1154 1991 1716 1992 1716 1995 1716 1257 1153 1995 1717 1258 1155 1996 1718 1259 1156 1262 1159 1259 1156 1996 1718 1993 1710 1260 1719 1261 1720 1265 1163 1994 1721 1265 1721 1261 1721 1997 1722 1992 1722 1264 1722 1991 1707 1995 1717 1257 1153 1260 1723 1264 1723 1992 1723 1258 1155 1262 1159 1259 1156 1258 1155 1995 1717 1263 1158 1998 1724 1262 1159 1266 1161 1262 1159 1998 1724 1996 1718 1999 1725 1265 1725 1994 1725 1992 1726 1997 1726 1995 1726 1264 1727 1268 1727 1997 1727 1263 1158 1266 1161 1262 1159 1995 1717 1997 1728 1273 1170 1263 1158 1273 1170 1267 1162 2000 1729 1266 1161 1269 1167 1266 1161 2000 1729 1998 1724 1268 1164 1265 1163 1272 1168 1999 1730 1272 1730 1265 1730 1271 1731 2001 1731 1997 1731 1995 1717 1273 1170 1263 1158 1268 1732 1271 1732 1997 1732 1267 1162 1269 1167 1266 1161 1267 1162 1273 1170 1270 1166 2002 1733 1269 1167 2003 1734 1269 1167 2002 1733 2000 1729 2004 1735 1272 1735 1999 1735 1997 1728 2001 1736 1273 1170 2001 1736 1271 1169 1275 1172 2005 1737 2003 1734 2006 1738 2001 1736 1274 1171 1273 1170 1274 1171 2007 1739 1270 1166 2002 1733 2003 1734 2005 1737 1269 1167 1270 1166 2003 1734 1275 1172 1272 1168 1277 1173 2004 1740 1277 1740 1272 1740 1278 1741 2001 1741 1276 1741 2008 1742 2009 1743 2006 1738 1275 1744 1276 1744 2001 1744 1270 1166 2007 1739 2003 1734 1278 1177 1274 1171 2001 1736 1274 1171 2010 1745 2007 1739 2005 1737 2006 1738 2009 1743 2003 1734 2007 1739 2006 1738 2011 1746 1277 1746 2004 1746 1276 1174 1277 1173 2012 1747 2011 1748 2012 1748 1277 1748 1279 1179 1276 1174 2012 1747 2013 1749 2014 1750 2008 1742 2007 1739 2010 1745 2006 1738 1280 1176 2013 1749 2010 1745 2009 1743 2008 1742 2015 1751 2006 1738 2010 1745 2008 1742 2016 1752 2012 1752 2011 1752 2017 1753 2019 1754 2018 1755 2012 1747 1281 1178 1279 1179 2019 1754 2014 1750 2013 1749 2010 1745 2013 1749 2008 1742 1274 1171 1280 1176 2010 1745 1278 1177 1284 1702 1280 1176 2008 1742 2014 1750 2015 1751 2013 1749 1280 1176 2019 1754 2020 1756 2015 1751 2014 1750 1317 1757 1316 1757 1310 1757 1314 1758 1315 1758 1318 1758 1310 1759 1315 1759 1308 1759 1304 1760 1309 1760 1308 1760 2021 1761 2012 1761 2016 1761 1281 1178 2012 1747 2022 1762 2012 1763 2021 1763 2022 1763 2023 1764 1283 1180 1284 1702 2022 1762 2023 1764 1281 1178 1281 1765 2023 1765 1284 1765 2017 1753 2014 1750 2019 1754 1284 1702 1283 1180 1280 1176 2019 1754 1282 1181 2018 1755 2020 1756 2017 1753 2024 1766 2014 1750 2017 1753 2020 1756 1316 1767 1315 1767 1310 1767 1313 1768 1314 1768 1318 1768 1312 1769 1311 1769 2025 1769 1310 1770 1308 1770 1309 1770 1314 1771 1345 1771 1308 1771 1304 1772 1308 1772 1345 1772 1304 1773 1345 1773 2026 1773 1295 1774 1304 1774 1297 1774 1285 1182 1286 1184 1382 1241 1288 1775 1286 1775 1287 1775 1283 1180 2023 1764 1288 1239 2020 1756 2024 1766 2027 1776 1280 1176 1282 1181 2019 1754 1287 1183 1282 1181 1283 1180 2028 1777 2029 1778 2018 1755 2017 1753 2018 1755 2024 1766 1315 1779 1314 1779 1308 1779 1345 1780 1312 1780 2025 1780 2026 1781 1345 1781 2030 1781 1345 1782 2025 1782 2030 1782 2026 1783 1366 1783 1297 1783 2026 1784 2030 1784 1366 1784 1294 1785 1297 1785 1366 1785 1298 1786 1294 1786 1366 1786 1288 1239 2023 1764 2022 1762 2022 1787 1291 1787 1379 1787 1291 1788 2022 1788 2021 1788 1287 1183 2028 1777 1282 1181 1288 1239 2022 1762 1379 1240 2031 1789 2032 1790 2027 1776 2018 1755 2029 1778 2024 1766 1282 1181 2028 1777 2018 1755 1285 1182 2028 1777 1287 1183 2028 1777 2031 1789 2029 1778 2020 1756 2027 1776 2033 1791 2024 1766 2029 1778 2027 1776 1314 1792 1312 1792 1345 1792 2025 1793 1311 1793 2034 1793 2035 1794 2030 1794 2034 1794 1366 1795 2030 1795 2035 1795 1366 1796 2035 1796 2036 1796 1366 1797 2037 1797 1298 1797 1298 1798 2037 1798 1293 1798 2036 1799 2037 1799 1366 1799 1293 1800 2037 1800 2038 1800 1289 1801 1290 1801 2038 1801 1293 1802 2038 1802 1290 1802 1388 1247 1391 1251 1387 1246 2039 1803 2028 1777 1369 1229 1379 1804 1291 1804 1292 1804 1383 1242 1286 1184 1379 1240 2040 1805 2032 1790 2031 1789 2029 1778 2031 1789 2027 1776 1285 1182 1369 1229 2028 1777 2027 1776 2032 1790 2033 1791 2031 1789 2039 1803 2040 1805 2041 1806 2033 1791 2032 1790 1311 1807 2042 1807 2034 1807 2043 1808 2034 1808 2042 1808 2030 1809 2025 1809 2034 1809 2043 1810 2035 1810 2034 1810 2035 1811 2043 1811 2044 1811 2036 1812 2045 1812 2037 1812 2036 1813 2044 1813 2045 1813 2037 1814 2045 1814 2038 1814 2045 1815 2046 1815 2038 1815 2046 1816 2047 1816 1292 1816 2046 1817 1289 1817 2038 1817 1383 1818 1292 1818 2047 1818 2046 1819 1292 1819 1289 1819 1292 1820 1383 1820 1379 1820 1382 1241 1369 1229 1285 1182 2049 1821 2050 1822 2040 1805 1382 1241 1383 1242 2048 1823 1369 1229 1382 1241 1371 1230 2050 1822 2032 1790 2040 1805 2028 1777 2039 1803 2031 1789 1369 1229 1370 1231 2039 1803 2040 1805 1384 1243 2049 1821 2041 1806 2050 1822 2051 1824 2032 1790 2050 1822 2041 1806 2043 1825 2052 1825 2044 1825 2036 1826 2035 1826 2044 1826 2045 1827 2055 1827 2046 1827 2045 1828 2054 1828 2055 1828 2046 1829 2055 1829 2056 1829 2048 1830 1383 1830 2057 1830 2056 1831 2047 1831 2046 1831 2048 1823 1371 1230 1382 1241 2047 1832 2057 1832 1383 1832 2048 1823 1388 1247 1371 1230 1370 1231 1384 1243 2039 1803 1370 1231 1371 1230 1388 1247 2058 1833 2051 1824 2059 1834 2039 1803 1384 1243 2040 1805 1387 1246 1384 1243 1370 1231 1384 1243 2060 1835 2049 1821 2041 1806 2051 1824 2058 1833 2050 1822 2049 1821 2051 1824 2052 1836 2053 1836 2044 1836 2053 1837 2054 1837 2044 1837 2061 1838 2054 1838 2053 1838 2045 1839 2044 1839 2054 1839 2054 1840 2062 1840 2055 1840 2056 1841 2055 1841 2062 1841 2056 1842 2062 1842 2063 1842 2057 1843 2047 1843 2056 1843 2063 1844 2057 1844 2056 1844 2064 1845 2065 1845 2048 1845 2057 1846 2063 1846 2064 1846 1391 1251 1388 1247 2065 1847 2064 1848 2048 1848 2057 1848 1385 1245 2066 1849 1365 1850 2065 1847 1388 1247 2048 1823 2067 1851 2068 1852 2059 1834 2049 1821 2060 1835 2051 1824 1387 1246 1386 1244 1384 1243 1385 1245 2067 1851 2060 1835 2058 1833 2059 1834 2069 1853 2051 1824 2060 1835 2059 1834 1357 1854 1299 1854 1375 1854 1358 1855 1299 1855 1357 1855 1376 1856 1356 1856 1375 1856 1357 1857 1375 1857 1356 1857 1301 1858 1356 1858 1303 1858 1302 1859 1376 1859 1458 1859 2061 1860 2071 1860 2054 1860 2071 1861 2062 1861 2054 1861 2071 1862 2072 1862 2062 1862 2072 1863 2063 1863 2062 1863 2073 1864 2063 1864 2072 1864 2063 1865 2073 1865 2074 1865 2063 1866 2074 1866 2064 1866 2064 1867 2074 1867 2075 1867 2075 1868 2065 1868 2064 1868 2076 1869 2077 1870 1391 1251 2065 1871 2075 1871 2076 1871 2066 1849 1386 1244 2077 1870 2068 1852 2067 1851 2078 1872 1391 1251 2065 1847 2076 1869 1386 1244 1391 1251 2077 1870 2060 1835 2067 1851 2059 1834 1384 1243 1385 1245 2060 1835 1386 1244 2066 1849 1385 1245 2059 1834 2068 1852 2069 1853 2078 1872 2067 1851 1365 1850 2079 1873 2069 1853 2068 1852 1300 1874 2080 1874 1362 1874 1376 1875 1300 1875 1363 1875 2070 1876 1458 1876 1376 1876 2070 1877 1457 1877 1458 1877 1457 1878 1450 1878 1459 1878 1459 1879 1450 1879 1451 1879 1451 1880 1452 1881 1416 1882 1448 1883 1452 1883 1363 1883 1448 1884 1416 1884 1452 1884 2081 1885 2074 1886 2073 1887 2083 1888 2074 1886 2081 1885 2074 1889 2083 1889 2082 1889 2074 1890 2082 1890 2075 1890 2075 1891 2084 1891 2076 1891 2082 1892 2084 1892 2075 1892 2076 1893 2084 1893 2085 1893 2086 1894 1364 1248 2066 1849 1365 1850 1389 1250 1392 1259 2077 1870 2076 1869 2085 1895 2077 1870 2086 1894 2066 1849 2078 1872 2087 1896 2068 1852 1385 1245 1365 1850 2067 1851 2066 1849 1364 1248 1365 1850 2078 1872 1365 1850 2088 1897 2079 1873 2087 1896 2089 1898 2068 1852 2087 1896 2079 1873 1299 1899 1300 1899 1376 1899 1376 1900 1363 1900 2070 1900 2070 1901 1363 1901 1457 1901 1377 1902 1363 1902 1362 1902 1457 1903 1363 1903 1450 1903 1450 1904 1363 1904 1452 1904 1448 1905 1449 1905 1415 1905 1448 1906 1377 1906 1449 1906 1415 1907 2091 1907 1463 1907 1460 1908 1461 1908 2091 1908 2091 1909 1449 1909 1460 1909 1461 1910 1463 1910 2091 1910 2073 1887 2092 1911 2081 1885 2081 1885 2092 1911 2083 1888 2093 1912 2083 1888 2092 1911 2093 1912 2082 1913 2083 1888 2084 1914 2082 1914 2095 1914 2095 1915 2082 1913 2094 1916 2084 1917 2096 1917 2085 1917 2084 1918 2095 1918 2096 1918 2086 1894 2077 1870 2085 1895 2097 1919 2086 1894 2085 1895 2085 1920 2096 1920 2097 1920 1396 1255 1397 1257 1400 1260 2097 1919 1390 1249 2086 1894 1393 1252 1394 1254 2089 1898 2078 1872 2088 1897 2087 1896 1389 1250 1365 1850 1364 1248 1392 1259 1393 1252 2088 1897 2079 1873 2089 1898 2098 1921 2087 1896 2088 1897 2089 1898 1300 1922 1362 1922 1363 1922 2080 1923 2090 1923 1362 1923 1362 1924 2090 1924 1367 1924 1456 1925 1367 1925 2100 1925 1448 1926 1363 1926 1377 1926 1456 1927 1449 1927 1377 1927 1415 1928 1449 1928 2091 1928 1456 1929 1421 1929 1460 1929 1420 1930 1421 1930 1456 1930 2093 1912 2094 1916 2082 1913 2093 1931 2101 1931 2094 1931 2095 1932 2094 1932 2101 1932 2102 1933 2095 1933 2101 1933 2105 1934 2095 1915 2103 1935 2096 1936 2104 1936 2097 1936 2096 1937 2105 1934 2104 1938 2086 1894 1390 1249 1364 1248 1389 1250 1390 1249 2106 1939 2097 1919 2106 1939 1390 1249 1389 1250 2106 1939 2107 1940 2088 1897 1393 1252 2089 1898 1365 1850 1392 1259 2088 1897 2089 1898 1394 1254 2098 1921 1395 1253 1393 1252 1392 1259 2108 1941 2098 1921 1394 1254 2099 1942 1368 1942 1367 1942 1456 1943 1377 1943 1367 1943 2100 1944 2109 1944 1456 1944 1449 1945 1456 1945 1460 1945 1454 1946 1424 1946 2109 1946 1425 1947 1456 1947 2109 1947 1456 1948 1425 1948 1420 1948 2110 1949 1426 1949 1464 1949 2110 1950 1421 1950 1426 1950 1420 1951 1425 1951 1426 1951 2102 1952 2103 1952 2095 1952 2102 1953 2111 1953 2103 1953 2112 1954 2105 1954 2111 1954 2096 1937 2095 1915 2105 1934 2112 1955 2104 1938 2105 1934 2097 1956 2104 1956 2113 1956 2114 1957 2104 1938 2112 1955 2097 1919 2115 1958 2106 1939 2104 1938 2114 1957 2113 1959 2106 1939 2116 1960 2107 1940 2097 1961 2113 1961 2115 1961 1389 1250 2107 1940 1392 1259 2106 1939 2115 1958 2116 1960 2117 1962 1392 1259 2107 1940 2116 1960 2117 1962 2107 1940 1395 1253 2118 1963 1394 1254 1392 1259 2117 1962 1399 1258 1395 1253 1399 1258 1398 1256 2108 1941 2118 1963 1396 1255 1394 1254 2118 1963 2108 1941 2090 1964 2099 1964 1367 1964 1306 1965 2119 1965 1305 1965 1378 1966 1373 1966 1368 1966 2120 1967 1372 1967 1374 1967 2109 1968 2100 1968 1453 1968 1425 1969 2109 1969 1424 1969 1425 1970 1424 1970 1429 1970 2110 1971 1464 1971 1427 1971 1429 1972 1464 1972 1425 1972 2110 1973 1427 1973 2122 1973 1464 1974 1429 1974 1427 1974 1431 1975 2122 1975 1427 1975 2103 1976 2111 1976 2105 1976 2111 1977 2123 1977 2112 1977 2112 1978 2123 1978 2114 1978 2124 1979 2114 1979 2123 1979 2113 1959 2125 1980 2115 1958 2124 1981 2113 1959 2114 1957 2116 1960 2126 1982 2117 1962 2127 1983 2115 1958 2125 1980 2117 1962 2128 1984 1399 1258 2116 1960 2127 1983 2126 1982 2126 1982 2128 1984 2117 1962 1395 1253 1398 1256 2118 1963 1399 1258 1397 1257 1398 1256 2108 1941 1396 1255 2129 1985 2118 1963 1398 1256 1396 1255 2099 1986 1378 1986 1368 1986 2119 1987 1373 1987 1305 1987 1374 1988 2119 1988 1381 1988 1374 1989 1381 1989 2120 1989 2109 1990 1453 1990 1454 1990 1424 1991 2130 1991 2121 1991 1430 1992 1429 1992 2121 1992 1428 1993 1417 1993 1431 1993 1430 1994 1419 1994 1428 1994 1418 1995 2131 1995 1417 1995 1430 1996 1428 1996 1429 1996 1419 1997 1417 1997 1428 1997 1417 1998 2131 1998 1431 1998 2124 1981 2125 1980 2113 1959 2124 1999 2132 1999 2125 1999 2133 2000 2127 2000 2132 2000 2116 1960 2115 1958 2127 1983 2133 2001 2126 1982 2127 1983 2134 2002 2126 1982 2133 2001 1399 1258 2135 2003 1397 1257 1399 1258 2128 1984 2135 2003 1396 1255 1400 1260 2129 1985 1397 1257 2135 2003 1401 1261 2136 2004 2129 1985 1400 1260 1378 2005 1305 2005 1373 2005 2119 2006 1306 2006 1380 2006 1380 2007 2120 2007 1381 2007 2137 2008 2121 2008 2130 2008 2121 2009 2137 2009 2138 2009 2138 2010 1440 2010 1430 2010 2121 2011 2138 2011 1430 2011 2131 2012 1418 2012 2140 2012 2141 2013 2131 2013 2140 2013 2140 2014 1418 2014 1440 2014 1467 2015 1442 2015 2141 2015 2125 2016 2132 2016 2127 2016 2132 2017 2142 2017 2133 2017 2133 2001 2142 2018 2134 2002 2128 1984 2126 1982 2134 2002 2128 1984 2143 2019 2135 2003 2134 2002 2143 2019 2128 1984 1400 1260 1401 1261 1404 1264 2135 2003 2143 2019 2144 2020 2144 2020 1404 1264 1401 1261 2136 2004 1400 1260 1360 1227 2145 2021 1380 2021 1306 2021 2145 2022 1409 2022 1380 2022 2137 2023 2147 2023 2138 2023 2138 2024 2147 2024 2139 2024 2139 2025 1444 2025 1440 2025 2139 2026 1440 2026 2138 2026 1467 2027 2141 2027 2140 2027 2140 2028 1440 2028 1467 2028 1444 2029 1443 2029 1440 2029 1467 2030 1443 2030 1442 2030 2141 2031 1442 2031 2151 2031 2142 2018 2152 2032 2134 2002 2152 2032 2143 2019 2134 2002 2152 2032 2153 2033 2143 2019 2135 2003 2144 2020 1401 1261 2144 2020 2143 2019 2153 2033 1403 1263 1404 1264 2144 2020 2136 2004 1360 1227 1361 1226 1400 1260 1404 1264 1360 1227 1437 2034 1435 2034 1441 2034 1413 2035 1410 2035 2146 2035 2148 2036 2155 2036 2139 2036 1444 2037 2139 2037 2155 2037 2155 2038 1443 2038 1444 2038 2151 2039 1442 2039 1443 2039 2155 2040 1468 2040 1443 2040 2151 2041 1443 2041 2156 2041 1443 2042 1468 2042 1445 2042 2156 2043 1443 2043 1446 2043 2157 2044 2158 2045 2153 2033 1403 1263 2144 2020 2158 2045 2144 2020 2153 2033 2158 2045 1355 1223 1403 1263 2158 2045 1361 1226 1359 1225 2159 2046 1360 1227 1403 1263 1359 1225 1439 2047 1436 2047 1437 2047 1409 2048 2145 2048 2146 2048 2148 2049 2139 2049 2147 2049 2155 2050 2148 2050 2161 2050 2148 2051 2154 2051 2161 2051 2161 2052 2150 2052 2155 2052 2150 2053 1445 2053 1468 2053 2155 2054 2150 2054 1468 2054 1446 2055 1445 2055 2156 2055 2150 2056 1471 2056 1445 2056 2162 2057 2156 2057 1445 2057 1469 2058 2156 2058 2162 2058 2163 2059 2158 2045 2157 2044 1359 1225 1347 1218 2159 2046 2158 2045 1346 1219 1355 1223 2164 2060 2159 2046 1347 1218 1495 2061 1436 1309 1489 1311 1491 2062 1494 2062 1495 2062 1414 2063 1422 2063 1411 2063 1411 2064 1413 2064 1412 2064 1422 2065 1410 2065 1411 2065 2160 2066 2166 2066 2165 2066 2165 2067 2154 2067 2160 2067 2165 2068 2149 2068 2150 2068 2168 2069 2192 2070 2169 2071 2165 2072 2150 2072 2161 2072 2149 2073 1471 2073 2150 2073 2149 2074 1476 2074 1471 2074 1469 2075 2162 2075 1471 2075 1471 2076 2162 2076 1445 2076 1471 2077 1476 2077 1470 2077 1469 2078 1470 2078 2170 2078 2171 2079 1353 1222 2163 2059 1346 1219 2158 2045 1353 1222 2158 2045 2163 2059 1353 1222 1346 1219 1353 1222 1351 1217 2164 2060 1347 1218 1402 1262 1489 2080 1491 2080 1495 2080 1499 2081 1494 2081 1496 2081 1349 2082 1414 2082 1412 2082 1411 2083 1412 2083 1414 2083 2166 2084 2172 2084 2167 2084 2154 2085 2165 2085 2161 2085 2167 2086 2165 2086 2166 2086 2172 2087 2173 2087 2167 2087 2149 2088 2167 2088 2174 2088 2167 2089 2149 2089 2165 2089 1477 2090 1476 2090 2149 2090 2174 2091 1477 2091 2149 2091 1476 2092 2175 2092 2170 2092 2170 2093 1470 2093 1476 2093 1480 2094 1476 2094 1477 2094 2176 2095 2170 2095 2175 2095 2175 2096 1476 2096 1480 2096 2177 2097 1353 1222 2171 2079 1354 1221 1402 1262 1351 1217 2178 2098 1402 1262 1406 1265 1402 1262 2178 2098 2164 2060 1491 2099 1496 2099 1494 2099 1498 2100 1502 2100 1499 2100 1494 2101 1499 1320 1505 1319 1350 2102 1414 2102 1349 2102 2179 2103 2173 2103 2172 2103 2174 2104 2173 2104 2180 2104 2173 2105 2174 2105 2167 2105 1477 2106 2174 2106 2180 2106 1924 2107 1477 2107 2180 2107 1480 2108 1929 2109 2176 2110 2176 2110 2175 2111 1480 2108 1927 2112 1480 2112 1924 2112 2181 2113 1929 2109 1930 1597 1929 2109 2181 2113 2176 2110 1929 2114 1480 2114 1927 2114 2177 2097 2181 2113 1930 1597 2177 2097 2182 2115 1352 1220 1351 1217 1353 1222 1354 1221 1353 1222 2177 2097 1352 1220 2178 2098 1406 1265 1405 2116 1402 1262 1354 1221 1406 1265 1503 2117 1502 2117 1500 2117 1507 2118 1475 2118 1482 2118 1508 2119 1502 1321 1509 1323 1502 1321 1508 2119 1505 1319 1509 2120 1502 2120 1503 2120 1523 1329 1508 2119 1509 1323 2183 2121 2184 2121 2179 2121 2184 2122 2173 2122 2179 2122 2180 2123 2184 2123 2168 2123 2184 2124 2180 2124 2173 2124 2168 2125 1924 2125 2180 2125 2168 2126 1925 2126 1924 2126 1931 1598 1927 2127 1926 2128 1924 2129 1480 2129 1477 2129 2185 2130 1926 2128 1928 2131 2186 2132 1930 1597 1932 1596 1929 2133 1927 2133 1931 2133 1926 2134 1927 2134 1925 2134 2186 2132 2187 2135 2182 2115 2187 2135 2188 2136 1352 1220 2189 2137 2187 2135 2186 2132 2177 2097 1930 1597 2182 2115 2182 2115 1930 1597 2186 2132 2187 2135 1352 1220 2182 2115 2188 2136 1408 1266 1354 1221 1405 2116 1406 1265 2190 2138 1502 2139 1501 2139 1500 2139 1503 1324 1482 2140 1475 1322 1523 1329 1509 1323 1465 1294 2191 2141 2192 2070 2183 2142 2192 2070 2184 2143 2183 2142 2193 2144 2225 2145 2194 2146 2192 2070 2168 2069 2184 2143 2168 2069 2169 2071 1925 2147 1925 2147 2169 2071 1928 2131 1925 2148 1927 2148 1924 2148 1926 2128 2185 2130 1932 1596 2185 2130 1922 2149 2195 2150 2189 2137 2186 2132 2196 2151 2187 2135 2189 2137 2197 2152 1926 2128 1932 1596 1931 1598 2198 2153 2188 2136 2197 2152 2197 2152 2189 2137 2199 2154 1932 1596 2196 2151 2186 2132 1354 1221 1408 1266 1406 1265 1352 1220 2188 2136 1354 1221 2197 2152 2188 2136 2187 2135 1406 1265 1407 1267 2190 2138 2200 2155 2190 2138 1407 1267 1503 1324 1504 2156 1482 2140 1506 2157 1511 2157 1474 2157 1475 1322 1506 2158 1474 1328 1510 2159 1512 2160 1518 2161 1512 2160 1514 1332 1526 2162 1465 1294 1475 1322 1474 1328 2201 2163 1487 2163 1466 2163 2202 2164 2203 2165 2191 2141 2203 2165 2192 2070 2191 2141 2192 2070 2203 2165 2204 2166 2204 2166 2205 2167 2169 2071 1928 2131 2169 2071 2205 2167 2204 2166 2169 2071 2192 2070 1928 2131 2205 2167 1922 2149 2206 2168 2199 2154 2207 2169 1928 2131 1926 2128 1925 2147 2208 2170 2196 2151 2185 2130 2195 2150 1923 2171 2209 2172 2199 2154 2189 2137 2208 2170 2197 2152 2199 2154 2210 2173 2185 2130 2196 2151 1932 1596 2198 2153 2210 2173 2211 2174 2208 2170 2185 2130 2195 2150 2212 2175 1407 1267 1408 1266 2196 2151 2208 2170 2189 2137 2212 2175 2213 2176 1407 1267 2188 2136 2198 2153 1408 1266 2198 2153 2197 2152 2210 2173 1408 1266 2211 2174 2212 2175 2214 2177 2200 2155 1407 1267 1506 2158 1475 1322 1507 2178 1474 1328 1510 2159 1518 2161 1518 2161 1473 1295 1474 1328 1466 1296 1473 1295 2201 2179 1472 2180 1473 1295 1518 2161 2215 2181 2216 2182 2202 2164 2216 2182 2204 2166 2203 2165 2203 2165 2202 2164 2216 2182 2204 2166 2216 2182 2217 2183 2217 2183 2193 2144 2205 2167 2204 2166 2217 2183 2205 2167 1923 2171 1922 2149 2193 2144 2209 2172 2208 2170 2195 2150 1922 2149 2185 2130 1928 2131 2209 2172 2194 2146 2218 2184 2210 2173 2206 2168 2219 2185 2219 2185 2220 2186 2211 2174 2221 2187 2219 2185 2206 2168 2207 2169 2208 2170 2209 2172 2207 2169 2199 2154 2208 2170 2199 2154 2206 2168 2210 2173 2198 2153 2211 2174 1408 1266 2211 2174 2210 2173 2219 2185 1407 1267 2213 2176 2214 2177 2222 2188 2214 2177 2213 2176 1510 2159 1474 1328 1511 2189 1513 2190 1512 2190 1488 2190 1510 2159 1488 2191 1512 2160 1526 2162 1518 2161 1512 2160 1526 2162 1525 2192 1472 2180 2224 2193 2225 2145 2215 2181 2225 2145 2217 2183 2216 2182 2216 2182 2215 2181 2225 2145 1922 2149 2205 2167 2193 2144 2193 2144 2217 2183 2225 2145 2218 2184 2207 2169 2209 2172 1923 2171 2195 2150 1922 2149 2218 2184 2236 2194 2228 2195 2221 2187 2206 2168 2226 2196 2219 2185 2221 2187 2229 2197 2230 2198 2220 2186 2229 2197 2226 2196 2207 2169 2218 2184 2229 2197 2221 2187 2231 2199 2207 2169 2226 2196 2206 2168 2232 2200 2233 2201 2213 2176 2222 2188 2213 2176 2233 2201 2211 2174 2220 2186 2212 2175 2220 2186 2219 2185 2229 2197 2232 2200 2212 2175 2230 2198 1524 1331 1526 2162 1514 1332 1518 2161 1526 2162 1472 2180 1524 1331 1537 1338 1525 2192 2234 2202 2235 2203 2224 2193 2225 2145 2224 2193 2235 2203 1923 2171 2193 2144 2194 2146 2194 2146 2225 2145 2235 2203 2228 2195 2226 2196 2218 2184 2194 2146 2209 2172 1923 2171 1921 2204 2237 2205 2228 2195 2227 2206 2231 2199 2221 2187 2229 2197 2231 2199 2238 2207 2238 2207 2239 2208 2230 2198 2240 2209 2238 2207 2231 2199 2227 2206 2226 2196 2228 2195 2241 2210 2233 2201 2232 2200 2227 2206 2221 2187 2226 2196 2212 2175 2232 2200 2213 2176 2220 2186 2230 2198 2212 2175 2230 2198 2229 2197 2238 2207 2232 2200 2239 2208 2241 2210 1513 2211 1514 2211 1512 2211 1519 2212 1516 2212 1517 2212 1516 1330 1514 1332 1515 2213 1522 1334 2223 2214 2242 2215 1524 1331 1516 1330 1529 1333 1526 2162 1524 1331 1525 2192 1529 1333 1536 1345 1537 1338 1432 1277 2243 2216 1481 1303 2244 2217 2245 2218 2234 2202 2235 2203 2234 2202 2245 2218 2235 2203 2236 2194 2194 2146 2236 2194 2235 2203 2245 2218 2236 2194 2245 2218 1921 2204 2237 2205 2247 2219 2246 2220 2237 2205 2227 2206 2228 2195 2236 2194 2218 2184 2194 2146 2237 2205 2256 2221 2247 2219 2240 2209 2231 2199 2246 2220 2238 2207 2240 2209 2248 2222 2249 2223 2239 2208 2248 2222 2246 2220 2227 2206 2237 2205 2248 2222 2240 2209 2250 2224 2227 2206 2246 2220 2231 2199 2251 2225 2252 2226 2233 2201 2253 2227 2233 2201 2252 2226 2230 2198 2239 2208 2232 2200 2239 2208 2238 2207 2248 2222 2249 2223 2251 2225 2241 2210 2253 2227 2222 2188 2233 2201 1522 2228 1521 2228 2223 2228 1522 1334 1516 1330 1520 2229 1528 2230 1527 2231 1530 2232 1522 1334 1536 1345 1529 1333 1433 1279 1434 1278 1484 1346 2254 2233 2255 2234 2244 2217 2245 2218 2244 2217 2255 2234 1921 2204 2255 2234 2256 2221 1921 2204 2228 2195 2236 2194 1916 2235 2258 2236 2247 2219 2257 2237 2250 2224 2240 2209 2248 2222 2250 2224 2259 2238 2259 2238 2260 2239 2249 2223 2261 2240 2259 2238 2250 2224 2257 2237 2246 2220 2247 2219 2262 2241 2252 2226 2251 2225 2257 2237 2240 2209 2246 2220 2262 2241 2263 2242 2252 2226 2241 2210 2251 2225 2233 2201 2239 2208 2249 2223 2241 2210 2249 2223 2248 2222 2259 2238 2251 2225 2260 2239 2262 2241 2253 2227 2252 2226 2263 2242 1528 2243 2242 2243 1527 2243 1528 2230 1522 1334 2242 2215 1531 1353 1532 2244 1535 2245 1483 1352 1522 1334 1528 2230 1535 2245 1534 2246 1531 1353 1559 1342 1543 2247 1545 1343 1547 2248 2264 2249 1548 1347 1483 1352 1484 1346 1522 1334 2265 2250 1484 1346 1563 1361 1536 1345 1484 1346 1434 1278 2265 2250 1433 1279 1484 1346 2254 2233 2266 2251 2255 2234 1921 2204 2245 2218 2255 2234 2255 2234 1572 1369 1579 2252 2256 2221 2255 2234 1579 2252 1915 2253 1916 2235 1579 2252 2258 2236 2257 2237 2247 2219 2256 2221 2237 2205 1921 2204 2258 2236 1915 2253 2267 2254 2261 2240 2250 2224 2268 2255 2259 2238 2261 2240 2269 2256 2270 2257 2260 2239 2269 2256 2258 2236 2268 2255 2257 2237 2269 2256 2261 2240 2271 2258 2257 2237 2268 2255 2250 2224 2262 2241 2272 2259 2263 2242 2273 2260 2263 2242 2274 2261 2249 2223 2260 2239 2251 2225 2260 2239 2259 2238 2269 2256 2263 2242 2273 2260 2253 2227 2270 2257 2272 2259 2262 2241 2275 2262 1531 2262 1530 2262 1531 2263 2275 2263 1532 2263 1531 1353 1528 2230 1530 2232 1534 2246 1538 2264 1540 1362 1531 1353 1534 2246 1551 1364 1553 1351 1556 1357 1557 1356 1483 1352 1563 1361 1484 1346 2266 2251 2265 2250 1563 1361 2255 2234 2266 2251 1572 1369 1570 1368 2266 2251 1563 1361 1570 1368 1572 1369 2266 2251 1572 1369 1573 1370 1579 2252 1916 2235 2256 2221 1579 2252 2267 2254 2268 2255 2258 2236 2276 2265 2271 2258 2277 2266 1916 2235 2247 2219 2256 2221 2267 2254 2289 2267 2279 2268 2271 2258 2261 2240 2278 2269 2269 2256 2271 2258 2280 2270 2270 2257 2280 2270 2281 2271 2278 2269 2268 2255 2267 2254 2282 2272 2274 2261 2272 2259 2268 2255 2278 2269 2261 2240 2282 2272 2283 2273 2274 2261 2274 2261 2283 2273 2284 2274 2260 2239 2270 2257 2262 2241 2270 2257 2269 2256 2280 2270 2282 2272 2272 2259 2281 2271 2273 2260 2274 2261 2284 2274 2263 2242 2272 2259 2274 2261 1483 1352 1528 2230 1531 1353 1541 1339 1558 1301 1540 1362 1547 2248 1559 1342 1544 1344 2285 2275 1561 1360 2286 2276 1551 1364 1554 1354 1531 1353 1564 1363 1569 2277 1580 2278 1915 2253 1579 2252 1573 1370 1573 1370 1570 1368 1551 1364 1573 1370 1574 1371 1915 2253 2279 2268 2278 2269 2267 2254 1915 2253 2258 2236 1916 2235 2279 2268 2303 2279 2290 2280 2280 2270 2276 2265 2291 2281 2291 2281 2292 2282 2281 2271 2293 2283 2291 2281 2276 2265 2277 2266 2278 2269 2279 2268 2294 2284 2283 2273 2282 2272 2277 2266 2271 2258 2278 2269 2271 2258 2276 2265 2280 2270 2283 2273 2294 2284 2295 2285 2270 2257 2281 2271 2272 2259 2281 2271 2280 2270 2291 2281 2282 2272 2292 2282 2294 2284 2296 2286 2284 2274 2283 2273 1539 2287 1540 2287 1538 2287 1558 1301 1478 1300 1559 1342 1551 1364 1534 2246 1540 1362 2297 2288 2298 2289 2288 2290 1575 1367 1566 1366 2299 2291 1920 1586 2301 2292 2300 2293 2289 2267 1915 2253 1574 1371 1574 1371 1551 1364 1564 1363 1574 1371 1933 1601 2289 2267 2290 2280 2277 2266 2279 2268 2289 2267 2267 2254 1915 2253 2290 2280 2318 2294 2306 2295 2293 2283 2276 2265 2304 2296 2291 2281 2293 2283 2307 2297 2308 2298 2292 2282 2307 2297 2304 2296 2277 2266 2290 2280 2307 2297 2293 2283 2309 2299 2277 2266 2304 2296 2276 2265 2310 2300 2311 2301 2295 2285 2296 2286 2295 2285 2311 2301 2281 2271 2292 2282 2282 2272 2292 2282 2291 2281 2307 2297 2283 2273 2295 2285 2296 2286 2308 2298 2310 2300 2294 2284 1557 1356 1549 1349 1553 1351 2312 2302 1575 1367 2313 2303 2314 2304 2316 2305 2315 2306 1558 1301 1564 1363 1540 1362 1569 2277 1564 1363 1558 1301 2303 2279 2289 2267 1933 1601 1564 1363 1580 2278 1933 1601 1933 1601 1580 2278 2303 2279 2319 2307 1908 2308 2320 2309 2306 2295 2304 2296 2290 2280 2303 2279 2279 2268 2289 2267 2329 2310 2319 2307 2306 2295 2305 2311 2309 2299 2293 2283 2307 2297 2309 2299 2321 2312 2321 2312 2322 2313 2308 2298 2323 2314 2321 2312 2309 2299 2305 2311 2304 2296 2306 2295 2324 2315 2311 2301 2310 2300 2305 2311 2293 2283 2304 2296 2324 2315 2325 2316 2311 2301 2294 2284 2310 2300 2295 2285 2292 2282 2308 2298 2294 2284 2308 2298 2307 2297 2321 2312 2311 2301 2326 2317 2296 2286 2310 2300 2322 2313 2324 2315 1543 2318 1559 2318 1478 2318 1547 2248 1546 2319 2264 2249 1547 2248 1548 1347 1549 1349 1920 1586 2300 2293 2327 2320 1558 1301 1559 1342 1569 2277 1575 1367 2315 2306 1587 2321 1581 2322 1569 2277 1559 1342 1567 2323 1568 1594 1585 1593 2318 2294 2303 2279 1580 2278 1581 2322 1580 2278 1569 2277 1580 2278 2328 2324 2318 2294 2319 2307 2305 2311 2306 2295 2318 2294 2290 2280 2303 2279 2323 2314 2309 2299 2320 2309 2321 2312 2323 2314 2330 2325 2331 2326 2322 2313 2330 2325 2319 2307 2320 2309 2305 2311 2330 2325 2323 2314 2332 2327 2305 2311 2320 2309 2309 2299 2333 2328 2325 2316 2324 2315 2334 2329 2325 2316 2335 2330 2308 2298 2322 2313 2310 2300 2322 2313 2321 2312 2330 2325 2311 2301 2325 2316 2326 2317 2331 2326 2333 2328 2324 2315 2334 2329 2326 2317 2325 2316 1546 2331 1547 2331 1544 2331 1550 1348 1552 1350 1549 1349 2336 2332 1560 1358 1561 1360 1559 1342 1547 2248 1567 2323 2337 2333 1920 1586 2338 2334 1559 1342 1567 2323 1581 2322 1585 1593 1581 2322 1567 2323 2328 2324 1580 2278 1581 2322 2329 2310 2318 2294 2328 2324 1581 2322 1585 1593 2328 2324 2328 2324 2339 2335 2329 2310 1908 2308 2339 2335 1907 2336 2329 2310 2306 2295 2318 2294 1907 2336 2341 2337 1908 2308 2323 2314 2340 2338 2332 2327 2330 2325 2332 2327 2342 2339 2342 2339 2343 2340 2331 2326 2332 2327 2344 2341 2342 2339 2340 2338 2320 2309 1908 2308 2345 2342 2335 2330 2333 2328 2320 2309 2340 2338 2323 2314 2345 2342 2346 2343 2335 2330 2335 2330 2325 2316 2333 2328 2322 2313 2331 2326 2324 2315 2331 2326 2330 2325 2342 2339 2343 2340 2345 2342 2333 2328 2334 2329 2335 2330 2346 2343 1561 1360 1557 1356 2286 2276 1567 2323 1549 1349 1568 1594 1575 1367 2288 2290 2313 2303 1571 2344 2302 2345 1917 2346 2339 2335 2328 2324 1585 1593 1908 2308 2329 2310 2339 2335 2341 2337 2340 2338 1908 2308 1908 2308 2319 2307 2329 2310 2341 2337 1597 2347 2347 2348 2344 2341 2332 2327 2348 2349 2349 2350 2342 2339 2344 2341 2350 2351 2343 2340 2349 2350 2349 2350 2344 2341 2351 2352 2340 2338 2348 2349 2332 2327 2345 2342 2352 2353 2346 2343 2353 2354 2346 2343 2354 2355 2331 2326 2343 2340 2333 2328 2343 2340 2342 2339 2349 2350 2346 2343 2355 2356 2334 2329 2350 2351 2352 2353 2345 2342 2353 2354 2355 2356 2346 2343 2285 2275 2336 2332 1561 1360 1547 2248 1549 1349 1567 2323 2288 2290 1561 1360 1562 1359 1568 1594 1557 1356 1571 2344 2356 2357 2358 2358 2357 2359 2359 2360 2361 2361 2360 2362 1571 2344 1917 2346 1568 1594 1919 1592 2339 2335 1585 1593 1907 2336 2339 2335 1919 1592 1919 1592 1917 2346 2362 2363 1907 2336 2362 2363 1597 2347 2363 2364 2351 2352 2364 2365 2347 2348 2348 2349 2341 2337 2351 2352 2344 2341 2365 2366 2349 2350 2351 2352 2366 2367 2341 2337 2348 2349 2340 2338 2367 2368 2350 2351 2366 2367 2368 2369 2354 2355 2352 2353 2348 2349 2365 2366 2344 2341 2368 2369 2369 2370 2354 2355 2354 2355 2369 2370 2370 2371 2343 2340 2350 2351 2345 2342 2350 2351 2349 2350 2366 2367 2368 2369 2352 2353 2367 2368 2353 2354 2354 2355 2370 2371 2346 2343 2352 2353 2354 2355 1555 1355 2286 2276 1557 1356 2287 2372 2288 2290 2298 2289 1549 1349 1557 1356 1568 1594 1561 1360 2288 2290 2302 2345 1571 2344 1561 1360 2302 2345 1576 1372 1577 1374 2371 2373 1917 2346 1919 1592 1568 1594 1917 2346 2302 2345 2372 2374 2362 2363 1907 2336 1919 1592 2362 2363 2372 2374 2373 2375 2374 2376 2376 2377 2375 2378 1597 2347 2341 2337 1907 2336 2347 2348 1596 2379 2365 2366 2366 2367 2363 2364 2377 2380 2377 2380 2378 2381 2367 2368 2347 2348 2365 2366 2348 2349 2379 2382 2377 2380 2363 2364 2380 2383 2369 2370 2368 2369 2364 2365 2351 2352 2365 2366 2351 2352 2363 2364 2366 2367 2369 2370 2380 2383 2381 2384 2350 2351 2367 2368 2352 2353 2367 2368 2366 2367 2377 2380 2369 2370 2382 2385 2370 2371 2368 2369 2378 2381 2380 2383 2383 2386 2382 2385 2369 2370 2297 2288 2288 2290 1562 1359 2312 2302 1565 1365 1575 1367 1557 1356 1561 1360 1571 2344 2384 2387 2315 2306 1575 1367 2317 2388 2302 2345 2288 2290 2385 2389 2358 2358 2356 2357 1911 1587 1920 1586 2358 2358 2372 2374 2362 2363 1917 2346 2372 2374 2317 2388 2386 2390 2373 2375 1597 2347 2362 2363 2372 2374 2386 2390 2387 2391 1596 2379 1597 2347 2373 2375 2373 2375 2387 2391 2374 2376 1596 2379 2347 2348 1597 2347 2374 2376 2364 2365 1596 2379 2373 2375 2374 2376 1596 2379 2374 2376 2396 1386 2376 2377 2379 2382 2363 2364 2375 2378 2377 2380 2379 2382 2388 2392 1596 2379 2364 2365 2365 2366 2389 2393 2378 2381 2388 2392 2388 2392 2379 2382 2390 2394 2364 2365 2375 2378 2363 2364 2391 2395 2392 2396 2381 2384 2393 2397 2381 2384 2392 2396 2367 2368 2378 2381 2368 2369 2378 2381 2377 2380 2388 2392 2369 2370 2381 2384 2383 2386 2389 2393 2391 2395 2380 2383 2393 2397 2383 2386 2381 2384 2287 2372 2313 2303 2288 2290 2394 2398 2315 2306 2384 2387 2315 2306 2394 2398 2314 2304 1920 1586 2315 2306 2338 2334 2317 2388 2372 2374 2302 2345 1575 1367 1586 2399 2317 2388 2387 2391 2373 2375 2372 2374 2387 2391 1586 2399 2395 2400 2387 2391 2395 2400 2396 1386 2397 2401 2390 2394 2379 2382 2388 2392 2390 2394 2398 2402 2398 2402 2399 2403 2389 2393 2374 2376 2375 2378 2364 2365 2400 2404 2398 2402 2390 2394 2401 2405 2392 2396 2391 2395 2397 2401 2379 2382 2375 2378 2401 2405 2402 2406 2392 2396 2380 2383 2391 2395 2381 2384 2378 2381 2389 2393 2380 2383 2389 2393 2388 2392 2398 2402 2392 2396 2403 2407 2393 2397 2391 2395 2399 2403 2401 2405 2404 2408 2403 2407 2392 2396 2299 2291 2384 2387 1575 1367 2337 2333 2301 2292 1920 1586 2288 2290 1575 1367 2317 2388 2358 2358 1920 1586 2405 2409 2406 2410 2371 2373 1577 1374 1583 1376 1582 1375 2407 2411 1586 2399 1575 1367 1587 2321 1586 2399 2386 2390 2317 2388 1586 2399 2387 2391 2386 2390 2396 1386 2374 2376 2387 2391 2395 2400 1587 2321 2408 2412 2396 1386 2408 2412 2409 1384 2376 2377 1605 1385 2397 2401 2400 2404 2390 2394 2410 2413 2398 2402 2400 2404 2411 2414 2376 2377 2397 2401 2375 2378 2412 2415 2399 2403 2411 2414 2411 2414 2400 2404 2413 2416 2397 2401 2410 2413 2390 2394 2414 2417 2402 2406 2401 2405 2415 2418 2402 2406 2416 2419 2389 2393 2399 2403 2391 2395 2399 2403 2398 2402 2411 2414 2392 2396 2402 2406 2404 2408 2412 2415 2414 2417 2401 2405 2415 2418 2404 2408 2402 2406 2316 2305 2338 2334 2315 2306 2417 2420 2358 2358 2405 2409 2358 2358 2417 2420 2357 2359 2361 2361 2358 2358 2418 2421 2419 2422 2420 2423 1578 1373 1587 2321 2315 2306 1920 1586 1912 1585 1587 2321 1920 1586 1587 2321 2395 2400 1586 2399 2408 2412 2396 1386 2395 2400 2408 2412 1912 1585 2422 2424 2409 1384 2422 2424 2423 1388 2410 2413 1605 1385 1608 1387 1605 1385 2376 2377 2396 1386 2424 2425 2426 2426 2425 2427 2411 2414 2413 2416 2425 2427 2425 2427 2427 2428 2412 2415 1605 1385 2410 2413 2397 2401 2413 2416 2424 2425 2425 2427 2428 2429 2416 2419 2414 2417 2410 2413 2429 2430 2400 2404 2428 2429 2430 2431 2416 2419 2416 2419 2402 2406 2414 2417 2399 2403 2412 2415 2401 2405 2412 2415 2411 2414 2425 2427 2427 2428 2428 2429 2414 2417 2431 2432 2416 2419 2430 2431 2416 2419 2431 2432 2415 2418 2327 2320 2405 2409 1920 1586 2432 2433 2361 2361 2418 2421 2361 2361 2432 2433 2360 2362 2361 2361 2359 2360 1577 1374 2433 2434 1594 1589 2434 2435 1588 2436 1582 1375 1592 2437 1912 1585 2408 2412 1587 2321 2422 2424 2409 1384 2408 2412 2422 2424 1911 1587 2435 2438 2423 1388 1605 1385 2409 1384 2423 1388 2435 2438 2436 2439 1608 1387 1616 2440 2429 2430 1616 2440 2446 2441 1614 2442 2424 2425 2413 2416 2437 2443 2429 2430 2413 2416 2400 2404 1608 1387 2429 2430 2410 2413 2438 2444 2427 2428 2426 2426 2426 2426 2424 2425 2439 2445 2429 2430 2437 2443 2413 2416 2428 2429 2440 2446 2430 2431 2441 2447 2430 2431 2442 2448 2412 2415 2427 2428 2414 2417 2427 2428 2425 2427 2426 2426 2430 2431 2443 2449 2431 2432 2438 2444 2440 2446 2428 2429 2441 2447 2443 2449 2430 2431 2385 2389 2418 2421 2358 2358 2406 2410 1577 1374 2359 2360 2407 2411 1582 1375 1934 1602 2358 2358 2361 2361 1910 2450 2421 2451 1918 1591 1595 1377 1911 1587 2358 2358 1910 2450 1911 1587 2422 2424 1912 1585 2435 2438 2423 1388 2422 2424 2435 2438 1911 1587 2445 2452 2436 2439 1608 1387 2423 1388 2436 2439 2445 2452 2446 2441 1608 1387 2436 2439 1616 2440 2447 2453 2439 2445 2448 2454 1614 2442 2437 2443 1616 2440 2446 2441 1616 2440 2436 2439 2439 2445 2424 2425 2449 2455 2426 2426 2439 2445 2450 2456 1616 2440 2437 2443 2429 2430 2451 2457 2438 2444 2450 2456 2452 2458 2442 2448 2440 2446 2437 2443 2449 2455 2424 2425 2452 2458 2453 2459 2442 2448 2442 2448 2453 2459 2454 2460 2427 2428 2438 2444 2428 2429 2438 2444 2426 2426 2450 2456 2452 2458 2440 2446 2451 2457 2441 2447 2442 2448 2454 2460 2430 2431 2440 2446 2442 2448 2455 2461 1578 1373 2456 2462 1578 1373 2455 2461 2419 2422 1910 2450 1577 1374 1584 2463 1914 1590 1594 1589 2433 2434 1910 2450 2445 2452 1911 1587 2445 2452 2436 2439 2435 2438 2445 2452 1910 2450 2458 2464 2446 2441 2445 2452 2459 2465 1614 2442 1613 2466 2449 2455 2446 2441 2459 2465 1613 2466 2450 2456 2447 2453 2460 2467 2460 2467 2461 2468 2451 2457 1614 2442 2449 2455 2437 2443 2462 2469 2460 2467 2447 2453 2463 2470 2453 2459 2452 2458 2448 2454 2439 2445 2449 2455 2439 2445 2447 2453 2450 2456 2453 2459 2463 2470 2464 2471 2438 2444 2451 2457 2440 2446 2451 2457 2450 2456 2460 2467 2453 2459 2465 2472 2454 2460 2452 2458 2461 2468 2463 2470 2466 2473 2465 2472 2453 2459 2456 2462 1578 1373 1576 1372 2361 2361 1577 1374 1910 2450 2434 2474 1594 2474 1918 2474 1584 2463 1578 1373 1588 2436 1913 1588 1593 1382 2444 2475 1584 2463 2458 2464 1910 2450 2458 2464 1584 2463 1588 2436 2458 2464 2459 2465 2445 2452 2459 2465 2458 2464 2467 2476 1613 2466 2459 2465 2468 1401 1613 2466 1614 2442 2446 2441 1624 2477 2448 2454 1613 2466 1613 2466 2468 1401 1624 2477 2462 2469 2447 2453 2469 2478 2460 2467 2462 2469 2470 2479 1613 2466 2448 2454 2449 2455 2471 2480 2461 2468 2470 2479 2470 2479 2462 2469 2472 2481 2448 2454 2469 2478 2447 2453 2473 2482 2474 2483 2464 2471 2475 2484 2464 2471 2474 2483 2451 2457 2461 2468 2452 2458 2461 2468 2460 2467 2470 2479 2453 2459 2464 2471 2466 2473 2471 2480 2473 2482 2463 2470 2475 2484 2466 2473 2464 2471 2420 2423 1934 1602 1578 1373 2457 2485 2421 2451 1595 1377 1577 1374 1578 1373 1584 2463 2476 2486 1593 2486 1914 2486 1589 2487 1590 2487 2477 2487 1599 1583 2479 2488 2478 2489 1588 2436 2467 2476 2458 2464 2467 2476 1588 2436 2480 2490 2467 2476 2468 1401 2459 2465 2468 1401 2467 2476 2480 2490 2503 1477 1669 2491 1649 1478 1624 2477 2468 1401 1627 1403 2469 2478 1624 2477 2482 2492 1786 1479 1637 2493 1627 1403 2482 2492 2472 2481 2462 2469 2470 2479 2472 2481 2483 2494 2483 2494 2484 2495 2471 2480 1624 2477 2469 2478 2448 2454 2485 2496 2483 2494 2472 2481 2482 2492 1624 2477 1627 1403 2486 2497 2474 2483 2473 2482 2482 2492 2462 2469 2469 2478 2486 2497 2487 2498 2474 2483 2463 2470 2473 2482 2464 2471 2461 2468 2471 2480 2463 2470 2471 2480 2470 2479 2483 2494 2474 2483 2488 2499 2475 2484 2473 2482 2484 2495 2486 2497 2489 2500 2488 2499 2474 2483 2457 2485 1595 1377 1583 1376 1578 1373 1582 1375 1588 2436 1599 2501 1909 2501 2491 2501 1595 1377 1592 2437 1582 1375 1592 2437 2480 2490 1588 2436 2480 2490 1592 2437 2492 2502 2480 2490 2481 1402 2468 1401 2481 1402 2480 2490 2493 2503 1627 1403 2481 1402 1786 1479 2481 1402 2493 2503 1786 1479 1637 2493 2482 2492 1627 1403 2485 2496 2472 2481 2494 2504 2483 2494 2485 2496 2495 2505 2496 2506 2484 2495 2495 2505 2495 2505 2485 2496 2497 2507 2482 2492 2494 2504 2472 2481 2498 2508 2487 2498 2486 2497 2499 2509 2487 2498 2500 2510 2471 2480 2484 2495 2473 2482 2484 2495 2483 2494 2495 2505 2474 2483 2487 2498 2489 2500 2496 2506 2498 2508 2486 2497 2499 2509 2489 2500 2487 2498 1593 1382 2476 2511 2444 2475 1595 1377 2492 2502 1592 2437 1595 1377 1594 1589 2492 2502 2492 2502 2493 2503 2480 2490 2493 2503 2492 2502 2502 2512 1786 1479 2493 2503 2503 1477 2494 2504 1637 2493 2504 2513 2505 2514 2507 2515 2506 2516 1649 1478 1669 2491 1650 2517 2495 2505 2497 2507 2506 2516 2506 2516 2508 2518 2496 2506 1637 2493 2494 2504 2482 2492 2497 2507 2505 2514 2506 2516 2504 2513 1637 2493 1649 1478 2509 2519 2500 2510 2498 2508 2494 2504 2504 2513 2485 2496 2509 2519 2510 2520 2500 2510 2500 2510 2487 2498 2498 2508 2484 2495 2496 2506 2486 2497 2496 2506 2495 2505 2506 2516 2508 2518 2509 2519 2498 2508 2511 2521 2500 2510 2510 2520 2500 2510 2511 2521 2499 2509 1591 1379 2490 2522 1590 1380 2479 2523 1599 2523 2491 2523 1594 1589 2502 2512 2492 2502 1594 1589 1593 1382 2502 2512 2502 2512 2503 1477 2493 2503 2503 1477 2502 2512 2512 2524 2513 2525 1669 2491 2503 1477 1650 2517 2504 2513 1649 1478 1649 1478 1637 2493 1786 1479 1650 2517 1670 2526 1675 2527 2505 2514 2497 2507 2514 2528 2504 2513 2497 2507 2485 2496 2515 2529 2508 2518 2507 2515 1650 2517 2514 2528 2504 2513 2507 2515 2505 2514 2516 2530 2504 2513 2514 2528 2497 2507 2509 2519 2517 2531 2510 2520 2518 2532 2510 2520 2519 2533 2496 2506 2508 2518 2498 2508 2508 2518 2506 2516 2507 2515 2510 2520 2520 2534 2511 2521 2515 2529 2517 2531 2509 2519 2518 2532 2520 2534 2510 2520 2490 2535 1591 2535 1913 2535 1589 1378 2501 2536 1909 1584 1593 1382 2512 2524 2502 2512 1593 1382 2521 1381 2512 2524 2513 2525 2503 1477 2512 2524 2522 2537 2512 2524 2521 1381 2523 2538 1688 1600 1687 2539 2522 2537 1670 2526 1669 2491 2522 2537 1669 2491 2513 2525 1675 2527 2514 2528 1650 2517 1675 2527 1687 2539 1676 1599 2516 2530 2505 2514 2524 2540 2507 2515 2516 2530 2525 2541 2526 2542 2515 2529 2525 2541 2524 2540 2514 2528 1675 2527 2527 2543 2519 2533 2517 2531 2514 2528 2524 2540 2505 2514 2527 2543 2528 2544 2519 2533 2519 2533 2528 2544 2529 2545 2508 2518 2515 2529 2509 2519 2515 2529 2507 2515 2525 2541 2527 2543 2517 2531 2526 2542 2518 2532 2519 2533 2529 2545 2510 2520 2517 2531 2519 2533 2501 2546 1589 2546 2477 2546 2521 1381 1591 1379 1589 1378 2512 2524 2522 2537 2513 2525 2531 2547 2522 2537 2530 1383 2531 2547 1687 2539 1670 2526 2531 2547 1670 2526 2522 2537 1676 1599 2524 2540 1675 2527 1670 2526 1650 2517 1669 2491 2532 2548 2533 2549 2516 2530 2525 2541 2533 2549 2534 2550 2534 2550 2535 2551 2526 2542 2536 2552 2534 2550 2533 2549 2532 2548 2524 2540 1676 1599 2537 2553 2528 2544 2527 2543 2532 2548 2516 2530 2524 2540 2516 2530 2533 2549 2525 2541 2528 2544 2537 2553 2538 2554 2515 2529 2526 2542 2517 2531 2526 2542 2525 2541 2534 2550 2527 2543 2535 2551 2537 2553 2539 2555 2529 2545 2528 2544 1598 1582 2540 2556 1905 1580 1599 1583 2541 2557 2530 1383 1599 1583 2530 1383 1589 1378 2521 1381 2530 1383 2522 2537 2541 2557 2523 2538 2531 2547 2523 2538 1687 2539 2531 2547 1685 1415 2532 2548 1676 1599 1687 2539 1675 2527 1670 2526 1685 1415 2553 2558 1683 1416 2536 2552 2533 2549 1686 1417 2534 2550 2536 2552 2544 2559 2545 2560 2535 2551 2544 2559 1686 1417 2532 2548 1685 1415 2544 2559 2536 2552 2546 2561 2532 2548 1686 1417 2533 2549 2547 2562 2548 2563 2538 2554 2539 2555 2538 2554 2548 2563 2526 2542 2535 2551 2527 2543 2535 2551 2534 2550 2544 2559 2528 2544 2538 2554 2539 2555 2545 2560 2547 2562 2537 2553 2540 2564 1598 2564 2478 2564 1598 1582 1599 1583 2478 2489 1601 2565 1950 2565 2549 2565 1599 1583 1598 1582 2541 2557 2562 2566 1901 1574 2551 2567 2530 1383 2541 2557 2531 2547 2523 2538 2541 2557 2551 2567 2523 2538 2551 2567 2552 2568 1688 1600 2552 2568 2553 2558 2552 2568 1688 1600 2523 2538 1688 1600 1676 1599 1687 2539 2565 2569 1684 2570 1683 1416 2554 2571 2546 2561 2536 2552 2544 2559 2546 2561 2555 2572 2555 2572 2556 2573 2545 2560 2557 2574 2555 2572 2546 2561 2554 2571 1686 1417 1683 1416 2558 2575 2548 2563 2547 2562 2554 2571 2536 2552 1686 1417 2558 2575 2559 2576 2548 2563 2537 2553 2547 2562 2538 2554 2535 2551 2545 2560 2537 2553 2545 2560 2544 2559 2555 2572 2548 2563 2560 2577 2539 2555 2547 2562 2556 2573 2558 2575 1902 1576 1598 1582 1906 1581 1600 1578 1598 1582 1902 1576 1607 2578 1603 2578 2561 2578 1598 1582 2550 2579 2541 2557 2550 2579 1600 1578 2562 2566 2541 2557 2550 2579 2551 2567 1901 1574 2564 2580 2563 2581 1901 1574 2563 2581 2551 2567 2552 2568 2551 2567 2563 2581 2553 2558 2563 2581 2565 2569 2563 2581 2553 2558 2552 2568 1684 2570 2554 2571 1683 1416 2553 2558 1685 1415 1688 1600 2566 2582 1684 2570 2578 2583 2557 2574 2546 2561 2567 2584 2555 2572 2557 2574 2568 2585 2569 2586 2556 2573 2568 2585 1684 2570 2567 2584 2554 2571 2568 2585 2557 2574 2570 2587 2554 2571 2567 2584 2546 2561 2571 2588 2559 2576 2558 2575 2572 2589 2559 2576 2573 2590 2545 2560 2556 2573 2547 2562 2556 2573 2555 2572 2568 2585 2548 2563 2559 2576 2560 2577 2569 2586 2571 2588 2558 2575 2572 2589 2560 2577 2559 2576 2574 2591 1951 2591 1602 2591 1903 2592 1602 1577 1902 1576 1898 2593 1899 2593 2575 2593 1598 1582 1600 1578 2550 2579 2562 2566 1602 1577 1946 1575 2550 2579 2562 2566 2551 2567 2576 2594 2577 2595 2564 2580 2563 2581 2564 2580 2577 2595 2565 2569 2577 2595 2578 2583 2577 2595 2565 2569 2563 2581 2565 2569 1683 1416 2553 2558 2581 2596 2583 2597 2582 2598 2579 2599 2566 2582 2590 2600 2570 2587 2557 2574 2580 2601 2582 2598 2584 2602 2569 2586 2570 2587 2581 2596 2582 2598 2580 2601 2567 2584 2566 2582 2585 2603 2573 2590 2571 2588 2567 2584 2580 2601 2557 2574 2573 2590 2559 2576 2571 2588 2556 2573 2569 2586 2558 2575 2569 2586 2568 2585 2582 2598 2584 2602 2585 2603 2571 2588 2574 2604 1602 2604 1904 2604 2549 2605 1604 2605 1601 2605 1602 1577 1950 2606 1601 1389 1606 1391 1602 1577 1601 1389 1623 2607 1611 2607 2586 2607 1600 1578 1602 1577 2562 2566 2587 2608 1947 1608 1946 1575 1901 1574 2562 2566 1946 1575 1948 1610 1900 1573 1946 1575 2588 2609 2589 2610 2576 2594 2589 2610 2577 2595 2576 2594 2578 2583 2589 2610 2590 2600 2589 2610 2578 2583 2577 2595 2578 2583 1684 2570 2565 2569 2566 2582 2567 2584 1684 2570 2601 2611 1681 2612 2579 2599 2581 2596 2570 2587 2591 2613 2583 2597 2592 2614 2584 2602 2570 2587 2582 2598 2568 2585 2579 2599 2591 2613 2580 2601 2583 2597 2581 2596 2593 2615 2580 2601 2591 2613 2570 2587 2585 2603 2594 2616 2573 2590 2595 2617 2573 2590 2596 2618 2569 2586 2584 2602 2571 2588 2584 2602 2582 2598 2583 2597 2573 2590 2595 2617 2572 2589 2592 2614 2594 2616 2585 2603 1951 2619 1950 2606 1602 1577 1601 1389 1603 2620 1607 1390 1606 1391 1607 1390 1612 1571 1602 1577 1606 1391 1946 1575 1609 1394 1606 1391 1612 1571 1946 1575 1606 1391 2587 2608 2587 2608 1606 1391 1609 1394 1948 1610 1949 1609 2598 2621 1947 2622 1948 2622 1946 2622 2599 2623 2600 2624 2588 2609 2600 2624 2589 2610 2588 2609 2590 2600 2600 2624 2601 2611 2600 2624 2590 2600 2589 2610 2590 2600 2566 2582 2578 2583 2579 2599 2580 2601 2566 2582 2610 2625 1682 2626 1681 2612 2593 2615 2581 2596 2602 2627 2583 2597 2593 2615 2603 2628 2604 2629 2592 2614 2603 2628 1681 2612 2602 2627 2591 2613 2605 2630 2596 2618 2594 2616 2591 2613 2602 2627 2581 2596 2584 2602 2592 2614 2585 2603 2592 2614 2583 2597 2603 2628 2605 2630 2594 2616 2604 2629 2595 2617 2596 2618 2606 2631 2573 2590 2594 2616 2596 2618 1604 2632 1603 2620 1601 1389 2575 2633 2597 2633 1898 2633 1607 1390 1899 2634 1898 1572 1612 1571 1898 1572 1619 1392 1612 1571 1619 1392 1609 1394 2607 2635 2598 2621 1949 1609 2608 2636 2609 2637 2599 2623 2609 2637 2600 2624 2599 2623 2601 2611 2609 2637 2610 2625 2609 2637 2601 2611 2600 2624 1682 2626 2602 2627 1681 2612 2601 2611 2579 2599 2590 2600 1681 2612 2591 2613 2579 2599 1682 2626 1680 2638 2611 2639 2612 2640 2593 2615 2613 2641 2614 2642 2615 2643 2604 2629 2612 2640 2616 2644 2614 2642 1682 2626 2613 2641 2602 2627 2617 2645 2596 2618 2605 2630 2602 2627 2613 2641 2593 2615 2593 2615 2612 2640 2603 2628 2596 2618 2617 2645 2618 2646 2592 2614 2604 2629 2594 2616 2604 2629 2603 2628 2614 2642 2605 2630 2615 2643 2617 2645 1899 2634 1607 1390 2561 2647 1898 1572 1611 2648 1623 1396 1618 1398 1619 1392 1623 1396 1619 1392 1618 1398 1610 1393 1618 1398 2619 2649 1610 1393 2620 2650 2621 2651 2608 2636 2621 2651 2609 2637 2608 2636 2609 2637 2621 2651 2623 2652 2610 2625 2623 2652 2543 2653 2623 2652 2610 2625 2609 2637 2610 2625 2543 2653 1680 2638 2611 2639 2613 2641 1682 2626 2610 2625 1681 2612 2601 2611 2624 2654 2611 2639 1679 2655 2616 2644 2612 2640 2625 2656 2626 2657 2627 2658 2615 2643 2612 2640 2614 2642 2603 2628 2613 2641 2611 2639 2625 2656 2628 2659 2626 2657 2616 2644 2612 2640 2613 2641 2625 2656 2604 2629 2615 2643 2605 2630 2615 2643 2614 2642 2626 2657 2596 2618 2618 2646 2606 2631 2627 2658 2629 2660 2617 2645 2630 2661 2606 2631 2618 2646 1611 2648 1898 1572 2597 2662 1620 2663 1617 2663 1622 2663 1615 1397 2631 2664 1618 1398 2619 2649 1618 1398 2631 2664 2632 2665 2633 2666 2620 2650 2620 2667 2633 2667 2621 2667 2623 2652 2633 2666 2634 2668 2543 2653 2634 2668 2542 2669 2623 2652 2634 2668 2543 2653 1680 2638 2543 2653 2542 2669 1680 2638 2542 2669 1679 2655 2624 2654 2625 2656 2611 2639 1680 2638 1682 2626 2610 2625 2628 2659 2616 2644 2635 2670 2636 2671 2637 2672 2627 2658 2616 2644 2626 2657 2614 2642 2625 2656 2624 2654 2635 2670 2638 2673 2618 2646 2629 2660 2616 2644 2625 2656 2635 2670 2638 2673 2639 2674 2618 2646 2617 2645 2629 2660 2618 2646 2615 2643 2627 2658 2617 2645 2636 2671 2627 2658 2626 2657 2629 2660 2637 2672 2638 2673 2640 2675 2630 2661 2618 2646 1615 1397 1623 1396 2586 2676 1621 2677 1945 2677 1620 2677 1620 2678 1788 1480 1615 1397 1615 1397 1788 1480 1787 1482 2641 2679 2632 2679 2642 2679 2623 2652 2621 2651 2633 2666 2632 2680 2641 2680 2633 2680 2542 2669 2641 2681 2643 2682 2542 2669 2634 2668 2641 2681 2542 2669 2643 2682 1679 2655 1935 2683 1679 2655 2643 2682 1679 2655 2611 2639 1680 2638 2644 2684 2645 2685 2628 2659 1935 2683 1677 2686 2624 2654 2636 2671 2645 2685 2646 2687 2628 2659 2636 2671 2626 2657 2647 2688 2646 2687 2645 2685 2628 2659 2635 2670 2644 2684 2636 2671 2628 2659 2645 2685 2627 2658 2637 2672 2629 2660 2646 2687 2637 2672 2636 2671 2618 2646 2639 2674 2640 2675 2638 2673 2649 2689 2648 2690 1615 1397 1617 2691 1620 2678 1625 2692 1897 2692 1626 2692 1638 1481 1788 1480 1626 2693 1615 1397 1787 1482 2631 2664 2651 2694 2642 2694 2652 2694 2634 2668 2633 2666 2641 2681 2642 2695 2651 2695 2641 2695 2643 2682 2641 2681 2651 2696 2653 2697 1938 2697 1781 2697 1935 2683 2653 2698 1781 2699 1780 2700 1672 2700 1781 2700 2644 2701 1677 2701 1672 2701 1935 2683 2624 2654 1679 2655 1677 2686 2635 2670 2624 2654 1780 2702 1673 2702 1672 2702 1781 2699 1672 2703 1677 2686 2646 2687 2647 2688 2654 2704 1677 2686 2644 2684 2635 2670 2654 2704 2647 2688 2655 2705 2646 2687 2649 2689 2637 2672 2656 2706 2645 2685 2644 2684 2657 2707 2658 2708 2639 2674 2638 2673 2648 2690 2639 2674 2637 2672 2649 2689 2638 2673 2654 2704 2649 2689 2646 2687 2648 2690 2659 2709 2657 2707 2660 2710 2640 2675 2639 2674 1788 1480 1945 2711 1626 2693 1629 2712 1630 2712 1789 2712 1785 2713 2650 2713 1628 2713 1787 1482 1638 1481 2650 2714 2622 2715 2652 2715 2662 2715 2622 2716 2651 2716 2652 2716 2651 2696 2653 2698 2643 2682 1935 2683 2643 2682 2653 2698 2622 2717 2653 2717 2651 2717 1780 2718 1781 2718 1938 2718 1781 2699 1677 2686 1935 2683 2663 2719 1665 2719 1673 2719 2654 2704 2655 2705 2664 2720 2656 2706 2647 2688 2645 2685 1672 2721 2656 2721 2644 2721 2664 2720 2655 2705 2665 2722 2654 2704 2659 2709 2649 2689 2666 2723 2647 2688 2656 2706 2667 2724 2668 2725 2658 2708 2648 2690 2657 2707 2639 2674 2649 2689 2659 2709 2648 2690 2664 2720 2659 2709 2654 2704 2639 2674 2658 2708 2660 2710 2657 2707 2669 2726 2667 2724 2670 2727 2660 2710 2658 2708 1626 2728 1628 2728 1638 2728 1636 2729 1631 2729 1632 2729 1629 2730 1646 2730 1628 2730 1641 2731 1631 2731 1635 2731 1638 2732 1628 2732 2650 2732 2650 2733 1785 2733 2661 2733 2671 2734 2661 2734 1785 2734 2672 2735 2662 2735 2673 2735 2672 2736 2622 2736 2662 2736 2622 2737 1938 2737 2653 2737 1936 2738 1939 2738 1706 2738 2672 2739 1938 2739 2622 2739 1938 2740 2672 2740 1937 2740 1780 2741 1937 2741 2663 2741 1780 2742 2663 2742 1673 2742 1665 2743 2666 2743 1673 2743 1673 2744 2656 2744 1672 2744 2665 2722 2655 2705 2674 2745 2666 2723 2655 2705 2647 2688 1673 2746 2666 2746 2656 2746 2664 2720 2669 2726 2659 2709 2674 2747 2655 2747 2666 2747 2676 2748 2668 2725 2667 2724 2657 2707 2667 2724 2658 2708 2659 2709 2669 2726 2657 2707 2664 2720 2675 2749 2669 2726 2658 2708 2668 2725 2670 2727 2667 2724 2669 2726 2676 2748 2677 2750 2670 2727 2668 2725 1631 2751 1655 2751 1646 2751 1641 2752 1642 2752 1640 2752 1628 2753 1646 2753 1785 2753 1785 2754 1784 2754 2671 2754 2678 2755 2673 2755 2679 2755 2678 2756 2672 2756 2673 2756 1937 2757 1780 2757 1938 2757 1937 2758 2672 2758 2678 2758 2681 2759 1937 2759 2678 2759 2681 2760 1699 2760 2663 2760 2663 2761 1699 2761 1665 2761 1665 2762 1664 2762 2674 2762 1664 2763 1665 2763 1699 2763 2675 2749 2683 2764 2669 2726 1665 2765 2674 2765 2666 2765 2665 2722 2675 2749 2664 2720 2684 2766 2685 2767 2676 2748 2665 2768 2674 2768 2682 2768 2685 2767 2668 2725 2676 2748 2676 2748 2683 2764 2684 2766 2677 2750 2685 2767 2686 2769 2668 2725 2685 2767 2677 2750 1629 2770 1631 2770 1646 2770 1639 2771 1640 2771 1642 2771 1640 2772 2687 2772 1651 2772 1646 2773 1655 2773 1784 2773 1784 2774 1657 2774 2671 2774 2688 2775 2671 2775 1657 2775 2679 2776 2680 2776 2678 2776 2680 2777 1936 2777 2678 2777 2681 2778 2663 2778 1937 2778 2681 2779 1707 2779 1699 2779 2678 2780 1936 2780 2681 2780 2681 2781 1936 2781 1707 2781 1699 2782 1707 2782 1703 2782 1699 2783 1703 2783 1664 2783 2689 2784 2682 2784 1663 2784 1659 2785 1663 2785 2696 2785 1703 2786 1663 2786 1664 2786 2675 2749 2691 2787 2690 2788 1664 2789 2682 2789 2674 2789 2675 2749 2665 2722 2691 2787 2692 2790 2686 2769 2693 2791 2669 2726 2683 2764 2676 2748 2690 2788 2683 2764 2675 2749 2683 2764 2694 2792 2684 2766 2677 2750 2686 2769 2692 2790 2685 2767 2684 2766 2686 2769 1631 2793 1641 2793 1655 2793 1640 2794 1666 2794 1641 2794 1661 2795 1651 2795 1660 2795 1655 2796 1641 2796 1657 2796 1657 2797 1656 2797 2688 2797 2680 2798 1939 2798 1936 2798 1706 2799 2696 2799 1703 2799 1703 2800 2696 2800 1663 2800 1663 2801 2682 2801 1664 2801 2682 2802 2691 2802 2665 2802 2690 2788 2691 2787 2697 2803 1663 2804 1659 2804 2689 2804 2689 2805 2691 2805 2682 2805 2698 2806 2699 2807 2693 2791 2684 2766 2694 2792 2686 2769 2700 2808 2698 2806 2694 2792 2692 2790 2693 2791 2701 2809 2686 2769 2694 2792 2693 2791 1639 2810 2687 2810 1640 2810 1651 2811 1671 2811 1666 2811 1668 2812 1667 2812 1661 2812 1641 2813 1666 2813 1656 2813 1656 2814 1666 2814 2688 2814 1939 2815 1940 2815 2702 2815 1707 2816 1936 2816 1706 2816 2702 2817 1706 2817 1939 2817 2696 2818 1706 2818 1712 2818 1706 2819 2702 2819 1712 2819 1712 2820 2703 2820 2696 2820 2696 2821 2703 2821 1659 2821 1659 2822 1658 2822 2689 2822 2697 2803 2691 2787 2705 2823 2689 2824 1658 2824 2705 2824 2690 2788 2700 2808 2683 2764 2705 2825 2691 2825 2689 2825 2707 2826 2708 2827 2699 2807 2694 2792 2698 2806 2693 2791 2683 2764 2700 2808 2694 2792 2690 2788 2706 2828 2700 2808 2693 2791 2699 2807 2701 2809 2698 2806 2700 2808 2707 2826 2709 2829 2701 2809 2699 2807 1666 2830 1640 2830 1651 2830 1662 2831 1668 2831 1661 2831 1661 2832 1674 2832 1671 2832 1944 2833 1674 2833 1693 2833 2702 2834 1940 2834 1943 2834 1940 2835 1941 2835 1943 2835 1943 2836 1942 2836 2695 2836 2703 2837 1712 2837 2695 2837 1712 2838 1943 2838 2695 2838 2695 2839 2704 2839 2703 2839 2703 2840 2704 2840 1658 2840 1658 2841 1783 2841 2705 2841 1653 1411 2712 2842 2706 2828 1658 2843 2704 2843 1783 2843 2697 2803 2706 2828 2690 2788 2705 2844 1783 2844 2713 2844 2714 2845 2708 2827 2707 2826 2713 2846 2697 2803 2705 2823 2698 2806 2707 2826 2699 2807 2699 2807 2708 2827 2709 2829 2714 2845 2707 2826 2715 2847 2709 2829 2708 2827 2716 2848 1671 2849 1651 2849 1661 2849 1667 2850 1694 2850 1674 2850 1942 2851 1943 2851 2710 2851 2704 2852 2695 2852 2718 2852 2695 2853 1942 2853 2718 2853 2718 2854 2711 2854 2704 2854 2704 2855 2711 2855 1783 2855 2713 2856 1783 2856 1782 2856 2712 2842 1653 1411 1654 1410 2706 2828 2715 2847 2700 2808 2720 2857 2697 2803 2713 2846 1653 1411 2706 2828 2697 2803 2721 2858 2716 2848 2722 2859 2700 2808 2715 2847 2707 2826 2712 2842 2715 2847 2706 2828 2715 2847 2723 2860 2714 2845 2709 2829 2716 2848 2721 2858 2708 2827 2714 2845 2716 2848 1674 2861 1661 2861 1667 2861 1678 2862 1690 2862 1694 2862 1693 2863 1694 2863 1697 2863 2724 2864 1697 2864 1702 2864 2724 2865 1693 2865 1697 2865 2725 2866 2726 2866 1708 2866 2717 2867 1713 2867 2710 2867 1941 2868 2710 2868 1943 2868 1713 2869 2717 2869 1709 2869 1942 2870 2710 2870 1713 2870 2718 2871 1942 2871 1714 2871 1942 2872 1713 2872 1714 2872 2711 2873 2718 2873 2727 2873 1714 2874 2727 2874 2718 2874 2727 2875 2719 2875 2711 2875 2719 2876 2729 2876 1782 2876 1782 2877 2711 2877 2719 2877 1782 2878 2720 2878 2713 2878 2720 2857 1653 1411 2697 2803 1782 2879 2729 2879 2720 2879 2730 2880 2715 2847 2712 2842 1653 1411 2720 2857 1652 1409 2731 2881 2732 2882 2722 2859 2714 2845 2723 2860 2716 2848 2730 2880 2731 2881 2723 2860 2721 2858 2722 2859 2733 2883 2716 2848 2723 2860 2722 2859 1667 2884 1678 2884 1694 2884 1689 2885 1698 2885 1690 2885 1696 2886 1691 2886 1692 2886 1697 2887 1690 2887 1702 2887 1702 2888 2734 2888 2724 2888 1709 2889 1708 2889 1716 2889 2725 2890 1708 2890 1709 2890 1716 2891 1713 2891 1709 2891 1713 2892 1716 2892 1715 2892 1715 2893 2736 2893 2727 2893 2736 2894 2728 2894 2719 2894 2727 2895 1714 2895 1715 2895 2719 2896 2727 2896 2736 2896 2738 2897 2729 2897 2728 2897 2729 2898 1652 2898 2720 2898 2728 2899 2729 2899 2719 2899 2738 2900 1652 2900 2729 2900 2732 2882 2731 2881 2740 2901 1654 1410 1652 1409 2739 2902 2723 2860 2731 2881 2722 2859 2715 2847 2730 2880 2723 2860 2712 2842 1647 2903 2730 2880 2722 2859 2732 2882 2733 2883 2740 2901 2731 2881 2730 2880 2741 2904 2733 2883 2732 2882 1678 2905 1689 2905 1690 2905 1700 2906 1696 2906 1695 2906 1702 2907 1698 2907 2734 2907 1718 2908 2724 2908 2734 2908 1720 2909 1716 2909 1723 2909 1720 2910 2735 2910 1715 2910 1715 2911 1716 2911 1720 2911 2742 2912 2736 2912 2735 2912 2742 2913 2737 2913 2728 2913 2735 2914 2736 2914 1715 2914 2728 2915 2736 2915 2742 2915 2745 2916 2738 2916 2737 2916 2738 2917 2739 2917 1652 2917 2737 2918 2738 2918 2728 2918 2738 2919 2745 2919 2739 2919 1654 1410 1647 2903 2712 2842 2747 2920 1654 1410 2739 2902 1648 2921 1647 2903 1654 1410 2740 2901 2748 2922 2732 2882 2740 2901 1645 1407 2749 2923 2741 2904 2748 2922 2750 2924 2732 2882 2748 2922 2741 2904 1689 2925 1691 2925 1698 2925 1704 2926 1700 2926 1701 2926 1698 2927 1691 2927 2734 2927 2734 2928 1691 2928 1718 2928 1722 2929 1723 2929 1719 2929 1723 2930 1718 2930 1719 2930 1720 2931 1723 2931 1722 2931 2751 2932 1720 2932 1722 2932 2735 2933 1720 2933 2751 2933 2751 2934 2752 2934 2742 2934 2752 2935 2744 2935 2737 2935 2751 2936 2742 2936 2735 2936 2737 2937 2742 2937 2752 2937 2753 2938 2745 2938 2744 2938 2745 2939 2747 2939 2739 2939 2744 2940 2745 2940 2737 2940 2747 2920 1648 2921 1654 1410 2747 2941 2745 2941 2753 2941 1648 2921 2746 2942 1647 2903 1647 2903 1645 1407 2730 2880 2754 2943 1648 2921 2747 2920 2755 2944 2756 2945 2750 2924 2740 2901 2749 2923 2748 2922 2730 2880 1645 1407 2740 2901 1647 2903 2746 2942 1645 1407 1645 1407 2755 2944 2749 2923 2741 2904 2750 2924 2757 2946 2748 2922 2749 2923 2750 2924 1705 2947 1704 2947 1701 2947 1710 2948 1704 2948 1705 2948 1722 2949 1719 2949 1724 2949 2758 2950 2751 2950 1724 2950 1724 2951 2751 2951 1722 2951 2758 2952 2759 2952 2752 2952 2759 2953 2743 2953 2744 2953 2758 2954 2752 2954 2751 2954 2744 2955 2752 2955 2759 2955 2760 2956 2753 2956 2743 2956 2753 2957 2754 2957 2747 2957 2743 2958 2753 2958 2744 2958 2754 2959 2753 2959 2760 2959 2756 2945 2755 2944 2762 2960 2761 2961 1648 2921 2754 2943 2749 2923 2755 2944 2750 2924 2746 2942 1644 1408 1645 1407 2750 2924 2756 2945 2757 2946 2762 2960 2755 2944 1643 1406 2763 2962 2757 2946 2756 2945 1724 2963 1700 2963 1704 2963 1726 2964 2764 2964 2758 2964 1726 2965 2758 2965 1724 2965 2764 2966 2765 2966 2759 2966 2765 2967 2766 2967 2743 2967 2764 2968 2759 2968 2758 2968 2743 2969 2759 2969 2765 2969 2767 2970 2760 2970 2766 2970 2760 2971 2761 2971 2754 2971 2743 2972 2766 2972 2760 2972 2761 2961 2746 2942 1648 2921 2768 2973 2761 2973 2767 2973 1643 1406 1633 2974 1896 1569 1634 2975 1633 2974 1644 1408 2768 2976 2746 2942 2761 2961 2762 2960 2769 2977 2756 2945 1645 1407 1643 1406 2755 2944 1644 1408 1633 2974 1643 1406 2762 2960 1896 1569 2770 2978 2763 2962 2769 2977 2771 2979 2756 2945 2769 2977 2763 2962 1726 2980 1704 2980 1710 2980 1727 2981 2772 2981 2764 2981 1727 2982 2764 2982 1726 2982 2772 2983 2773 2983 2765 2983 2773 2984 2774 2984 2766 2984 2772 2985 2765 2985 2764 2985 2775 2986 2776 2986 2774 2986 2773 2987 2766 2987 2765 2987 2766 2988 2774 2988 2767 2988 2767 2989 2777 2989 2768 2989 2760 2990 2767 2990 2761 2990 2767 2991 2774 2991 2777 2991 1644 1408 2746 2942 2768 2976 2778 2992 2768 2992 2777 2992 2778 2993 1634 2975 1644 1408 2779 2994 2780 2995 2771 2979 2762 2960 2770 2978 2769 2977 1643 1406 1896 1569 2762 2960 1896 1569 2779 2994 2770 2978 2763 2962 2771 2979 2781 2996 2769 2977 2770 2978 2771 2979 1725 2997 1710 2997 1711 2997 1725 2998 2782 2998 1727 2998 1725 2999 1727 2999 1710 2999 2782 3000 2783 3000 1727 3000 2783 3001 2772 3001 1727 3001 2784 3002 2783 3002 2788 3002 2773 3003 2772 3003 2783 3003 2774 3004 2773 3004 2775 3004 2783 3005 2775 3005 2773 3005 2777 3006 2774 3006 2776 3006 2777 3007 2776 3007 2785 3007 2768 2976 2778 2993 1644 1408 2778 3008 2777 3008 2785 3008 1634 2975 1890 1568 1633 2974 1895 1566 2780 2995 2779 2994 2770 2978 2779 2994 2771 2979 1633 2974 1890 1568 1896 1569 2771 2979 2780 2995 2781 2996 2779 2994 1888 1561 1895 1566 2787 3009 2781 2996 2780 2995 1729 3010 2782 3010 1725 3010 2783 3011 2782 3011 2788 3011 1729 3012 2788 3012 2782 3012 2783 3013 2784 3013 2775 3013 2775 3014 2789 3014 2776 3014 2775 3015 2784 3015 2789 3015 2776 3016 2789 3016 2790 3016 2785 3017 2776 3017 2790 3017 2778 3018 2785 3018 2791 3018 2785 3019 2790 3019 2791 3019 2778 2993 2786 3020 1634 2975 1891 1563 1634 2975 2786 3020 1890 1568 1634 2975 1891 1563 1893 1565 2780 2995 1895 1566 1896 1569 1888 1561 2779 2994 1895 1566 1888 1561 1894 1567 2787 3009 1893 1565 2792 3021 2780 2995 1893 1565 2787 3009 1711 3022 1717 3022 1725 3022 1729 3023 1717 3023 1731 3023 1721 3024 1731 3024 1717 3024 1729 3025 2793 3025 2788 3025 1731 3026 2793 3026 1729 3026 2788 3027 2794 3027 2784 3027 2793 3028 2794 3028 2788 3028 2789 3029 2784 3029 2794 3029 2790 3030 2789 3030 2795 3030 2789 3031 2794 3031 2795 3031 2790 3032 2795 3032 2796 3032 2796 3033 2798 3033 2791 3033 2791 3034 2790 3034 2796 3034 2778 3035 2791 3035 2786 3035 2798 3036 2786 3036 2791 3036 1891 1563 2786 3020 2799 3037 2786 3038 2798 3038 2799 3038 1889 1562 1890 1568 1891 1563 2800 3039 2792 3021 2801 3040 1889 1562 1888 1561 1890 1568 1882 1555 2802 3041 1894 1567 2787 3009 2792 3021 2800 3039 1893 1565 1894 1567 2792 3021 1731 3042 2803 3042 2793 3042 1730 3043 2803 3043 1731 3043 2793 3044 2804 3044 2794 3044 2803 3045 2804 3045 2793 3045 2794 3046 2804 3046 2805 3046 2795 3047 2794 3047 2805 3047 2796 3048 2795 3048 2806 3048 2795 3049 2805 3049 2806 3049 2806 3050 2797 3050 2796 3050 2798 3051 2796 3051 2797 3051 2797 3052 2799 3052 2798 3052 1892 1564 1891 1563 2799 3037 1885 1557 1883 1556 2801 3040 1894 1567 2802 3041 2792 3021 1888 1561 1882 1555 1894 1567 1882 1555 1885 1557 2802 3041 2800 3039 2801 3040 2809 3053 2792 3021 2802 3041 2801 3040 1730 3054 1728 3054 2803 3054 1728 3055 2810 3055 2803 3055 2803 3056 2810 3056 2804 3056 2805 3057 2804 3057 2811 3057 2804 3058 2810 3058 2811 3058 2811 3059 2813 3059 2805 3059 2813 3060 2807 3060 2805 3060 2806 3061 2805 3061 2807 3061 2807 3062 2814 3062 2806 3062 2808 3063 2799 3063 2797 3063 2815 3064 2816 3064 1837 3064 2799 3065 2808 3065 2817 3065 1892 3066 1881 3066 1889 3066 2802 3041 1885 1557 2801 3040 1889 1562 1881 1554 1882 1555 2801 3040 1883 1556 2809 3053 1884 1558 1885 1557 1880 1553 2818 3067 2809 3053 1883 1556 1728 3068 1732 3068 2819 3068 2810 3069 1728 3069 2819 3069 2819 3070 2812 3070 2810 3070 2811 3071 2810 3071 2812 3071 2813 3072 2811 3072 2812 3072 2820 3073 2807 3073 2813 3073 2820 3074 2814 3074 2807 3074 2806 3075 2814 3075 2797 3075 2799 3037 2817 3076 1892 1564 1878 3077 1879 3077 1881 3077 2817 3076 1878 3078 1892 1564 1881 3079 1892 3079 1878 3079 1884 1558 1887 1560 1883 1556 1882 1555 1880 1553 1885 1557 1881 1554 1879 1552 1880 1553 1884 1558 1880 1553 1886 1559 2818 3067 1887 1560 2822 3080 1883 1556 1887 1560 2818 3067 1733 3081 2823 3081 1732 3081 2819 3082 1732 3082 2823 3082 2812 3083 2820 3083 2813 3083 2825 3084 1878 3078 2817 3076 2817 3085 2821 3085 2825 3085 2826 3086 2822 3080 2827 3087 1873 1547 2828 3088 1886 1559 2818 3067 2822 3080 2826 3086 1887 1560 1886 1559 2822 3080 1734 3089 2823 3089 1733 3089 2823 3090 2812 3090 2819 3090 2817 3091 2808 3091 2821 3091 1876 3092 1879 3092 1877 3092 1877 3093 1878 3078 2825 3084 2830 3094 2831 3095 2827 3087 1886 1559 2828 3088 2822 3080 1880 1553 1873 1547 1886 1559 1876 3096 1873 1547 1879 1552 1873 1547 2830 3094 2828 3088 2826 3086 2827 3087 2832 3097 2822 3080 2828 3088 2827 3087 2821 3098 2824 3098 2825 3098 1877 3093 2825 3084 2833 3099 2829 3100 2833 3100 2825 3100 1872 3101 1876 3101 1877 3101 1874 1550 1875 1549 2831 3095 2828 3088 2830 3094 2827 3087 1876 3096 1872 1548 1873 1547 2827 3087 2831 3095 2832 3097 2830 3094 1871 1546 1874 1550 2834 3102 2832 3097 2831 3095 2829 3103 2835 3103 2833 3103 2824 3104 2829 3104 2825 3104 1877 3093 2833 3099 1868 1543 1868 3105 1872 3105 1877 3105 2830 3094 1874 1550 2831 3095 1873 1547 1871 1546 2830 3094 2831 3095 1875 1549 2834 3102 1870 1545 1874 1550 1871 1546 2836 3106 2834 3102 1875 1549 1868 1543 2833 3099 1867 1542 2835 3107 1867 3107 2833 3107 1868 3108 2837 3108 1872 3108 1870 1545 1869 1544 1875 1549 1871 1546 2837 3109 2838 3110 1870 1545 2838 3110 1866 1541 2836 3106 1869 1544 1865 1540 1875 1549 1869 1544 2836 3106 1871 1546 2838 3110 1870 1545 1872 1548 2837 3109 1871 1546 1868 3111 1860 3111 2837 3111 1866 1541 1865 1540 1869 1544 1866 1541 2838 3110 1863 1538 2840 3112 1865 1540 1864 1539 1865 1540 2840 3112 2836 3106 1860 1535 1867 1542 1859 1533 2839 3113 1859 3113 1867 3113 2841 3114 2837 3114 1860 3114 2842 3115 1864 1539 1862 1536 2841 3116 2843 3117 2838 3110 2843 3117 1861 1537 1863 1538 2840 3112 1864 1539 2842 3115 1865 1540 1863 1538 1864 1539 2835 3118 2839 3118 1867 3118 2845 3119 2841 3119 1855 3119 2838 3110 2843 3117 1863 1538 2837 3109 2841 3116 2838 3110 1860 3120 1855 3120 2841 3120 2846 3121 1862 1536 1857 1531 2843 3117 1858 1532 1861 1537 2842 3115 1862 1536 2846 3121 1864 1539 1861 1537 1862 1536 2839 3122 2844 3122 1859 3122 1855 1534 1859 1533 1854 3123 2844 3124 1854 3124 1859 3124 2841 3116 2845 3125 2843 3117 2848 3126 1857 1531 1856 1529 2845 3125 1852 1527 2843 3117 1852 1527 1851 1530 1858 1532 2846 3121 1857 1531 2848 3126 1862 1536 1858 1532 1857 1531 2849 3127 2845 3127 1849 3127 2843 3117 1852 1527 1858 1532 1849 3128 2845 3128 1855 3128 2850 3129 1856 1529 2851 3130 1852 1527 1853 1526 1851 1530 2848 3126 1856 1529 2850 3129 1857 1531 1851 1530 1856 1529 2844 3131 2847 3131 1854 3131 1849 3132 1854 3132 1850 3132 2847 3133 1850 3133 1854 3133 1848 1523 2851 3130 1847 1524 2845 3125 2849 3134 1852 1527 1853 1526 2851 3130 1856 1529 2849 3135 1846 3135 1852 3135 1846 1522 1847 1524 1853 1526 2853 3136 2851 3130 1848 1523 2851 3130 2853 3136 2850 3129 2816 3137 2849 3137 1843 3137 1844 1519 1848 1523 1845 1521 1843 3138 2849 3138 1849 3138 1853 1526 1847 1524 2851 3130 1848 1523 2855 3139 2853 3136 1847 1524 1846 1522 1845 1521 2856 3140 2855 3139 1848 1523 2847 3141 2852 3141 1850 3141 1843 3142 1850 3142 1842 3142 2854 3143 1842 3143 1850 3143 1844 1519 1845 1521 1841 1520 2849 3144 2816 3144 1846 3144 1835 3145 1846 3145 2816 3145 1848 1523 1844 1519 2856 3140 1845 1521 1835 1513 1841 1520 2857 3146 2856 3140 1844 1519 2852 3147 2854 3147 1850 3147 1829 3148 1826 3148 1823 3148 1838 3149 1844 1519 1840 1518 2816 3150 1843 3150 1837 3150 1835 1513 1840 1518 1841 1520 2859 3151 2860 3152 1844 1519 1844 1519 2860 3152 2857 3146 2861 3153 2854 3153 2858 3153 1837 3154 1842 3154 1836 3154 1842 3155 2861 3155 1836 3155 1834 1512 1838 3149 1840 1518 2816 3156 2815 3156 1835 3156 1844 1519 1838 3149 2859 3151 1840 1518 1835 1513 1834 1512 2862 3157 2859 3157 1838 3157 1762 3158 1763 3158 1761 3158 2858 3159 2863 3159 2861 3159 2854 3160 2861 3160 1842 3160 2815 3161 1812 3161 1813 3161 1833 3162 1838 3149 1834 1512 2815 3163 1837 3163 1812 3163 1838 3149 1833 3162 1832 1510 1835 3164 1813 3164 1829 3164 1829 1514 1833 3162 1834 1512 1839 3165 2864 3165 1838 3165 1838 3166 2864 3166 2862 3166 2863 3167 2866 3167 2865 3167 2865 3168 2861 3168 2863 3168 1812 3169 1836 3169 1816 3169 1836 3170 2865 3170 1816 3170 1811 3171 1814 3171 2867 3171 1829 1514 1830 1511 1833 3162 2815 3172 1813 3172 1835 3172 2868 3173 1832 3173 1828 3173 1833 3162 1830 1511 1832 1510 2868 3174 2869 3174 1832 3174 1839 3175 1832 3175 2869 3175 2866 3176 2870 3176 2865 3176 2861 3177 2865 3177 1836 3177 1813 3178 2867 3178 1829 3178 1812 3179 1816 3179 1811 3179 2867 3180 1813 3180 1811 3180 1830 1511 2871 3181 1828 1509 2872 3182 2873 3182 1828 3182 1828 3183 2873 3183 2868 3183 2874 3184 1815 3184 1819 3184 1815 3185 1816 3185 2870 3185 2867 3186 1826 3186 1829 3186 1815 3187 1814 3187 1811 3187 1823 3188 2871 3188 1829 3188 2867 3189 1814 3189 1826 3189 1828 1509 1822 3190 1790 3191 1828 3192 2875 3192 2872 3192 1830 3193 1829 3193 2871 3193 2871 3194 1822 3194 1828 3194 1831 3195 2875 3195 1828 3195 2865 3196 2870 3196 1816 3196 1793 3197 1822 3197 2876 3197 1791 3198 1825 3198 1790 3198 1827 3199 1790 3199 2877 3199 2871 3200 1823 3200 1822 3200 1824 3201 2877 3201 1790 3201 1775 3202 1774 3202 1773 3202 1814 3203 1815 3203 2874 3203 2874 3204 1826 3204 1814 3204 1826 3205 2874 3205 2878 3205 2878 3206 1823 3206 1826 3206 1823 3207 2878 3207 2876 3207 2876 3208 1822 3208 1823 3208 1793 3209 1790 3209 1822 3209 1821 3210 2879 3210 1790 3210 1791 3211 1790 3211 2879 3211 1774 3212 1776 3212 1777 3212 2874 3213 1819 3213 1817 3213 2870 3214 1819 3214 1815 3214 1817 3215 2880 3215 2874 3215 2880 3216 2881 3216 2874 3216 2874 3217 2881 3217 2878 3217 2881 3218 2882 3218 2878 3218 2878 3219 2882 3219 2876 3219 2882 3220 2883 3220 2876 3220 2876 3221 2883 3221 1793 3221 1793 3222 2883 3222 1799 3222 1793 3223 2884 3223 1810 3223 2884 3224 1793 3224 1820 3224 2885 3225 2887 3225 2886 3225 2888 3226 2885 3226 2889 3226 2885 3227 2888 3227 2890 3227 2889 3228 2892 3228 2891 3228 2891 3229 2888 3229 2889 3229 2893 3230 2894 3230 2892 3230 2891 3231 2892 3231 2894 3231 2895 3232 2893 3232 2896 3232 2893 3233 2895 3233 2894 3233 2896 3234 2898 3234 2897 3234 2897 3235 2895 3235 2896 3235 2899 3236 2900 3236 2898 3236 2897 3237 2898 3237 2900 3237 2901 3238 2899 3238 2902 3238 2899 3239 2901 3239 2900 3239 2902 3240 2904 3240 2903 3240 2903 3241 2901 3241 2902 3241 2905 3242 2906 3242 2904 3242 2903 3243 2904 3243 2906 3243 2887 3244 2885 3244 2890 3244 2887 3245 2890 3245 2907 3245 2908 3246 2910 3246 2909 3246 2887 3247 2907 3247 2911 3247 2912 3248 2914 3248 2913 3248 2911 3249 2907 3249 2915 3249 2916 3250 2918 3250 2917 3250 2907 3251 2919 3251 2915 3251 2920 3252 2921 3252 2916 3252 2919 3253 2922 3253 2915 3253 2921 3254 2920 3254 2923 3254 2919 3255 2924 3255 2922 3255 2925 3256 2923 3256 2926 3256 2927 3257 2924 3257 2919 3257 2928 3258 2926 3258 2929 3258 2924 3259 2927 3259 2930 3259 2931 3260 2932 3260 2929 3260 2933 3261 2935 3261 2934 3261 2936 3262 2937 3262 2929 3262 2938 3263 2940 3263 2939 3263 2941 3264 2942 3264 2939 3264 2937 3265 2944 3265 2943 3265 2933 3266 2927 3266 2935 3266 2933 3267 2930 3267 2927 3267 2945 3268 2946 3268 2934 3268 2934 3269 2935 3269 2945 3269 2941 3270 2939 3270 2946 3270 2945 3271 2941 3271 2946 3271 2938 3272 2939 3272 2942 3272 2947 3273 2948 3273 2940 3273 2947 3274 2940 3274 2938 3274 2949 3275 2940 3275 2937 3275 2948 3276 2937 3276 2940 3276 2950 3277 2951 3277 2937 3277 2937 3278 2951 3278 2949 3278 2952 3279 2953 3279 2937 3279 2937 3280 2953 3280 2950 3280 2937 3281 2943 3281 2952 3281 2937 3282 2936 3282 2954 3282 2944 3283 2937 3283 2954 3283 2917 3284 2918 3284 2914 3284 2936 3285 2929 3285 2955 3285 2929 3286 2957 3286 2956 3286 2955 3287 2929 3287 2956 3287 2958 3288 2929 3288 2932 3288 2957 3289 2929 3289 2958 3289 2959 3290 2929 3290 2960 3290 2959 3291 2931 3291 2929 3291 2926 3292 2960 3292 2929 3292 2926 3293 2928 3293 2925 3293 2926 3294 2923 3294 2920 3294 2920 3295 2916 3295 2917 3295 2912 3296 2913 3296 2961 3296 2914 3297 2918 3297 2913 3297 2961 3298 2910 3298 2962 3298 2912 3299 2961 3299 2962 3299 2908 3300 2909 3300 2963 3300 2961 3301 2909 3301 2910 3301 2964 3302 2963 3302 2886 3302 2909 3303 2886 3303 2963 3303 2887 3304 2964 3304 2886 3304 2965 3305 2967 3305 2966 3305 2968 3306 2970 3306 2969 3306 2970 3307 2968 3307 2971 3307 2969 3308 2973 3308 2972 3308 2972 3309 2968 3309 2969 3309 2974 3310 2975 3310 2973 3310 2972 3311 2973 3311 2975 3311 2976 3312 2974 3312 2977 3312 2974 3313 2976 3313 2975 3313 2977 3314 2965 3314 2966 3314 2966 3315 2976 3315 2977 3315 2978 3316 2980 3316 2979 3316 2967 3317 2982 3317 2981 3317 2983 3318 2985 3318 2984 3318 2986 3319 2988 3319 2987 3319 2989 3320 2991 3320 2990 3320 2992 3321 2994 3321 2993 3321 2995 3322 2997 3322 2996 3322 2998 3323 3000 3323 2999 3323 3000 3324 3002 3324 3001 3324 2993 3325 3001 3325 3002 3325 3002 3326 3000 3326 2998 3326 2994 3327 3001 3327 2993 3327 2995 3328 2996 3328 2992 3328 2996 3329 2994 3329 2992 3329 2986 3330 2997 3330 2988 3330 2997 3331 2995 3331 2988 3331 2991 3332 2987 3332 2990 3332 2986 3333 2987 3333 2991 3333 2989 3334 2984 3334 2985 3334 2990 3335 2984 3335 2989 3335 2983 3336 2980 3336 2978 3336 2983 3337 2978 3337 2985 3337 2981 3338 2982 3338 2979 3338 2981 3339 2979 3339 2980 3339 2982 3340 2967 3340 2965 3340 3003 3341 3005 3342 3004 3343 3006 3344 3008 3345 3007 3346 3009 3347 3011 3348 3010 3349 3012 3350 3014 3351 3013 3352 3015 3353 3017 3354 3016 3355 3018 3356 3020 3357 3019 3358 3021 3359 3023 3360 3022 3361 3024 3362 3026 3363 3025 3364 3027 3365 3029 3366 3028 3367 3030 3368 3032 3369 3031 3370 3033 3371 3035 3372 3034 3373 3036 3374 3038 3375 3037 3376 3039 3377 3041 3378 3040 3379 3042 3380 3044 3381 3043 3382 3045 3383 3047 3384 3046 3385 3048 3386 3050 3387 3049 3388 3051 3389 3053 3390 3052 3391 3054 3392 3056 3393 3055 3394 3057 3395 3049 3388 3058 3396 3059 3397 3061 3398 3060 3399 3061 3398 3059 3397 3055 3394 3062 3400 3063 3401 3060 3399 3060 3399 3061 3398 3062 3400 3064 3402 3063 3401 3065 3403 3062 3400 3065 3403 3063 3401 3064 3402 3067 3404 3066 3405 3067 3404 3064 3402 3065 3403 3068 3406 3069 3407 3066 3405 3066 3405 3067 3404 3068 3406 3070 3408 3069 3407 3071 3409 3068 3406 3071 3409 3069 3407 3070 3408 3073 3410 3072 3411 3073 3410 3070 3408 3071 3409 3074 3412 3075 3413 3072 3411 3072 3411 3073 3410 3074 3412 3005 3342 3075 3413 3076 3414 3074 3412 3076 3414 3075 3413 3004 3343 3005 3342 3076 3414 3057 3395 3056 3393 3054 3392 3059 3397 3054 3392 3055 3394 3049 3388 3050 3387 3058 3396 3057 3395 3058 3396 3056 3393 3051 3389 3052 3391 3048 3386 3048 3386 3052 3391 3050 3387 3042 3380 3053 3390 3044 3381 3044 3381 3053 3390 3051 3389 3047 3384 3043 3382 3046 3385 3047 3384 3042 3380 3043 3382 3045 3383 3036 3374 3037 3376 3045 3383 3046 3385 3036 3374 3038 3375 3041 3378 3039 3377 3037 3376 3038 3375 3039 3377 3031 3370 3032 3369 3040 3379 3041 3378 3031 3370 3040 3379 3033 3371 3034 3373 3030 3368 3030 3368 3034 3373 3032 3369 3077 3415 3035 3372 3033 3371 3077 3415 3026 3363 3024 3362 3024 3362 3035 3372 3077 3415 3025 3364 3029 3366 3027 3365 3025 3364 3026 3363 3029 3366 3028 3367 3018 3356 3019 3358 3027 3365 3028 3367 3019 3358 3021 3359 3022 3361 3020 3357 3018 3356 3021 3359 3020 3357 3013 3352 3014 3351 3023 3360 3023 3360 3014 3351 3022 3361 3017 3354 3012 3350 3016 3355 3016 3355 3012 3350 3013 3352 3006 3344 3015 3353 3008 3345 3006 3344 3017 3354 3015 3353 3007 3346 3009 3347 3010 3349 3007 3346 3008 3345 3009 3347 3011 3348 3003 3341 3078 3416 3010 3349 3011 3348 3078 3416 3004 3343 3078 3416 3003 3341</p>
        </triangles>
      </mesh>
    </geometry>
  </library_geometries>
  <library_visual_scenes>
    <visual_scene id="Scene" name="Scene">
      <node id="Object_002" name="Object.002" type="NODE">
        <matrix sid="transform">-0.9993399 0.0256862 -0.02568598 -0.3186796 -1.50896e-07 -0.7071066 -0.7071069 -0.02687556 -0.03632561 -0.7066402 0.70664 -0.008141173 0 0 0 1</matrix>
        <instance_geometry url="#ID33_016-mesh" name="Object.002">
          <bind_material>
            <technique_common>
              <instance_material symbol="ID10_002-material" target="#ID10_002-material"/>
            </technique_common>
          </bind_material>
        </instance_geometry>
      </node>
    </visual_scene>
  </library_visual_scenes>
  <scene>
    <instance_visual_scene url="#Scene"/>
  </scene>
</COLLADA>